i,j,k,x_m,y_m,depth_m,Sw,So,permeability_md
1,1,1,5.0,5.0,0.5,0.6279209416570078,0.37207905834299215,333.3333333333333
2,1,1,15.0,5.0,0.5,0.6159916849841367,0.3840083150158633,333.3333333333333
3,1,1,25.0,5.0,0.5,0.6022541931352351,0.3977458068647649,333.3333333333333
4,1,1,35.0,5.0,0.5,0.5879737074518971,0.41202629254810286,333.3333333333333
5,1,1,45.0,5.0,0.5,0.5737491272574279,0.4262508727425721,333.3333333333333
6,1,1,55.0,5.0,0.5,0.5598083534958185,0.4401916465041815,333.3333333333333
7,1,1,65.0,5.0,0.5,0.5461761511398164,0.45382384886018357,333.3333333333333
8,1,1,75.0,5.0,0.5,0.5327591946028346,0.4672408053971654,333.3333333333333
9,1,1,85.0,5.0,0.5,0.5193840238023557,0.4806159761976443,333.3333333333333
10,1,1,95.0,5.0,0.5,0.5058022982758208,0.4941977017241792,333.3333333333333
11,1,1,105.0,5.0,0.5,0.4916695043751632,0.5083304956248368,333.3333333333333
12,1,1,115.0,5.0,0.5,0.47650194647738864,0.5234980535226114,333.3333333333333
13,1,1,125.0,5.0,0.5,0.45959397017819253,0.5404060298218074,333.3333333333333
14,1,1,135.0,5.0,0.5,0.43987297009318915,0.5601270299068108,333.3333333333333
15,1,1,145.0,5.0,0.5,0.41584000203126703,0.584159997968733,333.3333333333333
16,1,1,155.0,5.0,0.5,0.3857136382827256,0.6142863617172745,333.3333333333333
17,1,1,165.0,5.0,0.5,0.3489630167827273,0.6510369832172727,333.3333333333333
18,1,1,175.0,5.0,0.5,0.30884088538621285,0.6911591146137872,333.3333333333333
19,1,1,185.0,5.0,0.5,0.2696900998532972,0.7303099001467028,333.3333333333333
20,1,1,195.0,5.0,0.5,0.23755847009266925,0.7624415299073307,333.3333333333333
21,1,1,205.0,5.0,0.5,0.21646229485461668,0.7835377051453833,333.3333333333333
22,1,1,215.0,5.0,0.5,0.2056145082954802,0.7943854917045198,333.3333333333333
23,1,1,225.0,5.0,0.5,0.2014196456045555,0.7985803543954445,333.3333333333333
24,1,1,235.0,5.0,0.5,0.2002935465146287,0.7997064534853713,333.3333333333333
25,1,1,245.0,5.0,0.5,0.2000748954829177,0.7999251045170823,333.3333333333333
26,1,1,255.0,5.0,0.5,0.20003346152963336,0.7999665384703667,333.3333333333333
27,1,1,265.0,5.0,0.5,0.2000254955220375,0.7999745044779625,333.3333333333333
28,1,1,275.0,5.0,0.5,0.200024625591629,0.799975374408371,333.3333333333333
29,1,1,285.0,5.0,0.5,0.20002481716617226,0.7999751828338277,333.3333333333333
30,1,1,295.0,5.0,0.5,0.20002521334623796,0.7999747866537621,333.3333333333333
31,1,1,305.0,5.0,0.5,0.20002563976045692,0.799974360239543,333.3333333333333
32,1,1,315.0,5.0,0.5,0.20002607479798987,0.7999739252020102,333.3333333333333
33,1,1,325.0,5.0,0.5,0.2000265168409904,0.7999734831590096,333.3333333333333
34,1,1,335.0,5.0,0.5,0.200026964800256,0.799973035199744,333.3333333333333
35,1,1,345.0,5.0,0.5,0.20002741758539486,0.7999725824146051,333.3333333333333
36,1,1,355.0,5.0,0.5,0.2000278751453148,0.7999721248546852,333.3333333333333
37,1,1,365.0,5.0,0.5,0.20002833833931385,0.7999716616606861,333.3333333333333
38,1,1,375.0,5.0,0.5,0.20002880756247832,0.7999711924375217,333.3333333333333
39,1,1,385.0,5.0,0.5,0.2000292823086413,0.7999707176913586,333.3333333333333
40,1,1,395.0,5.0,0.5,0.20002976222586868,0.7999702377741313,333.3333333333333
41,1,1,405.0,5.0,0.5,0.20003024784777004,0.79996975215223,333.3333333333333
42,1,1,415.0,5.0,0.5,0.20003073961997297,0.799969260380027,333.3333333333333
43,1,1,425.0,5.0,0.5,0.20003123688069488,0.7999687631193051,333.3333333333333
44,1,1,435.0,5.0,0.5,0.20003173835273969,0.7999682616472603,333.3333333333333
45,1,1,445.0,5.0,0.5,0.2000322421926486,0.7999677578073514,333.3333333333333
46,1,1,455.0,5.0,0.5,0.20003274357532172,0.7999672564246783,333.3333333333333
47,1,1,465.0,5.0,0.5,0.20003323227221684,0.7999667677277832,333.3333333333333
48,1,1,475.0,5.0,0.5,0.20003368870571947,0.7999663112942805,333.3333333333333
49,1,1,485.0,5.0,0.5,0.2000340755605805,0.7999659244394195,333.3333333333333
50,1,1,495.0,5.0,0.5,0.20003432855053224,0.7999656714494677,333.3333333333333
1,2,1,5.0,15.0,0.5,0.698189336948488,0.30181066305151205,333.3333333333333
2,2,1,15.0,15.0,0.5,0.6832588332547438,0.3167411667452562,333.3333333333333
3,2,1,25.0,15.0,0.5,0.6667136368293424,0.33328636317065763,333.3333333333333
4,2,1,35.0,15.0,0.5,0.6501430919034801,0.3498569080965199,333.3333333333333
5,2,1,45.0,15.0,0.5,0.634255232133021,0.36574476786697896,333.3333333333333
6,2,1,55.0,15.0,0.5,0.6192847628930046,0.3807152371069954,333.3333333333333
7,2,1,65.0,15.0,0.5,0.6052379182687778,0.3947620817312222,333.3333333333333
8,2,1,75.0,15.0,0.5,0.5920211076361224,0.40797889236387763,333.3333333333333
9,2,1,85.0,15.0,0.5,0.579501695030633,0.420498304969367,333.3333333333333
10,2,1,95.0,15.0,0.5,0.567538599050623,0.432461400949377,333.3333333333333
11,2,1,105.0,15.0,0.5,0.5559871520384136,0.44401284796158635,333.3333333333333
12,2,1,115.0,15.0,0.5,0.5446981301559102,0.4553018698440898,333.3333333333333
13,2,1,125.0,15.0,0.5,0.5335091478330085,0.4664908521669915,333.3333333333333
14,2,1,135.0,15.0,0.5,0.5222558662389638,0.4777441337610362,333.3333333333333
15,2,1,145.0,15.0,0.5,0.510697257343752,0.48930274265624796,333.3333333333333
16,2,1,155.0,15.0,0.5,0.4985148702304353,0.5014851297695647,333.3333333333333
17,2,1,165.0,15.0,0.5,0.48525688804193556,0.5147431119580644,333.3333333333333
18,2,1,175.0,15.0,0.5,0.47024077355118743,0.5297592264488126,333.3333333333333
19,2,1,185.0,15.0,0.5,0.4524404839559661,0.5475595160440339,333.3333333333333
20,2,1,195.0,15.0,0.5,0.4303478205785908,0.5696521794214092,333.3333333333333
21,2,1,205.0,15.0,0.5,0.40197559006362216,0.5980244099363778,333.3333333333333
22,2,1,215.0,15.0,0.5,0.36579465832037755,0.6342053416796225,333.3333333333333
23,2,1,225.0,15.0,0.5,0.3239635497016694,0.6760364502983306,333.3333333333333
24,2,1,235.0,15.0,0.5,0.2814129890448738,0.7185870109551262,333.3333333333333
25,2,1,245.0,15.0,0.5,0.24549332031336102,0.754506679686639,333.3333333333333
26,2,1,255.0,15.0,0.5,0.22160920773619958,0.7783907922638005,333.3333333333333
27,2,1,265.0,15.0,0.5,0.20862773521233272,0.7913722647876673,333.3333333333333
28,2,1,275.0,15.0,0.5,0.2025525579644414,0.7974474420355586,333.3333333333333
29,2,1,285.0,15.0,0.5,0.20045463651322185,0.7995453634867782,333.3333333333333
30,2,1,295.0,15.0,0.5,0.20006878051738944,0.7999312194826106,333.3333333333333
31,2,1,305.0,15.0,0.5,0.20003460176805157,0.7999653982319485,333.3333333333333
32,2,1,315.0,15.0,0.5,0.20002797825235363,0.7999720217476464,333.3333333333333
33,2,1,325.0,15.0,0.5,0.2000268122630609,0.7999731877369392,333.3333333333333
34,2,1,335.0,15.0,0.5,0.20002699498346668,0.7999730050165333,333.3333333333333
35,2,1,345.0,15.0,0.5,0.20002741932707108,0.799972580672929,333.3333333333333
36,2,1,355.0,15.0,0.5,0.20002787422705562,0.7999721257729444,333.3333333333333
37,2,1,365.0,15.0,0.5,0.20002833664949468,0.7999716633505053,333.3333333333333
38,2,1,375.0,15.0,0.5,0.20002880561080677,0.7999711943891932,333.3333333333333
39,2,1,385.0,15.0,0.5,0.20002928034390788,0.7999707196560921,333.3333333333333
40,2,1,395.0,15.0,0.5,0.20002976030141845,0.7999702396985815,333.3333333333333
41,2,1,405.0,15.0,0.5,0.20003024591781066,0.7999697540821893,333.3333333333333
42,2,1,415.0,15.0,0.5,0.2000307379283662,0.7999692620716338,333.3333333333333
43,2,1,425.0,15.0,0.5,0.20003123608496926,0.7999687639150308,333.3333333333333
44,2,1,435.0,15.0,0.5,0.20003173963028797,0.799968260369712,333.3333333333333
45,2,1,445.0,15.0,0.5,0.20003224782074663,0.7999677521792534,333.3333333333333
46,2,1,455.0,15.0,0.5,0.2000327579520059,0.7999672420479941,333.3333333333333
47,2,1,465.0,15.0,0.5,0.20003326291246554,0.7999667370875345,333.3333333333333
48,2,1,475.0,15.0,0.5,0.20003374730306647,0.7999662526969336,333.3333333333333
49,2,1,485.0,15.0,0.5,0.20003417656873448,0.7999658234312655,333.3333333333333
50,2,1,495.0,15.0,0.5,0.2000344790087915,0.7999655209912084,333.3333333333333
1,3,1,5.0,25.0,0.5,0.7401321922981655,0.2598678077018345,333.3333333333333
2,3,1,15.0,25.0,0.5,0.7228510620737664,0.27714893792623363,333.3333333333333
3,3,1,25.0,25.0,0.5,0.7038832329191588,0.2961167670808412,333.3333333333333
4,3,1,35.0,25.0,0.5,0.6851013557893164,0.3148986442106836,333.3333333333333
5,3,1,45.0,25.0,0.5,0.6673787234611875,0.33262127653881246,333.3333333333333
6,3,1,55.0,25.0,0.5,0.6509734938509848,0.3490265061490152,333.3333333333333
7,3,1,65.0,25.0,0.5,0.6358471647913658,0.3641528352086342,333.3333333333333
8,3,1,75.0,25.0,0.5,0.621846711061195,0.37815328893880495,333.3333333333333
9,3,1,85.0,25.0,0.5,0.608809583311192,0.39119041668880805,333.3333333333333
10,3,1,95.0,25.0,0.5,0.5965470688527784,0.4034529311472216,333.3333333333333
11,3,1,105.0,25.0,0.5,0.5848909504131602,0.4151090495868398,333.3333333333333
12,3,1,115.0,25.0,0.5,0.573693825037644,0.426306174962356,333.3333333333333
13,3,1,125.0,25.0,0.5,0.5628216342165564,0.4371783657834436,333.3333333333333
14,3,1,135.0,25.0,0.5,0.5521476875131698,0.4478523124868302,333.3333333333333
15,3,1,145.0,25.0,0.5,0.5415343173854492,0.4584656826145508,333.3333333333333
16,3,1,155.0,25.0,0.5,0.5308146721403383,0.4691853278596617,333.3333333333333
17,3,1,165.0,25.0,0.5,0.5197885197601535,0.4802114802398465,333.3333333333333
18,3,1,175.0,25.0,0.5,0.5081998646065694,0.4918001353934306,333.3333333333333
19,3,1,185.0,25.0,0.5,0.49570479528587286,0.5042952047141271,333.3333333333333
20,3,1,195.0,25.0,0.5,0.4818180259305399,0.5181819740694601,333.3333333333333
21,3,1,205.0,25.0,0.5,0.4658169455707694,0.5341830544292305,333.3333333333333
22,3,1,215.0,25.0,0.5,0.44658284064911646,0.5534171593508835,333.3333333333333
23,3,1,225.0,25.0,0.5,0.4224099950428213,0.5775900049571787,333.3333333333333
24,3,1,235.0,25.0,0.5,0.3911456951036218,0.6088543048963782,333.3333333333333
25,3,1,245.0,25.0,0.5,0.3521107564565458,0.6478892435434542,333.3333333333333
26,3,1,255.0,25.0,0.5,0.30907501656416936,0.6909249834358306,333.3333333333333
27,3,1,265.0,25.0,0.5,0.2682599264387205,0.7317400735612796,333.3333333333333
28,3,1,275.0,25.0,0.5,0.23721395124200154,0.7627860487579985,333.3333333333333
29,3,1,285.0,25.0,0.5,0.21789961789772608,0.782100382102274,333.3333333333333
30,3,1,295.0,25.0,0.5,0.20716334409205336,0.7928366559079466,333.3333333333333
31,3,1,305.0,25.0,0.5,0.20199629319315232,0.7980037068068477,333.3333333333333
32,3,1,315.0,25.0,0.5,0.2003302041211736,0.7996697958788264,333.3333333333333
33,3,1,325.0,25.0,0.5,0.20006333007068297,0.799936669929317,333.3333333333333
34,3,1,335.0,25.0,0.5,0.20003593228932467,0.7999640677106753,333.3333333333333
35,3,1,345.0,25.0,0.5,0.20002909960605045,0.7999709003939496,333.3333333333333
36,3,1,355.0,25.0,0.5,0.20002811618550304,0.7999718838144969,333.3333333333333
37,3,1,365.0,25.0,0.5,0.20002835705142333,0.7999716429485767,333.3333333333333
38,3,1,375.0,25.0,0.5,0.20002880540266776,0.7999711945973322,333.3333333333333
39,3,1,385.0,25.0,0.5,0.2000292773964517,0.7999707226035483,333.3333333333333
40,3,1,395.0,25.0,0.5,0.20002975654053887,0.7999702434594611,333.3333333333333
41,3,1,405.0,25.0,0.5,0.20003024225780183,0.7999697577421981,333.3333333333333
42,3,1,415.0,25.0,0.5,0.20003073468326513,0.7999692653167348,333.3333333333333
43,3,1,425.0,25.0,0.5,0.20003123378983567,0.7999687662101643,333.3333333333333
44,3,1,435.0,25.0,0.5,0.2000317403293037,0.7999682596706963,333.3333333333333
45,3,1,445.0,25.0,0.5,0.2000322554982906,0.7999677445017094,333.3333333333333
46,3,1,455.0,25.0,0.5,0.2000327798706426,0.7999672201293574,333.3333333333333
47,3,1,465.0,25.0,0.5,0.20003331251501705,0.7999666874849829,333.3333333333333
48,3,1,475.0,25.0,0.5,0.20003384644216268,0.7999661535578373,333.3333333333333
49,3,1,485.0,25.0,0.5,0.20003435506580913,0.7999656449341909,333.3333333333333
50,3,1,495.0,25.0,0.5,0.20003476338958753,0.7999652366104124,333.3333333333333
1,4,1,5.0,35.0,0.5,0.7694624886373492,0.23053751136265077,333.3333333333333
2,4,1,15.0,35.0,0.5,0.7512362382956187,0.2487637617043813,333.3333333333333
3,4,1,25.0,35.0,0.5,0.73053829685527,0.26946170314472995,333.3333333333333
4,4,1,35.0,35.0,0.5,0.7098497315591837,0.29015026844081626,333.3333333333333
5,4,1,45.0,35.0,0.5,0.6904323429161324,0.3095676570838676,333.3333333333333
6,4,1,55.0,35.0,0.5,0.6727985909328192,0.32720140906718076,333.3333333333333
7,4,1,65.0,35.0,0.5,0.6567619199601056,0.3432380800398944,333.3333333333333
8,4,1,75.0,35.0,0.5,0.6420640923876276,0.3579359076123724,333.3333333333333
9,4,1,85.0,35.0,0.5,0.6284478272382229,0.3715521727617771,333.3333333333333
10,4,1,95.0,35.0,0.5,0.6157212417022387,0.38427875829776126,333.3333333333333
11,4,1,105.0,35.0,0.5,0.6037224001782496,0.39627759982175037,333.3333333333333
12,4,1,115.0,35.0,0.5,0.5922979724470053,0.4077020275529947,333.3333333333333
13,4,1,125.0,35.0,0.5,0.5813127497128263,0.4186872502871737,333.3333333333333
14,4,1,135.0,35.0,0.5,0.5706354947581824,0.4293645052418176,333.3333333333333
15,4,1,145.0,35.0,0.5,0.5601414062365249,0.43985859376347514,333.3333333333333
16,4,1,155.0,35.0,0.5,0.5497117390788676,0.4502882609211324,333.3333333333333
17,4,1,165.0,35.0,0.5,0.5392140250352563,0.4607859749647437,333.3333333333333
18,4,1,175.0,35.0,0.5,0.528492798439746,0.47150720156025405,333.3333333333333
19,4,1,185.0,35.0,0.5,0.517355055518369,0.482644944481631,333.3333333333333
20,4,1,195.0,35.0,0.5,0.5055441361108324,0.4944558638891676,333.3333333333333
21,4,1,205.0,35.0,0.5,0.4926926089579739,0.507307391042026,333.3333333333333
22,4,1,215.0,35.0,0.5,0.47826115718905704,0.521738842810943,333.3333333333333
23,4,1,225.0,35.0,0.5,0.4614295617070774,0.5385704382929226,333.3333333333333
24,4,1,235.0,35.0,0.5,0.4409416209777301,0.5590583790222698,333.3333333333333
25,4,1,245.0,35.0,0.5,0.41498425027055186,0.5850157497294481,333.3333333333333
26,4,1,255.0,35.0,0.5,0.381627742577871,0.618372257422129,333.3333333333333
27,4,1,265.0,35.0,0.5,0.34157223132751907,0.6584277686724809,333.3333333333333
28,4,1,275.0,35.0,0.5,0.29922505102094094,0.7007749489790591,333.3333333333333
29,4,1,285.0,35.0,0.5,0.2608366849585274,0.7391633150414726,333.3333333333333
30,4,1,295.0,35.0,0.5,0.23265349308668298,0.767346506913317,333.3333333333333
31,4,1,305.0,35.0,0.5,0.21538936223799984,0.7846106377620001,333.3333333333333
32,4,1,315.0,35.0,0.5,0.20591935601614322,0.7940806439838568,333.3333333333333
33,4,1,325.0,35.0,0.5,0.20157673942982401,0.798423260570176,333.3333333333333
34,4,1,335.0,35.0,0.5,0.20027269550247567,0.7997273044975244,333.3333333333333
35,4,1,345.0,35.0,0.5,0.20006462884713758,0.7999353711528624,333.3333333333333
36,4,1,355.0,35.0,0.5,0.20003605300797692,0.7999639469920231,333.3333333333333
37,4,1,365.0,35.0,0.5,0.20002957372975894,0.7999704262702411,333.3333333333333
38,4,1,375.0,35.0,0.5,0.20002897139686449,0.7999710286031355,333.3333333333333
39,4,1,385.0,35.0,0.5,0.20002928921655083,0.7999707107834492,333.3333333333333
40,4,1,395.0,35.0,0.5,0.2000297545955137,0.7999702454044864,333.3333333333333
41,4,1,405.0,35.0,0.5,0.20003023786794977,0.7999697621320503,333.3333333333333
42,4,1,415.0,35.0,0.5,0.200030729297146,0.7999692707028541,333.3333333333333
43,4,1,425.0,35.0,0.5,0.20003122896627556,0.7999687710337244,333.3333333333333
44,4,1,435.0,35.0,0.5,0.20003173785722397,0.799968262142776,333.3333333333333
45,4,1,445.0,35.0,0.5,0.2000322586445232,0.7999677413554768,333.3333333333333
46,4,1,455.0,35.0,0.5,0.2000327968360227,0.7999672031639773,333.3333333333333
47,4,1,465.0,35.0,0.5,0.20003335984938697,0.799966640150613,333.3333333333333
48,4,1,475.0,35.0,0.5,0.2000339542014582,0.7999660457985418,333.3333333333333
49,4,1,485.0,35.0,0.5,0.2000345684464805,0.7999654315535195,333.3333333333333
50,4,1,495.0,35.0,0.5,0.2000351304842831,0.7999648695157169,333.3333333333333
1,5,1,5.0,45.0,0.5,0.7902678045414945,0.20973219545850552,333.3333333333333
2,5,1,15.0,45.0,0.5,0.7741993986329574,0.2258006013670426,333.3333333333333
3,5,1,25.0,45.0,0.5,0.753053170169385,0.246946829830615,333.3333333333333
4,5,1,35.0,45.0,0.5,0.731206927865283,0.26879307213471704,333.3333333333333
5,5,1,45.0,45.0,0.5,0.7107638052197609,0.2892361947802391,333.3333333333333
6,5,1,55.0,45.0,0.5,0.6920301830672454,0.3079698169327546,333.3333333333333
7,5,1,65.0,45.0,0.5,0.6750339158193701,0.3249660841806299,333.3333333333333
8,5,1,75.0,45.0,0.5,0.6595745368080996,0.34042546319190037,333.3333333333333
9,5,1,85.0,45.0,0.5,0.6453955136701192,0.35460448632988084,333.3333333333333
10,5,1,95.0,45.0,0.5,0.6322660317089829,0.3677339682910171,333.3333333333333
11,5,1,105.0,45.0,0.5,0.6199849670661312,0.38001503293386885,333.3333333333333
12,5,1,115.0,45.0,0.5,0.6083887566955475,0.3916112433044525,333.3333333333333
13,5,1,125.0,45.0,0.5,0.5973337607389784,0.40266623926102163,333.3333333333333
14,5,1,135.0,45.0,0.5,0.5866993629119652,0.4133006370880348,333.3333333333333
15,5,1,145.0,45.0,0.5,0.5763735463465256,0.4236264536534744,333.3333333333333
16,5,1,155.0,45.0,0.5,0.5662490288326605,0.4337509711673395,333.3333333333333
17,5,1,165.0,45.0,0.5,0.556216973083252,0.443783026916748,333.3333333333333
18,5,1,175.0,45.0,0.5,0.5461594762812695,0.4538405237187305,333.3333333333333
19,5,1,185.0,45.0,0.5,0.5359407641027453,0.46405923589725473,333.3333333333333
20,5,1,195.0,45.0,0.5,0.5253977398636662,0.4746022601363338,333.3333333333333
21,5,1,205.0,45.0,0.5,0.514328992801822,0.485671007198178,333.3333333333333
22,5,1,215.0,45.0,0.5,0.5024604477926402,0.4975395522073598,333.3333333333333
23,5,1,225.0,45.0,0.5,0.48940299092077727,0.5105970090792227,333.3333333333333
24,5,1,235.0,45.0,0.5,0.474583510357607,0.525416489642393,333.3333333333333
25,5,1,245.0,45.0,0.5,0.45713892498885383,0.5428610750111462,333.3333333333333
26,5,1,255.0,45.0,0.5,0.43578549377896597,0.564214506221034,333.3333333333333
27,5,1,265.0,45.0,0.5,0.40880922344809734,0.5911907765519027,333.3333333333333
28,5,1,275.0,45.0,0.5,0.3749147670537816,0.6250852329462184,333.3333333333333
29,5,1,285.0,45.0,0.5,0.33558533178483413,0.6644146682151659,333.3333333333333
30,5,1,295.0,45.0,0.5,0.2937394408103209,0.7062605591896791,333.3333333333333
31,5,1,305.0,45.0,0.5,0.25592422841762746,0.7440757715823725,333.3333333333333
32,5,1,315.0,45.0,0.5,0.22870631385468787,0.7712936861453121,333.3333333333333
33,5,1,325.0,45.0,0.5,0.21268508565453162,0.7873149143454684,333.3333333333333
34,5,1,335.0,45.0,0.5,0.20447294385570958,0.7955270561442904,333.3333333333333
35,5,1,345.0,45.0,0.5,0.20105536958349338,0.7989446304165067,333.3333333333333
36,5,1,355.0,45.0,0.5,0.20016937448884395,0.799830625511156,333.3333333333333
37,5,1,365.0,45.0,0.5,0.20004911404168738,0.7999508859583127,333.3333333333333
38,5,1,375.0,45.0,0.5,0.20003225877961528,0.7999677412203847,333.3333333333333
39,5,1,385.0,45.0,0.5,0.20002970539500495,0.799970294604995,333.3333333333333
40,5,1,395.0,45.0,0.5,0.20002979176983107,0.799970208230169,333.3333333333333
41,5,1,405.0,45.0,0.5,0.2000302362768567,0.7999697637231433,333.3333333333333
42,5,1,415.0,45.0,0.5,0.20003072315413906,0.7999692768458609,333.3333333333333
43,5,1,425.0,45.0,0.5,0.2000312206876559,0.7999687793123441,333.3333333333333
44,5,1,435.0,45.0,0.5,0.20003172862362134,0.7999682713763787,333.3333333333333
45,5,1,445.0,45.0,0.5,0.2000322496093214,0.7999677503906786,333.3333333333333
46,5,1,455.0,45.0,0.5,0.20003279101963747,0.7999672089803626,333.3333333333333
47,5,1,465.0,45.0,0.5,0.20003336678927958,0.7999666332107205,333.3333333333333
48,5,1,475.0,45.0,0.5,0.20003399543420614,0.7999660045657939,333.3333333333333
49,5,1,485.0,45.0,0.5,0.20003466191681873,0.7999653380831813,333.3333333333333
50,5,1,495.0,45.0,0.5,0.20003522594476567,0.7999647740552344,333.3333333333333
1,6,1,5.0,55.0,0.5,0.7707363022328821,0.22926369776711786,333.3333333333333
2,6,1,15.0,55.0,0.5,0.7534402396877056,0.24655976031229443,333.3333333333333
3,6,1,25.0,55.0,0.5,0.7337027719954574,0.2662972280045426,333.3333333333333
4,6,1,35.0,55.0,0.5,0.7138211812996976,0.2861788187003024,333.3333333333333
5,6,1,45.0,55.0,0.5,0.6950067974802749,0.30499320251972506,333.3333333333333
6,6,1,55.0,55.0,0.5,0.6776429521619425,0.3223570478380575,333.3333333333333
7,6,1,65.0,55.0,0.5,0.6617098797851024,0.33829012021489757,333.3333333333333
8,6,1,75.0,55.0,0.5,0.6470462392238078,0.3529537607761922,333.3333333333333
9,6,1,85.0,55.0,0.5,0.6334535106693476,0.36654648933065237,333.3333333333333
10,6,1,95.0,55.0,0.5,0.620743890880149,0.37925610911985097,333.3333333333333
11,6,1,105.0,55.0,0.5,0.6087547218836769,0.39124527811632315,333.3333333333333
12,6,1,115.0,55.0,0.5,0.5973370705806862,0.4026629294193138,333.3333333333333
13,6,1,125.0,55.0,0.5,0.5863639669351269,0.41363603306487307,333.3333333333333
14,6,1,135.0,55.0,0.5,0.5757162041092067,0.42428379589079335,333.3333333333333
15,6,1,145.0,55.0,0.5,0.5652795690255445,0.43472043097445545,333.3333333333333
16,6,1,155.0,55.0,0.5,0.5549381890450279,0.4450618109549721,333.3333333333333
17,6,1,165.0,55.0,0.5,0.5445678814012955,0.45543211859870447,333.3333333333333
18,6,1,175.0,55.0,0.5,0.534024893505758,0.465975106494242,333.3333333333333
19,6,1,185.0,55.0,0.5,0.523132975048881,0.476867024951119,333.3333333333333
20,6,1,195.0,55.0,0.5,0.5116616414476339,0.48833835855236607,333.3333333333333
21,6,1,205.0,55.0,0.5,0.4992935726011312,0.5007064273988688,333.3333333333333
22,6,1,215.0,55.0,0.5,0.48557230275078406,0.5144276972492159,333.3333333333333
23,6,1,225.0,55.0,0.5,0.46981774202049104,0.530182257979509,333.3333333333333
24,6,1,235.0,55.0,0.5,0.45099319576018837,0.5490068042398116,333.3333333333333
25,6,1,245.0,55.0,0.5,0.4275507032259445,0.5724492967740555,333.3333333333333
26,6,1,255.0,55.0,0.5,0.397508750782906,0.602491249217094,333.3333333333333
27,6,1,265.0,55.0,0.5,0.3599609195086206,0.6400390804913794,333.3333333333333
28,6,1,275.0,55.0,0.5,0.3184005402047834,0.6815994597952166,333.3333333333333
29,6,1,285.0,55.0,0.5,0.27780353907220307,0.7221964609277969,333.3333333333333
30,6,1,295.0,55.0,0.5,0.24473311102161088,0.7552668889783891,333.3333333333333
31,6,1,305.0,55.0,0.5,0.22257622007568184,0.7774237799243182,333.3333333333333
32,6,1,315.0,55.0,0.5,0.2096704822646078,0.7903295177353922,333.3333333333333
33,6,1,325.0,55.0,0.5,0.20312143114235656,0.7968785688576434,333.3333333333333
34,6,1,335.0,55.0,0.5,0.2006605731949844,0.7993394268050156,333.3333333333333
35,6,1,345.0,55.0,0.5,0.2001182081286867,0.7998817918713133,333.3333333333333
36,6,1,355.0,55.0,0.5,0.20004544059332324,0.7999545594066768,333.3333333333333
37,6,1,365.0,55.0,0.5,0.2000314035908053,0.7999685964091947,333.3333333333333
38,6,1,375.0,55.0,0.5,0.20002920229401,0.79997079770599,333.3333333333333
39,6,1,385.0,55.0,0.5,0.20002930991075885,0.7999706900892412,333.3333333333333
40,6,1,395.0,55.0,0.5,0.200029748869094,0.799970251130906,333.3333333333333
41,6,1,405.0,55.0,0.5,0.20003022744648083,0.7999697725535192,333.3333333333333
42,6,1,415.0,55.0,0.5,0.20003071468918193,0.799969285310818,333.3333333333333
43,6,1,425.0,55.0,0.5,0.20003120939766753,0.7999687906023325,333.3333333333333
44,6,1,435.0,55.0,0.5,0.20003171211900203,0.7999682878809979,333.3333333333333
45,6,1,445.0,55.0,0.5,0.20003222489670472,0.7999677751032953,333.3333333333333
46,6,1,455.0,55.0,0.5,0.2000327527533497,0.7999672472466504,333.3333333333333
47,6,1,465.0,55.0,0.5,0.20003330206593775,0.7999666979340623,333.3333333333333
48,6,1,475.0,55.0,0.5,0.20003387683975576,0.7999661231602442,333.3333333333333
49,6,1,485.0,55.0,0.5,0.20003446167976732,0.7999655383202326,333.3333333333333
50,6,1,495.0,55.0,0.5,0.20003498377270196,0.799965016227298,333.3333333333333
1,7,1,5.0,65.0,0.5,0.7443082645031937,0.25569173549680635,333.3333333333333
2,7,1,15.0,65.0,0.5,0.7280914588239381,0.2719085411760619,333.3333333333333
3,7,1,25.0,65.0,0.5,0.7100796983743968,0.2899203016256032,333.3333333333333
4,7,1,35.0,65.0,0.5,0.6920137991274028,0.3079862008725972,333.3333333333333
5,7,1,45.0,65.0,0.5,0.6747760290394632,0.3252239709605368,333.3333333333333
6,7,1,55.0,65.0,0.5,0.6586854383594735,0.34131456164052654,333.3333333333333
7,7,1,65.0,65.0,0.5,0.643759387370865,0.356240612629135,333.3333333333333
8,7,1,75.0,65.0,0.5,0.6298891440720663,0.3701108559279337,333.3333333333333
9,7,1,85.0,65.0,0.5,0.6169248818497902,0.3830751181502098,333.3333333333333
10,7,1,95.0,65.0,0.5,0.6047111164750792,0.39528888352492075,333.3333333333333
11,7,1,105.0,65.0,0.5,0.5931037655088361,0.40689623449116386,333.3333333333333
12,7,1,115.0,65.0,0.5,0.5819679738483962,0.41803202615160384,333.3333333333333
13,7,1,125.0,65.0,0.5,0.5711784608196803,0.42882153918031973,333.3333333333333
14,7,1,135.0,65.0,0.5,0.560611686838224,0.43938831316177596,333.3333333333333
15,7,1,145.0,65.0,0.5,0.5501408741689532,0.4498591258310468,333.3333333333333
16,7,1,155.0,65.0,0.5,0.5396286061457933,0.46037139385420667,333.3333333333333
17,7,1,165.0,65.0,0.5,0.5289157474866898,0.4710842525133102,333.3333333333333
18,7,1,175.0,65.0,0.5,0.5178061624481418,0.4821938375518582,333.3333333333333
19,7,1,185.0,65.0,0.5,0.5060408894311103,0.49395911056888975,333.3333333333333
20,7,1,195.0,65.0,0.5,0.49325619862978204,0.5067438013702179,333.3333333333333
21,7,1,205.0,65.0,0.5,0.47891703551803283,0.5210829644819672,333.3333333333333
22,7,1,215.0,65.0,0.5,0.462211631722381,0.537788368277619,333.3333333333333
23,7,1,225.0,65.0,0.5,0.441898408574065,0.5581015914259351,333.3333333333333
24,7,1,235.0,65.0,0.5,0.4161686625656476,0.5838313374343524,333.3333333333333
25,7,1,245.0,65.0,0.5,0.3830380372757751,0.6169619627242249,333.3333333333333
26,7,1,255.0,65.0,0.5,0.3429760411956642,0.6570239588043358,333.3333333333333
27,7,1,265.0,65.0,0.5,0.3004767101336991,0.6995232898663009,333.3333333333333
28,7,1,275.0,65.0,0.5,0.2618597097166749,0.7381402902833252,333.3333333333333
29,7,1,285.0,65.0,0.5,0.23338703503357883,0.7666129649664212,333.3333333333333
30,7,1,295.0,65.0,0.5,0.21579351488915235,0.7842064851108477,333.3333333333333
31,7,1,305.0,65.0,0.5,0.20609632167426162,0.7939036783257384,333.3333333333333
32,7,1,315.0,65.0,0.5,0.2016230490677514,0.7983769509322486,333.3333333333333
33,7,1,325.0,65.0,0.5,0.2002732911685611,0.7997267088314389,333.3333333333333
34,7,1,335.0,65.0,0.5,0.2000627226686747,0.7999372773313254,333.3333333333333
35,7,1,345.0,65.0,0.5,0.20003563575785793,0.7999643642421421,333.3333333333333
36,7,1,355.0,65.0,0.5,0.20002917524403244,0.7999708247559676,333.3333333333333
37,7,1,365.0,65.0,0.5,0.20002850717127896,0.799971492828721,333.3333333333333
38,7,1,375.0,65.0,0.5,0.20002881085720484,0.7999711891427952,333.3333333333333
39,7,1,385.0,65.0,0.5,0.20002926805713,0.7999707319428699,333.3333333333333
40,7,1,395.0,65.0,0.5,0.20002974192540962,0.7999702580745904,333.3333333333333
41,7,1,405.0,65.0,0.5,0.2000302217732977,0.7999697782267023,333.3333333333333
42,7,1,415.0,65.0,0.5,0.2000307067338942,0.7999692932661058,333.3333333333333
43,7,1,425.0,65.0,0.5,0.20003119644663434,0.7999688035533656,333.3333333333333
44,7,1,435.0,65.0,0.5,0.20003169083682404,0.799968309163176,333.3333333333333
45,7,1,445.0,65.0,0.5,0.200032190506718,0.7999678094932821,333.3333333333333
46,7,1,455.0,65.0,0.5,0.2000326956054411,0.7999673043945589,333.3333333333333
47,7,1,465.0,65.0,0.5,0.20003320423722445,0.7999667957627755,333.3333333333333
48,7,1,475.0,65.0,0.5,0.20003370825482142,0.7999662917451786,333.3333333333333
49,7,1,485.0,65.0,0.5,0.2000341807540597,0.7999658192459402,333.3333333333333
50,7,1,495.0,65.0,0.5,0.2000345521032962,0.7999654478967038,333.3333333333333
1,8,1,5.0,75.0,0.5,0.7094030338833621,0.2905969661166379,333.3333333333333
2,8,1,15.0,75.0,0.5,0.6953471944129433,0.30465280558705665,333.3333333333333
3,8,1,25.0,75.0,0.5,0.6795377358193545,0.3204622641806455,333.3333333333333
4,8,1,35.0,75.0,0.5,0.6634946065085934,0.3365053934914066,333.3333333333333
5,8,1,45.0,75.0,0.5,0.6479734310043018,0.3520265689956982,333.3333333333333
6,8,1,55.0,75.0,0.5,0.6332729427590525,0.36672705724094745,333.3333333333333
7,8,1,65.0,75.0,0.5,0.6194479521468992,0.3805520478531008,333.3333333333333
8,8,1,75.0,75.0,0.5,0.6064380605021231,0.3935619394978769,333.3333333333333
9,8,1,85.0,75.0,0.5,0.5941354731086769,0.40586452689132313,333.3333333333333
10,8,1,95.0,75.0,0.5,0.5824149241706826,0.41758507582931736,333.3333333333333
11,8,1,105.0,75.0,0.5,0.571149827116293,0.42885017288370697,333.3333333333333
12,8,1,115.0,75.0,0.5,0.5602112053560186,0.43978879464398135,333.3333333333333
13,8,1,125.0,75.0,0.5,0.5494642068330304,0.45053579316696957,333.3333333333333
14,8,1,135.0,75.0,0.5,0.5387616431649866,0.46123835683501335,333.3333333333333
15,8,1,145.0,75.0,0.5,0.5279340407676812,0.47206595923231875,333.3333333333333
16,8,1,155.0,75.0,0.5,0.5167753209015541,0.4832246790984459,333.3333333333333
17,8,1,165.0,75.0,0.5,0.5050228154676943,0.49497718453230566,333.3333333333333
18,8,1,175.0,75.0,0.5,0.4923229834428198,0.5076770165571802,333.3333333333333
19,8,1,185.0,75.0,0.5,0.47816757216650624,0.5218324278334938,333.3333333333333
20,8,1,195.0,75.0,0.5,0.4617805904478717,0.5382194095521283,333.3333333333333
21,8,1,205.0,75.0,0.5,0.44194648470536285,0.5580535152946371,333.3333333333333
22,8,1,215.0,75.0,0.5,0.4168540752207997,0.5831459247792004,333.3333333333333
23,8,1,225.0,75.0,0.5,0.384420475499058,0.615579524500942,333.3333333333333
24,8,1,235.0,75.0,0.5,0.3446933526773523,0.6553066473226477,333.3333333333333
25,8,1,245.0,75.0,0.5,0.3017213067426967,0.6982786932573033,333.3333333333333
26,8,1,255.0,75.0,0.5,0.2622364926735993,0.7377635073264007,333.3333333333333
27,8,1,265.0,75.0,0.5,0.2332176889118375,0.7667823110881625,333.3333333333333
28,8,1,275.0,75.0,0.5,0.2155715126709744,0.7844284873290256,333.3333333333333
29,8,1,285.0,75.0,0.5,0.2059208080343603,0.7940791919656397,333.3333333333333
30,8,1,295.0,75.0,0.5,0.20149716454559,0.79850283545441,333.3333333333333
31,8,1,305.0,75.0,0.5,0.20022349687803276,0.7997765031219672,333.3333333333333
32,8,1,315.0,75.0,0.5,0.20005100024528233,0.7999489997547177,333.3333333333333
33,8,1,325.0,75.0,0.5,0.20003298741952766,0.7999670125804723,333.3333333333333
34,8,1,335.0,75.0,0.5,0.20002807309728238,0.7999719269027177,333.3333333333333
35,8,1,345.0,75.0,0.5,0.20002756736055397,0.7999724326394461,333.3333333333333
36,8,1,355.0,75.0,0.5,0.20002788165847363,0.7999721183415264,333.3333333333333
37,8,1,365.0,75.0,0.5,0.20002833186819557,0.7999716681318044,333.3333333333333
38,8,1,375.0,75.0,0.5,0.20002879598163292,0.7999712040183671,333.3333333333333
39,8,1,385.0,75.0,0.5,0.2000292655390668,0.7999707344609333,333.3333333333333
40,8,1,395.0,75.0,0.5,0.2000297399093805,0.7999702600906196,333.3333333333333
41,8,1,405.0,75.0,0.5,0.20003021823760925,0.7999697817623908,333.3333333333333
42,8,1,415.0,75.0,0.5,0.20003069962504058,0.7999693003749594,333.3333333333333
43,8,1,425.0,75.0,0.5,0.20003118379565166,0.7999688162043483,333.3333333333333
44,8,1,435.0,75.0,0.5,0.20003166980507214,0.7999683301949279,333.3333333333333
45,8,1,445.0,75.0,0.5,0.20003215530987906,0.7999678446901209,333.3333333333333
46,8,1,455.0,75.0,0.5,0.20003263674665608,0.7999673632533439,333.3333333333333
47,8,1,465.0,75.0,0.5,0.20003310657675322,0.7999668934232468,333.3333333333333
48,8,1,475.0,75.0,0.5,0.20003354913105567,0.7999664508689444,333.3333333333333
49,8,1,485.0,75.0,0.5,0.20003393257243168,0.7999660674275684,333.3333333333333
50,8,1,495.0,75.0,0.5,0.20003419542498393,0.7999658045750161,333.3333333333333
1,9,1,5.0,85.0,0.5,0.6620999622906493,0.33790003770935073,333.3333333333333
2,9,1,15.0,85.0,0.5,0.6505866116358078,0.3494133883641922,333.3333333333333
3,9,1,25.0,85.0,0.5,0.6372137495451229,0.3627862504548771,333.3333333333333
4,9,1,35.0,85.0,0.5,0.6232844022385522,0.3767155977614478,333.3333333333333
5,9,1,45.0,85.0,0.5,0.609478239245431,0.390521760754569,333.3333333333333
6,9,1,55.0,85.0,0.5,0.5960996541417523,0.40390034585824774,333.3333333333333
7,9,1,65.0,85.0,0.5,0.5832422493234439,0.41675775067655607,333.3333333333333
8,9,1,75.0,85.0,0.5,0.570886903967661,0.42911309603233905,333.3333333333333
9,9,1,85.0,85.0,0.5,0.5589601094052506,0.44103989059474935,333.3333333333333
10,9,1,95.0,85.0,0.5,0.5473525593774198,0.4526474406225802,333.3333333333333
11,9,1,105.0,85.0,0.5,0.5359334645257929,0.46406653547420706,333.3333333333333
12,9,1,115.0,85.0,0.5,0.524542843123533,0.47545715687646695,333.3333333333333
13,9,1,125.0,85.0,0.5,0.5129756714691417,0.4870243285308583,333.3333333333333
14,9,1,135.0,85.0,0.5,0.5009529398579283,0.4990470601420717,333.3333333333333
15,9,1,145.0,85.0,0.5,0.4880739977620859,0.5119260022379142,333.3333333333333
16,9,1,155.0,85.0,0.5,0.4737520746654849,0.5262479253345151,333.3333333333333
17,9,1,165.0,85.0,0.5,0.4571271588599943,0.5428728411400057,333.3333333333333
18,9,1,175.0,85.0,0.5,0.4369582216441589,0.5630417783558411,333.3333333333333
19,9,1,185.0,85.0,0.5,0.41155621866753683,0.5884437813324632,333.3333333333333
20,9,1,195.0,85.0,0.5,0.3791463103107171,0.6208536896892829,333.3333333333333
21,9,1,205.0,85.0,0.5,0.340113311994558,0.6598866880054419,333.3333333333333
22,9,1,215.0,85.0,0.5,0.2980070491550168,0.7019929508449831,333.3333333333333
23,9,1,225.0,85.0,0.5,0.25873367617192267,0.7412663238280773,333.3333333333333
24,9,1,235.0,85.0,0.5,0.2295093199691849,0.7704906800308151,333.3333333333333
25,9,1,245.0,85.0,0.5,0.2124486824515238,0.7875513175484762,333.3333333333333
26,9,1,255.0,85.0,0.5,0.2041850833488822,0.7958149166511178,333.3333333333333
27,9,1,265.0,85.0,0.5,0.2009344746841042,0.7990655253158958,333.3333333333333
28,9,1,275.0,85.0,0.5,0.2001313372911301,0.7998686627088699,333.3333333333333
29,9,1,285.0,85.0,0.5,0.20003863967306837,0.7999613603269317,333.3333333333333
30,9,1,295.0,85.0,0.5,0.2000284508846968,0.7999715491153032,333.3333333333333
31,9,1,305.0,85.0,0.5,0.20002615638565757,0.7999738436143424,333.3333333333333
32,9,1,315.0,85.0,0.5,0.20002614803020394,0.7999738519697961,333.3333333333333
33,9,1,325.0,85.0,0.5,0.20002652448836566,0.7999734755116343,333.3333333333333
34,9,1,335.0,85.0,0.5,0.20002696511802429,0.7999730348819757,333.3333333333333
35,9,1,345.0,85.0,0.5,0.20002741500040783,0.7999725849995922,333.3333333333333
36,9,1,355.0,85.0,0.5,0.2000278708777642,0.7999721291222358,333.3333333333333
37,9,1,365.0,85.0,0.5,0.20002833189161257,0.7999716681083875,333.3333333333333
38,9,1,375.0,85.0,0.5,0.2000287970668892,0.7999712029331107,333.3333333333333
39,9,1,385.0,85.0,0.5,0.20002926606085156,0.7999707339391484,333.3333333333333
40,9,1,395.0,85.0,0.5,0.20002973909873903,0.799970260901261,333.3333333333333
41,9,1,405.0,85.0,0.5,0.20003021567852264,0.7999697843214774,333.3333333333333
42,9,1,415.0,85.0,0.5,0.20003069445909885,0.7999693055409012,333.3333333333333
43,9,1,425.0,85.0,0.5,0.20003117422687197,0.799968825773128,333.3333333333333
44,9,1,435.0,85.0,0.5,0.20003165317059043,0.7999683468294095,333.3333333333333
45,9,1,445.0,85.0,0.5,0.20003212729417047,0.7999678727058295,333.3333333333333
46,9,1,455.0,85.0,0.5,0.20003259018763292,0.799967409812367,333.3333333333333
47,9,1,465.0,85.0,0.5,0.20003303085392338,0.7999669691460767,333.3333333333333
48,9,1,475.0,85.0,0.5,0.20003343013256178,0.7999665698674382,333.3333333333333
49,9,1,485.0,85.0,0.5,0.2000337562847402,0.7999662437152598,333.3333333333333
50,9,1,495.0,85.0,0.5,0.20003396035138787,0.7999660396486121,333.3333333333333
1,10,1,5.0,95.0,0.5,0.5821958614329487,0.41780413856705134,333.3333333333333
2,10,1,15.0,95.0,0.5,0.572866213778225,0.427133786221775,333.3333333333333
3,10,1,25.0,95.0,0.5,0.5614576791847522,0.4385423208152478,333.3333333333333
4,10,1,35.0,95.0,0.5,0.5489656147800956,0.45103438521990435,333.3333333333333
5,10,1,45.0,95.0,0.5,0.5359403562329133,0.46405964376708675,333.3333333333333
6,10,1,55.0,95.0,0.5,0.5226242746036281,0.47737572539637185,333.3333333333333
7,10,1,65.0,95.0,0.5,0.5090472503664311,0.49095274963356894,333.3333333333333
8,10,1,75.0,95.0,0.5,0.4950796951767277,0.5049203048232723,333.3333333333333
9,10,1,85.0,95.0,0.5,0.48043966808175936,0.5195603319182407,333.3333333333333
10,10,1,95.0,95.0,0.5,0.4646630705355323,0.5353369294644676,333.3333333333333
11,10,1,105.0,95.0,0.5,0.4470311154471136,0.5529688845528864,333.3333333333333
12,10,1,115.0,95.0,0.5,0.4264705953613709,0.5735294046386291,333.3333333333333
13,10,1,125.0,95.0,0.5,0.40152281782021554,0.5984771821797845,333.3333333333333
14,10,1,135.0,95.0,0.5,0.37081581094748034,0.6291841890525196,333.3333333333333
15,10,1,145.0,95.0,0.5,0.3350210194699691,0.6649789805300309,333.3333333333333
16,10,1,155.0,95.0,0.5,0.2969346140637399,0.7030653859362601,333.3333333333333
17,10,1,165.0,95.0,0.5,0.26098136032889835,0.7390186396711016,333.3333333333333
18,10,1,175.0,95.0,0.5,0.2326869352618505,0.7673130647381495,333.3333333333333
19,10,1,185.0,95.0,0.5,0.2147026415804206,0.7852973584195794,333.3333333333333
20,10,1,195.0,95.0,0.5,0.20548181910814453,0.7945181808918554,333.3333333333333
21,10,1,205.0,95.0,0.5,0.2017063335424744,0.7982936664575256,333.3333333333333
22,10,1,215.0,95.0,0.5,0.20046172814205526,0.7995382718579447,333.3333333333333
23,10,1,225.0,95.0,0.5,0.20011451812117403,0.7998854818788259,333.3333333333333
24,10,1,235.0,95.0,0.5,0.2000395026751602,0.7999604973248398,333.3333333333333
25,10,1,245.0,95.0,0.5,0.20002603765274451,0.7999739623472555,333.3333333333333
26,10,1,255.0,95.0,0.5,0.20002404040516428,0.7999759595948357,333.3333333333333
27,10,1,265.0,95.0,0.5,0.20002403356247905,0.799975966437521,333.3333333333333
28,10,1,275.0,95.0,0.5,0.20002437775830836,0.7999756222416916,333.3333333333333
29,10,1,285.0,95.0,0.5,0.2000247885454329,0.7999752114545671,333.3333333333333
30,10,1,295.0,95.0,0.5,0.2000252119470386,0.7999747880529614,333.3333333333333
31,10,1,305.0,95.0,0.5,0.20002564246666762,0.7999743575333323,333.3333333333333
32,10,1,315.0,95.0,0.5,0.2000260786350641,0.799973921364936,333.3333333333333
33,10,1,325.0,95.0,0.5,0.20002651964887003,0.79997348035113,333.3333333333333
34,10,1,335.0,95.0,0.5,0.2000269654908541,0.7999730345091459,333.3333333333333
35,10,1,345.0,95.0,0.5,0.20002741646014194,0.7999725835398581,333.3333333333333
36,10,1,355.0,95.0,0.5,0.20002787251336876,0.7999721274866313,333.3333333333333
37,10,1,365.0,95.0,0.5,0.2000283330746191,0.7999716669253809,333.3333333333333
38,10,1,375.0,95.0,0.5,0.20002879772370596,0.799971202276294,333.3333333333333
39,10,1,385.0,95.0,0.5,0.2000292664188603,0.7999707335811397,333.3333333333333
40,10,1,395.0,95.0,0.5,0.20002973895807408,0.7999702610419259,333.3333333333333
41,10,1,405.0,95.0,0.5,0.20003021443786534,0.7999697855621346,333.3333333333333
42,10,1,415.0,95.0,0.5,0.2000306916222248,0.7999693083777752,333.3333333333333
43,10,1,425.0,95.0,0.5,0.20003116906942325,0.7999688309305768,333.3333333333333
44,10,1,435.0,95.0,0.5,0.20003164406701468,0.7999683559329853,333.3333333333333
45,10,1,445.0,95.0,0.5,0.20003211178950409,0.7999678882104959,333.3333333333333
46,10,1,455.0,95.0,0.5,0.2000325644782013,0.7999674355217987,333.3333333333333
47,10,1,465.0,95.0,0.5,0.2000329892542668,0.7999670107457332,333.3333333333333
48,10,1,475.0,95.0,0.5,0.2000333656792826,0.7999666343207175,333.3333333333333
49,10,1,485.0,95.0,0.5,0.20003366332754077,0.7999663366724592,333.3333333333333
50,10,1,495.0,95.0,0.5,0.20003384138331173,0.7999661586166883,333.3333333333333
1,1,2,5.0,5.0,1.5,0.6385882334085715,0.3614117665914285,368.4210526315789
2,1,2,15.0,5.0,1.5,0.6274507352293371,0.37254926477066286,368.4210526315789
3,1,2,25.0,5.0,1.5,0.6146437779649843,0.38535622203501574,368.4210526315789
4,1,2,35.0,5.0,1.5,0.6013800310574973,0.39861996894250273,368.4210526315789
5,1,2,45.0,5.0,1.5,0.5882480465589961,0.4117519534410039,368.4210526315789
6,1,2,55.0,5.0,1.5,0.5754903058262968,0.4245096941737032,368.4210526315789
7,1,2,65.0,5.0,1.5,0.5631693679504867,0.43683063204951333,368.4210526315789
8,1,2,75.0,5.0,1.5,0.5512497141989735,0.4487502858010265,368.4210526315789
9,1,2,85.0,5.0,1.5,0.5396519241130816,0.4603480758869184,368.4210526315789
10,1,2,95.0,5.0,1.5,0.5282724800176817,0.4717275199823183,368.4210526315789
11,1,2,105.0,5.0,1.5,0.5170030071199823,0.48299699288001774,368.4210526315789
12,1,2,115.0,5.0,1.5,0.5057498529612199,0.4942501470387801,368.4210526315789
13,1,2,125.0,5.0,1.5,0.49447243081754644,0.5055275691824536,368.4210526315789
14,1,2,135.0,5.0,1.5,0.4832636324026869,0.5167363675973131,368.4210526315789
15,1,2,145.0,5.0,1.5,0.4724760884194432,0.5275239115805568,368.4210526315789
16,1,2,155.0,5.0,1.5,0.4627504873808803,0.5372495126191197,368.4210526315789
17,1,2,165.0,5.0,1.5,0.4541870664074819,0.5458129335925181,368.4210526315789
18,1,2,175.0,5.0,1.5,0.4448515975512824,0.5551484024487177,368.4210526315789
19,1,2,185.0,5.0,1.5,0.433085375996734,0.566914624003266,368.4210526315789
20,1,2,195.0,5.0,1.5,0.4162153043040416,0.5837846956959585,368.4210526315789
21,1,2,205.0,5.0,1.5,0.39136923622412517,0.6086307637758748,368.4210526315789
22,1,2,215.0,5.0,1.5,0.3568315565462368,0.6431684434537632,368.4210526315789
23,1,2,225.0,5.0,1.5,0.3142641422865774,0.6857358577134226,368.4210526315789
24,1,2,235.0,5.0,1.5,0.2709885750200966,0.7290114249799033,368.4210526315789
25,1,2,245.0,5.0,1.5,0.23692672103368945,0.7630732789663106,368.4210526315789
26,1,2,255.0,5.0,1.5,0.21607936513683934,0.7839206348631607,368.4210526315789
27,1,2,265.0,5.0,1.5,0.20563966807493572,0.7943603319250643,368.4210526315789
28,1,2,275.0,5.0,1.5,0.20149447437360057,0.7985055256263994,368.4210526315789
29,1,2,285.0,5.0,1.5,0.2003247492474648,0.7996752507525352,368.4210526315789
30,1,2,295.0,5.0,1.5,0.20008087592523466,0.7999191240747654,368.4210526315789
31,1,2,305.0,5.0,1.5,0.20003567139991105,0.7999643286000889,368.4210526315789
32,1,2,315.0,5.0,1.5,0.2000274882614039,0.7999725117385961,368.4210526315789
33,1,2,325.0,5.0,1.5,0.20002657586169095,0.7999734241383091,368.4210526315789
34,1,2,335.0,5.0,1.5,0.20002678612046507,0.7999732138795349,368.4210526315789
35,1,2,345.0,5.0,1.5,0.2000272054178038,0.7999727945821962,368.4210526315789
36,1,2,355.0,5.0,1.5,0.20002765748178844,0.7999723425182116,368.4210526315789
37,1,2,365.0,5.0,1.5,0.20002811959820727,0.7999718804017928,368.4210526315789
38,1,2,375.0,5.0,1.5,0.20002858867515044,0.7999714113248495,368.4210526315789
39,1,2,385.0,5.0,1.5,0.20002906337677281,0.7999709366232272,368.4210526315789
40,1,2,395.0,5.0,1.5,0.2000295431765596,0.7999704568234404,368.4210526315789
41,1,2,405.0,5.0,1.5,0.20003002870182357,0.7999699712981765,368.4210526315789
42,1,2,415.0,5.0,1.5,0.2000305204774869,0.7999694795225131,368.4210526315789
43,1,2,425.0,5.0,1.5,0.2000310177818578,0.7999689822181422,368.4210526315789
44,1,2,435.0,5.0,1.5,0.20003151934651264,0.7999684806534874,368.4210526315789
45,1,2,445.0,5.0,1.5,0.2000320235728405,0.7999679764271594,368.4210526315789
46,1,2,455.0,5.0,1.5,0.20003252586506692,0.7999674741349331,368.4210526315789
47,1,2,465.0,5.0,1.5,0.20003301636121626,0.7999669836387837,368.4210526315789
48,1,2,475.0,5.0,1.5,0.20003347613377612,0.7999665238662239,368.4210526315789
49,1,2,485.0,5.0,1.5,0.2000338683185772,0.7999661316814228,368.4210526315789
50,1,2,495.0,5.0,1.5,0.200034127944847,0.799965872055153,368.4210526315789
1,2,2,5.0,15.0,1.5,0.7051068504465379,0.29489314955346213,368.4210526315789
2,2,2,15.0,15.0,1.5,0.6910969199597929,0.30890308004020706,368.4210526315789
3,2,2,25.0,15.0,1.5,0.6755429291486316,0.32445707085136843,368.4210526315789
4,2,2,35.0,15.0,1.5,0.6599561087680861,0.3400438912319139,368.4210526315789
5,2,2,45.0,15.0,1.5,0.6450236071109907,0.3549763928890093,368.4210526315789
6,2,2,55.0,15.0,1.5,0.6309849914751167,0.36901500852488334,368.4210526315789
7,2,2,65.0,15.0,1.5,0.617860455896925,0.38213954410307505,368.4210526315789
8,2,2,75.0,15.0,1.5,0.6055743364146373,0.3944256635853627,368.4210526315789
9,2,2,85.0,15.0,1.5,0.5940219120995199,0.40597808790048007,368.4210526315789
10,2,2,95.0,15.0,1.5,0.5830879716557592,0.4169120283442408,368.4210526315789
11,2,2,105.0,15.0,1.5,0.5726669731173225,0.4273330268826775,368.4210526315789
12,2,2,115.0,15.0,1.5,0.5626617549400849,0.43733824505991514,368.4210526315789
13,2,2,125.0,15.0,1.5,0.5529847364973303,0.44701526350266974,368.4210526315789
14,2,2,135.0,15.0,1.5,0.5435570617419814,0.4564429382580186,368.4210526315789
15,2,2,145.0,15.0,1.5,0.5343066132290396,0.4656933867709604,368.4210526315789
16,2,2,155.0,15.0,1.5,0.5251613473417371,0.47483865265826286,368.4210526315789
17,2,2,165.0,15.0,1.5,0.5160355911873771,0.4839644088126229,368.4210526315789
18,2,2,175.0,15.0,1.5,0.5068249257850764,0.49317507421492357,368.4210526315789
19,2,2,185.0,15.0,1.5,0.49745404488058964,0.5025459551194104,368.4210526315789
20,2,2,195.0,15.0,1.5,0.4880220727110453,0.5119779272889546,368.4210526315789
21,2,2,205.0,15.0,1.5,0.4790123331551323,0.5209876668448676,368.4210526315789
22,2,2,215.0,15.0,1.5,0.47099986592163784,0.5290001340783621,368.4210526315789
23,2,2,225.0,15.0,1.5,0.4627761196346577,0.5372238803653423,368.4210526315789
24,2,2,235.0,15.0,1.5,0.4526231657063152,0.5473768342936848,368.4210526315789
25,2,2,245.0,15.0,1.5,0.438282360760432,0.561717639239568,368.4210526315789
26,2,2,255.0,15.0,1.5,0.4170580117758183,0.5829419882241818,368.4210526315789
27,2,2,265.0,15.0,1.5,0.386680782967971,0.613319217032029,368.4210526315789
28,2,2,275.0,15.0,1.5,0.34625736037852733,0.6537426396214727,368.4210526315789
29,2,2,285.0,15.0,1.5,0.29907906284406316,0.7009209371559368,368.4210526315789
30,2,2,295.0,15.0,1.5,0.2554361344669285,0.7445638655330715,368.4210526315789
31,2,2,305.0,15.0,1.5,0.22560810132839587,0.7743918986716041,368.4210526315789
32,2,2,315.0,15.0,1.5,0.20979564375354173,0.7902043562464582,368.4210526315789
33,2,2,325.0,15.0,1.5,0.2027554846660351,0.7972445153339649,368.4210526315789
34,2,2,335.0,15.0,1.5,0.20048331480070852,0.7995166851992914,368.4210526315789
35,2,2,345.0,15.0,1.5,0.20008423858234772,0.7999157614176523,368.4210526315789
36,2,2,355.0,15.0,1.5,0.2000377354847598,0.7999622645152402,368.4210526315789
37,2,2,365.0,15.0,1.5,0.2000295475070072,0.7999704524929928,368.4210526315789
38,2,2,375.0,15.0,1.5,0.20002877884489478,0.7999712211551052,368.4210526315789
39,2,2,385.0,15.0,1.5,0.20002907973255782,0.7999709202674422,368.4210526315789
40,2,2,395.0,15.0,1.5,0.2000295436001476,0.7999704563998524,368.4210526315789
41,2,2,405.0,15.0,1.5,0.20003002699573072,0.7999699730042693,368.4210526315789
42,2,2,415.0,15.0,1.5,0.2000305186838182,0.7999694813161818,368.4210526315789
43,2,2,425.0,15.0,1.5,0.20003101682812707,0.7999689831718729,368.4210526315789
44,2,2,435.0,15.0,1.5,0.2000315203365064,0.7999684796634936,368.4210526315789
45,2,2,445.0,15.0,1.5,0.2000320286122626,0.7999679713877375,368.4210526315789
46,2,2,455.0,15.0,1.5,0.20003253916753355,0.7999674608324665,368.4210526315789
47,2,2,465.0,15.0,1.5,0.20003304508315256,0.7999669549168474,368.4210526315789
48,2,2,475.0,15.0,1.5,0.20003353159756673,0.7999664684024332,368.4210526315789
49,2,2,485.0,15.0,1.5,0.2000339649405563,0.7999660350594437,368.4210526315789
50,2,2,495.0,15.0,1.5,0.2000342738829774,0.7999657261170225,368.4210526315789
1,3,2,5.0,25.0,1.5,0.7446097622873923,0.2553902377126077,368.4210526315789
2,3,2,15.0,25.0,1.5,0.7284607580759777,0.27153924192402235,368.4210526315789
3,3,2,25.0,25.0,1.5,0.7106677685706697,0.2893322314293303,368.4210526315789
4,3,2,35.0,25.0,1.5,0.6930096490715345,0.3069903509284655,368.4210526315789
5,3,2,45.0,25.0,1.5,0.6763229580126203,0.3236770419873797,368.4210526315789
6,3,2,55.0,25.0,1.5,0.6608792898581565,0.33912071014184353,368.4210526315789
7,3,2,65.0,25.0,1.5,0.6466532323723478,0.35334676762765216,368.4210526315789
8,3,2,75.0,25.0,1.5,0.6335140930893502,0.36648590691064975,368.4210526315789
9,3,2,85.0,25.0,1.5,0.6213183253043598,0.3786816746956402,368.4210526315789
10,3,2,95.0,25.0,1.5,0.6099015756926945,0.39009842430730546,368.4210526315789
11,3,2,105.0,25.0,1.5,0.599115213460684,0.40088478653931603,368.4210526315789
12,3,2,115.0,25.0,1.5,0.5888367949688725,0.41116320503112747,368.4210526315789
13,3,2,125.0,25.0,1.5,0.5789637968172116,0.42103620318278845,368.4210526315789
14,3,2,135.0,25.0,1.5,0.5694062908473537,0.4305937091526463,368.4210526315789
15,3,2,145.0,25.0,1.5,0.5600757383577263,0.4399242616422737,368.4210526315789
16,3,2,155.0,25.0,1.5,0.5508774236152391,0.44912257638476094,368.4210526315789
17,3,2,165.0,25.0,1.5,0.541715315277984,0.458284684722016,368.4210526315789
18,3,2,175.0,25.0,1.5,0.5324920651433026,0.4675079348566974,368.4210526315789
19,3,2,185.0,25.0,1.5,0.52311861230306,0.47688138769694,368.4210526315789
20,3,2,195.0,25.0,1.5,0.5135386073009376,0.4864613926990624,368.4210526315789
21,3,2,205.0,25.0,1.5,0.503773167245505,0.496226832754495,368.4210526315789
22,3,2,215.0,25.0,1.5,0.493991085033098,0.506008914966902,368.4210526315789
23,3,2,225.0,25.0,1.5,0.4845973298702276,0.5154026701297725,368.4210526315789
24,3,2,235.0,25.0,1.5,0.47622181232305383,0.5237781876769462,368.4210526315789
25,3,2,245.0,25.0,1.5,0.4687776335344101,0.53122236646559,368.4210526315789
26,3,2,255.0,25.0,1.5,0.4602888123862288,0.5397111876137712,368.4210526315789
27,3,2,265.0,25.0,1.5,0.4492716077412296,0.5507283922587705,368.4210526315789
28,3,2,275.0,25.0,1.5,0.43358687597476286,0.5664131240252371,368.4210526315789
29,3,2,285.0,25.0,1.5,0.4108889128548683,0.5891110871451317,368.4210526315789
30,3,2,295.0,25.0,1.5,0.37892723363635183,0.6210727663636482,368.4210526315789
31,3,2,305.0,25.0,1.5,0.33685508069567316,0.6631449193043268,368.4210526315789
32,3,2,315.0,25.0,1.5,0.2893577486627626,0.7106422513372375,368.4210526315789
33,3,2,325.0,25.0,1.5,0.24828984848129892,0.751710151518701,368.4210526315789
34,3,2,335.0,25.0,1.5,0.22205821148798696,0.777941788512013,368.4210526315789
35,3,2,345.0,25.0,1.5,0.20829368134153534,0.7917063186584646,368.4210526315789
36,3,2,355.0,25.0,1.5,0.2021331577956624,0.7978668422043376,368.4210526315789
37,3,2,365.0,25.0,1.5,0.2003324829470097,0.7996675170529903,368.4210526315789
38,3,2,375.0,25.0,1.5,0.20006661227609934,0.7999333877239007,368.4210526315789
39,3,2,385.0,25.0,1.5,0.2000351822132817,0.7999648177867182,368.4210526315789
40,3,2,395.0,25.0,1.5,0.20003030690517254,0.7999696930948275,368.4210526315789
41,3,2,405.0,25.0,1.5,0.20003010268426918,0.7999698973157308,368.4210526315789
42,3,2,415.0,25.0,1.5,0.20003052138303104,0.799969478616969,368.4210526315789
43,3,2,425.0,25.0,1.5,0.2000310148551696,0.7999689851448304,368.4210526315789
44,3,2,435.0,25.0,1.5,0.20003152056703258,0.7999684794329674,368.4210526315789
45,3,2,445.0,25.0,1.5,0.2000320354068079,0.7999679645931921,368.4210526315789
46,3,2,455.0,25.0,1.5,0.20003255930260236,0.7999674406973977,368.4210526315789
47,3,2,465.0,25.0,1.5,0.20003309122969062,0.7999669087703094,368.4210526315789
48,3,2,475.0,25.0,1.5,0.2000336243770252,0.7999663756229748,368.4210526315789
49,3,2,485.0,25.0,1.5,0.2000341327920207,0.7999658672079792,368.4210526315789
50,3,2,495.0,25.0,1.5,0.2000345442468232,0.7999654557531768,368.4210526315789
1,4,2,5.0,35.0,1.5,0.7719748833286916,0.22802511667130843,368.4210526315789
2,4,2,15.0,35.0,1.5,0.7550565860860734,0.2449434139139266,368.4210526315789
3,4,2,25.0,35.0,1.5,0.7357256736005271,0.2642743263994729,368.4210526315789
4,4,2,35.0,35.0,1.5,0.7163294859305506,0.28367051406944943,368.4210526315789
5,4,2,45.0,35.0,1.5,0.6980809396946555,0.30191906030534454,368.4210526315789
6,4,2,55.0,35.0,1.5,0.6814848075601092,0.3185151924398908,368.4210526315789
7,4,2,65.0,35.0,1.5,0.6663902737469197,0.3336097262530803,368.4210526315789
8,4,2,75.0,35.0,1.5,0.6525621291159351,0.34743787088406486,368.4210526315789
9,4,2,85.0,35.0,1.5,0.6397691540244792,0.3602308459755208,368.4210526315789
10,4,2,95.0,35.0,1.5,0.6278437070568548,0.37215629294314523,368.4210526315789
11,4,2,105.0,35.0,1.5,0.6166371329649921,0.3833628670350079,368.4210526315789
12,4,2,115.0,35.0,1.5,0.6060200943867112,0.39397990561328877,368.4210526315789
13,4,2,125.0,35.0,1.5,0.5958742879848218,0.4041257120151782,368.4210526315789
14,4,2,135.0,35.0,1.5,0.5860921535349748,0.4139078464650252,368.4210526315789
15,4,2,145.0,35.0,1.5,0.5765799841952027,0.42342001580479727,368.4210526315789
16,4,2,155.0,35.0,1.5,0.567256844554311,0.432743155445689,368.4210526315789
17,4,2,165.0,35.0,1.5,0.5580422930450788,0.4419577069549212,368.4210526315789
18,4,2,175.0,35.0,1.5,0.5488566464730671,0.4511433535269329,368.4210526315789
19,4,2,185.0,35.0,1.5,0.539622134742113,0.46037786525788704,368.4210526315789
20,4,2,195.0,35.0,1.5,0.5302592246326694,0.4697407753673306,368.4210526315789
21,4,2,205.0,35.0,1.5,0.5206955763578713,0.47930442364212866,368.4210526315789
22,4,2,215.0,35.0,1.5,0.510891300518148,0.489108699481852,368.4210526315789
23,4,2,225.0,35.0,1.5,0.5008890124654716,0.4991109875345284,368.4210526315789
24,4,2,235.0,35.0,1.5,0.4909194282588487,0.5090805717411513,368.4210526315789
25,4,2,245.0,35.0,1.5,0.48154514364277395,0.518454856357226,368.4210526315789
26,4,2,255.0,35.0,1.5,0.4735385556507915,0.5264614443492085,368.4210526315789
27,4,2,265.0,35.0,1.5,0.4663115770647934,0.5336884229352066,368.4210526315789
28,4,2,275.0,35.0,1.5,0.4577147674823784,0.5422852325176216,368.4210526315789
29,4,2,285.0,35.0,1.5,0.44600403420125273,0.5539959657987472,368.4210526315789
30,4,2,295.0,35.0,1.5,0.4290359155128152,0.5709640844871848,368.4210526315789
31,4,2,305.0,35.0,1.5,0.4046955705758961,0.5953044294241039,368.4210526315789
32,4,2,315.0,35.0,1.5,0.3711784918667781,0.6288215081332219,368.4210526315789
33,4,2,325.0,35.0,1.5,0.3283549168080339,0.671645083191966,368.4210526315789
34,4,2,335.0,35.0,1.5,0.2817761739517046,0.7182238260482954,368.4210526315789
35,4,2,345.0,35.0,1.5,0.24311464982708372,0.7568853501729162,368.4210526315789
36,4,2,355.0,35.0,1.5,0.21906300910815601,0.780936990891844,368.4210526315789
37,4,2,365.0,35.0,1.5,0.2066608466037065,0.7933391533962935,368.4210526315789
38,4,2,375.0,35.0,1.5,0.20151804994522535,0.7984819500547746,368.4210526315789
39,4,2,385.0,35.0,1.5,0.20022798639658468,0.7997720136034153,368.4210526315789
40,4,2,395.0,35.0,1.5,0.20005546313082556,0.7999445368691744,368.4210526315789
41,4,2,405.0,35.0,1.5,0.20003324947461434,0.7999667505253857,368.4210526315789
42,4,2,415.0,35.0,1.5,0.20003086655820307,0.7999691334417969,368.4210526315789
43,4,2,425.0,35.0,1.5,0.20003103609183756,0.7999689639081624,368.4210526315789
44,4,2,435.0,35.0,1.5,0.20003151978748787,0.7999684802125121,368.4210526315789
45,4,2,445.0,35.0,1.5,0.2000320378996522,0.7999679621003478,368.4210526315789
46,4,2,455.0,35.0,1.5,0.2000325745568624,0.7999674254431376,368.4210526315789
47,4,2,465.0,35.0,1.5,0.20003313490207428,0.7999668650979257,368.4210526315789
48,4,2,475.0,35.0,1.5,0.20003372390998236,0.7999662760900177,368.4210526315789
49,4,2,485.0,35.0,1.5,0.2000343286917816,0.7999656713082184,368.4210526315789
50,4,2,495.0,35.0,1.5,0.2000348801579667,0.7999651198420333,368.4210526315789
1,5,2,5.0,45.0,1.5,0.7911958749130779,0.20880412508692214,368.4210526315789
2,5,2,15.0,45.0,1.5,0.7763882343642337,0.22361176563576635,368.4210526315789
3,5,2,25.0,45.0,1.5,0.7567629476931067,0.2432370523068933,368.4210526315789
4,5,2,35.0,45.0,1.5,0.7363712640950303,0.2636287359049697,368.4210526315789
5,5,2,45.0,45.0,1.5,0.7172209061176595,0.28277909388234046,368.4210526315789
6,5,2,55.0,45.0,1.5,0.6996262306546699,0.3003737693453301,368.4210526315789
7,5,2,65.0,45.0,1.5,0.6836429514302385,0.31635704856976155,368.4210526315789
8,5,2,75.0,45.0,1.5,0.6690965861810257,0.33090341381897426,368.4210526315789
9,5,2,85.0,45.0,1.5,0.6557607708792469,0.3442392291207531,368.4210526315789
10,5,2,95.0,45.0,1.5,0.6434274687131917,0.3565725312868083,368.4210526315789
11,5,2,105.0,45.0,1.5,0.6319130488709942,0.3680869511290058,368.4210526315789
12,5,2,115.0,45.0,1.5,0.6210725491972616,0.3789274508027384,368.4210526315789
13,5,2,125.0,45.0,1.5,0.6107805219568535,0.3892194780431465,368.4210526315789
14,5,2,135.0,45.0,1.5,0.6009311990529432,0.39906880094705677,368.4210526315789
15,5,2,145.0,45.0,1.5,0.5914321481937382,0.40856785180626176,368.4210526315789
16,5,2,155.0,45.0,1.5,0.5821995044827832,0.41780049551721676,368.4210526315789
17,5,2,165.0,45.0,1.5,0.5731536258031908,0.42684637419680915,368.4210526315789
18,5,2,175.0,45.0,1.5,0.5642167572998141,0.43578324270018587,368.4210526315789
19,5,2,185.0,45.0,1.5,0.5553104430013958,0.44468955699860424,368.4210526315789
20,5,2,195.0,45.0,1.5,0.5463621596860239,0.45363784031397614,368.4210526315789
21,5,2,205.0,45.0,1.5,0.5373040973438664,0.4626959026561336,368.4210526315789
22,5,2,215.0,45.0,1.5,0.5280757565819832,0.47192424341801675,368.4210526315789
23,5,2,225.0,45.0,1.5,0.518638847957697,0.481361152042303,368.4210526315789
24,5,2,235.0,45.0,1.5,0.5090131625712995,0.49098683742870053,368.4210526315789
25,5,2,245.0,45.0,1.5,0.49934514179200007,0.5006548582079999,368.4210526315789
26,5,2,255.0,45.0,1.5,0.4900087411904035,0.5099912588095965,368.4210526315789
27,5,2,265.0,45.0,1.5,0.4816292033421659,0.5183707966578341,368.4210526315789
28,5,2,275.0,45.0,1.5,0.47452840346153713,0.5254715965384629,368.4210526315789
29,5,2,285.0,45.0,1.5,0.4670516676888409,0.5329483323111591,368.4210526315789
30,5,2,295.0,45.0,1.5,0.457530136515981,0.542469863484019,368.4210526315789
31,5,2,305.0,45.0,1.5,0.4442291623644216,0.5557708376355783,368.4210526315789
32,5,2,315.0,45.0,1.5,0.42508291921034813,0.5749170807896519,368.4210526315789
33,5,2,325.0,45.0,1.5,0.3980314146685182,0.6019685853314818,368.4210526315789
34,5,2,335.0,45.0,1.5,0.3613266008421023,0.6386733991578977,368.4210526315789
35,5,2,345.0,45.0,1.5,0.3154858944145462,0.6845141055854538,368.4210526315789
36,5,2,355.0,45.0,1.5,0.2681367666194808,0.7318632333805192,368.4210526315789
37,5,2,365.0,45.0,1.5,0.2321742134270049,0.7678257865729952,368.4210526315789
38,5,2,375.0,45.0,1.5,0.2120990412718062,0.7879009587281938,368.4210526315789
39,5,2,385.0,45.0,1.5,0.20321865941701683,0.7967813405829831,368.4210526315789
40,5,2,395.0,45.0,1.5,0.20050593179511958,0.7994940682048804,368.4210526315789
41,5,2,405.0,45.0,1.5,0.20007849667249866,0.7999215033275013,368.4210526315789
42,5,2,415.0,45.0,1.5,0.20003551307261086,0.7999644869273892,368.4210526315789
43,5,2,425.0,45.0,1.5,0.20003145438787698,0.799968545612123,368.4210526315789
44,5,2,435.0,45.0,1.5,0.20003153818149036,0.7999684618185097,368.4210526315789
45,5,2,445.0,45.0,1.5,0.20003203035327446,0.7999679696467256,368.4210526315789
46,5,2,455.0,45.0,1.5,0.20003256817938153,0.7999674318206185,368.4210526315789
47,5,2,465.0,45.0,1.5,0.20003313985885712,0.7999668601411429,368.4210526315789
48,5,2,475.0,45.0,1.5,0.20003375911420795,0.799966240885792,368.4210526315789
49,5,2,485.0,45.0,1.5,0.20003440439381226,0.7999655956061877,368.4210526315789
50,5,2,495.0,45.0,1.5,0.20003495255253076,0.7999650474474692,368.4210526315789
1,6,2,5.0,55.0,1.5,0.7731717019640268,0.22682829803597315,368.4210526315789
2,6,2,15.0,55.0,1.5,0.7571196416847356,0.24288035831526444,368.4210526315789
3,6,2,25.0,55.0,1.5,0.7387089520678866,0.26129104793211344,368.4210526315789
4,6,2,35.0,55.0,1.5,0.7200837583801615,0.2799162416198385,368.4210526315789
5,6,2,45.0,55.0,1.5,0.7024159127790622,0.29758408722093777,368.4210526315789
6,6,2,55.0,55.0,1.5,0.6860806800677244,0.3139193199322756,368.4210526315789
7,6,2,65.0,55.0,1.5,0.6710853508085309,0.32891464919146907,368.4210526315789
8,6,2,75.0,55.0,1.5,0.6572871462364156,0.3427128537635844,368.4210526315789
9,6,2,85.0,55.0,1.5,0.6445105814633051,0.3554894185366949,368.4210526315789
10,6,2,95.0,55.0,1.5,0.6325896550982616,0.3674103449017384,368.4210526315789
11,6,2,105.0,55.0,1.5,0.6213760595668428,0.37862394043315717,368.4210526315789
12,6,2,115.0,55.0,1.5,0.6107435028487483,0.38925649715125166,368.4210526315789
13,6,2,125.0,55.0,1.5,0.6005804858718187,0.39941951412818133,368.4210526315789
14,6,2,135.0,55.0,1.5,0.5907887871762683,0.40921121282373174,368.4210526315789
15,6,2,145.0,55.0,1.5,0.5812799065401765,0.41872009345982353,368.4210526315789
16,6,2,155.0,55.0,1.5,0.5719702136529695,0.4280297863470305,368.4210526315789
17,6,2,165.0,55.0,1.5,0.5627794832418566,0.43722051675814344,368.4210526315789
18,6,2,175.0,55.0,1.5,0.5536276778876109,0.4463723221123891,368.4210526315789
19,6,2,185.0,55.0,1.5,0.5444329292151249,0.4555670707848751,368.4210526315789
20,6,2,195.0,55.0,1.5,0.5351120309606677,0.46488796903933227,368.4210526315789
21,6,2,205.0,55.0,1.5,0.5255844445363034,0.4744155554636966,368.4210526315789
22,6,2,215.0,55.0,1.5,0.5157889129880913,0.48421108701190874,368.4210526315789
23,6,2,225.0,55.0,1.5,0.5057258496671739,0.49427415033282607,368.4210526315789
24,6,2,235.0,55.0,1.5,0.4955440888120686,0.5044559111879314,368.4210526315789
25,6,2,245.0,55.0,1.5,0.4856861814509716,0.5143138185490284,368.4210526315789
26,6,2,255.0,55.0,1.5,0.4769644460382093,0.5230355539617907,368.4210526315789
27,6,2,265.0,55.0,1.5,0.4697903665043799,0.5302096334956201,368.4210526315789
28,6,2,275.0,55.0,1.5,0.4621485116355948,0.5378514883644052,368.4210526315789
29,6,2,285.0,55.0,1.5,0.4522158643495878,0.5477841356504122,368.4210526315789
30,6,2,295.0,55.0,1.5,0.4379830645373867,0.5620169354626132,368.4210526315789
31,6,2,305.0,55.0,1.5,0.4172873030876133,0.5827126969123867,368.4210526315789
32,6,2,315.0,55.0,1.5,0.38813150763618737,0.6118684923638127,368.4210526315789
33,6,2,325.0,55.0,1.5,0.3493340338682976,0.6506659661317025,368.4210526315789
34,6,2,335.0,55.0,1.5,0.3033131220036918,0.6966868779963082,368.4210526315789
35,6,2,345.0,55.0,1.5,0.25950239331940395,0.740497606680596,368.4210526315789
36,6,2,355.0,55.0,1.5,0.22838625977620847,0.7716137402237915,368.4210526315789
37,6,2,365.0,55.0,1.5,0.2109821754684961,0.7890178245315039,368.4210526315789
38,6,2,375.0,55.0,1.5,0.20296572648990477,0.7970342735100953,368.4210526315789
39,6,2,385.0,55.0,1.5,0.2004853661247761,0.7995146338752239,368.4210526315789
40,6,2,395.0,55.0,1.5,0.20008284241103425,0.7999171575889658,368.4210526315789
41,6,2,405.0,55.0,1.5,0.2000365198070952,0.7999634801929048,368.4210526315789
42,6,2,415.0,55.0,1.5,0.20003114247591744,0.7999688575240825,368.4210526315789
43,6,2,425.0,55.0,1.5,0.20003104075490985,0.7999689592450901,368.4210526315789
44,6,2,435.0,55.0,1.5,0.2000314956591958,0.7999685043408042,368.4210526315789
45,6,2,445.0,55.0,1.5,0.2000320047533817,0.7999679952466183,368.4210526315789
46,6,2,455.0,55.0,1.5,0.20003253097992563,0.7999674690200744,368.4210526315789
47,6,2,465.0,55.0,1.5,0.20003307738081696,0.799966922619183,368.4210526315789
48,6,2,475.0,55.0,1.5,0.20003364613553262,0.7999663538644673,368.4210526315789
49,6,2,485.0,55.0,1.5,0.20003422013805336,0.7999657798619466,368.4210526315789
50,6,2,495.0,55.0,1.5,0.20003472943832545,0.7999652705616745,368.4210526315789
1,7,2,5.0,65.0,1.5,0.7485416559409868,0.25145834405901324,368.4210526315789
2,7,2,15.0,65.0,1.5,0.7334115970594451,0.26658840294055486,368.4210526315789
3,7,2,25.0,65.0,1.5,0.7165354079399731,0.28346459206002694,368.4210526315789
4,7,2,35.0,65.0,1.5,0.6995638581303621,0.30043614186963785,368.4210526315789
5,7,2,45.0,65.0,1.5,0.6833442620759691,0.3166557379240309,368.4210526315789
6,7,2,55.0,65.0,1.5,0.6681959099389384,0.3318040900610616,368.4210526315789
7,7,2,65.0,65.0,1.5,0.6541516736916093,0.3458483263083907,368.4210526315789
8,7,2,75.0,65.0,1.5,0.6411194781362071,0.35888052186379293,368.4210526315789
9,7,2,85.0,65.0,1.5,0.6289693280838603,0.3710306719161397,368.4210526315789
10,7,2,95.0,65.0,1.5,0.617562811458596,0.38243718854140396,368.4210526315789
11,7,2,105.0,65.0,1.5,0.6067758886417876,0.39322411135821245,368.4210526315789
12,7,2,115.0,65.0,1.5,0.5964947334117321,0.4035052665882679,368.4210526315789
13,7,2,125.0,65.0,1.5,0.5866163964907068,0.41338360350929315,368.4210526315789
14,7,2,135.0,65.0,1.5,0.5770462210765035,0.4229537789234965,368.4210526315789
15,7,2,145.0,65.0,1.5,0.5676946413750208,0.4323053586249792,368.4210526315789
16,7,2,155.0,65.0,1.5,0.5584754947918559,0.4415245052081441,368.4210526315789
17,7,2,165.0,65.0,1.5,0.5493039105261627,0.4506960894738373,368.4210526315789
18,7,2,175.0,65.0,1.5,0.5400965824374964,0.45990341756250364,368.4210526315789
19,7,2,185.0,65.0,1.5,0.5307724909681939,0.4692275090318061,368.4210526315789
20,7,2,195.0,65.0,1.5,0.5212574896987281,0.4787425103012719,368.4210526315789
21,7,2,205.0,65.0,1.5,0.5115032840641647,0.4884967159358353,368.4210526315789
22,7,2,215.0,65.0,1.5,0.5015390323570189,0.4984609676429811,368.4210526315789
23,7,2,225.0,65.0,1.5,0.4915783049173954,0.5084216950826046,368.4210526315789
24,7,2,235.0,65.0,1.5,0.4821641820284211,0.517835817971579,368.4210526315789
25,7,2,245.0,65.0,1.5,0.4740728638448075,0.5259271361551925,368.4210526315789
26,7,2,255.0,65.0,1.5,0.4668410183039575,0.5331589816960425,368.4210526315789
27,7,2,265.0,65.0,1.5,0.4583387634096949,0.5416612365903051,368.4210526315789
28,7,2,275.0,65.0,1.5,0.44683736643642347,0.5531626335635765,368.4210526315789
29,7,2,285.0,65.0,1.5,0.43017463654360466,0.5698253634563953,368.4210526315789
30,7,2,295.0,65.0,1.5,0.4061803381454232,0.5938196618545768,368.4210526315789
31,7,2,305.0,65.0,1.5,0.37293863271350175,0.6270613672864982,368.4210526315789
32,7,2,315.0,65.0,1.5,0.3301492676347947,0.6698507323652053,368.4210526315789
33,7,2,325.0,65.0,1.5,0.2832633056255076,0.7167366943744924,368.4210526315789
34,7,2,335.0,65.0,1.5,0.2441189079850414,0.7558810920149586,368.4210526315789
35,7,2,345.0,65.0,1.5,0.21965508833703556,0.7803449116629644,368.4210526315789
36,7,2,355.0,65.0,1.5,0.2069546082225061,0.7930453917774939,368.4210526315789
37,7,2,365.0,65.0,1.5,0.20160376950991762,0.7983962304900823,368.4210526315789
38,7,2,375.0,65.0,1.5,0.20023478053113453,0.7997652194688655,368.4210526315789
39,7,2,385.0,65.0,1.5,0.20005540652627984,0.7999445934737202,368.4210526315789
40,7,2,395.0,65.0,1.5,0.20003288091353227,0.7999671190864677,368.4210526315789
41,7,2,405.0,65.0,1.5,0.2000303778016673,0.7999696221983327,368.4210526315789
42,7,2,415.0,65.0,1.5,0.2000305160105537,0.7999694839894463,368.4210526315789
43,7,2,425.0,65.0,1.5,0.2000309797296181,0.7999690202703819,368.4210526315789
44,7,2,435.0,65.0,1.5,0.200031472203241,0.799968527796759,368.4210526315789
45,7,2,445.0,65.0,1.5,0.20003197158647698,0.799968028413523,368.4210526315789
46,7,2,455.0,65.0,1.5,0.20003247630941032,0.7999675236905897,368.4210526315789
47,7,2,465.0,65.0,1.5,0.20003298405058564,0.7999670159494143,368.4210526315789
48,7,2,475.0,65.0,1.5,0.20003348659297893,0.7999665134070211,368.4210526315789
49,7,2,485.0,65.0,1.5,0.20003395736268262,0.7999660426373174,368.4210526315789
50,7,2,495.0,65.0,1.5,0.20003432937372284,0.7999656706262772,368.4210526315789
1,8,2,5.0,75.0,1.5,0.7157538312583253,0.28424616874167474,368.4210526315789
2,8,2,15.0,75.0,1.5,0.7025823660553736,0.2974176339446264,368.4210526315789
3,8,2,25.0,75.0,1.5,0.6877286509164267,0.31227134908357335,368.4210526315789
4,8,2,35.0,75.0,1.5,0.6726378763153932,0.3273621236846068,368.4210526315789
5,8,2,45.0,75.0,1.5,0.65803799001172,0.34196200998827997,368.4210526315789
6,8,2,55.0,75.0,1.5,0.6442255827233987,0.3557744172766013,368.4210526315789
7,8,2,65.0,75.0,1.5,0.6312659199685151,0.3687340800314849,368.4210526315789
8,8,2,75.0,75.0,1.5,0.6191155660878038,0.3808844339121962,368.4210526315789
9,8,2,85.0,75.0,1.5,0.6076826336334425,0.39231736636655745,368.4210526315789
10,8,2,95.0,75.0,1.5,0.5968657623555521,0.4031342376444479,368.4210526315789
11,8,2,105.0,75.0,1.5,0.5865629607534613,0.41343703924653874,368.4210526315789
12,8,2,115.0,75.0,1.5,0.5766761304911214,0.42332386950887857,368.4210526315789
13,8,2,125.0,75.0,1.5,0.5671110957673047,0.4328889042326953,368.4210526315789
14,8,2,135.0,75.0,1.5,0.5577750934402829,0.44222490655971713,368.4210526315789
15,8,2,145.0,75.0,1.5,0.5485745421019309,0.4514254578980691,368.4210526315789
16,8,2,155.0,75.0,1.5,0.5394146008922208,0.4605853991077792,368.4210526315789
17,8,2,165.0,75.0,1.5,0.530206118683649,0.469793881316351,368.4210526315789
18,8,2,175.0,75.0,1.5,0.5208788669855263,0.4791211330144737,368.4210526315789
19,8,2,185.0,75.0,1.5,0.5114034323810371,0.48859656761896286,368.4210526315789
20,8,2,195.0,75.0,1.5,0.5018229430314005,0.4981770569685995,368.4210526315789
21,8,2,205.0,75.0,1.5,0.492302789147933,0.507697210852067,368.4210526315789
22,8,2,215.0,75.0,1.5,0.4832201709644222,0.5167798290355778,368.4210526315789
23,8,2,225.0,75.0,1.5,0.47511060005871997,0.52488939994128,368.4210526315789
24,8,2,235.0,75.0,1.5,0.46749896499762955,0.5325010350023704,368.4210526315789
25,8,2,245.0,75.0,1.5,0.45867076937961504,0.541329230620385,368.4210526315789
26,8,2,255.0,75.0,1.5,0.44706779869936675,0.5529322013006333,368.4210526315789
27,8,2,265.0,75.0,1.5,0.4304417627100376,0.5695582372899624,368.4210526315789
28,8,2,275.0,75.0,1.5,0.40632940258372774,0.5936705974162723,368.4210526315789
29,8,2,285.0,75.0,1.5,0.3725146515898524,0.6274853484101476,368.4210526315789
30,8,2,295.0,75.0,1.5,0.3288237407449009,0.6711762592550992,368.4210526315789
31,8,2,305.0,75.0,1.5,0.2813962739158207,0.7186037260841793,368.4210526315789
32,8,2,315.0,75.0,1.5,0.24250796555062215,0.7574920344493778,368.4210526315789
33,8,2,325.0,75.0,1.5,0.21877282587981248,0.7812271741201875,368.4210526315789
34,8,2,335.0,75.0,1.5,0.20665977896930837,0.7933402210306917,368.4210526315789
35,8,2,345.0,75.0,1.5,0.2015364206078715,0.7984635793921285,368.4210526315789
36,8,2,355.0,75.0,1.5,0.20021906215398477,0.7997809378460152,368.4210526315789
37,8,2,365.0,75.0,1.5,0.20005293558206758,0.7999470644179324,368.4210526315789
38,8,2,375.0,75.0,1.5,0.20003248954369987,0.7999675104563001,368.4210526315789
39,8,2,385.0,75.0,1.5,0.20002952827866716,0.7999704717213328,368.4210526315789
40,8,2,395.0,75.0,1.5,0.20002956176698689,0.7999704382330131,368.4210526315789
41,8,2,405.0,75.0,1.5,0.2000300029856546,0.7999699970143455,368.4210526315789
42,8,2,415.0,75.0,1.5,0.2000304816474636,0.7999695183525364,368.4210526315789
43,8,2,425.0,75.0,1.5,0.20003096573491466,0.7999690342650854,368.4210526315789
44,8,2,435.0,75.0,1.5,0.20003145210821882,0.7999685478917812,368.4210526315789
45,8,2,445.0,75.0,1.5,0.2000319380414665,0.7999680619585335,368.4210526315789
46,8,2,455.0,75.0,1.5,0.20003242012346062,0.7999675798765393,368.4210526315789
47,8,2,465.0,75.0,1.5,0.20003289093989832,0.7999671090601017,368.4210526315789
48,8,2,475.0,75.0,1.5,0.20003333504249596,0.799966664957504,368.4210526315789
49,8,2,485.0,75.0,1.5,0.20003372108129236,0.7999662789187076,368.4210526315789
50,8,2,495.0,75.0,1.5,0.20003398811547934,0.7999660118845207,368.4210526315789
1,9,2,5.0,85.0,1.5,0.6710965205363889,0.3289034794636111,368.4210526315789
2,9,2,15.0,85.0,1.5,0.6603062221647653,0.3396937778352347,368.4210526315789
3,9,2,25.0,85.0,1.5,0.6477700510583116,0.35222994894168835,368.4210526315789
4,9,2,35.0,85.0,1.5,0.6347281765034868,0.3652718234965132,368.4210526315789
5,9,2,45.0,85.0,1.5,0.621839507290444,0.378160492709556,368.4210526315789
6,9,2,55.0,85.0,1.5,0.6094066769029075,0.3905933230970925,368.4210526315789
7,9,2,65.0,85.0,1.5,0.5975358553823135,0.40246414461768654,368.4210526315789
8,9,2,75.0,85.0,1.5,0.5862310645324947,0.41376893546750526,368.4210526315789
9,9,2,85.0,85.0,1.5,0.5754497021629279,0.4245502978370721,368.4210526315789
10,9,2,95.0,85.0,1.5,0.5651280419516072,0.43487195804839285,368.4210526315789
11,9,2,105.0,85.0,1.5,0.5551981072907244,0.4448018927092756,368.4210526315789
12,9,2,115.0,85.0,1.5,0.5455922510256969,0.45440774897430314,368.4210526315789
13,9,2,125.0,85.0,1.5,0.5362426755917221,0.4637573244082779,368.4210526315789
14,9,2,135.0,85.0,1.5,0.5270733581654989,0.47292664183450106,368.4210526315789
15,9,2,145.0,85.0,1.5,0.5179857603715937,0.4820142396284063,368.4210526315789
16,9,2,155.0,85.0,1.5,0.5088550940508598,0.4911449059491402,368.4210526315789
17,9,2,165.0,85.0,1.5,0.49957260711126494,0.5004273928887351,368.4210526315789
18,9,2,175.0,85.0,1.5,0.490170356220654,0.5098296437793459,368.4210526315789
19,9,2,185.0,85.0,1.5,0.48101156518801896,0.5189884348119811,368.4210526315789
20,9,2,195.0,85.0,1.5,0.472721741362428,0.5272782586375719,368.4210526315789
21,9,2,205.0,85.0,1.5,0.4648331854586519,0.5351668145413482,368.4210526315789
22,9,2,215.0,85.0,1.5,0.4555439499184126,0.5444560500815874,368.4210526315789
23,9,2,225.0,85.0,1.5,0.44300059831467115,0.5569994016853288,368.4210526315789
24,9,2,235.0,85.0,1.5,0.42469889644660136,0.5753011035533986,368.4210526315789
25,9,2,245.0,85.0,1.5,0.39816194226938084,0.6018380577306192,368.4210526315789
26,9,2,255.0,85.0,1.5,0.36178446531612185,0.6382155346838781,368.4210526315789
27,9,2,265.0,85.0,1.5,0.3167134687057407,0.6832865312942593,368.4210526315789
28,9,2,275.0,85.0,1.5,0.270473796969494,0.7295262030305061,368.4210526315789
29,9,2,285.0,85.0,1.5,0.23476461220526348,0.7652353877947365,368.4210526315789
30,9,2,295.0,85.0,1.5,0.2141212299001682,0.7858787700998318,368.4210526315789
31,9,2,305.0,85.0,1.5,0.20447282760225666,0.7955271723977433,368.4210526315789
32,9,2,315.0,85.0,1.5,0.20093477465269077,0.7990652253473092,368.4210526315789
33,9,2,325.0,85.0,1.5,0.20014140963024118,0.7998585903697588,368.4210526315789
34,9,2,335.0,85.0,1.5,0.2000439743182244,0.7999560256817756,368.4210526315789
35,9,2,345.0,85.0,1.5,0.20002991230297162,0.7999700876970284,368.4210526315789
36,9,2,355.0,85.0,1.5,0.20002802263592329,0.7999719773640768,368.4210526315789
37,9,2,365.0,85.0,1.5,0.20002815035416757,0.7999718496458325,368.4210526315789
38,9,2,375.0,85.0,1.5,0.20002858241897936,0.7999714175810206,368.4210526315789
39,9,2,385.0,85.0,1.5,0.20002904811237346,0.7999709518876266,368.4210526315789
40,9,2,395.0,85.0,1.5,0.20002952078527944,0.7999704792147205,368.4210526315789
41,9,2,405.0,85.0,1.5,0.20002999756776169,0.7999700024322383,368.4210526315789
42,9,2,415.0,85.0,1.5,0.20003047663161325,0.7999695233683868,368.4210526315789
43,9,2,425.0,85.0,1.5,0.20003095676145627,0.7999690432385438,368.4210526315789
44,9,2,435.0,85.0,1.5,0.20003143635317383,0.7999685636468261,368.4210526315789
45,9,2,445.0,85.0,1.5,0.20003191142695126,0.7999680885730487,368.4210526315789
46,9,2,455.0,85.0,1.5,0.20003237573174237,0.7999676242682576,368.4210526315789
47,9,2,465.0,85.0,1.5,0.20003281853973973,0.7999671814602602,368.4210526315789
48,9,2,475.0,85.0,1.5,0.20003322088407205,0.799966779115928,368.4210526315789
49,9,2,485.0,85.0,1.5,0.20003355112992427,0.7999664488700757,368.4210526315789
50,9,2,495.0,85.0,1.5,0.2000337597057594,0.7999662402942406,368.4210526315789
1,10,2,5.0,95.0,1.5,0.5961070905573829,0.40389290944261713,368.4210526315789
2,10,2,15.0,95.0,1.5,0.5875641446053672,0.4124358553946328,368.4210526315789
3,10,2,25.0,95.0,1.5,0.5771674294128339,0.42283257058716606,368.4210526315789
4,10,2,35.0,95.0,1.5,0.5658808726398102,0.43411912736018976,368.4210526315789
5,10,2,45.0,95.0,1.5,0.5542639241509697,0.4457360758490303,368.4210526315789
6,10,2,55.0,95.0,1.5,0.5426033240788151,0.45739667592118494,368.4210526315789
7,10,2,65.0,95.0,1.5,0.5310191186957364,0.46898088130426363,368.4210526315789
8,10,2,75.0,95.0,1.5,0.5195349054002494,0.4804650945997506,368.4210526315789
9,10,2,85.0,95.0,1.5,0.508125498468802,0.49187450153119805,368.4210526315789
10,10,2,95.0,95.0,1.5,0.49676025757058506,0.5032397424294149,368.4210526315789
11,10,2,105.0,95.0,1.5,0.48545740309530394,0.5145425969046961,368.4210526315789
12,10,2,115.0,95.0,1.5,0.4743666242266671,0.5256333757733329,368.4210526315789
13,10,2,125.0,95.0,1.5,0.4638566268187593,0.5361433731812407,368.4210526315789
14,10,2,135.0,95.0,1.5,0.45434437376573744,0.5456556262342626,368.4210526315789
15,10,2,145.0,95.0,1.5,0.44510853854610427,0.5548914614538958,368.4210526315789
16,10,2,155.0,95.0,1.5,0.4347936434792129,0.5652063565207871,368.4210526315789
17,10,2,165.0,95.0,1.5,0.4215370245988883,0.5784629754011117,368.4210526315789
18,10,2,175.0,95.0,1.5,0.4025990221129765,0.5974009778870235,368.4210526315789
19,10,2,185.0,95.0,1.5,0.375365376565108,0.6246346234348921,368.4210526315789
20,10,2,195.0,95.0,1.5,0.33896757044522086,0.6610324295547791,368.4210526315789
21,10,2,205.0,95.0,1.5,0.2967769338456211,0.7032230661543789,368.4210526315789
22,10,2,215.0,95.0,1.5,0.2574033208562603,0.7425966791437397,368.4210526315789
23,10,2,225.0,95.0,1.5,0.22906265181454633,0.7709373481854537,368.4210526315789
24,10,2,235.0,95.0,1.5,0.21276051490402278,0.7872394850959772,368.4210526315789
25,10,2,245.0,95.0,1.5,0.20485401525405733,0.7951459847459427,368.4210526315789
26,10,2,255.0,95.0,1.5,0.20161394051318063,0.7983860594868194,368.4210526315789
27,10,2,265.0,95.0,1.5,0.20045123901101422,0.7995487609889858,368.4210526315789
28,10,2,275.0,95.0,1.5,0.20010345581763006,0.79989654418237,368.4210526315789
29,10,2,285.0,95.0,1.5,0.20003771259417355,0.7999622874058264,368.4210526315789
30,10,2,295.0,95.0,1.5,0.2000275150308184,0.7999724849691816,368.4210526315789
31,10,2,305.0,95.0,1.5,0.2000258431615307,0.7999741568384693,368.4210526315789
32,10,2,315.0,95.0,1.5,0.20002592645154094,0.7999740735484591,368.4210526315789
33,10,2,325.0,95.0,1.5,0.2000263096572692,0.7999736903427308,368.4210526315789
34,10,2,335.0,95.0,1.5,0.20002674834288683,0.7999732516571132,368.4210526315789
35,10,2,345.0,95.0,1.5,0.20002719816715028,0.7999728018328497,368.4210526315789
36,10,2,355.0,95.0,1.5,0.20002765409008716,0.7999723459099128,368.4210526315789
37,10,2,365.0,95.0,1.5,0.200028114641524,0.799971885358476,368.4210526315789
38,10,2,375.0,95.0,1.5,0.200028579291364,0.799971420708636,368.4210526315789
39,10,2,385.0,95.0,1.5,0.2000290480676377,0.7999709519323623,368.4210526315789
40,10,2,395.0,95.0,1.5,0.20002952078910693,0.799970479210893,368.4210526315789
41,10,2,405.0,95.0,1.5,0.20002999649882952,0.7999700035011705,368.4210526315789
42,10,2,415.0,95.0,1.5,0.2000304739936423,0.7999695260063577,368.4210526315789
43,10,2,425.0,95.0,1.5,0.20003095196353038,0.7999690480364696,368.4210526315789
44,10,2,435.0,95.0,1.5,0.20003142776639907,0.799968572233601,368.4210526315789
45,10,2,445.0,95.0,1.5,0.200031896687876,0.799968103312124,368.4210526315789
46,10,2,455.0,95.0,1.5,0.20003235119102827,0.7999676488089718,368.4210526315789
47,10,2,465.0,95.0,1.5,0.20003277858519342,0.7999672214148066,368.4210526315789
48,10,2,475.0,95.0,1.5,0.20003315855850656,0.7999668414414934,368.4210526315789
49,10,2,485.0,95.0,1.5,0.20003346056039617,0.7999665394396038,368.4210526315789
50,10,2,495.0,95.0,1.5,0.20003364286106032,0.7999663571389397,368.4210526315789
1,1,3,5.0,5.0,2.5,0.6481199161724925,0.35188008382750746,403.50877192982455
2,1,3,15.0,5.0,2.5,0.6376728998117649,0.3623271001882351,403.50877192982455
3,1,3,25.0,5.0,2.5,0.6256686083405926,0.37433139165940743,403.50877192982455
4,1,3,35.0,5.0,2.5,0.6132664639761921,0.3867335360238079,403.50877192982455
5,1,3,45.0,5.0,2.5,0.6010342372560034,0.39896576274399664,403.50877192982455
6,1,3,55.0,5.0,2.5,0.5892203760422485,0.41077962395775147,403.50877192982455
7,1,3,65.0,5.0,2.5,0.5778981588662436,0.4221018411337564,403.50877192982455
8,1,3,75.0,5.0,2.5,0.5670590235771755,0.4329409764228245,403.50877192982455
9,1,3,85.0,5.0,2.5,0.5566572435310646,0.4433427564689354,403.50877192982455
10,1,3,95.0,5.0,2.5,0.5466370243206302,0.4533629756793698,403.50877192982455
11,1,3,105.0,5.0,2.5,0.5369519461177049,0.4630480538822951,403.50877192982455
12,1,3,115.0,5.0,2.5,0.5275841731068365,0.4724158268931635,403.50877192982455
13,1,3,125.0,5.0,2.5,0.5185678841928641,0.48143211580713585,403.50877192982455
14,1,3,135.0,5.0,2.5,0.510017742365712,0.48998225763428804,403.50877192982455
15,1,3,145.0,5.0,2.5,0.5021363256934472,0.49786367430655276,403.50877192982455
16,1,3,155.0,5.0,2.5,0.4951329962734994,0.5048670037265006,403.50877192982455
17,1,3,165.0,5.0,2.5,0.48896730325249105,0.511032696747509,403.50877192982455
18,1,3,175.0,5.0,2.5,0.48306474224730356,0.5169352577526964,403.50877192982455
19,1,3,185.0,5.0,2.5,0.47692012665081945,0.5230798733491806,403.50877192982455
20,1,3,195.0,5.0,2.5,0.47005198644288354,0.5299480135571164,403.50877192982455
21,1,3,205.0,5.0,2.5,0.462199788170225,0.537800211829775,403.50877192982455
22,1,3,215.0,5.0,2.5,0.4533316663754729,0.546668333624527,403.50877192982455
23,1,3,225.0,5.0,2.5,0.44307879305499626,0.5569212069450038,403.50877192982455
24,1,3,235.0,5.0,2.5,0.4299757554837336,0.5700242445162664,403.50877192982455
25,1,3,245.0,5.0,2.5,0.4113531656407473,0.5886468343592527,403.50877192982455
26,1,3,255.0,5.0,2.5,0.3843509253301279,0.6156490746698722,403.50877192982455
27,1,3,265.0,5.0,2.5,0.34758885293709346,0.6524111470629066,403.50877192982455
28,1,3,275.0,5.0,2.5,0.3037719994943099,0.6962280005056901,403.50877192982455
29,1,3,285.0,5.0,2.5,0.2617309338925948,0.7382690661074052,403.50877192982455
30,1,3,295.0,5.0,2.5,0.23097334325050936,0.7690266567494907,403.50877192982455
31,1,3,305.0,5.0,2.5,0.21313300106675107,0.786866998933249,403.50877192982455
32,1,3,315.0,5.0,2.5,0.20443057826779504,0.7955694217322049,403.50877192982455
33,1,3,325.0,5.0,2.5,0.20111934856706057,0.7988806514329394,403.50877192982455
34,1,3,335.0,5.0,2.5,0.20023922947210818,0.7997607705278919,403.50877192982455
35,1,3,345.0,5.0,2.5,0.200064462342246,0.7999355376577539,403.50877192982455
36,1,3,355.0,5.0,2.5,0.20003350333434503,0.799966496665655,403.50877192982455
37,1,3,365.0,5.0,2.5,0.20002883330705026,0.7999711666929498,403.50877192982455
38,1,3,375.0,5.0,2.5,0.2000285104441062,0.7999714895558938,403.50877192982455
39,1,3,385.0,5.0,2.5,0.2000288628421925,0.7999711371578075,403.50877192982455
40,1,3,395.0,5.0,2.5,0.20002932640760734,0.7999706735923926,403.50877192982455
41,1,3,405.0,5.0,2.5,0.20002980947953783,0.7999701905204621,403.50877192982455
42,1,3,415.0,5.0,2.5,0.20003030103755617,0.7999696989624439,403.50877192982455
43,1,3,425.0,5.0,2.5,0.20003079840100577,0.7999692015989942,403.50877192982455
44,1,3,435.0,5.0,2.5,0.2000313000213207,0.7999686999786793,403.50877192982455
45,1,3,445.0,5.0,2.5,0.200031804658666,0.799968195341334,403.50877192982455
46,1,3,455.0,5.0,2.5,0.20003230791641535,0.7999676920835846,403.50877192982455
47,1,3,465.0,5.0,2.5,0.2000328002402175,0.7999671997597825,403.50877192982455
48,1,3,475.0,5.0,2.5,0.20003326340511857,0.7999667365948815,403.50877192982455
49,1,3,485.0,5.0,2.5,0.20003366093229064,0.7999663390677094,403.50877192982455
50,1,3,495.0,5.0,2.5,0.20003392720410149,0.7999660727958985,403.50877192982455
1,2,3,5.0,15.0,2.5,0.7112417683540253,0.2887582316459747,403.50877192982455
2,2,3,15.0,15.0,2.5,0.6980605942272583,0.3019394057727417,403.50877192982455
3,2,3,25.0,15.0,2.5,0.6833999709184819,0.3166000290815181,403.50877192982455
4,2,3,35.0,15.0,2.5,0.6686999469772733,0.3313000530227267,403.50877192982455
5,2,3,45.0,15.0,2.5,0.6546234374306705,0.34537656256932947,403.50877192982455
6,2,3,55.0,15.0,2.5,0.6414093565042815,0.35859064349571845,403.50877192982455
7,2,3,65.0,15.0,2.5,0.6290868476463883,0.37091315235361166,403.50877192982455
8,2,3,75.0,15.0,2.5,0.6175931669897207,0.38240683301027933,403.50877192982455
9,2,3,85.0,15.0,2.5,0.606837819281343,0.39316218071865705,403.50877192982455
10,2,3,95.0,15.0,2.5,0.5967254264278969,0.40327457357210306,403.50877192982455
11,2,3,105.0,15.0,2.5,0.5871685471871948,0.4128314528128052,403.50877192982455
12,2,3,115.0,15.0,2.5,0.5780932518811676,0.42190674811883244,403.50877192982455
13,2,3,125.0,15.0,2.5,0.5694401349589998,0.4305598650410002,403.50877192982455
14,2,3,135.0,15.0,2.5,0.5611654337637125,0.43883456623628747,403.50877192982455
15,2,3,145.0,15.0,2.5,0.5532383027731176,0.4467616972268824,403.50877192982455
16,2,3,155.0,15.0,2.5,0.5456322836740686,0.4543677163259314,403.50877192982455
17,2,3,165.0,15.0,2.5,0.5383170556675564,0.4616829443324436,403.50877192982455
18,2,3,175.0,15.0,2.5,0.531246732637285,0.46875326736271505,403.50877192982455
19,2,3,185.0,15.0,2.5,0.5243940286088112,0.47560597139118876,403.50877192982455
20,2,3,195.0,15.0,2.5,0.517806817170242,0.482193182829758,403.50877192982455
21,2,3,205.0,15.0,2.5,0.5116457932223002,0.4883542067776998,403.50877192982455
22,2,3,215.0,15.0,2.5,0.5060202295667434,0.4939797704332566,403.50877192982455
23,2,3,225.0,15.0,2.5,0.5006125518974321,0.49938744810256785,403.50877192982455
24,2,3,235.0,15.0,2.5,0.49494788536370204,0.505052114636298,403.50877192982455
25,2,3,245.0,15.0,2.5,0.48854615698657294,0.511453843013427,403.50877192982455
26,2,3,255.0,15.0,2.5,0.4810941320094105,0.5189058679905896,403.50877192982455
27,2,3,265.0,15.0,2.5,0.4725431769595406,0.5274568230404594,403.50877192982455
28,2,3,275.0,15.0,2.5,0.4627332339322398,0.5372667660677601,403.50877192982455
29,2,3,285.0,15.0,2.5,0.4507891441668969,0.549210855833103,403.50877192982455
30,2,3,295.0,15.0,2.5,0.4347065590139898,0.5652934409860102,403.50877192982455
31,2,3,305.0,15.0,2.5,0.4116729714167551,0.5883270285832449,403.50877192982455
32,2,3,315.0,15.0,2.5,0.379106078690332,0.620893921309668,403.50877192982455
33,2,3,325.0,15.0,2.5,0.33620898746062156,0.6637910125393784,403.50877192982455
34,2,3,335.0,15.0,2.5,0.2876055733870219,0.712394426612978,403.50877192982455
35,2,3,345.0,15.0,2.5,0.2454473116811341,0.7545526883188659,403.50877192982455
36,2,3,355.0,15.0,2.5,0.2189652874185934,0.7810347125814066,403.50877192982455
37,2,3,365.0,15.0,2.5,0.20613298154949983,0.7938670184505001,403.50877192982455
38,2,3,375.0,15.0,2.5,0.20129980218429674,0.7987001978157032,403.50877192982455
39,2,3,385.0,15.0,2.5,0.20018904397562443,0.7998109560243756,403.50877192982455
40,2,3,395.0,15.0,2.5,0.20004921893061792,0.7999507810693821,403.50877192982455
41,2,3,405.0,15.0,2.5,0.20003197960795166,0.7999680203920483,403.50877192982455
42,2,3,415.0,15.0,2.5,0.20003051627748564,0.7999694837225144,403.50877192982455
43,2,3,425.0,15.0,2.5,0.200030810161709,0.799969189838291,403.50877192982455
44,2,3,435.0,15.0,2.5,0.20003130148514003,0.79996869851486,403.50877192982455
45,2,3,445.0,15.0,2.5,0.20003180906616286,0.7999681909338372,403.50877192982455
46,2,3,455.0,15.0,2.5,0.20003232006085195,0.7999676799391481,403.50877192982455
47,2,3,465.0,15.0,2.5,0.20003282691409185,0.7999671730859081,403.50877192982455
48,2,3,475.0,15.0,2.5,0.2000333155616941,0.7999666844383059,403.50877192982455
49,2,3,485.0,15.0,2.5,0.20003375295734582,0.7999662470426542,403.50877192982455
50,2,3,495.0,15.0,2.5,0.2000340683857636,0.7999659316142365,403.50877192982455
1,3,3,5.0,25.0,2.5,0.7485286555558766,0.25147134444412345,403.50877192982455
2,3,3,15.0,25.0,2.5,0.7333919015390815,0.2666080984609185,403.50877192982455
3,3,3,25.0,25.0,2.5,0.7166606278932248,0.2833393721067752,403.50877192982455
4,3,3,35.0,25.0,2.5,0.7000191011693833,0.29998089883061674,403.50877192982455
5,3,3,45.0,25.0,2.5,0.684279054347714,0.31572094565228603,403.50877192982455
6,3,3,55.0,25.0,2.5,0.6697057252250939,0.33029427477490614,403.50877192982455
7,3,3,65.0,25.0,2.5,0.6562912323629951,0.34370876763700486,403.50877192982455
8,3,3,75.0,25.0,2.5,0.6439211644910825,0.3560788355089175,403.50877192982455
9,3,3,85.0,25.0,2.5,0.6324668042164489,0.36753319578355115,403.50877192982455
10,3,3,95.0,25.0,2.5,0.6217786675368105,0.37822133246318945,403.50877192982455
11,3,3,105.0,25.0,2.5,0.6117259479617934,0.38827405203820664,403.50877192982455
12,3,3,115.0,25.0,2.5,0.6022030537456384,0.39779694625436157,403.50877192982455
13,3,3,125.0,25.0,2.5,0.5931250428059329,0.4068749571940671,403.50877192982455
14,3,3,135.0,25.0,2.5,0.5844228910659499,0.4155771089340501,403.50877192982455
15,3,3,145.0,25.0,2.5,0.5760326854627371,0.4239673145372629,403.50877192982455
16,3,3,155.0,25.0,2.5,0.5678925548548218,0.4321074451451782,403.50877192982455
17,3,3,165.0,25.0,2.5,0.5599464050007692,0.4400535949992308,403.50877192982455
18,3,3,175.0,25.0,2.5,0.5521528569380195,0.4478471430619805,403.50877192982455
19,3,3,185.0,25.0,2.5,0.5444886610473331,0.45551133895266693,403.50877192982455
20,3,3,195.0,25.0,2.5,0.5369756963622199,0.46302430363778013,403.50877192982455
21,3,3,205.0,25.0,2.5,0.5296977427996088,0.4703022572003912,403.50877192982455
22,3,3,215.0,25.0,2.5,0.522803245105509,0.477196754894491,403.50877192982455
23,3,3,225.0,25.0,2.5,0.5164585187735697,0.48354148122643026,403.50877192982455
24,3,3,235.0,25.0,2.5,0.5107397620813858,0.48926023791861417,403.50877192982455
25,3,3,245.0,25.0,2.5,0.5054300482703312,0.4945699517296688,403.50877192982455
26,3,3,255.0,25.0,2.5,0.5000110032490704,0.49998899675092956,403.50877192982455
27,3,3,265.0,25.0,2.5,0.49414302730137777,0.5058569726986222,403.50877192982455
28,3,3,275.0,25.0,2.5,0.48746977689558807,0.512530223104412,403.50877192982455
29,3,3,285.0,25.0,2.5,0.4797510870616025,0.5202489129383975,403.50877192982455
30,3,3,295.0,25.0,2.5,0.47082169301627297,0.529178306983727,403.50877192982455
31,3,3,305.0,25.0,2.5,0.4603500267804722,0.5396499732195278,403.50877192982455
32,3,3,315.0,25.0,2.5,0.44740063592432205,0.5525993640756779,403.50877192982455
33,3,3,325.0,25.0,2.5,0.4299713490858258,0.5700286509141742,403.50877192982455
34,3,3,335.0,25.0,2.5,0.4051983215174973,0.5948016784825028,403.50877192982455
35,3,3,345.0,25.0,2.5,0.37028412043979286,0.6297158795602071,403.50877192982455
36,3,3,355.0,25.0,2.5,0.3246142125290796,0.6753857874709204,403.50877192982455
37,3,3,365.0,25.0,2.5,0.27501930529984436,0.7249806947001556,403.50877192982455
38,3,3,375.0,25.0,2.5,0.23572083815914044,0.7642791618408595,403.50877192982455
39,3,3,385.0,25.0,2.5,0.21350915519620628,0.7864908448037937,403.50877192982455
40,3,3,395.0,25.0,2.5,0.20363459932190248,0.7963654006780976,403.50877192982455
41,3,3,405.0,25.0,2.5,0.20055817995338812,0.7994418200466119,403.50877192982455
42,3,3,415.0,25.0,2.5,0.20007906754560745,0.7999209324543926,403.50877192982455
43,3,3,425.0,25.0,2.5,0.2000351934566894,0.7999648065433106,403.50877192982455
44,3,3,435.0,25.0,2.5,0.2000316769549489,0.7999683230450512,403.50877192982455
45,3,3,445.0,25.0,2.5,0.20003183394668983,0.7999681660533102,403.50877192982455
46,3,3,455.0,25.0,2.5,0.20003233912590718,0.7999676608740929,403.50877192982455
47,3,3,465.0,25.0,2.5,0.20003286949968838,0.7999671305003117,403.50877192982455
48,3,3,475.0,25.0,2.5,0.20003340184278726,0.7999665981572127,403.50877192982455
49,3,3,485.0,25.0,2.5,0.2000339100205496,0.7999660899794504,403.50877192982455
50,3,3,495.0,25.0,2.5,0.2000343245842103,0.7999656754157897,403.50877192982455
1,4,3,5.0,35.0,2.5,0.7741437313546191,0.2258562686453809,403.50877192982455
2,4,3,15.0,35.0,2.5,0.7583753470278323,0.24162465297216773,403.50877192982455
3,4,3,25.0,35.0,2.5,0.7402677421493549,0.25973225785064513,403.50877192982455
4,4,3,35.0,35.0,2.5,0.7220406996656411,0.2779593003343589,403.50877192982455
5,4,3,45.0,35.0,2.5,0.7048520508002661,0.29514794919973386,403.50877192982455
6,4,3,55.0,35.0,2.5,0.689207091495487,0.310792908504513,403.50877192982455
7,4,3,65.0,35.0,2.5,0.6749680024706064,0.3250319975293936,403.50877192982455
8,4,3,75.0,35.0,2.5,0.6619295688094557,0.33807043119054425,403.50877192982455
9,4,3,85.0,35.0,2.5,0.649878989769884,0.350121010230116,403.50877192982455
10,4,3,95.0,35.0,2.5,0.6386661080534957,0.36133389194650434,403.50877192982455
11,4,3,105.0,35.0,2.5,0.6281567641787182,0.37184323582128176,403.50877192982455
12,4,3,115.0,35.0,2.5,0.6182355936261175,0.38176440637388254,403.50877192982455
13,4,3,125.0,35.0,2.5,0.6087985988704716,0.3912014011295284,403.50877192982455
14,4,3,135.0,35.0,2.5,0.5997534702539471,0.4002465297460529,403.50877192982455
15,4,3,145.0,35.0,2.5,0.5910269314111688,0.4089730685888312,403.50877192982455
16,4,3,155.0,35.0,2.5,0.5825588256061942,0.4174411743938058,403.50877192982455
17,4,3,165.0,35.0,2.5,0.5742950883127917,0.42570491168720825,403.50877192982455
18,4,3,175.0,35.0,2.5,0.566192650209656,0.43380734979034397,403.50877192982455
19,4,3,185.0,35.0,2.5,0.5582208571070217,0.44177914289297826,403.50877192982455
20,4,3,195.0,35.0,2.5,0.5503583009300708,0.44964169906992923,403.50877192982455
21,4,3,205.0,35.0,2.5,0.5426132938071044,0.45738670619289556,403.50877192982455
22,4,3,215.0,35.0,2.5,0.5350321160169266,0.4649678839830734,403.50877192982455
23,4,3,225.0,35.0,2.5,0.5277227603289989,0.4722772396710011,403.50877192982455
24,4,3,235.0,35.0,2.5,0.5208595291175585,0.4791404708824415,403.50877192982455
25,4,3,245.0,35.0,2.5,0.5146516146036824,0.48534838539631764,403.50877192982455
26,4,3,255.0,35.0,2.5,0.5091730864938118,0.49082691350618823,403.50877192982455
27,4,3,265.0,35.0,2.5,0.5040619679313628,0.4959380320686372,403.50877192982455
28,4,3,275.0,35.0,2.5,0.49870389513755026,0.5012961048624498,403.50877192982455
29,4,3,285.0,35.0,2.5,0.4926891066095009,0.5073108933904991,403.50877192982455
30,4,3,295.0,35.0,2.5,0.4856950093564248,0.5143049906435753,403.50877192982455
31,4,3,305.0,35.0,2.5,0.47759248133692644,0.5224075186630736,403.50877192982455
32,4,3,315.0,35.0,2.5,0.4682875032006557,0.5317124967993443,403.50877192982455
33,4,3,325.0,35.0,2.5,0.45734285137051417,0.5426571486294858,403.50877192982455
34,4,3,335.0,35.0,2.5,0.44352823577219214,0.5564717642278079,403.50877192982455
35,4,3,345.0,35.0,2.5,0.4245579479310217,0.5754420520689782,403.50877192982455
36,4,3,355.0,35.0,2.5,0.3975079644745684,0.6024920355254316,403.50877192982455
37,4,3,365.0,35.0,2.5,0.3598157938710587,0.6401842061289413,403.50877192982455
38,4,3,375.0,35.0,2.5,0.31192036532775264,0.6880796346722473,403.50877192982455
39,4,3,385.0,35.0,2.5,0.26294523994190105,0.737054760058099,403.50877192982455
40,4,3,395.0,35.0,2.5,0.2273727063172111,0.7726272936827889,403.50877192982455
41,4,3,405.0,35.0,2.5,0.2089219044522456,0.7910780955477544,403.50877192982455
42,4,3,415.0,35.0,2.5,0.2018122909827148,0.7981877090172852,403.50877192982455
43,4,3,425.0,35.0,2.5,0.2002154458209061,0.7997845541790939,403.50877192982455
44,4,3,435.0,35.0,2.5,0.20004594795261896,0.799954052047381,403.50877192982455
45,4,3,445.0,35.0,2.5,0.20003284511007616,0.7999671548899239,403.50877192982455
46,4,3,455.0,35.0,2.5,0.2000324235893283,0.7999675764106717,403.50877192982455
47,4,3,465.0,35.0,2.5,0.2000329133345145,0.7999670866654855,403.50877192982455
48,4,3,475.0,35.0,2.5,0.20003349348464272,0.7999665065153573,403.50877192982455
49,4,3,485.0,35.0,2.5,0.20003408888354024,0.7999659111164598,403.50877192982455
50,4,3,495.0,35.0,2.5,0.20003463084737255,0.7999653691526274,403.50877192982455
1,5,3,5.0,45.0,2.5,0.7919950934723176,0.20800490652768244,403.50877192982455
2,5,3,15.0,45.0,2.5,0.7782687353133646,0.2217312646866354,403.50877192982455
3,5,3,25.0,45.0,2.5,0.7599742976776755,0.24002570232232445,403.50877192982455
4,5,3,35.0,45.0,2.5,0.7408866804129884,0.25911331958701156,403.50877192982455
5,5,3,45.0,45.0,2.5,0.722905345776884,0.27709465422311597,403.50877192982455
6,5,3,55.0,45.0,2.5,0.7063447368330875,0.2936552631669125,403.50877192982455
7,5,3,65.0,45.0,2.5,0.6912854131711409,0.3087145868288591,403.50877192982455
8,5,3,75.0,45.0,2.5,0.6775742723256123,0.3224257276743877,403.50877192982455
9,5,3,85.0,45.0,2.5,0.6650052539844414,0.33499474601555856,403.50877192982455
10,5,3,95.0,45.0,2.5,0.6533912406383333,0.3466087593616667,403.50877192982455
11,5,3,105.0,45.0,2.5,0.6425650813207742,0.35743491867922583,403.50877192982455
12,5,3,115.0,45.0,2.5,0.6323952174391334,0.3676047825608666,403.50877192982455
13,5,3,125.0,45.0,2.5,0.62276952321365,0.37723047678635,403.50877192982455
14,5,3,135.0,45.0,2.5,0.613594713516821,0.38640528648317896,403.50877192982455
15,5,3,145.0,45.0,2.5,0.6047914345998926,0.3952085654001074,403.50877192982455
16,5,3,155.0,45.0,2.5,0.5962921716144562,0.40370782838554375,403.50877192982455
17,5,3,165.0,45.0,2.5,0.5880350369095518,0.41196496309044817,403.50877192982455
18,5,3,175.0,45.0,2.5,0.5799636155114494,0.42003638448855063,403.50877192982455
19,5,3,185.0,45.0,2.5,0.5720325058435672,0.42796749415643276,403.50877192982455
20,5,3,195.0,45.0,2.5,0.5642087990129943,0.43579120098700574,403.50877192982455
21,5,3,205.0,45.0,2.5,0.5564791141766888,0.4435208858233112,403.50877192982455
22,5,3,215.0,45.0,2.5,0.5488517409836017,0.4511482590163983,403.50877192982455
23,5,3,225.0,45.0,2.5,0.5413685224060132,0.4586314775939868,403.50877192982455
24,5,3,235.0,45.0,2.5,0.5341250921133256,0.4658749078866744,403.50877192982455
25,5,3,245.0,45.0,2.5,0.5272772780107197,0.47272272198928034,403.50877192982455
26,5,3,255.0,45.0,2.5,0.5210148379618604,0.47898516203813957,403.50877192982455
27,5,3,265.0,45.0,2.5,0.5154387260215734,0.48456127397842663,403.50877192982455
28,5,3,275.0,45.0,2.5,0.5103392667095479,0.4896607332904521,403.50877192982455
29,5,3,285.0,45.0,2.5,0.5050862995693689,0.4949137004306311,403.50877192982455
30,5,3,295.0,45.0,2.5,0.49928761508853386,0.5007123849114661,403.50877192982455
31,5,3,305.0,45.0,2.5,0.4926131048199902,0.5073868951800098,403.50877192982455
32,5,3,315.0,45.0,2.5,0.4848578833264668,0.5151421166735333,403.50877192982455
33,5,3,325.0,45.0,2.5,0.4759510043278439,0.5240489956721561,403.50877192982455
34,5,3,335.0,45.0,2.5,0.4656815877876697,0.5343184122123303,403.50877192982455
35,5,3,345.0,45.0,2.5,0.4532428069874018,0.5467571930125982,403.50877192982455
36,5,3,355.0,45.0,2.5,0.43677527704589847,0.5632247229541015,403.50877192982455
37,5,3,365.0,45.0,2.5,0.41341443298175357,0.5865855670182465,403.50877192982455
38,5,3,375.0,45.0,2.5,0.3799529953435252,0.6200470046564748,403.50877192982455
39,5,3,385.0,45.0,2.5,0.33439457947738316,0.6656054205226168,403.50877192982455
40,5,3,395.0,45.0,2.5,0.2813383858507001,0.7186616141492999,403.50877192982455
41,5,3,405.0,45.0,2.5,0.2365367116402313,0.7634632883597687,403.50877192982455
42,5,3,415.0,45.0,2.5,0.2115555642217657,0.7884444357782343,403.50877192982455
43,5,3,425.0,45.0,2.5,0.20221887893733953,0.7977811210626604,403.50877192982455
44,5,3,435.0,45.0,2.5,0.2002308154187564,0.7997691845812436,403.50877192982455
45,5,3,445.0,45.0,2.5,0.20004390239785771,0.7999560976021423,403.50877192982455
46,5,3,455.0,45.0,2.5,0.2000330947330143,0.7999669052669857,403.50877192982455
47,5,3,465.0,45.0,2.5,0.20003296465121426,0.7999670353487858,403.50877192982455
48,5,3,475.0,45.0,2.5,0.20003352733038593,0.7999664726696141,403.50877192982455
49,5,3,485.0,45.0,2.5,0.20003414941413558,0.7999658505858644,403.50877192982455
50,5,3,495.0,45.0,2.5,0.20003468398176288,0.7999653160182372,403.50877192982455
1,6,3,5.0,55.0,2.5,0.7752544970117526,0.22474550298824736,403.50877192982455
2,6,3,15.0,55.0,2.5,0.7603147691769717,0.23968523082302828,403.50877192982455
3,6,3,25.0,55.0,2.5,0.7430860524021646,0.25691394759783537,403.50877192982455
4,6,3,35.0,55.0,2.5,0.7255953138551319,0.2744046861448681,403.50877192982455
5,6,3,45.0,55.0,2.5,0.7089689323324537,0.2910310676675463,403.50877192982455
6,6,3,55.0,55.0,2.5,0.693574507350968,0.30642549264903196,403.50877192982455
7,6,3,65.0,55.0,2.5,0.6794334818310369,0.3205665181689631,403.50877192982455
8,6,3,75.0,55.0,2.5,0.6664227947544628,0.33357720524553724,403.50877192982455
9,6,3,85.0,55.0,2.5,0.6543868121370249,0.3456131878629751,403.50877192982455
10,6,3,95.0,55.0,2.5,0.6431722183635941,0.35682778163640594,403.50877192982455
11,6,3,105.0,55.0,2.5,0.6326474079159036,0.36735259208409643,403.50877192982455
12,6,3,115.0,55.0,2.5,0.6226990882061707,0.3773009117938293,403.50877192982455
13,6,3,125.0,55.0,2.5,0.6132297076914697,0.38677029230853033,403.50877192982455
14,6,3,135.0,55.0,2.5,0.6041552233331737,0.39584477666682627,403.50877192982455
15,6,3,145.0,55.0,2.5,0.5954030795659279,0.40459692043407214,403.50877192982455
16,6,3,155.0,55.0,2.5,0.5869108300401169,0.4130891699598831,403.50877192982455
17,6,3,165.0,55.0,2.5,0.5786208197010101,0.4213791802989899,403.50877192982455
18,6,3,175.0,55.0,2.5,0.5704850363378899,0.42951496366211006,403.50877192982455
19,6,3,185.0,55.0,2.5,0.5624661870861615,0.4375338129138385,403.50877192982455
20,6,3,195.0,55.0,2.5,0.5545358286277995,0.4454641713722005,403.50877192982455
21,6,3,205.0,55.0,2.5,0.5466893325136064,0.4533106674863936,403.50877192982455
22,6,3,215.0,55.0,2.5,0.538955927055262,0.46104407294473804,403.50877192982455
23,6,3,225.0,55.0,2.5,0.5314237268580133,0.4685762731419867,403.50877192982455
24,6,3,235.0,55.0,2.5,0.5242623150957001,0.4757376849042999,403.50877192982455
25,6,3,245.0,55.0,2.5,0.517709926019159,0.482290073980841,403.50877192982455
26,6,3,255.0,55.0,2.5,0.5119542498410905,0.4880457501589095,403.50877192982455
27,6,3,265.0,55.0,2.5,0.5068438500362404,0.49315614996375956,403.50877192982455
28,6,3,275.0,55.0,2.5,0.501710947065628,0.498289052934372,403.50877192982455
29,6,3,285.0,55.0,2.5,0.49604966560664804,0.503950334393352,403.50877192982455
30,6,3,295.0,55.0,2.5,0.4894781926667092,0.5105218073332908,403.50877192982455
31,6,3,305.0,55.0,2.5,0.4817897010385422,0.5182102989614579,403.50877192982455
32,6,3,315.0,55.0,2.5,0.47292694536103325,0.5270730546389668,403.50877192982455
33,6,3,325.0,55.0,2.5,0.4626891486702602,0.5373108513297398,403.50877192982455
34,6,3,335.0,55.0,2.5,0.45025046713642564,0.5497495328635744,403.50877192982455
35,6,3,345.0,55.0,2.5,0.433716215808523,0.566283784191477,403.50877192982455
36,6,3,355.0,55.0,2.5,0.410227742510611,0.589772257489389,403.50877192982455
37,6,3,365.0,55.0,2.5,0.37666844547382733,0.6233315545261726,403.50877192982455
38,6,3,375.0,55.0,2.5,0.3315312794208726,0.6684687205791273,403.50877192982455
39,6,3,385.0,55.0,2.5,0.2802088708291062,0.7197911291708938,403.50877192982455
40,6,3,395.0,55.0,2.5,0.23754130198852527,0.7624586980114747,403.50877192982455
41,6,3,405.0,55.0,2.5,0.21301437498299708,0.7869856250170029,403.50877192982455
42,6,3,415.0,55.0,2.5,0.20287957229826564,0.7971204277017343,403.50877192982455
43,6,3,425.0,55.0,2.5,0.20034224175821205,0.799657758241788,403.50877192982455
44,6,3,435.0,55.0,2.5,0.20005275635997985,0.7999472436400201,403.50877192982455
45,6,3,445.0,55.0,2.5,0.200033030653765,0.799966969346235,403.50877192982455
46,6,3,455.0,55.0,2.5,0.20003238515472727,0.7999676148452728,403.50877192982455
47,6,3,465.0,55.0,2.5,0.20003285547338553,0.7999671445266144,403.50877192982455
48,6,3,475.0,55.0,2.5,0.20003341524448534,0.7999665847555146,403.50877192982455
49,6,3,485.0,55.0,2.5,0.20003397873521228,0.7999660212647877,403.50877192982455
50,6,3,495.0,55.0,2.5,0.20003447649944223,0.7999655235005578,403.50877192982455
1,7,3,5.0,65.0,2.5,0.7522431190319586,0.24775688096804138,403.50877192982455
2,7,3,15.0,65.0,2.5,0.7380783873352492,0.2619216126647508,403.50877192982455
3,7,3,25.0,65.0,2.5,0.722225535144504,0.27777446485549595,403.50877192982455
4,7,3,35.0,65.0,2.5,0.7062456281050986,0.2937543718949014,403.50877192982455
5,7,3,45.0,65.0,2.5,0.6909546695580414,0.3090453304419586,403.50877192982455
6,7,3,55.0,65.0,2.5,0.6766667575437966,0.32333324245620343,403.50877192982455
7,7,3,65.0,65.0,2.5,0.6634234493891958,0.33657655061080416,403.50877192982455
8,7,3,75.0,65.0,2.5,0.6511456620152251,0.34885433798477494,403.50877192982455
9,7,3,85.0,65.0,2.5,0.6397205613676951,0.36027943863230494,403.50877192982455
10,7,3,95.0,65.0,2.5,0.6290238970540272,0.37097610294597283,403.50877192982455
11,7,3,105.0,65.0,2.5,0.6189443767211712,0.3810556232788288,403.50877192982455
12,7,3,115.0,65.0,2.5,0.6093833688763217,0.3906166311236783,403.50877192982455
13,7,3,125.0,65.0,2.5,0.6002534220772597,0.39974657792274026,403.50877192982455
14,7,3,135.0,65.0,2.5,0.5914782664768043,0.40852173352319565,403.50877192982455
15,7,3,145.0,65.0,2.5,0.5829889256962697,0.4170110743037303,403.50877192982455
16,7,3,155.0,65.0,2.5,0.574724871179991,0.42527512882000895,403.50877192982455
17,7,3,165.0,65.0,2.5,0.5666375757413733,0.4333624242586267,403.50877192982455
18,7,3,175.0,65.0,2.5,0.5586886827143775,0.44131131728562245,403.50877192982455
19,7,3,185.0,65.0,2.5,0.5508567873195629,0.4491432126804371,403.50877192982455
20,7,3,195.0,65.0,2.5,0.5431459591622678,0.4568540408377322,403.50877192982455
21,7,3,205.0,65.0,2.5,0.5355914575078252,0.4644085424921748,403.50877192982455
22,7,3,215.0,65.0,2.5,0.528287962913838,0.47171203708616205,403.50877192982455
23,7,3,225.0,65.0,2.5,0.5214014180694313,0.4785985819305687,403.50877192982455
24,7,3,235.0,65.0,2.5,0.5151447315110128,0.4848552684889872,403.50877192982455
25,7,3,245.0,65.0,2.5,0.5096155659976753,0.4903844340023247,403.50877192982455
26,7,3,255.0,65.0,2.5,0.5044925322780277,0.4955074677219723,403.50877192982455
27,7,3,265.0,65.0,2.5,0.4991684683429339,0.5008315316570662,403.50877192982455
28,7,3,275.0,65.0,2.5,0.493232427183053,0.506767572816947,403.50877192982455
29,7,3,285.0,65.0,2.5,0.4863459963445287,0.5136540036554713,403.50877192982455
30,7,3,295.0,65.0,2.5,0.4783631744017229,0.5216368255982771,403.50877192982455
31,7,3,305.0,65.0,2.5,0.4691862304458548,0.5308137695541453,403.50877192982455
32,7,3,315.0,65.0,2.5,0.458403857269967,0.541596142730033,403.50877192982455
33,7,3,325.0,65.0,2.5,0.44484661104942397,0.555153388950576,403.50877192982455
34,7,3,335.0,65.0,2.5,0.42627709401475095,0.5737229059852491,403.50877192982455
35,7,3,345.0,65.0,2.5,0.3997471130535785,0.6002528869464214,403.50877192982455
36,7,3,355.0,65.0,2.5,0.36251580923955834,0.6374841907604416,403.50877192982455
37,7,3,365.0,65.0,2.5,0.3146470702440339,0.6853529297559662,403.50877192982455
38,7,3,375.0,65.0,2.5,0.2649422931125972,0.7350577068874028,403.50877192982455
39,7,3,385.0,65.0,2.5,0.22843184032496963,0.7715681596750303,403.50877192982455
40,7,3,395.0,65.0,2.5,0.20938505460671866,0.7906149453932814,403.50877192982455
41,7,3,405.0,65.0,2.5,0.2019228119377331,0.7980771880622669,403.50877192982455
42,7,3,415.0,65.0,2.5,0.20022365426074748,0.7997763457392525,403.50877192982455
43,7,3,425.0,65.0,2.5,0.20004521930343824,0.7999547806965618,403.50877192982455
44,7,3,435.0,65.0,2.5,0.20003220129128219,0.7999677987087178,403.50877192982455
45,7,3,445.0,65.0,2.5,0.20003180305970303,0.799968196940297,403.50877192982455
46,7,3,455.0,65.0,2.5,0.20003225811470327,0.7999677418852967,403.50877192982455
47,7,3,465.0,65.0,2.5,0.20003276343537382,0.7999672365646262,403.50877192982455
48,7,3,475.0,65.0,2.5,0.20003326452748166,0.7999667354725184,403.50877192982455
49,7,3,485.0,65.0,2.5,0.20003373365485042,0.7999662663451496,403.50877192982455
50,7,3,495.0,65.0,2.5,0.20003410639455474,0.7999658936054452,403.50877192982455
1,8,3,5.0,75.0,2.5,0.7213671034239731,0.27863289657602686,403.50877192982455
2,8,3,15.0,75.0,2.5,0.7089894886355403,0.29101051136445966,403.50877192982455
3,8,3,25.0,75.0,2.5,0.6950007418897671,0.3049992581102329,403.50877192982455
4,8,3,35.0,75.0,2.5,0.6807747474641165,0.3192252525358835,403.50877192982455
5,8,3,45.0,75.0,2.5,0.6670090191492177,0.33299098085078227,403.50877192982455
6,8,3,55.0,75.0,2.5,0.653995253531986,0.34600474646801405,403.50877192982455
7,8,3,65.0,75.0,2.5,0.6418042843355902,0.3581957156644098,403.50877192982455
8,8,3,75.0,75.0,2.5,0.6304040281962746,0.3695959718037254,403.50877192982455
9,8,3,85.0,75.0,2.5,0.6197173007111919,0.3802826992888081,403.50877192982455
10,8,3,95.0,75.0,2.5,0.6096550500271807,0.3903449499728193,403.50877192982455
11,8,3,105.0,75.0,2.5,0.600131313673756,0.39986868632624395,403.50877192982455
12,8,3,115.0,75.0,2.5,0.5910668993081064,0.4089331006918936,403.50877192982455
13,8,3,125.0,75.0,2.5,0.5823884797628391,0.41761152023716086,403.50877192982455
14,8,3,135.0,75.0,2.5,0.5740287247275567,0.4259712752724433,403.50877192982455
15,8,3,145.0,75.0,2.5,0.5659264362148159,0.43407356378518414,403.50877192982455
16,8,3,155.0,75.0,2.5,0.5580295607312805,0.4419704392687195,403.50877192982455
17,8,3,165.0,75.0,2.5,0.5502996701782371,0.4497003298217629,403.50877192982455
18,8,3,175.0,75.0,2.5,0.5427337543788365,0.45726624562116347,403.50877192982455
19,8,3,185.0,75.0,2.5,0.5353691147978421,0.4646308852021579,403.50877192982455
20,8,3,195.0,75.0,2.5,0.5282913454982793,0.4717086545017207,403.50877192982455
21,8,3,205.0,75.0,2.5,0.5216102057110465,0.47838979428895345,403.50877192982455
22,8,3,215.0,75.0,2.5,0.515433107722463,0.484566892277537,403.50877192982455
23,8,3,225.0,75.0,2.5,0.5097848481944777,0.49021515180552233,403.50877192982455
24,8,3,235.0,75.0,2.5,0.5044331338787073,0.49556686612129275,403.50877192982455
25,8,3,245.0,75.0,2.5,0.49894755515203537,0.5010524448479646,403.50877192982455
26,8,3,255.0,75.0,2.5,0.4930035408593577,0.5069964591406423,403.50877192982455
27,8,3,265.0,75.0,2.5,0.48622148817910305,0.513778511820897,403.50877192982455
28,8,3,275.0,75.0,2.5,0.4783512013330559,0.521648798666944,403.50877192982455
29,8,3,285.0,75.0,2.5,0.469229469622904,0.530770530377096,403.50877192982455
30,8,3,295.0,75.0,2.5,0.4584997765921999,0.5415002234078001,403.50877192982455
31,8,3,305.0,75.0,2.5,0.44507420121215596,0.554925798787844,403.50877192982455
32,8,3,315.0,75.0,2.5,0.426697526444147,0.573302473555853,403.50877192982455
33,8,3,325.0,75.0,2.5,0.40035762931534846,0.5996423706846515,403.50877192982455
34,8,3,335.0,75.0,2.5,0.36335610624976533,0.6366438937502347,403.50877192982455
35,8,3,345.0,75.0,2.5,0.3159759946314863,0.6840240053685137,403.50877192982455
36,8,3,355.0,75.0,2.5,0.2668349766234446,0.7331650233765554,403.50877192982455
37,8,3,365.0,75.0,2.5,0.23030895396801296,0.769691046031987,403.50877192982455
38,8,3,375.0,75.0,2.5,0.21076545063837882,0.7892345493616212,403.50877192982455
39,8,3,385.0,75.0,2.5,0.20257285800410493,0.797427141995895,403.50877192982455
40,8,3,395.0,75.0,2.5,0.20033787982980067,0.7996621201701993,403.50877192982455
41,8,3,405.0,75.0,2.5,0.20005672636957303,0.7999432736304269,403.50877192982455
42,8,3,415.0,75.0,2.5,0.20003259226137243,0.7999674077386276,403.50877192982455
43,8,3,425.0,75.0,2.5,0.20003092756070356,0.7999690724392965,403.50877192982455
44,8,3,435.0,75.0,2.5,0.20003124096632408,0.7999687590336759,403.50877192982455
45,8,3,445.0,75.0,2.5,0.20003172061477856,0.7999682793852214,403.50877192982455
46,8,3,455.0,75.0,2.5,0.20003220312432582,0.7999677968756742,403.50877192982455
47,8,3,465.0,75.0,2.5,0.20003267498450458,0.7999673250154954,403.50877192982455
48,8,3,475.0,75.0,2.5,0.20003312068852527,0.7999668793114747,403.50877192982455
49,8,3,485.0,75.0,2.5,0.20003350937083994,0.79996649062916,403.50877192982455
50,8,3,495.0,75.0,2.5,0.2000337805965212,0.7999662194034788,403.50877192982455
1,9,3,5.0,85.0,2.5,0.6791135542393638,0.3208864457606362,403.50877192982455
2,9,3,15.0,85.0,2.5,0.6689697208363902,0.33103027916360983,403.50877192982455
3,9,3,25.0,85.0,2.5,0.6571784368717769,0.3428215631282231,403.50877192982455
4,9,3,35.0,85.0,2.5,0.644920996664211,0.355079003335789,403.50877192982455
5,9,3,45.0,85.0,2.5,0.632830225877338,0.36716977412266205,403.50877192982455
6,9,3,55.0,85.0,2.5,0.6212016772899811,0.3787983227100189,403.50877192982455
7,9,3,65.0,85.0,2.5,0.6101484604140582,0.38985153958594176,403.50877192982455
8,9,3,75.0,85.0,2.5,0.599684303580296,0.400315696419704,403.50877192982455
9,9,3,85.0,85.0,2.5,0.5897803690083395,0.4102196309916605,403.50877192982455
10,9,3,95.0,85.0,2.5,0.5803933423979823,0.41960665760201765,403.50877192982455
11,9,3,105.0,85.0,2.5,0.5714785672073711,0.4285214327926289,403.50877192982455
12,9,3,115.0,85.0,2.5,0.5629965689499461,0.4370034310500539,403.50877192982455
13,9,3,125.0,85.0,2.5,0.5549124066005091,0.4450875933994909,403.50877192982455
14,9,3,135.0,85.0,2.5,0.5471915634404292,0.4528084365595708,403.50877192982455
15,9,3,145.0,85.0,2.5,0.5397835539037091,0.46021644609629087,403.50877192982455
16,9,3,155.0,85.0,2.5,0.5326276899748327,0.4673723100251673,403.50877192982455
17,9,3,165.0,85.0,2.5,0.5256784874294731,0.4743215125705269,403.50877192982455
18,9,3,175.0,85.0,2.5,0.5189722011619147,0.48102779883808533,403.50877192982455
19,9,3,185.0,85.0,2.5,0.5126621288935714,0.48733787110642857,403.50877192982455
20,9,3,195.0,85.0,2.5,0.5068949455761291,0.49310505442387087,403.50877192982455
21,9,3,205.0,85.0,2.5,0.5014717514898663,0.49852824851013366,403.50877192982455
22,9,3,215.0,85.0,2.5,0.4959123597445215,0.5040876402554785,403.50877192982455
23,9,3,225.0,85.0,2.5,0.48979886128700645,0.5102011387129936,403.50877192982455
24,9,3,235.0,85.0,2.5,0.4827803800196312,0.5172196199803688,403.50877192982455
25,9,3,245.0,85.0,2.5,0.4747275056591658,0.5252724943408342,403.50877192982455
26,9,3,255.0,85.0,2.5,0.4655258113483167,0.5344741886516833,403.50877192982455
27,9,3,265.0,85.0,2.5,0.45457318850895395,0.5454268114910461,403.50877192982455
28,9,3,275.0,85.0,2.5,0.44030946375388813,0.5596905362461119,403.50877192982455
29,9,3,285.0,85.0,2.5,0.4201881536049028,0.5798118463950972,403.50877192982455
30,9,3,295.0,85.0,2.5,0.39143992312550074,0.6085600768744992,403.50877192982455
31,9,3,305.0,85.0,2.5,0.35236663295808895,0.647633367041911,403.50877192982455
32,9,3,315.0,85.0,2.5,0.3050684005457278,0.6949315994542722,403.50877192982455
33,9,3,325.0,85.0,2.5,0.25915568164348185,0.7408443183565181,403.50877192982455
34,9,3,335.0,85.0,2.5,0.22657733385979853,0.7734226661402015,403.50877192982455
35,9,3,345.0,85.0,2.5,0.2094052709052785,0.7905947290947215,403.50877192982455
36,9,3,355.0,85.0,2.5,0.20232465496280458,0.7976753450371954,403.50877192982455
37,9,3,365.0,85.0,2.5,0.20035844124550073,0.7996415587544993,403.50877192982455
38,9,3,375.0,85.0,2.5,0.2000651214433598,0.7999348785566402,403.50877192982455
39,9,3,385.0,85.0,2.5,0.20003316750506903,0.799966832494931,403.50877192982455
40,9,3,395.0,85.0,2.5,0.20002975142095974,0.7999702485790403,403.50877192982455
41,9,3,405.0,85.0,2.5,0.20002980976457524,0.7999701902354248,403.50877192982455
42,9,3,415.0,85.0,2.5,0.2000302603519741,0.7999697396480259,403.50877192982455
43,9,3,425.0,85.0,2.5,0.20003073906002677,0.7999692609399732,403.50877192982455
44,9,3,435.0,85.0,2.5,0.2000312192415561,0.7999687807584439,403.50877192982455
45,9,3,445.0,85.0,2.5,0.20003169531341689,0.7999683046865831,403.50877192982455
46,9,3,455.0,85.0,2.5,0.2000321610676083,0.7999678389323917,403.50877192982455
47,9,3,465.0,85.0,2.5,0.20003260610524412,0.7999673938947559,403.50877192982455
48,9,3,475.0,85.0,2.5,0.20003301156489925,0.7999669884351007,403.50877192982455
49,9,3,485.0,85.0,2.5,0.20003334592438082,0.7999666540756192,403.50877192982455
50,9,3,495.0,85.0,2.5,0.20003355901445477,0.7999664409855453,403.50877192982455
1,10,3,5.0,95.0,2.5,0.6083832096884112,0.3916167903115888,403.50877192982455
2,10,3,15.0,95.0,2.5,0.6004773284268193,0.39952267157318067,403.50877192982455
3,10,3,25.0,95.0,2.5,0.5908814174166256,0.4091185825833744,403.50877192982455
4,10,3,35.0,95.0,2.5,0.5805169018541596,0.4194830981458404,403.50877192982455
5,10,3,45.0,95.0,2.5,0.569928611561181,0.430071388438819,403.50877192982455
6,10,3,55.0,95.0,2.5,0.5594099919811715,0.4405900080188285,403.50877192982455
7,10,3,65.0,95.0,2.5,0.5491025457127771,0.45089745428722294,403.50877192982455
8,10,3,75.0,95.0,2.5,0.5390666132349069,0.4609333867650931,403.50877192982455
9,10,3,85.0,95.0,2.5,0.5293279717447471,0.4706720282552529,403.50877192982455
10,10,3,95.0,95.0,2.5,0.5199146489109466,0.48008535108905337,403.50877192982455
11,10,3,105.0,95.0,2.5,0.5108908285675228,0.48910917143247723,403.50877192982455
12,10,3,115.0,95.0,2.5,0.5023824034285095,0.4976175965714905,403.50877192982455
13,10,3,125.0,95.0,2.5,0.49456995854613983,0.5054300414538602,403.50877192982455
14,10,3,135.0,95.0,2.5,0.48757941350284467,0.5124205864971554,403.50877192982455
15,10,3,145.0,95.0,2.5,0.48123374358481247,0.5187662564151876,403.50877192982455
16,10,3,155.0,95.0,2.5,0.4749814481741004,0.5250185518258996,403.50877192982455
17,10,3,165.0,95.0,2.5,0.4684444974722478,0.5315555025277522,403.50877192982455
18,10,3,175.0,95.0,2.5,0.4611635498472147,0.5388364501527854,403.50877192982455
19,10,3,185.0,95.0,2.5,0.45291449952625273,0.5470855004737473,403.50877192982455
20,10,3,195.0,95.0,2.5,0.44355527900247,0.5564447209975301,403.50877192982455
21,10,3,205.0,95.0,2.5,0.43236538202223107,0.5676346179777689,403.50877192982455
22,10,3,215.0,95.0,2.5,0.4174472570692262,0.5825527429307737,403.50877192982455
23,10,3,225.0,95.0,2.5,0.39601566220461565,0.6039843377953844,403.50877192982455
24,10,3,235.0,95.0,2.5,0.36567040743714196,0.634329592562858,403.50877192982455
25,10,3,245.0,95.0,2.5,0.32639423079868884,0.6736057692013111,403.50877192982455
26,10,3,255.0,95.0,2.5,0.2833937099679963,0.7166062900320037,403.50877192982455
27,10,3,265.0,95.0,2.5,0.24662126191005687,0.7533787380899432,403.50877192982455
28,10,3,275.0,95.0,2.5,0.22247382796076548,0.7775261720392346,403.50877192982455
29,10,3,285.0,95.0,2.5,0.2094695225404059,0.790530477459594,403.50877192982455
30,10,3,295.0,95.0,2.5,0.20345834559981515,0.7965416544001849,403.50877192982455
31,10,3,305.0,95.0,2.5,0.20110589654699157,0.7988941034530084,403.50877192982455
32,10,3,315.0,95.0,2.5,0.20027819333131838,0.7997218066686816,403.50877192982455
33,10,3,325.0,95.0,2.5,0.20006398945511375,0.7999360105448863,403.50877192982455
34,10,3,335.0,95.0,2.5,0.20003235171033962,0.7999676482896604,403.50877192982455
35,10,3,345.0,95.0,2.5,0.20002802012783444,0.7999719798721656,403.50877192982455
36,10,3,355.0,95.0,2.5,0.20002758710956356,0.7999724128904364,403.50877192982455
37,10,3,365.0,95.0,2.5,0.2000279106053652,0.7999720893946348,403.50877192982455
38,10,3,375.0,95.0,2.5,0.20002836167923757,0.7999716383207625,403.50877192982455
39,10,3,385.0,95.0,2.5,0.20002882952282683,0.7999711704771731,403.50877192982455
40,10,3,395.0,95.0,2.5,0.20002930236517097,0.7999706976348291,403.50877192982455
41,10,3,405.0,95.0,2.5,0.2000297783036276,0.7999702216963724,403.50877192982455
42,10,3,415.0,95.0,2.5,0.2000302560786647,0.7999697439213354,403.50877192982455
43,10,3,425.0,95.0,2.5,0.20003073460038365,0.7999692653996163,403.50877192982455
44,10,3,435.0,95.0,2.5,0.20003121125869472,0.7999687887413053,403.50877192982455
45,10,3,445.0,95.0,2.5,0.20003168143187033,0.7999683185681297,403.50877192982455
46,10,3,455.0,95.0,2.5,0.2000321378497078,0.7999678621502921,403.50877192982455
47,10,3,465.0,95.0,2.5,0.20003256795143262,0.7999674320485674,403.50877192982455
48,10,3,475.0,95.0,2.5,0.20003295149107117,0.7999670485089289,403.50877192982455
49,10,3,485.0,95.0,2.5,0.20003325781510178,0.7999667421848982,403.50877192982455
50,10,3,495.0,95.0,2.5,0.20003344435936474,0.7999665556406352,403.50877192982455
1,1,4,5.0,5.0,3.5,0.6566612334117092,0.34333876658829077,438.59649122807014
2,1,4,15.0,5.0,3.5,0.6468217006876685,0.35317829931233147,438.59649122807014
3,1,4,25.0,5.0,3.5,0.635517527847318,0.36448247215268204,438.59649122807014
4,1,4,35.0,5.0,3.5,0.6238549719879142,0.3761450280120858,438.59649122807014
5,1,4,45.0,5.0,3.5,0.6123816427345026,0.3876183572654974,438.59649122807014
6,1,4,55.0,5.0,3.5,0.6013408135325815,0.3986591864674185,438.59649122807014
7,1,4,65.0,5.0,3.5,0.5908125422378703,0.4091874577621297,438.59649122807014
8,1,4,75.0,5.0,3.5,0.5807975953068389,0.41920240469316106,438.59649122807014
9,1,4,85.0,5.0,3.5,0.5712634490951274,0.4287365509048726,438.59649122807014
10,1,4,95.0,5.0,3.5,0.5621695543245065,0.43783044567549345,438.59649122807014
11,1,4,105.0,5.0,3.5,0.5534839396886263,0.4465160603113737,438.59649122807014
12,1,4,115.0,5.0,3.5,0.5451957258568388,0.45480427414316116,438.59649122807014
13,1,4,125.0,5.0,3.5,0.5373281926532373,0.4626718073467627,438.59649122807014
14,1,4,135.0,5.0,3.5,0.5299423355047203,0.47005766449527975,438.59649122807014
15,1,4,145.0,5.0,3.5,0.5231313455379093,0.4768686544620907,438.59649122807014
16,1,4,155.0,5.0,3.5,0.5169641806812455,0.4830358193187545,438.59649122807014
17,1,4,165.0,5.0,3.5,0.511391052990876,0.48860894700912405,438.59649122807014
18,1,4,175.0,5.0,3.5,0.5061573774837466,0.49384262251625344,438.59649122807014
19,1,4,185.0,5.0,3.5,0.5009490208350921,0.4990509791649079,438.59649122807014
20,1,4,195.0,5.0,3.5,0.4956481620145455,0.5043518379854546,438.59649122807014
21,1,4,205.0,5.0,3.5,0.4902199580068068,0.5097800419931933,438.59649122807014
22,1,4,215.0,5.0,3.5,0.48475851915127816,0.5152414808487218,438.59649122807014
23,1,4,225.0,5.0,3.5,0.4792534639038424,0.5207465360961576,438.59649122807014
24,1,4,235.0,5.0,3.5,0.47338990996211106,0.526610090037889,438.59649122807014
25,1,4,245.0,5.0,3.5,0.4666815273017334,0.5333184726982666,438.59649122807014
26,1,4,255.0,5.0,3.5,0.4588056114742,0.5411943885257999,438.59649122807014
27,1,4,265.0,5.0,3.5,0.44958093559653256,0.5504190644034674,438.59649122807014
28,1,4,275.0,5.0,3.5,0.4383888836898209,0.5616111163101791,438.59649122807014
29,1,4,285.0,5.0,3.5,0.4235556842974453,0.5764443157025547,438.59649122807014
30,1,4,295.0,5.0,3.5,0.4024449671539483,0.5975550328460517,438.59649122807014
31,1,4,305.0,5.0,3.5,0.3725639802823228,0.6274360197176772,438.59649122807014
32,1,4,315.0,5.0,3.5,0.33334178058520303,0.666658219414797,438.59649122807014
33,1,4,325.0,5.0,3.5,0.2890975166329588,0.7109024833670412,438.59649122807014
34,1,4,335.0,5.0,3.5,0.24980574564738994,0.7501942543526101,438.59649122807014
35,1,4,345.0,5.0,3.5,0.22328603384925508,0.776713966150745,438.59649122807014
36,1,4,355.0,5.0,3.5,0.20890795893388067,0.7910920410661193,438.59649122807014
37,1,4,365.0,5.0,3.5,0.2025427196455808,0.7974572803544192,438.59649122807014
38,1,4,375.0,5.0,3.5,0.2005352205390704,0.7994647794609295,438.59649122807014
39,1,4,385.0,5.0,3.5,0.20010910931788745,0.7998908906821125,438.59649122807014
40,1,4,395.0,5.0,3.5,0.20003990205232322,0.7999600979476768,438.59649122807014
41,1,4,405.0,5.0,3.5,0.20003079152114794,0.7999692084788521,438.59649122807014
42,1,4,415.0,5.0,3.5,0.20003019228347926,0.7999698077165207,438.59649122807014
43,1,4,425.0,5.0,3.5,0.20003058312071553,0.7999694168792845,438.59649122807014
44,1,4,435.0,5.0,3.5,0.20003108059942573,0.7999689194005742,438.59649122807014
45,1,4,445.0,5.0,3.5,0.2000315854854856,0.7999684145145144,438.59649122807014
46,1,4,455.0,5.0,3.5,0.20003208976970216,0.7999679102302979,438.59649122807014
47,1,4,465.0,5.0,3.5,0.20003258395056334,0.7999674160494367,438.59649122807014
48,1,4,475.0,5.0,3.5,0.20003305058668627,0.7999669494133137,438.59649122807014
49,1,4,485.0,5.0,3.5,0.20003345347271587,0.7999665465272842,438.59649122807014
50,1,4,495.0,5.0,3.5,0.20003372638475841,0.7999662736152415,438.59649122807014
1,2,4,5.0,15.0,3.5,0.7167011475320682,0.28329885246793185,438.59649122807014
2,2,4,15.0,15.0,3.5,0.7042647596278383,0.2957352403721617,438.59649122807014
3,2,4,25.0,15.0,3.5,0.6904104514050323,0.3095895485949677,438.59649122807014
4,2,4,35.0,15.0,3.5,0.6765111865286654,0.3234888134713346,438.59649122807014
5,2,4,45.0,15.0,3.5,0.6632032338717602,0.33679676612823983,438.59649122807014
6,2,4,55.0,15.0,3.5,0.6507191523342297,0.3492808476657703,438.59649122807014
7,2,4,65.0,15.0,3.5,0.6390979675664175,0.36090203243358254,438.59649122807014
8,2,4,75.0,15.0,3.5,0.6282828390890746,0.37171716091092544,438.59649122807014
9,2,4,85.0,15.0,3.5,0.618194750797571,0.381805249202429,438.59649122807014
10,2,4,95.0,15.0,3.5,0.6087479657569317,0.3912520342430683,438.59649122807014
11,2,4,105.0,15.0,3.5,0.5998651376697515,0.40013486233024853,438.59649122807014
12,2,4,115.0,15.0,3.5,0.5914835574848422,0.40851644251515784,438.59649122807014
13,2,4,125.0,15.0,3.5,0.5835526236019235,0.4164473763980765,438.59649122807014
14,2,4,135.0,15.0,3.5,0.5760345001149407,0.42396549988505927,438.59649122807014
15,2,4,145.0,15.0,3.5,0.5689055942102595,0.43109440578974045,438.59649122807014
16,2,4,155.0,15.0,3.5,0.5621388037810235,0.43786119621897646,438.59649122807014
17,2,4,165.0,15.0,3.5,0.5557033180032189,0.4442966819967811,438.59649122807014
18,2,4,175.0,15.0,3.5,0.5495560386000963,0.4504439613999037,438.59649122807014
19,2,4,185.0,15.0,3.5,0.5436595893599157,0.45634041064008435,438.59649122807014
20,2,4,195.0,15.0,3.5,0.5380180306286522,0.46198196937134783,438.59649122807014
21,2,4,205.0,15.0,3.5,0.5326887241661478,0.46731127583385224,438.59649122807014
22,2,4,215.0,15.0,3.5,0.5277054679658884,0.47229453203411165,438.59649122807014
23,2,4,225.0,15.0,3.5,0.5229326786460836,0.4770673213539164,438.59649122807014
24,2,4,235.0,15.0,3.5,0.5181575000743427,0.4818424999256573,438.59649122807014
25,2,4,245.0,15.0,3.5,0.5131886653825237,0.4868113346174763,438.59649122807014
26,2,4,255.0,15.0,3.5,0.5079439109375741,0.4920560890624259,438.59649122807014
27,2,4,265.0,15.0,3.5,0.5024752518646144,0.4975247481353856,438.59649122807014
28,2,4,275.0,15.0,3.5,0.49680014391810395,0.503199856081896,438.59649122807014
29,2,4,285.0,15.0,3.5,0.4907308868390862,0.5092691131609137,438.59649122807014
30,2,4,295.0,15.0,3.5,0.48388337554788247,0.5161166244521176,438.59649122807014
31,2,4,305.0,15.0,3.5,0.4759012911791895,0.5240987088208104,438.59649122807014
32,2,4,315.0,15.0,3.5,0.4665763598136993,0.5334236401863006,438.59649122807014
33,2,4,325.0,15.0,3.5,0.4554934660393029,0.5445065339606971,438.59649122807014
34,2,4,335.0,15.0,3.5,0.4414004522118336,0.5585995477881665,438.59649122807014
35,2,4,345.0,15.0,3.5,0.42183542976346605,0.5781645702365339,438.59649122807014
36,2,4,355.0,15.0,3.5,0.3936145759281151,0.6063854240718849,438.59649122807014
37,2,4,365.0,15.0,3.5,0.3543202809139885,0.6456797190860115,438.59649122807014
38,2,4,375.0,15.0,3.5,0.30542476526375445,0.6945752347362455,438.59649122807014
39,2,4,385.0,15.0,3.5,0.2571180622178766,0.7428819377821234,438.59649122807014
40,2,4,395.0,15.0,3.5,0.22334579837712254,0.7766542016228775,438.59649122807014
41,2,4,405.0,15.0,3.5,0.2067966432406141,0.7932033567593859,438.59649122807014
42,2,4,415.0,15.0,3.5,0.2011452899852852,0.7988547100147148,438.59649122807014
43,2,4,425.0,15.0,3.5,0.2001192146096087,0.7998807853903913,438.59649122807014
44,2,4,435.0,15.0,3.5,0.20003629902772146,0.7999637009722785,438.59649122807014
45,2,4,445.0,15.0,3.5,0.2000318672030253,0.7999681327969748,438.59649122807014
46,2,4,455.0,15.0,3.5,0.20003210796304735,0.7999678920369526,438.59649122807014
47,2,4,465.0,15.0,3.5,0.20003260858156013,0.7999673914184399,438.59649122807014
48,2,4,475.0,15.0,3.5,0.20003309924853105,0.7999669007514689,438.59649122807014
49,2,4,485.0,15.0,3.5,0.2000335406845786,0.7999664593154214,438.59649122807014
50,2,4,495.0,15.0,3.5,0.2000338626000039,0.7999661373999961,438.59649122807014
1,3,4,5.0,25.0,3.5,0.7519780580645747,0.24802194193542526,438.59649122807014
2,3,4,15.0,25.0,3.5,0.7377483000621775,0.2622516999378225,438.59649122807014
3,3,4,25.0,25.0,3.5,0.7219731248334302,0.27802687516656976,438.59649122807014
4,3,4,35.0,25.0,3.5,0.7062545132785399,0.29374548672146006,438.59649122807014
5,3,4,45.0,25.0,3.5,0.6913724066851944,0.3086275933148056,438.59649122807014
6,3,4,55.0,25.0,3.5,0.677590736995875,0.322409263004125,438.59649122807014
7,3,4,65.0,25.0,3.5,0.6649070788791764,0.33509292112082356,438.59649122807014
8,3,4,75.0,25.0,3.5,0.6532232236054186,0.3467767763945814,438.59649122807014
9,3,4,85.0,25.0,3.5,0.6424219719751261,0.35757802802487393,438.59649122807014
10,3,4,95.0,25.0,3.5,0.6323666292158703,0.3676333707841297,438.59649122807014
11,3,4,105.0,25.0,3.5,0.6229375011198981,0.3770624988801019,438.59649122807014
12,3,4,115.0,25.0,3.5,0.6140403330162401,0.38595966698375994,438.59649122807014
13,3,4,125.0,25.0,3.5,0.6056011881918124,0.3943988118081876,438.59649122807014
14,3,4,135.0,25.0,3.5,0.5975646830921726,0.4024353169078274,438.59649122807014
15,3,4,145.0,25.0,3.5,0.5898737689729232,0.4101262310270768,438.59649122807014
16,3,4,155.0,25.0,3.5,0.5824826660637955,0.4175173339362045,438.59649122807014
17,3,4,165.0,25.0,3.5,0.5753481529282369,0.42465184707176307,438.59649122807014
18,3,4,175.0,25.0,3.5,0.5684436511011856,0.43155634889881445,438.59649122807014
19,3,4,185.0,25.0,3.5,0.5617542573646045,0.4382457426353955,438.59649122807014
20,3,4,195.0,25.0,3.5,0.5552995121210363,0.44470048787896366,438.59649122807014
21,3,4,205.0,25.0,3.5,0.5491296283584773,0.45087037164152266,438.59649122807014
22,3,4,215.0,25.0,3.5,0.5433116064807896,0.4566883935192104,438.59649122807014
23,3,4,225.0,25.0,3.5,0.5378904964406297,0.4621095035593703,438.59649122807014
24,3,4,235.0,25.0,3.5,0.5328389041214512,0.4671610958785488,438.59649122807014
25,3,4,245.0,25.0,3.5,0.5280172103949734,0.4719827896050266,438.59649122807014
26,3,4,255.0,25.0,3.5,0.5232160153800802,0.4767839846199198,438.59649122807014
27,3,4,265.0,25.0,3.5,0.5183100039738998,0.4816899960261002,438.59649122807014
28,3,4,275.0,25.0,3.5,0.5131766555183783,0.4868233444816217,438.59649122807014
29,3,4,285.0,25.0,3.5,0.5077487965990218,0.49225120340097817,438.59649122807014
30,3,4,295.0,25.0,3.5,0.5020087262757967,0.49799127372420326,438.59649122807014
31,3,4,305.0,25.0,3.5,0.49592745392207127,0.5040725460779287,438.59649122807014
32,3,4,315.0,25.0,3.5,0.4893595384989644,0.5106404615010356,438.59649122807014
33,3,4,325.0,25.0,3.5,0.48196964529622965,0.5180303547037703,438.59649122807014
34,3,4,335.0,25.0,3.5,0.47335056336522235,0.5266494366347776,438.59649122807014
35,3,4,345.0,25.0,3.5,0.463101304629241,0.5368986953707591,438.59649122807014
36,3,4,355.0,25.0,3.5,0.4505619815000859,0.5494380184999141,438.59649122807014
37,3,4,365.0,25.0,3.5,0.4342233302402744,0.5657766697597256,438.59649122807014
38,3,4,375.0,25.0,3.5,0.41122407210531947,0.5887759278946805,438.59649122807014
39,3,4,385.0,25.0,3.5,0.37791705093136635,0.6220829490686337,438.59649122807014
40,3,4,395.0,25.0,3.5,0.33207852235830754,0.6679214776416924,438.59649122807014
41,3,4,405.0,25.0,3.5,0.2786970502605287,0.7213029497394713,438.59649122807014
42,3,4,415.0,25.0,3.5,0.2341544435145517,0.7658455564854483,438.59649122807014
43,3,4,425.0,25.0,3.5,0.21007457074231095,0.789925429257689,438.59649122807014
44,3,4,435.0,25.0,3.5,0.20163905969141727,0.7983609403085827,438.59649122807014
45,3,4,445.0,25.0,3.5,0.2001391420518603,0.7998608579481397,438.59649122807014
46,3,4,455.0,25.0,3.5,0.20003654560027748,0.7999634543997225,438.59649122807014
47,3,4,465.0,25.0,3.5,0.20003285897427509,0.799967141025725,438.59649122807014
48,3,4,475.0,25.0,3.5,0.2000331845363048,0.7999668154636952,438.59649122807014
49,3,4,485.0,25.0,3.5,0.20003368693395035,0.7999663130660497,438.59649122807014
50,3,4,495.0,25.0,3.5,0.20003410445269423,0.7999658955473058,438.59649122807014
1,4,4,5.0,35.0,3.5,0.7760148156129197,0.22398518438708026,438.59649122807014
2,4,4,15.0,35.0,3.5,0.7612769551126902,0.23872304488730978,438.59649122807014
3,4,4,25.0,35.0,3.5,0.7442695290232628,0.2557304709767372,438.59649122807014
4,4,4,35.0,35.0,3.5,0.7270919336987595,0.27290806630124054,438.59649122807014
5,4,4,45.0,35.0,3.5,0.710867897602132,0.289132102397868,438.59649122807014
6,4,4,55.0,35.0,3.5,0.6960871234879674,0.3039128765120326,438.59649122807014
7,4,4,65.0,35.0,3.5,0.6826299298767695,0.3173700701232305,438.59649122807014
8,4,4,75.0,35.0,3.5,0.6703048116473589,0.3296951883526411,438.59649122807014
9,4,4,85.0,35.0,3.5,0.6589237587336091,0.3410762412663909,438.59649122807014
10,4,4,95.0,35.0,3.5,0.6483444782381439,0.3516555217618561,438.59649122807014
11,4,4,105.0,35.0,3.5,0.6384497412177063,0.36155025878229374,438.59649122807014
12,4,4,115.0,35.0,3.5,0.6291321799983255,0.3708678200016745,438.59649122807014
13,4,4,125.0,35.0,3.5,0.6202983060305944,0.37970169396940556,438.59649122807014
14,4,4,135.0,35.0,3.5,0.6118684048467835,0.3881315951532165,438.59649122807014
15,4,4,145.0,35.0,3.5,0.6037780572329904,0.3962219427670096,438.59649122807014
16,4,4,155.0,35.0,3.5,0.5959786348886937,0.40402136511130626,438.59649122807014
17,4,4,165.0,35.0,3.5,0.5884330957916982,0.4115669042083018,438.59649122807014
18,4,4,175.0,35.0,3.5,0.5811082328409346,0.4188917671590654,438.59649122807014
19,4,4,185.0,35.0,3.5,0.5739918875534719,0.42600811244652814,438.59649122807014
20,4,4,195.0,35.0,3.5,0.5670752083228585,0.4329247916771415,438.59649122807014
21,4,4,205.0,35.0,3.5,0.5603745029040087,0.4396254970959913,438.59649122807014
22,4,4,215.0,35.0,3.5,0.553929288840146,0.44607071115985397,438.59649122807014
23,4,4,225.0,35.0,3.5,0.5477990371887803,0.4522009628112197,438.59649122807014
24,4,4,235.0,35.0,3.5,0.5420560740415287,0.45794392595847133,438.59649122807014
25,4,4,245.0,35.0,3.5,0.5367498171713033,0.4632501828286967,438.59649122807014
26,4,4,255.0,35.0,3.5,0.5318416884300678,0.46815831156993215,438.59649122807014
27,4,4,265.0,35.0,3.5,0.5271303668004295,0.47286963319957054,438.59649122807014
28,4,4,275.0,35.0,3.5,0.5223606453650287,0.4776393546349713,438.59649122807014
29,4,4,285.0,35.0,3.5,0.5173665474706836,0.48263345252931644,438.59649122807014
30,4,4,295.0,35.0,3.5,0.5120451330404154,0.48795486695958457,438.59649122807014
31,4,4,305.0,35.0,3.5,0.506394635918336,0.493605364081664,438.59649122807014
32,4,4,315.0,35.0,3.5,0.5004451452934148,0.4995548547065852,438.59649122807014
33,4,4,325.0,35.0,3.5,0.49413223104974024,0.5058677689502598,438.59649122807014
34,4,4,335.0,35.0,3.5,0.48720915493860867,0.5127908450613914,438.59649122807014
35,4,4,345.0,35.0,3.5,0.4792749848185969,0.5207250151814031,438.59649122807014
36,4,4,355.0,35.0,3.5,0.4699260373177282,0.5300739626822718,438.59649122807014
37,4,4,365.0,35.0,3.5,0.458714633918945,0.541285366081055,438.59649122807014
38,4,4,375.0,35.0,3.5,0.444705635950745,0.5552943640492549,438.59649122807014
39,4,4,385.0,35.0,3.5,0.42582440572583136,0.5741755942741686,438.59649122807014
40,4,4,395.0,35.0,3.5,0.398589324539745,0.6014106754602551,438.59649122807014
41,4,4,405.0,35.0,3.5,0.3592107707682673,0.6407892292317328,438.59649122807014
42,4,4,415.0,35.0,3.5,0.307309489860063,0.692690510139937,438.59649122807014
43,4,4,425.0,35.0,3.5,0.25396425289652114,0.7460357471034789,438.59649122807014
44,4,4,435.0,35.0,3.5,0.21817489067710388,0.7818251093228961,438.59649122807014
45,4,4,445.0,35.0,3.5,0.20359504038422724,0.7964049596157727,438.59649122807014
46,4,4,455.0,35.0,3.5,0.20034752374125156,0.7996524762587485,438.59649122807014
47,4,4,465.0,35.0,3.5,0.20004919964749754,0.7999508003525024,438.59649122807014
48,4,4,475.0,35.0,3.5,0.20003434803867287,0.7999656519613272,438.59649122807014
49,4,4,485.0,35.0,3.5,0.20003394638378408,0.7999660536162159,438.59649122807014
50,4,4,495.0,35.0,3.5,0.2000343875168773,0.7999656124831227,438.59649122807014
1,5,4,5.0,45.0,3.5,0.7926817022531115,0.20731829774688848,438.59649122807014
2,5,4,15.0,45.0,3.5,0.7798782526299436,0.2201217473700564,438.59649122807014
3,5,4,25.0,45.0,3.5,0.7627813188284666,0.23721868117153344,438.59649122807014
4,5,4,35.0,45.0,3.5,0.7448539113000865,0.2551460886999135,438.59649122807014
5,5,4,45.0,45.0,3.5,0.727926410704994,0.272073589295006,438.59649122807014
6,5,4,55.0,45.0,3.5,0.7123063786050183,0.28769362139498167,438.59649122807014
7,5,4,65.0,45.0,3.5,0.6980869318129279,0.3019130681870721,438.59649122807014
8,5,4,75.0,45.0,3.5,0.685132386039427,0.31486761396057295,438.59649122807014
9,5,4,85.0,45.0,3.5,0.6732620906543199,0.32673790934568014,438.59649122807014
10,5,4,95.0,45.0,3.5,0.662294779264037,0.337705220735963,438.59649122807014
11,5,4,105.0,45.0,3.5,0.6520859122939165,0.34791408770608345,438.59649122807014
12,5,4,115.0,45.0,3.5,0.6425109609117717,0.35748903908822827,438.59649122807014
13,5,4,125.0,45.0,3.5,0.6334684028877151,0.3665315971122849,438.59649122807014
14,5,4,135.0,45.0,3.5,0.6248742745999494,0.3751257254000506,438.59649122807014
15,5,4,145.0,45.0,3.5,0.6166612719269158,0.3833387280730842,438.59649122807014
16,5,4,155.0,45.0,3.5,0.6087687595355837,0.39123124046441626,438.59649122807014
17,5,4,165.0,45.0,3.5,0.601145229296065,0.39885477070393505,438.59649122807014
18,5,4,175.0,45.0,3.5,0.5937510291043786,0.4062489708956214,438.59649122807014
19,5,4,185.0,45.0,3.5,0.5865487523769025,0.4134512476230975,438.59649122807014
20,5,4,195.0,45.0,3.5,0.5795266376764161,0.4204733623235839,438.59649122807014
21,5,4,205.0,45.0,3.5,0.5726833330510995,0.42731666694890047,438.59649122807014
22,5,4,215.0,45.0,3.5,0.5660367215605726,0.4339632784394274,438.59649122807014
23,5,4,225.0,45.0,3.5,0.5596286142645106,0.4403713857354894,438.59649122807014
24,5,4,235.0,45.0,3.5,0.5535200271179291,0.44647997288207086,438.59649122807014
25,5,4,245.0,45.0,3.5,0.5477837597178966,0.4522162402821034,438.59649122807014
26,5,4,255.0,45.0,3.5,0.5424679979874947,0.4575320020125053,438.59649122807014
27,5,4,265.0,45.0,3.5,0.5375325880243468,0.4624674119756532,438.59649122807014
28,5,4,275.0,45.0,3.5,0.5327903968564749,0.4672096031435251,438.59649122807014
29,5,4,285.0,45.0,3.5,0.5279677431599982,0.47203225684000183,438.59649122807014
30,5,4,295.0,45.0,3.5,0.5229158651051798,0.47708413489482016,438.59649122807014
31,5,4,305.0,45.0,3.5,0.5175293849845093,0.4824706150154907,438.59649122807014
32,5,4,315.0,45.0,3.5,0.5117844290558479,0.48821557094415213,438.59649122807014
33,5,4,325.0,45.0,3.5,0.5057173391486421,0.49428266085135786,438.59649122807014
34,5,4,335.0,45.0,3.5,0.4993096134927377,0.5006903865072623,438.59649122807014
35,5,4,345.0,45.0,3.5,0.4923659781232432,0.5076340218767568,438.59649122807014
36,5,4,355.0,45.0,3.5,0.4844863277345486,0.5155136722654514,438.59649122807014
37,5,4,365.0,45.0,3.5,0.475205905595718,0.5247940944042819,438.59649122807014
38,5,4,375.0,45.0,3.5,0.46404999461005497,0.5359500053899451,438.59649122807014
39,5,4,385.0,45.0,3.5,0.45018589831966194,0.5498141016803381,438.59649122807014
40,5,4,395.0,45.0,3.5,0.43166713142211555,0.5683328685778845,438.59649122807014
41,5,4,405.0,45.0,3.5,0.4048894437564236,0.5951105562435763,438.59649122807014
42,5,4,415.0,45.0,3.5,0.36534083103568454,0.6346591689643155,438.59649122807014
43,5,4,425.0,45.0,3.5,0.31142836716050853,0.6885716328394915,438.59649122807014
44,5,4,435.0,45.0,3.5,0.254167601983305,0.745832398016695,438.59649122807014
45,5,4,445.0,45.0,3.5,0.21621735981810444,0.7837826401818956,438.59649122807014
46,5,4,455.0,45.0,3.5,0.20259756141792742,0.7974024385820726,438.59649122807014
47,5,4,465.0,45.0,3.5,0.20023733571123833,0.7997626642887616,438.59649122807014
48,5,4,475.0,45.0,3.5,0.20004783345232927,0.7999521665476708,438.59649122807014
49,5,4,485.0,45.0,3.5,0.20003608997539085,0.7999639100246092,438.59649122807014
50,5,4,495.0,45.0,3.5,0.20003495407749664,0.7999650459225034,438.59649122807014
1,6,4,5.0,55.0,3.5,0.7770641467757797,0.22293585322422027,438.59649122807014
2,6,4,15.0,55.0,3.5,0.7631063991586696,0.23689360084133038,438.59649122807014
3,6,4,25.0,55.0,3.5,0.7469277750932057,0.25307222490679426,438.59649122807014
4,6,4,35.0,55.0,3.5,0.7304661482737321,0.26953385172626787,438.59649122807014
5,6,4,45.0,55.0,3.5,0.7147827104040818,0.2852172895959182,438.59649122807014
6,6,4,55.0,55.0,3.5,0.7002449248975077,0.29975507510249233,438.59649122807014
7,6,4,65.0,55.0,3.5,0.6868837925847506,0.31311620741524937,438.59649122807014
8,6,4,75.0,55.0,3.5,0.6745897119658159,0.32541028803418415,438.59649122807014
9,6,4,85.0,55.0,3.5,0.6632212058782894,0.33677879412171063,438.59649122807014
10,6,4,95.0,55.0,3.5,0.6526400592146557,0.34735994078534427,438.59649122807014
11,6,4,105.0,55.0,3.5,0.6427269164847403,0.35727308351525966,438.59649122807014
12,6,4,115.0,55.0,3.5,0.6333777426319648,0.3666222573680352,438.59649122807014
13,6,4,125.0,55.0,3.5,0.6245050924194447,0.37549490758055526,438.59649122807014
14,6,4,135.0,55.0,3.5,0.6160363444736149,0.3839636555263851,438.59649122807014
15,6,4,145.0,55.0,3.5,0.6079097892949002,0.39209021070509975,438.59649122807014
16,6,4,155.0,55.0,3.5,0.6000702179950552,0.3999297820049448,438.59649122807014
17,6,4,165.0,55.0,3.5,0.5924784973758302,0.40752150262416975,438.59649122807014
18,6,4,175.0,55.0,3.5,0.5850972263347184,0.4149027736652816,438.59649122807014
19,6,4,185.0,55.0,3.5,0.5779074687886326,0.42209253121136736,438.59649122807014
20,6,4,195.0,55.0,3.5,0.5708959464420623,0.4291040535579377,438.59649122807014
21,6,4,205.0,55.0,3.5,0.5640744624471783,0.4359255375528217,438.59649122807014
22,6,4,215.0,55.0,3.5,0.5574720116785553,0.4425279883214447,438.59649122807014
23,6,4,225.0,55.0,3.5,0.5511512402094126,0.44884875979058736,438.59649122807014
24,6,4,235.0,55.0,3.5,0.5451997400385882,0.4548002599614118,438.59649122807014
25,6,4,245.0,55.0,3.5,0.5397000892105082,0.46029991078949184,438.59649122807014
26,6,4,255.0,55.0,3.5,0.5346634276313734,0.4653365723686266,438.59649122807014
27,6,4,265.0,55.0,3.5,0.5299423375032475,0.4700576624967525,438.59649122807014
28,6,4,275.0,55.0,3.5,0.525233896549312,0.47476610345068804,438.59649122807014
29,6,4,285.0,55.0,3.5,0.5203298770274216,0.4796701229725784,438.59649122807014
30,6,4,295.0,55.0,3.5,0.5150932636192853,0.4849067363807147,438.59649122807014
31,6,4,305.0,55.0,3.5,0.5094880156987437,0.4905119843012563,438.59649122807014
32,6,4,315.0,55.0,3.5,0.5035558310397756,0.49644416896022436,438.59649122807014
33,6,4,325.0,55.0,3.5,0.49730153061140786,0.5026984693885921,438.59649122807014
34,6,4,335.0,55.0,3.5,0.4905578484485384,0.5094421515514616,438.59649122807014
35,6,4,345.0,55.0,3.5,0.48294424606406117,0.5170557539359388,438.59649122807014
36,6,4,355.0,55.0,3.5,0.4740045732987141,0.5259954267012859,438.59649122807014
37,6,4,365.0,55.0,3.5,0.463284460580158,0.536715539419842,438.59649122807014
38,6,4,375.0,55.0,3.5,0.45006985324766974,0.5499301467523303,438.59649122807014
39,6,4,385.0,55.0,3.5,0.43259332957826446,0.5674066704217355,438.59649122807014
40,6,4,395.0,55.0,3.5,0.40754718666043904,0.592452813339561,438.59649122807014
41,6,4,405.0,55.0,3.5,0.3705590103580613,0.6294409896419386,438.59649122807014
42,6,4,415.0,55.0,3.5,0.31930436535820333,0.6806956346417967,438.59649122807014
43,6,4,425.0,55.0,3.5,0.26244454074269596,0.737555459257304,438.59649122807014
44,6,4,435.0,55.0,3.5,0.22123238471783752,0.7787676152821625,438.59649122807014
45,6,4,445.0,55.0,3.5,0.20398532444799738,0.7960146755520026,438.59649122807014
46,6,4,455.0,55.0,3.5,0.20033945575853057,0.7996605442414695,438.59649122807014
47,6,4,465.0,55.0,3.5,0.2000452640357201,0.7999547359642799,438.59649122807014
48,6,4,475.0,55.0,3.5,0.20003385702780688,0.7999661429721932,438.59649122807014
49,6,4,485.0,55.0,3.5,0.20003377733060243,0.7999662226693975,438.59649122807014
50,6,4,495.0,55.0,3.5,0.2000342264626973,0.7999657735373027,438.59649122807014
1,7,4,5.0,65.0,3.5,0.7554868944374508,0.24451310556254924,438.59649122807014
2,7,4,15.0,65.0,3.5,0.7421877995927786,0.2578122004072214,438.59649122807014
3,7,4,25.0,65.0,3.5,0.7272606602602388,0.27273933973976117,438.59649122807014
4,7,4,35.0,65.0,3.5,0.7121815950236104,0.28781840497638955,438.59649122807014
5,7,4,45.0,65.0,3.5,0.6977353055996833,0.30226469440031667,438.59649122807014
6,7,4,55.0,65.0,3.5,0.6842288334093124,0.3157711665906876,438.59649122807014
7,7,4,65.0,65.0,3.5,0.6717099577404765,0.3282900422595235,438.59649122807014
8,7,4,75.0,65.0,3.5,0.6601138238191697,0.3398861761808303,438.59649122807014
9,7,4,85.0,65.0,3.5,0.6493350076873622,0.3506649923126378,438.59649122807014
10,7,4,95.0,65.0,3.5,0.6392618062387159,0.36073819376128413,438.59649122807014
11,7,4,105.0,65.0,3.5,0.6297949189100324,0.37020508108996764,438.59649122807014
12,7,4,115.0,65.0,3.5,0.6208457205782024,0.3791542794217976,438.59649122807014
13,7,4,125.0,65.0,3.5,0.6123374720964653,0.3876625279035347,438.59649122807014
14,7,4,135.0,65.0,3.5,0.6042023920465635,0.39579760795343655,438.59649122807014
15,7,4,145.0,65.0,3.5,0.5963847424093428,0.4036152575906572,438.59649122807014
16,7,4,155.0,65.0,3.5,0.5888390395213927,0.4111609604786073,438.59649122807014
17,7,4,165.0,65.0,3.5,0.5815266397905217,0.41847336020947834,438.59649122807014
18,7,4,175.0,65.0,3.5,0.574427847227538,0.42557215277246196,438.59649122807014
19,7,4,185.0,65.0,3.5,0.5675337969476534,0.4324662030523466,438.59649122807014
20,7,4,195.0,65.0,3.5,0.5608551746224669,0.4391448253775331,438.59649122807014
21,7,4,205.0,65.0,3.5,0.554422894486483,0.44557710551351704,438.59649122807014
22,7,4,215.0,65.0,3.5,0.5482871982826542,0.45171280171734585,438.59649122807014
23,7,4,225.0,65.0,3.5,0.5425181895719478,0.45748181042805225,438.59649122807014
24,7,4,235.0,65.0,3.5,0.5371753764498702,0.46282462355012977,438.59649122807014
25,7,4,245.0,65.0,3.5,0.5322388158677535,0.46776118413224654,438.59649122807014
26,7,4,255.0,65.0,3.5,0.5275280895454646,0.4724719104545354,438.59649122807014
27,7,4,265.0,65.0,3.5,0.5227836597660185,0.4772163402339815,438.59649122807014
28,7,4,275.0,65.0,3.5,0.5178410253162887,0.48215897468371127,438.59649122807014
29,7,4,285.0,65.0,3.5,0.5125870941143175,0.48741290588568253,438.59649122807014
30,7,4,295.0,65.0,3.5,0.5070105547102974,0.49298944528970257,438.59649122807014
31,7,4,305.0,65.0,3.5,0.5011366607640653,0.49886333923593473,438.59649122807014
32,7,4,315.0,65.0,3.5,0.4949083861340165,0.5050916138659836,438.59649122807014
33,7,4,325.0,65.0,3.5,0.48809882868530985,0.5119011713146902,438.59649122807014
34,7,4,335.0,65.0,3.5,0.48032396804643845,0.5196760319535616,438.59649122807014
35,7,4,345.0,65.0,3.5,0.47117934807734285,0.5288206519226571,438.59649122807014
36,7,4,355.0,65.0,3.5,0.460216899471928,0.539783100528072,438.59649122807014
37,7,4,365.0,65.0,3.5,0.44652506659932284,0.5534749334006772,438.59649122807014
38,7,4,375.0,65.0,3.5,0.4280737008508842,0.5719262991491159,438.59649122807014
39,7,4,385.0,65.0,3.5,0.40140672329445454,0.5985932767055455,438.59649122807014
40,7,4,395.0,65.0,3.5,0.36241064388683264,0.6375893561131674,438.59649122807014
41,7,4,405.0,65.0,3.5,0.309833224821267,0.690166775178733,438.59649122807014
42,7,4,415.0,65.0,3.5,0.25499176341144136,0.7450082365885586,438.59649122807014
43,7,4,425.0,65.0,3.5,0.21818895506603445,0.7818110449339656,438.59649122807014
44,7,4,435.0,65.0,3.5,0.20337356009581897,0.796626439904181,438.59649122807014
45,7,4,445.0,65.0,3.5,0.20026892185425987,0.7997310781457401,438.59649122807014
46,7,4,455.0,65.0,3.5,0.20003950356911498,0.7999604964308851,438.59649122807014
47,7,4,465.0,65.0,3.5,0.20003278226644133,0.7999672177335586,438.59649122807014
48,7,4,475.0,65.0,3.5,0.2000330465145479,0.7999669534854521,438.59649122807014
49,7,4,485.0,65.0,3.5,0.20003350974632902,0.799966490253671,438.59649122807014
50,7,4,495.0,65.0,3.5,0.20003388320804572,0.7999661167919543,438.59649122807014
1,8,4,5.0,75.0,3.5,0.7263446489185335,0.27365535108146655,438.59649122807014
2,8,4,15.0,75.0,3.5,0.7146820489739992,0.28531795102600077,438.59649122807014
3,8,4,25.0,75.0,3.5,0.7014776112405088,0.2985223887594912,438.59649122807014
4,8,4,35.0,75.0,3.5,0.6880355530069328,0.31196444699306725,438.59649122807014
5,8,4,45.0,75.0,3.5,0.6750220360191475,0.32497796398085255,438.59649122807014
6,8,4,55.0,75.0,3.5,0.6627264718771274,0.3372735281228726,438.59649122807014
7,8,4,65.0,75.0,3.5,0.6512188748857334,0.3487811251142666,438.59649122807014
8,8,4,75.0,75.0,3.5,0.6404768793670024,0.35952312063299763,438.59649122807014
9,8,4,85.0,75.0,3.5,0.6304311414760639,0.36956885852393606,438.59649122807014
10,8,4,95.0,75.0,3.5,0.6210034665829739,0.3789965334170261,438.59649122807014
11,8,4,105.0,75.0,3.5,0.6121179463223172,0.3878820536776828,438.59649122807014
12,8,4,115.0,75.0,3.5,0.6037043100933825,0.39629568990661745,438.59649122807014
13,8,4,125.0,75.0,3.5,0.5956996623516849,0.4043003376483151,438.59649122807014
14,8,4,135.0,75.0,3.5,0.5880517199237697,0.4119482800762303,438.59649122807014
15,8,4,145.0,75.0,3.5,0.5807072858738462,0.41929271412615376,438.59649122807014
16,8,4,155.0,75.0,3.5,0.573630722708387,0.426369277291613,438.59649122807014
17,8,4,165.0,75.0,3.5,0.5667933772589945,0.4332066227410055,438.59649122807014
18,8,4,175.0,75.0,3.5,0.5601970421083016,0.43980295789169843,438.59649122807014
19,8,4,185.0,75.0,3.5,0.5538677920552438,0.44613220794475617,438.59649122807014
20,8,4,195.0,75.0,3.5,0.5478471517339553,0.45215284826604474,438.59649122807014
21,8,4,205.0,75.0,3.5,0.5421710308732475,0.4578289691267525,438.59649122807014
22,8,4,215.0,75.0,3.5,0.5368461873728245,0.4631538126271755,438.59649122807014
23,8,4,225.0,75.0,3.5,0.5318317083172301,0.46816829168276985,438.59649122807014
24,8,4,235.0,75.0,3.5,0.5270104147038195,0.4729895852961805,438.59649122807014
25,8,4,245.0,75.0,3.5,0.5222138461330356,0.47778615386696444,438.59649122807014
26,8,4,255.0,75.0,3.5,0.5173218885008346,0.4826781114991654,438.59649122807014
27,8,4,265.0,75.0,3.5,0.5121958929214201,0.4878041070785799,438.59649122807014
28,8,4,275.0,75.0,3.5,0.5067655337754139,0.4932344662245861,438.59649122807014
29,8,4,285.0,75.0,3.5,0.5010263000876797,0.4989736999123203,438.59649122807014
30,8,4,295.0,75.0,3.5,0.4949575365526255,0.5050424634473745,438.59649122807014
31,8,4,305.0,75.0,3.5,0.48837927521118457,0.5116207247888154,438.59649122807014
32,8,4,315.0,75.0,3.5,0.48090857665043585,0.5190914233495642,438.59649122807014
33,8,4,325.0,75.0,3.5,0.4721312000322441,0.5278687999677558,438.59649122807014
34,8,4,335.0,75.0,3.5,0.4616586343274943,0.5383413656725057,438.59649122807014
35,8,4,345.0,75.0,3.5,0.44876456747357985,0.5512354325264202,438.59649122807014
36,8,4,355.0,75.0,3.5,0.4316792917966655,0.5683207082033346,438.59649122807014
37,8,4,365.0,75.0,3.5,0.4071602253160257,0.5928397746839743,438.59649122807014
38,8,4,375.0,75.0,3.5,0.3713453091202307,0.6286546908797692,438.59649122807014
39,8,4,385.0,75.0,3.5,0.3225545296308988,0.6774454703691012,438.59649122807014
40,8,4,395.0,75.0,3.5,0.2681985068622392,0.7318014931377608,438.59649122807014
41,8,4,405.0,75.0,3.5,0.22696853732346725,0.7730314626765328,438.59649122807014
42,8,4,415.0,75.0,3.5,0.2070290632308642,0.7929709367691358,438.59649122807014
43,8,4,425.0,75.0,3.5,0.2009126105892798,0.7990873894107202,438.59649122807014
44,8,4,435.0,75.0,3.5,0.20007494027527284,0.7999250597247272,438.59649122807014
45,8,4,445.0,75.0,3.5,0.20003288714887477,0.7999671128511252,438.59649122807014
46,8,4,455.0,75.0,3.5,0.20003202518335325,0.7999679748166467,438.59649122807014
47,8,4,465.0,75.0,3.5,0.20003245921442078,0.7999675407855792,438.59649122807014
48,8,4,475.0,75.0,3.5,0.20003290611306757,0.7999670938869324,438.59649122807014
49,8,4,485.0,75.0,3.5,0.20003329750091056,0.7999667024990894,438.59649122807014
50,8,4,495.0,75.0,3.5,0.20003357294271942,0.7999664270572806,438.59649122807014
1,9,4,5.0,85.0,3.5,0.6862713590372219,0.3137286409627781,438.59649122807014
2,9,4,15.0,85.0,3.5,0.6767069551685505,0.3232930448314495,438.59649122807014
3,9,4,25.0,85.0,3.5,0.6655806676633688,0.33441933233663124,438.59649122807014
4,9,4,35.0,85.0,3.5,0.6540179001558883,0.34598209984411166,438.59649122807014
5,9,4,45.0,85.0,3.5,0.6426225821982083,0.35737741780179166,438.59649122807014
6,9,4,55.0,85.0,3.5,0.6316849209127456,0.36831507908725436,438.59649122807014
7,9,4,65.0,85.0,3.5,0.6213158831679604,0.3786841168320396,438.59649122807014
8,9,4,75.0,85.0,3.5,0.6115345546531611,0.3884654453468389,438.59649122807014
9,9,4,85.0,85.0,3.5,0.6023187731958829,0.3976812268041171,438.59649122807014
10,9,4,95.0,85.0,3.5,0.5936317244168066,0.40636827558319344,438.59649122807014
11,9,4,105.0,85.0,3.5,0.5854350869793812,0.4145649130206188,438.59649122807014
12,9,4,115.0,85.0,3.5,0.5776970509662788,0.42230294903372123,438.59649122807014
13,9,4,125.0,85.0,3.5,0.5703840331076956,0.4296159668923044,438.59649122807014
14,9,4,135.0,85.0,3.5,0.563465839693336,0.43653416030666403,438.59649122807014
15,9,4,145.0,85.0,3.5,0.5568955395931927,0.4431044604068073,438.59649122807014
16,9,4,155.0,85.0,3.5,0.5506227221108884,0.44937727788911164,438.59649122807014
17,9,4,165.0,85.0,3.5,0.5446059926648988,0.45539400733510116,438.59649122807014
18,9,4,175.0,85.0,3.5,0.5388491395459024,0.4611508604540976,438.59649122807014
19,9,4,185.0,85.0,3.5,0.5334122704669885,0.46658772953301153,438.59649122807014
20,9,4,195.0,85.0,3.5,0.5283403258857319,0.4716596741142681,438.59649122807014
21,9,4,205.0,85.0,3.5,0.5235313293846258,0.47646867061537423,438.59649122807014
22,9,4,215.0,85.0,3.5,0.5187687367947935,0.4812312632052065,438.59649122807014
23,9,4,225.0,85.0,3.5,0.5138906884767939,0.48610931152320613,438.59649122807014
24,9,4,235.0,85.0,3.5,0.5087937244021266,0.49120627559787344,438.59649122807014
25,9,4,245.0,85.0,3.5,0.5034880608113397,0.4965119391886603,438.59649122807014
26,9,4,255.0,85.0,3.5,0.49798999613655826,0.5020100038634417,438.59649122807014
27,9,4,265.0,85.0,3.5,0.4921718129078412,0.5078281870921588,438.59649122807014
28,9,4,275.0,85.0,3.5,0.4857274135794509,0.5142725864205491,438.59649122807014
29,9,4,285.0,85.0,3.5,0.4782957360354197,0.5217042639645804,438.59649122807014
30,9,4,295.0,85.0,3.5,0.46962294021928797,0.530377059780712,438.59649122807014
31,9,4,305.0,85.0,3.5,0.45940029275631783,0.5405997072436821,438.59649122807014
32,9,4,315.0,85.0,3.5,0.44673829090237865,0.5532617090976213,438.59649122807014
33,9,4,325.0,85.0,3.5,0.4296543695936586,0.5703456304063415,438.59649122807014
34,9,4,335.0,85.0,3.5,0.40513634502231816,0.5948636549776818,438.59649122807014
35,9,4,345.0,85.0,3.5,0.3702331111506565,0.6297668888493435,438.59649122807014
36,9,4,355.0,85.0,3.5,0.32433494611364055,0.6756650538863594,438.59649122807014
37,9,4,365.0,85.0,3.5,0.2739321878116918,0.7260678121883082,438.59649122807014
38,9,4,375.0,85.0,3.5,0.23336453998540277,0.7666354600145973,438.59649122807014
39,9,4,385.0,85.0,3.5,0.21087205305990905,0.7891279469400909,438.59649122807014
40,9,4,395.0,85.0,3.5,0.20223844699963384,0.7977615530003661,438.59649122807014
41,9,4,405.0,85.0,3.5,0.2002470012833949,0.7997529987166051,438.59649122807014
42,9,4,415.0,85.0,3.5,0.2000439346696282,0.7999560653303718,438.59649122807014
43,9,4,425.0,85.0,3.5,0.20003128769441364,0.7999687123055863,438.59649122807014
44,9,4,435.0,85.0,3.5,0.2000310290162033,0.7999689709837967,438.59649122807014
45,9,4,445.0,85.0,3.5,0.20003147942553692,0.7999685205744631,438.59649122807014
46,9,4,455.0,85.0,3.5,0.20003194621471443,0.7999680537852856,438.59649122807014
47,9,4,465.0,85.0,3.5,0.20003239358260022,0.7999676064173997,438.59649122807014
48,9,4,475.0,85.0,3.5,0.20003280221639552,0.7999671977836045,438.59649122807014
49,9,4,485.0,85.0,3.5,0.20003314071688794,0.7999668592831121,438.59649122807014
50,9,4,495.0,85.0,3.5,0.20003335831246727,0.7999666416875327,438.59649122807014
1,10,4,5.0,95.0,3.5,0.619266418175745,0.380733581824255,438.59649122807014
2,10,4,15.0,95.0,3.5,0.6118894201980107,0.38811057980198926,438.59649122807014
3,10,4,25.0,95.0,3.5,0.6029464608556966,0.3970535391443034,438.59649122807014
4,10,4,35.0,95.0,3.5,0.5933149983576002,0.40668500164239985,438.59649122807014
5,10,4,45.0,95.0,3.5,0.5835190242259746,0.41648097577402543,438.59649122807014
6,10,4,55.0,95.0,3.5,0.5738445472939223,0.4261554527060777,438.59649122807014
7,10,4,65.0,95.0,3.5,0.5644349415035687,0.43556505849643135,438.59649122807014
8,10,4,75.0,95.0,3.5,0.5553564896107995,0.44464351038920047,438.59649122807014
9,10,4,85.0,95.0,3.5,0.5466410454896683,0.4533589545103317,438.59649122807014
10,10,4,95.0,95.0,3.5,0.5383147383438723,0.46168526165612767,438.59649122807014
11,10,4,105.0,95.0,3.5,0.5304196139868081,0.46958038601319185,438.59649122807014
12,10,4,115.0,95.0,3.5,0.5230240052504477,0.4769759947495523,438.59649122807014
13,10,4,125.0,95.0,3.5,0.5162065631193974,0.4837934368806026,438.59649122807014
14,10,4,135.0,95.0,3.5,0.5100062372099339,0.4899937627900661,438.59649122807014
15,10,4,145.0,95.0,3.5,0.5043311350968385,0.49566886490316153,438.59649122807014
16,10,4,155.0,95.0,3.5,0.498901469994003,0.501098530005997,438.59649122807014
17,10,4,165.0,95.0,3.5,0.49351850077761755,0.5064814992223825,438.59649122807014
18,10,4,175.0,95.0,3.5,0.48806744402059526,0.5119325559794048,438.59649122807014
19,10,4,185.0,95.0,3.5,0.48254660780239156,0.5174533921976084,438.59649122807014
20,10,4,195.0,95.0,3.5,0.47702291997454355,0.5229770800254565,438.59649122807014
21,10,4,205.0,95.0,3.5,0.47139155517617554,0.5286084448238244,438.59649122807014
22,10,4,215.0,95.0,3.5,0.4652653219276361,0.5347346780723639,438.59649122807014
23,10,4,225.0,95.0,3.5,0.45819521609602953,0.5418047839039705,438.59649122807014
24,10,4,235.0,95.0,3.5,0.4499029504306093,0.5500970495693907,438.59649122807014
25,10,4,245.0,95.0,3.5,0.44002974280530305,0.559970257194697,438.59649122807014
26,10,4,255.0,95.0,3.5,0.42751197031161065,0.5724880296883894,438.59649122807014
27,10,4,265.0,95.0,3.5,0.4102254895205455,0.5897745104794545,438.59649122807014
28,10,4,275.0,95.0,3.5,0.38554447242003304,0.614455527579967,438.59649122807014
29,10,4,285.0,95.0,3.5,0.35175171380560166,0.6482482861943983,438.59649122807014
30,10,4,295.0,95.0,3.5,0.3102835500546592,0.6897164499453408,438.59649122807014
31,10,4,305.0,95.0,3.5,0.2683348543294815,0.7316651456705185,438.59649122807014
32,10,4,315.0,95.0,3.5,0.23572156894777233,0.7642784310522277,438.59649122807014
33,10,4,325.0,95.0,3.5,0.21596417316778727,0.7840358268322127,438.59649122807014
34,10,4,335.0,95.0,3.5,0.20602732034672303,0.793972679653277,438.59649122807014
35,10,4,345.0,95.0,3.5,0.20188276526295354,0.7981172347370464,438.59649122807014
36,10,4,355.0,95.0,3.5,0.20047093413883857,0.7995290658611615,438.59649122807014
37,10,4,365.0,95.0,3.5,0.20008613295193006,0.7999138670480699,438.59649122807014
38,10,4,375.0,95.0,3.5,0.20003231389638335,0.7999676861036167,438.59649122807014
39,10,4,385.0,95.0,3.5,0.20002917828838218,0.7999708217116178,438.59649122807014
40,10,4,395.0,95.0,3.5,0.20002912268636164,0.7999708773136384,438.59649122807014
41,10,4,405.0,95.0,3.5,0.20002956173745443,0.7999704382625455,438.59649122807014
42,10,4,415.0,95.0,3.5,0.2000300379946201,0.79996996200538,438.59649122807014
43,10,4,425.0,95.0,3.5,0.20003051701195287,0.7999694829880472,438.59649122807014
44,10,4,435.0,95.0,3.5,0.20003099457517887,0.7999690054248212,438.59649122807014
45,10,4,445.0,95.0,3.5,0.20003146604331826,0.7999685339566818,438.59649122807014
46,10,4,455.0,95.0,3.5,0.2000319244888572,0.7999680755111428,438.59649122807014
47,10,4,465.0,95.0,3.5,0.20003235739585604,0.799967642604144,438.59649122807014
48,10,4,475.0,95.0,3.5,0.2000327445107634,0.7999672554892366,438.59649122807014
49,10,4,485.0,95.0,3.5,0.200033055105699,0.799966944894301,438.59649122807014
50,10,4,495.0,95.0,3.5,0.20003324588146779,0.7999667541185322,438.59649122807014
1,1,5,5.0,5.0,4.5,0.6643446968595033,0.33565530314049674,473.6842105263157
2,1,5,15.0,5.0,4.5,0.6550438417722988,0.3449561582277012,473.6842105263157
3,1,5,25.0,5.0,4.5,0.6443572550140917,0.3556427449859083,473.6842105263157
4,1,5,35.0,5.0,4.5,0.6333387244929108,0.36666127550708916,473.6842105263157
5,1,5,45.0,5.0,4.5,0.6225173178037656,0.3774826821962344,473.6842105263157
6,1,5,55.0,5.0,4.5,0.6121281731292195,0.3878718268707805,473.6842105263157
7,1,5,65.0,5.0,4.5,0.602252362180782,0.39774763781921796,473.6842105263157
8,1,5,75.0,5.0,4.5,0.5928951288076207,0.40710487119237926,473.6842105263157
9,1,5,85.0,5.0,4.5,0.5840291274302132,0.4159708725697868,473.6842105263157
10,1,5,95.0,5.0,4.5,0.575619041960968,0.424380958039032,473.6842105263157
11,1,5,105.0,5.0,4.5,0.5676358014358827,0.43236419856411734,473.6842105263157
12,1,5,115.0,5.0,4.5,0.5600612632779361,0.43993873672206385,473.6842105263157
13,1,5,125.0,5.0,4.5,0.55290275407384,0.44709724592615996,473.6842105263157
14,1,5,135.0,5.0,4.5,0.5461833508145163,0.4538166491854837,473.6842105263157
15,1,5,145.0,5.0,4.5,0.5399424677592376,0.4600575322407624,473.6842105263157
16,1,5,155.0,5.0,4.5,0.5341981761081532,0.46580182389184677,473.6842105263157
17,1,5,165.0,5.0,4.5,0.5289064091049358,0.4710935908950642,473.6842105263157
18,1,5,175.0,5.0,4.5,0.5239340670613851,0.4760659329386149,473.6842105263157
19,1,5,185.0,5.0,4.5,0.5190811610918897,0.48091883890811027,473.6842105263157
20,1,5,195.0,5.0,4.5,0.5142579722974707,0.4857420277025293,473.6842105263157
21,1,5,205.0,5.0,4.5,0.5094930712591967,0.49050692874080326,473.6842105263157
22,1,5,215.0,5.0,4.5,0.5048494352685649,0.49515056473143515,473.6842105263157
23,1,5,225.0,5.0,4.5,0.5003334496927974,0.49966655030720264,473.6842105263157
24,1,5,235.0,5.0,4.5,0.49581258896374314,0.5041874110362569,473.6842105263157
25,1,5,245.0,5.0,4.5,0.49110791249010494,0.508892087509895,473.6842105263157
26,1,5,255.0,5.0,4.5,0.4861594375277535,0.5138405624722465,473.6842105263157
27,1,5,265.0,5.0,4.5,0.4810092565003773,0.5189907434996227,473.6842105263157
28,1,5,275.0,5.0,4.5,0.475586880165784,0.524413119834216,473.6842105263157
29,1,5,285.0,5.0,4.5,0.4695693685917341,0.5304306314082659,473.6842105263157
30,1,5,295.0,5.0,4.5,0.4625316663505293,0.5374683336494708,473.6842105263157
31,1,5,305.0,5.0,4.5,0.454167019383507,0.545832980616493,473.6842105263157
32,1,5,315.0,5.0,4.5,0.44411027987005586,0.5558897201299442,473.6842105263157
33,1,5,325.0,5.0,4.5,0.43135951875338124,0.5686404812466188,473.6842105263157
34,1,5,335.0,5.0,4.5,0.4138209990245825,0.5861790009754175,473.6842105263157
35,1,5,345.0,5.0,4.5,0.3886784700986015,0.6113215299013985,473.6842105263157
36,1,5,355.0,5.0,4.5,0.35377786942834255,0.6462221305716574,473.6842105263157
37,1,5,365.0,5.0,4.5,0.31016060313008376,0.6898393968699162,473.6842105263157
38,1,5,375.0,5.0,4.5,0.26548024072036774,0.7345197592796322,473.6842105263157
39,1,5,385.0,5.0,4.5,0.23113771232064798,0.768862287679352,473.6842105263157
40,1,5,395.0,5.0,4.5,0.21145677027551346,0.7885432297244865,473.6842105263157
41,1,5,405.0,5.0,4.5,0.2028749809409219,0.7971250190590781,473.6842105263157
42,1,5,415.0,5.0,4.5,0.2004189405623593,0.7995810594376407,473.6842105263157
43,1,5,425.0,5.0,4.5,0.20005279128403447,0.7999472087159656,473.6842105263157
44,1,5,435.0,5.0,4.5,0.20003188439329386,0.7999681156067061,473.6842105263157
45,1,5,445.0,5.0,4.5,0.20003139506623835,0.7999686049337617,473.6842105263157
46,1,5,455.0,5.0,4.5,0.20003187186577617,0.7999681281342238,473.6842105263157
47,1,5,465.0,5.0,4.5,0.20003236753708364,0.7999676324629164,473.6842105263157
48,1,5,475.0,5.0,4.5,0.20003283776157035,0.7999671622384297,473.6842105263157
49,1,5,485.0,5.0,4.5,0.2000332460477145,0.7999667539522854,473.6842105263157
50,1,5,495.0,5.0,4.5,0.20003352555752307,0.7999664744424769,473.6842105263157
1,2,5,5.0,15.0,4.5,0.7215744502099429,0.27842554979005707,473.6842105263157
2,2,5,15.0,15.0,4.5,0.7098120323400172,0.2901879676599828,473.6842105263157
3,2,5,25.0,15.0,4.5,0.6966891547773328,0.30331084522266716,473.6842105263157
4,2,5,35.0,15.0,4.5,0.6835130310038207,0.31648696899617934,473.6842105263157
5,2,5,45.0,15.0,4.5,0.6708933484886241,0.32910665151137586,473.6842105263157
6,2,5,55.0,15.0,4.5,0.6590643763314413,0.3409356236685587,473.6842105263157
7,2,5,65.0,15.0,4.5,0.6480583066179604,0.3519416933820396,473.6842105263157
8,2,5,75.0,15.0,4.5,0.6378322270237218,0.3621677729762782,473.6842105263157
9,2,5,85.0,15.0,4.5,0.6283112341731936,0.37168876582680643,473.6842105263157
10,2,5,95.0,15.0,4.5,0.6194162241868771,0.38058377581312286,473.6842105263157
11,2,5,105.0,15.0,4.5,0.6110765003921719,0.3889234996078281,473.6842105263157
12,2,5,115.0,15.0,4.5,0.6032337161626133,0.39676628383738666,473.6842105263157
13,2,5,125.0,15.0,4.5,0.5958371073843667,0.4041628926156333,473.6842105263157
14,2,5,135.0,15.0,4.5,0.5888546028819683,0.41114539711803166,473.6842105263157
15,2,5,145.0,15.0,4.5,0.582252759275021,0.41774724072497904,473.6842105263157
16,2,5,155.0,15.0,4.5,0.5760050400575054,0.4239949599424946,473.6842105263157
17,2,5,165.0,15.0,4.5,0.5700764772367046,0.4299235227632954,473.6842105263157
18,2,5,175.0,15.0,4.5,0.5644243625178337,0.4355756374821663,473.6842105263157
19,2,5,185.0,15.0,4.5,0.5590114708857691,0.4409885291142309,473.6842105263157
20,2,5,195.0,15.0,4.5,0.5538272768884919,0.44617272311150813,473.6842105263157
21,2,5,205.0,15.0,4.5,0.5488922738953378,0.4511077261046622,473.6842105263157
22,2,5,215.0,15.0,4.5,0.5442160557578833,0.45578394424211666,473.6842105263157
23,2,5,225.0,15.0,4.5,0.5397242984174987,0.4602757015825013,473.6842105263157
24,2,5,235.0,15.0,4.5,0.5352874191152814,0.46471258088471856,473.6842105263157
25,2,5,245.0,15.0,4.5,0.5308149200663428,0.4691850799336572,473.6842105263157
26,2,5,255.0,15.0,4.5,0.5262701178806108,0.47372988211938916,473.6842105263157
27,2,5,265.0,15.0,4.5,0.521685278334043,0.478314721665957,473.6842105263157
28,2,5,275.0,15.0,4.5,0.5170729414404658,0.4829270585595342,473.6842105263157
29,2,5,285.0,15.0,4.5,0.512355688319163,0.487644311680837,473.6842105263157
30,2,5,295.0,15.0,4.5,0.5073977821520868,0.49260221784791325,473.6842105263157
31,2,5,305.0,15.0,4.5,0.5021157177470043,0.49788428225299575,473.6842105263157
32,2,5,315.0,15.0,4.5,0.49650835834969526,0.5034916416503048,473.6842105263157
33,2,5,325.0,15.0,4.5,0.49051222687836926,0.5094877731216307,473.6842105263157
34,2,5,335.0,15.0,4.5,0.48385344559350746,0.5161465544064925,473.6842105263157
35,2,5,345.0,15.0,4.5,0.47608096080164225,0.5239190391983577,473.6842105263157
36,2,5,355.0,15.0,4.5,0.4667600026701774,0.5332399973298225,473.6842105263157
37,2,5,365.0,15.0,4.5,0.45542933989692813,0.5445706601030719,473.6842105263157
38,2,5,375.0,15.0,4.5,0.4410177827805339,0.5589822172194661,473.6842105263157
39,2,5,385.0,15.0,4.5,0.4210852935280966,0.5789147064719034,473.6842105263157
40,2,5,395.0,15.0,4.5,0.39174379669604464,0.6082562033039554,473.6842105263157
41,2,5,405.0,15.0,4.5,0.3492760748149891,0.6507239251850109,473.6842105263157
42,2,5,415.0,15.0,4.5,0.29483400833348916,0.7051659916665108,473.6842105263157
43,2,5,425.0,15.0,4.5,0.24235572353960486,0.7576442764603951,473.6842105263157
44,2,5,435.0,15.0,4.5,0.21103008220516623,0.7889699177948337,473.6842105263157
45,2,5,445.0,15.0,4.5,0.20128525720245036,0.7987147427975496,473.6842105263157
46,2,5,455.0,15.0,4.5,0.20007514158819661,0.7999248584118034,473.6842105263157
47,2,5,465.0,15.0,4.5,0.20003318294007388,0.7999668170599261,473.6842105263157
48,2,5,475.0,15.0,4.5,0.20003289164301466,0.7999671083569854,473.6842105263157
49,2,5,485.0,15.0,4.5,0.2000333282761008,0.7999666717238992,473.6842105263157
50,2,5,495.0,15.0,4.5,0.20003365663220704,0.7999663433677929,473.6842105263157
1,3,5,5.0,25.0,4.5,0.7550201955710768,0.2449798044289232,473.6842105263157
2,3,5,15.0,25.0,4.5,0.7416070993296214,0.25839290067037857,473.6842105263157
3,3,5,25.0,25.0,4.5,0.7267011289859937,0.2732988710140063,473.6842105263157
4,3,5,35.0,25.0,4.5,0.7118214847782841,0.2881785152217159,473.6842105263157
5,3,5,45.0,25.0,4.5,0.6977194365239495,0.3022805634760505,473.6842105263157
6,3,5,55.0,25.0,4.5,0.6846534145518196,0.3153465854481804,473.6842105263157
7,3,5,65.0,25.0,4.5,0.6726313013711367,0.3273686986288633,473.6842105263157
8,3,5,75.0,25.0,4.5,0.6615597486610024,0.3384402513389976,473.6842105263157
9,3,5,85.0,25.0,4.5,0.6513388468968109,0.3486611531031891,473.6842105263157
10,3,5,95.0,25.0,4.5,0.6418358130266554,0.3581641869733446,473.6842105263157
11,3,5,105.0,25.0,4.5,0.632941991918925,0.367058008081075,473.6842105263157
12,3,5,115.0,25.0,4.5,0.624570327508382,0.37542967249161796,473.6842105263157
13,3,5,125.0,25.0,4.5,0.6166555505939145,0.3833444494060855,473.6842105263157
14,3,5,135.0,25.0,4.5,0.6091458601797486,0.3908541398202514,473.6842105263157
15,3,5,145.0,25.0,4.5,0.6019916131415476,0.3980083868584524,473.6842105263157
16,3,5,155.0,25.0,4.5,0.5951502542439947,0.4048497457560053,473.6842105263157
17,3,5,165.0,25.0,4.5,0.5885864047216433,0.41141359527835675,473.6842105263157
18,3,5,175.0,25.0,4.5,0.5822698479331948,0.4177301520668052,473.6842105263157
19,3,5,185.0,25.0,4.5,0.5761886990344433,0.42381130096555675,473.6842105263157
20,3,5,195.0,25.0,4.5,0.5703471097434961,0.4296528902565039,473.6842105263157
21,3,5,205.0,25.0,4.5,0.5647670207165136,0.43523297928348637,473.6842105263157
22,3,5,215.0,25.0,4.5,0.559474035797556,0.44052596420244405,473.6842105263157
23,3,5,225.0,25.0,4.5,0.5544719736347508,0.44552802636524924,473.6842105263157
24,3,5,235.0,25.0,4.5,0.5497212605072396,0.4502787394927604,473.6842105263157
25,3,5,245.0,25.0,4.5,0.5451325248381023,0.45486747516189774,473.6842105263157
26,3,5,255.0,25.0,4.5,0.5405942546575685,0.4594057453424315,473.6842105263157
27,3,5,265.0,25.0,4.5,0.5360480791330003,0.46395192086699966,473.6842105263157
28,3,5,275.0,25.0,4.5,0.5314358715916833,0.46856412840831674,473.6842105263157
29,3,5,285.0,25.0,4.5,0.5267218264929721,0.47327817350702794,473.6842105263157
30,3,5,295.0,25.0,4.5,0.521896311295107,0.47810368870489295,473.6842105263157
31,3,5,305.0,25.0,4.5,0.516957237717576,0.48304276228242404,473.6842105263157
32,3,5,315.0,25.0,4.5,0.5118673439652235,0.4881326560347765,473.6842105263157
33,3,5,325.0,25.0,4.5,0.5065227533944692,0.49347724660553083,473.6842105263157
34,3,5,335.0,25.0,4.5,0.5008026034311645,0.49919739656883555,473.6842105263157
35,3,5,345.0,25.0,4.5,0.49461329667890785,0.5053867033210921,473.6842105263157
36,3,5,355.0,25.0,4.5,0.48783112897341124,0.5121688710265888,473.6842105263157
37,3,5,365.0,25.0,4.5,0.48016857593101603,0.519831424068984,473.6842105263157
38,3,5,375.0,25.0,4.5,0.4711031142800446,0.5288968857199554,473.6842105263157
39,3,5,385.0,25.0,4.5,0.45997454240203683,0.5400254575979632,473.6842105263157
40,3,5,395.0,25.0,4.5,0.44584838874712757,0.5541516112528724,473.6842105263157
41,3,5,405.0,25.0,4.5,0.4268024202745965,0.5731975797254035,473.6842105263157
42,3,5,415.0,25.0,4.5,0.3989559429707429,0.6010440570292571,473.6842105263157
43,3,5,425.0,25.0,4.5,0.3569893386914779,0.643010661308522,473.6842105263157
44,3,5,435.0,25.0,4.5,0.299268205759631,0.700731794240369,473.6842105263157
45,3,5,445.0,25.0,4.5,0.2412694509566279,0.7587305490433721,473.6842105263157
46,3,5,455.0,25.0,4.5,0.20901413426291773,0.7909858657370823,473.6842105263157
47,3,5,465.0,25.0,4.5,0.20074243679922116,0.7992575632007788,473.6842105263157
48,3,5,475.0,25.0,4.5,0.20005086475671274,0.7999491352432873,473.6842105263157
49,3,5,485.0,25.0,4.5,0.20003379610530878,0.7999662038946912,473.6842105263157
50,3,5,495.0,25.0,4.5,0.20003388727458385,0.7999661127254162,473.6842105263157
1,4,5,5.0,35.0,4.5,0.7776606529509039,0.22233934704909608,473.6842105263157
2,4,5,15.0,35.0,4.5,0.7638270819494309,0.23617291805056906,473.6842105263157
3,4,5,25.0,35.0,4.5,0.7478011483689387,0.25219885163106126,473.6842105263157
4,4,5,35.0,35.0,4.5,0.7315792134186162,0.2684207865813838,473.6842105263157
5,4,5,45.0,35.0,4.5,0.7162322648422069,0.2837677351577931,473.6842105263157
6,4,5,55.0,35.0,4.5,0.7022380636361459,0.29776193636385406,473.6842105263157
7,4,5,65.0,35.0,4.5,0.6894891417051976,0.3105108582948024,473.6842105263157
8,4,5,75.0,35.0,4.5,0.6778140170261927,0.3221859829738073,473.6842105263157
9,4,5,85.0,35.0,4.5,0.6670323797198785,0.3329676202801215,473.6842105263157
10,4,5,95.0,35.0,4.5,0.6570220708110208,0.3429779291889792,473.6842105263157
11,4,5,105.0,35.0,4.5,0.6476709688957513,0.35232903110424874,473.6842105263157
12,4,5,115.0,35.0,4.5,0.6388804706734541,0.3611195293265459,473.6842105263157
13,4,5,125.0,35.0,4.5,0.6305648326804905,0.36943516731950954,473.6842105263157
14,4,5,135.0,35.0,4.5,0.6226534210425769,0.3773465789574231,473.6842105263157
15,4,5,145.0,35.0,4.5,0.6150854191467942,0.38491458085320585,473.6842105263157
16,4,5,155.0,35.0,4.5,0.6078238456433788,0.39217615435662123,473.6842105263157
17,4,5,165.0,35.0,4.5,0.6008299344521565,0.3991700655478435,473.6842105263157
18,4,5,175.0,35.0,4.5,0.5940844194992676,0.4059155805007324,473.6842105263157
19,4,5,185.0,35.0,4.5,0.5875703050701049,0.4124296949298951,473.6842105263157
20,4,5,195.0,35.0,4.5,0.5812830623943221,0.41871693760567785,473.6842105263157
21,4,5,205.0,35.0,4.5,0.5752306705764589,0.42476932942354106,473.6842105263157
22,4,5,215.0,35.0,4.5,0.5694317144339301,0.43056828556606985,473.6842105263157
23,4,5,225.0,35.0,4.5,0.5639108226496332,0.4360891773503668,473.6842105263157
24,4,5,235.0,35.0,4.5,0.5586898441219215,0.44131015587807854,473.6842105263157
25,4,5,245.0,35.0,4.5,0.553768539246497,0.44623146075350295,473.6842105263157
26,4,5,255.0,35.0,4.5,0.5490985395935826,0.45090146040641743,473.6842105263157
27,4,5,265.0,35.0,4.5,0.5445582081445418,0.4554417918554582,473.6842105263157
28,4,5,275.0,35.0,4.5,0.5400161848871464,0.4599838151128536,473.6842105263157
29,4,5,285.0,35.0,4.5,0.5353888483377229,0.46461115166227707,473.6842105263157
30,4,5,295.0,35.0,4.5,0.5306282805278739,0.4693717194721261,473.6842105263157
31,4,5,305.0,35.0,4.5,0.525739483190246,0.474260516809754,473.6842105263157
32,4,5,315.0,35.0,4.5,0.520744059202987,0.47925594079701295,473.6842105263157
33,4,5,325.0,35.0,4.5,0.5156231958191128,0.48437680418088724,473.6842105263157
34,4,5,335.0,35.0,4.5,0.5102881944903619,0.4897118055096381,473.6842105263157
35,4,5,345.0,35.0,4.5,0.5046074812369439,0.4953925187630561,473.6842105263157
36,4,5,355.0,35.0,4.5,0.49847291197662014,0.5015270880233799,473.6842105263157
37,4,5,365.0,35.0,4.5,0.49178793362975454,0.5082120663702454,473.6842105263157
38,4,5,375.0,35.0,4.5,0.48434345142197943,0.5156565485780206,473.6842105263157
39,4,5,385.0,35.0,4.5,0.47569985647565444,0.5243001435243455,473.6842105263157
40,4,5,395.0,35.0,4.5,0.4651927833533403,0.5348072166466598,473.6842105263157
41,4,5,405.0,35.0,4.5,0.4519709288214093,0.5480290711785907,473.6842105263157
42,4,5,415.0,35.0,4.5,0.4345462736997966,0.5654537263002034,473.6842105263157
43,4,5,425.0,35.0,4.5,0.4097502330262505,0.5902497669737494,473.6842105263157
44,4,5,435.0,35.0,4.5,0.3723242438476617,0.6276757561523383,473.6842105263157
45,4,5,445.0,35.0,4.5,0.31809793401389286,0.6819020659861071,473.6842105263157
46,4,5,455.0,35.0,4.5,0.2565454307381241,0.7434545692618759,473.6842105263157
47,4,5,465.0,35.0,4.5,0.2155351247910352,0.7844648752089648,473.6842105263157
48,4,5,475.0,35.0,4.5,0.20217289796029844,0.7978271020397015,473.6842105263157
49,4,5,485.0,35.0,4.5,0.20019442585345162,0.7998055741465484,473.6842105263157
50,4,5,495.0,35.0,4.5,0.20003996456051032,0.7999600354394897,473.6842105263157
1,5,5,5.0,45.0,4.5,0.7932700014815012,0.20672999851849883,473.6842105263157
2,5,5,15.0,45.0,4.5,0.7812766753386151,0.2187233246613849,473.6842105263157
3,5,5,25.0,45.0,4.5,0.7652385914585152,0.23476140854148475,473.6842105263157
4,5,5,35.0,45.0,4.5,0.7483602804794746,0.25163971952052544,473.6842105263157
5,5,5,45.0,45.0,4.5,0.7323792309971761,0.26762076900282394,473.6842105263157
6,5,5,55.0,45.0,4.5,0.7176137328575893,0.28238626714241066,473.6842105263157
7,5,5,65.0,45.0,4.5,0.7041565002453725,0.29584349975462754,473.6842105263157
8,5,5,75.0,45.0,4.5,0.6918910378816584,0.3081089621183416,473.6842105263157
9,5,5,85.0,45.0,4.5,0.6806493536069139,0.3193506463930861,473.6842105263157
10,5,5,95.0,45.0,4.5,0.6702692842829132,0.3297307157170868,473.6842105263157
11,5,5,105.0,45.0,4.5,0.6606116889333845,0.3393883110666155,473.6842105263157
12,5,5,115.0,45.0,4.5,0.6515643345804238,0.34843566541957616,473.6842105263157
13,5,5,125.0,45.0,4.5,0.6430338882794712,0.35696611172052883,473.6842105263157
14,5,5,135.0,45.0,4.5,0.6349423177208606,0.3650576822791394,473.6842105263157
15,5,5,145.0,45.0,4.5,0.6272310300597804,0.3727689699402196,473.6842105263157
16,5,5,155.0,45.0,4.5,0.6198431783227869,0.3801568216772131,473.6842105263157
17,5,5,165.0,45.0,4.5,0.6127381655794408,0.38726183442055917,473.6842105263157
18,5,5,175.0,45.0,4.5,0.6058758049943053,0.39412419500569473,473.6842105263157
19,5,5,185.0,45.0,4.5,0.5992323903321665,0.40076760966783354,473.6842105263157
20,5,5,195.0,45.0,4.5,0.5927924518077995,0.4072075481922005,473.6842105263157
21,5,5,205.0,45.0,4.5,0.5865575311010975,0.41344246889890246,473.6842105263157
22,5,5,215.0,45.0,4.5,0.5805403036814206,0.4194596963185794,473.6842105263157
23,5,5,225.0,45.0,4.5,0.5747625818426519,0.42523741815734806,473.6842105263157
24,5,5,235.0,45.0,4.5,0.5692528364841631,0.43074716351583686,473.6842105263157
25,5,5,245.0,45.0,4.5,0.5640347070100437,0.43596529298995634,473.6842105263157
26,5,5,255.0,45.0,4.5,0.5591044326732315,0.4408955673267685,473.6842105263157
27,5,5,265.0,45.0,4.5,0.5544018508699547,0.44559814913004525,473.6842105263157
28,5,5,275.0,45.0,4.5,0.5497968730695256,0.4502031269304744,473.6842105263157
29,5,5,285.0,45.0,4.5,0.5451557560518194,0.45484424394818057,473.6842105263157
30,5,5,295.0,45.0,4.5,0.540404764956054,0.45959523504394595,473.6842105263157
31,5,5,305.0,45.0,4.5,0.5355022240300211,0.4644977759699789,473.6842105263157
32,5,5,315.0,45.0,4.5,0.5304510515028846,0.46954894849711537,473.6842105263157
33,5,5,325.0,45.0,4.5,0.5252770893593022,0.4747229106406978,473.6842105263157
34,5,5,335.0,45.0,4.5,0.5199724414475045,0.48002755855249546,473.6842105263157
35,5,5,345.0,45.0,4.5,0.5144510003065049,0.4855489996934951,473.6842105263157
36,5,5,355.0,45.0,4.5,0.5085647799168141,0.49143522008318585,473.6842105263157
37,5,5,365.0,45.0,4.5,0.5021743894265908,0.49782561057340924,473.6842105263157
38,5,5,375.0,45.0,4.5,0.49516430741894535,0.5048356925810547,473.6842105263157
39,5,5,385.0,45.0,4.5,0.4873232896569692,0.5126767103430308,473.6842105263157
40,5,5,395.0,45.0,4.5,0.4781718038062043,0.5218281961937957,473.6842105263157
41,5,5,405.0,45.0,4.5,0.4669222311506706,0.5330777688493293,473.6842105263157
42,5,5,415.0,45.0,4.5,0.4525067798957634,0.5474932201042366,473.6842105263157
43,5,5,425.0,45.0,4.5,0.43310811933771415,0.5668918806622858,473.6842105263157
44,5,5,435.0,45.0,4.5,0.40498541649293934,0.5950145835070606,473.6842105263157
45,5,5,445.0,45.0,4.5,0.36256840495370013,0.6374315950462999,473.6842105263157
46,5,5,455.0,45.0,4.5,0.3044030083123602,0.6955969916876398,473.6842105263157
47,5,5,465.0,45.0,4.5,0.24562899165299884,0.7543710083470012,473.6842105263157
48,5,5,475.0,45.0,4.5,0.21210586668341022,0.7878941333165898,473.6842105263157
49,5,5,485.0,45.0,4.5,0.2025154787000056,0.7974845212999944,473.6842105263157
50,5,5,495.0,45.0,4.5,0.20054062074787213,0.7994593792521278,473.6842105263157
1,6,5,5.0,55.0,4.5,0.7786475607038185,0.22135243929618154,473.6842105263157
2,6,5,15.0,55.0,4.5,0.7655466486449397,0.2344533513550603,473.6842105263157
3,6,5,25.0,55.0,4.5,0.7503246795002152,0.2496753204997848,473.6842105263157
4,6,5,35.0,55.0,4.5,0.7347879308722772,0.26521206912772277,473.6842105263157
5,6,5,45.0,55.0,4.5,0.7199596497442486,0.28004035025575136,473.6842105263157
6,6,5,55.0,55.0,4.5,0.7062026140040212,0.2937973859959788,473.6842105263157
7,6,5,65.0,55.0,4.5,0.6935514135782301,0.30644858642176986,473.6842105263157
8,6,5,75.0,55.0,4.5,0.6819055093551728,0.3180944906448272,473.6842105263157
9,6,5,85.0,55.0,4.5,0.6711410931271096,0.32885890687289043,473.6842105263157
10,6,5,95.0,55.0,4.5,0.6611297003828411,0.33887029961715887,473.6842105263157
11,6,5,105.0,55.0,4.5,0.6517601257694042,0.34823987423059577,473.6842105263157
12,6,5,115.0,55.0,4.5,0.6429377280207637,0.35706227197923635,473.6842105263157
13,6,5,125.0,55.0,4.5,0.6345823820161856,0.36541761798381445,473.6842105263157
14,6,5,135.0,55.0,4.5,0.6266294123420881,0.37337058765791187,473.6842105263157
15,6,5,145.0,55.0,4.5,0.6190231668741801,0.38097683312581987,473.6842105263157
16,6,5,155.0,55.0,4.5,0.6117160127649078,0.38828398723509217,473.6842105263157
17,6,5,165.0,55.0,4.5,0.6046737978253423,0.39532620217465775,473.6842105263157
18,6,5,175.0,55.0,4.5,0.5978678793797445,0.4021321206202555,473.6842105263157
19,6,5,185.0,55.0,4.5,0.591279160483214,0.40872083951678595,473.6842105263157
20,6,5,195.0,55.0,4.5,0.584902567499217,0.415097432500783,473.6842105263157
21,6,5,205.0,55.0,4.5,0.5787413053799828,0.4212586946200172,473.6842105263157
22,6,5,215.0,55.0,4.5,0.5728117488519551,0.42718825114804493,473.6842105263157
23,6,5,225.0,55.0,4.5,0.5671463358141641,0.43285366418583593,473.6842105263157
24,6,5,235.0,55.0,4.5,0.5617812270833459,0.4382187729166541,473.6842105263157
25,6,5,245.0,55.0,4.5,0.5567369421847462,0.44326305781525377,473.6842105263157
26,6,5,255.0,55.0,4.5,0.5519856268173868,0.44801437318261317,473.6842105263157
27,6,5,265.0,55.0,4.5,0.547419928860269,0.452580071139731,473.6842105263157
28,6,5,275.0,55.0,4.5,0.5428758106436515,0.45712418935634846,473.6842105263157
29,6,5,285.0,55.0,4.5,0.5382498582247106,0.4617501417752894,473.6842105263157
30,6,5,295.0,55.0,4.5,0.5334783725174745,0.46652162748252546,473.6842105263157
31,6,5,305.0,55.0,4.5,0.5285518032979603,0.47144819670203975,473.6842105263157
32,6,5,315.0,55.0,4.5,0.5234982216965177,0.4765017783034823,473.6842105263157
33,6,5,325.0,55.0,4.5,0.5183278062688841,0.4816721937311159,473.6842105263157
34,6,5,335.0,55.0,4.5,0.5129777236724304,0.48702227632756956,473.6842105263157
35,6,5,345.0,55.0,4.5,0.5073125406844069,0.4926874593155931,473.6842105263157
36,6,5,355.0,55.0,4.5,0.5011903933030524,0.4988096066969476,473.6842105263157
37,6,5,365.0,55.0,4.5,0.49450277243223384,0.5054972275677662,473.6842105263157
38,6,5,375.0,55.0,4.5,0.48708485682189645,0.5129151431781036,473.6842105263157
39,6,5,385.0,55.0,4.5,0.4785287879925273,0.5214712120074727,473.6842105263157
40,6,5,395.0,55.0,4.5,0.46813205622458876,0.5318679437754112,473.6842105263157
41,6,5,405.0,55.0,4.5,0.454902227460169,0.5450977725398309,473.6842105263157
42,6,5,415.0,55.0,4.5,0.4372087873222929,0.562791212677707,473.6842105263157
43,6,5,425.0,55.0,4.5,0.41173141638418187,0.5882685836158181,473.6842105263157
44,6,5,435.0,55.0,4.5,0.3728660927474637,0.6271339072525364,473.6842105263157
45,6,5,445.0,55.0,4.5,0.3165012925316272,0.6834987074683728,473.6842105263157
46,6,5,455.0,55.0,4.5,0.2533845764224068,0.7466154235775933,473.6842105263157
47,6,5,465.0,55.0,4.5,0.21276416256454833,0.7872358374354517,473.6842105263157
48,6,5,475.0,55.0,4.5,0.20132254920885342,0.7986774507911466,473.6842105263157
49,6,5,485.0,55.0,4.5,0.20009666990791225,0.7999033300920877,473.6842105263157
50,6,5,495.0,55.0,4.5,0.20003606066435953,0.7999639393356405,473.6842105263157
1,7,5,5.0,65.0,4.5,0.7583483771505429,0.24165162284945707,473.6842105263157
2,7,5,15.0,65.0,4.5,0.7458246416750643,0.25417535832493565,473.6842105263157
3,7,5,25.0,65.0,4.5,0.7317335460012576,0.2682664539987424,473.6842105263157
4,7,5,35.0,65.0,4.5,0.7174726530150008,0.28252734698499915,473.6842105263157
5,7,5,45.0,65.0,4.5,0.7037949927477682,0.29620500725223176,473.6842105263157
6,7,5,55.0,65.0,4.5,0.6909980777482632,0.30900192225173684,473.6842105263157
7,7,5,65.0,65.0,4.5,0.679139531633353,0.32086046836664694,473.6842105263157
8,7,5,75.0,65.0,4.5,0.6681550287639626,0.3318449712360374,473.6842105263157
9,7,5,85.0,65.0,4.5,0.6579526392312259,0.34204736076877407,473.6842105263157
10,7,5,95.0,65.0,4.5,0.6484315020254086,0.35156849797459144,473.6842105263157
11,7,5,105.0,65.0,4.5,0.6394983337437197,0.36050166625628033,473.6842105263157
12,7,5,115.0,65.0,4.5,0.6310724816542151,0.36892751834578486,473.6842105263157
13,7,5,125.0,65.0,4.5,0.6230854726109569,0.3769145273890431,473.6842105263157
14,7,5,135.0,65.0,4.5,0.6154739490006613,0.3845260509993387,473.6842105263157
15,7,5,145.0,65.0,4.5,0.6081933523443022,0.39180664765569784,473.6842105263157
16,7,5,155.0,65.0,4.5,0.6011973077010809,0.39880269229891907,473.6842105263157
17,7,5,165.0,65.0,4.5,0.5944601821219442,0.4055398178780558,473.6842105263157
18,7,5,175.0,65.0,4.5,0.5879595846993104,0.4120404153006896,473.6842105263157
19,7,5,185.0,65.0,4.5,0.5816881198558306,0.4183118801441694,473.6842105263157
20,7,5,195.0,65.0,4.5,0.5756503818773466,0.42434961812265337,473.6842105263157
21,7,5,205.0,65.0,4.5,0.5698581495689489,0.43014185043105113,473.6842105263157
22,7,5,215.0,65.0,4.5,0.5643305977810033,0.43566940221899675,473.6842105263157
23,7,5,225.0,65.0,4.5,0.5590900312587204,0.44090996874127963,473.6842105263157
24,7,5,235.0,65.0,4.5,0.5541462626954047,0.4458537373045953,473.6842105263157
25,7,5,245.0,65.0,4.5,0.5494644171395616,0.4505355828604384,473.6842105263157
26,7,5,255.0,65.0,4.5,0.5449346966893127,0.4550653033106873,473.6842105263157
27,7,5,265.0,65.0,4.5,0.5404193598171096,0.45958064018289035,473.6842105263157
28,7,5,275.0,65.0,4.5,0.5358346763380948,0.4641653236619052,473.6842105263157
29,7,5,285.0,65.0,4.5,0.5311278466707859,0.46887215332921406,473.6842105263157
30,7,5,295.0,65.0,4.5,0.5262976085102875,0.4737023914897125,473.6842105263157
31,7,5,305.0,65.0,4.5,0.5213612658557782,0.47863873414422176,473.6842105263157
32,7,5,315.0,65.0,4.5,0.5163019538253393,0.4836980461746607,473.6842105263157
33,7,5,325.0,65.0,4.5,0.511040794937045,0.488959205062955,473.6842105263157
34,7,5,335.0,65.0,4.5,0.5054547638718899,0.4945452361281101,473.6842105263157
35,7,5,345.0,65.0,4.5,0.4994344442940232,0.5005655557059767,473.6842105263157
36,7,5,355.0,65.0,4.5,0.4928780754736319,0.5071219245263681,473.6842105263157
37,7,5,365.0,65.0,4.5,0.48558220688686177,0.5144177931131382,473.6842105263157
38,7,5,375.0,65.0,4.5,0.47712849978133315,0.5228715002186668,473.6842105263157
39,7,5,385.0,65.0,4.5,0.4668640231929817,0.5331359768070183,473.6842105263157
40,7,5,395.0,65.0,4.5,0.4538711364620121,0.546128863537988,473.6842105263157
41,7,5,405.0,65.0,4.5,0.43639369859834,0.56360630140166,473.6842105263157
42,7,5,415.0,65.0,4.5,0.4109810207634928,0.5890189792365073,473.6842105263157
43,7,5,425.0,65.0,4.5,0.3720398448030159,0.6279601551969841,473.6842105263157
44,7,5,435.0,65.0,4.5,0.31514333747095213,0.6848566625290479,473.6842105263157
45,7,5,445.0,65.0,4.5,0.25122977872766195,0.748770221272338,473.6842105263157
46,7,5,455.0,65.0,4.5,0.2109971203395656,0.7890028796604344,473.6842105263157
47,7,5,465.0,65.0,4.5,0.20073306835441018,0.7992669316455898,473.6842105263157
48,7,5,475.0,65.0,4.5,0.20004434532004856,0.7999556546799514,473.6842105263157
49,7,5,485.0,65.0,4.5,0.20003344017937189,0.7999665598206281,473.6842105263157
50,7,5,495.0,65.0,4.5,0.20003366117675792,0.7999663388232421,473.6842105263157
1,8,5,5.0,75.0,4.5,0.7307722426146981,0.2692277573853019,473.6842105263157
2,8,5,15.0,75.0,4.5,0.7197591446362573,0.28024085536374266,473.6842105263157
3,8,5,25.0,75.0,4.5,0.7072655661436021,0.29273443385639786,473.6842105263157
4,8,5,35.0,75.0,4.5,0.694533040560097,0.305466959439903,473.6842105263157
5,8,5,45.0,75.0,4.5,0.6822026859250598,0.31779731407494016,473.6842105263157
6,8,5,55.0,75.0,4.5,0.6705508521333178,0.3294491478666822,473.6842105263157
7,8,5,65.0,75.0,4.5,0.6596551775390138,0.3403448224609862,473.6842105263157
8,8,5,75.0,75.0,4.5,0.6494917762481114,0.3505082237518886,473.6842105263157
9,8,5,85.0,75.0,4.5,0.6400014020585182,0.3599985979414818,473.6842105263157
10,8,5,95.0,75.0,4.5,0.6311139422137856,0.3688860577862144,473.6842105263157
11,8,5,105.0,75.0,4.5,0.6227587383249834,0.3772412616750166,473.6842105263157
12,8,5,115.0,75.0,4.5,0.6148702112809035,0.38512978871909653,473.6842105263157
13,8,5,125.0,75.0,4.5,0.6073953752236891,0.39260462477631086,473.6842105263157
14,8,5,135.0,75.0,4.5,0.6002809714525851,0.3997190285474149,473.6842105263157
15,8,5,145.0,75.0,4.5,0.5934866556516728,0.4065133443483272,473.6842105263157
16,8,5,155.0,75.0,4.5,0.5869728137642336,0.4130271862357664,473.6842105263157
17,8,5,165.0,75.0,4.5,0.5807181081723772,0.41928189182762277,473.6842105263157
18,8,5,175.0,75.0,4.5,0.5747156973078054,0.42528430269219464,473.6842105263157
19,8,5,185.0,75.0,4.5,0.568973145424288,0.431026854575712,473.6842105263157
20,8,5,195.0,75.0,4.5,0.5635050432004709,0.4364949567995291,473.6842105263157
21,8,5,205.0,75.0,4.5,0.5583147345722048,0.4416852654277952,473.6842105263157
22,8,5,215.0,75.0,4.5,0.5533834566743461,0.4466165433256539,473.6842105263157
23,8,5,225.0,75.0,4.5,0.5486694248941678,0.4513305751058322,473.6842105263157
24,8,5,235.0,75.0,4.5,0.5441042426394124,0.45589575736058763,473.6842105263157
25,8,5,245.0,75.0,4.5,0.5395986248551193,0.46040137514488066,473.6842105263157
26,8,5,255.0,75.0,4.5,0.535094513001357,0.464905486998643,473.6842105263157
27,8,5,265.0,75.0,4.5,0.5305222427214409,0.4694777572785591,473.6842105263157
28,8,5,275.0,75.0,4.5,0.5258440489462194,0.4741559510537806,473.6842105263157
29,8,5,285.0,75.0,4.5,0.521061069518042,0.478938930481958,473.6842105263157
30,8,5,295.0,75.0,4.5,0.5161783677119725,0.48382163228802755,473.6842105263157
31,8,5,305.0,75.0,4.5,0.5111426148896053,0.48885738511039467,473.6842105263157
32,8,5,315.0,75.0,4.5,0.5058289303538651,0.4941710696461349,473.6842105263157
33,8,5,325.0,75.0,4.5,0.5001196836561076,0.4998803163438924,473.6842105263157
34,8,5,335.0,75.0,4.5,0.49394202888308286,0.5060579711169171,473.6842105263157
35,8,5,345.0,75.0,4.5,0.4871677490864756,0.5128322509135244,473.6842105263157
36,8,5,355.0,75.0,4.5,0.47945207483133684,0.5205479251686631,473.6842105263157
37,8,5,365.0,75.0,4.5,0.4702066437847599,0.5297933562152402,473.6842105263157
38,8,5,375.0,75.0,4.5,0.45873314658063535,0.5412668534193646,473.6842105263157
39,8,5,385.0,75.0,4.5,0.44398447743215197,0.556015522567848,473.6842105263157
40,8,5,395.0,75.0,4.5,0.42359027549783207,0.576409724502168,473.6842105263157
41,8,5,405.0,75.0,4.5,0.39297672973892245,0.6070232702610776,473.6842105263157
42,8,5,415.0,75.0,4.5,0.3461546002399715,0.6538453997600284,473.6842105263157
43,8,5,425.0,75.0,4.5,0.28439800403377363,0.7156019959662263,473.6842105263157
44,8,5,435.0,75.0,4.5,0.2298064104796825,0.7701935895203175,473.6842105263157
45,8,5,445.0,75.0,4.5,0.20474509896116033,0.7952549010388397,473.6842105263157
46,8,5,455.0,75.0,4.5,0.200213832050745,0.7997861679492551,473.6842105263157
47,8,5,465.0,75.0,4.5,0.20003425300549346,0.7999657469945065,473.6842105263157
48,8,5,475.0,75.0,4.5,0.20003270862680955,0.7999672913731904,473.6842105263157
49,8,5,485.0,75.0,4.5,0.2000330856566338,0.7999669143433662,473.6842105263157
50,8,5,495.0,75.0,4.5,0.20003336525508617,0.7999666347449138,473.6842105263157
1,9,5,5.0,85.0,4.5,0.6926833593455403,0.30731664065445974,473.6842105263157
2,9,5,15.0,85.0,4.5,0.6836394306662474,0.31636056933375256,473.6842105263157
3,9,5,25.0,85.0,4.5,0.6731087652021829,0.3268912347978171,473.6842105263157
4,9,5,35.0,85.0,4.5,0.6621620552453041,0.33783794475469586,473.6842105263157
5,9,5,45.0,85.0,4.5,0.6513803974243336,0.3486196025756664,473.6842105263157
6,9,5,55.0,85.0,4.5,0.6410420984234553,0.3589579015765447,473.6842105263157
7,9,5,65.0,85.0,4.5,0.6312553334019396,0.3687446665980604,473.6842105263157
8,9,5,75.0,85.0,4.5,0.6220416003124342,0.37795839968756584,473.6842105263157
9,9,5,85.0,85.0,4.5,0.6133812075581898,0.3866187924418102,473.6842105263157
10,9,5,95.0,85.0,4.5,0.6052393106740839,0.3947606893259161,473.6842105263157
11,9,5,105.0,85.0,4.5,0.5975820331217481,0.40241796687825193,473.6842105263157
12,9,5,115.0,85.0,4.5,0.5903714919402863,0.40962850805971374,473.6842105263157
13,9,5,125.0,85.0,4.5,0.5835786840458235,0.41642131595417653,473.6842105263157
14,9,5,135.0,85.0,4.5,0.5771649259921333,0.4228350740078667,473.6842105263157
15,9,5,145.0,85.0,4.5,0.5710900378881729,0.4289099621118271,473.6842105263157
16,9,5,155.0,85.0,4.5,0.5653070868622563,0.4346929131377437,473.6842105263157
17,9,5,165.0,85.0,4.5,0.5597776395939288,0.4402223604060712,473.6842105263157
18,9,5,175.0,85.0,4.5,0.5544924646515077,0.4455075353484923,473.6842105263157
19,9,5,185.0,85.0,4.5,0.5494740901386904,0.4505259098613096,473.6842105263157
20,9,5,195.0,85.0,4.5,0.544734679050926,0.455265320949074,473.6842105263157
21,9,5,205.0,85.0,4.5,0.5402107813294986,0.4597892186705014,473.6842105263157
22,9,5,215.0,85.0,4.5,0.53577420901475,0.46422579098524996,473.6842105263157
23,9,5,225.0,85.0,4.5,0.5313462440346776,0.46865375596532244,473.6842105263157
24,9,5,235.0,85.0,4.5,0.526881824927022,0.47311817507297804,473.6842105263157
25,9,5,245.0,85.0,4.5,0.5223914085217056,0.4776085914782944,473.6842105263157
26,9,5,255.0,85.0,4.5,0.517881037677012,0.482118962322988,473.6842105263157
27,9,5,265.0,85.0,4.5,0.5132942678326612,0.4867057321673388,473.6842105263157
28,9,5,275.0,85.0,4.5,0.5085230457284167,0.49147695427158333,473.6842105263157
29,9,5,285.0,85.0,4.5,0.5034742473753491,0.49652575262465093,473.6842105263157
30,9,5,295.0,85.0,4.5,0.4981184794000876,0.5018815205999124,473.6842105263157
31,9,5,305.0,85.0,4.5,0.49241550178808885,0.5075844982119111,473.6842105263157
32,9,5,315.0,85.0,4.5,0.4861772900425028,0.5138227099574972,473.6842105263157
33,9,5,325.0,85.0,4.5,0.47903383587725884,0.5209661641227412,473.6842105263157
34,9,5,335.0,85.0,4.5,0.47055065481861047,0.5294493451813895,473.6842105263157
35,9,5,345.0,85.0,4.5,0.46030331813563063,0.5396966818643694,473.6842105263157
36,9,5,355.0,85.0,4.5,0.4475205573587479,0.552479442641252,473.6842105263157
37,9,5,365.0,85.0,4.5,0.43034003017540307,0.569659969824597,473.6842105263157
38,9,5,375.0,85.0,4.5,0.405300389745792,0.5946996102542079,473.6842105263157
39,9,5,385.0,85.0,4.5,0.36812074301247916,0.6318792569875209,473.6842105263157
40,9,5,395.0,85.0,4.5,0.31693376715417226,0.6830662328458277,473.6842105263157
41,9,5,405.0,85.0,4.5,0.2602645255624939,0.7397354744375061,473.6842105263157
42,9,5,415.0,85.0,4.5,0.2196332433501755,0.7803667566498245,473.6842105263157
43,9,5,425.0,85.0,4.5,0.20332338191944077,0.7966766180805592,473.6842105263157
44,9,5,435.0,85.0,4.5,0.20020749227666151,0.7997925077233385,473.6842105263157
45,9,5,445.0,85.0,4.5,0.20003448632667242,0.7999655136733276,473.6842105263157
46,9,5,455.0,85.0,4.5,0.20003177430610186,0.7999682256938981,473.6842105263157
47,9,5,465.0,85.0,4.5,0.2000321812234644,0.7999678187765356,473.6842105263157
48,9,5,475.0,85.0,4.5,0.2000325928955142,0.7999674071044858,473.6842105263157
49,9,5,485.0,85.0,4.5,0.2000329355814266,0.7999670644185735,473.6842105263157
50,9,5,495.0,85.0,4.5,0.200033157652583,0.799966842347417,473.6842105263157
1,10,5,5.0,95.0,4.5,0.6289726311746565,0.3710273688253435,473.6842105263157
2,10,5,15.0,95.0,4.5,0.6220443345962652,0.3779556654037348,473.6842105263157
3,10,5,25.0,95.0,4.5,0.6136483992494846,0.38635160075051544,473.6842105263157
4,10,5,35.0,95.0,4.5,0.6046200760369241,0.39537992396307586,473.6842105263157
5,10,5,45.0,95.0,4.5,0.5954610187149719,0.4045389812850281,473.6842105263157
6,10,5,55.0,95.0,4.5,0.5864465708490997,0.4135534291509003,473.6842105263157
7,10,5,65.0,95.0,4.5,0.5777154860149749,0.4222845139850251,473.6842105263157
8,10,5,75.0,95.0,4.5,0.5693312953270058,0.43066870467299423,473.6842105263157
9,10,5,85.0,95.0,4.5,0.5613229738838068,0.4386770261161932,473.6842105263157
10,10,5,95.0,95.0,4.5,0.5537081216353184,0.44629187836468165,473.6842105263157
11,10,5,105.0,95.0,4.5,0.5465070603434915,0.4534929396565085,473.6842105263157
12,10,5,115.0,95.0,4.5,0.5397525582360013,0.4602474417639987,473.6842105263157
13,10,5,125.0,95.0,4.5,0.5334757418677905,0.46652425813220955,473.6842105263157
14,10,5,135.0,95.0,4.5,0.5276819350588962,0.47231806494110384,473.6842105263157
15,10,5,145.0,95.0,4.5,0.5223130076974367,0.4776869923025633,473.6842105263157
16,10,5,155.0,95.0,4.5,0.5172299183260343,0.48277008167396573,473.6842105263157
17,10,5,165.0,95.0,4.5,0.512249850189476,0.487750149810524,473.6842105263157
18,10,5,175.0,95.0,4.5,0.5073405477270041,0.4926594522729959,473.6842105263157
19,10,5,185.0,95.0,4.5,0.5025370379276382,0.49746296207236185,473.6842105263157
20,10,5,195.0,95.0,4.5,0.49788760221013434,0.5021123977898656,473.6842105263157
21,10,5,205.0,95.0,4.5,0.49335855519778116,0.5066414448022188,473.6842105263157
22,10,5,215.0,95.0,4.5,0.4887983315316136,0.5112016684683864,473.6842105263157
23,10,5,225.0,95.0,4.5,0.48406137496473595,0.515938625035264,473.6842105263157
24,10,5,235.0,95.0,4.5,0.4791197859379586,0.5208802140620414,473.6842105263157
25,10,5,245.0,95.0,4.5,0.47396646434309336,0.5260335356569066,473.6842105263157
26,10,5,255.0,95.0,4.5,0.4684196050106078,0.5315803949893922,473.6842105263157
27,10,5,265.0,95.0,4.5,0.4621004151362567,0.5378995848637433,473.6842105263157
28,10,5,275.0,95.0,4.5,0.4546456443797224,0.5453543556202776,473.6842105263157
29,10,5,285.0,95.0,4.5,0.4457572677262705,0.5542427322737296,473.6842105263157
30,10,5,295.0,95.0,4.5,0.4348149224731863,0.5651850775268137,473.6842105263157
31,10,5,305.0,95.0,4.5,0.42032188578425944,0.5796781142157406,473.6842105263157
32,10,5,315.0,95.0,4.5,0.39982997774155266,0.6001700222584474,473.6842105263157
33,10,5,325.0,95.0,4.5,0.3708075012104925,0.6291924987895074,473.6842105263157
34,10,5,335.0,95.0,4.5,0.3323427900272557,0.6676572099727442,473.6842105263157
35,10,5,345.0,95.0,4.5,0.2881693211109721,0.7118306788890278,473.6842105263157
36,10,5,355.0,95.0,4.5,0.24821609014705673,0.7517839098529433,473.6842105263157
37,10,5,365.0,95.0,4.5,0.2212536835508099,0.7787463164491901,473.6842105263157
38,10,5,375.0,95.0,4.5,0.20731053379979075,0.7926894662002093,473.6842105263157
39,10,5,385.0,95.0,4.5,0.20178071482264442,0.7982192851773555,473.6842105263157
40,10,5,395.0,95.0,4.5,0.20026220471791112,0.7997377952820889,473.6842105263157
41,10,5,405.0,95.0,4.5,0.20003925246943044,0.7999607475305696,473.6842105263157
42,10,5,415.0,95.0,4.5,0.2000304027539691,0.7999695972460309,473.6842105263157
43,10,5,425.0,95.0,4.5,0.2000303143676281,0.7999696856323719,473.6842105263157
44,10,5,435.0,95.0,4.5,0.20003077800227703,0.799969221997723,473.6842105263157
45,10,5,445.0,95.0,4.5,0.20003125054434967,0.7999687494556503,473.6842105263157
46,10,5,455.0,95.0,4.5,0.20003171116251467,0.7999682888374853,473.6842105263157
47,10,5,465.0,95.0,4.5,0.2000321469866136,0.7999678530133865,473.6842105263157
48,10,5,475.0,95.0,4.5,0.20003253767243312,0.7999674623275669,473.6842105263157
49,10,5,485.0,95.0,4.5,0.20003285245196045,0.7999671475480395,473.6842105263157
50,10,5,495.0,95.0,4.5,0.2000330474303554,0.7999669525696446,473.6842105263157
1,1,6,5.0,5.0,5.5,0.671289727979386,0.328710272020614,508.77192982456137
2,1,6,15.0,5.0,5.5,0.6624725058280106,0.33752749417198935,508.77192982456137
3,1,6,25.0,5.0,5.5,0.6523351971224721,0.3476648028775279,508.77192982456137
4,1,6,35.0,5.0,5.5,0.6418871790259443,0.3581128209740557,508.77192982456137
5,1,6,45.0,5.0,5.5,0.6316358091959469,0.36836419080405314,508.77192982456137
6,1,6,55.0,5.0,5.5,0.6218083939147053,0.3781916060852947,508.77192982456137
7,1,6,65.0,5.0,5.5,0.6124850714401752,0.38751492855982483,508.77192982456137
8,1,6,75.0,5.0,5.5,0.6036729119489717,0.39632708805102834,508.77192982456137
9,1,6,85.0,5.0,5.5,0.5953471690893046,0.40465283091069537,508.77192982456137
10,1,6,95.0,5.0,5.5,0.5874761627560043,0.41252383724399566,508.77192982456137
11,1,6,105.0,5.0,5.5,0.5800255283713529,0.4199744716286471,508.77192982456137
12,1,6,115.0,5.0,5.5,0.5729768333143462,0.42702316668565377,508.77192982456137
13,1,6,125.0,5.0,5.5,0.5663186027548707,0.43368139724512933,508.77192982456137
14,1,6,135.0,5.0,5.5,0.5600570292314896,0.4399429707685104,508.77192982456137
15,1,6,145.0,5.0,5.5,0.5542004129406999,0.4457995870593001,508.77192982456137
16,1,6,155.0,5.0,5.5,0.5487440234406143,0.45125597655938565,508.77192982456137
17,1,6,165.0,5.0,5.5,0.5436509370162447,0.4563490629837553,508.77192982456137
18,1,6,175.0,5.0,5.5,0.5388408071842254,0.46115919281577455,508.77192982456137
19,1,6,185.0,5.0,5.5,0.5342110480768867,0.4657889519231133,508.77192982456137
20,1,6,195.0,5.0,5.5,0.5296797757899855,0.4703202242100145,508.77192982456137
21,1,6,205.0,5.0,5.5,0.52523217304163,0.47476782695837005,508.77192982456137
22,1,6,215.0,5.0,5.5,0.5209028079503735,0.47909719204962653,508.77192982456137
23,1,6,225.0,5.0,5.5,0.5167173504737116,0.4832826495262884,508.77192982456137
24,1,6,235.0,5.0,5.5,0.5126040326405501,0.4873959673594499,508.77192982456137
25,1,6,245.0,5.0,5.5,0.5084709105105997,0.49152908948940033,508.77192982456137
26,1,6,255.0,5.0,5.5,0.504296282087679,0.49570371791232104,508.77192982456137
27,1,6,265.0,5.0,5.5,0.5001173221528298,0.4998826778471702,508.77192982456137
28,1,6,275.0,5.0,5.5,0.4959235480389132,0.5040764519610867,508.77192982456137
29,1,6,285.0,5.0,5.5,0.491601022685916,0.508398977314084,508.77192982456137
30,1,6,295.0,5.0,5.5,0.48701883015057673,0.5129811698494233,508.77192982456137
31,1,6,305.0,5.0,5.5,0.4821332446379991,0.5178667553620009,508.77192982456137
32,1,6,315.0,5.0,5.5,0.4769198266773126,0.5230801733226874,508.77192982456137
33,1,6,325.0,5.0,5.5,0.471190925610251,0.528809074389749,508.77192982456137
34,1,6,335.0,5.0,5.5,0.4645376920643854,0.5354623079356147,508.77192982456137
35,1,6,345.0,5.0,5.5,0.45649785779449464,0.5435021422055053,508.77192982456137
36,1,6,355.0,5.0,5.5,0.4466333442545625,0.5533666557454375,508.77192982456137
37,1,6,365.0,5.0,5.5,0.4341394135960859,0.5658605864039141,508.77192982456137
38,1,6,375.0,5.0,5.5,0.4171506399398511,0.582849360060149,508.77192982456137
39,1,6,385.0,5.0,5.5,0.39250473602207336,0.6074952639779266,508.77192982456137
40,1,6,395.0,5.0,5.5,0.35681410073166947,0.6431858992683306,508.77192982456137
41,1,6,405.0,5.0,5.5,0.30957401739296164,0.6904259826070384,508.77192982456137
42,1,6,415.0,5.0,5.5,0.2588767050396031,0.741123294960397,508.77192982456137
43,1,6,425.0,5.0,5.5,0.2209058313603016,0.7790941686396984,508.77192982456137
44,1,6,435.0,5.0,5.5,0.20350295569428034,0.7964970443057197,508.77192982456137
45,1,6,445.0,5.0,5.5,0.20017787888638888,0.7998221211136112,508.77192982456137
46,1,6,455.0,5.0,5.5,0.2000339580809384,0.7999660419190616,508.77192982456137
47,1,6,465.0,5.0,5.5,0.20003217072223586,0.7999678292777641,508.77192982456137
48,1,6,475.0,5.0,5.5,0.20003262515271375,0.7999673748472862,508.77192982456137
49,1,6,485.0,5.0,5.5,0.20003303880007758,0.7999669611999224,508.77192982456137
50,1,6,495.0,5.0,5.5,0.20003332480962074,0.7999666751903792,508.77192982456137
1,2,6,5.0,15.0,5.5,0.7259426575517153,0.2740573424482847,508.77192982456137
2,2,6,15.0,15.0,5.5,0.7147932856797194,0.28520671432028055,508.77192982456137
3,2,6,25.0,15.0,5.5,0.7023348431824722,0.2976651568175278,508.77192982456137
4,2,6,35.0,15.0,5.5,0.6898140681243051,0.3101859318756949,508.77192982456137
5,2,6,45.0,15.0,5.5,0.6778210009666557,0.32217899903334435,508.77192982456137
6,2,6,55.0,15.0,5.5,0.6665752150174146,0.33342478498258543,508.77192982456137
7,2,6,65.0,15.0,5.5,0.6561195012600216,0.3438804987399784,508.77192982456137
8,2,6,75.0,15.0,5.5,0.6464113730999521,0.3535886269000479,508.77192982456137
9,2,6,85.0,15.0,5.5,0.6373815426601472,0.36261845733985276,508.77192982456137
10,2,6,95.0,15.0,5.5,0.6289562337681657,0.3710437662318343,508.77192982456137
11,2,6,105.0,15.0,5.5,0.6210676560598676,0.3789323439401324,508.77192982456137
12,2,6,115.0,15.0,5.5,0.6136617201809761,0.3863382798190239,508.77192982456137
13,2,6,125.0,15.0,5.5,0.6066867281332353,0.3933132718667647,508.77192982456137
14,2,6,135.0,15.0,5.5,0.6001086762958726,0.3998913237041274,508.77192982456137
15,2,6,145.0,15.0,5.5,0.5938948637064917,0.4061051362935083,508.77192982456137
16,2,6,155.0,15.0,5.5,0.5880112184162286,0.4119887815837714,508.77192982456137
17,2,6,165.0,15.0,5.5,0.5824243992893373,0.4175756007106627,508.77192982456137
18,2,6,175.0,15.0,5.5,0.5770954282729761,0.4229045717270239,508.77192982456137
19,2,6,185.0,15.0,5.5,0.5719907404836704,0.4280092595163296,508.77192982456137
20,2,6,195.0,15.0,5.5,0.5670939335456083,0.43290606645439167,508.77192982456137
21,2,6,205.0,15.0,5.5,0.5624087023775292,0.43759129762247084,508.77192982456137
22,2,6,215.0,15.0,5.5,0.5579329170611285,0.44206708293887154,508.77192982456137
23,2,6,225.0,15.0,5.5,0.5536186629820739,0.44638133701792615,508.77192982456137
24,2,6,235.0,15.0,5.5,0.549377159863999,0.45062284013600096,508.77192982456137
25,2,6,245.0,15.0,5.5,0.545157334767052,0.45484266523294803,508.77192982456137
26,2,6,255.0,15.0,5.5,0.5409384059788034,0.4590615940211966,508.77192982456137
27,2,6,265.0,15.0,5.5,0.5367345744063808,0.46326542559361916,508.77192982456137
28,2,6,275.0,15.0,5.5,0.5325481408276841,0.4674518591723159,508.77192982456137
29,2,6,285.0,15.0,5.5,0.5283365208884456,0.4716634791115544,508.77192982456137
30,2,6,295.0,15.0,5.5,0.5240362461279571,0.4759637538720429,508.77192982456137
31,2,6,305.0,15.0,5.5,0.5196185244350641,0.48038147556493593,508.77192982456137
32,2,6,315.0,15.0,5.5,0.5150932649179288,0.48490673508207116,508.77192982456137
33,2,6,325.0,15.0,5.5,0.510436396972857,0.48956360302714297,508.77192982456137
34,2,6,335.0,15.0,5.5,0.5055384806900811,0.4944615193099189,508.77192982456137
35,2,6,345.0,15.0,5.5,0.5002491825168057,0.4997508174831943,508.77192982456137
36,2,6,355.0,15.0,5.5,0.49446520001864597,0.505534799981354,508.77192982456137
37,2,6,365.0,15.0,5.5,0.4880979304987116,0.5119020695012884,508.77192982456137
38,2,6,375.0,15.0,5.5,0.48089191408366244,0.5191080859163375,508.77192982456137
39,2,6,385.0,15.0,5.5,0.4723025557808476,0.5276974442191524,508.77192982456137
40,2,6,395.0,15.0,5.5,0.4615813283840625,0.5384186716159375,508.77192982456137
41,2,6,405.0,15.0,5.5,0.44776258666435653,0.5522374133356435,508.77192982456137
42,2,6,415.0,15.0,5.5,0.42888664616715594,0.5711133538328441,508.77192982456137
43,2,6,425.0,15.0,5.5,0.40045117971222605,0.5995488202877739,508.77192982456137
44,2,6,435.0,15.0,5.5,0.35504692850330793,0.644953071496692,508.77192982456137
45,2,6,445.0,15.0,5.5,0.2902858927132771,0.7097141072867229,508.77192982456137
46,2,6,455.0,15.0,5.5,0.22901505272461292,0.7709849472753871,508.77192982456137
47,2,6,465.0,15.0,5.5,0.2029499894751717,0.7970500105248283,508.77192982456137
48,2,6,475.0,15.0,5.5,0.20007065835337776,0.7999293416466222,508.77192982456137
49,2,6,485.0,15.0,5.5,0.2000333485486488,0.7999666514513513,508.77192982456137
50,2,6,495.0,15.0,5.5,0.20003345141927764,0.7999665485807224,508.77192982456137
1,3,6,5.0,25.0,5.5,0.7577228019556697,0.24227719804433034,508.77192982456137
2,3,6,15.0,25.0,5.5,0.7450465864007287,0.25495341359927126,508.77192982456137
3,3,6,25.0,25.0,5.5,0.730926437398958,0.269073562601042,508.77192982456137
4,3,6,35.0,25.0,5.5,0.7168109112650086,0.2831890887349914,508.77192982456137
5,3,6,45.0,25.0,5.5,0.7034199357305726,0.2965800642694274,508.77192982456137
6,3,6,55.0,25.0,5.5,0.6910044837094839,0.30899551629051614,508.77192982456137
7,3,6,65.0,25.0,5.5,0.6795818714466286,0.3204181285533714,508.77192982456137
8,3,6,75.0,25.0,5.5,0.6690635219776031,0.3309364780223969,508.77192982456137
9,3,6,85.0,25.0,5.5,0.6593578759827601,0.3406421240172399,508.77192982456137
10,3,6,95.0,25.0,5.5,0.6503413166698558,0.34965868333014416,508.77192982456137
11,3,6,105.0,25.0,5.5,0.641913876036743,0.358086123963257,508.77192982456137
12,3,6,115.0,25.0,5.5,0.6339929737141898,0.36600702628581017,508.77192982456137
13,3,6,125.0,25.0,5.5,0.626515819811484,0.37348418018851604,508.77192982456137
14,3,6,135.0,25.0,5.5,0.6194376440017332,0.3805623559982668,508.77192982456137
15,3,6,145.0,25.0,5.5,0.612710641009908,0.387289358990092,508.77192982456137
16,3,6,155.0,25.0,5.5,0.6062931063428124,0.3937068936571876,508.77192982456137
17,3,6,165.0,25.0,5.5,0.6001528351628352,0.39984716483716476,508.77192982456137
18,3,6,175.0,25.0,5.5,0.5942609099593602,0.4057390900406398,508.77192982456137
19,3,6,185.0,25.0,5.5,0.5885984332783873,0.41140156672161265,508.77192982456137
20,3,6,195.0,25.0,5.5,0.5831614586978072,0.4168385413021928,508.77192982456137
21,3,6,205.0,25.0,5.5,0.5779553075774067,0.42204469242259335,508.77192982456137
22,3,6,215.0,25.0,5.5,0.57298524261995,0.42701475738005,508.77192982456137
23,3,6,225.0,25.0,5.5,0.5682406641143583,0.43175933588564175,508.77192982456137
24,3,6,235.0,25.0,5.5,0.5636851201207095,0.4363148798792905,508.77192982456137
25,3,6,245.0,25.0,5.5,0.559258431083246,0.440741568916754,508.77192982456137
26,3,6,255.0,25.0,5.5,0.554890972764236,0.44510902723576395,508.77192982456137
27,3,6,265.0,25.0,5.5,0.5505497155331485,0.44945028446685154,508.77192982456137
28,3,6,275.0,25.0,5.5,0.5462011174086684,0.4537988825913316,508.77192982456137
29,3,6,285.0,25.0,5.5,0.5418208948970551,0.4581791051029449,508.77192982456137
30,3,6,295.0,25.0,5.5,0.5373990301907513,0.4626009698092487,508.77192982456137
31,3,6,305.0,25.0,5.5,0.5329339749552885,0.4670660250447115,508.77192982456137
32,3,6,315.0,25.0,5.5,0.5284120488908096,0.4715879511091904,508.77192982456137
33,3,6,325.0,25.0,5.5,0.5237876913234941,0.4762123086765059,508.77192982456137
34,3,6,335.0,25.0,5.5,0.5190041858007007,0.48099581419929927,508.77192982456137
35,3,6,345.0,25.0,5.5,0.5140185887367066,0.4859814112632934,508.77192982456137
36,3,6,355.0,25.0,5.5,0.5087860759089636,0.49121392409103637,508.77192982456137
37,3,6,365.0,25.0,5.5,0.5032089772448574,0.49679102275514264,508.77192982456137
38,3,6,375.0,25.0,5.5,0.49711366170465804,0.5028863382953419,508.77192982456137
39,3,6,385.0,25.0,5.5,0.4902975171478562,0.5097024828521438,508.77192982456137
40,3,6,395.0,25.0,5.5,0.4825145629697481,0.517485437030252,508.77192982456137
41,3,6,405.0,25.0,5.5,0.47330498400545923,0.5266950159945407,508.77192982456137
42,3,6,415.0,25.0,5.5,0.46178311012490203,0.538216889875098,508.77192982456137
43,3,6,425.0,25.0,5.5,0.4465301319886478,0.5534698680113521,508.77192982456137
44,3,6,435.0,25.0,5.5,0.4249323610283099,0.5750676389716901,508.77192982456137
45,3,6,445.0,25.0,5.5,0.3908021266412504,0.6091978733587495,508.77192982456137
46,3,6,455.0,25.0,5.5,0.33648236254363484,0.6635176374563652,508.77192982456137
47,3,6,465.0,25.0,5.5,0.2659600280874864,0.7340399719125136,508.77192982456137
48,3,6,475.0,25.0,5.5,0.21383850135411986,0.7861614986458801,508.77192982456137
49,3,6,485.0,25.0,5.5,0.20058512106328705,0.7994148789367129,508.77192982456137
50,3,6,495.0,25.0,5.5,0.20003771435193748,0.7999622856480625,508.77192982456137
1,4,6,5.0,35.0,5.5,0.7791056471847927,0.2208943528152073,508.77192982456137
2,4,6,15.0,35.0,5.5,0.7660695127848072,0.23393048721519283,508.77192982456137
3,4,6,25.0,35.0,5.5,0.7509399847265168,0.2490600152734832,508.77192982456137
4,4,6,35.0,35.0,5.5,0.735584865571543,0.264415134428457,508.77192982456137
5,4,6,45.0,35.0,5.5,0.7210340020065666,0.27896599799343336,508.77192982456137
6,4,6,55.0,35.0,5.5,0.7077567904631942,0.2922432095368058,508.77192982456137
7,4,6,65.0,35.0,5.5,0.6956519315657216,0.3043480684342784,508.77192982456137
8,4,6,75.0,35.0,5.5,0.6845677951506017,0.31543220484939827,508.77192982456137
9,4,6,85.0,35.0,5.5,0.67433006013087,0.32566993986912995,508.77192982456137
10,4,6,95.0,35.0,5.5,0.6648280475672136,0.3351719524327864,508.77192982456137
11,4,6,105.0,35.0,5.5,0.6559601323162729,0.3440398676837271,508.77192982456137
12,4,6,115.0,35.0,5.5,0.6476350338063845,0.35236496619361546,508.77192982456137
13,4,6,125.0,35.0,5.5,0.6397701700082522,0.3602298299917478,508.77192982456137
14,4,6,135.0,35.0,5.5,0.6323009205678376,0.3676990794321624,508.77192982456137
15,4,6,145.0,35.0,5.5,0.62517233963364,0.37482766036635995,508.77192982456137
16,4,6,155.0,35.0,5.5,0.618350132759134,0.381649867240866,508.77192982456137
17,4,6,165.0,35.0,5.5,0.6117976334095224,0.3882023665904776,508.77192982456137
18,4,6,175.0,35.0,5.5,0.6054964216390876,0.39450357836091243,508.77192982456137
19,4,6,185.0,35.0,5.5,0.5994325645681452,0.4005674354318548,508.77192982456137
20,4,6,195.0,35.0,5.5,0.5935943054692484,0.4064056945307516,508.77192982456137
21,4,6,205.0,35.0,5.5,0.587981201694624,0.412018798305376,508.77192982456137
22,4,6,215.0,35.0,5.5,0.5825983990474343,0.41740160095256573,508.77192982456137
23,4,6,225.0,35.0,5.5,0.5774509475585498,0.42254905244145025,508.77192982456137
24,4,6,235.0,35.0,5.5,0.5725379557573398,0.4274620442426602,508.77192982456137
25,4,6,245.0,35.0,5.5,0.5678436289808309,0.43215637101916915,508.77192982456137
26,4,6,255.0,35.0,5.5,0.5633261646715015,0.43667383532849846,508.77192982456137
27,4,6,265.0,35.0,5.5,0.5589072602449754,0.4410927397550246,508.77192982456137
28,4,6,275.0,35.0,5.5,0.5545074132468695,0.4454925867531305,508.77192982456137
29,4,6,285.0,35.0,5.5,0.55008090009159,0.44991909990840995,508.77192982456137
30,4,6,295.0,35.0,5.5,0.5456008416999055,0.4543991583000945,508.77192982456137
31,4,6,305.0,35.0,5.5,0.5410675988135204,0.4589324011864796,508.77192982456137
32,4,6,315.0,35.0,5.5,0.5364912859156173,0.46350871408438266,508.77192982456137
33,4,6,325.0,35.0,5.5,0.5318609498044872,0.46813905019551283,508.77192982456137
34,4,6,335.0,35.0,5.5,0.5271329841323689,0.47286701586763114,508.77192982456137
35,4,6,345.0,35.0,5.5,0.5222464457193378,0.47775355428066224,508.77192982456137
36,4,6,355.0,35.0,5.5,0.5171531668055357,0.4828468331944643,508.77192982456137
37,4,6,365.0,35.0,5.5,0.5118109508479003,0.4881890491520997,508.77192982456137
38,4,6,375.0,35.0,5.5,0.5061349911440287,0.4938650088559713,508.77192982456137
39,4,6,385.0,35.0,5.5,0.4999629495824715,0.5000370504175284,508.77192982456137
40,4,6,395.0,35.0,5.5,0.49307422350068625,0.5069257764993138,508.77192982456137
41,4,6,405.0,35.0,5.5,0.48521531298449094,0.5147846870155091,508.77192982456137
42,4,6,415.0,35.0,5.5,0.4759760332463994,0.5240239667536006,508.77192982456137
43,4,6,425.0,35.0,5.5,0.46456167404456594,0.5354383259554341,508.77192982456137
44,4,6,435.0,35.0,5.5,0.449647155362249,0.550352844637751,508.77192982456137
45,4,6,445.0,35.0,5.5,0.42867685312248344,0.5713231468775166,508.77192982456137
46,4,6,455.0,35.0,5.5,0.3962214352158142,0.6037785647841858,508.77192982456137
47,4,6,465.0,35.0,5.5,0.34631656424336626,0.6536834357566337,508.77192982456137
48,4,6,475.0,35.0,5.5,0.2824951132045305,0.7175048867954694,508.77192982456137
49,4,6,485.0,35.0,5.5,0.22827064101113084,0.7717293589888692,508.77192982456137
50,4,6,495.0,35.0,5.5,0.20378524747000257,0.7962147525299974,508.77192982456137
1,5,6,5.0,45.0,5.5,0.7937729383736156,0.20622706162638438,508.77192982456137
2,5,6,15.0,45.0,5.5,0.782516293530753,0.21748370646924697,508.77192982456137
3,5,6,25.0,45.0,5.5,0.7674036948757694,0.23259630512423057,508.77192982456137
4,5,6,35.0,45.0,5.5,0.7514643585692429,0.24853564143075713,508.77192982456137
5,5,6,45.0,45.0,5.5,0.7363499396225865,0.26365006037741345,508.77192982456137
6,5,6,55.0,45.0,5.5,0.7223581478377665,0.27764185216223347,508.77192982456137
7,5,6,65.0,45.0,5.5,0.7095936473813096,0.2904063526186904,508.77192982456137
8,5,6,75.0,45.0,5.5,0.6979553901237767,0.3020446098762233,508.77192982456137
9,5,6,85.0,45.0,5.5,0.6872841346534643,0.3127158653465357,508.77192982456137
10,5,6,95.0,45.0,5.5,0.6774326136373372,0.3225673863626628,508.77192982456137
11,5,6,105.0,45.0,5.5,0.6682709199943593,0.3317290800056407,508.77192982456137
12,5,6,115.0,45.0,5.5,0.6596921711450421,0.3403078288549579,508.77192982456137
13,5,6,125.0,45.0,5.5,0.651612807954925,0.34838719204507496,508.77192982456137
14,5,6,135.0,45.0,5.5,0.6439620243561011,0.35603797564389894,508.77192982456137
15,5,6,145.0,45.0,5.5,0.636678811176952,0.363321188823048,508.77192982456137
16,5,6,155.0,45.0,5.5,0.6297192931001666,0.3702807068998334,508.77192982456137
17,5,6,165.0,45.0,5.5,0.6230412794147034,0.37695872058529656,508.77192982456137
18,5,6,175.0,45.0,5.5,0.6166095974423809,0.38339040255761914,508.77192982456137
19,5,6,185.0,45.0,5.5,0.6104012540915899,0.38959874590841015,508.77192982456137
20,5,6,195.0,45.0,5.5,0.6044026072864721,0.3955973927135279,508.77192982456137
21,5,6,205.0,45.0,5.5,0.5986076856603689,0.4013923143396311,508.77192982456137
22,5,6,215.0,45.0,5.5,0.5930205085973722,0.4069794914026278,508.77192982456137
23,5,6,225.0,45.0,5.5,0.5876492812574458,0.41235071874255425,508.77192982456137
24,5,6,235.0,45.0,5.5,0.5825021195807313,0.4174978804192687,508.77192982456137
25,5,6,245.0,45.0,5.5,0.5775792950432912,0.4224207049567088,508.77192982456137
26,5,6,255.0,45.0,5.5,0.5728605532014689,0.4271394467985311,508.77192982456137
27,5,6,265.0,45.0,5.5,0.5682924995204094,0.4317075004795906,508.77192982456137
28,5,6,275.0,45.0,5.5,0.5637867686150907,0.4362132313849093,508.77192982456137
29,5,6,285.0,45.0,5.5,0.5592702052353645,0.4407297947646355,508.77192982456137
30,5,6,295.0,45.0,5.5,0.5547025904596204,0.44529740954037955,508.77192982456137
31,5,6,305.0,45.0,5.5,0.5500645750257734,0.44993542497422656,508.77192982456137
32,5,6,315.0,45.0,5.5,0.5453603964600305,0.45463960353996946,508.77192982456137
33,5,6,325.0,45.0,5.5,0.5406014612458276,0.45939853875417236,508.77192982456137
34,5,6,335.0,45.0,5.5,0.535778143821463,0.46422185617853695,508.77192982456137
35,5,6,345.0,45.0,5.5,0.5308398376601315,0.46916016233986846,508.77192982456137
36,5,6,355.0,45.0,5.5,0.5257141979074428,0.4742858020925572,508.77192982456137
37,5,6,365.0,45.0,5.5,0.5203380959379541,0.4796619040620459,508.77192982456137
38,5,6,375.0,45.0,5.5,0.5146588894533651,0.48534111054663487,508.77192982456137
39,5,6,385.0,45.0,5.5,0.5085799031999603,0.49142009680003973,508.77192982456137
40,5,6,395.0,45.0,5.5,0.5019048159464856,0.4980951840535144,508.77192982456137
41,5,6,405.0,45.0,5.5,0.49435285415561925,0.5056471458443808,508.77192982456137
42,5,6,415.0,45.0,5.5,0.4855811729726329,0.5144188270273671,508.77192982456137
43,5,6,425.0,45.0,5.5,0.47503265101046477,0.5249673489895352,508.77192982456137
44,5,6,435.0,45.0,5.5,0.4616227569730991,0.5383772430269009,508.77192982456137
45,5,6,445.0,45.0,5.5,0.4435930153433737,0.5564069846566263,508.77192982456137
46,5,6,455.0,45.0,5.5,0.4183288094880162,0.5816711905119838,508.77192982456137
47,5,6,465.0,45.0,5.5,0.38093261705257636,0.6190673829474236,508.77192982456137
48,5,6,475.0,45.0,5.5,0.32873995774508064,0.6712600422549193,508.77192982456137
49,5,6,485.0,45.0,5.5,0.272729343693661,0.727270656306339,508.77192982456137
50,5,6,495.0,45.0,5.5,0.23254960940050573,0.7674503905994943,508.77192982456137
1,6,6,5.0,55.0,5.5,0.7800271989240813,0.21997280107591866,508.77192982456137
2,6,6,15.0,55.0,5.5,0.7677093199314454,0.23229068006855458,508.77192982456137
3,6,6,25.0,55.0,5.5,0.7533357830267152,0.24666421697328478,508.77192982456137
4,6,6,35.0,55.0,5.5,0.7386375538315474,0.2613624461684526,508.77192982456137
5,6,6,45.0,55.0,5.5,0.7245893328879797,0.27541066711202034,508.77192982456137
6,6,6,55.0,55.0,5.5,0.7115421768529773,0.28845782314702273,508.77192982456137
7,6,6,65.0,55.0,5.5,0.6995365194841191,0.3004634805158809,508.77192982456137
8,6,6,75.0,55.0,5.5,0.6884833590539076,0.31151664094609244,508.77192982456137
9,6,6,85.0,55.0,5.5,0.6782647312988084,0.3217352687011916,508.77192982456137
10,6,6,95.0,55.0,5.5,0.6687650842247643,0.33123491577523567,508.77192982456137
11,6,6,105.0,55.0,5.5,0.659879715243678,0.34012028475632206,508.77192982456137
12,6,6,115.0,55.0,5.5,0.6515235976000334,0.3484764023999666,508.77192982456137
13,6,6,125.0,55.0,5.5,0.643622104430869,0.356377895569131,508.77192982456137
14,6,6,135.0,55.0,5.5,0.636111355478159,0.363888644521841,508.77192982456137
15,6,6,145.0,55.0,5.5,0.6289466872307848,0.37105331276921516,508.77192982456137
16,6,6,155.0,55.0,5.5,0.6220799880374002,0.37792001196259983,508.77192982456137
17,6,6,165.0,55.0,5.5,0.6154817074763403,0.38451829252365965,508.77192982456137
18,6,6,175.0,55.0,5.5,0.6091273075859589,0.3908726924140411,508.77192982456137
19,6,6,185.0,55.0,5.5,0.6029956317756725,0.3970043682243275,508.77192982456137
20,6,6,195.0,55.0,5.5,0.5970785830860952,0.4029214169139048,508.77192982456137
21,6,6,205.0,55.0,5.5,0.5913745357436575,0.4086254642563425,508.77192982456137
22,6,6,215.0,55.0,5.5,0.5858880747494686,0.4141119252505314,508.77192982456137
23,6,6,225.0,55.0,5.5,0.5806296773872127,0.4193703226127873,508.77192982456137
24,6,6,235.0,55.0,5.5,0.5756095318234755,0.4243904681765245,508.77192982456137
25,6,6,245.0,55.0,5.5,0.570824295059493,0.42917570494050705,508.77192982456137
26,6,6,255.0,55.0,5.5,0.5662405442478078,0.4337594557521922,508.77192982456137
27,6,6,265.0,55.0,5.5,0.5617824036988457,0.4382175963011543,508.77192982456137
28,6,6,275.0,55.0,5.5,0.5573506702024631,0.4426493297975369,508.77192982456137
29,6,6,285.0,55.0,5.5,0.5528884373514554,0.44711156264854457,508.77192982456137
30,6,6,295.0,55.0,5.5,0.5483612229928996,0.4516387770071004,508.77192982456137
31,6,6,305.0,55.0,5.5,0.5437641012966199,0.4562358987033801,508.77192982456137
32,6,6,315.0,55.0,5.5,0.5391104866425234,0.46088951335747663,508.77192982456137
33,6,6,325.0,55.0,5.5,0.5344030769620026,0.4655969230379974,508.77192982456137
34,6,6,335.0,55.0,5.5,0.5296082116457334,0.47039178835426665,508.77192982456137
35,6,6,345.0,55.0,5.5,0.5246615752235294,0.4753384247764706,508.77192982456137
36,6,6,355.0,55.0,5.5,0.519496854505322,0.480503145494678,508.77192982456137
37,6,6,365.0,55.0,5.5,0.5140652931752698,0.48593470682473017,508.77192982456137
38,6,6,375.0,55.0,5.5,0.5082906934692747,0.4917093065307253,508.77192982456137
39,6,6,385.0,55.0,5.5,0.5020133993316332,0.49798660066836675,508.77192982456137
40,6,6,395.0,55.0,5.5,0.4949788291912939,0.5050211708087061,508.77192982456137
41,6,6,405.0,55.0,5.5,0.4868629938877319,0.5131370061122681,508.77192982456137
42,6,6,415.0,55.0,5.5,0.47717219697369956,0.5228278030263005,508.77192982456137
43,6,6,425.0,55.0,5.5,0.46492150199305027,0.5350784980069497,508.77192982456137
44,6,6,435.0,55.0,5.5,0.4482705717991573,0.5517294282008427,508.77192982456137
45,6,6,445.0,55.0,5.5,0.42408300930368925,0.5759169906963107,508.77192982456137
46,6,6,455.0,55.0,5.5,0.38710265957632306,0.6128973404236769,508.77192982456137
47,6,6,465.0,55.0,5.5,0.33214002926825736,0.6678599707317426,508.77192982456137
48,6,6,475.0,55.0,5.5,0.2664274498607026,0.7335725501392973,508.77192982456137
49,6,6,485.0,55.0,5.5,0.21773814348320233,0.7822618565167977,508.77192982456137
50,6,6,495.0,55.0,5.5,0.20144692239040557,0.7985530776095944,508.77192982456137
1,7,6,5.0,65.0,5.5,0.760883594835021,0.239116405164979,508.77192982456137
2,7,6,15.0,65.0,5.5,0.7490610202296041,0.2509389797703959,508.77192982456137
3,7,6,25.0,65.0,5.5,0.7357213674359412,0.2642786325640588,508.77192982456137
4,7,6,35.0,65.0,5.5,0.7222076927268029,0.27779230727319715,508.77192982456137
5,7,6,45.0,65.0,5.5,0.7092305794702295,0.2907694205297705,508.77192982456137
6,7,6,55.0,65.0,5.5,0.6970819526819713,0.30291804731802874,508.77192982456137
7,7,6,65.0,65.0,5.5,0.6858182876800276,0.3141817123199724,508.77192982456137
8,7,6,75.0,65.0,5.5,0.6753890941438139,0.3246109058561861,508.77192982456137
9,7,6,85.0,65.0,5.5,0.6657049488587783,0.3342950511412217,508.77192982456137
10,7,6,95.0,65.0,5.5,0.6566741253205288,0.3433258746794712,508.77192982456137
11,7,6,105.0,65.0,5.5,0.6482108197961466,0.3517891802038534,508.77192982456137
12,7,6,115.0,65.0,5.5,0.6402373770164725,0.35976262298352746,508.77192982456137
13,7,6,125.0,65.0,5.5,0.6326945243500597,0.3673054756499403,508.77192982456137
14,7,6,135.0,65.0,5.5,0.6255210967234148,0.3744789032765852,508.77192982456137
15,7,6,145.0,65.0,5.5,0.6186776682537237,0.3813223317462763,508.77192982456137
16,7,6,155.0,65.0,5.5,0.6121203481455643,0.38787965185443574,508.77192982456137
17,7,6,165.0,65.0,5.5,0.6058243990411756,0.3941756009588244,508.77192982456137
18,7,6,175.0,65.0,5.5,0.5997699720189436,0.40023002798105645,508.77192982456137
19,7,6,185.0,65.0,5.5,0.5939442520782602,0.4060557479217398,508.77192982456137
20,7,6,195.0,65.0,5.5,0.588342382698802,0.411657617301198,508.77192982456137
21,7,6,205.0,65.0,5.5,0.5829650083635667,0.4170349916364333,508.77192982456137
22,7,6,215.0,65.0,5.5,0.5778140739551005,0.42218592604489946,508.77192982456137
23,7,6,225.0,65.0,5.5,0.5728907450272268,0.4271092549727732,508.77192982456137
24,7,6,235.0,65.0,5.5,0.5681871987782386,0.43181280122176136,508.77192982456137
25,7,6,245.0,65.0,5.5,0.5636709484263124,0.4363290515736876,508.77192982456137
26,7,6,255.0,65.0,5.5,0.5592706432663145,0.4407293567336855,508.77192982456137
27,7,6,265.0,65.0,5.5,0.5549007067489404,0.44509929325105957,508.77192982456137
28,7,6,275.0,65.0,5.5,0.5505149818680151,0.44948501813198494,508.77192982456137
29,7,6,285.0,65.0,5.5,0.5460826119125779,0.4539173880874221,508.77192982456137
30,7,6,295.0,65.0,5.5,0.5416009985344395,0.45839900146556045,508.77192982456137
31,7,6,305.0,65.0,5.5,0.5370764956458414,0.46292350435415863,508.77192982456137
32,7,6,315.0,65.0,5.5,0.5324987510739312,0.4675012489260688,508.77192982456137
33,7,6,325.0,65.0,5.5,0.5278295174246619,0.4721704825753381,508.77192982456137
34,7,6,335.0,65.0,5.5,0.523013275671654,0.476986724328346,508.77192982456137
35,7,6,345.0,65.0,5.5,0.5180006725850378,0.4819993274149622,508.77192982456137
36,7,6,355.0,65.0,5.5,0.5127446779225007,0.48725532207749933,508.77192982456137
37,7,6,365.0,65.0,5.5,0.5071606611527845,0.49283933884721554,508.77192982456137
38,7,6,375.0,65.0,5.5,0.5011013527192734,0.49889864728072664,508.77192982456137
39,7,6,385.0,65.0,5.5,0.4943411070283446,0.5056588929716554,508.77192982456137
40,7,6,395.0,65.0,5.5,0.48658543191373854,0.5134145680862614,508.77192982456137
41,7,6,405.0,65.0,5.5,0.47733616644146215,0.5226638335585378,508.77192982456137
42,7,6,415.0,65.0,5.5,0.46563725014322205,0.534362749856778,508.77192982456137
43,7,6,425.0,65.0,5.5,0.44971290108169465,0.5502870989183053,508.77192982456137
44,7,6,435.0,65.0,5.5,0.4263132086370443,0.5736867913629558,508.77192982456137
45,7,6,445.0,65.0,5.5,0.38969647640722394,0.6103035235927761,508.77192982456137
46,7,6,455.0,65.0,5.5,0.33272513809920373,0.6672748619007962,508.77192982456137
47,7,6,465.0,65.0,5.5,0.2599207632030924,0.7400792367969076,508.77192982456137
48,7,6,475.0,65.0,5.5,0.2099605751569697,0.7900394248430302,508.77192982456137
49,7,6,485.0,65.0,5.5,0.2002494540775351,0.7997505459224649,508.77192982456137
50,7,6,495.0,65.0,5.5,0.20003486023143022,0.7999651397685698,508.77192982456137
1,8,6,5.0,75.0,5.5,0.7347337055043586,0.26526629449564143,508.77192982456137
2,8,6,15.0,75.0,5.5,0.7243040841772835,0.27569591582271646,508.77192982456137
3,8,6,25.0,75.0,5.5,0.7124574840483341,0.2875425159516659,508.77192982456137
4,8,6,35.0,75.0,5.5,0.7003705529633486,0.2996294470366514,508.77192982456137
5,8,6,45.0,75.0,5.5,0.6886615093118017,0.3113384906881983,508.77192982456137
6,8,6,55.0,75.0,5.5,0.6775918430589485,0.3224081569410515,508.77192982456137
7,8,6,65.0,75.0,5.5,0.6672420520440115,0.33275794795598845,508.77192982456137
8,8,6,75.0,75.0,5.5,0.6575941843781359,0.3424058156218641,508.77192982456137
9,8,6,85.0,75.0,5.5,0.6485925383322494,0.3514074616677506,508.77192982456137
10,8,6,95.0,75.0,5.5,0.6401699698655741,0.35983003013442594,508.77192982456137
11,8,6,105.0,75.0,5.5,0.6322648519094616,0.3677351480905384,508.77192982456137
12,8,6,115.0,75.0,5.5,0.6248133913466375,0.3751866086533625,508.77192982456137
13,8,6,125.0,75.0,5.5,0.6177663020882026,0.3822336979117974,508.77192982456137
14,8,6,135.0,75.0,5.5,0.6110732026197329,0.38892679738026714,508.77192982456137
15,8,6,145.0,75.0,5.5,0.6046971931016414,0.3953028068983586,508.77192982456137
16,8,6,155.0,75.0,5.5,0.5986014290835251,0.4013985709164749,508.77192982456137
17,8,6,165.0,75.0,5.5,0.5927605718511945,0.40723942814880554,508.77192982456137
18,8,6,175.0,75.0,5.5,0.5871634186583058,0.4128365813416942,508.77192982456137
19,8,6,185.0,75.0,5.5,0.5818068657073259,0.41819313429267413,508.77192982456137
20,8,6,195.0,75.0,5.5,0.5766895697060683,0.42331043029393167,508.77192982456137
21,8,6,205.0,75.0,5.5,0.5718012143945623,0.42819878560543767,508.77192982456137
22,8,6,215.0,75.0,5.5,0.5671176748479573,0.4328823251520427,508.77192982456137
23,8,6,225.0,75.0,5.5,0.5626038453798837,0.4373961546201163,508.77192982456137
24,8,6,235.0,75.0,5.5,0.5582151422656193,0.4417848577343807,508.77192982456137
25,8,6,245.0,75.0,5.5,0.5538948160391642,0.44610518396083576,508.77192982456137
26,8,6,255.0,75.0,5.5,0.5496071444696824,0.4503928555303176,508.77192982456137
27,8,6,265.0,75.0,5.5,0.5453115106820322,0.4546884893179678,508.77192982456137
28,8,6,275.0,75.0,5.5,0.540982894474562,0.45901710552543795,508.77192982456137
29,8,6,285.0,75.0,5.5,0.5366182855300045,0.46338171446999554,508.77192982456137
30,8,6,295.0,75.0,5.5,0.5322207284793611,0.4677792715206389,508.77192982456137
31,8,6,305.0,75.0,5.5,0.5277667602755671,0.4722332397244329,508.77192982456137
32,8,6,315.0,75.0,5.5,0.5231990940609028,0.4768009059390972,508.77192982456137
33,8,6,325.0,75.0,5.5,0.5184642144724724,0.4815357855275276,508.77192982456137
34,8,6,335.0,75.0,5.5,0.5135326855995056,0.4864673144004944,508.77192982456137
35,8,6,345.0,75.0,5.5,0.5083595822102847,0.49164041778971534,508.77192982456137
36,8,6,355.0,75.0,5.5,0.5028225360039528,0.49717746399604723,508.77192982456137
37,8,6,365.0,75.0,5.5,0.4967245779848697,0.5032754220151303,508.77192982456137
38,8,6,375.0,75.0,5.5,0.4898628381116376,0.5101371618883623,508.77192982456137
39,8,6,385.0,75.0,5.5,0.48198215825360086,0.5180178417463992,508.77192982456137
40,8,6,395.0,75.0,5.5,0.4725285897075445,0.5274714102924555,508.77192982456137
41,8,6,405.0,75.0,5.5,0.46039462459089525,0.5396053754091048,508.77192982456137
42,8,6,415.0,75.0,5.5,0.4436380965222538,0.5563619034777463,508.77192982456137
43,8,6,425.0,75.0,5.5,0.41881891428786366,0.5811810857121363,508.77192982456137
44,8,6,435.0,75.0,5.5,0.3793529600776683,0.6206470399223317,508.77192982456137
45,8,6,445.0,75.0,5.5,0.317364560564979,0.6826354394350209,508.77192982456137
46,8,6,455.0,75.0,5.5,0.2444360614958381,0.7555639385041619,508.77192982456137
47,8,6,465.0,75.0,5.5,0.20497083501895405,0.7950291649810459,508.77192982456137
48,8,6,475.0,75.0,5.5,0.2000811720377374,0.7999188279622627,508.77192982456137
49,8,6,485.0,75.0,5.5,0.20003313086394817,0.7999668691360519,508.77192982456137
50,8,6,495.0,75.0,5.5,0.20003315846586994,0.7999668415341301,508.77192982456137
1,9,6,5.0,85.0,5.5,0.6984504546076497,0.30154954539235035,508.77192982456137
2,9,6,15.0,85.0,5.5,0.689876207376977,0.31012379262302303,508.77192982456137
3,9,6,25.0,85.0,5.5,0.6798828069453189,0.3201171930546811,508.77192982456137
4,9,6,35.0,85.0,5.5,0.669490462387598,0.330509537612402,508.77192982456137
5,9,6,45.0,85.0,5.5,0.6592538327500526,0.34074616724994744,508.77192982456137
6,9,6,55.0,85.0,5.5,0.6494418302491362,0.35055816975086385,508.77192982456137
7,9,6,65.0,85.0,5.5,0.6401597680032916,0.35984023199670845,508.77192982456137
8,9,6,75.0,85.0,5.5,0.6314301535791004,0.3685698464208996,508.77192982456137
9,9,6,85.0,85.0,5.5,0.623234252261782,0.376765747738218,508.77192982456137
10,9,6,95.0,85.0,5.5,0.6155370444427528,0.3844629555572472,508.77192982456137
11,9,6,105.0,85.0,5.5,0.6083064387637399,0.3916935612362601,508.77192982456137
12,9,6,115.0,85.0,5.5,0.6015017809645751,0.3984982190354249,508.77192982456137
13,9,6,125.0,85.0,5.5,0.5950927852021576,0.4049072147978424,508.77192982456137
14,9,6,135.0,85.0,5.5,0.589042337227932,0.410957662772068,508.77192982456137
15,9,6,145.0,85.0,5.5,0.5833085934598564,0.4166914065401436,508.77192982456137
16,9,6,155.0,85.0,5.5,0.5778517310035288,0.4221482689964712,508.77192982456137
17,9,6,165.0,85.0,5.5,0.5726378347922405,0.4273621652077595,508.77192982456137
18,9,6,175.0,85.0,5.5,0.5676519145156794,0.4323480854843206,508.77192982456137
19,9,6,185.0,85.0,5.5,0.5628982064005696,0.43710179359943035,508.77192982456137
20,9,6,195.0,85.0,5.5,0.5583743694267731,0.4416256305732269,508.77192982456137
21,9,6,205.0,85.0,5.5,0.5540356651955634,0.44596433480443665,508.77192982456137
22,9,6,215.0,85.0,5.5,0.5497957876231648,0.45020421237683517,508.77192982456137
23,9,6,225.0,85.0,5.5,0.5456080253193183,0.4543919746806817,508.77192982456137
24,9,6,235.0,85.0,5.5,0.5414474647177203,0.4585525352822797,508.77192982456137
25,9,6,245.0,85.0,5.5,0.5373159511339493,0.46268404886605075,508.77192982456137
26,9,6,255.0,85.0,5.5,0.5332097010976306,0.46679029890236945,508.77192982456137
27,9,6,265.0,85.0,5.5,0.5290945460741323,0.4709054539258677,508.77192982456137
28,9,6,275.0,85.0,5.5,0.5249199373932446,0.4750800626067554,508.77192982456137
29,9,6,285.0,85.0,5.5,0.5206525864285209,0.47934741357147914,508.77192982456137
30,9,6,295.0,85.0,5.5,0.5162876570538995,0.48371234294610055,508.77192982456137
31,9,6,305.0,85.0,5.5,0.5118097931611288,0.48819020683887115,508.77192982456137
32,9,6,315.0,85.0,5.5,0.507144205693187,0.49285579430681303,508.77192982456137
33,9,6,325.0,85.0,5.5,0.5021675410892792,0.4978324589107208,508.77192982456137
34,9,6,335.0,85.0,5.5,0.4967653933196186,0.5032346066803814,508.77192982456137
35,9,6,345.0,85.0,5.5,0.4908484038008955,0.5091515961991044,508.77192982456137
36,9,6,355.0,85.0,5.5,0.48423657194075037,0.5157634280592496,508.77192982456137
37,9,6,365.0,85.0,5.5,0.4765153939044594,0.5234846060955406,508.77192982456137
38,9,6,375.0,85.0,5.5,0.46702979809217793,0.5329702019078221,508.77192982456137
39,9,6,385.0,85.0,5.5,0.45493924603654584,0.5450607539634542,508.77192982456137
40,9,6,395.0,85.0,5.5,0.438791137638566,0.561208862361434,508.77192982456137
41,9,6,405.0,85.0,5.5,0.4152353242316003,0.5847646757683997,508.77192982456137
42,9,6,415.0,85.0,5.5,0.3779259681854457,0.6220740318145543,508.77192982456137
43,9,6,425.0,85.0,5.5,0.3203798927794943,0.6796201072205057,508.77192982456137
44,9,6,435.0,85.0,5.5,0.25246726059505636,0.7475327394049436,508.77192982456137
45,9,6,445.0,85.0,5.5,0.2095613029559622,0.7904386970440378,508.77192982456137
46,9,6,455.0,85.0,5.5,0.20032448498818226,0.7996755150118178,508.77192982456137
47,9,6,465.0,85.0,5.5,0.20003349643767018,0.7999665035623298,508.77192982456137
48,9,6,475.0,85.0,5.5,0.20003239035582104,0.799967609644179,508.77192982456137
49,9,6,485.0,85.0,5.5,0.20003273064688512,0.7999672693531149,508.77192982456137
50,9,6,495.0,85.0,5.5,0.20003295709531285,0.7999670429046871,508.77192982456137
1,10,6,5.0,95.0,5.5,0.6376922126957738,0.3623077873042262,508.77192982456137
2,10,6,15.0,95.0,5.5,0.6311525637184053,0.36884743628159466,508.77192982456137
3,10,6,25.0,95.0,5.5,0.6232263627264668,0.3767736372735332,508.77192982456137
4,10,6,35.0,95.0,5.5,0.6147090608478398,0.3852909391521602,508.77192982456137
5,10,6,45.0,95.0,5.5,0.6060812857862959,0.39391871421370406,508.77192982456137
6,10,6,55.0,95.0,5.5,0.5976065332341767,0.4023934667658233,508.77192982456137
7,10,6,65.0,95.0,5.5,0.5894166921774687,0.4105833078225313,508.77192982456137
8,10,6,75.0,95.0,5.5,0.5815730623343844,0.41842693766561556,508.77192982456137
9,10,6,85.0,95.0,5.5,0.574099779680314,0.425900220319686,508.77192982456137
10,10,6,95.0,95.0,5.5,0.5670050103628201,0.43299498963717986,508.77192982456137
11,10,6,105.0,95.0,5.5,0.560296952667483,0.43970304733251697,508.77192982456137
12,10,6,115.0,95.0,5.5,0.5539866979405479,0.4460133020594521,508.77192982456137
13,10,6,125.0,95.0,5.5,0.5480800126077304,0.4519199873922696,508.77192982456137
14,10,6,135.0,95.0,5.5,0.5425686780188236,0.4574313219811764,508.77192982456137
15,10,6,145.0,95.0,5.5,0.5374097031444067,0.4625902968555933,508.77192982456137
16,10,6,155.0,95.0,5.5,0.5325240100664256,0.4674759899335744,508.77192982456137
17,10,6,165.0,95.0,5.5,0.5278164580971884,0.47218354190281164,508.77192982456137
18,10,6,175.0,95.0,5.5,0.523220926650721,0.47677907334927905,508.77192982456137
19,10,6,185.0,95.0,5.5,0.5187393064499825,0.48126069355001755,508.77192982456137
20,10,6,195.0,95.0,5.5,0.5144098123050136,0.4855901876949864,508.77192982456137
21,10,6,205.0,95.0,5.5,0.5102350972019734,0.48976490279802665,508.77192982456137
22,10,6,215.0,95.0,5.5,0.5061329858302922,0.4938670141697078,508.77192982456137
23,10,6,225.0,95.0,5.5,0.502029636388238,0.49797036361176195,508.77192982456137
24,10,6,235.0,95.0,5.5,0.4979183969570878,0.5020816030429123,508.77192982456137
25,10,6,245.0,95.0,5.5,0.4938125598100578,0.5061874401899422,508.77192982456137
26,10,6,255.0,95.0,5.5,0.48965639408296147,0.5103436059170385,508.77192982456137
27,10,6,265.0,95.0,5.5,0.48532759195787795,0.5146724080421221,508.77192982456137
28,10,6,275.0,95.0,5.5,0.4807432100391296,0.5192567899608704,508.77192982456137
29,10,6,285.0,95.0,5.5,0.47588493941696763,0.5241150605830324,508.77192982456137
30,10,6,295.0,95.0,5.5,0.47066421700197675,0.5293357829980232,508.77192982456137
31,10,6,305.0,95.0,5.5,0.46479230894990076,0.5352076910500992,508.77192982456137
32,10,6,315.0,95.0,5.5,0.4578455175403868,0.5421544824596132,508.77192982456137
33,10,6,325.0,95.0,5.5,0.4494325798503697,0.5505674201496302,508.77192982456137
34,10,6,335.0,95.0,5.5,0.43904531164468746,0.5609546883553125,508.77192982456137
35,10,6,345.0,95.0,5.5,0.4255172978801832,0.5744827021198168,508.77192982456137
36,10,6,355.0,95.0,5.5,0.40649321048011655,0.5935067895198834,508.77192982456137
37,10,6,365.0,95.0,5.5,0.3787110992995988,0.6212889007004012,508.77192982456137
38,10,6,375.0,95.0,5.5,0.3396293006047196,0.6603706993952805,508.77192982456137
39,10,6,385.0,95.0,5.5,0.29121699410811025,0.7087830058918898,508.77192982456137
40,10,6,395.0,95.0,5.5,0.2447929021273584,0.7552070978726416,508.77192982456137
41,10,6,405.0,95.0,5.5,0.2144819904939808,0.7855180095060192,508.77192982456137
42,10,6,415.0,95.0,5.5,0.20221334471266544,0.7977866552873345,508.77192982456137
43,10,6,425.0,95.0,5.5,0.2001141353881205,0.7998858646118795,508.77192982456137
44,10,6,435.0,95.0,5.5,0.20003222530507062,0.7999677746949294,508.77192982456137
45,10,6,445.0,95.0,5.5,0.20003105360031137,0.7999689463996886,508.77192982456137
46,10,6,455.0,95.0,5.5,0.20003149804290488,0.7999685019570951,508.77192982456137
47,10,6,465.0,95.0,5.5,0.20003193682191964,0.7999680631780803,508.77192982456137
48,10,6,475.0,95.0,5.5,0.20003233105174348,0.7999676689482565,508.77192982456137
49,10,6,485.0,95.0,5.5,0.20003264987176658,0.7999673501282334,508.77192982456137
50,10,6,495.0,95.0,5.5,0.2000328490024978,0.7999671509975022,508.77192982456137
1,1,7,5.0,5.0,6.5,0.6776035052105109,0.32239649478948906,543.859649122807
2,1,7,15.0,5.0,6.5,0.6692230734578021,0.3307769265421979,543.859649122807
3,1,7,25.0,5.0,6.5,0.6595820331200234,0.3404179668799766,543.859649122807
4,1,7,35.0,5.0,6.5,0.6496457695612773,0.3503542304387227,543.859649122807
5,1,7,45.0,5.0,6.5,0.6399007403120922,0.3600992596879078,543.859649122807
6,1,7,55.0,5.0,6.5,0.6305673859545353,0.3694326140454647,543.859649122807
7,1,7,65.0,5.0,6.5,0.6217244375111328,0.3782755624888672,543.859649122807
8,1,7,75.0,5.0,6.5,0.6133792832835075,0.38662071671649245,543.859649122807
9,1,7,85.0,5.0,6.5,0.6055080636727501,0.3944919363272499,543.859649122807
10,1,7,95.0,5.0,6.5,0.5980813493017453,0.4019186506982547,543.859649122807
11,1,7,105.0,5.0,6.5,0.5910621028695717,0.4089378971304283,543.859649122807
12,1,7,115.0,5.0,6.5,0.5844289345814491,0.41557106541855093,543.859649122807
13,1,7,125.0,5.0,6.5,0.5781620691534785,0.42183793084652155,543.859649122807
14,1,7,135.0,5.0,6.5,0.572252528733256,0.42774747126674395,543.859649122807
15,1,7,145.0,5.0,6.5,0.5666946858066578,0.4333053141933422,543.859649122807
16,1,7,155.0,5.0,6.5,0.5614733004412289,0.4385266995587711,543.859649122807
17,1,7,165.0,5.0,6.5,0.5565542964349395,0.4434457035650605,543.859649122807
18,1,7,175.0,5.0,6.5,0.5518812230173119,0.4481187769826881,543.859649122807
19,1,7,185.0,5.0,6.5,0.547388392748361,0.45261160725163896,543.859649122807
20,1,7,195.0,5.0,6.5,0.5430266566231423,0.4569733433768577,543.859649122807
21,1,7,205.0,5.0,6.5,0.5387852063439961,0.46121479365600393,543.859649122807
22,1,7,215.0,5.0,6.5,0.5346742707681102,0.46532572923188975,543.859649122807
23,1,7,225.0,5.0,6.5,0.5306844743506238,0.4693155256493762,543.859649122807
24,1,7,235.0,5.0,6.5,0.5267785139934721,0.4732214860065279,543.859649122807
25,1,7,245.0,5.0,6.5,0.5229023890588922,0.4770976109411078,543.859649122807
26,1,7,255.0,5.0,6.5,0.5190434716502007,0.4809565283497993,543.859649122807
27,1,7,265.0,5.0,6.5,0.5152226840251394,0.4847773159748606,543.859649122807
28,1,7,275.0,5.0,6.5,0.5114376636617763,0.48856233633822366,543.859649122807
29,1,7,285.0,5.0,6.5,0.5076342211356033,0.4923657788643967,543.859649122807
30,1,7,295.0,5.0,6.5,0.5037545200139981,0.4962454799860019,543.859649122807
31,1,7,305.0,5.0,6.5,0.4997888188763346,0.5002111811236654,543.859649122807
32,1,7,315.0,5.0,6.5,0.49574181261691924,0.5042581873830807,543.859649122807
33,1,7,325.0,5.0,6.5,0.49154909678676484,0.5084509032132352,543.859649122807
34,1,7,335.0,5.0,6.5,0.487066496004378,0.512933503995622,543.859649122807
35,1,7,345.0,5.0,6.5,0.48216017471354433,0.5178398252864557,543.859649122807
36,1,7,355.0,5.0,6.5,0.47674560290518947,0.5232543970948105,543.859649122807
37,1,7,365.0,5.0,6.5,0.4706545192838341,0.5293454807161659,543.859649122807
38,1,7,375.0,5.0,6.5,0.4634639043058286,0.5365360956941714,543.859649122807
39,1,7,385.0,5.0,6.5,0.4544997970634797,0.5455002029365204,543.859649122807
40,1,7,395.0,5.0,6.5,0.44292730734982666,0.5570726926501733,543.859649122807
41,1,7,405.0,5.0,6.5,0.42737280184823856,0.5726271981517614,543.859649122807
42,1,7,415.0,5.0,6.5,0.4047684612163263,0.5952315387836737,543.859649122807
43,1,7,425.0,5.0,6.5,0.3693026060579307,0.6306973939420693,543.859649122807
44,1,7,435.0,5.0,6.5,0.3146902151395884,0.6853097848604116,543.859649122807
45,1,7,445.0,5.0,6.5,0.24835203172245732,0.7516479682775427,543.859649122807
46,1,7,455.0,5.0,6.5,0.20750179410441527,0.7924982058955847,543.859649122807
47,1,7,465.0,5.0,6.5,0.20015027146235273,0.7998497285376472,543.859649122807
48,1,7,475.0,5.0,6.5,0.2000330189851858,0.7999669810148142,543.859649122807
49,1,7,485.0,5.0,6.5,0.20003283442163183,0.7999671655783682,543.859649122807
50,1,7,495.0,5.0,6.5,0.2000331242309826,0.7999668757690174,543.859649122807
1,2,7,5.0,15.0,6.5,0.7298790225474971,0.27012097745250285,543.859649122807
2,2,7,15.0,15.0,6.5,0.7192860392761397,0.28071396072386035,543.859649122807
3,2,7,25.0,15.0,6.5,0.7074344270015641,0.2925655729984359,543.859649122807
4,2,7,35.0,15.0,6.5,0.6955131453934028,0.3044868546065972,543.859649122807
5,2,7,45.0,15.0,6.5,0.6840898567976955,0.3159101432023045,543.859649122807
6,2,7,55.0,15.0,6.5,0.6733755243420274,0.3266244756579726,543.859649122807
7,2,7,65.0,15.0,6.5,0.66341388262678,0.33658611737322,543.859649122807
8,2,7,75.0,15.0,6.5,0.6541672411564473,0.3458327588435527,543.859649122807
9,2,7,85.0,15.0,6.5,0.6455700561922603,0.35442994380773973,543.859649122807
10,2,7,95.0,15.0,6.5,0.6375560643561085,0.36244393564389155,543.859649122807
11,2,7,105.0,15.0,6.5,0.6300553730576713,0.36994462694232866,543.859649122807
12,2,7,115.0,15.0,6.5,0.6230183382105133,0.37698166178948667,543.859649122807
13,2,7,125.0,15.0,6.5,0.6163924260765169,0.3836075739234831,543.859649122807
14,2,7,135.0,15.0,6.5,0.6101440397047004,0.38985596029529956,543.859649122807
15,2,7,145.0,15.0,6.5,0.6042375688710826,0.3957624311289174,543.859649122807
16,2,7,155.0,15.0,6.5,0.5986385353348086,0.4013614646651914,543.859649122807
17,2,7,165.0,15.0,6.5,0.5933142949351309,0.4066857050648691,543.859649122807
18,2,7,175.0,15.0,6.5,0.5882300196394219,0.4117699803605781,543.859649122807
19,2,7,185.0,15.0,6.5,0.5833552400494675,0.4166447599505325,543.859649122807
20,2,7,195.0,15.0,6.5,0.5786719727610563,0.4213280272389437,543.859649122807
21,2,7,205.0,15.0,6.5,0.5741747371688027,0.42582526283119726,543.859649122807
22,2,7,215.0,15.0,6.5,0.569855059484752,0.430144940515248,543.859649122807
23,2,7,225.0,15.0,6.5,0.5656786279866732,0.43432137201332677,543.859649122807
24,2,7,235.0,15.0,6.5,0.5615819292448065,0.43841807075519346,543.859649122807
25,2,7,245.0,15.0,6.5,0.5575287665115416,0.4424712334884584,543.859649122807
26,2,7,255.0,15.0,6.5,0.553504814603717,0.44649518539628297,543.859649122807
27,2,7,265.0,15.0,6.5,0.5495145616709245,0.4504854383290755,543.859649122807
28,2,7,275.0,15.0,6.5,0.5455554394726182,0.4544445605273818,543.859649122807
29,2,7,285.0,15.0,6.5,0.5416010304521564,0.45839896954784365,543.859649122807
30,2,7,295.0,15.0,6.5,0.5376161757768648,0.4623838242231352,543.859649122807
31,2,7,305.0,15.0,6.5,0.5335868282406626,0.4664131717593374,543.859649122807
32,2,7,315.0,15.0,6.5,0.5295168762494054,0.47048312375059465,543.859649122807
33,2,7,325.0,15.0,6.5,0.5253894940306899,0.4746105059693101,543.859649122807
34,2,7,335.0,15.0,6.5,0.521146292174836,0.478853707825164,543.859649122807
35,2,7,345.0,15.0,6.5,0.5167171675456385,0.48328283245436154,543.859649122807
36,2,7,355.0,15.0,6.5,0.5120607477419401,0.4879392522580599,543.859649122807
37,2,7,365.0,15.0,6.5,0.5071403696055957,0.4928596303944043,543.859649122807
38,2,7,375.0,15.0,6.5,0.5018458013631222,0.4981541986368778,543.859649122807
39,2,7,385.0,15.0,6.5,0.495968566144474,0.5040314338555261,543.859649122807
40,2,7,395.0,15.0,6.5,0.4892632621787853,0.5107367378212146,543.859649122807
41,2,7,405.0,15.0,6.5,0.4814427140020838,0.5185572859979162,543.859649122807
42,2,7,415.0,15.0,6.5,0.47193146410270714,0.5280685358972929,543.859649122807
43,2,7,425.0,15.0,6.5,0.4595056939023652,0.5404943060976348,543.859649122807
44,2,7,435.0,15.0,6.5,0.44201258899675805,0.5579874110032419,543.859649122807
45,2,7,445.0,15.0,6.5,0.41526079208130184,0.5847392079186982,543.859649122807
46,2,7,455.0,15.0,6.5,0.3689983749893954,0.6310016250106045,543.859649122807
47,2,7,465.0,15.0,6.5,0.2954080454034132,0.7045919545965869,543.859649122807
48,2,7,475.0,15.0,6.5,0.2220756952567201,0.7779243047432799,543.859649122807
49,2,7,485.0,15.0,6.5,0.20061965171910234,0.7993803482808977,543.859649122807
50,2,7,495.0,15.0,6.5,0.20003506395240658,0.7999649360475934,543.859649122807
1,3,7,5.0,25.0,6.5,0.7601348550355665,0.23986514496443345,543.859649122807
2,3,7,15.0,25.0,6.5,0.7481236492113668,0.25187635078863324,543.859649122807
3,3,7,25.0,25.0,6.5,0.7347187805776373,0.2652812194223627,543.859649122807
4,3,7,35.0,25.0,6.5,0.7213006099098608,0.2786993900901392,543.859649122807
5,3,7,45.0,25.0,6.5,0.7085616801366986,0.2914383198633014,543.859649122807
6,3,7,55.0,25.0,6.5,0.6967415761274535,0.30325842387254653,543.859649122807
7,3,7,65.0,25.0,6.5,0.6858623153861133,0.3141376846138867,543.859649122807
8,3,7,75.0,25.0,6.5,0.6758454889748823,0.3241545110251177,543.859649122807
9,3,7,85.0,25.0,6.5,0.6666056794039357,0.33339432059606433,543.859649122807
10,3,7,95.0,25.0,6.5,0.6580253959024293,0.34197460409757074,543.859649122807
11,3,7,105.0,25.0,6.5,0.6500066419974458,0.34999335800255416,543.859649122807
12,3,7,115.0,25.0,6.5,0.6424795400716246,0.35752045992837544,543.859649122807
13,3,7,125.0,25.0,6.5,0.6353787669276749,0.3646212330723251,543.859649122807
14,3,7,135.0,25.0,6.5,0.628665383811592,0.371334616188408,543.859649122807
15,3,7,145.0,25.0,6.5,0.6222902189260309,0.37770978107396913,543.859649122807
16,3,7,155.0,25.0,6.5,0.6162170390998046,0.38378296090019537,543.859649122807
17,3,7,165.0,25.0,6.5,0.6104121126331958,0.38958788736680416,543.859649122807
18,3,7,175.0,25.0,6.5,0.6048466223018834,0.39515337769811665,543.859649122807
19,3,7,185.0,25.0,6.5,0.5995003910626201,0.4004996089373799,543.859649122807
20,3,7,195.0,25.0,6.5,0.5943620495589074,0.40563795044109263,543.859649122807
21,3,7,205.0,25.0,6.5,0.5894274072049228,0.4105725927950772,543.859649122807
22,3,7,215.0,25.0,6.5,0.5846910757353236,0.41530892426467636,543.859649122807
23,3,7,225.0,25.0,6.5,0.5801374755673825,0.4198625244326175,543.859649122807
24,3,7,235.0,25.0,6.5,0.575736096744473,0.424263903255527,543.859649122807
25,3,7,245.0,25.0,6.5,0.5714443176084911,0.4285556823915089,543.859649122807
26,3,7,255.0,25.0,6.5,0.567214246595354,0.432785753404646,543.859649122807
27,3,7,265.0,25.0,6.5,0.5630213035232189,0.4369786964767811,543.859649122807
28,3,7,275.0,25.0,6.5,0.558844883500419,0.44115511649958095,543.859649122807
29,3,7,285.0,25.0,6.5,0.5546673619065321,0.4453326380934679,543.859649122807
30,3,7,295.0,25.0,6.5,0.5504794925289853,0.4495205074710147,543.859649122807
31,3,7,305.0,25.0,6.5,0.5462777797123511,0.45372222028764886,543.859649122807
32,3,7,315.0,25.0,6.5,0.5420533782441833,0.4579466217558167,543.859649122807
33,3,7,325.0,25.0,6.5,0.5377808783671141,0.4622191216328859,543.859649122807
34,3,7,335.0,25.0,6.5,0.533426239068355,0.46657376093164504,543.859649122807
35,3,7,345.0,25.0,6.5,0.5289616275671064,0.4710383724328936,543.859649122807
36,3,7,355.0,25.0,6.5,0.5243608853771164,0.47563911462288355,543.859649122807
37,3,7,365.0,25.0,6.5,0.5195753197215716,0.48042468027842844,543.859649122807
38,3,7,375.0,25.0,6.5,0.5145204922710873,0.4854795077289127,543.859649122807
39,3,7,385.0,25.0,6.5,0.509097296224388,0.49090270377561196,543.859649122807
40,3,7,395.0,25.0,6.5,0.5031926817424419,0.4968073182575581,543.859649122807
41,3,7,405.0,25.0,6.5,0.49661980688271784,0.5033801931172821,543.859649122807
42,3,7,415.0,25.0,6.5,0.48904596389151794,0.5109540361084821,543.859649122807
43,3,7,425.0,25.0,6.5,0.4799695922022487,0.5200304077977513,543.859649122807
44,3,7,435.0,25.0,6.5,0.46849154374942775,0.5315084562505723,543.859649122807
45,3,7,445.0,25.0,6.5,0.45244561219204094,0.5475543878079591,543.859649122807
46,3,7,455.0,25.0,6.5,0.42723527973916114,0.5727647202608388,543.859649122807
47,3,7,465.0,25.0,6.5,0.38520706651023884,0.6147929334897612,543.859649122807
48,3,7,475.0,25.0,6.5,0.31966580845176035,0.6803341915482397,543.859649122807
49,3,7,485.0,25.0,6.5,0.24118506352737196,0.758814936472628,543.859649122807
50,3,7,495.0,25.0,6.5,0.20231890897074709,0.7976810910292529,543.859649122807
1,4,7,5.0,35.0,6.5,0.7803720345210514,0.21962796547894858,543.859649122807
2,4,7,15.0,35.0,6.5,0.7680743657268042,0.2319256342731958,543.859649122807
3,4,7,25.0,35.0,6.5,0.7537401930717809,0.24625980692821914,543.859649122807
4,4,7,35.0,35.0,6.5,0.7391720580267044,0.2608279419732956,543.859649122807
5,4,7,45.0,35.0,6.5,0.7253479215504434,0.27465207844955664,543.859649122807
6,4,7,55.0,35.0,6.5,0.7127274508730281,0.28727254912697187,543.859649122807
7,4,7,65.0,35.0,6.5,0.7012124634053092,0.2987875365946908,543.859649122807
8,4,7,75.0,35.0,6.5,0.6906643845851149,0.3093356154148851,543.859649122807
9,4,7,85.0,35.0,6.5,0.6809211169511369,0.3190788830488631,543.859649122807
10,4,7,95.0,35.0,6.5,0.6718809054701919,0.32811909452980814,543.859649122807
11,4,7,105.0,35.0,6.5,0.6634469537725298,0.3365530462274702,543.859649122807
12,4,7,115.0,35.0,6.5,0.6555314556825687,0.34446854431743135,543.859649122807
13,4,7,125.0,35.0,6.5,0.6480671870863423,0.35193281291365774,543.859649122807
14,4,7,135.0,35.0,6.5,0.6409801911232087,0.3590198088767913,543.859649122807
15,4,7,145.0,35.0,6.5,0.6342305741523603,0.3657694258476397,543.859649122807
16,4,7,155.0,35.0,6.5,0.6277756778697772,0.37222432213022283,543.859649122807
17,4,7,165.0,35.0,6.5,0.6215877087081596,0.3784122912918404,543.859649122807
18,4,7,175.0,35.0,6.5,0.6156453704549132,0.3843546295450868,543.859649122807
19,4,7,185.0,35.0,6.5,0.6099330656209149,0.39006693437908513,543.859649122807
20,4,7,195.0,35.0,6.5,0.6044373569470979,0.3955626430529021,543.859649122807
21,4,7,205.0,35.0,6.5,0.5991497799492854,0.4008502200507146,543.859649122807
22,4,7,215.0,35.0,6.5,0.5940665447335046,0.4059334552664954,543.859649122807
23,4,7,225.0,35.0,6.5,0.5891819157831161,0.4108180842168839,543.859649122807
24,4,7,235.0,35.0,6.5,0.5844853104360365,0.41551468956396354,543.859649122807
25,4,7,245.0,35.0,6.5,0.5799568387152327,0.42004316128476726,543.859649122807
26,4,7,255.0,35.0,6.5,0.5755632970688045,0.4244367029311955,543.859649122807
27,4,7,265.0,35.0,6.5,0.5712511594601849,0.4287488405398151,543.859649122807
28,4,7,275.0,35.0,6.5,0.5669675601426456,0.4330324398573544,543.859649122807
29,4,7,285.0,35.0,6.5,0.5626849519318713,0.4373150480681287,543.859649122807
30,4,7,295.0,35.0,6.5,0.5583859663534396,0.4416140336465604,543.859649122807
31,4,7,305.0,35.0,6.5,0.5540684323933378,0.4459315676066622,543.859649122807
32,4,7,315.0,35.0,6.5,0.5497342661352357,0.4502657338647643,543.859649122807
33,4,7,325.0,35.0,6.5,0.5453746849848926,0.4546253150151074,543.859649122807
34,4,7,335.0,35.0,6.5,0.5409625235291974,0.4590374764708026,543.859649122807
35,4,7,345.0,35.0,6.5,0.5364628681949394,0.4635371318050606,543.859649122807
36,4,7,355.0,35.0,6.5,0.531846003442395,0.46815399655760503,543.859649122807
37,4,7,365.0,35.0,6.5,0.5270838241220499,0.4729161758779501,543.859649122807
38,4,7,375.0,35.0,6.5,0.5221270151240699,0.4778729848759301,543.859649122807
39,4,7,385.0,35.0,6.5,0.5168918589611469,0.48310814103885313,543.859649122807
40,4,7,395.0,35.0,6.5,0.5112703729452945,0.48872962705470546,543.859649122807
41,4,7,405.0,35.0,6.5,0.5051394218612923,0.49486057813870765,543.859649122807
42,4,7,415.0,35.0,6.5,0.4983140431807497,0.5016859568192503,543.859649122807
43,4,7,425.0,35.0,6.5,0.4904741811609327,0.5095258188390672,543.859649122807
44,4,7,435.0,35.0,6.5,0.4811428162887037,0.5188571837112963,543.859649122807
45,4,7,445.0,35.0,6.5,0.4693717786743792,0.5306282213256208,543.859649122807
46,4,7,455.0,35.0,6.5,0.452966412047493,0.547033587952507,543.859649122807
47,4,7,465.0,35.0,6.5,0.42760416759144143,0.5723958324085585,543.859649122807
48,4,7,475.0,35.0,6.5,0.3862884966198687,0.6137115033801313,543.859649122807
49,4,7,485.0,35.0,6.5,0.3269474835766128,0.6730525164233871,543.859649122807
50,4,7,495.0,35.0,6.5,0.261013188352099,0.738986811647901,543.859649122807
1,5,7,5.0,45.0,6.5,0.7942016979381913,0.2057983020618087,543.859649122807
2,5,7,15.0,45.0,6.5,0.7836103026500648,0.21638969734993518,543.859649122807
3,5,7,25.0,45.0,6.5,0.7693250726426194,0.2306749273573806,543.859649122807
4,5,7,35.0,45.0,6.5,0.7542370481206189,0.24576295187938113,543.859649122807
5,5,7,45.0,45.0,6.5,0.7399018394226432,0.2600981605773568,543.859649122807
6,5,7,55.0,45.0,6.5,0.7266150308422149,0.2733849691577851,543.859649122807
7,5,7,65.0,45.0,6.5,0.714485318657909,0.285514681342091,543.859649122807
8,5,7,75.0,45.0,6.5,0.7034168814972486,0.29658311850275143,543.859649122807
9,5,7,85.0,45.0,6.5,0.6932655994961101,0.3067344005038899,543.859649122807
10,5,7,95.0,45.0,6.5,0.6838926188558065,0.31610738114419346,543.859649122807
11,5,7,105.0,45.0,6.5,0.675176119429608,0.324823880570392,543.859649122807
12,5,7,115.0,45.0,6.5,0.6670212478089513,0.33297875219104867,543.859649122807
13,5,7,125.0,45.0,6.5,0.6593431226826955,0.34065687731730454,543.859649122807
14,5,7,135.0,45.0,6.5,0.6520768173613937,0.34792318263860633,543.859649122807
15,5,7,145.0,45.0,6.5,0.6451689535462305,0.3548310464537695,543.859649122807
16,5,7,155.0,45.0,6.5,0.6385767377901792,0.3614232622098208,543.859649122807
17,5,7,165.0,45.0,6.5,0.6322569056795322,0.3677430943204678,543.859649122807
18,5,7,175.0,45.0,6.5,0.6261824634001886,0.37381753659981143,543.859649122807
19,5,7,185.0,45.0,6.5,0.6203270988177914,0.37967290118220864,543.859649122807
20,5,7,195.0,45.0,6.5,0.6146741201734667,0.3853258798265333,543.859649122807
21,5,7,205.0,45.0,6.5,0.6092147932160542,0.3907852067839458,543.859649122807
22,5,7,215.0,45.0,6.5,0.6039452467366914,0.39605475326330863,543.859649122807
23,5,7,225.0,45.0,6.5,0.5988638934803804,0.4011361065196196,543.859649122807
24,5,7,235.0,45.0,6.5,0.5939673380080367,0.4060326619919633,543.859649122807
25,5,7,245.0,45.0,6.5,0.5892457155739484,0.41075428442605155,543.859649122807
26,5,7,255.0,45.0,6.5,0.5846758665013061,0.4153241334986939,543.859649122807
27,5,7,265.0,45.0,6.5,0.5802153623192451,0.4197846376807549,543.859649122807
28,5,7,275.0,45.0,6.5,0.5758035717727487,0.42419642822725134,543.859649122807
29,5,7,285.0,45.0,6.5,0.5713966998566576,0.42860330014334236,543.859649122807
30,5,7,295.0,45.0,6.5,0.5669708049436593,0.43302919505634074,543.859649122807
31,5,7,305.0,45.0,6.5,0.56251504639903,0.43748495360096995,543.859649122807
32,5,7,315.0,45.0,6.5,0.558030541187191,0.441969458812809,543.859649122807
33,5,7,325.0,45.0,6.5,0.5535195871451749,0.4464804128548251,543.859649122807
34,5,7,335.0,45.0,6.5,0.5489707691438338,0.4510292308561662,543.859649122807
35,5,7,345.0,45.0,6.5,0.5443496904955127,0.45565030950448726,543.859649122807
36,5,7,355.0,45.0,6.5,0.5396139204174812,0.46038607958251876,543.859649122807
37,5,7,365.0,45.0,6.5,0.5347255269249193,0.46527447307508074,543.859649122807
38,5,7,375.0,45.0,6.5,0.5296482716079309,0.47035172839206907,543.859649122807
39,5,7,385.0,45.0,6.5,0.5243207357417684,0.4756792642582316,543.859649122807
40,5,7,395.0,45.0,6.5,0.5186352225006948,0.4813647774993052,543.859649122807
41,5,7,405.0,45.0,6.5,0.5124493086201978,0.4875506913798022,543.859649122807
42,5,7,415.0,45.0,6.5,0.5055940701644965,0.49440592983550347,543.859649122807
43,5,7,425.0,45.0,6.5,0.49780893049540614,0.5021910695045939,543.859649122807
44,5,7,435.0,45.0,6.5,0.48864075642962035,0.5113592435703797,543.859649122807
45,5,7,445.0,45.0,6.5,0.47740890919435425,0.5225910908056457,543.859649122807
46,5,7,455.0,45.0,6.5,0.46305632844052824,0.5369436715594718,543.859649122807
47,5,7,465.0,45.0,6.5,0.4429335199210442,0.5570664800789558,543.859649122807
48,5,7,475.0,45.0,6.5,0.4116732189836133,0.5883267810163867,543.859649122807
49,5,7,485.0,45.0,6.5,0.3623896473226219,0.6376103526773781,543.859649122807
50,5,7,495.0,45.0,6.5,0.30004162421865777,0.6999583757813422,543.859649122807
1,6,7,5.0,55.0,6.5,0.7812491073900771,0.21875089260992286,543.859649122807
2,6,7,15.0,55.0,6.5,0.7696219981651237,0.23037800183487633,543.859649122807
3,6,7,25.0,55.0,6.5,0.7560158398711563,0.24398416012884372,543.859649122807
4,6,7,35.0,55.0,6.5,0.7420837450777515,0.25791625492224846,543.859649122807
5,6,7,45.0,55.0,6.5,0.7287480012661398,0.2712519987338602,543.859649122807
6,6,7,55.0,55.0,6.5,0.7163470334599176,0.28365296654008243,543.859649122807
7,6,7,65.0,55.0,6.5,0.7049313079201616,0.29506869207983843,543.859649122807
8,6,7,75.0,55.0,6.5,0.6944175771240286,0.30558242287597137,543.859649122807
9,6,7,85.0,55.0,6.5,0.6846953951226424,0.31530460487735756,543.859649122807
10,6,7,95.0,55.0,6.5,0.6756584104803767,0.32434158951962333,543.859649122807
11,6,7,105.0,55.0,6.5,0.6672117384578622,0.3327882615421378,543.859649122807
12,6,7,115.0,55.0,6.5,0.6592699966418207,0.34073000335817927,543.859649122807
13,6,7,125.0,55.0,6.5,0.6517662029886124,0.34823379701138757,543.859649122807
14,6,7,135.0,55.0,6.5,0.644645193521827,0.35535480647817297,543.859649122807
15,6,7,145.0,55.0,6.5,0.6378582632222997,0.36214173677770034,543.859649122807
16,6,7,155.0,55.0,6.5,0.6313645331541545,0.36863546684584547,543.859649122807
17,6,7,165.0,55.0,6.5,0.6251365130908678,0.3748634869091322,543.859649122807
18,6,7,175.0,55.0,6.5,0.6191476854159259,0.3808523145840741,543.859649122807
19,6,7,185.0,55.0,6.5,0.613377202184004,0.38662279781599596,543.859649122807
20,6,7,195.0,55.0,6.5,0.6078142747862039,0.39218572521379613,543.859649122807
21,6,7,205.0,55.0,6.5,0.6024510237729447,0.3975489762270553,543.859649122807
22,6,7,215.0,55.0,6.5,0.5972833774791558,0.40271662252084417,543.859649122807
23,6,7,225.0,55.0,6.5,0.5923100645804191,0.4076899354195809,543.859649122807
24,6,7,235.0,55.0,6.5,0.5875280259006709,0.4124719740993291,543.859649122807
25,6,7,245.0,55.0,6.5,0.5829247171496645,0.41707528285033546,543.859649122807
26,6,7,255.0,55.0,6.5,0.578469565342807,0.421530434657193,543.859649122807
27,6,7,265.0,55.0,6.5,0.5741083957840561,0.42589160421594385,543.859649122807
28,6,7,275.0,55.0,6.5,0.5697765857261977,0.4302234142738023,543.859649122807
29,6,7,285.0,55.0,6.5,0.5654409593200722,0.4345590406799278,543.859649122807
30,6,7,295.0,55.0,6.5,0.5610805092578062,0.43891949074219383,543.859649122807
31,6,7,305.0,55.0,6.5,0.5566904081449943,0.44330959185500574,543.859649122807
32,6,7,315.0,55.0,6.5,0.5522745774036711,0.44772542259632886,543.859649122807
33,6,7,325.0,55.0,6.5,0.5478297155118788,0.45217028448812124,543.859649122807
34,6,7,335.0,55.0,6.5,0.5433334974450486,0.45666650255495145,543.859649122807
35,6,7,345.0,55.0,6.5,0.538749380961371,0.46125061903862896,543.859649122807
36,6,7,355.0,55.0,6.5,0.5340375549681341,0.4659624450318659,543.859649122807
37,6,7,365.0,55.0,6.5,0.5291652878714412,0.47083471212855876,543.859649122807
38,6,7,375.0,55.0,6.5,0.5240809764685925,0.47591902353140747,543.859649122807
39,6,7,385.0,55.0,6.5,0.5186975686764536,0.48130243132354644,543.859649122807
40,6,7,395.0,55.0,6.5,0.5128840049273358,0.48711599507266423,543.859649122807
41,6,7,405.0,55.0,6.5,0.5064781099260807,0.49352189007391933,543.859649122807
42,6,7,415.0,55.0,6.5,0.4992458697291752,0.5007541302708248,543.859649122807
43,6,7,425.0,55.0,6.5,0.49075981308265504,0.509240186917345,543.859649122807
44,6,7,435.0,55.0,6.5,0.48025962221525853,0.5197403777847415,543.859649122807
45,6,7,445.0,55.0,6.5,0.4663810872112098,0.5336189127887903,543.859649122807
46,6,7,455.0,55.0,6.5,0.446376493226064,0.553623506773936,543.859649122807
47,6,7,465.0,55.0,6.5,0.41515024955200247,0.5848497504479975,543.859649122807
48,6,7,475.0,55.0,6.5,0.36696489449809316,0.6330351055019068,543.859649122807
49,6,7,485.0,55.0,6.5,0.3047582298098332,0.6952417701901668,543.859649122807
50,6,7,495.0,55.0,6.5,0.24199859649235123,0.7580014035076488,543.859649122807
1,7,7,5.0,65.0,6.5,0.7631447133856402,0.23685528661435984,543.859649122807
2,7,7,15.0,65.0,6.5,0.7519461648491942,0.2480538351508058,543.859649122807
3,7,7,25.0,65.0,6.5,0.739301457420521,0.260698542579479,543.859649122807
4,7,7,35.0,65.0,6.5,0.726461952502188,0.27353804749781196,543.859649122807
5,7,7,45.0,65.0,6.5,0.714127535000082,0.28587246499991803,543.859649122807
6,7,7,55.0,65.0,6.5,0.7025702171423093,0.2974297828576907,543.859649122807
7,7,7,65.0,65.0,6.5,0.6918510846591239,0.3081489153408761,543.859649122807
8,7,7,75.0,65.0,6.5,0.681924690088674,0.31807530991132604,543.859649122807
9,7,7,85.0,65.0,6.5,0.6727092905865854,0.32729070941341465,543.859649122807
10,7,7,95.0,65.0,6.5,0.6641175098376492,0.33588249016235083,543.859649122807
11,7,7,105.0,65.0,6.5,0.6560691964934646,0.3439308035065354,543.859649122807
12,7,7,115.0,65.0,6.5,0.6484982787689353,0.3515017212310647,543.859649122807
13,7,7,125.0,65.0,6.5,0.6413368622285401,0.35866313777145986,543.859649122807
14,7,7,135.0,65.0,6.5,0.634540867693915,0.36545913230608496,543.859649122807
15,7,7,145.0,65.0,6.5,0.6280626007953372,0.37193739920466284,543.859649122807
16,7,7,155.0,65.0,6.5,0.6218665693389902,0.3781334306610098,543.859649122807
17,7,7,165.0,65.0,6.5,0.6159271355400612,0.3840728644599388,543.859649122807
18,7,7,175.0,65.0,6.5,0.6102221820745705,0.38977781792542954,543.859649122807
19,7,7,185.0,65.0,6.5,0.6047365558199319,0.3952634441800681,543.859649122807
20,7,7,195.0,65.0,6.5,0.5994596808510132,0.4005403191489868,543.859649122807
21,7,7,205.0,65.0,6.5,0.5943835448187061,0.40561645518129386,543.859649122807
22,7,7,215.0,65.0,6.5,0.5895009632597508,0.41049903674024923,543.859649122807
23,7,7,225.0,65.0,6.5,0.5848034835716246,0.4151965164283754,543.859649122807
24,7,7,235.0,65.0,6.5,0.5802775768207309,0.4197224231792691,543.859649122807
25,7,7,245.0,65.0,6.5,0.5758955720436986,0.42410442795630143,543.859649122807
26,7,7,255.0,65.0,6.5,0.5716089893270803,0.42839101067291974,543.859649122807
27,7,7,265.0,65.0,6.5,0.5673588498507057,0.4326411501492943,543.859649122807
28,7,7,275.0,65.0,6.5,0.5631162022501215,0.4368837977498785,543.859649122807
29,7,7,285.0,65.0,6.5,0.5588622034653172,0.44113779653468277,543.859649122807
30,7,7,295.0,65.0,6.5,0.5545923151033884,0.44540768489661164,543.859649122807
31,7,7,305.0,65.0,6.5,0.5503066629743094,0.4496933370256906,543.859649122807
32,7,7,315.0,65.0,6.5,0.5459956411429644,0.4540043588570356,543.859649122807
33,7,7,325.0,65.0,6.5,0.5416358079698766,0.45836419203012335,543.859649122807
34,7,7,335.0,65.0,6.5,0.53719509472289,0.46280490527711005,543.859649122807
35,7,7,345.0,65.0,6.5,0.5326432080884909,0.46735679191150914,543.859649122807
36,7,7,355.0,65.0,6.5,0.5279477603899114,0.4720522396100886,543.859649122807
37,7,7,365.0,65.0,6.5,0.5230585262907474,0.47694147370925255,543.859649122807
38,7,7,375.0,65.0,6.5,0.5179026165173949,0.4820973834826051,543.859649122807
39,7,7,385.0,65.0,6.5,0.5123610236331209,0.48763897636687914,543.859649122807
40,7,7,395.0,65.0,6.5,0.5062859032741803,0.4937140967258197,543.859649122807
41,7,7,405.0,65.0,6.5,0.4994456744893939,0.5005543255106061,543.859649122807
42,7,7,415.0,65.0,6.5,0.4914400448508326,0.5085599551491674,543.859649122807
43,7,7,425.0,65.0,6.5,0.4815625791382086,0.5184374208617915,543.859649122807
44,7,7,435.0,65.0,6.5,0.46847553194297836,0.5315244680570217,543.859649122807
45,7,7,445.0,65.0,6.5,0.4494437622596598,0.5505562377403401,543.859649122807
46,7,7,455.0,65.0,6.5,0.41919209235332716,0.5808079076466728,543.859649122807
47,7,7,465.0,65.0,6.5,0.3700146863636916,0.6299853136363084,543.859649122807
48,7,7,475.0,65.0,6.5,0.2984021640573826,0.7015978359426174,543.859649122807
49,7,7,485.0,65.0,6.5,0.22525373474433533,0.7747462652556647,543.859649122807
50,7,7,495.0,65.0,6.5,0.20077552196739665,0.7992244780326033,543.859649122807
1,8,7,5.0,75.0,6.5,0.7382875508565255,0.26171244914347447,543.859649122807
2,8,7,15.0,75.0,6.5,0.7283935488014273,0.27160645119857274,543.859649122807
3,8,7,25.0,75.0,6.5,0.7171356363329635,0.2828643636670365,543.859649122807
4,8,7,35.0,75.0,6.5,0.7056400012603647,0.29435999873963525,543.859649122807
5,8,7,45.0,75.0,6.5,0.694495276431169,0.30550472356883096,543.859649122807
6,8,7,55.0,75.0,6.5,0.6839564188240458,0.3160435811759542,543.859649122807
7,8,7,65.0,75.0,6.5,0.6741007689694266,0.3258992310305734,543.859649122807
8,8,7,75.0,75.0,6.5,0.6649140770575245,0.3350859229424755,543.859649122807
9,8,7,85.0,75.0,6.5,0.6563469859952612,0.3436530140047388,543.859649122807
10,8,7,95.0,75.0,6.5,0.6483366598642409,0.35166334013575906,543.859649122807
11,8,7,105.0,75.0,6.5,0.6408186469862571,0.3591813530137429,543.859649122807
12,8,7,115.0,75.0,6.5,0.6337431667946972,0.3662568332053028,543.859649122807
13,8,7,125.0,75.0,6.5,0.6270529796187786,0.3729470203812214,543.859649122807
14,8,7,135.0,75.0,6.5,0.6207079896955009,0.3792920103044991,543.859649122807
15,8,7,145.0,75.0,6.5,0.614669606435944,0.38533039356405596,543.859649122807
16,8,7,155.0,75.0,6.5,0.6089021512737415,0.3910978487262585,543.859649122807
17,8,7,165.0,75.0,6.5,0.603380787718843,0.39661921228115704,543.859649122807
18,8,7,175.0,75.0,6.5,0.5980896315777269,0.4019103684222731,543.859649122807
19,8,7,185.0,75.0,6.5,0.5930183748014363,0.40698162519856373,543.859649122807
20,8,7,195.0,75.0,6.5,0.5881574092401713,0.41184259075982865,543.859649122807
21,8,7,205.0,75.0,6.5,0.5834908733592193,0.41650912664078066,543.859649122807
22,8,7,215.0,75.0,6.5,0.5789948677937103,0.42100513220628966,543.859649122807
23,8,7,225.0,75.0,6.5,0.5746401563466798,0.42535984365332025,543.859649122807
24,8,7,235.0,75.0,6.5,0.570395142154323,0.42960485784567704,543.859649122807
25,8,7,245.0,75.0,6.5,0.5662202677084355,0.4337797322915645,543.859649122807
26,8,7,255.0,75.0,6.5,0.5620876235730898,0.43791237642691017,543.859649122807
27,8,7,265.0,75.0,6.5,0.5579711111982915,0.44202888880170854,543.859649122807
28,8,7,275.0,75.0,6.5,0.5538529830226272,0.4461470169773728,543.859649122807
29,8,7,285.0,75.0,6.5,0.5497282697254033,0.45027173027459666,543.859649122807
30,8,7,295.0,75.0,6.5,0.5455968120237951,0.45440318797620494,543.859649122807
31,8,7,305.0,75.0,6.5,0.5414438107709277,0.45855618922907226,543.859649122807
32,8,7,315.0,75.0,6.5,0.5372365323133008,0.4627634676866992,543.859649122807
33,8,7,325.0,75.0,6.5,0.532943339126506,0.46705666087349396,543.859649122807
34,8,7,335.0,75.0,6.5,0.5285442806362466,0.4714557193637534,543.859649122807
35,8,7,345.0,75.0,6.5,0.5240125554382628,0.47598744456173725,543.859649122807
36,8,7,355.0,75.0,6.5,0.5192853769735342,0.48071462302646584,543.859649122807
37,8,7,365.0,75.0,6.5,0.5142663638066597,0.4857336361933403,543.859649122807
38,8,7,375.0,75.0,6.5,0.5088576059236666,0.4911423940763334,543.859649122807
39,8,7,385.0,75.0,6.5,0.502951003290067,0.49704899670993297,543.859649122807
40,8,7,395.0,75.0,6.5,0.4963115040433068,0.5036884959566932,543.859649122807
41,8,7,405.0,75.0,6.5,0.48850038324619155,0.5114996167538084,543.859649122807
42,8,7,415.0,75.0,6.5,0.478847344351183,0.5211526556488171,543.859649122807
43,8,7,425.0,75.0,6.5,0.4661194725114218,0.5338805274885783,543.859649122807
44,8,7,435.0,75.0,6.5,0.44756588148804055,0.5524341185119594,543.859649122807
45,8,7,445.0,75.0,6.5,0.41795329039949086,0.5820467096005091,543.859649122807
46,8,7,455.0,75.0,6.5,0.36927332359320547,0.6307266764067945,543.859649122807
47,8,7,465.0,75.0,6.5,0.29336640354555743,0.7066335964544426,543.859649122807
48,8,7,475.0,75.0,6.5,0.21901752503697536,0.7809824749630246,543.859649122807
49,8,7,485.0,75.0,6.5,0.2004057036429797,0.7995942963570203,543.859649122807
50,8,7,495.0,75.0,6.5,0.20003405891033543,0.7999659410896646,543.859649122807
1,9,7,5.0,85.0,6.5,0.7036644717852483,0.29633552821475173,543.859649122807
2,9,7,15.0,85.0,6.5,0.6955176100553906,0.3044823899446094,543.859649122807
3,9,7,25.0,85.0,6.5,0.6860119306849309,0.31398806931506906,543.859649122807
4,9,7,35.0,85.0,6.5,0.6761200125996669,0.3238799874003331,543.859649122807
5,9,7,45.0,85.0,6.5,0.666374232075988,0.333625767924012,543.859649122807
6,9,7,55.0,85.0,6.5,0.6570329053359326,0.3429670946640674,543.859649122807
7,9,7,65.0,85.0,6.5,0.6481982793642964,0.3518017206357036,543.859649122807
8,9,7,75.0,85.0,6.5,0.6398900903419109,0.3601099096580891,543.859649122807
9,9,7,85.0,85.0,6.5,0.632094665048802,0.36790533495119804,543.859649122807
10,9,7,95.0,85.0,6.5,0.6247760999582507,0.3752239000417493,543.859649122807
11,9,7,105.0,85.0,6.5,0.6179006154823956,0.3820993845176044,543.859649122807
12,9,7,115.0,85.0,6.5,0.6114288766658846,0.38857112333411536,543.859649122807
13,9,7,125.0,85.0,6.5,0.6053294491781052,0.39467055082189484,543.859649122807
14,9,7,135.0,85.0,6.5,0.5995651113376365,0.40043488866236354,543.859649122807
15,9,7,145.0,85.0,6.5,0.5940974748588022,0.40590252514119785,543.859649122807
16,9,7,155.0,85.0,6.5,0.5888905612369607,0.4111094387630393,543.859649122807
17,9,7,165.0,85.0,6.5,0.5839141776166573,0.4160858223833427,543.859649122807
18,9,7,175.0,85.0,6.5,0.579150850173811,0.42084914982618904,543.859649122807
19,9,7,185.0,85.0,6.5,0.5745951496371376,0.42540485036286235,543.859649122807
20,9,7,195.0,85.0,6.5,0.5702374608522461,0.42976253914775386,543.859649122807
21,9,7,205.0,85.0,6.5,0.5660441376903563,0.43395586230964367,543.859649122807
22,9,7,215.0,85.0,6.5,0.5619543030095243,0.4380456969904757,543.859649122807
23,9,7,225.0,85.0,6.5,0.5579302735234168,0.44206972647658316,543.859649122807
24,9,7,235.0,85.0,6.5,0.553956797895228,0.446043202104772,543.859649122807
25,9,7,245.0,85.0,6.5,0.5500300589348172,0.44996994106518284,543.859649122807
26,9,7,255.0,85.0,6.5,0.546143338243212,0.45385666175678796,543.859649122807
27,9,7,265.0,85.0,6.5,0.5422721239391286,0.4577278760608714,543.859649122807
28,9,7,275.0,85.0,6.5,0.5383886758123703,0.46161132418762973,543.859649122807
29,9,7,285.0,85.0,6.5,0.5344770547554852,0.46552294524451476,543.859649122807
30,9,7,295.0,85.0,6.5,0.5305348772041325,0.4694651227958675,543.859649122807
31,9,7,305.0,85.0,6.5,0.5265492773487914,0.4734507226512086,543.859649122807
32,9,7,315.0,85.0,6.5,0.5224784251921325,0.4775215748078675,543.859649122807
33,9,7,325.0,85.0,6.5,0.5182652814427148,0.4817347185572852,543.859649122807
34,9,7,335.0,85.0,6.5,0.5138627523504393,0.4861372476495607,543.859649122807
35,9,7,345.0,85.0,6.5,0.5092317913042169,0.4907682086957831,543.859649122807
36,9,7,355.0,85.0,6.5,0.504292093823742,0.49570790617625804,543.859649122807
37,9,7,365.0,85.0,6.5,0.4988830680713164,0.5011169319286837,543.859649122807
38,9,7,375.0,85.0,6.5,0.4927859632654641,0.5072140367345359,543.859649122807
39,9,7,385.0,85.0,6.5,0.4857466152550817,0.5142533847449182,543.859649122807
40,9,7,395.0,85.0,6.5,0.4773498750449795,0.5226501249550205,543.859649122807
41,9,7,405.0,85.0,6.5,0.4667303443441837,0.5332696556558163,543.859649122807
42,9,7,415.0,85.0,6.5,0.4522883979197096,0.5477116020802903,543.859649122807
43,9,7,425.0,85.0,6.5,0.4311436937664436,0.5688563062335563,543.859649122807
44,9,7,435.0,85.0,6.5,0.3959604359553159,0.6040395640446841,543.859649122807
45,9,7,445.0,85.0,6.5,0.33580301381777844,0.6641969861822216,543.859649122807
46,9,7,455.0,85.0,6.5,0.2542830358915205,0.7457169641084795,543.859649122807
47,9,7,465.0,85.0,6.5,0.20542709166913478,0.7945729083308652,543.859649122807
48,9,7,475.0,85.0,6.5,0.20006482883159565,0.7999351711684044,543.859649122807
49,9,7,485.0,85.0,6.5,0.20003265570464285,0.7999673442953572,543.859649122807
50,9,7,495.0,85.0,6.5,0.20003275699236248,0.7999672430076376,543.859649122807
1,10,7,5.0,95.0,6.5,0.6455887714574188,0.3544112285425812,543.859649122807
2,10,7,15.0,95.0,6.5,0.6393928394091236,0.3606071605908764,543.859649122807
3,10,7,25.0,95.0,6.5,0.6318775129338533,0.3681224870661467,543.859649122807
4,10,7,35.0,95.0,6.5,0.6238059355264471,0.37619406447355286,543.859649122807
5,10,7,45.0,95.0,6.5,0.6156338461627683,0.3843661538372317,543.859649122807
6,10,7,55.0,95.0,6.5,0.6076172425756788,0.39238275742432116,543.859649122807
7,10,7,65.0,95.0,6.5,0.5998795041009907,0.40012049589900933,543.859649122807
8,10,7,75.0,95.0,6.5,0.5924805722981418,0.40751942770185823,543.859649122807
9,10,7,85.0,95.0,6.5,0.5854373550067011,0.41456264499329887,543.859649122807
10,10,7,95.0,95.0,6.5,0.5787566780491836,0.4212433219508164,543.859649122807
11,10,7,105.0,95.0,6.5,0.5724339516022231,0.4275660483977769,543.859649122807
12,10,7,115.0,95.0,6.5,0.5664690032805362,0.4335309967194638,543.859649122807
13,10,7,125.0,95.0,6.5,0.5608561713216825,0.43914382867831747,543.859649122807
14,10,7,135.0,95.0,6.5,0.5555787286201852,0.4444212713798148,543.859649122807
15,10,7,145.0,95.0,6.5,0.5506009722258455,0.4493990277741545,543.859649122807
16,10,7,155.0,95.0,6.5,0.5458688507934407,0.4541311492065593,543.859649122807
17,10,7,165.0,95.0,6.5,0.5413230606928583,0.4586769393071417,543.859649122807
18,10,7,175.0,95.0,6.5,0.5369240280314177,0.4630759719685823,543.859649122807
19,10,7,185.0,95.0,6.5,0.5326678520900163,0.4673321479099837,543.859649122807
20,10,7,195.0,95.0,6.5,0.5285579082114518,0.47144209178854823,543.859649122807
21,10,7,205.0,95.0,6.5,0.5245829195014482,0.4754170804985518,543.859649122807
22,10,7,215.0,95.0,6.5,0.5207007356810127,0.4792992643189873,543.859649122807
23,10,7,225.0,95.0,6.5,0.5168671347082704,0.4831328652917296,543.859649122807
24,10,7,235.0,95.0,6.5,0.5130748914283455,0.4869251085716545,543.859649122807
25,10,7,245.0,95.0,6.5,0.509330420612026,0.49066957938797395,543.859649122807
26,10,7,255.0,95.0,6.5,0.5056085684532667,0.49439143154673326,543.859649122807
27,10,7,265.0,95.0,6.5,0.5018551727007591,0.4981448272992409,543.859649122807
28,10,7,275.0,95.0,6.5,0.49803951094609017,0.5019604890539098,543.859649122807
29,10,7,285.0,95.0,6.5,0.4941672262124989,0.505832773787501,543.859649122807
30,10,7,295.0,95.0,6.5,0.49021787191992844,0.5097821280800716,543.859649122807
31,10,7,305.0,95.0,6.5,0.4860932176165528,0.5139067823834472,543.859649122807
32,10,7,315.0,95.0,6.5,0.4816625357786533,0.5183374642213467,543.859649122807
33,10,7,325.0,95.0,6.5,0.47684195829590004,0.5231580417041,543.859649122807
34,10,7,335.0,95.0,6.5,0.4715457768263113,0.5284542231736886,543.859649122807
35,10,7,345.0,95.0,6.5,0.4655260226345202,0.5344739773654799,543.859649122807
36,10,7,355.0,95.0,6.5,0.4582936804263006,0.5417063195736994,543.859649122807
37,10,7,365.0,95.0,6.5,0.44922186101509326,0.5507781389849067,543.859649122807
38,10,7,375.0,95.0,6.5,0.4375109402787502,0.5624890597212497,543.859649122807
39,10,7,385.0,95.0,6.5,0.4215615536280767,0.5784384463719233,543.859649122807
40,10,7,395.0,95.0,6.5,0.39786394368011935,0.6021360563198807,543.859649122807
41,10,7,405.0,95.0,6.5,0.3607315184952602,0.6392684815047398,543.859649122807
42,10,7,415.0,95.0,6.5,0.3059355031979876,0.6940644968020124,543.859649122807
43,10,7,425.0,95.0,6.5,0.2438911841413358,0.7561088158586642,543.859649122807
44,10,7,435.0,95.0,6.5,0.20709935187200995,0.7929006481279901,543.859649122807
45,10,7,445.0,95.0,6.5,0.20016925445833267,0.7998307455416673,543.859649122807
46,10,7,455.0,95.0,6.5,0.20003203290937435,0.7999679670906257,543.859649122807
47,10,7,465.0,95.0,6.5,0.20003173083448766,0.7999682691655123,543.859649122807
48,10,7,475.0,95.0,6.5,0.20003212476533522,0.7999678752346648,543.859649122807
49,10,7,485.0,95.0,6.5,0.20003244736931725,0.7999675526306828,543.859649122807
50,10,7,495.0,95.0,6.5,0.20003265057983297,0.799967349420167,543.859649122807
1,1,8,5.0,5.0,7.5,0.6833800777672492,0.3166199222327508,578.9473684210526
2,1,8,15.0,5.0,7.5,0.6753985952260795,0.3246014047739205,578.9473684210526
3,1,8,25.0,5.0,7.5,0.6662111033266092,0.33378889667339084,578.9473684210526
4,1,8,35.0,5.0,7.5,0.6567396644089145,0.3432603355910855,578.9473684210526
5,1,8,45.0,5.0,7.5,0.6474527719918632,0.35254722800813676,578.9473684210526
6,1,8,55.0,5.0,7.5,0.638562513618179,0.36143748638182105,578.9473684210526
7,1,8,65.0,5.0,7.5,0.6301443976976524,0.3698556023023476,578.9473684210526
8,1,8,75.0,5.0,7.5,0.622210405036183,0.37778959496381703,578.9473684210526
9,1,8,85.0,5.0,7.5,0.6147349306904104,0.3852650693095896,578.9473684210526
10,1,8,95.0,5.0,7.5,0.6076885226110259,0.3923114773889741,578.9473684210526
11,1,8,105.0,5.0,7.5,0.6010352701887155,0.3989647298112845,578.9473684210526
12,1,8,115.0,5.0,7.5,0.5947502196329051,0.4052497803670949,578.9473684210526
13,1,8,125.0,5.0,7.5,0.5888087644856863,0.4111912355143137,578.9473684210526
14,1,8,135.0,5.0,7.5,0.5831935398014408,0.41680646019855916,578.9473684210526
15,1,8,145.0,5.0,7.5,0.5778905503795378,0.42210944962046215,578.9473684210526
16,1,8,155.0,5.0,7.5,0.57287977648607,0.42712022351393,578.9473684210526
17,1,8,165.0,5.0,7.5,0.5681304021627603,0.43186959783723966,578.9473684210526
18,1,8,175.0,5.0,7.5,0.5636001786706256,0.4363998213293744,578.9473684210526
19,1,8,185.0,5.0,7.5,0.5592440261231562,0.44075597387684384,578.9473684210526
20,1,8,195.0,5.0,7.5,0.555028634821805,0.444971365178195,578.9473684210526
21,1,8,205.0,5.0,7.5,0.5509440136139424,0.4490559863860576,578.9473684210526
22,1,8,215.0,5.0,7.5,0.5469886131646186,0.45301138683538145,578.9473684210526
23,1,8,225.0,5.0,7.5,0.5431419820954622,0.45685801790453784,578.9473684210526
24,1,8,235.0,5.0,7.5,0.5393749973119107,0.46062500268808926,578.9473684210526
25,1,8,245.0,5.0,7.5,0.5356553537561963,0.46434464624380367,578.9473684210526
26,1,8,255.0,5.0,7.5,0.5319737947884461,0.4680262052115539,578.9473684210526
27,1,8,265.0,5.0,7.5,0.5283380167333245,0.4716619832666755,578.9473684210526
28,1,8,275.0,5.0,7.5,0.5247449772880538,0.4752550227119462,578.9473684210526
29,1,8,285.0,5.0,7.5,0.5211667969974091,0.4788332030025909,578.9473684210526
30,1,8,295.0,5.0,7.5,0.5175725868520983,0.4824274131479017,578.9473684210526
31,1,8,305.0,5.0,7.5,0.5139564453543625,0.48604355464563753,578.9473684210526
32,1,8,315.0,5.0,7.5,0.510320471924695,0.489679528075305,578.9473684210526
33,1,8,325.0,5.0,7.5,0.5066322382925017,0.4933677617074983,578.9473684210526
34,1,8,335.0,5.0,7.5,0.5028215750662953,0.4971784249337047,578.9473684210526
35,1,8,345.0,5.0,7.5,0.4988284485601775,0.5011715514398225,578.9473684210526
36,1,8,355.0,5.0,7.5,0.4946197197868571,0.5053802802131429,578.9473684210526
37,1,8,365.0,5.0,7.5,0.4901285214885503,0.5098714785114498,578.9473684210526
38,1,8,375.0,5.0,7.5,0.48518855160785296,0.5148114483921471,578.9473684210526
39,1,8,385.0,5.0,7.5,0.47955657241236577,0.5204434275876342,578.9473684210526
40,1,8,395.0,5.0,7.5,0.4729659604035502,0.5270340395964498,578.9473684210526
41,1,8,405.0,5.0,7.5,0.46500168729068175,0.5349983127093183,578.9473684210526
42,1,8,415.0,5.0,7.5,0.45477563346630634,0.5452243665336937,578.9473684210526
43,1,8,425.0,5.0,7.5,0.4406001792530058,0.5593998207469941,578.9473684210526
44,1,8,435.0,5.0,7.5,0.4193817038336025,0.5806182961663975,578.9473684210526
45,1,8,445.0,5.0,7.5,0.38432177938080336,0.6156782206191966,578.9473684210526
46,1,8,455.0,5.0,7.5,0.32235872558436124,0.6776412744156388,578.9473684210526
47,1,8,465.0,5.0,7.5,0.24058240565108796,0.7594175943489121,578.9473684210526
48,1,8,475.0,5.0,7.5,0.2022892568220974,0.7977107431779026,578.9473684210526
49,1,8,485.0,5.0,7.5,0.2000433727320066,0.7999566272679934,578.9473684210526
50,1,8,495.0,5.0,7.5,0.20003295235035884,0.7999670476496412,578.9473684210526
1,2,8,5.0,15.0,7.5,0.7334414034840511,0.26655859651594893,578.9473684210526
2,2,8,15.0,15.0,7.5,0.7233604767723509,0.27663952322764906,578.9473684210526
3,2,8,25.0,15.0,7.5,0.7120655264158607,0.28793447358413926,578.9473684210526
4,2,8,35.0,15.0,7.5,0.7006965741009218,0.2993034258990782,578.9473684210526
5,2,8,45.0,15.0,7.5,0.6897946241044112,0.31020537589558883,578.9473684210526
6,2,8,55.0,15.0,7.5,0.6795670093157499,0.32043299068425013,578.9473684210526
7,2,8,65.0,15.0,7.5,0.6700553143959199,0.3299446856040801,578.9473684210526
8,2,8,75.0,15.0,7.5,0.6612277690139026,0.33877223098609743,578.9473684210526
9,2,8,85.0,15.0,7.5,0.6530228319555181,0.34697716804448187,578.9473684210526
10,2,8,95.0,15.0,7.5,0.6453708142975524,0.3546291857024476,578.9473684210526
11,2,8,105.0,15.0,7.5,0.6382168427873478,0.3617831572126522,578.9473684210526
12,2,8,115.0,15.0,7.5,0.6314992014817706,0.36850079851822937,578.9473684210526
13,2,8,125.0,15.0,7.5,0.6251780103729667,0.3748219896270333,578.9473684210526
14,2,8,135.0,15.0,7.5,0.6192124675490673,0.38078753245093266,578.9473684210526
15,2,8,145.0,15.0,7.5,0.6135655806394641,0.3864344193605359,578.9473684210526
16,2,8,155.0,15.0,7.5,0.60820659993782,0.39179340006218,578.9473684210526
17,2,8,165.0,15.0,7.5,0.6031032497421362,0.39689675025786375,578.9473684210526
18,2,8,175.0,15.0,7.5,0.5982234285309588,0.4017765714690412,578.9473684210526
19,2,8,185.0,15.0,7.5,0.5935398361607194,0.40646016383928063,578.9473684210526
20,2,8,195.0,15.0,7.5,0.5890335337864374,0.4109664662135626,578.9473684210526
21,2,8,205.0,15.0,7.5,0.584693994712886,0.41530600528711403,578.9473684210526
22,2,8,215.0,15.0,7.5,0.5805093889162058,0.41949061108379415,578.9473684210526
23,2,8,225.0,15.0,7.5,0.5764522224628347,0.4235477775371653,578.9473684210526
24,2,8,235.0,15.0,7.5,0.5724761880611547,0.42752381193884526,578.9473684210526
25,2,8,245.0,15.0,7.5,0.5685510406656042,0.43144895933439575,578.9473684210526
26,2,8,255.0,15.0,7.5,0.5646661799970485,0.4353338200029515,578.9473684210526
27,2,8,265.0,15.0,7.5,0.5608216185696895,0.4391783814303105,578.9473684210526
28,2,8,275.0,15.0,7.5,0.5570118112565725,0.4429881887434275,578.9473684210526
29,2,8,285.0,15.0,7.5,0.5532179429930818,0.4467820570069182,578.9473684210526
30,2,8,295.0,15.0,7.5,0.5494197614251467,0.4505802385748533,578.9473684210526
31,2,8,305.0,15.0,7.5,0.5456083048672683,0.4543916951327317,578.9473684210526
32,2,8,315.0,15.0,7.5,0.5417817553345551,0.4582182446654449,578.9473684210526
33,2,8,325.0,15.0,7.5,0.5379241841258906,0.4620758158741094,578.9473684210526
34,2,8,335.0,15.0,7.5,0.5339995852143288,0.4660004147856712,578.9473684210526
35,2,8,345.0,15.0,7.5,0.529968546281036,0.47003145371896404,578.9473684210526
36,2,8,355.0,15.0,7.5,0.5258067713517423,0.47419322864825775,578.9473684210526
37,2,8,365.0,15.0,7.5,0.5214865237819553,0.47851347621804474,578.9473684210526
38,2,8,375.0,15.0,7.5,0.5169426241014478,0.48305737589855224,578.9473684210526
39,2,8,385.0,15.0,7.5,0.5120662517440671,0.48793374825593294,578.9473684210526
40,2,8,395.0,15.0,7.5,0.5067357986122253,0.4932642013877747,578.9473684210526
41,2,8,405.0,15.0,7.5,0.5008066234571064,0.49919337654289364,578.9473684210526
42,2,8,415.0,15.0,7.5,0.4940042939121043,0.5059957060878957,578.9473684210526
43,2,8,425.0,15.0,7.5,0.48580744242826535,0.5141925575717347,578.9473684210526
44,2,8,435.0,15.0,7.5,0.4753749551363967,0.5246250448636033,578.9473684210526
45,2,8,445.0,15.0,7.5,0.4608308706580279,0.539169129341972,578.9473684210526
46,2,8,455.0,15.0,7.5,0.4375054916037136,0.5624945083962865,578.9473684210526
47,2,8,465.0,15.0,7.5,0.3969716679827927,0.6030283320172073,578.9473684210526
48,2,8,475.0,15.0,7.5,0.32671661109771005,0.67328338890229,578.9473684210526
49,2,8,485.0,15.0,7.5,0.23435131238710394,0.7656486876128961,578.9473684210526
50,2,8,495.0,15.0,7.5,0.2009186895425196,0.7990813104574804,578.9473684210526
1,3,8,5.0,25.0,7.5,0.7622935957240594,0.23770640427594059,578.9473684210526
2,3,8,15.0,25.0,7.5,0.7508865552990105,0.2491134447009895,578.9473684210526
3,3,8,25.0,25.0,7.5,0.7381429845687104,0.2618570154312896,578.9473684210526
4,3,8,35.0,25.0,7.5,0.725361980439753,0.274638019560247,578.9473684210526
5,3,8,45.0,25.0,7.5,0.7132216783989737,0.28677832160102634,578.9473684210526
6,3,8,55.0,25.0,7.5,0.7019487658439086,0.29805123415609136,578.9473684210526
7,3,8,65.0,25.0,7.5,0.6915689716777869,0.30843102832221314,578.9473684210526
8,3,8,75.0,25.0,7.5,0.6820098934968005,0.3179901065031995,578.9473684210526
9,3,8,85.0,25.0,7.5,0.6731931316037238,0.32680686839627615,578.9473684210526
10,3,8,95.0,25.0,7.5,0.6650038361628955,0.3349961638371045,578.9473684210526
11,3,8,105.0,25.0,7.5,0.6573575714006911,0.34264242859930893,578.9473684210526
12,3,8,115.0,25.0,7.5,0.6501765744328528,0.3498234255671472,578.9473684210526
13,3,8,125.0,25.0,7.5,0.6434109301365688,0.3565890698634312,578.9473684210526
14,3,8,135.0,25.0,7.5,0.6370102919942298,0.36298970800577024,578.9473684210526
15,3,8,145.0,25.0,7.5,0.630939333435496,0.369060666564504,578.9473684210526
16,3,8,155.0,25.0,7.5,0.6251581399594135,0.3748418600405865,578.9473684210526
17,3,8,165.0,25.0,7.5,0.6196327235548549,0.3803672764451451,578.9473684210526
18,3,8,175.0,25.0,7.5,0.6143349984061565,0.38566500159384354,578.9473684210526
19,3,8,185.0,25.0,7.5,0.609244270614793,0.390755729385207,578.9473684210526
20,3,8,195.0,25.0,7.5,0.6043454788291204,0.3956545211708796,578.9473684210526
21,3,8,205.0,25.0,7.5,0.5996278542934296,0.4003721457065704,578.9473684210526
22,3,8,215.0,25.0,7.5,0.5950804295502702,0.4049195704497298,578.9473684210526
23,3,8,225.0,25.0,7.5,0.5906861427044457,0.40931385729555425,578.9473684210526
24,3,8,235.0,25.0,7.5,0.5864187166815337,0.41358128331846633,578.9473684210526
25,3,8,245.0,25.0,7.5,0.5822466278593494,0.41775337214065056,578.9473684210526
26,3,8,255.0,25.0,7.5,0.5781370342356416,0.42186296576435844,578.9473684210526
27,3,8,265.0,25.0,7.5,0.574066164408902,0.425933835591098,578.9473684210526
28,3,8,275.0,25.0,7.5,0.5700218797129407,0.4299781202870593,578.9473684210526
29,3,8,285.0,25.0,7.5,0.5659923293399975,0.43400767066000245,578.9473684210526
30,3,8,295.0,25.0,7.5,0.5619671222361007,0.4380328777638993,578.9473684210526
31,3,8,305.0,25.0,7.5,0.5579413845135733,0.44205861548642666,578.9473684210526
32,3,8,315.0,25.0,7.5,0.5539073948621175,0.4460926051378825,578.9473684210526
33,3,8,325.0,25.0,7.5,0.5498476381817361,0.4501523618182639,578.9473684210526
34,3,8,335.0,25.0,7.5,0.5457396438392047,0.4542603561607953,578.9473684210526
35,3,8,345.0,25.0,7.5,0.5415613940893513,0.45843860591064867,578.9473684210526
36,3,8,355.0,25.0,7.5,0.5372926166669402,0.46270738333305983,578.9473684210526
37,3,8,365.0,25.0,7.5,0.532901703918786,0.467098296081214,578.9473684210526
38,3,8,375.0,25.0,7.5,0.5283368262390737,0.47166317376092626,578.9473684210526
39,3,8,385.0,25.0,7.5,0.5235357917021567,0.4764642082978433,578.9473684210526
40,3,8,395.0,25.0,7.5,0.5184272939965641,0.48157270600343594,578.9473684210526
41,3,8,405.0,25.0,7.5,0.5129039573963219,0.4870960426036781,578.9473684210526
42,3,8,415.0,25.0,7.5,0.506787523728577,0.49321247627142295,578.9473684210526
43,3,8,425.0,25.0,7.5,0.49981511822864977,0.5001848817713502,578.9473684210526
44,3,8,435.0,25.0,7.5,0.49151278403076254,0.5084872159692375,578.9473684210526
45,3,8,445.0,25.0,7.5,0.48089973588101903,0.519100264118981,578.9473684210526
46,3,8,455.0,25.0,7.5,0.4657344959817096,0.5342655040182904,578.9473684210526
47,3,8,465.0,25.0,7.5,0.44088532608474357,0.5591146739152564,578.9473684210526
48,3,8,475.0,25.0,7.5,0.3967211671200877,0.6032788328799124,578.9473684210526
49,3,8,485.0,25.0,7.5,0.32553215526863866,0.6744678447313613,578.9473684210526
50,3,8,495.0,25.0,7.5,0.23590403972255053,0.7640959602774495,578.9473684210526
1,4,8,5.0,35.0,7.5,0.7815065329013244,0.21849346709867556,578.9473684210526
2,4,8,15.0,35.0,7.5,0.7698532208372704,0.23014677916272963,578.9473684210526
3,4,8,25.0,35.0,7.5,0.756249135680052,0.24375086431994797,578.9473684210526
4,4,8,35.0,35.0,7.5,0.7424034404268904,0.25759655957310956,578.9473684210526
5,4,8,45.0,35.0,7.5,0.7292474443545229,0.27075255564547707,578.9473684210526
6,4,8,55.0,35.0,7.5,0.7172235952564148,0.28277640474358523,578.9473684210526
7,4,8,65.0,35.0,7.5,0.7062519489400206,0.29374805105997936,578.9473684210526
8,4,8,75.0,35.0,7.5,0.69619556808697,0.30380443191302997,578.9473684210526
9,4,8,85.0,35.0,7.5,0.6869039667870339,0.3130960332129661,578.9473684210526
10,4,8,95.0,35.0,7.5,0.6782826438362206,0.3217173561637794,578.9473684210526
11,4,8,105.0,35.0,7.5,0.6702388541173698,0.32976114588263017,578.9473684210526
12,4,8,115.0,35.0,7.5,0.6626989270722534,0.3373010729277466,578.9473684210526
13,4,8,125.0,35.0,7.5,0.6555843156878035,0.3444156843121965,578.9473684210526
14,4,8,135.0,35.0,7.5,0.6488427077736183,0.3511572922263817,578.9473684210526
15,4,8,145.0,35.0,7.5,0.6424185671042679,0.3575814328957321,578.9473684210526
16,4,8,155.0,35.0,7.5,0.6362825927000838,0.3637174072999162,578.9473684210526
17,4,8,165.0,35.0,7.5,0.630406007696221,0.369593992303779,578.9473684210526
18,4,8,175.0,35.0,7.5,0.6247645051404254,0.37523549485957464,578.9473684210526
19,4,8,185.0,35.0,7.5,0.6193410070193843,0.3806589929806157,578.9473684210526
20,4,8,195.0,35.0,7.5,0.6141211331398885,0.3858788668601115,578.9473684210526
21,4,8,205.0,35.0,7.5,0.6090925879619369,0.3909074120380631,578.9473684210526
22,4,8,215.0,35.0,7.5,0.6042446601541329,0.3957553398458671,578.9473684210526
23,4,8,225.0,35.0,7.5,0.599565744883013,0.40043425511698705,578.9473684210526
24,4,8,235.0,35.0,7.5,0.5950411289368626,0.40495887106313744,578.9473684210526
25,4,8,245.0,35.0,7.5,0.5906516943987014,0.40934830560129865,578.9473684210526
26,4,8,255.0,35.0,7.5,0.5863697604840659,0.41363023951593414,578.9473684210526
27,4,8,265.0,35.0,7.5,0.582158384894619,0.417841615105381,578.9473684210526
28,4,8,275.0,35.0,7.5,0.5779796917185357,0.4220203082814643,578.9473684210526
29,4,8,285.0,35.0,7.5,0.5738158994704455,0.42618410052955447,578.9473684210526
30,4,8,295.0,35.0,7.5,0.5696551234868957,0.43034487651310427,578.9473684210526
31,4,8,305.0,35.0,7.5,0.5654938306785818,0.43450616932141817,578.9473684210526
32,4,8,315.0,35.0,7.5,0.5613290072131576,0.4386709927868424,578.9473684210526
33,4,8,325.0,35.0,7.5,0.5571506892839677,0.4428493107160323,578.9473684210526
34,4,8,335.0,35.0,7.5,0.552939810000546,0.44706018999945396,578.9473684210526
35,4,8,345.0,35.0,7.5,0.5486730453062512,0.45132695469374884,578.9473684210526
36,4,8,355.0,35.0,7.5,0.5443284955745897,0.45567150442541027,578.9473684210526
37,4,8,365.0,35.0,7.5,0.5398834478895755,0.46011655211042446,578.9473684210526
38,4,8,375.0,35.0,7.5,0.5353029503901744,0.4646970496098256,578.9473684210526
39,4,8,385.0,35.0,7.5,0.5305332410471079,0.46946675895289214,578.9473684210526
40,4,8,395.0,35.0,7.5,0.5255075731953031,0.47449242680469694,578.9473684210526
41,4,8,405.0,35.0,7.5,0.5201470308535343,0.4798529691464657,578.9473684210526
42,4,8,415.0,35.0,7.5,0.5143390976428471,0.48566090235715287,578.9473684210526
43,4,8,425.0,35.0,7.5,0.507907271775134,0.49209272822486605,578.9473684210526
44,4,8,435.0,35.0,7.5,0.5006063981669555,0.4993936018330445,578.9473684210526
45,4,8,445.0,35.0,7.5,0.49192528286214315,0.5080747171378568,578.9473684210526
46,4,8,455.0,35.0,7.5,0.48077320585545297,0.519226794144547,578.9473684210526
47,4,8,465.0,35.0,7.5,0.46467296716849005,0.53532703283151,578.9473684210526
48,4,8,475.0,35.0,7.5,0.43734053801897027,0.5626594619810297,578.9473684210526
49,4,8,485.0,35.0,7.5,0.3889322328937439,0.6110677671062561,578.9473684210526
50,4,8,495.0,35.0,7.5,0.31805708627972235,0.6819429137202777,578.9473684210526
1,5,8,5.0,45.0,7.5,0.7945665025176617,0.2054334974823383,578.9473684210526
2,5,8,15.0,45.0,7.5,0.7845730742880471,0.21542692571195288,578.9473684210526
3,5,8,25.0,45.0,7.5,0.771036419330307,0.22896358066969302,578.9473684210526
4,5,8,35.0,45.0,7.5,0.7567217669506515,0.24327823304934848,578.9473684210526
5,5,8,45.0,45.0,7.5,0.7431014192187292,0.2568985807812708,578.9473684210526
6,5,8,55.0,45.0,7.5,0.7304544354085579,0.2695455645914421,578.9473684210526
7,5,8,65.0,45.0,7.5,0.7189063436868515,0.28109365631314853,578.9473684210526
8,5,8,75.0,45.0,7.5,0.7083583550781857,0.2916416449218143,578.9473684210526
9,5,8,85.0,45.0,7.5,0.6986827678262051,0.3013172321737949,578.9473684210526
10,5,8,95.0,45.0,7.5,0.6897457168368966,0.31025428316310344,578.9473684210526
11,5,8,105.0,45.0,7.5,0.6814365448235077,0.3185634551764923,578.9473684210526
12,5,8,115.0,45.0,7.5,0.6736627067299223,0.32633729327007766,578.9473684210526
13,5,8,125.0,45.0,7.5,0.6663427504030071,0.33365724959699294,578.9473684210526
14,5,8,135.0,45.0,7.5,0.659423159368754,0.34057684063124605,578.9473684210526
15,5,8,145.0,45.0,7.5,0.6528462369676677,0.34715376303233225,578.9473684210526
16,5,8,155.0,45.0,7.5,0.6465708035988614,0.35342919640113857,578.9473684210526
17,5,8,165.0,45.0,7.5,0.6405639096106067,0.3594360903893933,578.9473684210526
18,5,8,175.0,45.0,7.5,0.6347938093770688,0.36520619062293125,578.9473684210526
19,5,8,185.0,45.0,7.5,0.6292325850546313,0.3707674149453687,578.9473684210526
20,5,8,195.0,45.0,7.5,0.6238627766611514,0.3761372233388486,578.9473684210526
21,5,8,205.0,45.0,7.5,0.6186733271410662,0.38132667285893385,578.9473684210526
22,5,8,215.0,45.0,7.5,0.6136548802206696,0.3863451197793304,578.9473684210526
23,5,8,225.0,45.0,7.5,0.6087990761275354,0.39120092387246463,578.9473684210526
24,5,8,235.0,45.0,7.5,0.6040963896603345,0.3959036103396655,578.9473684210526
25,5,8,245.0,45.0,7.5,0.5995331163875309,0.40046688361246907,578.9473684210526
26,5,8,255.0,45.0,7.5,0.5950873586182804,0.40491264138171956,578.9473684210526
27,5,8,265.0,45.0,7.5,0.5907272106387222,0.40927278936127776,578.9473684210526
28,5,8,275.0,45.0,7.5,0.5864099946301374,0.41359000536986257,578.9473684210526
29,5,8,285.0,45.0,7.5,0.5821068765883388,0.4178931234116612,578.9473684210526
30,5,8,295.0,45.0,7.5,0.577803332685684,0.42219666731431604,578.9473684210526
31,5,8,305.0,45.0,7.5,0.5734917235809278,0.4265082764190722,578.9473684210526
32,5,8,315.0,45.0,7.5,0.5691698151734533,0.43083018482654667,578.9473684210526
33,5,8,325.0,45.0,7.5,0.5648341385118739,0.4351658614881261,578.9473684210526
34,5,8,335.0,45.0,7.5,0.5604732837939809,0.43952671620601913,578.9473684210526
35,5,8,345.0,45.0,7.5,0.5560606286477258,0.44393937135227424,578.9473684210526
36,5,8,355.0,45.0,7.5,0.5515679368960765,0.4484320631039235,578.9473684210526
37,5,8,365.0,45.0,7.5,0.5469670065686941,0.4530329934313059,578.9473684210526
38,5,8,375.0,45.0,7.5,0.5422280759253978,0.4577719240746022,578.9473684210526
39,5,8,385.0,45.0,7.5,0.5373052613990398,0.4626947386009602,578.9473684210526
40,5,8,395.0,45.0,7.5,0.5321276661477774,0.4678723338522226,578.9473684210526
41,5,8,405.0,45.0,7.5,0.5266052673260483,0.4733947326739517,578.9473684210526
42,5,8,415.0,45.0,7.5,0.5206296150015863,0.47937038499841367,578.9473684210526
43,5,8,425.0,45.0,7.5,0.5140412055119717,0.48595879448802826,578.9473684210526
44,5,8,435.0,45.0,7.5,0.5065907403782997,0.49340925962170035,578.9473684210526
45,5,8,445.0,45.0,7.5,0.4979242296776208,0.5020757703223793,578.9473684210526
46,5,8,455.0,45.0,7.5,0.4874814745167337,0.5125185254832663,578.9473684210526
47,5,8,465.0,45.0,7.5,0.4736618240125041,0.5263381759874959,578.9473684210526
48,5,8,475.0,45.0,7.5,0.45206160250578264,0.5479383974942174,578.9473684210526
49,5,8,485.0,45.0,7.5,0.4125112805052146,0.5874887194947854,578.9473684210526
50,5,8,495.0,45.0,7.5,0.3495559306478433,0.6504440693521567,578.9473684210526
1,6,8,5.0,55.0,7.5,0.782345222908976,0.217654777091024,578.9473684210526
2,6,8,15.0,55.0,7.5,0.7713203429231563,0.22867965707684368,578.9473684210526
3,6,8,25.0,55.0,7.5,0.7584261631551653,0.2415738368448347,578.9473684210526
4,6,8,35.0,55.0,7.5,0.745179588947339,0.25482041105266096,578.9473684210526
5,6,8,45.0,55.0,7.5,0.7324971163569292,0.26750288364307084,578.9473684210526
6,6,8,55.0,55.0,7.5,0.7206908572177178,0.27930914278228225,578.9473684210526
7,6,8,65.0,55.0,7.5,0.7098160102404297,0.29018398975957027,578.9473684210526
8,6,8,75.0,55.0,7.5,0.6997941908316596,0.3002058091683404,578.9473684210526
9,6,8,85.0,55.0,7.5,0.6905261994909537,0.30947380050904627,578.9473684210526
10,6,8,95.0,55.0,7.5,0.6819125100951852,0.31808748990481484,578.9473684210526
11,6,8,105.0,55.0,7.5,0.6738601107145801,0.3261398892854199,578.9473684210526
12,6,8,115.0,55.0,7.5,0.6662908667762584,0.3337091332237416,578.9473684210526
13,6,8,125.0,55.0,7.5,0.6591469993162807,0.34085300068371926,578.9473684210526
14,6,8,135.0,55.0,7.5,0.6523675590313341,0.34763244096866586,578.9473684210526
15,6,8,145.0,55.0,7.5,0.6459114454470731,0.35408855455292687,578.9473684210526
16,6,8,155.0,55.0,7.5,0.6397435924660821,0.36025640753391786,578.9473684210526
17,6,8,165.0,55.0,7.5,0.6338302722356169,0.36616972776438306,578.9473684210526
18,6,8,175.0,55.0,7.5,0.6281465399618796,0.37185346003812036,578.9473684210526
19,6,8,185.0,55.0,7.5,0.6226745572544927,0.3773254427455073,578.9473684210526
20,6,8,195.0,55.0,7.5,0.6173984800073974,0.3826015199926026,578.9473684210526
21,6,8,205.0,55.0,7.5,0.6123059661063991,0.3876940338936009,578.9473684210526
22,6,8,215.0,55.0,7.5,0.6073873336706931,0.3926126663293069,578.9473684210526
23,6,8,225.0,55.0,7.5,0.6026343215044281,0.3973656784955719,578.9473684210526
24,6,8,235.0,55.0,7.5,0.5980374540748281,0.4019625459251719,578.9473684210526
25,6,8,245.0,55.0,7.5,0.5935808861289413,0.40641911387105867,578.9473684210526
26,6,8,255.0,55.0,7.5,0.5892386858796536,0.41076131412034644,578.9473684210526
27,6,8,265.0,55.0,7.5,0.5849723739795174,0.4150276260204826,578.9473684210526
28,6,8,275.0,55.0,7.5,0.5807386065738182,0.41926139342618185,578.9473684210526
29,6,8,285.0,55.0,7.5,0.5765143400434926,0.42348565995650744,578.9473684210526
30,6,8,295.0,55.0,7.5,0.5722865946098555,0.42771340539014446,578.9473684210526
31,6,8,305.0,55.0,7.5,0.5680499686692717,0.4319500313307283,578.9473684210526
32,6,8,315.0,55.0,7.5,0.5638024835544965,0.43619751644550353,578.9473684210526
33,6,8,325.0,55.0,7.5,0.5595374395865795,0.44046256041342047,578.9473684210526
34,6,8,335.0,55.0,7.5,0.555237650254049,0.44476234974595097,578.9473684210526
35,6,8,345.0,55.0,7.5,0.5508791752089794,0.44912082479102056,578.9473684210526
36,6,8,355.0,55.0,7.5,0.5464337648769291,0.4535662351230709,578.9473684210526
37,6,8,365.0,55.0,7.5,0.5418741870741437,0.4581258129258563,578.9473684210526
38,6,8,375.0,55.0,7.5,0.5371594011611222,0.46284059883887785,578.9473684210526
39,6,8,385.0,55.0,7.5,0.5322309111555188,0.4677690888444812,578.9473684210526
40,6,8,395.0,55.0,7.5,0.5270053346396,0.4729946653604,578.9473684210526
41,6,8,405.0,55.0,7.5,0.5213776629891392,0.47862233701086077,578.9473684210526
42,6,8,415.0,55.0,7.5,0.5152004105503082,0.4847995894496918,578.9473684210526
43,6,8,425.0,55.0,7.5,0.5082269003752428,0.49177309962475724,578.9473684210526
44,6,8,435.0,55.0,7.5,0.5000392972435379,0.4999607027564621,578.9473684210526
45,6,8,445.0,55.0,7.5,0.48989099347251536,0.5101090065274847,578.9473684210526
46,6,8,455.0,55.0,7.5,0.47618631578085246,0.5238136842191475,578.9473684210526
47,6,8,465.0,55.0,7.5,0.45533985376167946,0.5446601462383205,578.9473684210526
48,6,8,475.0,55.0,7.5,0.42056273270236905,0.5794372672976309,578.9473684210526
49,6,8,485.0,55.0,7.5,0.36547379485057113,0.6345262051494289,578.9473684210526
50,6,8,495.0,55.0,7.5,0.29674610448702105,0.703253895512979,578.9473684210526
1,7,8,5.0,65.0,7.5,0.7651566367128377,0.23484336328716227,578.9473684210526
2,7,8,15.0,65.0,7.5,0.7545421172740079,0.24545788272599212,578.9473684210526
3,7,8,25.0,65.0,7.5,0.7425197721992285,0.2574802278007715,578.9473684210526
4,7,8,35.0,65.0,7.5,0.7303050394376261,0.26969496056237385,578.9473684210526
5,7,8,45.0,65.0,7.5,0.7185588481374504,0.2814411518625496,578.9473684210526
6,7,8,55.0,65.0,7.5,0.7075438458319028,0.2924561541680972,578.9473684210526
7,7,8,65.0,65.0,7.5,0.6973242501152094,0.3026757498847906,578.9473684210526
8,7,8,75.0,65.0,7.5,0.6878575620321917,0.3121424379678083,578.9473684210526
9,7,8,85.0,65.0,7.5,0.6790675513499931,0.3209324486500069,578.9473684210526
10,7,8,95.0,65.0,7.5,0.6708727728876636,0.32912722711233644,578.9473684210526
11,7,8,105.0,65.0,7.5,0.6632030565740197,0.3367969434259803,578.9473684210526
12,7,8,115.0,65.0,7.5,0.6559834744884827,0.3440165255115173,578.9473684210526
13,7,8,125.0,65.0,7.5,0.6491665545606428,0.35083344543935724,578.9473684210526
14,7,8,135.0,65.0,7.5,0.6426956430393781,0.3573043569606219,578.9473684210526
15,7,8,145.0,65.0,7.5,0.6365331666707236,0.36346683332927643,578.9473684210526
16,7,8,155.0,65.0,7.5,0.6306460906196434,0.3693539093803566,578.9473684210526
17,7,8,165.0,65.0,7.5,0.6250055386436636,0.3749944613563364,578.9473684210526
18,7,8,175.0,65.0,7.5,0.6195890522153272,0.38041094778467277,578.9473684210526
19,7,8,185.0,65.0,7.5,0.6143786384806965,0.3856213615193035,578.9473684210526
20,7,8,195.0,65.0,7.5,0.6093609731784877,0.3906390268215123,578.9473684210526
21,7,8,205.0,65.0,7.5,0.6045230579616758,0.3954769420383242,578.9473684210526
22,7,8,215.0,65.0,7.5,0.5998523310371559,0.40014766896284415,578.9473684210526
23,7,8,225.0,65.0,7.5,0.5953363168481809,0.4046636831518191,578.9473684210526
24,7,8,235.0,65.0,7.5,0.5909589209920812,0.40904107900791875,578.9473684210526
25,7,8,245.0,65.0,7.5,0.586696895881363,0.413303104118637,578.9473684210526
26,7,8,255.0,65.0,7.5,0.5825156004868334,0.4174843995131666,578.9473684210526
27,7,8,265.0,65.0,7.5,0.5783737854608476,0.4216262145391524,578.9473684210526
28,7,8,275.0,65.0,7.5,0.574250376085862,0.42574962391413795,578.9473684210526
29,7,8,285.0,65.0,7.5,0.5701332077794112,0.42986679222058877,578.9473684210526
30,7,8,295.0,65.0,7.5,0.5660178096776431,0.43398219032235685,578.9473684210526
31,7,8,305.0,65.0,7.5,0.5618989952664889,0.4381010047335111,578.9473684210526
32,7,8,315.0,65.0,7.5,0.5577671992456931,0.44223280075430693,578.9473684210526
33,7,8,325.0,65.0,7.5,0.5536054998415852,0.44639450015841475,578.9473684210526
34,7,8,335.0,65.0,7.5,0.5493920372622303,0.4506079627377697,578.9473684210526
35,7,8,345.0,65.0,7.5,0.5451040829526438,0.4548959170473562,578.9473684210526
36,7,8,355.0,65.0,7.5,0.5407159993180515,0.4592840006819485,578.9473684210526
37,7,8,365.0,65.0,7.5,0.5361909488694507,0.46380905113054927,578.9473684210526
38,7,8,375.0,65.0,7.5,0.5314835082687024,0.4685164917312976,578.9473684210526
39,7,8,385.0,65.0,7.5,0.5265126032856139,0.4734873967143861,578.9473684210526
40,7,8,395.0,65.0,7.5,0.5211825544016853,0.47881744559831474,578.9473684210526
41,7,8,405.0,65.0,7.5,0.5153491409166748,0.48465085908332517,578.9473684210526
42,7,8,415.0,65.0,7.5,0.5087828147776741,0.49121718522232594,578.9473684210526
43,7,8,425.0,65.0,7.5,0.5010990249262287,0.4989009750737713,578.9473684210526
44,7,8,435.0,65.0,7.5,0.49159083930626635,0.5084091606937337,578.9473684210526
45,7,8,445.0,65.0,7.5,0.47879409289448366,0.5212059071055164,578.9473684210526
46,7,8,455.0,65.0,7.5,0.4595222307965131,0.5404777692034869,578.9473684210526
47,7,8,465.0,65.0,7.5,0.4274316719812174,0.5725683280187825,578.9473684210526
48,7,8,475.0,65.0,7.5,0.3735774656893885,0.6264225343106116,578.9473684210526
49,7,8,485.0,65.0,7.5,0.2968161106481825,0.7031838893518175,578.9473684210526
50,7,8,495.0,65.0,7.5,0.218795798742362,0.781204201257638,578.9473684210526
1,8,8,5.0,75.0,7.5,0.7414954328532328,0.2585045671467672,578.9473684210526
2,8,8,15.0,75.0,7.5,0.7320888533957438,0.2679111466042562,578.9473684210526
3,8,8,25.0,75.0,7.5,0.7213727245558453,0.27862727544415467,578.9473684210526
4,8,8,35.0,75.0,7.5,0.7104198245149624,0.28958017548503756,578.9473684210526
5,8,8,45.0,75.0,7.5,0.6997924623543009,0.3002075376456991,578.9473684210526
6,8,8,55.0,75.0,7.5,0.6897387998687069,0.3102612001312931,578.9473684210526
7,8,8,65.0,75.0,7.5,0.6803340555053644,0.3196659444946356,578.9473684210526
8,8,8,75.0,75.0,7.5,0.6715682574100256,0.32843174258997443,578.9473684210526
9,8,8,85.0,75.0,7.5,0.6633930138723647,0.3366069861276353,578.9473684210526
10,8,8,95.0,75.0,7.5,0.6557468910053768,0.34425310899462325,578.9473684210526
11,8,8,105.0,75.0,7.5,0.6485791256964414,0.3514208743035586,578.9473684210526
12,8,8,115.0,75.0,7.5,0.6418275887075625,0.3581724112924375,578.9473684210526
13,8,8,125.0,75.0,7.5,0.6354504682929693,0.36454953170703075,578.9473684210526
14,8,8,135.0,75.0,7.5,0.6294048029725782,0.37059519702742183,578.9473684210526
15,8,8,145.0,75.0,7.5,0.6236499672420188,0.3763500327579812,578.9473684210526
16,8,8,155.0,75.0,7.5,0.6181559786749844,0.3818440213250156,578.9473684210526
17,8,8,165.0,75.0,7.5,0.6128975695812087,0.38710243041879133,578.9473684210526
18,8,8,175.0,75.0,7.5,0.6078551779664324,0.3921448220335676,578.9473684210526
19,8,8,185.0,75.0,7.5,0.6030141459083618,0.3969858540916382,578.9473684210526
20,8,8,195.0,75.0,7.5,0.5983602762945114,0.4016397237054886,578.9473684210526
21,8,8,205.0,75.0,7.5,0.5938755053989353,0.4061244946010647,578.9473684210526
22,8,8,215.0,75.0,7.5,0.5895371502952285,0.41046284970477154,578.9473684210526
23,8,8,225.0,75.0,7.5,0.5853209858956001,0.4146790141043999,578.9473684210526
24,8,8,235.0,75.0,7.5,0.5812026993623218,0.41879730063767817,578.9473684210526
25,8,8,245.0,75.0,7.5,0.5771533817664708,0.4228466182335292,578.9473684210526
26,8,8,255.0,75.0,7.5,0.5731459991867087,0.4268540008132913,578.9473684210526
27,8,8,265.0,75.0,7.5,0.5691651642629927,0.4308348357370073,578.9473684210526
28,8,8,275.0,75.0,7.5,0.5651978547603238,0.4348021452396762,578.9473684210526
29,8,8,285.0,75.0,7.5,0.5612393373762268,0.4387606626237732,578.9473684210526
30,8,8,295.0,75.0,7.5,0.5572845576242057,0.4427154423757943,578.9473684210526
31,8,8,305.0,75.0,7.5,0.5533222204913457,0.4466777795086543,578.9473684210526
32,8,8,315.0,75.0,7.5,0.5493310756651277,0.45066892433487227,578.9473684210526
33,8,8,325.0,75.0,7.5,0.5452894353141794,0.4547105646858206,578.9473684210526
34,8,8,335.0,75.0,7.5,0.5411805426350961,0.4588194573649039,578.9473684210526
35,8,8,345.0,75.0,7.5,0.5369821401894023,0.46301785981059773,578.9473684210526
36,8,8,355.0,75.0,7.5,0.5326536501186764,0.4673463498813236,578.9473684210526
37,8,8,365.0,75.0,7.5,0.5281361430818277,0.47186385691817234,578.9473684210526
38,8,8,375.0,75.0,7.5,0.5233666801309654,0.47663331986903457,578.9473684210526
39,8,8,385.0,75.0,7.5,0.5182808407266405,0.4817191592733595,578.9473684210526
40,8,8,395.0,75.0,7.5,0.5127314839386142,0.48726851606138577,578.9473684210526
41,8,8,405.0,75.0,7.5,0.5064821758679714,0.4935178241320286,578.9473684210526
42,8,8,415.0,75.0,7.5,0.49918719483089724,0.5008128051691028,578.9473684210526
43,8,8,425.0,75.0,7.5,0.4902450955681245,0.5097549044318754,578.9473684210526
44,8,8,435.0,75.0,7.5,0.47837506308001876,0.5216249369199812,578.9473684210526
45,8,8,445.0,75.0,7.5,0.46085488635047567,0.5391451136495243,578.9473684210526
46,8,8,455.0,75.0,7.5,0.4320634767885468,0.5679365232114533,578.9473684210526
47,8,8,465.0,75.0,7.5,0.38240341438600245,0.6175965856139976,578.9473684210526
48,8,8,475.0,75.0,7.5,0.3031882326023459,0.6968117673976542,578.9473684210526
49,8,8,485.0,75.0,7.5,0.21985939631602264,0.7801406036839773,578.9473684210526
50,8,8,495.0,75.0,7.5,0.20030474055310815,0.7996952594468918,578.9473684210526
1,9,8,5.0,85.0,7.5,0.7084065343735452,0.29159346562645483,578.9473684210526
2,9,8,15.0,85.0,7.5,0.7006505665607365,0.29934943343926346,578.9473684210526
3,9,8,25.0,85.0,7.5,0.6915911384764838,0.3084088615235162,578.9473684210526
4,9,8,35.0,85.0,7.5,0.6821565222139999,0.3178434777860001,578.9473684210526
5,9,8,45.0,85.0,7.5,0.672857440599601,0.32714255940039905,578.9473684210526
6,9,8,55.0,85.0,7.5,0.6639418390321652,0.3360581609678348,578.9473684210526
7,9,8,65.0,85.0,7.5,0.6555080460873863,0.34449195391261367,578.9473684210526
8,9,8,75.0,85.0,7.5,0.6475808158910343,0.35241918410896567,578.9473684210526
9,9,8,85.0,85.0,7.5,0.6401377059407831,0.3598622940592169,578.9473684210526
10,9,8,95.0,85.0,7.5,0.6331533426749802,0.36684665732501975,578.9473684210526
11,9,8,105.0,85.0,7.5,0.6265852965955071,0.3734147034044929,578.9473684210526
12,9,8,115.0,85.0,7.5,0.6204026138976818,0.3795973861023182,578.9473684210526
13,9,8,125.0,85.0,7.5,0.6145688869375853,0.38543111306241473,578.9473684210526
14,9,8,135.0,85.0,7.5,0.6090476239566968,0.39095237604330324,578.9473684210526
15,9,8,145.0,85.0,7.5,0.6038050217037482,0.39619497829625183,578.9473684210526
16,9,8,155.0,85.0,7.5,0.5988085488502273,0.4011914511497727,578.9473684210526
17,9,8,165.0,85.0,7.5,0.5940303181262576,0.4059696818737424,578.9473684210526
18,9,8,175.0,85.0,7.5,0.589451631194261,0.410548368805739,578.9473684210526
19,9,8,185.0,85.0,7.5,0.5850613234645816,0.4149386765354184,578.9473684210526
20,9,8,195.0,85.0,7.5,0.5808465988104862,0.41915340118951383,578.9473684210526
21,9,8,205.0,85.0,7.5,0.576779016859722,0.423220983140278,578.9473684210526
22,9,8,215.0,85.0,7.5,0.5728163326863395,0.42718366731366053,578.9473684210526
23,9,8,225.0,85.0,7.5,0.5689218308834874,0.43107816911651264,578.9473684210526
24,9,8,235.0,85.0,7.5,0.5650852810177779,0.4349147189822221,578.9473684210526
25,9,8,245.0,85.0,7.5,0.5613014586700806,0.43869854132991937,578.9473684210526
26,9,8,255.0,85.0,7.5,0.5575593810520931,0.44244061894790687,578.9473684210526
27,9,8,265.0,85.0,7.5,0.5538424173995233,0.44615758260047667,578.9473684210526
28,9,8,275.0,85.0,7.5,0.5501338998525748,0.44986610014742523,578.9473684210526
29,9,8,285.0,85.0,7.5,0.5464255233884842,0.45357447661151584,578.9473684210526
30,9,8,295.0,85.0,7.5,0.5427110270384148,0.4572889729615852,578.9473684210526
31,9,8,305.0,85.0,7.5,0.5389781436111717,0.4610218563888283,578.9473684210526
32,9,8,315.0,85.0,7.5,0.5352000453462525,0.46479995465374746,578.9473684210526
33,9,8,325.0,85.0,7.5,0.5313450894217692,0.46865491057823083,578.9473684210526
34,9,8,335.0,85.0,7.5,0.527384548317701,0.472615451682299,578.9473684210526
35,9,8,345.0,85.0,7.5,0.5232908558260436,0.4767091441739564,578.9473684210526
36,9,8,355.0,85.0,7.5,0.5190134437781356,0.48098655622186437,578.9473684210526
37,9,8,365.0,85.0,7.5,0.5144667150819997,0.4855332849180003,578.9473684210526
38,9,8,375.0,85.0,7.5,0.5095425523426841,0.4904574476573159,578.9473684210526
39,9,8,385.0,85.0,7.5,0.5041125608140468,0.49588743918595324,578.9473684210526
40,9,8,395.0,85.0,7.5,0.4979857183801346,0.5020142816198654,578.9473684210526
41,9,8,405.0,85.0,7.5,0.490783666221749,0.5092163337782509,578.9473684210526
42,9,8,415.0,85.0,7.5,0.48184385037641597,0.518156149623584,578.9473684210526
43,9,8,425.0,85.0,7.5,0.47002457905549827,0.5299754209445018,578.9473684210526
44,9,8,435.0,85.0,7.5,0.4527390474664314,0.5472609525335685,578.9473684210526
45,9,8,445.0,85.0,7.5,0.4246467661459547,0.5753532338540452,578.9473684210526
46,9,8,455.0,85.0,7.5,0.37480032859984747,0.6251996714001525,578.9473684210526
47,9,8,465.0,85.0,7.5,0.2904097793249486,0.7095902206750514,578.9473684210526
48,9,8,475.0,85.0,7.5,0.21356411793537755,0.7864358820646224,578.9473684210526
49,9,8,485.0,85.0,7.5,0.20018514818483002,0.79981485181517,578.9473684210526
50,9,8,495.0,85.0,7.5,0.2000329041605694,0.7999670958394306,578.9473684210526
1,10,8,5.0,95.0,7.5,0.6528021128852843,0.34719788711471566,578.9473684210526
2,10,8,15.0,95.0,7.5,0.646913267193247,0.35308673280675296,578.9473684210526
3,10,8,25.0,95.0,7.5,0.6397667389030822,0.3602332610969178,578.9473684210526
4,10,8,35.0,95.0,7.5,0.6320899586261814,0.36791004137381855,578.9473684210526
5,10,8,45.0,95.0,7.5,0.6243216889322522,0.37567831106774785,578.9473684210526
6,10,8,55.0,95.0,7.5,0.6167036932629892,0.38329630673701076,578.9473684210526
7,10,8,65.0,95.0,7.5,0.6093588916569385,0.39064110834306154,578.9473684210526
8,10,8,75.0,95.0,7.5,0.6023391183912118,0.3976608816087882,578.9473684210526
9,10,8,85.0,95.0,7.5,0.5956615103102167,0.40433848968978325,578.9473684210526
10,10,8,95.0,95.0,7.5,0.5893278725551293,0.4106721274448707,578.9473684210526
11,10,8,105.0,95.0,7.5,0.5833283146688444,0.4166716853311556,578.9473684210526
12,10,8,115.0,95.0,7.5,0.5776546633093504,0.42234533669064955,578.9473684210526
13,10,8,125.0,95.0,7.5,0.5722948410684996,0.4277051589315004,578.9473684210526
14,10,8,135.0,95.0,7.5,0.5672291451270624,0.43277085487293765,578.9473684210526
15,10,8,145.0,95.0,7.5,0.5624269467791709,0.43757305322082907,578.9473684210526
16,10,8,155.0,95.0,7.5,0.5578481708245804,0.4421518291754196,578.9473684210526
17,10,8,165.0,95.0,7.5,0.553452251254145,0.446547748745855,578.9473684210526
18,10,8,175.0,95.0,7.5,0.549212054807615,0.45078794519238496,578.9473684210526
19,10,8,185.0,95.0,7.5,0.5451207989189671,0.45487920108103286,578.9473684210526
20,10,8,195.0,95.0,7.5,0.5411749031068057,0.4588250968931943,578.9473684210526
21,10,8,205.0,95.0,7.5,0.5373486465065714,0.46265135349342856,578.9473684210526
22,10,8,215.0,95.0,7.5,0.5336141711643357,0.46638582883566426,578.9473684210526
23,10,8,225.0,95.0,7.5,0.5299422692662972,0.4700577307337028,578.9473684210526
24,10,8,235.0,95.0,7.5,0.5263256037510474,0.4736743962489526,578.9473684210526
25,10,8,245.0,95.0,7.5,0.5227625095235829,0.47723749047641706,578.9473684210526
26,10,8,255.0,95.0,7.5,0.5192375722530519,0.4807624277469481,578.9473684210526
27,10,8,265.0,95.0,7.5,0.5157230979084336,0.4842769020915664,578.9473684210526
28,10,8,275.0,95.0,7.5,0.5122042390845182,0.4877957609154818,578.9473684210526
29,10,8,285.0,95.0,7.5,0.5086833910288449,0.49131660897115514,578.9473684210526
30,10,8,295.0,95.0,7.5,0.5051516025692423,0.4948483974307577,578.9473684210526
31,10,8,305.0,95.0,7.5,0.501563279547291,0.49843672045270904,578.9473684210526
32,10,8,315.0,95.0,7.5,0.49785917849399763,0.5021408215060024,578.9473684210526
33,10,8,325.0,95.0,7.5,0.4940066558597639,0.5059933441402361,578.9473684210526
34,10,8,335.0,95.0,7.5,0.4899756283738929,0.510024371626107,578.9473684210526
35,10,8,345.0,95.0,7.5,0.4856714664485837,0.5143285335514163,578.9473684210526
36,10,8,355.0,95.0,7.5,0.4809166788438717,0.5190833211561283,578.9473684210526
37,10,8,365.0,95.0,7.5,0.47551167591700005,0.524488324083,578.9473684210526
38,10,8,375.0,95.0,7.5,0.4692350002858964,0.5307649997141036,578.9473684210526
39,10,8,385.0,95.0,7.5,0.4616519819765541,0.5383480180234459,578.9473684210526
40,10,8,395.0,95.0,7.5,0.4518592892985426,0.5481407107014574,578.9473684210526
41,10,8,405.0,95.0,7.5,0.43834154113153917,0.5616584588684608,578.9473684210526
42,10,8,415.0,95.0,7.5,0.4184337272171061,0.5815662727828939,578.9473684210526
43,10,8,425.0,95.0,7.5,0.3858769216342574,0.6141230783657425,578.9473684210526
44,10,8,435.0,95.0,7.5,0.3286143257066334,0.6713856742933666,578.9473684210526
45,10,8,445.0,95.0,7.5,0.24945643575889492,0.7505435642411051,578.9473684210526
46,10,8,455.0,95.0,7.5,0.20426466111390285,0.7957353388860972,578.9473684210526
47,10,8,465.0,95.0,7.5,0.20005736745738423,0.7999426325426158,578.9473684210526
48,10,8,475.0,95.0,7.5,0.20003204981063302,0.799967950189367,578.9473684210526
49,10,8,485.0,95.0,7.5,0.20003224539739353,0.7999677546026065,578.9473684210526
50,10,8,495.0,95.0,7.5,0.20003245212087542,0.7999675478791246,578.9473684210526
1,1,9,5.0,5.0,8.5,0.6887039346057596,0.3112960653942404,614.0350877192982
2,1,9,15.0,5.0,8.5,0.6810909313136563,0.3189090686863437,614.0350877192982
3,1,9,25.0,5.0,8.5,0.6723214165624417,0.3276785834375583,614.0350877192982
4,1,9,35.0,5.0,8.5,0.6632774711251596,0.33672252887484044,614.0350877192982
5,1,9,45.0,5.0,8.5,0.6544093318914772,0.3455906681085228,614.0350877192982
6,1,9,55.0,5.0,8.5,0.6459225836477765,0.35407741635222345,614.0350877192982
7,1,9,65.0,5.0,8.5,0.6378932033957632,0.36210679660423684,614.0350877192982
8,1,9,75.0,5.0,8.5,0.6303255916138915,0.36967440838610854,614.0350877192982
9,1,9,85.0,5.0,8.5,0.623205091460337,0.376794908539663,614.0350877192982
10,1,9,95.0,5.0,8.5,0.6164936866283764,0.38350631337162355,614.0350877192982
11,1,9,105.0,5.0,8.5,0.6101632730094473,0.3898367269905527,614.0350877192982
12,1,9,115.0,5.0,8.5,0.6041824582387441,0.39581754176125594,614.0350877192982
13,1,9,125.0,5.0,8.5,0.5985238189071003,0.40147618109289973,614.0350877192982
14,1,9,135.0,5.0,8.5,0.5931676087458071,0.4068323912541929,614.0350877192982
15,1,9,145.0,5.0,8.5,0.588093805595247,0.41190619440475296,614.0350877192982
16,1,9,155.0,5.0,8.5,0.5832800901728252,0.4167199098271748,614.0350877192982
17,1,9,165.0,5.0,8.5,0.5786985351936975,0.4213014648063025,614.0350877192982
18,1,9,175.0,5.0,8.5,0.5743159578095782,0.4256840421904218,614.0350877192982
19,1,9,185.0,5.0,8.5,0.5700990931607544,0.42990090683924564,614.0350877192982
20,1,9,195.0,5.0,8.5,0.5660237794189252,0.43397622058107477,614.0350877192982
21,1,9,205.0,5.0,8.5,0.5620769426492933,0.4379230573507067,614.0350877192982
22,1,9,215.0,5.0,8.5,0.5582507885758056,0.44174921142419443,614.0350877192982
23,1,9,225.0,5.0,8.5,0.5545234627996991,0.4454765372003009,614.0350877192982
24,1,9,235.0,5.0,8.5,0.5508692917676944,0.4491307082323056,614.0350877192982
25,1,9,245.0,5.0,8.5,0.5472676383640331,0.45273236163596686,614.0350877192982
26,1,9,255.0,5.0,8.5,0.5437088796331945,0.4562911203668055,614.0350877192982
27,1,9,265.0,5.0,8.5,0.5401944098430866,0.45980559015691336,614.0350877192982
28,1,9,275.0,5.0,8.5,0.5367214845457348,0.46327851545426524,614.0350877192982
29,1,9,285.0,5.0,8.5,0.5332721992489052,0.46672780075109477,614.0350877192982
30,1,9,295.0,5.0,8.5,0.5298292919869781,0.47017070801302185,614.0350877192982
31,1,9,305.0,5.0,8.5,0.526388306314942,0.47361169368505796,614.0350877192982
32,1,9,315.0,5.0,8.5,0.5229441129923497,0.47705588700765034,614.0350877192982
33,1,9,325.0,5.0,8.5,0.5194747388458776,0.4805252611541224,614.0350877192982
34,1,9,335.0,5.0,8.5,0.5159417736992051,0.48405822630079487,614.0350877192982
35,1,9,345.0,5.0,8.5,0.5123107685243559,0.48768923147564414,614.0350877192982
36,1,9,355.0,5.0,8.5,0.5085571062465505,0.4914428937534495,614.0350877192982
37,1,9,365.0,5.0,8.5,0.5046379024613759,0.49536209753862415,614.0350877192982
38,1,9,375.0,5.0,8.5,0.5004634858543001,0.4995365141456999,614.0350877192982
39,1,9,385.0,5.0,8.5,0.4959090043178856,0.5040909956821145,614.0350877192982
40,1,9,395.0,5.0,8.5,0.49083427511215283,0.5091657248878472,614.0350877192982
41,1,9,405.0,5.0,8.5,0.4850256093425335,0.5149743906574664,614.0350877192982
42,1,9,415.0,5.0,8.5,0.478071322303465,0.5219286776965351,614.0350877192982
43,1,9,425.0,5.0,8.5,0.46924925517274435,0.5307507448272557,614.0350877192982
44,1,9,435.0,5.0,8.5,0.4573592136934,0.5426407863066001,614.0350877192982
45,1,9,445.0,5.0,8.5,0.4398850884230608,0.5601149115769393,614.0350877192982
46,1,9,455.0,5.0,8.5,0.410457999502931,0.5895420004970691,614.0350877192982
47,1,9,465.0,5.0,8.5,0.35450197912867387,0.6454980208713261,614.0350877192982
48,1,9,475.0,5.0,8.5,0.2607585400598884,0.7392414599401116,614.0350877192982
49,1,9,485.0,5.0,8.5,0.20441670243113685,0.7955832975688631,614.0350877192982
50,1,9,495.0,5.0,8.5,0.20004641782972613,0.7999535821702739,614.0350877192982
1,2,9,5.0,15.0,8.5,0.7366816117859373,0.2633183882140627,614.0350877192982
2,2,9,15.0,15.0,8.5,0.7270733673117872,0.2729266326882128,614.0350877192982
3,2,9,25.0,15.0,8.5,0.7162965122004284,0.28370348779957155,614.0350877192982
4,2,9,35.0,15.0,8.5,0.7054377192239605,0.2945622807760395,614.0350877192982
5,2,9,45.0,15.0,8.5,0.6950184842043018,0.3049815157956982,614.0350877192982
6,2,9,55.0,15.0,8.5,0.6852399565891567,0.3147600434108433,614.0350877192982
7,2,9,65.0,15.0,8.5,0.6761445655337925,0.32385543446620746,614.0350877192982
8,2,9,75.0,15.0,8.5,0.6677020479535359,0.33229795204646406,614.0350877192982
9,2,9,85.0,15.0,8.5,0.6598517254007448,0.34014827459925523,614.0350877192982
10,2,9,95.0,15.0,8.5,0.6525355662599563,0.34746443374004365,614.0350877192982
11,2,9,105.0,15.0,8.5,0.6456889447298274,0.3543110552701726,614.0350877192982
12,2,9,115.0,15.0,8.5,0.6392659474806792,0.3607340525193208,614.0350877192982
13,2,9,125.0,15.0,8.5,0.6332149742843842,0.3667850257156158,614.0350877192982
14,2,9,135.0,15.0,8.5,0.6274995667016331,0.3725004332983669,614.0350877192982
15,2,9,145.0,15.0,8.5,0.6220860299275022,0.37791397007249783,614.0350877192982
16,2,9,155.0,15.0,8.5,0.616941483261908,0.383058516738092,614.0350877192982
17,2,9,165.0,15.0,8.5,0.6120351364554767,0.3879648635445233,614.0350877192982
18,2,9,175.0,15.0,8.5,0.6073378500212017,0.39266214997879834,614.0350877192982
19,2,9,185.0,15.0,8.5,0.6028244555547458,0.39717554444525416,614.0350877192982
20,2,9,195.0,15.0,8.5,0.5984757552277158,0.4015242447722842,614.0350877192982
21,2,9,205.0,15.0,8.5,0.5942777552043352,0.40572224479566477,614.0350877192982
22,2,9,215.0,15.0,8.5,0.5902158063509177,0.40978419364908225,614.0350877192982
23,2,9,225.0,15.0,8.5,0.5862679126066066,0.4137320873933934,614.0350877192982
24,2,9,235.0,15.0,8.5,0.5823999044849488,0.4176000955150512,614.0350877192982
25,2,9,245.0,15.0,8.5,0.5785836208038316,0.42141637919616837,614.0350877192982
26,2,9,255.0,15.0,8.5,0.5748105993988992,0.4251894006011008,614.0350877192982
27,2,9,265.0,15.0,8.5,0.571078606700631,0.42892139329936896,614.0350877192982
28,2,9,275.0,15.0,8.5,0.567380266313872,0.43261973368612805,614.0350877192982
29,2,9,285.0,15.0,8.5,0.563703037929998,0.436296962070002,614.0350877192982
30,2,9,295.0,15.0,8.5,0.5600337905711193,0.43996620942888065,614.0350877192982
31,2,9,305.0,15.0,8.5,0.5563665932106874,0.4436334067893126,614.0350877192982
32,2,9,315.0,15.0,8.5,0.5526929134712844,0.44730708652871565,614.0350877192982
33,2,9,325.0,15.0,8.5,0.5489987988479654,0.45100120115203457,614.0350877192982
34,2,9,335.0,15.0,8.5,0.5452602810817715,0.4547397189182285,614.0350877192982
35,2,9,345.0,15.0,8.5,0.5414529184758287,0.45854708152417134,614.0350877192982
36,2,9,355.0,15.0,8.5,0.5375553162428408,0.4624446837571592,614.0350877192982
37,2,9,365.0,15.0,8.5,0.5335429048303355,0.4664570951696645,614.0350877192982
38,2,9,375.0,15.0,8.5,0.529370060572426,0.47062993942757403,614.0350877192982
39,2,9,385.0,15.0,8.5,0.5249691639933227,0.4750308360066773,614.0350877192982
40,2,9,395.0,15.0,8.5,0.5202626177768861,0.4797373822231139,614.0350877192982
41,2,9,405.0,15.0,8.5,0.5151496820068482,0.4848503179931518,614.0350877192982
42,2,9,415.0,15.0,8.5,0.5094569041295941,0.4905430958704059,614.0350877192982
43,2,9,425.0,15.0,8.5,0.5028828674970676,0.49711713250293244,614.0350877192982
44,2,9,435.0,15.0,8.5,0.49491709964718433,0.5050829003528157,614.0350877192982
45,2,9,445.0,15.0,8.5,0.48449603225999077,0.5155039677400093,614.0350877192982
46,2,9,455.0,15.0,8.5,0.46914543536188213,0.5308545646381179,614.0350877192982
47,2,9,465.0,15.0,8.5,0.44303245207383757,0.5569675479261624,614.0350877192982
48,2,9,475.0,15.0,8.5,0.39512133342569034,0.6048786665743097,614.0350877192982
49,2,9,485.0,15.0,8.5,0.3108704356185016,0.6891295643814984,614.0350877192982
50,2,9,495.0,15.0,8.5,0.216116974909301,0.783883025090699,614.0350877192982
1,3,9,5.0,25.0,8.5,0.7642346749687379,0.23576532503126213,614.0350877192982
2,3,9,15.0,25.0,8.5,0.7533872219045986,0.24661277809540139,614.0350877192982
3,3,9,25.0,25.0,8.5,0.7412391176658223,0.2587608823341777,614.0350877192982
4,3,9,35.0,25.0,8.5,0.7290583306587783,0.27094166934122166,614.0350877192982
5,3,9,45.0,25.0,8.5,0.7174646676124505,0.28253533238754946,614.0350877192982
6,3,9,55.0,25.0,8.5,0.7066995730598714,0.2933004269401286,614.0350877192982
7,3,9,65.0,25.0,8.5,0.6967811271710277,0.3032188728289723,614.0350877192982
8,3,9,75.0,25.0,8.5,0.6876439352770164,0.3123560647229836,614.0350877192982
9,3,9,85.0,25.0,8.5,0.679214524297294,0.320785475702706,614.0350877192982
10,3,9,95.0,25.0,8.5,0.671385804845983,0.328614195154017,614.0350877192982
11,3,9,105.0,25.0,8.5,0.6640762443411994,0.3359237556588006,614.0350877192982
12,3,9,115.0,25.0,8.5,0.6572115221358015,0.3427884778641985,614.0350877192982
13,3,9,125.0,25.0,8.5,0.6507419805144544,0.3492580194855456,614.0350877192982
14,3,9,135.0,25.0,8.5,0.6446272887091377,0.35537271129086234,614.0350877192982
15,3,9,145.0,25.0,8.5,0.63882485467246,0.36117514532754,614.0350877192982
16,3,9,155.0,25.0,8.5,0.6332977275900861,0.36670227240991393,614.0350877192982
17,3,9,165.0,25.0,8.5,0.6280149248102709,0.3719850751897291,614.0350877192982
18,3,9,175.0,25.0,8.5,0.6229491537727767,0.3770508462272233,614.0350877192982
19,3,9,185.0,25.0,8.5,0.6180778161014622,0.3819221838985378,614.0350877192982
20,3,9,195.0,25.0,8.5,0.6133834333918874,0.3866165666081126,614.0350877192982
21,3,9,205.0,25.0,8.5,0.6088514159003273,0.3911485840996727,614.0350877192982
22,3,9,215.0,25.0,8.5,0.6044674505169989,0.3955325494830011,614.0350877192982
23,3,9,225.0,25.0,8.5,0.600213767140322,0.39978623285967796,614.0350877192982
24,3,9,235.0,25.0,8.5,0.5960689977663377,0.4039310022336623,614.0350877192982
25,3,9,245.0,25.0,8.5,0.5920078500231388,0.4079921499768612,614.0350877192982
26,3,9,255.0,25.0,8.5,0.5880068460362857,0.4119931539637143,614.0350877192982
27,3,9,265.0,25.0,8.5,0.5840449560987699,0.41595504390123006,614.0350877192982
28,3,9,275.0,25.0,8.5,0.5801125241023758,0.4198874758976242,614.0350877192982
29,3,9,285.0,25.0,8.5,0.5762019459208387,0.42379805407916127,614.0350877192982
30,3,9,295.0,25.0,8.5,0.572303586771549,0.427696413228451,614.0350877192982
31,3,9,305.0,25.0,8.5,0.5684114577301677,0.43158854226983234,614.0350877192982
32,3,9,315.0,25.0,8.5,0.5645172334304218,0.4354827665695782,614.0350877192982
33,3,9,325.0,25.0,8.5,0.560607770783467,0.439392229216533,614.0350877192982
34,3,9,335.0,25.0,8.5,0.5566654459318257,0.44333455406817435,614.0350877192982
35,3,9,345.0,25.0,8.5,0.5526721138868936,0.44732788611310637,614.0350877192982
36,3,9,355.0,25.0,8.5,0.5486100949317942,0.45138990506820575,614.0350877192982
37,3,9,365.0,25.0,8.5,0.5444545757978735,0.4555454242021265,614.0350877192982
38,3,9,375.0,25.0,8.5,0.5401693372218574,0.45983066277814255,614.0350877192982
39,3,9,385.0,25.0,8.5,0.5357094721047562,0.46429052789524383,614.0350877192982
40,3,9,395.0,25.0,8.5,0.5310207613202578,0.4689792386797422,614.0350877192982
41,3,9,405.0,25.0,8.5,0.526027523105933,0.47397247689406696,614.0350877192982
42,3,9,415.0,25.0,8.5,0.5206116394704449,0.47938836052955514,614.0350877192982
43,3,9,425.0,25.0,8.5,0.5146002637998938,0.48539973620010624,614.0350877192982
44,3,9,435.0,25.0,8.5,0.5076689006364432,0.4923310993635568,614.0350877192982
45,3,9,445.0,25.0,8.5,0.49923268332538345,0.5007673166746165,614.0350877192982
46,3,9,455.0,25.0,8.5,0.48798162361290587,0.5120183763870941,614.0350877192982
47,3,9,465.0,25.0,8.5,0.4706100169480867,0.5293899830519133,614.0350877192982
48,3,9,475.0,25.0,8.5,0.43922693291836495,0.5607730670816351,614.0350877192982
49,3,9,485.0,25.0,8.5,0.38033484468286416,0.6196651553171358,614.0350877192982
50,3,9,495.0,25.0,8.5,0.2878229151179178,0.7121770848820822,614.0350877192982
1,4,9,5.0,35.0,8.5,0.7825267781706581,0.21747322182934192,614.0350877192982
2,4,9,15.0,35.0,8.5,0.7714454985368006,0.22855450146319944,614.0350877192982
3,4,9,25.0,35.0,8.5,0.758515434901264,0.24148456509873595,614.0350877192982
4,4,9,35.0,35.0,8.5,0.7453212338256258,0.25467876617437424,614.0350877192982
5,4,9,45.0,35.0,8.5,0.7327845894137252,0.26721541058627485,614.0350877192982
6,4,9,55.0,35.0,8.5,0.7213123478125765,0.27868765218742353,614.0350877192982
7,4,9,65.0,35.0,8.5,0.7108410529967133,0.2891589470032867,614.0350877192982
8,4,9,75.0,35.0,8.5,0.701237024964036,0.29876297503596405,614.0350877192982
9,4,9,85.0,35.0,8.5,0.6923608856811545,0.3076391143188455,614.0350877192982
10,4,9,95.0,35.0,8.5,0.684123082079867,0.31587691792013295,614.0350877192982
11,4,9,105.0,35.0,8.5,0.676438602469896,0.32356139753010404,614.0350877192982
12,4,9,115.0,35.0,8.5,0.6692363514400222,0.33076364855997775,614.0350877192982
13,4,9,125.0,35.0,8.5,0.6624431896810519,0.33755681031894813,614.0350877192982
14,4,9,135.0,35.0,8.5,0.6560038830303541,0.34399611696964594,614.0350877192982
15,4,9,145.0,35.0,8.5,0.6498761659525566,0.3501238340474434,614.0350877192982
16,4,9,155.0,35.0,8.5,0.6440233020428988,0.3559766979571012,614.0350877192982
17,4,9,165.0,35.0,8.5,0.6384163629618448,0.3615836370381552,614.0350877192982
18,4,9,175.0,35.0,8.5,0.6330341554859528,0.36696584451404723,614.0350877192982
19,4,9,185.0,35.0,8.5,0.6278590676240858,0.37214093237591417,614.0350877192982
20,4,9,195.0,35.0,8.5,0.6228743575472988,0.3771256424527012,614.0350877192982
21,4,9,205.0,35.0,8.5,0.618064064285797,0.38193593571420303,614.0350877192982
22,4,9,215.0,35.0,8.5,0.6134138799403741,0.3865861200596259,614.0350877192982
23,4,9,225.0,35.0,8.5,0.6089088579941263,0.3910911420058737,614.0350877192982
24,4,9,235.0,35.0,8.5,0.6045326876429559,0.39546731235704413,614.0350877192982
25,4,9,245.0,35.0,8.5,0.6002670085268403,0.39973299147315966,614.0350877192982
26,4,9,255.0,35.0,8.5,0.5960906859614088,0.4039093140385912,614.0350877192982
27,4,9,265.0,35.0,8.5,0.5919766864677516,0.4080233135322484,614.0350877192982
28,4,9,275.0,35.0,8.5,0.5878974257658217,0.4121025742341783,614.0350877192982
29,4,9,285.0,35.0,8.5,0.5838398033903608,0.4161601966096392,614.0350877192982
30,4,9,295.0,35.0,8.5,0.5797956580548371,0.4202043419451629,614.0350877192982
31,4,9,305.0,35.0,8.5,0.5757608410990412,0.42423915890095876,614.0350877192982
32,4,9,315.0,35.0,8.5,0.5717287256968812,0.42827127430311884,614.0350877192982
33,4,9,325.0,35.0,8.5,0.5676885234425045,0.43231147655749547,614.0350877192982
34,4,9,335.0,35.0,8.5,0.5636251727932476,0.43637482720675236,614.0350877192982
35,4,9,345.0,35.0,8.5,0.5595211690526125,0.4404788309473875,614.0350877192982
36,4,9,355.0,35.0,8.5,0.5553592276914682,0.44464077230853183,614.0350877192982
37,4,9,365.0,35.0,8.5,0.5511188567406419,0.44888114325935813,614.0350877192982
38,4,9,375.0,35.0,8.5,0.5467714787454848,0.4532285212545152,614.0350877192982
39,4,9,385.0,35.0,8.5,0.5422779981612895,0.4577220018387105,614.0350877192982
40,4,9,395.0,35.0,8.5,0.5375908211495581,0.46240917885044186,614.0350877192982
41,4,9,405.0,35.0,8.5,0.5326509029346645,0.46734909706533545,614.0350877192982
42,4,9,415.0,35.0,8.5,0.5273765378683789,0.4726234621316211,614.0350877192982
43,4,9,425.0,35.0,8.5,0.5216503044766259,0.47834969552337414,614.0350877192982
44,4,9,435.0,35.0,8.5,0.5153156923270572,0.4846843076729428,614.0350877192982
45,4,9,445.0,35.0,8.5,0.5080226374842227,0.4919773625157773,614.0350877192982
46,4,9,455.0,35.0,8.5,0.4990900511650281,0.500909948834972,614.0350877192982
47,4,9,465.0,35.0,8.5,0.4869538893480692,0.5130461106519308,614.0350877192982
48,4,9,475.0,35.0,8.5,0.4668155153568318,0.5331844846431681,614.0350877192982
49,4,9,485.0,35.0,8.5,0.4275954826252972,0.5724045173747028,614.0350877192982
50,4,9,495.0,35.0,8.5,0.35711499157025034,0.6428850084297497,614.0350877192982
1,5,9,5.0,45.0,8.5,0.7948765355779686,0.20512346442203144,614.0350877192982
2,5,9,15.0,45.0,8.5,0.7854242652045199,0.2145757347954801,614.0350877192982
3,5,9,25.0,45.0,8.5,0.7725846963427457,0.22741530365725426,614.0350877192982
4,5,9,35.0,45.0,8.5,0.7589598526088162,0.24104014739118385,614.0350877192982
5,5,9,45.0,45.0,8.5,0.7459865223044979,0.2540134776955021,614.0350877192982
6,5,9,55.0,45.0,8.5,0.7339407612719746,0.2660592387280254,614.0350877192982
7,5,9,65.0,45.0,8.5,0.7229182383244779,0.2770817616755221,614.0350877192982
8,5,9,75.0,45.0,8.5,0.7128524308225086,0.2871475691774914,614.0350877192982
9,5,9,85.0,45.0,8.5,0.7036138293063188,0.29638617069368123,614.0350877192982
10,5,9,95.0,45.0,8.5,0.6950766239641956,0.30492337603580444,614.0350877192982
11,5,9,105.0,45.0,8.5,0.6871407424269199,0.3128592575730801,614.0350877192982
12,5,9,115.0,45.0,8.5,0.6797119769310607,0.32028802306893933,614.0350877192982
13,5,9,125.0,45.0,8.5,0.6727228170793543,0.32727718292064567,614.0350877192982
14,5,9,135.0,45.0,8.5,0.6661102504953305,0.33388974950466954,614.0350877192982
15,5,9,145.0,45.0,8.5,0.6598324130071592,0.3401675869928408,614.0350877192982
16,5,9,155.0,45.0,8.5,0.6538439484156752,0.34615605158432483,614.0350877192982
17,5,9,165.0,45.0,8.5,0.6481095842772336,0.35189041572276636,614.0350877192982
18,5,9,175.0,45.0,8.5,0.6426023833731097,0.3573976166268903,614.0350877192982
19,5,9,185.0,45.0,8.5,0.6372953803112223,0.36270461968877765,614.0350877192982
20,5,9,195.0,45.0,8.5,0.6321686700667122,0.3678313299332878,614.0350877192982
21,5,9,205.0,45.0,8.5,0.6272073587252067,0.3727926412747933,614.0350877192982
22,5,9,215.0,45.0,8.5,0.6223987594866083,0.3776012405133917,614.0350877192982
23,5,9,225.0,45.0,8.5,0.6177309896202143,0.38226901037978567,614.0350877192982
24,5,9,235.0,45.0,8.5,0.6131911772773547,0.3868088227226453,614.0350877192982
25,5,9,245.0,45.0,8.5,0.6087644461488719,0.39123555385112807,614.0350877192982
26,5,9,255.0,45.0,8.5,0.6044314324186395,0.3955685675813605,614.0350877192982
27,5,9,265.0,45.0,8.5,0.6001680044994274,0.3998319955005726,614.0350877192982
28,5,9,275.0,45.0,8.5,0.5959461930588564,0.40405380694114357,614.0350877192982
29,5,9,285.0,45.0,8.5,0.5917439051581753,0.4082560948418247,614.0350877192982
30,5,9,295.0,45.0,8.5,0.587552087159294,0.41244791284070603,614.0350877192982
31,5,9,305.0,45.0,8.5,0.5833643795507611,0.41663562044923885,614.0350877192982
32,5,9,315.0,45.0,8.5,0.5791757658026121,0.4208242341973879,614.0350877192982
33,5,9,325.0,45.0,8.5,0.5749791637853836,0.4250208362146164,614.0350877192982
34,5,9,335.0,45.0,8.5,0.5707632930701444,0.4292367069298556,614.0350877192982
35,5,9,345.0,45.0,8.5,0.566506417462029,0.433493582537971,614.0350877192982
36,5,9,355.0,45.0,8.5,0.5621870745145549,0.43781292548544515,614.0350877192982
37,5,9,365.0,45.0,8.5,0.5577825459841378,0.4422174540158622,614.0350877192982
38,5,9,375.0,45.0,8.5,0.5532656206444384,0.4467343793555616,614.0350877192982
39,5,9,385.0,45.0,8.5,0.5485988349252934,0.4514011650747066,614.0350877192982
40,5,9,395.0,45.0,8.5,0.5437301062933254,0.4562698937066746,614.0350877192982
41,5,9,405.0,45.0,8.5,0.5385937643651154,0.4614062356348846,614.0350877192982
42,5,9,415.0,45.0,8.5,0.5331075270557676,0.4668924729442324,614.0350877192982
43,5,9,425.0,45.0,8.5,0.527157458690038,0.47284254130996195,614.0350877192982
44,5,9,435.0,45.0,8.5,0.5205799598155043,0.4794200401844957,614.0350877192982
45,5,9,445.0,45.0,8.5,0.5131501796796007,0.48684982032039925,614.0350877192982
46,5,9,455.0,45.0,8.5,0.5045072845059635,0.4954927154940365,614.0350877192982
47,5,9,465.0,45.0,8.5,0.493541800123399,0.506458199876601,614.0350877192982
48,5,9,475.0,45.0,8.5,0.4767663608435228,0.5232336391564771,614.0350877192982
49,5,9,485.0,45.0,8.5,0.4440515226742532,0.5559484773257468,614.0350877192982
50,5,9,495.0,45.0,8.5,0.38301389763893723,0.6169861023610628,614.0350877192982
1,6,9,5.0,55.0,8.5,0.7833249686706081,0.21667503132939192,614.0350877192982
2,6,9,15.0,55.0,8.5,0.7728527367347611,0.22714726326523893,614.0350877192982
3,6,9,25.0,55.0,8.5,0.7605803029399754,0.23941969706002464,614.0350877192982
4,6,9,35.0,55.0,8.5,0.7479840389967023,0.2520159610032977,614.0350877192982
5,6,9,45.0,55.0,8.5,0.735891278178319,0.264108721821681,614.0350877192982
6,6,9,55.0,55.0,8.5,0.7246383235231315,0.2753616764768685,614.0350877192982
7,6,9,65.0,55.0,8.5,0.7142578203156869,0.28574217968431315,614.0350877192982
8,6,9,75.0,55.0,8.5,0.7046895964973281,0.2953104035026719,614.0350877192982
9,6,9,85.0,55.0,8.5,0.695838977651184,0.30416102234881603,614.0350877192982
10,6,9,95.0,55.0,8.5,0.6876128864475113,0.3123871135524887,614.0350877192982
11,6,9,105.0,55.0,8.5,0.6799193663979827,0.32008063360201733,614.0350877192982
12,6,9,115.0,55.0,8.5,0.6726941398019313,0.32730586019806873,614.0350877192982
13,6,9,125.0,55.0,8.5,0.6658688638038976,0.33413113619610235,614.0350877192982
14,6,9,135.0,55.0,8.5,0.6594015427267552,0.3405984572732448,614.0350877192982
15,6,9,145.0,55.0,8.5,0.6532419645659133,0.3467580354340867,614.0350877192982
16,6,9,155.0,55.0,8.5,0.6473572230636903,0.35264277693630974,614.0350877192982
17,6,9,165.0,55.0,8.5,0.6417191054435876,0.35828089455641243,614.0350877192982
18,6,9,175.0,55.0,8.5,0.636302430141151,0.36369756985884905,614.0350877192982
19,6,9,185.0,55.0,8.5,0.6310858624040285,0.36891413759597147,614.0350877192982
20,6,9,195.0,55.0,8.5,0.6260521170316581,0.3739478829683419,614.0350877192982
21,6,9,205.0,55.0,8.5,0.621185998763144,0.37881400123685605,614.0350877192982
22,6,9,215.0,55.0,8.5,0.6164745028812161,0.3835254971187839,614.0350877192982
23,6,9,225.0,55.0,8.5,0.6119049921311098,0.3880950078688902,614.0350877192982
24,6,9,235.0,55.0,8.5,0.6074647502685236,0.39253524973147635,614.0350877192982
25,6,9,245.0,55.0,8.5,0.6031373383488235,0.39686266165117645,614.0350877192982
26,6,9,255.0,55.0,8.5,0.5989011948373798,0.4010988051626202,614.0350877192982
27,6,9,265.0,55.0,8.5,0.5947288119731463,0.4052711880268537,614.0350877192982
28,6,9,275.0,55.0,8.5,0.5905905206757757,0.40940947932422433,614.0350877192982
29,6,9,285.0,55.0,8.5,0.5864698100784697,0.41353018992153034,614.0350877192982
30,6,9,295.0,55.0,8.5,0.5823574667928502,0.41764253320714984,614.0350877192982
31,6,9,305.0,55.0,8.5,0.5782476361818845,0.42175236381811554,614.0350877192982
32,6,9,315.0,55.0,8.5,0.5741345237804294,0.4258654762195706,614.0350877192982
33,6,9,325.0,55.0,8.5,0.5700089682472177,0.4299910317527823,614.0350877192982
34,6,9,335.0,55.0,8.5,0.5658573069661108,0.4341426930338892,614.0350877192982
35,6,9,345.0,55.0,8.5,0.5616606576545913,0.4383393423454087,614.0350877192982
36,6,9,355.0,55.0,8.5,0.5573973050151895,0.44260269498481053,614.0350877192982
37,6,9,365.0,55.0,8.5,0.5530429064062442,0.4469570935937558,614.0350877192982
38,6,9,375.0,55.0,8.5,0.5485618838062553,0.45143811619374474,614.0350877192982
39,6,9,385.0,55.0,8.5,0.5439094781860054,0.45609052181399456,614.0350877192982
40,6,9,395.0,55.0,8.5,0.539024751223418,0.460975248776582,614.0350877192982
41,6,9,405.0,55.0,8.5,0.5338290065915389,0.46617099340846113,614.0350877192982
42,6,9,415.0,55.0,8.5,0.5282118846421618,0.47178811535783816,614.0350877192982
43,6,9,425.0,55.0,8.5,0.522002392495909,0.47799760750409104,614.0350877192982
44,6,9,435.0,55.0,8.5,0.5149232312156433,0.4850767687843567,614.0350877192982
45,6,9,445.0,55.0,8.5,0.5064822920620755,0.4935177079379245,614.0350877192982
46,6,9,455.0,55.0,8.5,0.49561800743151563,0.5043819925684844,614.0350877192982
47,6,9,465.0,55.0,8.5,0.47972299256508566,0.5202770074349143,614.0350877192982
48,6,9,475.0,55.0,8.5,0.45265990380865145,0.5473400961913486,614.0350877192982
49,6,9,485.0,55.0,8.5,0.40467802311187917,0.5953219768881208,614.0350877192982
50,6,9,495.0,55.0,8.5,0.3322330134133454,0.6677669865866547,614.0350877192982
1,7,9,5.0,65.0,8.5,0.7669679339754676,0.2330320660245324,614.0350877192982
2,7,9,15.0,65.0,8.5,0.756874427876774,0.24312557212322605,614.0350877192982
3,7,9,25.0,65.0,8.5,0.7454335303421704,0.2545664696578296,614.0350877192982
4,7,9,35.0,65.0,8.5,0.7337954297285069,0.26620457027149314,614.0350877192982
5,7,9,45.0,65.0,8.5,0.7225855705684341,0.2774144294315659,614.0350877192982
6,7,9,55.0,65.0,8.5,0.7120734241794194,0.28792657582058057,614.0350877192982
7,7,9,65.0,65.0,8.5,0.7023144388803284,0.2976855611196716,614.0350877192982
8,7,9,75.0,65.0,8.5,0.6932706816504858,0.3067293183495142,614.0350877192982
9,7,9,85.0,65.0,8.5,0.6848703872947546,0.3151296127052454,614.0350877192982
10,7,9,95.0,65.0,8.5,0.677042276850068,0.322957723149932,614.0350877192982
11,7,9,105.0,65.0,8.5,0.66971134475005,0.33028865524995,614.0350877192982
12,7,9,115.0,65.0,8.5,0.6628172202097404,0.33718277979025957,614.0350877192982
13,7,9,125.0,65.0,8.5,0.6563022579395499,0.3436977420604501,614.0350877192982
14,7,9,135.0,65.0,8.5,0.6501256771972721,0.3498743228027279,614.0350877192982
15,7,9,145.0,65.0,8.5,0.6442457463200691,0.35575425367993085,614.0350877192982
16,7,9,155.0,65.0,8.5,0.6386271138678817,0.36137288613211827,614.0350877192982
17,7,9,165.0,65.0,8.5,0.6332447107786111,0.3667552892213889,614.0350877192982
18,7,9,175.0,65.0,8.5,0.6280756388339083,0.37192436116609173,614.0350877192982
19,7,9,185.0,65.0,8.5,0.6231006345770115,0.3768993654229885,614.0350877192982
20,7,9,195.0,65.0,8.5,0.6183027166673972,0.3816972833326028,614.0350877192982
21,7,9,205.0,65.0,8.5,0.6136658816265733,0.3863341183734267,614.0350877192982
22,7,9,215.0,65.0,8.5,0.6091748883416305,0.39082511165836953,614.0350877192982
23,7,9,225.0,65.0,8.5,0.6048145084990129,0.39518549150098714,614.0350877192982
24,7,9,235.0,65.0,8.5,0.6005694458341494,0.3994305541658506,614.0350877192982
25,7,9,245.0,65.0,8.5,0.5964197491868769,0.4035802508131231,614.0350877192982
26,7,9,255.0,65.0,8.5,0.5923396512305311,0.4076603487694689,614.0350877192982
27,7,9,265.0,65.0,8.5,0.5882996160843708,0.41170038391562924,614.0350877192982
28,7,9,275.0,65.0,8.5,0.584282753919728,0.41571724608027205,614.0350877192982
29,7,9,285.0,65.0,8.5,0.5802812608415473,0.4197187391584527,614.0350877192982
30,7,9,295.0,65.0,8.5,0.5762904622681626,0.4237095377318374,614.0350877192982
31,7,9,305.0,65.0,8.5,0.572302584228664,0.427697415771336,614.0350877192982
32,7,9,315.0,65.0,8.5,0.5683077833700739,0.4316922166299261,614.0350877192982
33,7,9,325.0,65.0,8.5,0.5642919871881013,0.43570801281189875,614.0350877192982
34,7,9,335.0,65.0,8.5,0.5602384656664267,0.43976153433357335,614.0350877192982
35,7,9,345.0,65.0,8.5,0.5561286230498745,0.44387137695012546,614.0350877192982
36,7,9,355.0,65.0,8.5,0.5519388868453247,0.44806111315467534,614.0350877192982
37,7,9,365.0,65.0,8.5,0.5476406762101186,0.4523593237898814,614.0350877192982
38,7,9,375.0,65.0,8.5,0.5431998131903965,0.45680018680960355,614.0350877192982
39,7,9,385.0,65.0,8.5,0.5385534723635248,0.4614465276364752,614.0350877192982
40,7,9,395.0,65.0,8.5,0.5336293110039788,0.4663706889960212,614.0350877192982
41,7,9,405.0,65.0,8.5,0.5283212016741099,0.4716787983258901,614.0350877192982
42,7,9,415.0,65.0,8.5,0.5224690694145334,0.4775309305854666,614.0350877192982
43,7,9,425.0,65.0,8.5,0.5158146519241973,0.4841853480758027,614.0350877192982
44,7,9,435.0,65.0,8.5,0.5078977683872098,0.4921022316127902,614.0350877192982
45,7,9,445.0,65.0,8.5,0.497791569168679,0.502208430831321,614.0350877192982
46,7,9,455.0,65.0,8.5,0.48341228271395986,0.5165877172860401,614.0350877192982
47,7,9,465.0,65.0,8.5,0.4599783486831737,0.5400216513168263,614.0350877192982
48,7,9,475.0,65.0,8.5,0.4183150528010248,0.5816849471989751,614.0350877192982
49,7,9,485.0,65.0,8.5,0.34936384853540686,0.6506361514645931,614.0350877192982
50,7,9,495.0,65.0,8.5,0.2591015129175584,0.7408984870824415,614.0350877192982
1,8,9,5.0,75.0,8.5,0.7444053585907578,0.25559464140924215,614.0350877192982
2,8,9,15.0,75.0,8.5,0.7354464366623665,0.26455356333763347,614.0350877192982
3,8,9,25.0,75.0,8.5,0.725231284081355,0.27476871591864505,614.0350877192982
4,8,9,35.0,75.0,8.5,0.7147780799704169,0.28522192002958313,614.0350877192982
5,8,9,45.0,75.0,8.5,0.7046285349460032,0.2953714650539968,614.0350877192982
6,8,9,55.0,75.0,8.5,0.6950222366630674,0.3049777633369326,614.0350877192982
7,8,9,65.0,75.0,8.5,0.6860338726412439,0.31396612735875606,614.0350877192982
8,8,9,75.0,75.0,8.5,0.6776538000735779,0.3223461999264221,614.0350877192982
9,8,9,85.0,75.0,8.5,0.6698342865967241,0.33016571340327594,614.0350877192982
10,8,9,95.0,75.0,8.5,0.6625255270007189,0.3374744729992811,614.0350877192982
11,8,9,105.0,75.0,8.5,0.6556671149566198,0.3443328850433802,614.0350877192982
12,8,9,115.0,75.0,8.5,0.6492144505473422,0.35078554945265783,614.0350877192982
13,8,9,125.0,75.0,8.5,0.6431147974609579,0.3568852025390421,614.0350877192982
14,8,9,135.0,75.0,8.5,0.6373306708413188,0.3626693291586812,614.0350877192982
15,8,9,145.0,75.0,8.5,0.6318271808044467,0.36817281919555334,614.0350877192982
16,8,9,155.0,75.0,8.5,0.6265728448860791,0.3734271551139209,614.0350877192982
17,8,9,165.0,75.0,8.5,0.6215417517650722,0.3784582482349278,614.0350877192982
18,8,9,175.0,75.0,8.5,0.6167132127025267,0.38328678729747334,614.0350877192982
19,8,9,185.0,75.0,8.5,0.6120700519610801,0.3879299480389199,614.0350877192982
20,8,9,195.0,75.0,8.5,0.6075952660640006,0.3924047339359994,614.0350877192982
21,8,9,205.0,75.0,8.5,0.6032698779140153,0.3967301220859847,614.0350877192982
22,8,9,215.0,75.0,8.5,0.5990726210561633,0.4009273789438367,614.0350877192982
23,8,9,225.0,75.0,8.5,0.5949820223717052,0.40501797762829483,614.0350877192982
24,8,9,235.0,75.0,8.5,0.590979510816319,0.40902048918368095,614.0350877192982
25,8,9,245.0,75.0,8.5,0.5870416778012467,0.4129583221987533,614.0350877192982
26,8,9,255.0,75.0,8.5,0.5831454821530838,0.4168545178469162,614.0350877192982
27,8,9,265.0,75.0,8.5,0.5792783583366315,0.42072164166336845,614.0350877192982
28,8,9,275.0,75.0,8.5,0.575431868509043,0.42456813149095696,614.0350877192982
29,8,9,285.0,75.0,8.5,0.5716012933435723,0.42839870665642765,614.0350877192982
30,8,9,295.0,75.0,8.5,0.5677796146807266,0.4322203853192734,614.0350877192982
31,8,9,305.0,75.0,8.5,0.5639562878072227,0.43604371219277727,614.0350877192982
32,8,9,315.0,75.0,8.5,0.5601159376918614,0.4398840623081386,614.0350877192982
33,8,9,325.0,75.0,8.5,0.5562430982891226,0.44375690171087745,614.0350877192982
34,8,9,335.0,75.0,8.5,0.5523201668088805,0.4476798331911195,614.0350877192982
35,8,9,345.0,75.0,8.5,0.5483275289546822,0.4516724710453178,614.0350877192982
36,8,9,355.0,75.0,8.5,0.5442348482860275,0.45576515171397247,614.0350877192982
37,8,9,365.0,75.0,8.5,0.5400009171392699,0.4599990828607301,614.0350877192982
38,8,9,375.0,75.0,8.5,0.5355790001221448,0.46442099987785523,614.0350877192982
39,8,9,385.0,75.0,8.5,0.5309201911762058,0.4690798088237942,614.0350877192982
40,8,9,395.0,75.0,8.5,0.5259121347745955,0.47408786522540447,614.0350877192982
41,8,9,405.0,75.0,8.5,0.5204003566950194,0.4795996433049806,614.0350877192982
42,8,9,415.0,75.0,8.5,0.5141565564737323,0.48584344352626774,614.0350877192982
43,8,9,425.0,75.0,8.5,0.5067965334853326,0.4932034665146674,614.0350877192982
44,8,9,435.0,75.0,8.5,0.49756445067920435,0.5024355493207957,614.0350877192982
45,8,9,445.0,75.0,8.5,0.4848757378655916,0.5151242621344083,614.0350877192982
46,8,9,455.0,75.0,8.5,0.4651310731436745,0.5348689268563255,614.0350877192982
47,8,9,465.0,75.0,8.5,0.4305765304807492,0.5694234695192508,614.0350877192982
48,8,9,475.0,75.0,8.5,0.3691115586690491,0.6308884413309509,614.0350877192982
49,8,9,485.0,75.0,8.5,0.2758497153728157,0.7241502846271843,614.0350877192982
50,8,9,495.0,75.0,8.5,0.20628528005149546,0.7937147199485045,614.0350877192982
1,9,9,5.0,85.0,8.5,0.7127442906326904,0.2872557093673096,614.0350877192982
2,9,9,15.0,85.0,8.5,0.7053499623696098,0.2946500376303902,614.0350877192982
3,9,9,25.0,85.0,8.5,0.6967018459118698,0.3032981540881302,614.0350877192982
4,9,9,35.0,85.0,8.5,0.6876892488024368,0.31231075119756324,614.0350877192982
5,9,9,45.0,85.0,8.5,0.6788011964703049,0.3211988035296951,614.0350877192982
6,9,9,55.0,85.0,8.5,0.6702758232930676,0.32972417670693244,614.0350877192982
7,9,9,65.0,85.0,8.5,0.6622128126465636,0.3377871873534364,614.0350877192982
8,9,9,75.0,85.0,8.5,0.6546279931631169,0.34537200683688307,614.0350877192982
9,9,9,85.0,85.0,8.5,0.6475087245138402,0.35249127548615977,614.0350877192982
10,9,9,95.0,85.0,8.5,0.6408216593669112,0.35917834063308884,614.0350877192982
11,9,9,105.0,85.0,8.5,0.6345358721225892,0.3654641278774108,614.0350877192982
12,9,9,115.0,85.0,8.5,0.6286109222812223,0.3713890777187777,614.0350877192982
13,9,9,125.0,85.0,8.5,0.6230135463814691,0.3769864536185309,614.0350877192982
14,9,9,135.0,85.0,8.5,0.6177114339211972,0.3822885660788028,614.0350877192982
15,9,9,145.0,85.0,8.5,0.61267156515612,0.38732843484388,614.0350877192982
16,9,9,155.0,85.0,8.5,0.6078638059649865,0.39213619403501354,614.0350877192982
17,9,9,165.0,85.0,8.5,0.6032624255820288,0.3967375744179712,614.0350877192982
18,9,9,175.0,85.0,8.5,0.5988480854648612,0.40115191453513876,614.0350877192982
19,9,9,185.0,85.0,8.5,0.5946060929147854,0.4053939070852146,614.0350877192982
20,9,9,195.0,85.0,8.5,0.5905210122426356,0.40947898775736435,614.0350877192982
21,9,9,205.0,85.0,8.5,0.5865694314775192,0.41343056852248083,614.0350877192982
22,9,9,215.0,85.0,8.5,0.5827186834556931,0.4172813165443069,614.0350877192982
23,9,9,225.0,85.0,8.5,0.5789383869229277,0.42106161307707235,614.0350877192982
24,9,9,235.0,85.0,8.5,0.5752152187708828,0.4247847812291172,614.0350877192982
25,9,9,245.0,85.0,8.5,0.5715432945458038,0.42845670545419623,614.0350877192982
26,9,9,255.0,85.0,8.5,0.5679114154765426,0.43208858452345744,614.0350877192982
27,9,9,265.0,85.0,8.5,0.5643077120184671,0.4356922879815329,614.0350877192982
28,9,9,275.0,85.0,8.5,0.5607223529887511,0.43927764701124894,614.0350877192982
29,9,9,285.0,85.0,8.5,0.5571490789832966,0.4428509210167034,614.0350877192982
30,9,9,295.0,85.0,8.5,0.5535791062550788,0.4464208937449212,614.0350877192982
31,9,9,305.0,85.0,8.5,0.5500008503050682,0.4499991496949318,614.0350877192982
32,9,9,315.0,85.0,8.5,0.5463970880944884,0.4536029119055116,614.0350877192982
33,9,9,325.0,85.0,8.5,0.5427440222331503,0.4572559777668497,614.0350877192982
34,9,9,335.0,85.0,8.5,0.5390211000305546,0.4609788999694454,614.0350877192982
35,9,9,345.0,85.0,8.5,0.5352042926830921,0.4647957073169079,614.0350877192982
36,9,9,355.0,85.0,8.5,0.5312564318484856,0.4687435681515144,614.0350877192982
37,9,9,365.0,85.0,8.5,0.5271212642184995,0.4728787357815005,614.0350877192982
38,9,9,375.0,85.0,8.5,0.5227300695368692,0.4772699304631308,614.0350877192982
39,9,9,385.0,85.0,8.5,0.5179949715017667,0.48200502849823335,614.0350877192982
40,9,9,395.0,85.0,8.5,0.5128011146333404,0.48719888536665956,614.0350877192982
41,9,9,405.0,85.0,8.5,0.5068923051587882,0.49310769484121175,614.0350877192982
42,9,9,415.0,85.0,8.5,0.4999006914359926,0.5000993085640074,614.0350877192982
43,9,9,425.0,85.0,8.5,0.4911670653591182,0.5088329346408818,614.0350877192982
44,9,9,435.0,85.0,8.5,0.47937833446549766,0.5206216655345024,614.0350877192982
45,9,9,445.0,85.0,8.5,0.4618121230409578,0.5381878769590422,614.0350877192982
46,9,9,455.0,85.0,8.5,0.43214295477382736,0.5678570452261726,614.0350877192982
47,9,9,465.0,85.0,8.5,0.3781765220100697,0.6218234779899303,614.0350877192982
48,9,9,475.0,85.0,8.5,0.28487359849386823,0.7151264015061318,614.0350877192982
49,9,9,485.0,85.0,8.5,0.2092768384120568,0.7907231615879432,614.0350877192982
50,9,9,495.0,85.0,8.5,0.2000767023214569,0.7999232976785431,614.0350877192982
1,10,9,5.0,95.0,8.5,0.6594504716845879,0.3405495283154121,614.0350877192982
2,10,9,15.0,95.0,8.5,0.6538421536579776,0.3461578463420224,614.0350877192982
3,10,9,25.0,95.0,8.5,0.6470296726019789,0.35297032739802114,614.0350877192982
4,10,9,35.0,95.0,8.5,0.6397110440446736,0.3602889559553264,614.0350877192982
5,10,9,45.0,95.0,8.5,0.6323060897651787,0.36769391023482134,614.0350877192982
6,10,9,55.0,95.0,8.5,0.6250464486994591,0.37495355130054087,614.0350877192982
7,10,9,65.0,95.0,8.5,0.6180511676828898,0.3819488323171102,614.0350877192982
8,10,9,75.0,95.0,8.5,0.6113662720005952,0.38863372799940477,614.0350877192982
9,10,9,85.0,95.0,8.5,0.6050110368208431,0.3949889631791569,614.0350877192982
10,10,9,95.0,95.0,8.5,0.5989812556069483,0.40101874439305174,614.0350877192982
11,10,9,105.0,95.0,8.5,0.593264458488633,0.40673554151136704,614.0350877192982
12,10,9,115.0,95.0,8.5,0.5878490027172615,0.4121509972827385,614.0350877192982
13,10,9,125.0,95.0,8.5,0.5827185892722194,0.4172814107277806,614.0350877192982
14,10,9,135.0,95.0,8.5,0.5778520529482851,0.4221479470517149,614.0350877192982
15,10,9,145.0,95.0,8.5,0.5732226972280523,0.4267773027719477,614.0350877192982
16,10,9,155.0,95.0,8.5,0.5687991855604555,0.4312008144395445,614.0350877192982
17,10,9,165.0,95.0,8.5,0.5645515117563423,0.43544848824365767,614.0350877192982
18,10,9,175.0,95.0,8.5,0.5604589612964247,0.4395410387035753,614.0350877192982
19,10,9,185.0,95.0,8.5,0.5565120624803812,0.4434879375196188,614.0350877192982
20,10,9,195.0,95.0,8.5,0.5527012024628469,0.44729879753715307,614.0350877192982
21,10,9,205.0,95.0,8.5,0.549000677742488,0.45099932225751205,614.0350877192982
22,10,9,215.0,95.0,8.5,0.5453851685539525,0.45461483144604753,614.0350877192982
23,10,9,225.0,95.0,8.5,0.5418358300809619,0.4581641699190381,614.0350877192982
24,10,9,235.0,95.0,8.5,0.53834171444863,0.46165828555137,614.0350877192982
25,10,9,245.0,95.0,8.5,0.5348976032303621,0.46510239676963794,614.0350877192982
26,10,9,255.0,95.0,8.5,0.531494005928778,0.46850599407122195,614.0350877192982
27,10,9,265.0,95.0,8.5,0.5281138374956067,0.4718861625043933,614.0350877192982
28,10,9,275.0,95.0,8.5,0.5247478961973752,0.47525210380262484,614.0350877192982
29,10,9,285.0,95.0,8.5,0.5213966827758088,0.47860331722419125,614.0350877192982
30,10,9,295.0,95.0,8.5,0.5180515096409513,0.48194849035904874,614.0350877192982
31,10,9,305.0,95.0,8.5,0.5146855746817461,0.48531442531825386,614.0350877192982
32,10,9,315.0,95.0,8.5,0.5112674527440684,0.4887325472559316,614.0350877192982
33,10,9,325.0,95.0,8.5,0.5077763283022276,0.49222367169777237,614.0350877192982
34,10,9,335.0,95.0,8.5,0.5041902838954616,0.4958097161045384,614.0350877192982
35,10,9,345.0,95.0,8.5,0.5004564594353973,0.4995435405646027,614.0350877192982
36,10,9,355.0,95.0,8.5,0.4964842122167856,0.5035157877832144,614.0350877192982
37,10,9,365.0,95.0,8.5,0.4921739018891614,0.5078260981108387,614.0350877192982
38,10,9,375.0,95.0,8.5,0.4874133643340012,0.5125866356659988,614.0350877192982
39,10,9,385.0,95.0,8.5,0.48199698455330525,0.5180030154466948,614.0350877192982
40,10,9,395.0,95.0,8.5,0.4755388209242972,0.5244611790757028,614.0350877192982
41,10,9,405.0,95.0,8.5,0.46748334920214546,0.5325166507978545,614.0350877192982
42,10,9,415.0,95.0,8.5,0.45685028907764896,0.5431497109223511,614.0350877192982
43,10,9,425.0,95.0,8.5,0.4415140178093426,0.5584859821906574,614.0350877192982
44,10,9,435.0,95.0,8.5,0.41656115385925113,0.5834388461407489,614.0350877192982
45,10,9,445.0,95.0,8.5,0.3705520749369094,0.6294479250630907,614.0350877192982
46,10,9,455.0,95.0,8.5,0.28763301358141996,0.71236698641858,614.0350877192982
47,10,9,465.0,95.0,8.5,0.2130841264714797,0.7869158735285203,614.0350877192982
48,10,9,475.0,95.0,8.5,0.20020758910246947,0.7997924108975305,614.0350877192982
49,10,9,485.0,95.0,8.5,0.20003269823352562,0.7999673017664743,614.0350877192982
50,10,9,495.0,95.0,8.5,0.20003225489471854,0.7999677451052815,614.0350877192982
1,1,10,5.0,5.0,9.5,0.6936482229036726,0.30635177709632744,649.1228070175438
2,1,10,15.0,5.0,9.5,0.6863792428319193,0.3136207571680807,649.1228070175438
3,1,10,25.0,5.0,9.5,0.677999452736148,0.32200054726385197,649.1228070175438
4,1,10,35.0,5.0,9.5,0.6693532772269384,0.3306467227730616,649.1228070175438
5,1,10,45.0,5.0,9.5,0.6608750159205715,0.3391249840794285,649.1228070175438
6,1,10,55.0,5.0,9.5,0.6527645310550336,0.3472354689449664,649.1228070175438
7,1,10,65.0,5.0,9.5,0.6450885852721923,0.35491141472780774,649.1228070175438
8,1,10,75.0,5.0,9.5,0.6378628157184809,0.3621371842815191,649.1228070175438
9,1,10,85.0,5.0,9.5,0.631060980761226,0.36893901923877404,649.1228070175438
10,1,10,95.0,5.0,9.5,0.6246584498552624,0.3753415501447376,649.1228070175438
11,1,10,105.0,5.0,9.5,0.6186186900935754,0.3813813099064246,649.1228070175438
12,1,10,115.0,5.0,9.5,0.6129107450571212,0.3870892549428788,649.1228070175438
13,1,10,125.0,5.0,9.5,0.6075089415799139,0.39249105842008614,649.1228070175438
14,1,10,135.0,5.0,9.5,0.6023889030854321,0.39761109691456786,649.1228070175438
15,1,10,145.0,5.0,9.5,0.5975277913586662,0.4024722086413338,649.1228070175438
16,1,10,155.0,5.0,9.5,0.5929023029483151,0.40709769705168486,649.1228070175438
17,1,10,165.0,5.0,9.5,0.5884868673447401,0.4115131326552599,649.1228070175438
18,1,10,175.0,5.0,9.5,0.5842539748934166,0.41574602510658343,649.1228070175438
19,1,10,185.0,5.0,9.5,0.5801775001931972,0.41982249980680275,649.1228070175438
20,1,10,195.0,5.0,9.5,0.5762378471542894,0.4237621528457106,649.1228070175438
21,1,10,205.0,5.0,9.5,0.572419809319408,0.42758019068059205,649.1228070175438
22,1,10,215.0,5.0,9.5,0.5687108510539719,0.4312891489460281,649.1228070175438
23,1,10,225.0,5.0,9.5,0.5650906444378456,0.4349093555621544,649.1228070175438
24,1,10,235.0,5.0,9.5,0.5615365247476208,0.43846347525237916,649.1228070175438
25,1,10,245.0,5.0,9.5,0.5580329339071225,0.4419670660928775,649.1228070175438
26,1,10,255.0,5.0,9.5,0.5545721402896727,0.4454278597103273,649.1228070175438
27,1,10,265.0,5.0,9.5,0.5511523490520808,0.44884765094791923,649.1228070175438
28,1,10,275.0,5.0,9.5,0.547767753130069,0.452232246869931,649.1228070175438
29,1,10,285.0,5.0,9.5,0.5444077248417315,0.4555922751582685,649.1228070175438
30,1,10,295.0,5.0,9.5,0.5410645741647734,0.4589354258352266,649.1228070175438
31,1,10,305.0,5.0,9.5,0.5377314569609929,0.4622685430390071,649.1228070175438
32,1,10,315.0,5.0,9.5,0.5343975521613795,0.4656024478386205,649.1228070175438
33,1,10,325.0,5.0,9.5,0.5310467777998266,0.46895322220017344,649.1228070175438
34,1,10,335.0,5.0,9.5,0.5276562320021058,0.47234376799789424,649.1228070175438
35,1,10,345.0,5.0,9.5,0.5242023472247187,0.4757976527752813,649.1228070175438
36,1,10,355.0,5.0,9.5,0.5206626342827422,0.4793373657172578,649.1228070175438
37,1,10,365.0,5.0,9.5,0.5170006716115432,0.48299932838845683,649.1228070175438
38,1,10,375.0,5.0,9.5,0.513157733695757,0.486842266304243,649.1228070175438
39,1,10,385.0,5.0,9.5,0.5090575782700212,0.4909424217299788,649.1228070175438
40,1,10,395.0,5.0,9.5,0.5046026675577199,0.4953973324422801,649.1228070175438
41,1,10,405.0,5.0,9.5,0.49964156347830585,0.5003584365216942,649.1228070175438
42,1,10,415.0,5.0,9.5,0.49391665985789673,0.5060833401421032,649.1228070175438
43,1,10,425.0,5.0,9.5,0.4869994239453845,0.5130005760546155,649.1228070175438
44,1,10,435.0,5.0,9.5,0.47822046347874353,0.5217795365212565,649.1228070175438
45,1,10,445.0,5.0,9.5,0.46624866552556815,0.5337513344744318,649.1228070175438
46,1,10,455.0,5.0,9.5,0.44791600047838864,0.5520839995216114,649.1228070175438
47,1,10,465.0,5.0,9.5,0.4153160089706057,0.5846839910293943,649.1228070175438
48,1,10,475.0,5.0,9.5,0.34878427287069486,0.6512157271293051,649.1228070175438
49,1,10,485.0,5.0,9.5,0.24402542989888906,0.7559745701011109,649.1228070175438
50,1,10,495.0,5.0,9.5,0.20135187213334033,0.7986481278666597,649.1228070175438
1,2,10,5.0,15.0,9.5,0.7396507479882592,0.26034925201174075,649.1228070175438
2,2,10,15.0,15.0,9.5,0.7304789695736343,0.26952103042636566,649.1228070175438
3,2,10,25.0,15.0,9.5,0.7201832357644024,0.27981676423559765,649.1228070175438
4,2,10,35.0,15.0,9.5,0.7098013987784547,0.2901986012215453,649.1228070175438
5,2,10,45.0,15.0,9.5,0.6998323725183142,0.3001676274816858,649.1228070175438
6,2,10,55.0,15.0,9.5,0.6904727255620988,0.3095272744379012,649.1228070175438
7,2,10,65.0,15.0,9.5,0.6817657047041338,0.3182342952958662,649.1228070175438
8,2,10,75.0,15.0,9.5,0.6736807178834104,0.32631928211658956,649.1228070175438
9,2,10,85.0,15.0,9.5,0.6661614198332818,0.3338385801667182,649.1228070175438
10,2,10,95.0,15.0,9.5,0.6591548471945241,0.3408451528054759,649.1228070175438
11,2,10,105.0,15.0,9.5,0.6525963956852459,0.34740360431475414,649.1228070175438
12,2,10,115.0,15.0,9.5,0.6464388014411053,0.3535611985588947,649.1228070175438
13,2,10,125.0,15.0,9.5,0.6406391057441787,0.3593608942558213,649.1228070175438
14,2,10,135.0,15.0,9.5,0.6351573733929845,0.3648426266070155,649.1228070175438
15,2,10,145.0,15.0,9.5,0.6299585917048176,0.3700414082951824,649.1228070175438
16,2,10,155.0,15.0,9.5,0.6250118996401909,0.3749881003598091,649.1228070175438
17,2,10,165.0,15.0,9.5,0.6202884125498309,0.3797115874501691,649.1228070175438
18,2,10,175.0,15.0,9.5,0.6157608607899446,0.38423913921005537,649.1228070175438
19,2,10,185.0,15.0,9.5,0.6114060132403215,0.3885939867596785,649.1228070175438
20,2,10,195.0,15.0,9.5,0.6072041853747794,0.3927958146252206,649.1228070175438
21,2,10,205.0,15.0,9.5,0.6031389426956156,0.39686105730438437,649.1228070175438
22,2,10,215.0,15.0,9.5,0.599193658529715,0.40080634147028504,649.1228070175438
23,2,10,225.0,15.0,9.5,0.5953479917864618,0.4046520082135382,649.1228070175438
24,2,10,235.0,15.0,9.5,0.5915792097073459,0.4084207902926541,649.1228070175438
25,2,10,245.0,15.0,9.5,0.5878619795391148,0.4121380204608852,649.1228070175438
26,2,10,255.0,15.0,9.5,0.5841862661349387,0.41581373386506126,649.1228070175438
27,2,10,265.0,15.0,9.5,0.5805476937019801,0.4194523062980199,649.1228070175438
28,2,10,275.0,15.0,9.5,0.5769420642376052,0.4230579357623948,649.1228070175438
29,2,10,285.0,15.0,9.5,0.5733586167588895,0.42664138324111045,649.1228070175438
30,2,10,295.0,15.0,9.5,0.5697889671406777,0.4302110328593223,649.1228070175438
31,2,10,305.0,15.0,9.5,0.5662276619010319,0.4337723380989681,649.1228070175438
32,2,10,315.0,15.0,9.5,0.5626636784886849,0.4373363215113151,649.1228070175438
33,2,10,325.0,15.0,9.5,0.5590827522291076,0.44091724777089236,649.1228070175438
34,2,10,335.0,15.0,9.5,0.5554685241280478,0.4445314758719522,649.1228070175438
35,2,10,345.0,15.0,9.5,0.5518043133780649,0.4481956866219351,649.1228070175438
36,2,10,355.0,15.0,9.5,0.5480698533108707,0.45193014668912934,649.1228070175438
37,2,10,365.0,15.0,9.5,0.544240717297371,0.455759282702629,649.1228070175438
38,2,10,375.0,15.0,9.5,0.5402820651058049,0.4597179348941951,649.1228070175438
39,2,10,385.0,15.0,9.5,0.5361475663772701,0.4638524336227299,649.1228070175438
40,2,10,395.0,15.0,9.5,0.5317782887424372,0.46822171125756284,649.1228070175438
41,2,10,405.0,15.0,9.5,0.5270920664655177,0.47290793353448235,649.1228070175438
42,2,10,415.0,15.0,9.5,0.52195934623828,0.47804065376172,649.1228070175438
43,2,10,425.0,15.0,9.5,0.5161724628650473,0.48382753713495275,649.1228070175438
44,2,10,435.0,15.0,9.5,0.5093515523956696,0.49064844760433035,649.1228070175438
45,2,10,445.0,15.0,9.5,0.5007691225400066,0.4992308774599934,649.1228070175438
46,2,10,455.0,15.0,9.5,0.4888543186210038,0.5111456813789962,649.1228070175438
47,2,10,465.0,15.0,9.5,0.46965081707947953,0.5303491829205205,649.1228070175438
48,2,10,475.0,15.0,9.5,0.43339974122232483,0.5666002587776752,649.1228070175438
49,2,10,485.0,15.0,9.5,0.36376357336993526,0.6362364266300647,649.1228070175438
50,2,10,495.0,15.0,9.5,0.2510928577730806,0.7489071422269193,649.1228070175438
1,3,10,5.0,25.0,9.5,0.7659839486404381,0.23401605135956194,649.1228070175438
2,3,10,15.0,25.0,9.5,0.7556494473598458,0.24435055264015415,649.1228070175438
3,3,10,25.0,25.0,9.5,0.7440691850459561,0.2559308149540439,649.1228070175438
4,3,10,35.0,25.0,9.5,0.7324289319478214,0.26757106805217856,649.1228070175438
5,3,10,45.0,25.0,9.5,0.7213512608791359,0.2786487391208641,649.1228070175438
6,3,10,55.0,25.0,9.5,0.7110581834659186,0.28894181653408135,649.1228070175438
7,3,10,65.0,25.0,9.5,0.7015685143544873,0.2984314856455127,649.1228070175438
8,3,10,75.0,25.0,9.5,0.6928236548279889,0.3071763451720111,649.1228070175438
9,3,10,85.0,25.0,9.5,0.6847534647590767,0.3152465352409233,649.1228070175438
10,3,10,95.0,25.0,9.5,0.6772603253818356,0.32273967461816444,649.1228070175438
11,3,10,105.0,25.0,9.5,0.670258403119792,0.329741596880208,649.1228070175438
12,3,10,115.0,25.0,9.5,0.6636887790914099,0.3363112209085901,649.1228070175438
13,3,10,125.0,25.0,9.5,0.6574920203357899,0.3425079796642101,649.1228070175438
14,3,10,135.0,25.0,9.5,0.651633573505507,0.348366426494493,649.1228070175438
15,3,10,145.0,25.0,9.5,0.6460759631604835,0.35392403683951645,649.1228070175438
16,3,10,155.0,25.0,9.5,0.6407814451263285,0.3592185548736715,649.1228070175438
17,3,10,165.0,25.0,9.5,0.6357183063490485,0.36428169365095153,649.1228070175438
18,3,10,175.0,25.0,9.5,0.6308602241934385,0.36913977580656154,649.1228070175438
19,3,10,185.0,25.0,9.5,0.6261844808605082,0.37381551913949185,649.1228070175438
20,3,10,195.0,25.0,9.5,0.6216725632608093,0.37832743673919067,649.1228070175438
21,3,10,205.0,25.0,9.5,0.6173072079520885,0.3826927920479115,649.1228070175438
22,3,10,215.0,25.0,9.5,0.6130718437234227,0.3869281562765773,649.1228070175438
23,3,10,225.0,25.0,9.5,0.608948317944888,0.391051682055112,649.1228070175438
24,3,10,235.0,25.0,9.5,0.6049170850155526,0.39508291498444736,649.1228070175438
25,3,10,245.0,25.0,9.5,0.6009609427737943,0.3990390572262057,649.1228070175438
26,3,10,255.0,25.0,9.5,0.5970606024994889,0.4029393975005111,649.1228070175438
27,3,10,265.0,25.0,9.5,0.5931991420461301,0.4068008579538699,649.1228070175438
28,3,10,275.0,25.0,9.5,0.5893664110582277,0.41063358894177227,649.1228070175438
29,3,10,285.0,25.0,9.5,0.5855572456193227,0.41444275438067735,649.1228070175438
30,3,10,295.0,25.0,9.5,0.581766369765345,0.418233630234655,649.1228070175438
31,3,10,305.0,25.0,9.5,0.5779846236481461,0.42201537635185393,649.1228070175438
32,3,10,315.0,25.0,9.5,0.5742027279964441,0.4257972720035559,649.1228070175438
33,3,10,325.0,25.0,9.5,0.5704093665852047,0.4295906334147953,649.1228070175438
34,3,10,335.0,25.0,9.5,0.5665914377015292,0.4334085622984708,649.1228070175438
35,3,10,345.0,25.0,9.5,0.56273250780384,0.43726749219616,649.1228070175438
36,3,10,355.0,25.0,9.5,0.5588161080880926,0.44118389191190743,649.1228070175438
37,3,10,365.0,25.0,9.5,0.5548207441164795,0.4451792558835205,649.1228070175438
38,3,10,375.0,25.0,9.5,0.5507188891675907,0.4492811108324093,649.1228070175438
39,3,10,385.0,25.0,9.5,0.5464742378528512,0.4535257621471488,649.1228070175438
40,3,10,395.0,25.0,9.5,0.5420426401407054,0.45795735985929464,649.1228070175438
41,3,10,405.0,25.0,9.5,0.5373629508979153,0.4626370491020847,649.1228070175438
42,3,10,415.0,25.0,9.5,0.5323464866160263,0.46765351338397365,649.1228070175438
43,3,10,425.0,25.0,9.5,0.5268632342393743,0.4731367657606257,649.1228070175438
44,3,10,435.0,25.0,9.5,0.5206575589552366,0.4793424410447634,649.1228070175438
45,3,10,445.0,25.0,9.5,0.5133113273990281,0.4866886726009719,649.1228070175438
46,3,10,455.0,25.0,9.5,0.503915984982798,0.496084015017202,649.1228070175438
47,3,10,465.0,25.0,9.5,0.49013334835792033,0.5098666516420797,649.1228070175438
48,3,10,475.0,25.0,9.5,0.4656368089105437,0.5343631910894563,649.1228070175438
49,3,10,485.0,25.0,9.5,0.4165545841811467,0.5834454158188533,649.1228070175438
50,3,10,495.0,25.0,9.5,0.32615499320042396,0.673845006799576,649.1228070175438
1,4,10,5.0,35.0,9.5,0.7834388937599998,0.21656110624000025,649.1228070175438
2,4,10,15.0,35.0,9.5,0.7728837993448101,0.2271162006551899,649.1228070175438
3,4,10,25.0,35.0,9.5,0.7605529944656922,0.23944700553430776,649.1228070175438
4,4,10,35.0,35.0,9.5,0.7479816778807222,0.25201832211927777,649.1228070175438
5,4,10,45.0,35.0,9.5,0.7360039815138203,0.2639960184861797,649.1228070175438
6,4,10,55.0,35.0,9.5,0.7250506025701345,0.27494939742986546,649.1228070175438
7,4,10,65.0,35.0,9.5,0.7150397557963576,0.2849602442036424,649.1228070175438
8,4,10,75.0,35.0,9.5,0.7058546171576926,0.2941453828423074,649.1228070175438
9,4,10,85.0,35.0,9.5,0.6973642389430237,0.3026357610569763,649.1228070175438
10,4,10,95.0,35.0,9.5,0.6894817174778589,0.3105182825221411,649.1228070175438
11,4,10,105.0,35.0,9.5,0.6821299156514264,0.31787008434857356,649.1228070175438
12,4,10,115.0,35.0,9.5,0.6752357216095439,0.3247642783904561,649.1228070175438
13,4,10,125.0,35.0,9.5,0.6687397465134187,0.3312602534865813,649.1228070175438
14,4,10,135.0,35.0,9.5,0.6625785769665976,0.3374214230334024,649.1228070175438
15,4,10,145.0,35.0,9.5,0.6567150310495603,0.3432849689504397,649.1228070175438
16,4,10,155.0,35.0,9.5,0.6511162764815027,0.3488837235184973,649.1228070175438
17,4,10,165.0,35.0,9.5,0.6457540950899975,0.3542459049100025,649.1228070175438
18,4,10,175.0,35.0,9.5,0.6406047533875447,0.35939524661245525,649.1228070175438
19,4,10,185.0,35.0,9.5,0.6356501963383117,0.36434980366168834,649.1228070175438
20,4,10,195.0,35.0,9.5,0.6308728400549283,0.3691271599450717,649.1228070175438
21,4,10,205.0,35.0,9.5,0.6262546000824731,0.37374539991752687,649.1228070175438
22,4,10,215.0,35.0,9.5,0.6217791436575534,0.3782208563424466,649.1228070175438
23,4,10,225.0,35.0,9.5,0.6174293457078418,0.3825706542921582,649.1228070175438
24,4,10,235.0,35.0,9.5,0.6131880677083769,0.38681193229162314,649.1228070175438
25,4,10,245.0,35.0,9.5,0.6090380109139308,0.39096198908606916,649.1228070175438
26,4,10,255.0,35.0,9.5,0.6049615575264279,0.3950384424735721,649.1228070175438
27,4,10,265.0,35.0,9.5,0.6009422263359293,0.3990577736640707,649.1228070175438
28,4,10,275.0,35.0,9.5,0.5969586918012596,0.4030413081987404,649.1228070175438
29,4,10,285.0,35.0,9.5,0.5929998155088403,0.4070001844911597,649.1228070175438
30,4,10,295.0,35.0,9.5,0.5890601254258324,0.4109398745741676,649.1228070175438
31,4,10,305.0,35.0,9.5,0.5851336709021058,0.4148663290978942,649.1228070175438
32,4,10,315.0,35.0,9.5,0.5812141713885464,0.41878582861145364,649.1228070175438
33,4,10,325.0,35.0,9.5,0.5772885720492545,0.42271142795074546,649.1228070175438
34,4,10,335.0,35.0,9.5,0.5733439226035777,0.4266560773964223,649.1228070175438
35,4,10,345.0,35.0,9.5,0.5693662405648171,0.4306337594351829,649.1228070175438
36,4,10,355.0,35.0,9.5,0.5653407126152447,0.43465928738475534,649.1228070175438
37,4,10,365.0,35.0,9.5,0.5612487061097842,0.43875129389021583,649.1228070175438
38,4,10,375.0,35.0,9.5,0.5570647245268047,0.44293527547319533,649.1228070175438
39,4,10,385.0,35.0,9.5,0.5527582697232005,0.4472417302767995,649.1228070175438
40,4,10,395.0,35.0,9.5,0.5482915752658272,0.45170842473417283,649.1228070175438
41,4,10,405.0,35.0,9.5,0.5436162516821953,0.4563837483178047,649.1228070175438
42,4,10,415.0,35.0,9.5,0.5386668239670509,0.4613331760329491,649.1228070175438
43,4,10,425.0,35.0,9.5,0.5333552209881226,0.4666447790118774,649.1228070175438
44,4,10,435.0,35.0,9.5,0.5275673398595516,0.4724326601404484,649.1228070175438
45,4,10,445.0,35.0,9.5,0.5210276241131537,0.47897237588684627,649.1228070175438
46,4,10,455.0,35.0,9.5,0.5132372709922836,0.48676272900771644,649.1228070175438
47,4,10,465.0,35.0,9.5,0.5030821226245391,0.4969178773754609,649.1228070175438
48,4,10,475.0,35.0,9.5,0.48681121197571386,0.5131887880242861,649.1228070175438
49,4,10,485.0,35.0,9.5,0.4540397737463214,0.5459602262536787,649.1228070175438
50,4,10,495.0,35.0,9.5,0.38696624343134567,0.6130337565686543,649.1228070175438
1,5,10,5.0,45.0,9.5,0.7951443204504269,0.20485567954957307,649.1228070175438
2,5,10,15.0,45.0,9.5,0.7861964131574267,0.21380358684257328,649.1228070175438
3,5,10,25.0,45.0,9.5,0.7739707762415508,0.22602922375844925,649.1228070175438
4,5,10,35.0,45.0,9.5,0.7609796372542664,0.23902036274573357,649.1228070175438
5,5,10,45.0,45.0,9.5,0.7486179434835315,0.2513820565164685,649.1228070175438
6,5,10,55.0,45.0,9.5,0.7371079188461966,0.26289208115380336,649.1228070175438
7,5,10,65.0,45.0,9.5,0.7265811736911495,0.2734188263088505,649.1228070175438
8,5,10,75.0,45.0,9.5,0.7169608595590783,0.2830391404409217,649.1228070175438
9,5,10,85.0,45.0,9.5,0.7081262795954579,0.29187372040454207,649.1228070175438
10,5,10,95.0,45.0,9.5,0.6999588999200691,0.3000411000799309,649.1228070175438
11,5,10,105.0,45.0,9.5,0.6923660315702422,0.30763396842975776,649.1228070175438
12,5,10,115.0,45.0,9.5,0.6852561385216973,0.3147438614783027,649.1228070175438
13,5,10,125.0,45.0,9.5,0.6785701325723648,0.32142986742763524,649.1228070175438
14,5,10,135.0,45.0,9.5,0.672241723209533,0.327758276790467,649.1228070175438
15,5,10,145.0,45.0,9.5,0.6662325121533068,0.3337674878466932,649.1228070175438
16,5,10,155.0,45.0,9.5,0.6605024051407322,0.3394975948592678,649.1228070175438
17,5,10,165.0,45.0,9.5,0.6550170527273445,0.34498294727265555,649.1228070175438
18,5,10,175.0,45.0,9.5,0.6497469033975556,0.3502530966024444,649.1228070175438
19,5,10,185.0,45.0,9.5,0.6446653330168943,0.3553346669831057,649.1228070175438
20,5,10,195.0,45.0,9.5,0.6397518204584446,0.3602481795415554,649.1228070175438
21,5,10,205.0,45.0,9.5,0.6349899295343377,0.36501007046566225,649.1228070175438
22,5,10,215.0,45.0,9.5,0.6303651634940579,0.3696348365059421,649.1228070175438
23,5,10,225.0,45.0,9.5,0.6258623283519236,0.37413767164807643,649.1228070175438
24,5,10,235.0,45.0,9.5,0.6214674004496616,0.37853259955033836,649.1228070175438
25,5,10,245.0,45.0,9.5,0.6171651897845041,0.3828348102154959,649.1228070175438
26,5,10,255.0,45.0,9.5,0.6129391828343346,0.3870608171656654,649.1228070175438
27,5,10,265.0,45.0,9.5,0.60877133240535,0.39122866759465,649.1228070175438
28,5,10,275.0,45.0,9.5,0.6046425105147359,0.39535748948526406,649.1228070175438
29,5,10,285.0,45.0,9.5,0.6005375837885361,0.39946241621146394,649.1228070175438
30,5,10,295.0,45.0,9.5,0.5964505707974106,0.4035494292025894,649.1228070175438
31,5,10,305.0,45.0,9.5,0.5923747241544616,0.4076252758455384,649.1228070175438
32,5,10,315.0,45.0,9.5,0.5883028024954702,0.4116971975045298,649.1228070175438
33,5,10,325.0,45.0,9.5,0.5842250407698679,0.4157749592301321,649.1228070175438
34,5,10,335.0,45.0,9.5,0.5801291547006432,0.4198708452993568,649.1228070175438
35,5,10,345.0,45.0,9.5,0.5759992395120427,0.4240007604879573,649.1228070175438
36,5,10,355.0,45.0,9.5,0.571816863822876,0.428183136177124,649.1228070175438
37,5,10,365.0,45.0,9.5,0.5675617260372373,0.4324382739627627,649.1228070175438
38,5,10,375.0,45.0,9.5,0.5632082594770892,0.4367917405229108,649.1228070175438
39,5,10,385.0,45.0,9.5,0.5587241587137697,0.4412758412862303,649.1228070175438
40,5,10,395.0,45.0,9.5,0.5540679739165647,0.4459320260834353,649.1228070175438
41,5,10,405.0,45.0,9.5,0.5491874899460951,0.4508125100539049,649.1228070175438
42,5,10,415.0,45.0,9.5,0.544014838123695,0.455985161876305,649.1228070175438
43,5,10,425.0,45.0,9.5,0.5384590742223866,0.4615409257776134,649.1228070175438
44,5,10,435.0,45.0,9.5,0.5323999296557317,0.4676000703442683,649.1228070175438
45,5,10,445.0,45.0,9.5,0.5256738497343163,0.4743261502656837,649.1228070175438
46,5,10,455.0,45.0,9.5,0.5180170085064795,0.48198299149352053,649.1228070175438
47,5,10,465.0,45.0,9.5,0.5085747107515491,0.49142528924845086,649.1228070175438
48,5,10,475.0,45.0,9.5,0.4945022509246964,0.5054977490753036,649.1228070175438
49,5,10,485.0,45.0,9.5,0.46641897797935744,0.5335810220206425,649.1228070175438
50,5,10,495.0,45.0,9.5,0.4084518501065087,0.5915481498934914,649.1228070175438
1,6,10,5.0,55.0,9.5,0.7841962248662164,0.21580377513378357,649.1228070175438
2,6,10,15.0,55.0,9.5,0.7742268303950842,0.22577316960491578,649.1228070175438
3,6,10,25.0,55.0,9.5,0.7625371585291244,0.2374628414708756,649.1228070175438
4,6,10,35.0,55.0,9.5,0.7505196533198466,0.2494803466801534,649.1228070175438
5,6,10,45.0,55.0,9.5,0.7389891690330294,0.26101083096697064,649.1228070175438
6,6,10,55.0,55.0,9.5,0.7282355582926249,0.2717644417073751,649.1228070175438
7,6,10,65.0,55.0,9.5,0.7183162881501938,0.28168371184980623,649.1228070175438
8,6,10,75.0,55.0,9.5,0.7091694652724582,0.29083053472754183,649.1228070175438
9,6,10,85.0,55.0,9.5,0.7007036190170759,0.2992963809829241,649.1228070175438
10,6,10,95.0,55.0,9.5,0.6928355175391342,0.3071644824608658,649.1228070175438
11,6,10,105.0,55.0,9.5,0.6854738625201988,0.3145261374798012,649.1228070175438
12,6,10,115.0,55.0,9.5,0.6785632509411583,0.3214367490588417,649.1228070175438
13,6,10,125.0,55.0,9.5,0.6720333732705611,0.3279666267294389,649.1228070175438
14,6,10,135.0,55.0,9.5,0.665844969533484,0.33415503046651596,649.1228070175438
15,6,10,145.0,55.0,9.5,0.6599561596495735,0.34004384035042645,649.1228070175438
16,6,10,155.0,55.0,9.5,0.6543307484980176,0.34566925150198236,649.1228070175438
17,6,10,165.0,55.0,9.5,0.6489391167300723,0.3510608832699277,649.1228070175438
18,6,10,175.0,55.0,9.5,0.6437584515492534,0.3562415484507466,649.1228070175438
19,6,10,185.0,55.0,9.5,0.6387671058268612,0.36123289417313875,649.1228070175438
20,6,10,195.0,55.0,9.5,0.633945970264662,0.36605402973533796,649.1228070175438
21,6,10,205.0,55.0,9.5,0.6292777583538842,0.3707222416461158,649.1228070175438
22,6,10,215.0,55.0,9.5,0.624746787437033,0.37525321256296695,649.1228070175438
23,6,10,225.0,55.0,9.5,0.6203386348829706,0.3796613651170294,649.1228070175438
24,6,10,235.0,55.0,9.5,0.6160386153310636,0.38396138466893637,649.1228070175438
25,6,10,245.0,55.0,9.5,0.6118305327078938,0.3881694672921062,649.1228070175438
26,6,10,255.0,55.0,9.5,0.6076966089410496,0.3923033910589504,649.1228070175438
27,6,10,265.0,55.0,9.5,0.603617277113691,0.39638272288630905,649.1228070175438
28,6,10,275.0,55.0,9.5,0.5995719393428383,0.40042806065716174,649.1228070175438
29,6,10,285.0,55.0,9.5,0.595548545928554,0.404451454071446,649.1228070175438
30,6,10,295.0,55.0,9.5,0.5915416036564154,0.4084583963435846,649.1228070175438
31,6,10,305.0,55.0,9.5,0.587543622504623,0.412456377495377,649.1228070175438
32,6,10,315.0,55.0,9.5,0.5835459711325254,0.4164540288674746,649.1228070175438
33,6,10,325.0,55.0,9.5,0.5795377000673234,0.4204622999326766,649.1228070175438
34,6,10,335.0,55.0,9.5,0.5755062510353982,0.4244937489646018,649.1228070175438
35,6,10,345.0,55.0,9.5,0.5714379459449666,0.42856205405503345,649.1228070175438
36,6,10,355.0,55.0,9.5,0.5673138169416181,0.4326861830583819,649.1228070175438
37,6,10,365.0,55.0,9.5,0.5631109863931206,0.4368890136068794,649.1228070175438
38,6,10,375.0,55.0,9.5,0.5587971298934938,0.44120287010650616,649.1228070175438
39,6,10,385.0,55.0,9.5,0.5543348978634555,0.44566510213654453,649.1228070175438
40,6,10,395.0,55.0,9.5,0.5496761701470988,0.4503238298529012,649.1228070175438
41,6,10,405.0,55.0,9.5,0.544756326173958,0.45524367382604203,649.1228070175438
42,6,10,415.0,55.0,9.5,0.53948456223757,0.46051543776243,649.1228070175438
43,6,10,425.0,55.0,9.5,0.5337277473563866,0.4662722526436134,649.1228070175438
44,6,10,435.0,55.0,9.5,0.5272770268639777,0.4727229731360223,649.1228070175438
45,6,10,445.0,55.0,9.5,0.5197622895662248,0.48023771043377517,649.1228070175438
46,6,10,455.0,55.0,9.5,0.5103933175904534,0.48960668240954663,649.1228070175438
47,6,10,465.0,55.0,9.5,0.49715140659359475,0.5028485934064053,649.1228070175438
48,6,10,475.0,55.0,9.5,0.47471764589095505,0.525282354109045,649.1228070175438
49,6,10,485.0,55.0,9.5,0.4322949983587203,0.5677050016412797,649.1228070175438
50,6,10,495.0,55.0,9.5,0.3600780957069425,0.6399219042930575,649.1228070175438
1,7,10,5.0,65.0,9.5,0.7686087482485615,0.2313912517514385,649.1228070175438
2,7,10,15.0,65.0,9.5,0.7589920270651289,0.24100797293487108,649.1228070175438
3,7,10,25.0,65.0,9.5,0.7480818026361197,0.2519181973638803,649.1228070175438
4,7,10,35.0,65.0,9.5,0.736971136623465,0.26302886337653497,649.1228070175438
5,7,10,45.0,65.0,9.5,0.7262663109782306,0.2737336890217694,649.1228070175438
6,7,10,55.0,65.0,9.5,0.7162199247019512,0.28378007529804883,649.1228070175438
7,7,10,65.0,65.0,9.5,0.7068875673509998,0.2931124326490002,649.1228070175438
8,7,10,75.0,65.0,9.5,0.6982362493165846,0.30176375068341543,649.1228070175438
9,7,10,85.0,65.0,9.5,0.6901973391359063,0.3098026608640937,649.1228070175438
10,7,10,95.0,65.0,9.5,0.6827072510015301,0.31729274899846993,649.1228070175438
11,7,10,105.0,65.0,9.5,0.6756887892834238,0.3243112107165762,649.1228070175438
12,7,10,115.0,65.0,9.5,0.6690928428476892,0.3309071571523108,649.1228070175438
13,7,10,125.0,65.0,9.5,0.6628583463132993,0.3371416536867007,649.1228070175438
14,7,10,135.0,65.0,9.5,0.6569460058963913,0.3430539941036087,649.1228070175438
15,7,10,145.0,65.0,9.5,0.6513190300210763,0.3486809699789237,649.1228070175438
16,7,10,155.0,65.0,9.5,0.6459442561812164,0.3540557438187836,649.1228070175438
17,7,10,165.0,65.0,9.5,0.6407942609148292,0.35920573908517084,649.1228070175438
18,7,10,175.0,65.0,9.5,0.6358458995615532,0.36415410043844676,649.1228070175438
19,7,10,185.0,65.0,9.5,0.6310788950876794,0.36892110491232055,649.1228070175438
20,7,10,195.0,65.0,9.5,0.6264749330554864,0.3735250669445136,649.1228070175438
21,7,10,205.0,65.0,9.5,0.6220159711859854,0.3779840288140146,649.1228070175438
22,7,10,215.0,65.0,9.5,0.6176852373897755,0.38231476261022446,649.1228070175438
23,7,10,225.0,65.0,9.5,0.6134663431646228,0.3865336568353772,649.1228070175438
24,7,10,235.0,65.0,9.5,0.6093430371267436,0.39065696287325635,649.1228070175438
25,7,10,245.0,65.0,9.5,0.6052987419822894,0.3947012580177106,649.1228070175438
26,7,10,255.0,65.0,9.5,0.6013159681891936,0.39868403181080636,649.1228070175438
27,7,10,265.0,65.0,9.5,0.5973730401315839,0.4026269598684161,649.1228070175438
28,7,10,275.0,65.0,9.5,0.5934548926356289,0.4065451073643711,649.1228070175438
29,7,10,285.0,65.0,9.5,0.5895560854829901,0.4104439145170099,649.1228070175438
30,7,10,295.0,65.0,9.5,0.5856722457427727,0.41432775425722734,649.1228070175438
31,7,10,305.0,65.0,9.5,0.5817959893250212,0.4182040106749788,649.1228070175438
32,7,10,315.0,65.0,9.5,0.5779151325576377,0.4220848674423623,649.1228070175438
33,7,10,325.0,65.0,9.5,0.5740171031104678,0.42598289688953217,649.1228070175438
34,7,10,335.0,65.0,9.5,0.5700876787063635,0.42991232129363655,649.1228070175438
35,7,10,345.0,65.0,9.5,0.5661115875732194,0.43388841242678056,649.1228070175438
36,7,10,355.0,65.0,9.5,0.5620663815612985,0.4379336184387015,649.1228070175438
37,7,10,365.0,65.0,9.5,0.5579278237116391,0.44207217628836093,649.1228070175438
38,7,10,375.0,65.0,9.5,0.5536680173947682,0.44633198260523177,649.1228070175438
39,7,10,385.0,65.0,9.5,0.5492339839374952,0.45076601606250477,649.1228070175438
40,7,10,395.0,65.0,9.5,0.5445657581146648,0.4554342418853352,649.1228070175438
41,7,10,405.0,65.0,9.5,0.5395771810507026,0.4604228189492974,649.1228070175438
42,7,10,415.0,65.0,9.5,0.5341427981848585,0.46585720181514145,649.1228070175438
43,7,10,425.0,65.0,9.5,0.528064804049042,0.471935195950958,649.1228070175438
44,7,10,435.0,65.0,9.5,0.5209976538613189,0.4790023461386811,649.1228070175438
45,7,10,445.0,65.0,9.5,0.5122664285734042,0.4877335714265958,649.1228070175438
46,7,10,455.0,65.0,9.5,0.5003535616866988,0.49964643831330124,649.1228070175438
47,7,10,465.0,65.0,9.5,0.4815518608787356,0.5184481391212644,649.1228070175438
48,7,10,475.0,65.0,9.5,0.4475481291509734,0.5524518708490266,649.1228070175438
49,7,10,485.0,65.0,9.5,0.3858529450601797,0.6141470549398202,649.1228070175438
50,7,10,495.0,65.0,9.5,0.2940620510083957,0.7059379489916042,649.1228070175438
1,8,10,5.0,75.0,9.5,0.7470543658669357,0.25294563413306426,649.1228070175438
2,8,10,15.0,75.0,9.5,0.7385147260872679,0.26148527391273213,649.1228070175438
3,8,10,25.0,75.0,9.5,0.7287611131559923,0.27123888684400765,649.1228070175438
4,8,10,35.0,75.0,9.5,0.7187734119673899,0.28122658803261014,649.1228070175438
5,8,10,45.0,75.0,9.5,0.7090689818039141,0.2909310181960859,649.1228070175438
6,8,10,55.0,75.0,9.5,0.6998788193888136,0.3001211806111864,649.1228070175438
7,8,10,65.0,75.0,9.5,0.6912766326907933,0.3087233673092067,649.1228070175438
8,8,10,75.0,75.0,9.5,0.6832546057744668,0.31674539422553316,649.1228070175438
9,8,10,85.0,75.0,9.5,0.6757657216805273,0.3242342783194727,649.1228070175438
10,8,10,95.0,75.0,9.5,0.6687677419251467,0.33123225807485335,649.1228070175438
11,8,10,105.0,75.0,9.5,0.6621976609459497,0.3378023390540503,649.1228070175438
12,8,10,115.0,75.0,9.5,0.6560131290666674,0.3439868709333326,649.1228070175438
13,8,10,125.0,75.0,9.5,0.6501704067577314,0.3498295932422686,649.1228070175438
14,8,10,135.0,75.0,9.5,0.644628290102787,0.355371709897213,649.1228070175438
15,8,10,145.0,75.0,9.5,0.639352053437823,0.360647946562177,649.1228070175438
16,8,10,155.0,75.0,9.5,0.6343130323531766,0.3656869676468234,649.1228070175438
17,8,10,165.0,75.0,9.5,0.6294859374077904,0.37051406259220965,649.1228070175438
18,8,10,175.0,75.0,9.5,0.6248489597854802,0.37515104021451984,649.1228070175438
19,8,10,185.0,75.0,9.5,0.6203836460698149,0.3796163539301851,649.1228070175438
20,8,10,195.0,75.0,9.5,0.6160711907422415,0.3839288092577585,649.1228070175438
21,8,10,205.0,75.0,9.5,0.6118919755807093,0.3881080244192907,649.1228070175438
22,8,10,215.0,75.0,9.5,0.6078259785325316,0.3921740214674684,649.1228070175438
23,8,10,225.0,75.0,9.5,0.6038536316866681,0.39614636831333194,649.1228070175438
24,8,10,235.0,75.0,9.5,0.5999573898095707,0.4000426101904293,649.1228070175438
25,8,10,245.0,75.0,9.5,0.596122388746383,0.403877611253617,649.1228070175438
26,8,10,255.0,75.0,9.5,0.5923277321640884,0.4076722678359116,649.1228070175438
27,8,10,265.0,75.0,9.5,0.5885616427238943,0.41143835727610567,649.1228070175438
28,8,10,275.0,75.0,9.5,0.5848181621271572,0.4151818378728428,649.1228070175438
29,8,10,285.0,75.0,9.5,0.5810942680083984,0.41890573199160164,649.1228070175438
30,8,10,295.0,75.0,9.5,0.5773816111067339,0.4226183888932661,649.1228070175438
31,8,10,305.0,75.0,9.5,0.5736697592240675,0.4263302407759325,649.1228070175438
32,8,10,315.0,75.0,9.5,0.5699458987504004,0.43005410124959964,649.1228070175438
33,8,10,325.0,75.0,9.5,0.5661984697604224,0.43380153023957757,649.1228070175438
34,8,10,335.0,75.0,9.5,0.5624100572073388,0.43758994279266117,649.1228070175438
35,8,10,345.0,75.0,9.5,0.5585616853377728,0.44143831466222716,649.1228070175438
36,8,10,355.0,75.0,9.5,0.5546285050734403,0.4453714949265597,649.1228070175438
37,8,10,365.0,75.0,9.5,0.5505795504019644,0.4494204495980356,649.1228070175438
38,8,10,375.0,75.0,9.5,0.5463752765545256,0.45362472344547444,649.1228070175438
39,8,10,385.0,75.0,9.5,0.5419750731873073,0.4580249268126927,649.1228070175438
40,8,10,395.0,75.0,9.5,0.5372848338034061,0.4627151661965939,649.1228070175438
41,8,10,405.0,75.0,9.5,0.532189132650275,0.467810867349725,649.1228070175438
42,8,10,415.0,75.0,9.5,0.5265133374261377,0.4734866625738623,649.1228070175438
43,8,10,425.0,75.0,9.5,0.5199696136919943,0.48003038630800565,649.1228070175438
44,8,10,435.0,75.0,9.5,0.5120257157707196,0.48797428422928035,649.1228070175438
45,8,10,445.0,75.0,9.5,0.5015914767873546,0.4984085232126454,649.1228070175438
46,8,10,455.0,75.0,9.5,0.4861293142619146,0.5138706857380855,649.1228070175438
47,8,10,465.0,75.0,9.5,0.45962488501427695,0.540375114985723,649.1228070175438
48,8,10,475.0,75.0,9.5,0.410264769601468,0.5897352303985319,649.1228070175438
49,8,10,485.0,75.0,9.5,0.3259260200631401,0.6740739799368599,649.1228070175438
50,8,10,495.0,75.0,9.5,0.22540126152735282,0.7745987384726472,649.1228070175438
1,9,10,5.0,85.0,9.5,0.7167398649890206,0.28326013501097935,649.1228070175438
2,9,10,15.0,85.0,9.5,0.7096806952404244,0.29031930475957557,649.1228070175438
3,9,10,25.0,85.0,9.5,0.7014143633557754,0.29858563664422455,649.1228070175438
4,9,10,35.0,85.0,9.5,0.6927955734934781,0.3072044265065219,649.1228070175438
5,9,10,45.0,85.0,9.5,0.6842900749086046,0.3157099250913954,649.1228070175438
6,9,10,55.0,85.0,9.5,0.6761290044308153,0.32387099556918475,649.1228070175438
7,9,10,65.0,85.0,9.5,0.6684086316766472,0.3315913683233528,649.1228070175438
8,9,10,75.0,85.0,9.5,0.661141685647581,0.338858314352419,649.1228070175438
9,9,10,85.0,85.0,9.5,0.6543223314366711,0.34567766856332893,649.1228070175438
10,9,10,95.0,85.0,9.5,0.6479136817704692,0.35208631822953085,649.1228070175438
11,9,10,105.0,85.0,9.5,0.6418833750950358,0.3581166249049642,649.1228070175438
12,9,10,115.0,85.0,9.5,0.6361978729968619,0.3638021270031381,649.1228070175438
13,9,10,125.0,85.0,9.5,0.6308224842061669,0.36917751579383307,649.1228070175438
14,9,10,135.0,85.0,9.5,0.6257242887916152,0.37427571120838476,649.1228070175438
15,9,10,145.0,85.0,9.5,0.6208731912851415,0.3791268087148585,649.1228070175438
16,9,10,155.0,85.0,9.5,0.6162413084990139,0.38375869150098607,649.1228070175438
17,9,10,165.0,85.0,9.5,0.6118049174198037,0.3881950825801963,649.1228070175438
18,9,10,175.0,85.0,9.5,0.6075440354716545,0.3924559645283455,649.1228070175438
19,9,10,185.0,85.0,9.5,0.6034415949675195,0.3965584050324805,649.1228070175438
20,9,10,195.0,85.0,9.5,0.5994795931979502,0.4005204068020498,649.1228070175438
21,9,10,205.0,85.0,9.5,0.5956373047477533,0.40436269525224666,649.1228070175438
22,9,10,215.0,85.0,9.5,0.5918912052244614,0.40810879477553863,649.1228070175438
23,9,10,225.0,85.0,9.5,0.5882151195672155,0.4117848804327845,649.1228070175438
24,9,10,235.0,85.0,9.5,0.5845921030351048,0.4154078969648952,649.1228070175438
25,9,10,245.0,85.0,9.5,0.5810152888628888,0.4189847111371112,649.1228070175438
26,9,10,255.0,85.0,9.5,0.5774762357279206,0.4225237642720794,649.1228070175438
27,9,10,265.0,85.0,9.5,0.5739649045973153,0.4260350954026847,649.1228070175438
28,9,10,275.0,85.0,9.5,0.570475356863999,0.429524643136001,649.1228070175438
29,9,10,285.0,85.0,9.5,0.5670036244373378,0.43299637556266224,649.1228070175438
30,9,10,295.0,85.0,9.5,0.5635386966619329,0.4364613033380671,649.1228070175438
31,9,10,305.0,85.0,9.5,0.5600690447278001,0.43993095527219994,649.1228070175438
32,9,10,315.0,85.0,9.5,0.5565828250444853,0.4434171749555147,649.1228070175438
33,9,10,325.0,85.0,9.5,0.5530614118442908,0.4469385881557092,649.1228070175438
34,9,10,335.0,85.0,9.5,0.5494866072560017,0.45051339274399826,649.1228070175438
35,9,10,345.0,85.0,9.5,0.5458365147732829,0.4541634852267171,649.1228070175438
36,9,10,355.0,85.0,9.5,0.542079992327783,0.45792000767221697,649.1228070175438
37,9,10,365.0,85.0,9.5,0.5381760926351765,0.4618239073648235,649.1228070175438
38,9,10,375.0,85.0,9.5,0.5340737628513916,0.46592623714860837,649.1228070175438
39,9,10,385.0,85.0,9.5,0.529702053844597,0.470297946155403,649.1228070175438
40,9,10,395.0,85.0,9.5,0.5249779707438932,0.4750220292561068,649.1228070175438
41,9,10,405.0,85.0,9.5,0.5197006286805748,0.48029937131942524,649.1228070175438
42,9,10,415.0,85.0,9.5,0.513619894268751,0.486380105731249,649.1228070175438
43,9,10,425.0,85.0,9.5,0.5062789457131709,0.4937210542868291,649.1228070175438
44,9,10,435.0,85.0,9.5,0.49683221619673856,0.5031677838032614,649.1228070175438
45,9,10,445.0,85.0,9.5,0.4835899885840147,0.5164100114159853,649.1228070175438
46,9,10,455.0,85.0,9.5,0.46226189192437,0.53773810807563,649.1228070175438
47,9,10,465.0,85.0,9.5,0.4231591044912938,0.5768408955087062,649.1228070175438
48,9,10,475.0,85.0,9.5,0.35023153055474443,0.6497684694452556,649.1228070175438
49,9,10,485.0,85.0,9.5,0.24472434207618393,0.755275657923816,649.1228070175438
50,9,10,495.0,85.0,9.5,0.20133989209677514,0.7986601079032248,649.1228070175438
1,10,10,5.0,95.0,9.5,0.6656364261786046,0.33436357382139537,649.1228070175438
2,10,10,15.0,95.0,9.5,0.660286035693443,0.339713964306557,649.1228070175438
3,10,10,25.0,95.0,9.5,0.6537837247541752,0.34621627524582477,649.1228070175438
4,10,10,35.0,95.0,9.5,0.6467936229469553,0.3532063770530447,649.1228070175438
5,10,10,45.0,95.0,9.5,0.6397228545605387,0.3602771454394613,649.1228070175438
6,10,10,55.0,95.0,9.5,0.632792457515955,0.36720754248404497,649.1228070175438
7,10,10,65.0,95.0,9.5,0.6261128726148358,0.37388712738516416,649.1228070175438
8,10,10,75.0,95.0,9.5,0.6197357802269107,0.38026421977308933,649.1228070175438
9,10,10,85.0,95.0,9.5,0.6136715591614106,0.3863284408385894,649.1228070175438
10,10,10,95.0,95.0,9.5,0.6079152672057118,0.39208473279428824,649.1228070175438
11,10,10,105.0,95.0,9.5,0.6024560267253192,0.39754397327468083,649.1228070175438
12,10,10,115.0,95.0,9.5,0.5972774777077807,0.4027225222922193,649.1228070175438
13,10,10,125.0,95.0,9.5,0.5923610476132241,0.40763895238677594,649.1228070175438
14,10,10,135.0,95.0,9.5,0.5876854957661461,0.41231450423385385,649.1228070175438
15,10,10,145.0,95.0,9.5,0.5832268547287213,0.41677314527127873,649.1228070175438
16,10,10,155.0,95.0,9.5,0.5789593419671187,0.42104065803288127,649.1228070175438
17,10,10,165.0,95.0,9.5,0.5748590299266113,0.4251409700733887,649.1228070175438
18,10,10,175.0,95.0,9.5,0.5709089250781396,0.4290910749218604,649.1228070175438
19,10,10,185.0,95.0,9.5,0.5670961886834944,0.43290381131650557,649.1228070175438
20,10,10,195.0,95.0,9.5,0.5634075210701225,0.4365924789298775,649.1228070175438
21,10,10,205.0,95.0,9.5,0.559820245892477,0.44017975410752297,649.1228070175438
22,10,10,215.0,95.0,9.5,0.5563111702080943,0.4436888297919057,649.1228070175438
23,10,10,225.0,95.0,9.5,0.5528644505082533,0.4471355494917467,649.1228070175438
24,10,10,235.0,95.0,9.5,0.5494693031540483,0.4505306968459517,649.1228070175438
25,10,10,245.0,95.0,9.5,0.5461193661384726,0.45388063386152744,649.1228070175438
26,10,10,255.0,95.0,9.5,0.5428057069658783,0.45719429303412173,649.1228070175438
27,10,10,265.0,95.0,9.5,0.539517789371373,0.46048221062862704,649.1228070175438
28,10,10,275.0,95.0,9.5,0.5362520190348823,0.4637479809651177,649.1228070175438
29,10,10,285.0,95.0,9.5,0.5330046093807506,0.46699539061924944,649.1228070175438
30,10,10,295.0,95.0,9.5,0.52976538679589,0.47023461320411,649.1228070175438
31,10,10,305.0,95.0,9.5,0.5265185603308907,0.47348143966910927,649.1228070175438
32,10,10,315.0,95.0,9.5,0.5232433924471456,0.47675660755285443,649.1228070175438
33,10,10,325.0,95.0,9.5,0.519923164501955,0.48007683549804503,649.1228070175438
34,10,10,335.0,95.0,9.5,0.5165379892479735,0.48346201075202655,649.1228070175438
35,10,10,345.0,95.0,9.5,0.5130482959635168,0.48695170403648325,649.1228070175438
36,10,10,355.0,95.0,9.5,0.5093984480972629,0.49060155190273713,649.1228070175438
37,10,10,365.0,95.0,9.5,0.5055250940275904,0.4944749059724096,649.1228070175438
38,10,10,375.0,95.0,9.5,0.5013466857716914,0.4986533142283086,649.1228070175438
39,10,10,385.0,95.0,9.5,0.49672626119275076,0.5032737388072492,649.1228070175438
40,10,10,395.0,95.0,9.5,0.49143646767497756,0.5085635323250224,649.1228070175438
41,10,10,405.0,95.0,9.5,0.48518794053920633,0.5148120594607937,649.1228070175438
42,10,10,415.0,95.0,9.5,0.47742319947291456,0.5225768005270854,649.1228070175438
43,10,10,425.0,95.0,9.5,0.4670624173219109,0.5329375826780891,649.1228070175438
44,10,10,435.0,95.0,9.5,0.4518120330694049,0.5481879669305951,649.1228070175438
45,10,10,445.0,95.0,9.5,0.42621971585961577,0.5737802841403843,649.1228070175438
46,10,10,455.0,95.0,9.5,0.3770809880071847,0.6229190119928153,649.1228070175438
47,10,10,465.0,95.0,9.5,0.287101299731271,0.712898700268729,649.1228070175438
48,10,10,475.0,95.0,9.5,0.2115297040370531,0.7884702959629469,649.1228070175438
49,10,10,485.0,95.0,9.5,0.20014021544587046,0.7998597845541295,649.1228070175438
50,10,10,495.0,95.0,9.5,0.20003229334341419,0.7999677066565858,649.1228070175438
1,1,11,5.0,5.0,10.5,0.6936483305412238,0.30635166945877623,649.1228070175439
2,1,11,15.0,5.0,10.5,0.6863793394915627,0.3136206605084373,649.1228070175439
3,1,11,25.0,5.0,10.5,0.6779995278260044,0.32200047217399563,649.1228070175439
4,1,11,35.0,5.0,10.5,0.6693533158504403,0.33064668414955967,649.1228070175439
5,1,11,45.0,5.0,10.5,0.6608750028062241,0.33912499719377587,649.1228070175439
6,1,11,55.0,5.0,10.5,0.6527644489038092,0.34723555109619075,649.1228070175439
7,1,11,65.0,5.0,10.5,0.6450884176613987,0.3549115823386013,649.1228070175439
8,1,11,75.0,5.0,10.5,0.6378625454773198,0.3621374545226802,649.1228070175439
9,1,11,85.0,5.0,10.5,0.6310605940098355,0.3689394059901645,649.1228070175439
10,1,11,95.0,5.0,10.5,0.6246579337489278,0.37534206625107225,649.1228070175439
11,1,11,105.0,5.0,10.5,0.6186180354051916,0.38138196459480844,649.1228070175439
12,1,11,115.0,5.0,10.5,0.612909945462531,0.38709005453746903,649.1228070175439
13,1,11,125.0,5.0,10.5,0.6075079980482433,0.3924920019517567,649.1228070175439
14,1,11,135.0,5.0,10.5,0.6023878169014291,0.39761218309857094,649.1228070175439
15,1,11,145.0,5.0,10.5,0.5975265750258172,0.4024734249741828,649.1228070175439
16,1,11,155.0,5.0,10.5,0.5929009713789407,0.4070990286210593,649.1228070175439
17,1,11,165.0,5.0,10.5,0.5884854473765632,0.41151455262343684,649.1228070175439
18,1,11,175.0,5.0,10.5,0.5842524934848644,0.4157475065151356,649.1228070175439
19,1,11,185.0,5.0,10.5,0.5801759881824627,0.41982401181753726,649.1228070175439
20,1,11,195.0,5.0,10.5,0.5762363464693806,0.4237636535306194,649.1228070175439
21,1,11,205.0,5.0,10.5,0.5724183683859928,0.4275816316140072,649.1228070175439
22,1,11,215.0,5.0,10.5,0.5687095483458052,0.4312904516541948,649.1228070175439
23,1,11,225.0,5.0,10.5,0.5650895294082735,0.4349104705917265,649.1228070175439
24,1,11,235.0,5.0,10.5,0.561535574189495,0.43846442581050504,649.1228070175439
25,1,11,245.0,5.0,10.5,0.5580321357727117,0.4419678642272883,649.1228070175439
26,1,11,255.0,5.0,10.5,0.5545714810696182,0.4454285189303818,649.1228070175439
27,1,11,265.0,5.0,10.5,0.5511518155551507,0.4488481844448493,649.1228070175439
28,1,11,275.0,5.0,10.5,0.5477673343145959,0.4522326656854041,649.1228070175439
29,1,11,285.0,5.0,10.5,0.5444074096261318,0.45559259037386823,649.1228070175439
30,1,11,295.0,5.0,10.5,0.5410643507303645,0.4589356492696355,649.1228070175439
31,1,11,305.0,5.0,10.5,0.5377313161628884,0.4622686838371116,649.1228070175439
32,1,11,315.0,5.0,10.5,0.5343974839872735,0.4656025160127265,649.1228070175439
33,1,11,325.0,5.0,10.5,0.5310467744664822,0.4689532255335178,649.1228070175439
34,1,11,335.0,5.0,10.5,0.5276562851491132,0.4723437148508868,649.1228070175439
35,1,11,345.0,5.0,10.5,0.5242024507104253,0.47579754928957474,649.1228070175439
36,1,11,355.0,5.0,10.5,0.5206627826117469,0.4793372173882531,649.1228070175439
37,1,11,365.0,5.0,10.5,0.5170008609908482,0.4829991390091518,649.1228070175439
38,1,11,375.0,5.0,10.5,0.5131579603565704,0.48684203964342965,649.1228070175439
39,1,11,385.0,5.0,10.5,0.5090578419192908,0.4909421580807092,649.1228070175439
40,1,11,395.0,5.0,10.5,0.5046029692646781,0.49539703073532193,649.1228070175439
41,1,11,405.0,5.0,10.5,0.4996419118244706,0.5003580881755294,649.1228070175439
42,1,11,415.0,5.0,10.5,0.4939170705527673,0.5060829294472327,649.1228070175439
43,1,11,425.0,5.0,10.5,0.4869999326997134,0.5130000673002866,649.1228070175439
44,1,11,435.0,5.0,10.5,0.47822112612763995,0.5217788738723601,649.1228070175439
45,1,11,445.0,5.0,10.5,0.46624957278510465,0.5337504272148954,649.1228070175439
46,1,11,455.0,5.0,10.5,0.4479173175066367,0.5520826824933633,649.1228070175439
47,1,11,465.0,5.0,10.5,0.41531810032622096,0.584681899673779,649.1228070175439
48,1,11,475.0,5.0,10.5,0.3487877753261109,0.6512122246738892,649.1228070175439
49,1,11,485.0,5.0,10.5,0.24402801521863884,0.7559719847813612,649.1228070175439
50,1,11,495.0,5.0,10.5,0.20135184423502056,0.7986481557649794,649.1228070175439
1,2,11,5.0,15.0,10.5,0.7396508256719564,0.2603491743280436,649.1228070175439
2,2,11,15.0,15.0,10.5,0.7304790508959356,0.26952094910406443,649.1228070175439
3,2,11,25.0,15.0,10.5,0.7201833097330258,0.2798166902669742,649.1228070175439
4,2,11,35.0,15.0,10.5,0.7098014525791289,0.29019854742087114,649.1228070175439
5,2,11,45.0,15.0,10.5,0.699832390876428,0.300167609123572,649.1228070175439
6,2,11,55.0,15.0,10.5,0.6904726938252644,0.30952730617473556,649.1228070175439
7,2,11,65.0,15.0,10.5,0.68176560748122,0.31823439251878005,649.1228070175439
8,2,11,75.0,15.0,10.5,0.6736805427330523,0.32631945726694767,649.1228070175439
9,2,11,85.0,15.0,10.5,0.6661611545188256,0.3338388454811744,649.1228070175439
10,2,11,95.0,15.0,10.5,0.6591544848565478,0.3408455151434522,649.1228070175439
11,2,11,105.0,15.0,10.5,0.6525959277208497,0.34740407227915027,649.1228070175439
12,2,11,115.0,15.0,10.5,0.6464382282043234,0.3535617717956766,649.1228070175439
13,2,11,125.0,15.0,10.5,0.6406384267492637,0.35936157325073625,649.1228070175439
14,2,11,135.0,15.0,10.5,0.6351565965141892,0.3648434034858108,649.1228070175439
15,2,11,145.0,15.0,10.5,0.6299577245126617,0.37004227548733826,649.1228070175439
16,2,11,155.0,15.0,10.5,0.6250109537489555,0.37498904625104446,649.1228070175439
17,2,11,165.0,15.0,10.5,0.6202874092715479,0.3797125907284521,649.1228070175439
18,2,11,175.0,15.0,10.5,0.6157598194547779,0.38424018054522213,649.1228070175439
19,2,11,185.0,15.0,10.5,0.6114049578909089,0.3885950421090911,649.1228070175439
20,2,11,195.0,15.0,10.5,0.6072031445299657,0.3927968554700343,649.1228070175439
21,2,11,205.0,15.0,10.5,0.6031379450468285,0.3968620549531715,649.1228070175439
22,2,11,215.0,15.0,10.5,0.5991927389850474,0.40080726101495256,649.1228070175439
23,2,11,225.0,15.0,10.5,0.5953471862397469,0.4046528137602531,649.1228070175439
24,2,11,235.0,15.0,10.5,0.5915785554723407,0.40842144452765927,649.1228070175439
25,2,11,245.0,15.0,10.5,0.5878614837378483,0.4121385162621517,649.1228070175439
26,2,11,255.0,15.0,10.5,0.5841859066301003,0.4158140933698997,649.1228070175439
27,2,11,265.0,15.0,10.5,0.5805474473829695,0.4194525526170305,649.1228070175439
28,2,11,275.0,15.0,10.5,0.5769419121661402,0.4230580878338598,649.1228070175439
29,2,11,285.0,15.0,10.5,0.5733585423910295,0.42664145760897054,649.1228070175439
30,2,11,295.0,15.0,10.5,0.5697889574495266,0.4302110425504734,649.1228070175439
31,2,11,305.0,15.0,10.5,0.5662277058230365,0.4337722941769635,649.1228070175439
32,2,11,315.0,15.0,10.5,0.5626637676375366,0.43733623236246344,649.1228070175439
33,2,11,325.0,15.0,10.5,0.5590828789049597,0.44091712109504033,649.1228070175439
34,2,11,335.0,15.0,10.5,0.5554686831244824,0.4445313168755176,649.1228070175439
35,2,11,345.0,15.0,10.5,0.5518044994126866,0.4481955005873134,649.1228070175439
36,2,11,355.0,15.0,10.5,0.5480700629113213,0.4519299370886787,649.1228070175439
37,2,11,365.0,15.0,10.5,0.5442409469358113,0.45575905306418873,649.1228070175439
38,2,11,375.0,15.0,10.5,0.5402823136259275,0.4597176863740725,649.1228070175439
39,2,11,385.0,15.0,10.5,0.5361478320276203,0.4638521679723797,649.1228070175439
40,2,11,395.0,15.0,10.5,0.5317785721577621,0.46822142784223786,649.1228070175439
41,2,11,405.0,15.0,10.5,0.5270923684247855,0.47290763157521454,649.1228070175439
42,2,11,415.0,15.0,10.5,0.5219596692212592,0.47804033077874075,649.1228070175439
43,2,11,425.0,15.0,10.5,0.5161728109254476,0.48382718907455236,649.1228070175439
44,2,11,435.0,15.0,10.5,0.5093519378738044,0.4906480621261956,649.1228070175439
45,2,11,445.0,15.0,10.5,0.5007695729941277,0.4992304270058723,649.1228070175439
46,2,11,455.0,15.0,10.5,0.4888548825416925,0.5111451174583075,649.1228070175439
47,2,11,465.0,15.0,10.5,0.46965151693988594,0.5303484830601141,649.1228070175439
48,2,11,475.0,15.0,10.5,0.4334007206052058,0.5665992793947943,649.1228070175439
49,2,11,485.0,15.0,10.5,0.36376484714492263,0.6362351528550774,649.1228070175439
50,2,11,495.0,15.0,10.5,0.25109371583519197,0.748906284164808,649.1228070175439
1,3,11,5.0,25.0,10.5,0.7659840001729157,0.23401599982708432,649.1228070175439
2,3,11,15.0,25.0,10.5,0.7556495099027902,0.24435049009720977,649.1228070175439
3,3,11,25.0,25.0,10.5,0.7440692516456352,0.2559307483543648,649.1228070175439
4,3,11,35.0,25.0,10.5,0.732428989893872,0.26757101010612805,649.1228070175439
5,3,11,45.0,25.0,10.5,0.7213512960191089,0.27864870398089114,649.1228070175439
6,3,11,55.0,25.0,10.5,0.711058180823719,0.28894181917628103,649.1228070175439
7,3,11,65.0,25.0,10.5,0.7015684609357128,0.2984315390642872,649.1228070175439
8,3,11,75.0,25.0,10.5,0.6928235374889606,0.30717646251103936,649.1228070175439
9,3,11,85.0,25.0,10.5,0.6847532747963333,0.3152467252036667,649.1228070175439
10,3,11,95.0,25.0,10.5,0.677260052756599,0.32273994724340105,649.1228070175439
11,3,11,105.0,25.0,10.5,0.6702580450891508,0.32974195491084923,649.1228070175439
12,3,11,115.0,25.0,10.5,0.6636883308730092,0.33631166912699084,649.1228070175439
13,3,11,125.0,25.0,10.5,0.6574914845543965,0.34250851544560346,649.1228070175439
14,3,11,135.0,25.0,10.5,0.6516329520743767,0.34836704792562334,649.1228070175439
15,3,11,145.0,25.0,10.5,0.6460752653656832,0.35392473463431684,649.1228070175439
16,3,11,155.0,25.0,10.5,0.6407806770278456,0.3592193229721544,649.1228070175439
17,3,11,165.0,25.0,10.5,0.6357174834192124,0.3642825165807876,649.1228070175439
18,3,11,175.0,25.0,10.5,0.6308593603958662,0.3691406396041338,649.1228070175439
19,3,11,185.0,25.0,10.5,0.626183591376591,0.37381640862340904,649.1228070175439
20,3,11,195.0,25.0,10.5,0.6216716655413449,0.3783283344586551,649.1228070175439
21,3,11,205.0,25.0,10.5,0.6173063191260497,0.3826936808739503,649.1228070175439
22,3,11,215.0,25.0,10.5,0.6130709806557968,0.3869290193442032,649.1228070175439
23,3,11,225.0,25.0,10.5,0.6089475030533866,0.39105249694661337,649.1228070175439
24,3,11,235.0,25.0,10.5,0.6049163342875075,0.39508366571249254,649.1228070175439
25,3,11,245.0,25.0,10.5,0.6009602949298309,0.39903970507016906,649.1228070175439
26,3,11,255.0,25.0,10.5,0.5970601065278444,0.40293989347215564,649.1228070175439
27,3,11,265.0,25.0,10.5,0.5931987547865525,0.4068012452134475,649.1228070175439
28,3,11,275.0,25.0,10.5,0.5893661161015119,0.4106338838984881,649.1228070175439
29,3,11,285.0,25.0,10.5,0.5855570335466546,0.41444296645334544,649.1228070175439
30,3,11,295.0,25.0,10.5,0.5817662312866844,0.41823376871331563,649.1228070175439
31,3,11,305.0,25.0,10.5,0.5779845493618233,0.4220154506381767,649.1228070175439
32,3,11,315.0,25.0,10.5,0.5742027083966801,0.4257972916033199,649.1228070175439
33,3,11,325.0,25.0,10.5,0.5704093939833066,0.4295906060166934,649.1228070175439
34,3,11,335.0,25.0,10.5,0.5665915050294247,0.4334084949705753,649.1228070175439
35,3,11,345.0,25.0,10.5,0.5627326094322984,0.4372673905677016,649.1228070175439
36,3,11,355.0,25.0,10.5,0.5588162390275232,0.4411837609724768,649.1228070175439
37,3,11,365.0,25.0,10.5,0.5548209008467551,0.44517909915324494,649.1228070175439
38,3,11,375.0,25.0,10.5,0.550719068747765,0.449280931252235,649.1228070175439
39,3,11,385.0,25.0,10.5,0.5464744382423735,0.4535255617576265,649.1228070175439
40,3,11,395.0,25.0,10.5,0.5420428600003624,0.4579571399996376,649.1228070175439
41,3,11,405.0,25.0,10.5,0.5373631905569844,0.46263680944301555,649.1228070175439
42,3,11,415.0,25.0,10.5,0.5323467473246329,0.46765325267536706,649.1228070175439
43,3,11,425.0,25.0,10.5,0.5268635194988008,0.47313648050119916,649.1228070175439
44,3,11,435.0,25.0,10.5,0.5206578739235986,0.47934212607640136,649.1228070175439
45,3,11,445.0,25.0,10.5,0.5133116855208635,0.4866883144791365,649.1228070175439
46,3,11,455.0,25.0,10.5,0.5039164110718559,0.4960835889281441,649.1228070175439
47,3,11,465.0,25.0,10.5,0.4901338705421079,0.5098661294578921,649.1228070175439
48,3,11,475.0,25.0,10.5,0.4656374793999824,0.5343625206000175,649.1228070175439
49,3,11,485.0,25.0,10.5,0.4165554434433006,0.5834445565566995,649.1228070175439
50,3,11,495.0,25.0,10.5,0.3261558118535377,0.6738441881464623,649.1228070175439
1,4,11,5.0,35.0,10.5,0.7834389196743134,0.21656108032568655,649.1228070175439
2,4,11,15.0,35.0,10.5,0.7728838397366748,0.22711616026332515,649.1228070175439
3,4,11,25.0,35.0,10.5,0.7605530452429123,0.23944695475708766,649.1228070175439
4,4,11,35.0,35.0,10.5,0.7479817291107863,0.2520182708892137,649.1228070175439
5,4,11,45.0,35.0,10.5,0.73600401889964,0.26399598110036004,649.1228070175439
6,4,11,55.0,35.0,10.5,0.7250506123442692,0.27494938765573085,649.1228070175439
7,4,11,65.0,35.0,10.5,0.7150397246581934,0.28496027534180657,649.1228070175439
8,4,11,75.0,35.0,10.5,0.7058545337878483,0.29414546621215165,649.1228070175439
9,4,11,85.0,35.0,10.5,0.6973640929273156,0.3026359070726844,649.1228070175439
10,4,11,95.0,35.0,10.5,0.6894815021548305,0.3105184978451695,649.1228070175439
11,4,11,105.0,35.0,10.5,0.6821296238531316,0.3178703761468684,649.1228070175439
12,4,11,115.0,35.0,10.5,0.6752353529420666,0.3247646470579334,649.1228070175439
13,4,11,125.0,35.0,10.5,0.6687392987734799,0.33126070122652007,649.1228070175439
14,4,11,135.0,35.0,10.5,0.6625780540461421,0.3374219459538579,649.1228070175439
15,4,11,145.0,35.0,10.5,0.6567144392987437,0.34328556070125626,649.1228070175439
16,4,11,155.0,35.0,10.5,0.651115624277172,0.34888437572282804,649.1228070175439
17,4,11,165.0,35.0,10.5,0.6457533922501957,0.3542466077498043,649.1228070175439
18,4,11,175.0,35.0,10.5,0.6406040127299922,0.35939598727000777,649.1228070175439
19,4,11,185.0,35.0,10.5,0.6356494318464863,0.36435056815351374,649.1228070175439
20,4,11,195.0,35.0,10.5,0.6308720673268887,0.3691279326731113,649.1228070175439
21,4,11,205.0,35.0,10.5,0.6262538316954944,0.3737461683045056,649.1228070175439
22,4,11,215.0,35.0,10.5,0.6217783981967577,0.37822160180324227,649.1228070175439
23,4,11,225.0,35.0,10.5,0.6174286367792068,0.3825713632207932,649.1228070175439
24,4,11,235.0,35.0,10.5,0.6131874141646141,0.3868125858353859,649.1228070175439
25,4,11,245.0,35.0,10.5,0.609037429813659,0.39096257018634095,649.1228070175439
26,4,11,255.0,35.0,10.5,0.6049611133138076,0.39503888668619236,649.1228070175439
27,4,11,265.0,35.0,10.5,0.6009420455096587,0.3990579544903413,649.1228070175439
28,4,11,275.0,35.0,10.5,0.5969585716451223,0.40304142835487766,649.1228070175439
29,4,11,285.0,35.0,10.5,0.5929997268050451,0.4070002731949549,649.1228070175439
30,4,11,295.0,35.0,10.5,0.5890600782602817,0.4109399217397183,649.1228070175439
31,4,11,305.0,35.0,10.5,0.5851336693943504,0.4148663306056496,649.1228070175439
32,4,11,315.0,35.0,10.5,0.5812142136227695,0.4187857863772305,649.1228070175439
33,4,11,325.0,35.0,10.5,0.5772886523922914,0.42271134760770857,649.1228070175439
34,4,11,335.0,35.0,10.5,0.5733440353249061,0.4266559646750939,649.1228070175439
35,4,11,345.0,35.0,10.5,0.5693663800056681,0.4306336199943319,649.1228070175439
36,4,11,355.0,35.0,10.5,0.5653408747822464,0.43465912521775363,649.1228070175439
37,4,11,365.0,35.0,10.5,0.561248887319732,0.438751112680268,649.1228070175439
38,4,11,375.0,35.0,10.5,0.557064922720022,0.44293507727997805,649.1228070175439
39,4,11,385.0,35.0,10.5,0.5527584839920914,0.4472415160079086,649.1228070175439
40,4,11,395.0,35.0,10.5,0.548291805837854,0.451708194162146,649.1228070175439
41,4,11,405.0,35.0,10.5,0.5436165001930426,0.45638349980695736,649.1228070175439
42,4,11,415.0,35.0,10.5,0.5386670943847337,0.4613329056152663,649.1228070175439
43,4,11,425.0,35.0,10.5,0.5333555188917187,0.4666444811082813,649.1228070175439
44,4,11,435.0,35.0,10.5,0.5275676740699163,0.47243232593008366,649.1228070175439
45,4,11,445.0,35.0,10.5,0.5210280042467772,0.4789719957532228,649.1228070175439
46,4,11,455.0,35.0,10.5,0.5132377106691086,0.4867622893308914,649.1228070175439
47,4,11,465.0,35.0,10.5,0.5030826400616748,0.4969173599383252,649.1228070175439
48,4,11,475.0,35.0,10.5,0.48681183122184557,0.5131881687781544,649.1228070175439
49,4,11,485.0,35.0,10.5,0.4540405204137181,0.5459594795862819,649.1228070175439
50,4,11,495.0,35.0,10.5,0.3869670148813742,0.6130329851186258,649.1228070175439
1,5,11,5.0,45.0,10.5,0.7951443261157145,0.2048556738842855,649.1228070175439
2,5,11,15.0,45.0,10.5,0.7861964301474812,0.2138035698525188,649.1228070175439
3,5,11,25.0,45.0,10.5,0.7739708057012059,0.2260291942987941,649.1228070175439
4,5,11,35.0,45.0,10.5,0.7609796719368666,0.23902032806313345,649.1228070175439
5,5,11,45.0,45.0,10.5,0.7486179710255508,0.25138202897444917,649.1228070175439
6,5,11,55.0,45.0,10.5,0.7371079255554608,0.2628920744445392,649.1228070175439
7,5,11,65.0,45.0,10.5,0.7265811472598122,0.27341885274018785,649.1228070175439
8,5,11,75.0,45.0,10.5,0.7169607884087345,0.28303921159126555,649.1228070175439
9,5,11,85.0,45.0,10.5,0.708126154601395,0.29187384539860495,649.1228070175439
10,5,11,95.0,45.0,10.5,0.6999587141823418,0.3000412858176582,649.1228070175439
11,5,11,105.0,45.0,10.5,0.6923657781447587,0.30763422185524125,649.1228070175439
12,5,11,115.0,45.0,10.5,0.6852558166590784,0.3147441833409216,649.1228070175439
13,5,11,125.0,45.0,10.5,0.6785697410775006,0.32143025892249943,649.1228070175439
14,5,11,135.0,45.0,10.5,0.6722412648683783,0.3277587351316217,649.1228070175439
15,5,11,145.0,45.0,10.5,0.6662319936441949,0.33376800635580506,649.1228070175439
16,5,11,155.0,45.0,10.5,0.6605018332626938,0.33949816673730615,649.1228070175439
17,5,11,165.0,45.0,10.5,0.6550164382966366,0.3449835617033634,649.1228070175439
18,5,11,175.0,45.0,10.5,0.6497462575780913,0.35025374242190865,649.1228070175439
19,5,11,185.0,45.0,10.5,0.6446646660703993,0.3553353339296007,649.1228070175439
20,5,11,195.0,45.0,10.5,0.6397511444431443,0.3602488555568557,649.1228070175439
21,5,11,205.0,45.0,10.5,0.6349892575101868,0.36501074248981324,649.1228070175439
22,5,11,215.0,45.0,10.5,0.6303645047354027,0.36963549526459727,649.1228070175439
23,5,11,225.0,45.0,10.5,0.6258616985624983,0.3741383014375017,649.1228070175439
24,5,11,235.0,45.0,10.5,0.6214668139456354,0.3785331860543646,649.1228070175439
25,5,11,245.0,45.0,10.5,0.617164668237079,0.38283533176292095,649.1228070175439
26,5,11,255.0,45.0,10.5,0.6129387475067396,0.3870612524932604,649.1228070175439
27,5,11,265.0,45.0,10.5,0.6087710367122515,0.3912289632877485,649.1228070175439
28,5,11,275.0,45.0,10.5,0.6046423295026153,0.3953576704973847,649.1228070175439
29,5,11,285.0,45.0,10.5,0.6005374761715385,0.3994625238284615,649.1228070175439
30,5,11,295.0,45.0,10.5,0.5964505196293303,0.40354948037066973,649.1228070175439
31,5,11,305.0,45.0,10.5,0.5923747185562448,0.4076252814437552,649.1228070175439
32,5,11,315.0,45.0,10.5,0.5883028349413966,0.41169716505860343,649.1228070175439
33,5,11,325.0,45.0,10.5,0.5842251055397751,0.41577489446022486,649.1228070175439
34,5,11,335.0,45.0,10.5,0.5801292479868323,0.4198707520131677,649.1228070175439
35,5,11,345.0,45.0,10.5,0.5759993582707936,0.4240006417292064,649.1228070175439
36,5,11,355.0,45.0,10.5,0.5718170063275073,0.4281829936724927,649.1228070175439
37,5,11,365.0,45.0,10.5,0.5675618917714483,0.43243810822855167,649.1228070175439
38,5,11,375.0,45.0,10.5,0.5632084487755649,0.43679155122443514,649.1228070175439
39,5,11,385.0,45.0,10.5,0.5587243732625012,0.44127562673749876,649.1228070175439
40,5,11,395.0,45.0,10.5,0.5540682168160427,0.4459317831839573,649.1228070175439
41,5,11,405.0,45.0,10.5,0.5491877659430958,0.4508122340569042,649.1228070175439
42,5,11,415.0,45.0,10.5,0.5440151545514031,0.45598484544859685,649.1228070175439
43,5,11,425.0,45.0,10.5,0.5384594412397424,0.46154055876025757,649.1228070175439
44,5,11,435.0,45.0,10.5,0.5324003620733996,0.4675996379266004,649.1228070175439
45,5,11,445.0,45.0,10.5,0.5256743686953068,0.4743256313046932,649.1228070175439
46,5,11,455.0,45.0,10.5,0.5180176434338145,0.4819823565661855,649.1228070175439
47,5,11,465.0,45.0,10.5,0.5085754933821252,0.49142450661787485,649.1228070175439
48,5,11,475.0,45.0,10.5,0.49450320839100004,0.505496791609,649.1228070175439
49,5,11,485.0,45.0,10.5,0.4664201143606697,0.5335798856393303,649.1228070175439
50,5,11,495.0,45.0,10.5,0.4084530734895847,0.5915469265104153,649.1228070175439
1,6,11,5.0,55.0,10.5,0.784196247114446,0.21580375288555398,649.1228070175439
2,6,11,15.0,55.0,10.5,0.774226866579824,0.22577313342017602,649.1228070175439
3,6,11,25.0,55.0,10.5,0.7625372050285363,0.23746279497146372,649.1228070175439
4,6,11,35.0,55.0,10.5,0.7505196992259849,0.24948030077401506,649.1228070175439
5,6,11,45.0,55.0,10.5,0.7389892014235916,0.2610107985764084,649.1228070175439
6,6,11,55.0,55.0,10.5,0.7282355640242958,0.2717644359757042,649.1228070175439
7,6,11,65.0,55.0,10.5,0.7183162541872595,0.28168374581274047,649.1228070175439
8,6,11,75.0,55.0,10.5,0.709169380996941,0.29083061900305895,649.1228070175439
9,6,11,85.0,55.0,10.5,0.7007034741400735,0.2992965258599265,649.1228070175439
10,6,11,95.0,55.0,10.5,0.692835304507406,0.30716469549259395,649.1228070175439
11,6,11,105.0,55.0,10.5,0.6854735761877971,0.31452642381220286,649.1228070175439
12,6,11,115.0,55.0,10.5,0.678562888780117,0.32143711121988305,649.1228070175439
13,6,11,125.0,55.0,10.5,0.672032934156318,0.32796706584368196,649.1228070175439
14,6,11,135.0,55.0,10.5,0.6658444586194352,0.3341555413805648,649.1228070175439
15,6,11,145.0,55.0,10.5,0.6599555814897319,0.3400444185102681,649.1228070175439
16,6,11,155.0,55.0,10.5,0.6543301096684585,0.3456698903315415,649.1228070175439
17,6,11,165.0,55.0,10.5,0.6489384276200619,0.35106157237993807,649.1228070175439
18,6,11,175.0,55.0,10.5,0.6437577263269887,0.3562422736730113,649.1228070175439
19,6,11,185.0,55.0,10.5,0.6387663558264153,0.3612336441735847,649.1228070175439
20,6,11,195.0,55.0,10.5,0.6339452105348437,0.36605478946515635,649.1228070175439
21,6,11,205.0,55.0,10.5,0.6292770022868206,0.3707229977131794,649.1228070175439
22,6,11,215.0,55.0,10.5,0.6247460525891159,0.37525394741088414,649.1228070175439
23,6,11,225.0,55.0,10.5,0.6203379364020679,0.3796620635979321,649.1228070175439
24,6,11,235.0,55.0,10.5,0.6160379754466494,0.3839620245533506,649.1228070175439
25,6,11,245.0,55.0,10.5,0.6118299736391297,0.3881700263608703,649.1228070175439
26,6,11,255.0,55.0,10.5,0.6076962097229927,0.39230379027700735,649.1228070175439
27,6,11,265.0,55.0,10.5,0.6036170626855951,0.3963829373144049,649.1228070175439
28,6,11,275.0,55.0,10.5,0.5995718417927195,0.4004281582072805,649.1228070175439
29,6,11,285.0,55.0,10.5,0.5955485110444406,0.4044514889555594,649.1228070175439
30,6,11,295.0,55.0,10.5,0.5915416089540595,0.4084583910459405,649.1228070175439
31,6,11,305.0,55.0,10.5,0.5875436607271077,0.41245633927289227,649.1228070175439
32,6,11,315.0,55.0,10.5,0.583546038859664,0.41645396114033595,649.1228070175439
33,6,11,325.0,55.0,10.5,0.5795377946860704,0.42046220531392964,649.1228070175439
34,6,11,335.0,55.0,10.5,0.5755063697529298,0.4244936302470702,649.1228070175439
35,6,11,345.0,55.0,10.5,0.5714380863680404,0.4285619136319596,649.1228070175439
36,6,11,355.0,55.0,10.5,0.5673139774288805,0.43268602257111954,649.1228070175439
37,6,11,365.0,55.0,10.5,0.5631111663440488,0.4368888336559512,649.1228070175439
38,6,11,375.0,55.0,10.5,0.5587973301435103,0.4412026698564897,649.1228070175439
39,6,11,385.0,55.0,10.5,0.5543351205217896,0.44566487947821043,649.1228070175439
40,6,11,395.0,55.0,10.5,0.5496764190602518,0.4503235809397482,649.1228070175439
41,6,11,405.0,55.0,10.5,0.5447566080843934,0.4552433919156066,649.1228070175439
42,6,11,415.0,55.0,10.5,0.5394848871557959,0.4605151128442041,649.1228070175439
43,6,11,425.0,55.0,10.5,0.5337281313367794,0.46627186866322057,649.1228070175439
44,6,11,435.0,55.0,10.5,0.5272774917257697,0.47272250827423035,649.1228070175439
45,6,11,445.0,55.0,10.5,0.5197628664825774,0.4802371335174226,649.1228070175439
46,6,11,455.0,55.0,10.5,0.5103940519885701,0.48960594801142987,649.1228070175439
47,6,11,465.0,55.0,10.5,0.4971523656947207,0.5028476343052792,649.1228070175439
48,6,11,475.0,55.0,10.5,0.4747189188112311,0.5252810811887689,649.1228070175439
49,6,11,485.0,55.0,10.5,0.43229664868208645,0.5677033513179135,649.1228070175439
50,6,11,495.0,55.0,10.5,0.36007992338689077,0.6399200766131092,649.1228070175439
1,7,11,5.0,65.0,10.5,0.7686087915526338,0.23139120844736616,649.1228070175439
2,7,11,15.0,65.0,10.5,0.7589920807045766,0.24100791929542342,649.1228070175439
3,7,11,25.0,65.0,10.5,0.7480818594816677,0.2519181405183323,649.1228070175439
4,7,11,35.0,65.0,10.5,0.7369711843494484,0.2630288156505516,649.1228070175439
5,7,11,45.0,65.0,10.5,0.7262663363912488,0.2737336636087512,649.1228070175439
6,7,11,55.0,65.0,10.5,0.7162199137550871,0.2837800862449129,649.1228070175439
7,7,11,65.0,65.0,10.5,0.7068875076006488,0.2931124923993512,649.1228070175439
8,7,11,75.0,65.0,10.5,0.6982361285568202,0.30176387144317984,649.1228070175439
9,7,11,85.0,65.0,10.5,0.690197148101765,0.309802851898235,649.1228070175439
10,7,11,95.0,65.0,10.5,0.6827069808594061,0.31729301914059393,649.1228070175439
11,7,11,105.0,65.0,10.5,0.6756884360371797,0.32431156396282035,649.1228070175439
12,7,11,115.0,65.0,10.5,0.6690924029459036,0.33090759705409645,649.1228070175439
13,7,11,125.0,65.0,10.5,0.6628578207662099,0.3371421792337901,649.1228070175439
14,7,11,135.0,65.0,10.5,0.6569453989707678,0.34305460102923224,649.1228070175439
15,7,11,145.0,65.0,10.5,0.6513183484474644,0.3486816515525356,649.1228070175439
16,7,11,155.0,65.0,10.5,0.6459435092207688,0.3540564907792312,649.1228070175439
17,7,11,165.0,65.0,10.5,0.6407934596923456,0.3592065403076544,649.1228070175439
18,7,11,175.0,65.0,10.5,0.6358450576597916,0.3641549423402084,649.1228070175439
19,7,11,185.0,65.0,10.5,0.6310780277283923,0.3689219722716077,649.1228070175439
20,7,11,195.0,65.0,10.5,0.6264740536512614,0.3735259463487386,649.1228070175439
21,7,11,205.0,65.0,10.5,0.622015100186533,0.37798489981346695,649.1228070175439
22,7,11,215.0,65.0,10.5,0.6176843938103251,0.38231560618967486,649.1228070175439
23,7,11,225.0,65.0,10.5,0.6134655512370457,0.3865344487629543,649.1228070175439
24,7,11,235.0,65.0,10.5,0.6093423173759921,0.3906576826240079,649.1228070175439
25,7,11,245.0,65.0,10.5,0.605298124998419,0.39470187500158105,649.1228070175439
26,7,11,255.0,65.0,10.5,0.6013154730981168,0.39868452690188316,649.1228070175439
27,7,11,265.0,65.0,10.5,0.5973726668770072,0.4026273331229928,649.1228070175439
28,7,11,275.0,65.0,10.5,0.5934546290978276,0.40654537090217235,649.1228070175439
29,7,11,285.0,65.0,10.5,0.5895559129167032,0.4104440870832968,649.1228070175439
30,7,11,295.0,65.0,10.5,0.5856721463510024,0.4143278536489976,649.1228070175439
31,7,11,305.0,65.0,10.5,0.5817959491428992,0.4182040508571008,649.1228070175439
32,7,11,315.0,65.0,10.5,0.5779151411432749,0.4220848588567251,649.1228070175439
33,7,11,325.0,65.0,10.5,0.5740171524448735,0.4259828475551265,649.1228070175439
34,7,11,335.0,65.0,10.5,0.5700877633217544,0.42991223667824563,649.1228070175439
35,7,11,345.0,65.0,10.5,0.5661117032969479,0.43388829670305207,649.1228070175439
36,7,11,355.0,65.0,10.5,0.562066525831241,0.43793347416875905,649.1228070175439
37,7,11,365.0,65.0,10.5,0.5579279950433306,0.44207200495666943,649.1228070175439
38,7,11,375.0,65.0,10.5,0.553668216385715,0.44633178361428505,649.1228070175439
39,7,11,385.0,65.0,10.5,0.5492342123678279,0.4507657876321721,649.1228070175439
40,7,11,395.0,65.0,10.5,0.5445660202669205,0.45543397973307953,649.1228070175439
41,7,11,405.0,65.0,10.5,0.539577483426805,0.460422516573195,649.1228070175439
42,7,11,415.0,65.0,10.5,0.5341431504408855,0.46585684955911455,649.1228070175439
43,7,11,425.0,65.0,10.5,0.5280652201951999,0.47193477980480014,649.1228070175439
44,7,11,435.0,65.0,10.5,0.5209981562719623,0.47900184372803767,649.1228070175439
45,7,11,445.0,65.0,10.5,0.5122670542624906,0.48773294573750936,649.1228070175439
46,7,11,455.0,65.0,10.5,0.500354371506897,0.499645628493103,649.1228070175439
47,7,11,465.0,65.0,10.5,0.4815529362917811,0.5184470637082189,649.1228070175439
48,7,11,475.0,65.0,10.5,0.44754958834032066,0.5524504116596793,649.1228070175439
49,7,11,485.0,65.0,10.5,0.38585489170221726,0.6141451082977827,649.1228070175439
50,7,11,495.0,65.0,10.5,0.2940641783637868,0.7059358216362133,649.1228070175439
1,8,11,5.0,75.0,10.5,0.7470544253004548,0.25294557469954515,649.1228070175439
2,8,11,15.0,75.0,10.5,0.7385147878407943,0.2614852121592057,649.1228070175439
3,8,11,25.0,75.0,10.5,0.7287611670106606,0.2712388329893394,649.1228070175439
4,8,11,35.0,75.0,10.5,0.7187734456093563,0.2812265543906437,649.1228070175439
5,8,11,45.0,75.0,10.5,0.7090689805245576,0.2909310194754424,649.1228070175439
6,8,11,55.0,75.0,10.5,0.6998787697855834,0.3001212302144166,649.1228070175439
7,8,11,65.0,75.0,10.5,0.6912765204818532,0.3087234795181468,649.1228070175439
8,8,11,75.0,75.0,10.5,0.6832544197656917,0.3167455802343083,649.1228070175439
9,8,11,85.0,75.0,10.5,0.6757654503200727,0.32423454967992726,649.1228070175439
10,8,11,95.0,75.0,10.5,0.6687673782182951,0.3312326217817049,649.1228070175439
11,8,11,105.0,75.0,10.5,0.6621971979316297,0.3378028020683703,649.1228070175439
12,8,11,115.0,75.0,10.5,0.6560125672846441,0.3439874327153559,649.1228070175439
13,8,11,125.0,75.0,10.5,0.6501697454359722,0.34983025456402783,649.1228070175439
14,8,11,135.0,75.0,10.5,0.6446275363993866,0.35537246360061336,649.1228070175439
15,8,11,145.0,75.0,10.5,0.6393512142200045,0.3606487857799955,649.1228070175439
16,8,11,155.0,75.0,10.5,0.634312120992544,0.36568787900745603,649.1228070175439
17,8,11,165.0,75.0,10.5,0.62948496737334,0.37051503262665997,649.1228070175439
18,8,11,175.0,75.0,10.5,0.6248479483118131,0.3751520516881869,649.1228070175439
19,8,11,185.0,75.0,10.5,0.6203826090683808,0.37961739093161917,649.1228070175439
20,8,11,195.0,75.0,10.5,0.6160701531358359,0.3839298468641641,649.1228070175439
21,8,11,205.0,75.0,10.5,0.6118909592007442,0.3881090407992558,649.1228070175439
22,8,11,215.0,75.0,10.5,0.6078250137590288,0.39217498624097125,649.1228070175439
23,8,11,225.0,75.0,10.5,0.6038527471648799,0.3961472528351201,649.1228070175439
24,8,11,235.0,75.0,10.5,0.5999566338588183,0.40004336614118174,649.1228070175439
25,8,11,245.0,75.0,10.5,0.5961218347443513,0.4038781652556487,649.1228070175439
26,8,11,255.0,75.0,10.5,0.5923272878777954,0.4076727121222046,649.1228070175439
27,8,11,265.0,75.0,10.5,0.588561289796374,0.411438710203626,649.1228070175439
28,8,11,275.0,75.0,10.5,0.5848178960839597,0.41518210391604027,649.1228070175439
29,8,11,285.0,75.0,10.5,0.5810940813490189,0.41890591865098115,649.1228070175439
30,8,11,295.0,75.0,10.5,0.5773814954970226,0.42261850450297744,649.1228070175439
31,8,11,305.0,75.0,10.5,0.5736697054255105,0.42633029457448945,649.1228070175439
32,8,11,315.0,75.0,10.5,0.5699458982496313,0.43005410175036873,649.1228070175439
33,8,11,325.0,75.0,10.5,0.5661985155499988,0.4338014844500012,649.1228070175439
34,8,11,335.0,75.0,10.5,0.5624101432299587,0.43758985677004125,649.1228070175439
35,8,11,345.0,75.0,10.5,0.5585618071062005,0.4414381928937995,649.1228070175439
36,8,11,355.0,75.0,10.5,0.554628659279998,0.44537134072000195,649.1228070175439
37,8,11,365.0,75.0,10.5,0.550579735670098,0.449420264329902,649.1228070175439
38,8,11,375.0,75.0,10.5,0.5463754922765024,0.4536245077234976,649.1228070175439
39,8,11,385.0,75.0,10.5,0.54197532073627,0.45802467926373003,649.1228070175439
40,8,11,395.0,75.0,10.5,0.5372851176965476,0.46271488230345237,649.1228070175439
41,8,11,405.0,75.0,10.5,0.5321894605651527,0.4678105394348473,649.1228070175439
42,8,11,415.0,75.0,10.5,0.5265137203036284,0.4734862796963716,649.1228070175439
43,8,11,425.0,75.0,10.5,0.5199700698015826,0.48002993019841744,649.1228070175439
44,8,11,435.0,75.0,10.5,0.5120262721298727,0.48797372787012727,649.1228070175439
45,8,11,445.0,75.0,10.5,0.5015921714160418,0.49840782858395816,649.1228070175439
46,8,11,455.0,75.0,10.5,0.4861301924268651,0.5138698075731349,649.1228070175439
47,8,11,465.0,75.0,10.5,0.4596260164416973,0.5403739835583027,649.1228070175439
48,8,11,475.0,75.0,10.5,0.410266285922101,0.589733714077899,649.1228070175439
49,8,11,485.0,75.0,10.5,0.32592813598857634,0.6740718640114236,649.1228070175439
50,8,11,495.0,75.0,10.5,0.22540242723105233,0.7745975727689477,649.1228070175439
1,9,11,5.0,85.0,10.5,0.7167399193102307,0.28326008068976927,649.1228070175439
2,9,11,15.0,85.0,10.5,0.7096807391826618,0.29031926081733817,649.1228070175439
3,9,11,25.0,85.0,10.5,0.7014143862987908,0.2985856137012092,649.1228070175439
4,9,11,35.0,85.0,10.5,0.6927955602175778,0.3072044397824222,649.1228070175439
5,9,11,45.0,85.0,10.5,0.6842900117400582,0.3157099882599418,649.1228070175439
6,9,11,55.0,85.0,10.5,0.6761288753051635,0.3238711246948365,649.1228070175439
7,9,11,65.0,85.0,10.5,0.6684084235926478,0.33159157640735215,649.1228070175439
8,9,11,75.0,85.0,10.5,0.6611413833140809,0.3388586166859191,649.1228070175439
9,9,11,85.0,85.0,10.5,0.6543219262172703,0.34567807378272974,649.1228070175439
10,9,11,95.0,85.0,10.5,0.6479131610577721,0.3520868389422279,649.1228070175439
11,9,11,105.0,85.0,10.5,0.6418827370172414,0.3581172629827586,649.1228070175439
12,9,11,115.0,85.0,10.5,0.636197113602412,0.36380288639758795,649.1228070175439
13,9,11,125.0,85.0,10.5,0.6308216095753906,0.3691783904246094,649.1228070175439
14,9,11,135.0,85.0,10.5,0.62572330442039,0.37427669557960996,649.1228070175439
15,9,11,145.0,85.0,10.5,0.620872112854975,0.379127887145025,649.1228070175439
16,9,11,155.0,85.0,10.5,0.6162401514189539,0.38375984858104606,649.1228070175439
17,9,11,165.0,85.0,10.5,0.6118037079401301,0.38819629205986994,649.1228070175439
18,9,11,175.0,85.0,10.5,0.6075427938519055,0.39245720614809454,649.1228070175439
19,9,11,185.0,85.0,10.5,0.6034403540528421,0.39655964594715787,649.1228070175439
20,9,11,195.0,85.0,10.5,0.5994783855566064,0.4005216144433936,649.1228070175439
21,9,11,205.0,85.0,10.5,0.5956361921740512,0.40436380782594883,649.1228070175439
22,9,11,215.0,85.0,10.5,0.5918902306130068,0.40810976938699317,649.1228070175439
23,9,11,225.0,85.0,10.5,0.5882143351865755,0.4117856648134245,649.1228070175439
24,9,11,235.0,85.0,10.5,0.5845914815498687,0.41540851845013127,649.1228070175439
25,9,11,245.0,85.0,10.5,0.581014802908279,0.418985197091721,649.1228070175439
26,9,11,255.0,85.0,10.5,0.5774758676288073,0.4225241323711927,649.1228070175439
27,9,11,265.0,85.0,10.5,0.5739646386169949,0.42603536138300513,649.1228070175439
28,9,11,275.0,85.0,10.5,0.5704751791698441,0.42952482083015586,649.1228070175439
29,9,11,285.0,85.0,10.5,0.5670035226934167,0.4329964773065833,649.1228070175439
30,9,11,295.0,85.0,10.5,0.5635386597527037,0.4364613402472963,649.1228070175439
31,9,11,305.0,85.0,10.5,0.5600690626581387,0.4399309373418613,649.1228070175439
32,9,11,315.0,85.0,10.5,0.5565828899868599,0.4434171100131401,649.1228070175439
33,9,11,325.0,85.0,10.5,0.5530615169318,0.44693848306820005,649.1228070175439
34,9,11,335.0,85.0,10.5,0.549486747379864,0.450513252620136,649.1228070175439
35,9,11,345.0,85.0,10.5,0.5458366862477988,0.4541633137522012,649.1228070175439
36,9,11,355.0,85.0,10.5,0.5420801931490542,0.4579198068509458,649.1228070175439
37,9,11,365.0,85.0,10.5,0.5381763217087552,0.4618236782912448,649.1228070175439
38,9,11,375.0,85.0,10.5,0.5340740213139887,0.46592597868601127,649.1228070175439
39,9,11,385.0,85.0,10.5,0.5297023443207937,0.47029765567920634,649.1228070175439
40,9,11,395.0,85.0,10.5,0.5249782975456254,0.4750217024543746,649.1228070175439
41,9,11,405.0,85.0,10.5,0.5197009979350493,0.4802990020649507,649.1228070175439
42,9,11,415.0,85.0,10.5,0.5136203164417864,0.4863796835582136,649.1228070175439
43,9,11,425.0,85.0,10.5,0.5062794225727897,0.4937205774272103,649.1228070175439
44,9,11,435.0,85.0,10.5,0.49683276004696925,0.5031672399530307,649.1228070175439
45,9,11,445.0,85.0,10.5,0.4835906043080257,0.5164093956919743,649.1228070175439
46,9,11,455.0,85.0,10.5,0.46226259206010767,0.5377374079398923,649.1228070175439
47,9,11,465.0,85.0,10.5,0.4231599108772818,0.5768400891227182,649.1228070175439
48,9,11,475.0,85.0,10.5,0.35023250654316335,0.6497674934568367,649.1228070175439
49,9,11,485.0,85.0,10.5,0.24472486882636377,0.7552751311736362,649.1228070175439
50,9,11,495.0,85.0,10.5,0.20133972452735227,0.7986602754726477,649.1228070175439
1,10,11,5.0,95.0,10.5,0.6656364071414043,0.33436359285859574,649.1228070175439
2,10,11,15.0,95.0,10.5,0.6602859905005244,0.3397140094994756,649.1228070175439
3,10,11,25.0,95.0,10.5,0.6537836377580196,0.3462163622419804,649.1228070175439
4,10,11,35.0,95.0,10.5,0.6467934793668288,0.35320652063317115,649.1228070175439
5,10,11,45.0,95.0,10.5,0.6397226370960485,0.3602773629039515,649.1228070175439
6,10,11,55.0,95.0,10.5,0.6327921499493808,0.3672078500506192,649.1228070175439
7,10,11,65.0,95.0,10.5,0.6261124571618463,0.37388754283815373,649.1228070175439
8,10,11,75.0,95.0,10.5,0.6197352423392334,0.3802647576607666,649.1228070175439
9,10,11,85.0,95.0,10.5,0.6136708812452891,0.3863291187547109,649.1228070175439
10,10,11,95.0,95.0,10.5,0.6079144396264767,0.39208556037352327,649.1228070175439
11,10,11,105.0,95.0,10.5,0.6024550396315697,0.39754496036843034,649.1228070175439
12,10,11,115.0,95.0,10.5,0.5972763293275349,0.40272367067246506,649.1228070175439
13,10,11,125.0,95.0,10.5,0.5923597405722949,0.4076402594277051,649.1228070175439
14,10,11,135.0,95.0,10.5,0.5876840434529538,0.4123159565470462,649.1228070175439
15,10,11,145.0,95.0,10.5,0.5832252743763942,0.41677472562360585,649.1228070175439
16,10,11,155.0,95.0,10.5,0.5789576628023745,0.4210423371976255,649.1228070175439
17,10,11,165.0,95.0,10.5,0.5748572862907303,0.4251427137092697,649.1228070175439
18,10,11,175.0,95.0,10.5,0.5709071572537655,0.4290928427462345,649.1228070175439
19,10,11,185.0,95.0,10.5,0.5670944502428269,0.4329055497571731,649.1228070175439
20,10,11,195.0,95.0,10.5,0.5634058979228274,0.43659410207717264,649.1228070175439
21,10,11,205.0,95.0,10.5,0.5598188310257698,0.4401811689742302,649.1228070175439
22,10,11,215.0,95.0,10.5,0.5563099549055494,0.44369004509445065,649.1228070175439
23,10,11,225.0,95.0,10.5,0.5528634290246613,0.44713657097533865,649.1228070175439
24,10,11,235.0,95.0,10.5,0.5494684588385799,0.45053154116142013,649.1228070175439
25,10,11,245.0,95.0,10.5,0.5461186788904294,0.4538813211095706,649.1228070175439
26,10,11,255.0,95.0,10.5,0.5428051589768911,0.4571948410231089,649.1228070175439
27,10,11,265.0,95.0,10.5,0.5395173632544451,0.4604826367455549,649.1228070175439
28,10,11,275.0,95.0,10.5,0.5362516985320763,0.4637483014679237,649.1228070175439
29,10,11,285.0,95.0,10.5,0.533004382199974,0.46699561780002596,649.1228070175439
30,10,11,295.0,95.0,10.5,0.5297652409930618,0.47023475900693823,649.1228070175439
31,10,11,305.0,95.0,10.5,0.5265184867813253,0.4734815132186747,649.1228070175439
32,10,11,315.0,95.0,10.5,0.5232433824223631,0.4767566175776369,649.1228070175439
33,10,11,325.0,95.0,10.5,0.5199232118447936,0.4800767881552064,649.1228070175439
34,10,11,335.0,95.0,10.5,0.516538089566913,0.48346191043308695,649.1228070175439
35,10,11,345.0,95.0,10.5,0.5130484454396008,0.4869515545603992,649.1228070175439
36,10,11,355.0,95.0,10.5,0.5093986447855241,0.4906013552144759,649.1228070175439
37,10,11,365.0,95.0,10.5,0.5055253396070688,0.4944746603929312,649.1228070175439
38,10,11,375.0,95.0,10.5,0.5013469844638461,0.49865301553615393,649.1228070175439
39,10,11,385.0,95.0,10.5,0.4967266204601688,0.5032733795398312,649.1228070175439
40,10,11,395.0,95.0,10.5,0.4914368993119441,0.5085631006880559,649.1228070175439
41,10,11,405.0,95.0,10.5,0.48518846528718285,0.5148115347128172,649.1228070175439
42,10,11,415.0,95.0,10.5,0.47742385505184104,0.522576144948159,649.1228070175439
43,10,11,425.0,95.0,10.5,0.4670632635857988,0.5329367364142013,649.1228070175439
44,10,11,435.0,95.0,10.5,0.45181318680650207,0.5481868131934979,649.1228070175439
45,10,11,445.0,95.0,10.5,0.4262214183034603,0.5737785816965397,649.1228070175439
46,10,11,455.0,95.0,10.5,0.37708380794623575,0.6229161920537643,649.1228070175439
47,10,11,465.0,95.0,10.5,0.28710464018958104,0.712895359810419,649.1228070175439
48,10,11,475.0,95.0,10.5,0.21153052641817982,0.7884694735818202,649.1228070175439
49,10,11,485.0,95.0,10.5,0.20014003558170246,0.7998599644182975,649.1228070175439
50,10,11,495.0,95.0,10.5,0.20003209672694372,0.7999679032730562,649.1228070175439
1,1,12,5.0,5.0,11.5,0.6887041213168982,0.3112958786831018,614.0350877192982
2,1,12,15.0,5.0,11.5,0.6810911165642719,0.3189088834357281,614.0350877192982
3,1,12,25.0,5.0,11.5,0.6723215907816592,0.3276784092183408,614.0350877192982
4,1,12,35.0,5.0,11.5,0.6632776182499371,0.33672238175006286,614.0350877192982
5,1,12,45.0,5.0,11.5,0.6544094349637037,0.34559056503629626,614.0350877192982
6,1,12,55.0,5.0,11.5,0.6459226228990564,0.35407737710094356,614.0350877192982
7,1,12,65.0,5.0,11.5,0.6378931600843816,0.36210683991561843,614.0350877192982
8,1,12,75.0,5.0,11.5,0.630325445592695,0.369674554407305,614.0350877192982
9,1,12,85.0,5.0,11.5,0.6232048268510626,0.3767951731489374,614.0350877192982
10,1,12,95.0,5.0,11.5,0.6164932860100566,0.3835067139899434,614.0350877192982
11,1,12,105.0,5.0,11.5,0.6101627271372655,0.3898372728627345,614.0350877192982
12,1,12,115.0,5.0,11.5,0.6041817566554688,0.3958182433445312,614.0350877192982
13,1,12,125.0,5.0,11.5,0.5985229585640485,0.40147704143595153,614.0350877192982
14,1,12,135.0,5.0,11.5,0.5931665900382947,0.40683340996170525,614.0350877192982
15,1,12,145.0,5.0,11.5,0.588092639329896,0.41190736067010403,614.0350877192982
16,1,12,155.0,5.0,11.5,0.5832787904891482,0.4167212095108518,614.0350877192982
17,1,12,165.0,5.0,11.5,0.5786971260063694,0.42130287399363064,614.0350877192982
18,1,12,175.0,5.0,11.5,0.5743144655063207,0.4256855344936793,614.0350877192982
19,1,12,185.0,5.0,11.5,0.5700975454056575,0.4299024545943425,614.0350877192982
20,1,12,195.0,5.0,11.5,0.5660221939947282,0.4339778060052718,614.0350877192982
21,1,12,205.0,5.0,11.5,0.5620753543638767,0.4379246456361233,614.0350877192982
22,1,12,215.0,5.0,11.5,0.5582491902544297,0.44175080974557035,614.0350877192982
23,1,12,225.0,5.0,11.5,0.5545219095192545,0.4454780904807455,614.0350877192982
24,1,12,235.0,5.0,11.5,0.5508678093437563,0.44913219065624366,614.0350877192982
25,1,12,245.0,5.0,11.5,0.5472662458516876,0.4527337541483124,614.0350877192982
26,1,12,255.0,5.0,11.5,0.5437075773162733,0.4562924226837267,614.0350877192982
27,1,12,265.0,5.0,11.5,0.5401931988956498,0.45980680110435024,614.0350877192982
28,1,12,275.0,5.0,11.5,0.5367203654413467,0.4632796345586533,614.0350877192982
29,1,12,285.0,5.0,11.5,0.5332711721117404,0.46672882788825965,614.0350877192982
30,1,12,295.0,5.0,11.5,0.5298283439022341,0.4701716560977659,614.0350877192982
31,1,12,305.0,5.0,11.5,0.5263874190735734,0.47361258092642655,614.0350877192982
32,1,12,315.0,5.0,11.5,0.5229432701820929,0.47705672981790714,614.0350877192982
33,1,12,325.0,5.0,11.5,0.5194739294217063,0.48052607057829366,614.0350877192982
34,1,12,335.0,5.0,11.5,0.5159409788829358,0.4840590211170642,614.0350877192982
35,1,12,345.0,5.0,11.5,0.5123099700998107,0.4876900299001893,614.0350877192982
36,1,12,355.0,5.0,11.5,0.5085562834081362,0.4914437165918638,614.0350877192982
37,1,12,365.0,5.0,11.5,0.5046370396415678,0.4953629603584322,614.0350877192982
38,1,12,375.0,5.0,11.5,0.5004625615026931,0.4995374384973069,614.0350877192982
39,1,12,385.0,5.0,11.5,0.49590800039091926,0.5040919996090807,614.0350877192982
40,1,12,395.0,5.0,11.5,0.49083316336023,0.50916683663977,614.0350877192982
41,1,12,405.0,5.0,11.5,0.48502436340231037,0.5149756365976896,614.0350877192982
42,1,12,415.0,5.0,11.5,0.4780698598875382,0.5219301401124619,614.0350877192982
43,1,12,425.0,5.0,11.5,0.4692474926920126,0.5307525073079874,614.0350877192982
44,1,12,435.0,5.0,11.5,0.4573570213002571,0.5426429786997429,614.0350877192982
45,1,12,445.0,5.0,11.5,0.4398821254187385,0.5601178745812615,614.0350877192982
46,1,12,455.0,5.0,11.5,0.4104533117085807,0.5895466882914193,614.0350877192982
47,1,12,465.0,5.0,11.5,0.35449356915857544,0.6455064308414246,614.0350877192982
48,1,12,475.0,5.0,11.5,0.2607482933048539,0.7392517066951461,614.0350877192982
49,1,12,485.0,5.0,11.5,0.20441443703487908,0.795585562965121,614.0350877192982
50,1,12,495.0,5.0,11.5,0.2000458217926994,0.7999541782073006,614.0350877192982
1,2,12,5.0,15.0,11.5,0.7366817349197872,0.26331826508021283,614.0350877192982
2,2,12,15.0,15.0,11.5,0.727073505940327,0.27292649405967295,614.0350877192982
3,2,12,25.0,15.0,11.5,0.7162966570471085,0.28370334295289146,614.0350877192982
4,2,12,35.0,15.0,11.5,0.7054378566714845,0.2945621433285155,614.0350877192982
5,2,12,45.0,15.0,11.5,0.6950185962849423,0.30498140371505766,614.0350877192982
6,2,12,55.0,15.0,11.5,0.6852400264852838,0.3147599735147162,614.0350877192982
7,2,12,65.0,15.0,11.5,0.6761445748601818,0.32385542513981824,614.0350877192982
8,2,12,75.0,15.0,11.5,0.6677019814105903,0.33229801858940966,614.0350877192982
9,2,12,85.0,15.0,11.5,0.6598515681564657,0.34014843184353427,614.0350877192982
10,2,12,95.0,15.0,11.5,0.6525353074839659,0.34746469251603407,614.0350877192982
11,2,12,105.0,15.0,11.5,0.6456885755706826,0.3543114244293174,614.0350877192982
12,2,12,115.0,15.0,11.5,0.6392654648110193,0.3607345351889807,614.0350877192982
13,2,12,125.0,15.0,11.5,0.6332143739880091,0.36678562601199094,614.0350877192982
14,2,12,135.0,15.0,11.5,0.6274988546640726,0.3725011453359274,614.0350877192982
15,2,12,145.0,15.0,11.5,0.6220852129085771,0.3779147870914229,614.0350877192982
16,2,12,155.0,15.0,11.5,0.6169405743855277,0.38305942561447226,614.0350877192982
17,2,12,165.0,15.0,11.5,0.6120341514612577,0.3879658485387423,614.0350877192982
18,2,12,175.0,15.0,11.5,0.6073368095551739,0.3926631904448261,614.0350877192982
19,2,12,185.0,15.0,11.5,0.6028233775992489,0.39717662240075113,614.0350877192982
20,2,12,195.0,15.0,11.5,0.5984746593977135,0.4015253406022865,614.0350877192982
21,2,12,205.0,15.0,11.5,0.5942766564943454,0.40572334350565464,614.0350877192982
22,2,12,215.0,15.0,11.5,0.5902147469806798,0.40978525301932023,614.0350877192982
23,2,12,225.0,15.0,11.5,0.5862669251902541,0.41373307480974586,614.0350877192982
24,2,12,235.0,15.0,11.5,0.5823990047605034,0.41760099523949656,614.0350877192982
25,2,12,245.0,15.0,11.5,0.578582791225247,0.42141720877475297,614.0350877192982
26,2,12,255.0,15.0,11.5,0.5748098422035052,0.4251901577964948,614.0350877192982
27,2,12,265.0,15.0,11.5,0.5710779224536833,0.4289220775463167,614.0350877192982
28,2,12,275.0,15.0,11.5,0.5673796602253369,0.4326203397746631,614.0350877192982
29,2,12,285.0,15.0,11.5,0.5637025034713063,0.43629749652869365,614.0350877192982
30,2,12,295.0,15.0,11.5,0.5600333149049583,0.43996668509504167,614.0350877192982
31,2,12,305.0,15.0,11.5,0.5563661545107322,0.44363384548926776,614.0350877192982
32,2,12,315.0,15.0,11.5,0.552692491498604,0.447307508501396,614.0350877192982
33,2,12,325.0,15.0,11.5,0.5489983732788082,0.4510016267211918,614.0350877192982
34,2,12,335.0,15.0,11.5,0.5452598355777591,0.45474016442224086,614.0350877192982
35,2,12,345.0,15.0,11.5,0.5414524330906371,0.45854756690936294,614.0350877192982
36,2,12,355.0,15.0,11.5,0.5375547730216461,0.4624452269783539,614.0350877192982
37,2,12,365.0,15.0,11.5,0.5335422877513286,0.4664577122486714,614.0350877192982
38,2,12,375.0,15.0,11.5,0.5293693612549883,0.47063063874501165,614.0350877192982
39,2,12,385.0,15.0,11.5,0.5249683702949387,0.4750316297050613,614.0350877192982
40,2,12,395.0,15.0,11.5,0.5202617212339162,0.47973827876608377,614.0350877192982
41,2,12,405.0,15.0,11.5,0.5151486807488135,0.4848513192511865,614.0350877192982
42,2,12,415.0,15.0,11.5,0.5094557920055693,0.49054420799443066,614.0350877192982
43,2,12,425.0,15.0,11.5,0.5028816383807027,0.49711836161929734,614.0350877192982
44,2,12,435.0,15.0,11.5,0.4949157668603223,0.5050842331396777,614.0350877192982
45,2,12,445.0,15.0,11.5,0.4844945830473372,0.5155054169526627,614.0350877192982
46,2,12,455.0,15.0,11.5,0.4691436603626946,0.5308563396373054,614.0350877192982
47,2,12,465.0,15.0,11.5,0.44302968186520464,0.5569703181347954,614.0350877192982
48,2,12,475.0,15.0,11.5,0.39511729778581217,0.6048827022141878,614.0350877192982
49,2,12,485.0,15.0,11.5,0.3108650319738564,0.6891349680261436,614.0350877192982
50,2,12,495.0,15.0,11.5,0.21611427175793424,0.7838857282420657,614.0350877192982
1,3,12,5.0,25.0,11.5,0.7642347507017905,0.23576524929820952,614.0350877192982
2,3,12,15.0,25.0,11.5,0.7533873216755386,0.24661267832446143,614.0350877192982
3,3,12,25.0,25.0,11.5,0.7412392371883574,0.2587607628116426,614.0350877192982
4,3,12,35.0,25.0,11.5,0.7290584563341174,0.27094154366588263,614.0350877192982
5,3,12,45.0,25.0,11.5,0.7174647848476128,0.2825352151523872,614.0350877192982
6,3,12,55.0,25.0,11.5,0.7066996631566966,0.29330033684330337,614.0350877192982
7,3,12,65.0,25.0,11.5,0.6967811745490031,0.3032188254509969,614.0350877192982
8,3,12,75.0,25.0,11.5,0.6876439242122847,0.3123560757877153,614.0350877192982
9,3,12,85.0,25.0,11.5,0.6792144431691097,0.3207855568308903,614.0350877192982
10,3,12,95.0,25.0,11.5,0.6713856426867034,0.3286143573132966,614.0350877192982
11,3,12,105.0,25.0,11.5,0.6640759946132622,0.33592400538673783,614.0350877192982
12,3,12,115.0,25.0,11.5,0.6572111785254126,0.34278882147458745,614.0350877192982
13,3,12,125.0,25.0,11.5,0.6507415575876089,0.3492584424123911,614.0350877192982
14,3,12,135.0,25.0,11.5,0.6446267746773148,0.3553732253226852,614.0350877192982
15,3,12,145.0,25.0,11.5,0.6388242500544908,0.36117574994550916,614.0350877192982
16,3,12,155.0,25.0,11.5,0.6332970441324728,0.3667029558675272,614.0350877192982
17,3,12,165.0,25.0,11.5,0.6280141785636604,0.3719858214363396,614.0350877192982
18,3,12,175.0,25.0,11.5,0.6229483623513749,0.37705163764862515,614.0350877192982
19,3,12,185.0,25.0,11.5,0.618076998124809,0.381923001875191,614.0350877192982
20,3,12,195.0,25.0,11.5,0.6133826054897052,0.38661739451029475,614.0350877192982
21,3,12,205.0,25.0,11.5,0.6088505988393227,0.3911494011606773,614.0350877192982
22,3,12,215.0,25.0,11.5,0.6044666604411988,0.3955333395588012,614.0350877192982
23,3,12,225.0,25.0,11.5,0.6002130213711661,0.39978697862883394,614.0350877192982
24,3,12,235.0,25.0,11.5,0.5960683175528689,0.40393168244713107,614.0350877192982
25,3,12,245.0,25.0,11.5,0.592007243306919,0.407992756693081,614.0350877192982
26,3,12,255.0,25.0,11.5,0.588006294258506,0.41199370574149397,614.0350877192982
27,3,12,265.0,25.0,11.5,0.584044498317797,0.41595550168220297,614.0350877192982
28,3,12,275.0,25.0,11.5,0.5801121497158486,0.41988785028415143,614.0350877192982
29,3,12,285.0,25.0,11.5,0.5762016330783354,0.4237983669216646,614.0350877192982
30,3,12,295.0,25.0,11.5,0.5723033074622812,0.4276966925377188,614.0350877192982
31,3,12,305.0,25.0,11.5,0.5684111873938672,0.4315888126061328,614.0350877192982
32,3,12,315.0,25.0,11.5,0.5645169475621664,0.4354830524378336,614.0350877192982
33,3,12,325.0,25.0,11.5,0.5606074516622087,0.4393925483377913,614.0350877192982
34,3,12,335.0,25.0,11.5,0.5566650730671139,0.4433349269328861,614.0350877192982
35,3,12,345.0,25.0,11.5,0.5526716707560902,0.44732832924390975,614.0350877192982
36,3,12,355.0,25.0,11.5,0.5486095652976852,0.45139043470231477,614.0350877192982
37,3,12,365.0,25.0,11.5,0.5444539534817353,0.4555460465182647,614.0350877192982
38,3,12,375.0,25.0,11.5,0.5401686139199787,0.4598313860800213,614.0350877192982
39,3,12,385.0,25.0,11.5,0.5357086460948223,0.46429135390517773,614.0350877192982
40,3,12,395.0,25.0,11.5,0.5310198270092537,0.46898017299074635,614.0350877192982
41,3,12,405.0,25.0,11.5,0.5260264858334486,0.4739735141665514,614.0350877192982
42,3,12,415.0,25.0,11.5,0.5206105053118177,0.47938949468818226,614.0350877192982
43,3,12,425.0,25.0,11.5,0.5145990491849204,0.4854009508150796,614.0350877192982
44,3,12,435.0,25.0,11.5,0.5076676214577236,0.4923323785422764,614.0350877192982
45,3,12,445.0,25.0,11.5,0.49923135461009954,0.5007686453899005,614.0350877192982
46,3,12,455.0,25.0,11.5,0.4879802138872219,0.5120197861127781,614.0350877192982
47,3,12,465.0,25.0,11.5,0.47060830637937207,0.529391693620628,614.0350877192982
48,3,12,475.0,25.0,11.5,0.43922442083537977,0.5607755791646203,614.0350877192982
49,3,12,485.0,25.0,11.5,0.3803311611729268,0.6196688388270732,614.0350877192982
50,3,12,495.0,25.0,11.5,0.287819053099069,0.712180946900931,614.0350877192982
1,4,12,5.0,35.0,11.5,0.7825268150588417,0.2174731849411583,614.0350877192982
2,4,12,15.0,35.0,11.5,0.7714455608759511,0.22855443912404894,614.0350877192982
3,4,12,25.0,35.0,11.5,0.7585155235290968,0.2414844764709032,614.0350877192982
4,4,12,35.0,35.0,11.5,0.7453213401229263,0.2546786598770737,614.0350877192982
5,4,12,45.0,35.0,11.5,0.732784698237406,0.267215301762594,614.0350877192982
6,4,12,55.0,35.0,11.5,0.7213124425931505,0.2786875574068495,614.0350877192982
7,4,12,65.0,35.0,11.5,0.7108411176687797,0.28915888233122033,614.0350877192982
8,4,12,75.0,35.0,11.5,0.7012370454724324,0.2987629545275676,614.0350877192982
9,4,12,85.0,35.0,11.5,0.6923608477774411,0.3076391522225589,614.0350877192982
10,4,12,95.0,35.0,11.5,0.6841229764096166,0.3158770235903834,614.0350877192982
11,4,12,105.0,35.0,11.5,0.6764384216566585,0.32356157834334154,614.0350877192982
12,4,12,115.0,35.0,11.5,0.6692360934147611,0.3307639065852389,614.0350877192982
13,4,12,125.0,35.0,11.5,0.6624428389424042,0.3375571610575958,614.0350877192982
14,4,12,135.0,35.0,11.5,0.6560034602124449,0.34399653978755507,614.0350877192982
15,4,12,145.0,35.0,11.5,0.6498756795910571,0.3501243204089429,614.0350877192982
16,4,12,155.0,35.0,11.5,0.6440227561459936,0.3559772438540064,614.0350877192982
17,4,12,165.0,35.0,11.5,0.6384157681569099,0.3615842318430901,614.0350877192982
18,4,12,175.0,35.0,11.5,0.6330335223038249,0.3669664776961751,614.0350877192982
19,4,12,185.0,35.0,11.5,0.6278584081595235,0.37214159184047646,614.0350877192982
20,4,12,195.0,35.0,11.5,0.622873684288844,0.37712631571115596,614.0350877192982
21,4,12,205.0,35.0,11.5,0.6180633882687856,0.3819366117312144,614.0350877192982
22,4,12,215.0,35.0,11.5,0.6134132125604431,0.3865867874395569,614.0350877192982
23,4,12,225.0,35.0,11.5,0.6089082090771334,0.3910917909228666,614.0350877192982
24,4,12,235.0,35.0,11.5,0.6045320735884805,0.3954679264115195,614.0350877192982
25,4,12,245.0,35.0,11.5,0.6002664462832658,0.39973355371673425,614.0350877192982
26,4,12,255.0,35.0,11.5,0.5960902154205622,0.4039097845794378,614.0350877192982
27,4,12,265.0,35.0,11.5,0.5919761548813318,0.4080238451186682,614.0350877192982
28,4,12,275.0,35.0,11.5,0.5878969905588812,0.4121030094411188,614.0350877192982
29,4,12,285.0,35.0,11.5,0.5838394428499747,0.4161605571500253,614.0350877192982
30,4,12,295.0,35.0,11.5,0.579795329514469,0.420204670485531,614.0350877192982
31,4,12,305.0,35.0,11.5,0.5757605092857552,0.4242394907142448,614.0350877192982
32,4,12,315.0,35.0,11.5,0.5717283690983556,0.42827163090164444,614.0350877192982
33,4,12,325.0,35.0,11.5,0.5676881225562682,0.4323118774437318,614.0350877192982
34,4,12,335.0,35.0,11.5,0.5636247157077984,0.4363752842922016,614.0350877192982
35,4,12,345.0,35.0,11.5,0.5595206402900843,0.4404793597099157,614.0350877192982
36,4,12,355.0,35.0,11.5,0.5553586180631797,0.44464138193682035,614.0350877192982
37,4,12,365.0,35.0,11.5,0.5511181579281244,0.44888184207187565,614.0350877192982
38,4,12,375.0,35.0,11.5,0.5467706906568333,0.45322930934316674,614.0350877192982
39,4,12,385.0,35.0,11.5,0.5422771177445789,0.4577228822554211,614.0350877192982
40,4,12,395.0,35.0,11.5,0.5375898530648897,0.4624101469351103,614.0350877192982
41,4,12,405.0,35.0,11.5,0.5326498532540032,0.46735014674599684,614.0350877192982
42,4,12,415.0,35.0,11.5,0.5273754259984188,0.4726245740015812,614.0350877192982
43,4,12,425.0,35.0,11.5,0.5216491490128516,0.47835085098714836,614.0350877192982
44,4,12,435.0,35.0,11.5,0.5153145224426924,0.4846854775573076,614.0350877192982
45,4,12,445.0,35.0,11.5,0.5080214668302098,0.49197853316979023,614.0350877192982
46,4,12,455.0,35.0,11.5,0.49908887692825327,0.5009111230717467,614.0350877192982
47,4,12,465.0,35.0,11.5,0.4869526228796144,0.5130473771203856,614.0350877192982
48,4,12,475.0,35.0,11.5,0.46681387584700806,0.5331861241529919,614.0350877192982
49,4,12,485.0,35.0,11.5,0.42759297403655566,0.5724070259634444,614.0350877192982
50,4,12,495.0,35.0,11.5,0.35711209343469685,0.6428879065653031,614.0350877192982
1,5,12,5.0,45.0,11.5,0.7948765436485261,0.2051234563514739,614.0350877192982
2,5,12,15.0,45.0,11.5,0.7854242924632195,0.21457570753678046,614.0350877192982
3,5,12,25.0,45.0,11.5,0.7725847521857825,0.2274152478142175,614.0350877192982
4,5,12,35.0,45.0,11.5,0.7589599322269083,0.24104006777309173,614.0350877192982
5,5,12,45.0,45.0,11.5,0.7459866135448545,0.2540133864551455,614.0350877192982
6,5,12,55.0,45.0,11.5,0.7339408457310175,0.2660591542689825,614.0350877192982
7,5,12,65.0,45.0,11.5,0.7229183003192442,0.2770816996807558,614.0350877192982
8,5,12,75.0,45.0,11.5,0.712852455756626,0.28714754424337396,614.0350877192982
9,5,12,85.0,45.0,11.5,0.7036138055193526,0.2963861944806474,614.0350877192982
10,5,12,95.0,45.0,11.5,0.6950765418538417,0.3049234581461583,614.0350877192982
11,5,12,105.0,45.0,11.5,0.6871405951461997,0.31285940485380026,614.0350877192982
12,5,12,115.0,45.0,11.5,0.6797117609253464,0.32028823907465365,614.0350877192982
13,5,12,125.0,45.0,11.5,0.6727225303178302,0.32727746968216975,614.0350877192982
14,5,12,135.0,45.0,11.5,0.6661098962974322,0.3338901037025678,614.0350877192982
15,5,12,145.0,45.0,11.5,0.659831997669141,0.340168002330859,614.0350877192982
16,5,12,155.0,45.0,11.5,0.6538434769298015,0.3461565230701985,614.0350877192982
17,5,12,165.0,45.0,11.5,0.6481090694675412,0.3518909305324588,614.0350877192982
18,5,12,175.0,45.0,11.5,0.642601837500824,0.357398162499176,614.0350877192982
19,5,12,185.0,45.0,11.5,0.6372948165897144,0.36270518341028557,614.0350877192982
20,5,12,195.0,45.0,11.5,0.6321680984943597,0.36783190150564027,614.0350877192982
21,5,12,205.0,45.0,11.5,0.627206790949927,0.37279320905007296,614.0350877192982
22,5,12,215.0,45.0,11.5,0.6223982047670281,0.3776017952329719,614.0350877192982
23,5,12,225.0,45.0,11.5,0.6177304568471226,0.3822695431528774,614.0350877192982
24,5,12,235.0,45.0,11.5,0.6131906758198526,0.38680932418014735,614.0350877192982
25,5,12,245.0,45.0,11.5,0.6087639793829955,0.39123602061700447,614.0350877192982
26,5,12,255.0,45.0,11.5,0.6044310268635609,0.39556897313643913,614.0350877192982
27,5,12,265.0,45.0,11.5,0.6001677103973103,0.3998322896026897,614.0350877192982
28,5,12,275.0,45.0,11.5,0.5959459427585907,0.4040540572414093,614.0350877192982
29,5,12,285.0,45.0,11.5,0.591743664822808,0.40825633517719195,614.0350877192982
30,5,12,295.0,45.0,11.5,0.5875518372817974,0.4124481627182026,614.0350877192982
31,5,12,305.0,45.0,11.5,0.5833641079924494,0.4166358920075506,614.0350877192982
32,5,12,315.0,45.0,11.5,0.5791754563847017,0.4208245436152983,614.0350877192982
33,5,12,325.0,45.0,11.5,0.5749788020818317,0.4250211979181683,614.0350877192982
34,5,12,335.0,45.0,11.5,0.5707628652465943,0.42923713475340575,614.0350877192982
35,5,12,345.0,45.0,11.5,0.5665059160887055,0.4334940839112945,614.0350877192982
36,5,12,355.0,45.0,11.5,0.5621864927200174,0.4378135072799826,614.0350877192982
37,5,12,365.0,45.0,11.5,0.5577818820223533,0.44221811797764665,614.0350877192982
38,5,12,375.0,45.0,11.5,0.5532648734099233,0.44673512659007675,614.0350877192982
39,5,12,385.0,45.0,11.5,0.5485980085180983,0.45140199148190174,614.0350877192982
40,5,12,395.0,45.0,11.5,0.543729207394712,0.456270792605288,614.0350877192982
41,5,12,405.0,45.0,11.5,0.5385928101600226,0.4614071898399774,614.0350877192982
42,5,12,415.0,45.0,11.5,0.5331065418014227,0.4668934581985773,614.0350877192982
43,5,12,425.0,45.0,11.5,0.5271564699257283,0.4728435300742717,614.0350877192982
44,5,12,435.0,45.0,11.5,0.5205789986633675,0.47942100133663246,614.0350877192982
45,5,12,445.0,45.0,11.5,0.5131492829199422,0.4868507170800578,614.0350877192982
46,5,12,455.0,45.0,11.5,0.5045064801241971,0.4954935198758029,614.0350877192982
47,5,12,465.0,45.0,11.5,0.493541090883982,0.506458909116018,614.0350877192982
48,5,12,475.0,45.0,11.5,0.47676566162133555,0.5232343383786644,614.0350877192982
49,5,12,485.0,45.0,11.5,0.4440505151863648,0.5559494848136353,614.0350877192982
50,5,12,495.0,45.0,11.5,0.3830124995655288,0.6169875004344711,614.0350877192982
1,6,12,5.0,55.0,11.5,0.7833250020621781,0.21667499793782186,614.0350877192982
2,6,12,15.0,55.0,11.5,0.7728527961001954,0.22714720389980458,614.0350877192982
3,6,12,25.0,55.0,11.5,0.7605803886739106,0.23941961132608935,614.0350877192982
4,6,12,35.0,55.0,11.5,0.7479841430849115,0.25201585691508854,614.0350877192982
5,6,12,45.0,55.0,11.5,0.7358913856102947,0.26410861438970534,614.0350877192982
6,6,12,55.0,55.0,11.5,0.7246384190207691,0.2753615809792309,614.0350877192982
7,6,12,65.0,55.0,11.5,0.7142578883743148,0.2857421116256852,614.0350877192982
8,6,12,75.0,55.0,11.5,0.7046896220729542,0.29531037792704584,614.0350877192982
9,6,12,85.0,55.0,11.5,0.6958389496771578,0.30416105032284224,614.0350877192982
10,6,12,95.0,55.0,11.5,0.6876127950941469,0.31238720490585314,614.0350877192982
11,6,12,105.0,55.0,11.5,0.679919204017865,0.320080795982135,614.0350877192982
12,6,12,115.0,55.0,11.5,0.6726939018216341,0.32730609817836587,614.0350877192982
13,6,12,125.0,55.0,11.5,0.6658685501575496,0.33413144984245036,614.0350877192982
14,6,12,135.0,55.0,11.5,0.659401156082413,0.340598843917587,614.0350877192982
15,6,12,145.0,55.0,11.5,0.653241509656798,0.34675849034320205,614.0350877192982
16,6,12,155.0,55.0,11.5,0.6473567096801298,0.3526432903198702,614.0350877192982
17,6,12,165.0,55.0,11.5,0.6417185447380857,0.35828145526191435,614.0350877192982
18,6,12,175.0,55.0,11.5,0.636301836824223,0.36369816317577697,614.0350877192982
19,6,12,185.0,55.0,11.5,0.6310852507828578,0.3689147492171422,614.0350877192982
20,6,12,195.0,55.0,11.5,0.6260515020184061,0.3739484979815939,614.0350877192982
21,6,12,205.0,55.0,11.5,0.6211853942584227,0.3788146057415773,614.0350877192982
22,6,12,215.0,55.0,11.5,0.616473922255225,0.383526077744775,614.0350877192982
23,6,12,225.0,55.0,11.5,0.6119044465178091,0.38809555348219094,614.0350877192982
24,6,12,235.0,55.0,11.5,0.6074642488284832,0.39253575117151684,614.0350877192982
25,6,12,245.0,55.0,11.5,0.6031368836469989,0.3968631163530011,614.0350877192982
26,6,12,255.0,55.0,11.5,0.5989007438521103,0.40109925614788966,614.0350877192982
27,6,12,265.0,55.0,11.5,0.5947283881523856,0.4052716118476144,614.0350877192982
28,6,12,275.0,55.0,11.5,0.5905901568556824,0.4094098431443176,614.0350877192982
29,6,12,285.0,55.0,11.5,0.5864695221380712,0.41353047786192876,614.0350877192982
30,6,12,295.0,55.0,11.5,0.5823572398511604,0.4176427601488396,614.0350877192982
31,6,12,305.0,55.0,11.5,0.5782474365304647,0.42175256346953527,614.0350877192982
32,6,12,315.0,55.0,11.5,0.5741343186657327,0.4258656813342673,614.0350877192982
33,6,12,325.0,55.0,11.5,0.5700087286644479,0.42999127133555215,614.0350877192982
34,6,12,335.0,55.0,11.5,0.5658570143058778,0.43414298569412224,614.0350877192982
35,6,12,345.0,55.0,11.5,0.5616602960586583,0.4383397039413417,614.0350877192982
36,6,12,355.0,55.0,11.5,0.5573968642725675,0.4426031357274325,614.0350877192982
37,6,12,365.0,55.0,11.5,0.5530423995555589,0.4469576004444411,614.0350877192982
38,6,12,375.0,55.0,11.5,0.548561294361708,0.451438705638292,614.0350877192982
39,6,12,385.0,55.0,11.5,0.5439087999368601,0.45609120006313986,614.0350877192982
40,6,12,395.0,55.0,11.5,0.5390239941743776,0.46097600582562237,614.0350877192982
41,6,12,405.0,55.0,11.5,0.5338281916248178,0.46617180837518224,614.0350877192982
42,6,12,415.0,55.0,11.5,0.528211044554506,0.47178895544549404,614.0350877192982
43,6,12,425.0,55.0,11.5,0.5220015666126132,0.4779984333873868,614.0350877192982
44,6,12,435.0,55.0,11.5,0.5149224658856195,0.4850775341143805,614.0350877192982
45,6,12,445.0,55.0,11.5,0.506481644783452,0.49351835521654797,614.0350877192982
46,6,12,455.0,55.0,11.5,0.49561753239786727,0.5043824676021327,614.0350877192982
47,6,12,465.0,55.0,11.5,0.4797227293258109,0.5202772706741892,614.0350877192982
48,6,12,475.0,55.0,11.5,0.45265981799887484,0.5473401820011252,614.0350877192982
49,6,12,485.0,55.0,11.5,0.40467797881411427,0.5953220211858857,614.0350877192982
50,6,12,495.0,55.0,11.5,0.3322329410481711,0.667767058951829,614.0350877192982
1,7,12,5.0,65.0,11.5,0.7669680038155973,0.23303199618440273,614.0350877192982
2,7,12,15.0,65.0,11.5,0.7568745211457848,0.2431254788542152,614.0350877192982
3,7,12,25.0,65.0,11.5,0.7454336426668599,0.25456635733314015,614.0350877192982
4,7,12,35.0,65.0,11.5,0.7337955497506244,0.26620445024937556,614.0350877192982
5,7,12,45.0,65.0,11.5,0.7225856837015627,0.27741431629843727,614.0350877192982
6,7,12,55.0,65.0,11.5,0.7120735133573879,0.2879264866426121,614.0350877192982
7,7,12,65.0,65.0,11.5,0.7023144887613224,0.2976855112386776,614.0350877192982
8,7,12,75.0,65.0,11.5,0.6932706774367995,0.3067293225632005,614.0350877192982
9,7,12,85.0,65.0,11.5,0.6848703172126779,0.3151296827873221,614.0350877192982
10,7,12,95.0,65.0,11.5,0.677042129814462,0.322957870185538,614.0350877192982
11,7,12,105.0,65.0,11.5,0.6697111149239856,0.3302888850760144,614.0350877192982
12,7,12,115.0,65.0,11.5,0.6628169017781608,0.33718309822183923,614.0350877192982
13,7,12,125.0,65.0,11.5,0.6563018525715286,0.3436981474284714,614.0350877192982
14,7,12,135.0,65.0,11.5,0.6501251871870464,0.34987481281295363,614.0350877192982
15,7,12,145.0,65.0,11.5,0.6442451786518238,0.35575482134817615,614.0350877192982
16,7,12,155.0,65.0,11.5,0.6386264766050742,0.3613735233949258,614.0350877192982
17,7,12,165.0,65.0,11.5,0.6332440176423049,0.36675598235769513,614.0350877192982
18,7,12,175.0,65.0,11.5,0.6280749019618106,0.3719250980381894,614.0350877192982
19,7,12,185.0,65.0,11.5,0.6230998691634336,0.37690013083656637,614.0350877192982
20,7,12,195.0,65.0,11.5,0.6183019373686668,0.3816980626313332,614.0350877192982
21,7,12,205.0,65.0,11.5,0.6136651046576663,0.3863348953423337,614.0350877192982
22,7,12,215.0,65.0,11.5,0.609174127104991,0.39082587289500903,614.0350877192982
23,7,12,225.0,65.0,11.5,0.6048137755384343,0.3951862244615657,614.0350877192982
24,7,12,235.0,65.0,11.5,0.600568749877159,0.399431250122841,614.0350877192982
25,7,12,245.0,65.0,11.5,0.5964191451502937,0.4035808548497063,614.0350877192982
26,7,12,255.0,65.0,11.5,0.5923392851574584,0.4076607148425416,614.0350877192982
27,7,12,265.0,65.0,11.5,0.5882992737265805,0.41170072627341947,614.0350877192982
28,7,12,275.0,65.0,11.5,0.5842823876675508,0.4157176123324492,614.0350877192982
29,7,12,285.0,65.0,11.5,0.580280886522142,0.41971911347785795,614.0350877192982
30,7,12,295.0,65.0,11.5,0.576290088718913,0.42370991128108704,614.0350877192982
31,7,12,305.0,65.0,11.5,0.5723022082154302,0.4276977917845698,614.0350877192982
32,7,12,315.0,65.0,11.5,0.5683073913032191,0.43169260869678094,614.0350877192982
33,7,12,325.0,65.0,11.5,0.564291566395428,0.435708433604572,614.0350877192982
34,7,12,335.0,65.0,11.5,0.5602380015973507,0.4397619984026493,614.0350877192982
35,7,12,345.0,65.0,11.5,0.5561281061794647,0.44387189382053527,614.0350877192982
36,7,12,355.0,65.0,11.5,0.5519383085399977,0.4480616914600023,614.0350877192982
37,7,12,365.0,65.0,11.5,0.5476400130823911,0.4523599869176089,614.0350877192982
38,7,12,375.0,65.0,11.5,0.5431990811020547,0.4568009188979453,614.0350877192982
39,7,12,385.0,65.0,11.5,0.5385526845257522,0.4614473154742478,614.0350877192982
40,7,12,395.0,65.0,11.5,0.533628477685153,0.466371522314847,614.0350877192982
41,7,12,405.0,65.0,11.5,0.528320339655063,0.471679660344937,614.0350877192982
42,7,12,415.0,65.0,11.5,0.5224682051448188,0.47753179485518116,614.0350877192982
43,7,12,425.0,65.0,11.5,0.5158138252722818,0.4841861747277182,614.0350877192982
44,7,12,435.0,65.0,11.5,0.5078970338665174,0.4921029661334826,614.0350877192982
45,7,12,445.0,65.0,11.5,0.49779100470639615,0.5022089952936039,614.0350877192982
46,7,12,455.0,65.0,11.5,0.4834119664518192,0.5165880335481807,614.0350877192982
47,7,12,465.0,65.0,11.5,0.45997827763392507,0.5400217223660749,614.0350877192982
48,7,12,475.0,65.0,11.5,0.4183151410211118,0.5816848589788882,614.0350877192982
49,7,12,485.0,65.0,11.5,0.3493641543452627,0.6506358456547373,614.0350877192982
50,7,12,495.0,65.0,11.5,0.2591014879912591,0.7408985120087409,614.0350877192982
1,8,12,5.0,75.0,11.5,0.7444054663459507,0.25559453365404927,614.0350877192982
2,8,12,15.0,75.0,11.5,0.735446559230037,0.264553440769963,614.0350877192982
3,8,12,25.0,75.0,11.5,0.7252314131495784,0.2747685868504216,614.0350877192982
4,8,12,35.0,75.0,11.5,0.7147782030994648,0.2852217969005352,614.0350877192982
5,8,12,45.0,75.0,11.5,0.7046286355842155,0.2953713644157845,614.0350877192982
6,8,12,55.0,75.0,11.5,0.6950222986787209,0.3049777013212791,614.0350877192982
7,8,12,65.0,75.0,11.5,0.6860338789128247,0.31396612108717525,614.0350877192982
8,8,12,75.0,75.0,11.5,0.6776537365566756,0.3223462634433244,614.0350877192982
9,8,12,85.0,75.0,11.5,0.6698341394056736,0.3301658605943264,614.0350877192982
10,8,12,95.0,75.0,11.5,0.6625252863389799,0.3374747136610201,614.0350877192982
11,8,12,105.0,75.0,11.5,0.655666772678737,0.34433322732126304,614.0350877192982
12,8,12,115.0,75.0,11.5,0.6492140044742588,0.3507859955257412,614.0350877192982
13,8,12,125.0,75.0,11.5,0.6431142461353644,0.3568857538646356,614.0350877192982
14,8,12,135.0,75.0,11.5,0.6373300199601519,0.36266998003984807,614.0350877192982
15,8,12,145.0,75.0,11.5,0.6318264382003264,0.36817356179967364,614.0350877192982
16,8,12,155.0,75.0,11.5,0.6265720235314104,0.3734279764685896,614.0350877192982
17,8,12,165.0,75.0,11.5,0.621540863868617,0.37845913613138304,614.0350877192982
18,8,12,175.0,75.0,11.5,0.6167122759685758,0.3832877240314242,614.0350877192982
19,8,12,185.0,75.0,11.5,0.6120690823243483,0.3879309176756517,614.0350877192982
20,8,12,195.0,75.0,11.5,0.6075942860568091,0.3924057139431909,614.0350877192982
21,8,12,205.0,75.0,11.5,0.6032689095474888,0.3967310904525112,614.0350877192982
22,8,12,215.0,75.0,11.5,0.5990716912365102,0.40092830876348984,614.0350877192982
23,8,12,225.0,75.0,11.5,0.5949811520861141,0.40501884791388587,614.0350877192982
24,8,12,235.0,75.0,11.5,0.5909787048584989,0.4090212951415011,614.0350877192982
25,8,12,245.0,75.0,11.5,0.5870408900478261,0.4129591099521739,614.0350877192982
26,8,12,255.0,75.0,11.5,0.5831448011412508,0.4168551988587492,614.0350877192982
27,8,12,265.0,75.0,11.5,0.5792777769805658,0.4207222230194342,614.0350877192982
28,8,12,275.0,75.0,11.5,0.5754313603792249,0.42456863962077507,614.0350877192982
29,8,12,285.0,75.0,11.5,0.5716008330871152,0.4283991669128848,614.0350877192982
30,8,12,295.0,75.0,11.5,0.5677791834205838,0.43222081657941624,614.0350877192982
31,8,12,305.0,75.0,11.5,0.5639558660052971,0.4360441339947029,614.0350877192982
32,8,12,315.0,75.0,11.5,0.560115510178916,0.43988448982108397,614.0350877192982
33,8,12,325.0,75.0,11.5,0.5562426484118549,0.4437573515881451,614.0350877192982
34,8,12,335.0,75.0,11.5,0.5523196817273789,0.4476803182726211,614.0350877192982
35,8,12,345.0,75.0,11.5,0.5483269973086878,0.45167300269131216,614.0350877192982
36,8,12,355.0,75.0,11.5,0.5442342663749257,0.45576573362507433,614.0350877192982
37,8,12,365.0,75.0,11.5,0.5400002781858928,0.4599997218141072,614.0350877192982
38,8,12,375.0,75.0,11.5,0.5355783029950976,0.46442169700490243,614.0350877192982
39,8,12,385.0,75.0,11.5,0.5309194346198719,0.4690805653801281,614.0350877192982
40,8,12,395.0,75.0,11.5,0.5259113277011588,0.4740886722988412,614.0350877192982
41,8,12,405.0,75.0,11.5,0.5203995157282674,0.47960048427173263,614.0350877192982
42,8,12,415.0,75.0,11.5,0.5141557090129677,0.4858442909870323,614.0350877192982
43,8,12,425.0,75.0,11.5,0.5067957333145163,0.49320426668548367,614.0350877192982
44,8,12,435.0,75.0,11.5,0.49756378143362934,0.5024362185663707,614.0350877192982
45,8,12,445.0,75.0,11.5,0.4848752810724589,0.5151247189275411,614.0350877192982
46,8,12,455.0,75.0,11.5,0.46513075384280067,0.5348692461571993,614.0350877192982
47,8,12,465.0,75.0,11.5,0.43057609757368465,0.5694239024263154,614.0350877192982
48,8,12,475.0,75.0,11.5,0.36911112297793136,0.6308888770220686,614.0350877192982
49,8,12,485.0,75.0,11.5,0.2758501668396258,0.7241498331603742,614.0350877192982
50,8,12,495.0,75.0,11.5,0.20628488235345338,0.7937151176465467,614.0350877192982
1,9,12,5.0,85.0,11.5,0.7127444238675796,0.28725557613242036,614.0350877192982
2,9,12,15.0,85.0,11.5,0.7053500955451532,0.29464990445484684,614.0350877192982
3,9,12,25.0,85.0,11.5,0.6967019701011538,0.30329802989884624,614.0350877192982
4,9,12,35.0,85.0,11.5,0.6876893477415493,0.31231065225845067,614.0350877192982
5,9,12,45.0,85.0,11.5,0.6788012544856961,0.32119874551430394,614.0350877192982
6,9,12,55.0,85.0,11.5,0.6702758223416734,0.3297241776583266,614.0350877192982
7,9,12,65.0,85.0,11.5,0.6622127368965495,0.33778726310345053,614.0350877192982
8,9,12,75.0,85.0,11.5,0.654627825593562,0.34537217440643797,614.0350877192982
9,9,12,85.0,85.0,11.5,0.6475084523030622,0.3524915476969378,614.0350877192982
10,9,12,95.0,85.0,11.5,0.6408212705889091,0.35917872941109086,614.0350877192982
11,9,12,105.0,85.0,11.5,0.6345353608748088,0.3654646391251912,614.0350877192982
12,9,12,115.0,85.0,11.5,0.6286102814691829,0.37138971853081715,614.0350877192982
13,9,12,125.0,85.0,11.5,0.6230127814857581,0.3769872185142419,614.0350877192982
14,9,12,135.0,85.0,11.5,0.6177105489649632,0.38228945103503675,614.0350877192982
15,9,12,145.0,85.0,11.5,0.6126705728103374,0.38732942718966257,614.0350877192982
16,9,12,155.0,85.0,11.5,0.6078627212664603,0.39213727873353965,614.0350877192982
17,9,12,165.0,85.0,11.5,0.6032612663181619,0.3967387336818381,614.0350877192982
18,9,12,175.0,85.0,11.5,0.598846870720152,0.40115312927984803,614.0350877192982
19,9,12,185.0,85.0,11.5,0.5946048427966131,0.4053951572033869,614.0350877192982
20,9,12,195.0,85.0,11.5,0.5905197510984287,0.4094802489015713,614.0350877192982
21,9,12,205.0,85.0,11.5,0.5865681757122738,0.4134318242877262,614.0350877192982
22,9,12,215.0,85.0,11.5,0.5827174573594648,0.4172825426405352,614.0350877192982
23,9,12,225.0,85.0,11.5,0.5789372247646396,0.4210627752353604,614.0350877192982
24,9,12,235.0,85.0,11.5,0.5752141402015268,0.42478585979847316,614.0350877192982
25,9,12,245.0,85.0,11.5,0.5715423120119009,0.42845768798809913,614.0350877192982
26,9,12,255.0,85.0,11.5,0.5679105298272304,0.43208947017276955,614.0350877192982
27,9,12,265.0,85.0,11.5,0.5643069180905894,0.4356930819094106,614.0350877192982
28,9,12,275.0,85.0,11.5,0.5607216380886991,0.4392783619113009,614.0350877192982
29,9,12,285.0,85.0,11.5,0.5571484303555883,0.44285156964441175,614.0350877192982
30,9,12,295.0,85.0,11.5,0.553578506404262,0.446421493595738,614.0350877192982
31,9,12,305.0,85.0,11.5,0.5500002846052596,0.4499997153947404,614.0350877192982
32,9,12,315.0,85.0,11.5,0.5463965412248786,0.4536034587751214,614.0350877192982
33,9,12,325.0,85.0,11.5,0.5427434816117206,0.4572565183882794,614.0350877192982
34,9,12,335.0,85.0,11.5,0.5390205492333465,0.4609794507666535,614.0350877192982
35,9,12,345.0,85.0,11.5,0.5352037212765149,0.46479627872348506,614.0350877192982
36,9,12,355.0,85.0,11.5,0.5312558296580125,0.46874417034198745,614.0350877192982
37,9,12,365.0,85.0,11.5,0.5271206260600099,0.47287937393999013,614.0350877192982
38,9,12,375.0,85.0,11.5,0.5227293860953822,0.4772706139046178,614.0350877192982
39,9,12,385.0,85.0,11.5,0.5179942384635452,0.4820057615364548,614.0350877192982
40,9,12,395.0,85.0,11.5,0.5128003317115406,0.4871996682884594,614.0350877192982
41,9,12,405.0,85.0,11.5,0.5068914846010146,0.49310851539898537,614.0350877192982
42,9,12,415.0,85.0,11.5,0.4998998705355972,0.5001001294644027,614.0350877192982
43,9,12,425.0,85.0,11.5,0.4911662279638064,0.5088337720361936,614.0350877192982
44,9,12,435.0,85.0,11.5,0.4793773534810475,0.5206226465189525,614.0350877192982
45,9,12,445.0,85.0,11.5,0.4618106292017532,0.5381893707982468,614.0350877192982
46,9,12,455.0,85.0,11.5,0.43214031832887057,0.5678596816711294,614.0350877192982
47,9,12,465.0,85.0,11.5,0.37817217801225217,0.6218278219877478,614.0350877192982
48,9,12,475.0,85.0,11.5,0.28486753430471706,0.7151324656952829,614.0350877192982
49,9,12,485.0,85.0,11.5,0.20927463507359226,0.7907253649264078,614.0350877192982
50,9,12,495.0,85.0,11.5,0.2000760984671254,0.7999239015328746,614.0350877192982
1,10,12,5.0,95.0,11.5,0.659450600626402,0.34054939937359796,614.0350877192982
2,10,12,15.0,95.0,11.5,0.6538422637274519,0.3461577362725481,614.0350877192982
3,10,12,25.0,95.0,11.5,0.647029750747046,0.35297024925295395,614.0350877192982
4,10,12,35.0,95.0,11.5,0.6397110752138014,0.36028892478619856,614.0350877192982
5,10,12,45.0,95.0,11.5,0.6323060559594517,0.36769394404054834,614.0350877192982
6,10,12,55.0,95.0,11.5,0.625046332609185,0.37495366739081504,614.0350877192982
7,10,12,65.0,95.0,11.5,0.618050949281652,0.38194905071834795,614.0350877192982
8,10,12,75.0,95.0,11.5,0.6113659337910977,0.3886340662089023,614.0350877192982
9,10,12,85.0,95.0,11.5,0.6050105608733128,0.39498943912668716,614.0350877192982
10,10,12,95.0,95.0,11.5,0.5989806285424917,0.4010193714575083,614.0350877192982
11,10,12,105.0,95.0,11.5,0.5932636667573766,0.40673633324262337,614.0350877192982
12,10,12,115.0,95.0,11.5,0.587848043475899,0.41215195652410097,614.0350877192982
13,10,12,125.0,95.0,11.5,0.5827174621167115,0.4172825378832885,614.0350877192982
14,10,12,135.0,95.0,11.5,0.5778507684507775,0.42214923154922246,614.0350877192982
15,10,12,145.0,95.0,11.5,0.5732212706353704,0.42677872936462957,614.0350877192982
16,10,12,155.0,95.0,11.5,0.5687976392881028,0.4312023607118972,614.0350877192982
17,10,12,165.0,95.0,11.5,0.5645498688184358,0.43545013118156417,614.0350877192982
18,10,12,175.0,95.0,11.5,0.5604572444815096,0.4395427555184904,614.0350877192982
19,10,12,185.0,95.0,11.5,0.5565103659769745,0.44348963402302555,614.0350877192982
20,10,12,195.0,95.0,11.5,0.5526995139080771,0.44730048609192286,614.0350877192982
21,10,12,205.0,95.0,11.5,0.5489989989726345,0.4510010010273655,614.0350877192982
22,10,12,215.0,95.0,11.5,0.5453834976505197,0.45461650234948026,614.0350877192982
23,10,12,225.0,95.0,11.5,0.5418341801046246,0.4581658198953754,614.0350877192982
24,10,12,235.0,95.0,11.5,0.5383401070275834,0.4616598929724166,614.0350877192982
25,10,12,245.0,95.0,11.5,0.5348960575742447,0.46510394242575526,614.0350877192982
26,10,12,255.0,95.0,11.5,0.531492536702265,0.46850746329773496,614.0350877192982
27,10,12,265.0,95.0,11.5,0.528112454391395,0.471887545608605,614.0350877192982
28,10,12,275.0,95.0,11.5,0.5247466000569658,0.47525339994303417,614.0350877192982
29,10,12,285.0,95.0,11.5,0.5213954655530245,0.4786045344469755,614.0350877192982
30,10,12,295.0,95.0,11.5,0.5180503665968035,0.4819496334031965,614.0350877192982
31,10,12,305.0,95.0,11.5,0.5146844978719651,0.48531550212803487,614.0350877192982
32,10,12,315.0,95.0,11.5,0.5112664304577494,0.48873356954225056,614.0350877192982
33,10,12,325.0,95.0,11.5,0.5077753483747464,0.49222465162525364,614.0350877192982
34,10,12,335.0,95.0,11.5,0.5041893396741804,0.49581066032581955,614.0350877192982
35,10,12,345.0,95.0,11.5,0.5004555382208328,0.4995444617791672,614.0350877192982
36,10,12,355.0,95.0,11.5,0.49648330708889293,0.503516692911107,614.0350877192982
37,10,12,365.0,95.0,11.5,0.49217299864942743,0.5078270013505726,614.0350877192982
38,10,12,375.0,95.0,11.5,0.48741245495797014,0.5125875450420299,614.0350877192982
39,10,12,385.0,95.0,11.5,0.4819960515338879,0.5180039484661121,614.0350877192982
40,10,12,395.0,95.0,11.5,0.47553783458122767,0.5244621654187723,614.0350877192982
41,10,12,405.0,95.0,11.5,0.46748226261984277,0.5325177373801573,614.0350877192982
42,10,12,415.0,95.0,11.5,0.45684907633851557,0.5431509236614844,614.0350877192982
43,10,12,425.0,95.0,11.5,0.4415124980025436,0.5584875019974564,614.0350877192982
44,10,12,435.0,95.0,11.5,0.4165589086834056,0.5834410913165944,614.0350877192982
45,10,12,445.0,95.0,11.5,0.37054822767328843,0.6294517723267116,614.0350877192982
46,10,12,455.0,95.0,11.5,0.2876267076670577,0.7123732923329422,614.0350877192982
47,10,12,465.0,95.0,11.5,0.21308129076535243,0.7869187092346476,614.0350877192982
48,10,12,475.0,95.0,11.5,0.20020692646708785,0.7997930735329122,614.0350877192982
49,10,12,485.0,95.0,11.5,0.200032107953355,0.799967892046645,614.0350877192982
50,10,12,495.0,95.0,11.5,0.20003166510546622,0.7999683348945338,614.0350877192982
1,1,13,5.0,5.0,12.5,0.683380354196589,0.31661964580341095,578.9473684210526
2,1,13,15.0,5.0,12.5,0.6753988837248892,0.3246011162751108,578.9473684210526
3,1,13,25.0,5.0,12.5,0.6662113965531087,0.3337886034468913,578.9473684210526
4,1,13,35.0,5.0,12.5,0.6567399450570083,0.3432600549429917,578.9473684210526
5,1,13,45.0,5.0,12.5,0.6474530227648837,0.3525469772351163,578.9473684210526
6,1,13,55.0,5.0,12.5,0.6385627131389515,0.3614372868610485,578.9473684210526
7,1,13,65.0,5.0,12.5,0.6301445261462401,0.36985547385375994,578.9473684210526
8,1,13,75.0,5.0,12.5,0.622210440688883,0.377789559311117,578.9473684210526
9,1,13,85.0,5.0,12.5,0.6147348564925574,0.38526514350744256,578.9473684210526
10,1,13,95.0,5.0,12.5,0.6076883202343429,0.39231167976565706,578.9473684210526
11,1,13,105.0,5.0,12.5,0.6010349285697264,0.3989650714302736,578.9473684210526
12,1,13,115.0,5.0,12.5,0.5947497280727492,0.4052502719272508,578.9473684210526
13,1,13,125.0,5.0,12.5,0.5888081201122762,0.41119187988772377,578.9473684210526
14,1,13,135.0,5.0,12.5,0.5831927429702394,0.4168072570297606,578.9473684210526
15,1,13,145.0,5.0,12.5,0.5778896142953648,0.4221103857046352,578.9473684210526
16,1,13,155.0,5.0,12.5,0.5728787185901738,0.4271212814098262,578.9473684210526
17,1,13,165.0,5.0,12.5,0.568129251099706,0.431870748900294,578.9473684210526
18,1,13,175.0,5.0,12.5,0.5635989648280924,0.43640103517190765,578.9473684210526
19,1,13,185.0,5.0,12.5,0.5592427799532353,0.44075722004676465,578.9473684210526
20,1,13,195.0,5.0,12.5,0.5550273816298726,0.44497261837012736,578.9473684210526
21,1,13,205.0,5.0,12.5,0.5509427700615026,0.4490572299384974,578.9473684210526
22,1,13,215.0,5.0,12.5,0.5469874004031319,0.4530125995968681,578.9473684210526
23,1,13,225.0,5.0,12.5,0.5431408311489768,0.4568591688510232,578.9473684210526
24,1,13,235.0,5.0,12.5,0.5393739300763031,0.4606260699236969,578.9473684210526
25,1,13,245.0,5.0,12.5,0.5356543830599223,0.4643456169400777,578.9473684210526
26,1,13,255.0,5.0,12.5,0.5319729205094056,0.4680270794905944,578.9473684210526
27,1,13,265.0,5.0,12.5,0.5283372379025344,0.4716627620974656,578.9473684210526
28,1,13,275.0,5.0,12.5,0.524744291085358,0.47525570891464197,578.9473684210526
29,1,13,285.0,5.0,12.5,0.5211662016137599,0.4788337983862401,578.9473684210526
30,1,13,295.0,5.0,12.5,0.5175720678770328,0.4824279321229672,578.9473684210526
31,1,13,305.0,5.0,12.5,0.5139559809034925,0.4860440190965075,578.9473684210526
32,1,13,315.0,5.0,12.5,0.5103200380792401,0.4896799619207599,578.9473684210526
33,1,13,325.0,5.0,12.5,0.506631820013631,0.49336817998636895,578.9473684210526
34,1,13,335.0,5.0,12.5,0.5028211489567297,0.4971788510432703,578.9473684210526
35,1,13,345.0,5.0,12.5,0.4988279849481231,0.5011720150518769,578.9473684210526
36,1,13,355.0,5.0,12.5,0.4946191845356664,0.5053808154643336,578.9473684210526
37,1,13,365.0,5.0,12.5,0.4901278782003964,0.5098721217996036,578.9473684210526
38,1,13,375.0,5.0,12.5,0.48518774784382335,0.5148122521561767,578.9473684210526
39,1,13,385.0,5.0,12.5,0.4795555415376744,0.5204444584623256,578.9473684210526
40,1,13,395.0,5.0,12.5,0.4729646101730209,0.5270353898269791,578.9473684210526
41,1,13,405.0,5.0,12.5,0.4649998824708242,0.5350001175291759,578.9473684210526
42,1,13,415.0,5.0,12.5,0.45477307830414676,0.5452269216958532,578.9473684210526
43,1,13,425.0,5.0,12.5,0.4405963873854897,0.5594036126145103,578.9473684210526
44,1,13,435.0,5.0,12.5,0.41937571961719927,0.5806242803828008,578.9473684210526
45,1,13,445.0,5.0,12.5,0.38431130044607054,0.6156886995539295,578.9473684210526
46,1,13,455.0,5.0,12.5,0.32234114572335215,0.6776588542766478,578.9473684210526
47,1,13,465.0,5.0,12.5,0.24056643311103948,0.7594335668889605,578.9473684210526
48,1,13,475.0,5.0,12.5,0.20228619395491,0.79771380604509,578.9473684210526
49,1,13,485.0,5.0,12.5,0.20004237897132982,0.7999576210286702,578.9473684210526
50,1,13,495.0,5.0,12.5,0.2000319691758385,0.7999680308241615,578.9473684210526
1,2,13,5.0,15.0,12.5,0.7334415776002301,0.2665584223997699,578.9473684210526
2,2,13,15.0,15.0,12.5,0.7233606822826525,0.2766393177173475,578.9473684210526
3,2,13,25.0,15.0,12.5,0.7120657558054623,0.2879342441945377,578.9473684210526
4,2,13,35.0,15.0,12.5,0.7006968136361547,0.29930318636384534,578.9473684210526
5,2,13,45.0,15.0,12.5,0.6897948545981198,0.31020514540188016,578.9473684210526
6,2,13,55.0,15.0,12.5,0.6795672125477209,0.3204327874522791,578.9473684210526
7,2,13,65.0,15.0,12.5,0.6700554702517789,0.3299445297482211,578.9473684210526
8,2,13,75.0,15.0,12.5,0.6612278604992261,0.3387721395007739,578.9473684210526
9,2,13,85.0,15.0,12.5,0.6530228426251431,0.3469771573748569,578.9473684210526
10,2,13,95.0,15.0,12.5,0.6453707326446907,0.3546292673553093,578.9473684210526
11,2,13,105.0,15.0,12.5,0.6382166583975143,0.3617833416024857,578.9473684210526
12,2,13,115.0,15.0,12.5,0.6314989094655876,0.3685010905344124,578.9473684210526
13,2,13,125.0,15.0,12.5,0.6251776077008141,0.3748223922991859,578.9473684210526
14,2,13,135.0,15.0,12.5,0.61921195753687,0.38078804246313,578.9473684210526
15,2,13,145.0,15.0,12.5,0.6135649689281254,0.3864350310718746,578.9473684210526
16,2,13,155.0,15.0,12.5,0.6082058999623797,0.3917941000376203,578.9473684210526
17,2,13,165.0,15.0,12.5,0.6031024799548239,0.3968975200451761,578.9473684210526
18,2,13,175.0,15.0,12.5,0.5982226106852117,0.40177738931478835,578.9473684210526
19,2,13,185.0,15.0,12.5,0.5935389917321237,0.40646100826787634,578.9473684210526
20,2,13,195.0,15.0,12.5,0.5890326871412742,0.4109673128587258,578.9473684210526
21,2,13,205.0,15.0,12.5,0.5846931819216585,0.41530681807834147,578.9473684210526
22,2,13,215.0,15.0,12.5,0.5805086682984736,0.4194913317015264,578.9473684210526
23,2,13,225.0,15.0,12.5,0.5764516164270986,0.42354838357290137,578.9473684210526
24,2,13,235.0,15.0,12.5,0.5724756828950353,0.42752431710496475,578.9473684210526
25,2,13,245.0,15.0,12.5,0.568550603974046,0.431449396025954,578.9473684210526
26,2,13,255.0,15.0,12.5,0.5646658054336464,0.4353341945663536,578.9473684210526
27,2,13,265.0,15.0,12.5,0.5608213044594668,0.43917869554053324,578.9473684210526
28,2,13,275.0,15.0,12.5,0.5570115589271375,0.4429884410728625,578.9473684210526
29,2,13,285.0,15.0,12.5,0.5532177483036651,0.4467822516963349,578.9473684210526
30,2,13,295.0,15.0,12.5,0.5494196129367325,0.45058038706326753,578.9473684210526
31,2,13,305.0,15.0,12.5,0.5456081807286431,0.45439181927135686,578.9473684210526
32,2,13,315.0,15.0,12.5,0.5417816324870242,0.45821836751297584,578.9473684210526
33,2,13,325.0,15.0,12.5,0.537924042258703,0.46207595774129695,578.9473684210526
34,2,13,335.0,15.0,12.5,0.533999407083637,0.466000592916363,578.9473684210526
35,2,13,345.0,15.0,12.5,0.5299683093679397,0.4700316906320603,578.9473684210526
36,2,13,355.0,15.0,12.5,0.5258064495537268,0.4741935504462732,578.9473684210526
37,2,13,365.0,15.0,12.5,0.5214860942123452,0.47851390578765485,578.9473684210526
38,2,13,375.0,15.0,12.5,0.516942065771492,0.48305793422850796,578.9473684210526
39,2,13,385.0,15.0,12.5,0.5120655385004222,0.48793446149957775,578.9473684210526
40,2,13,395.0,15.0,12.5,0.5067349031981069,0.4932650968018931,578.9473684210526
41,2,13,405.0,15.0,12.5,0.5008055185978767,0.4991944814021233,578.9473684210526
42,2,13,415.0,15.0,12.5,0.49400293134100265,0.5059970686589974,578.9473684210526
43,2,13,425.0,15.0,12.5,0.4858057443192592,0.5141942556807408,578.9473684210526
44,2,13,435.0,15.0,12.5,0.47537283395002666,0.5246271660499733,578.9473684210526
45,2,13,445.0,15.0,12.5,0.4608280679222711,0.5391719320777288,578.9473684210526
46,2,13,455.0,15.0,12.5,0.4375012891904389,0.5624987108095612,578.9473684210526
47,2,13,465.0,15.0,12.5,0.3969647651026472,0.6030352348973528,578.9473684210526
48,2,13,475.0,15.0,12.5,0.32670554919527506,0.6732944508047249,578.9473684210526
49,2,13,485.0,15.0,12.5,0.23434219143268128,0.7656578085673187,578.9473684210526
50,2,13,495.0,15.0,12.5,0.2009171866348207,0.7990828133651793,578.9473684210526
1,3,13,5.0,25.0,12.5,0.7622936989605531,0.2377063010394469,578.9473684210526
2,3,13,15.0,25.0,12.5,0.7508866978720043,0.24911330212799565,578.9473684210526
3,3,13,25.0,25.0,12.5,0.7381431656734337,0.26185683432656626,578.9473684210526
4,3,13,35.0,25.0,12.5,0.725362187831945,0.27463781216805505,578.9473684210526
5,3,13,45.0,25.0,12.5,0.7132218960430028,0.2867781039569972,578.9473684210526
6,3,13,55.0,25.0,12.5,0.701948974103233,0.298051025896767,578.9473684210526
7,3,13,65.0,25.0,12.5,0.6915691522214601,0.3084308477785399,578.9473684210526
8,3,13,75.0,25.0,12.5,0.6820100292876291,0.3179899707123709,578.9473684210526
9,3,13,85.0,25.0,12.5,0.6731932084665867,0.3268067915334133,578.9473684210526
10,3,13,95.0,25.0,12.5,0.6650038421739319,0.33499615782606806,578.9473684210526
11,3,13,105.0,25.0,12.5,0.6573574981998078,0.3426425018001922,578.9473684210526
12,3,13,115.0,25.0,12.5,0.6501764162557129,0.3498235837442871,578.9473684210526
13,3,13,125.0,25.0,12.5,0.6434106846768018,0.35658931532319815,578.9473684210526
14,3,13,135.0,25.0,12.5,0.6370099599620587,0.36299004003794133,578.9473684210526
15,3,13,145.0,25.0,12.5,0.6309389215573842,0.3690610784426158,578.9473684210526
16,3,13,155.0,25.0,12.5,0.6251576569535966,0.3748423430464034,578.9473684210526
17,3,13,165.0,25.0,12.5,0.6196321827182311,0.38036781728176894,578.9473684210526
18,3,13,175.0,25.0,12.5,0.6143344140584692,0.3856655859415308,578.9473684210526
19,3,13,185.0,25.0,12.5,0.609243659835069,0.390756340164931,578.9473684210526
20,3,13,195.0,25.0,12.5,0.6043448577440801,0.3956551422559199,578.9473684210526
21,3,13,205.0,25.0,12.5,0.5996272407322332,0.40037275926776683,578.9473684210526
22,3,13,215.0,25.0,12.5,0.595079842860431,0.40492015713956897,578.9473684210526
23,3,13,225.0,25.0,12.5,0.5906856078091302,0.40931439219086985,578.9473684210526
24,3,13,235.0,25.0,12.5,0.5864182564223739,0.4135817435776261,578.9473684210526
25,3,13,245.0,25.0,12.5,0.582246267328645,0.41775373267135496,578.9473684210526
26,3,13,255.0,25.0,12.5,0.5781367775466835,0.42186322245331653,578.9473684210526
27,3,13,265.0,25.0,12.5,0.5740659913016063,0.4259340086983937,578.9473684210526
28,3,13,275.0,25.0,12.5,0.5700217774515015,0.4299782225484985,578.9473684210526
29,3,13,285.0,25.0,12.5,0.5659922795159776,0.43400772048402236,578.9473684210526
30,3,13,295.0,25.0,12.5,0.5619671016423837,0.4380328983576163,578.9473684210526
31,3,13,305.0,25.0,12.5,0.5579413669025389,0.4420586330974611,578.9473684210526
32,3,13,315.0,25.0,12.5,0.5539073568593681,0.4460926431406319,578.9473684210526
33,3,13,325.0,25.0,12.5,0.5498475589684708,0.4501524410315292,578.9473684210526
34,3,13,335.0,25.0,12.5,0.5457395016351199,0.45426049836488014,578.9473684210526
35,3,13,345.0,25.0,12.5,0.5415611657872395,0.45843883421276055,578.9473684210526
36,3,13,355.0,25.0,12.5,0.5372922831817818,0.4627077168182182,578.9473684210526
37,3,13,365.0,25.0,12.5,0.5329012512554401,0.4670987487445599,578.9473684210526
38,3,13,375.0,25.0,12.5,0.528336241294318,0.471663758705682,578.9473684210526
39,3,13,385.0,25.0,12.5,0.5235350603166187,0.4764649396833813,578.9473684210526
40,3,13,395.0,25.0,12.5,0.5184264028810229,0.48157359711897707,578.9473684210526
41,3,13,405.0,25.0,12.5,0.5129028959001215,0.4870971040998785,578.9473684210526
42,3,13,415.0,25.0,12.5,0.5067862802482274,0.49321371975177264,578.9473684210526
43,3,13,425.0,25.0,12.5,0.49981368504167534,0.5001863149583247,578.9473684210526
44,3,13,435.0,25.0,12.5,0.4915111426603611,0.5084888573396389,578.9473684210526
45,3,13,445.0,25.0,12.5,0.4808978053724778,0.5191021946275223,578.9473684210526
46,3,13,455.0,25.0,12.5,0.4657320460129854,0.5342679539870145,578.9473684210526
47,3,13,465.0,25.0,12.5,0.44088172355906086,0.5591182764409391,578.9473684210526
48,3,13,475.0,25.0,12.5,0.3967153604846434,0.6032846395153566,578.9473684210526
49,3,13,485.0,25.0,12.5,0.32552454095976646,0.6744754590402335,578.9473684210526
50,3,13,495.0,25.0,12.5,0.23589759267644278,0.7641024073235572,578.9473684210526
1,4,13,5.0,35.0,12.5,0.7815065818944565,0.21849341810554346,578.9473684210526
2,4,13,15.0,35.0,12.5,0.7698533076110338,0.23014669238896623,578.9473684210526
3,4,13,25.0,35.0,12.5,0.7562492687147068,0.24375073128529323,578.9473684210526
4,4,13,35.0,35.0,12.5,0.7424036124908957,0.2575963875091043,578.9473684210526
5,4,13,45.0,35.0,12.5,0.7292476391155633,0.27075236088443666,578.9473684210526
6,4,13,55.0,35.0,12.5,0.7172237963381098,0.28277620366189016,578.9473684210526
7,4,13,65.0,35.0,12.5,0.7062521367987881,0.29374786320121193,578.9473684210526
8,4,13,75.0,35.0,12.5,0.6961957263828887,0.30380427361711126,578.9473684210526
9,4,13,85.0,35.0,12.5,0.6869040782708583,0.3130959217291417,578.9473684210526
10,4,13,95.0,35.0,12.5,0.6782826962593287,0.3217173037406713,578.9473684210526
11,4,13,105.0,35.0,12.5,0.6702388389810364,0.3297611610189636,578.9473684210526
12,4,13,115.0,35.0,12.5,0.6626988401442427,0.33730115985575726,578.9473684210526
13,4,13,125.0,35.0,12.5,0.6555841558403579,0.3444158441596421,578.9473684210526
14,4,13,135.0,35.0,12.5,0.648842478692331,0.351157521307669,578.9473684210526
15,4,13,145.0,35.0,12.5,0.6424182693715407,0.3575817306284593,578.9473684210526
16,4,13,155.0,35.0,12.5,0.6362822320252014,0.3637177679747986,578.9473684210526
17,4,13,165.0,35.0,12.5,0.6304055936613885,0.3695944063386115,578.9473684210526
18,4,13,175.0,35.0,12.5,0.6247640479638013,0.37523595203619875,578.9473684210526
19,4,13,185.0,35.0,12.5,0.6193405179898854,0.38065948201011457,578.9473684210526
20,4,13,195.0,35.0,12.5,0.6141206258879941,0.3858793741120059,578.9473684210526
21,4,13,205.0,35.0,12.5,0.6090920757749912,0.39090792422500875,578.9473684210526
22,4,13,215.0,35.0,12.5,0.6042441558856657,0.3957558441143343,578.9473684210526
23,4,13,225.0,35.0,12.5,0.5995652626144861,0.40043473738551394,578.9473684210526
24,4,13,235.0,35.0,12.5,0.5950406740797712,0.40495932592022876,578.9473684210526
25,4,13,245.0,35.0,12.5,0.5906513045922118,0.4093486954077882,578.9473684210526
26,4,13,255.0,35.0,12.5,0.5863694904943774,0.41363050950562263,578.9473684210526
27,4,13,265.0,35.0,12.5,0.5821582045700542,0.4178417954299458,578.9473684210526
28,4,13,275.0,35.0,12.5,0.577979551017803,0.42202044898219704,578.9473684210526
29,4,13,285.0,35.0,12.5,0.573815784248073,0.426184215751927,578.9473684210526
30,4,13,295.0,35.0,12.5,0.569655021654687,0.43034497834531305,578.9473684210526
31,4,13,305.0,35.0,12.5,0.5654937240116674,0.4345062759883326,578.9473684210526
32,4,13,315.0,35.0,12.5,0.5613288737064726,0.43867112629352745,578.9473684210526
33,4,13,325.0,35.0,12.5,0.5571505083636639,0.44284949163633613,578.9473684210526
34,4,13,335.0,35.0,12.5,0.5529395635011356,0.4470604364988644,578.9473684210526
35,4,13,345.0,35.0,12.5,0.5486727160231867,0.4513272839768133,578.9473684210526
36,4,13,355.0,35.0,12.5,0.5443280674650534,0.45567193253494664,578.9473684210526
37,4,13,365.0,35.0,12.5,0.5398829079965971,0.4601170920034029,578.9473684210526
38,4,13,375.0,35.0,12.5,0.5353022900080958,0.4646977099919042,578.9473684210526
39,4,13,385.0,35.0,12.5,0.5305324545178683,0.46946754548213165,578.9473684210526
40,4,13,395.0,35.0,12.5,0.5255066571206318,0.4744933428793682,578.9473684210526
41,4,13,405.0,35.0,12.5,0.5201459861579002,0.4798540138420998,578.9473684210526
42,4,13,415.0,35.0,12.5,0.5143379320158437,0.48566206798415634,578.9473684210526
43,4,13,425.0,35.0,12.5,0.5079059944580975,0.4920940055419025,578.9473684210526
44,4,13,435.0,35.0,12.5,0.5006050237818003,0.4993949762181997,578.9473684210526
45,4,13,445.0,35.0,12.5,0.49192379878691056,0.5080762012130895,578.9473684210526
46,4,13,455.0,35.0,12.5,0.4807715345299777,0.5192284654700223,578.9473684210526
47,4,13,465.0,35.0,12.5,0.4646708162348913,0.5353291837651086,578.9473684210526
48,4,13,475.0,35.0,12.5,0.43733726824724894,0.562662731752751,578.9473684210526
49,4,13,485.0,35.0,12.5,0.3889273486082481,0.6110726513917519,578.9473684210526
50,4,13,495.0,35.0,12.5,0.3180521615108891,0.6819478384891109,578.9473684210526
1,5,13,5.0,45.0,12.5,0.794566514037177,0.20543348596282296,578.9473684210526
2,5,13,15.0,45.0,12.5,0.7845731143808972,0.21542688561910284,578.9473684210526
3,5,13,25.0,45.0,12.5,0.7710365052533681,0.2289634947466319,578.9473684210526
4,5,13,35.0,45.0,12.5,0.7567218983658133,0.24327810163418673,578.9473684210526
5,5,13,45.0,45.0,12.5,0.7431015839153872,0.25689841608461284,578.9473684210526
6,5,13,55.0,45.0,12.5,0.7304546104618742,0.2695453895381258,578.9473684210526
7,5,13,65.0,45.0,12.5,0.7189065104027212,0.28109348959727876,578.9473684210526
8,5,13,75.0,45.0,12.5,0.7083584971398234,0.29164150286017665,578.9473684210526
9,5,13,85.0,45.0,12.5,0.6986828707340567,0.30131712926594334,578.9473684210526
10,5,13,95.0,45.0,12.5,0.6897457697751149,0.3102542302248851,578.9473684210526
11,5,13,105.0,45.0,12.5,0.6814365400485463,0.31856345995145374,578.9473684210526
12,5,13,115.0,45.0,12.5,0.6736626389703604,0.3263373610296396,578.9473684210526
13,5,13,125.0,45.0,12.5,0.6663426184323246,0.33365738156767544,578.9473684210526
14,5,13,135.0,45.0,12.5,0.659422965524492,0.340577034475508,578.9473684210526
15,5,13,145.0,45.0,12.5,0.6528459865059936,0.34715401349400643,578.9473684210526
16,5,13,155.0,45.0,12.5,0.6465705062269855,0.35342949377301447,578.9473684210526
17,5,13,165.0,45.0,12.5,0.6405635761115304,0.35943642388846964,578.9473684210526
18,5,13,175.0,45.0,12.5,0.6347934558221355,0.36520654417786447,578.9473684210526
19,5,13,185.0,45.0,12.5,0.6292322248763035,0.3707677751236965,578.9473684210526
20,5,13,195.0,45.0,12.5,0.6238624209449711,0.37613757905502887,578.9473684210526
21,5,13,205.0,45.0,12.5,0.6186729863502445,0.3813270136497555,578.9473684210526
22,5,13,215.0,45.0,12.5,0.613654563918626,0.38634543608137395,578.9473684210526
23,5,13,225.0,45.0,12.5,0.6087987921025101,0.3912012078974899,578.9473684210526
24,5,13,235.0,45.0,12.5,0.6040961435987304,0.39590385640126957,578.9473684210526
25,5,13,245.0,45.0,12.5,0.5995329111570202,0.40046708884297977,578.9473684210526
26,5,13,255.0,45.0,12.5,0.595087235404403,0.404912764595597,578.9473684210526
27,5,13,265.0,45.0,12.5,0.5907270954652132,0.4092729045347868,578.9473684210526
28,5,13,275.0,45.0,12.5,0.5864099394624422,0.41359006053755776,578.9473684210526
29,5,13,285.0,45.0,12.5,0.5821068846679652,0.41789311533203477,578.9473684210526
30,5,13,295.0,45.0,12.5,0.5778033764079701,0.4221966235920299,578.9473684210526
31,5,13,305.0,45.0,12.5,0.5734917662618214,0.4265082337381786,578.9473684210526
32,5,13,315.0,45.0,12.5,0.5691698262997269,0.4308301737002731,578.9473684210526
33,5,13,325.0,45.0,12.5,0.5648340897336865,0.43516591026631346,578.9473684210526
34,5,13,335.0,45.0,12.5,0.5604731565733142,0.4395268434266858,578.9473684210526
35,5,13,345.0,45.0,12.5,0.5560604069178862,0.44393959308211384,578.9473684210526
36,5,13,355.0,45.0,12.5,0.5515676098133774,0.4484323901866226,578.9473684210526
37,5,13,365.0,45.0,12.5,0.5469665650288988,0.45303343497110116,578.9473684210526
38,5,13,375.0,45.0,12.5,0.5422275155529312,0.45777248444706875,578.9473684210526
39,5,13,385.0,45.0,12.5,0.5373045801780826,0.4626954198219174,578.9473684210526
40,5,13,395.0,45.0,12.5,0.5321268680158182,0.4678731319841818,578.9473684210526
41,5,13,405.0,45.0,12.5,0.5266043637633995,0.4733956362366005,578.9473684210526
42,5,13,415.0,45.0,12.5,0.5206286289101303,0.4793713710898697,578.9473684210526
43,5,13,425.0,45.0,12.5,0.5140401573655364,0.48595984263446357,578.9473684210526
44,5,13,435.0,45.0,12.5,0.5065896545191714,0.4934103454808286,578.9473684210526
45,5,13,445.0,45.0,12.5,0.4979231299452848,0.5020768700547151,578.9473684210526
46,5,13,455.0,45.0,12.5,0.4874803658152,0.5125196341848,578.9473684210526
47,5,13,465.0,45.0,12.5,0.4736606237231257,0.5263393762768743,578.9473684210526
48,5,13,475.0,45.0,12.5,0.452060036106827,0.547939963893173,578.9473684210526
49,5,13,485.0,45.0,12.5,0.4125088206651919,0.5874911793348081,578.9473684210526
50,5,13,495.0,45.0,12.5,0.34955294529274517,0.6504470547072548,578.9473684210526
1,6,13,5.0,55.0,12.5,0.7823452705644788,0.21765472943552122,578.9473684210526
2,6,13,15.0,55.0,12.5,0.7713204295516365,0.2286795704483635,578.9473684210526
3,6,13,25.0,55.0,12.5,0.75842629498266,0.24157370501734,578.9473684210526
4,6,13,35.0,55.0,12.5,0.7451797598600007,0.25482024013999927,578.9473684210526
5,6,13,45.0,55.0,12.5,0.7324973138277774,0.2675026861722226,578.9473684210526
6,6,13,55.0,55.0,12.5,0.7206910621269992,0.2793089378730008,578.9473684210526
7,6,13,65.0,55.0,12.5,0.7098162054006386,0.2901837945993614,578.9473684210526
8,6,13,75.0,55.0,12.5,0.6997943605560724,0.30020563944392764,578.9473684210526
9,6,13,85.0,55.0,12.5,0.6905263292742722,0.30947367072572785,578.9473684210526
10,6,13,95.0,55.0,12.5,0.6819125878564323,0.3180874121435677,578.9473684210526
11,6,13,105.0,55.0,12.5,0.6738601273379715,0.3261398726620285,578.9473684210526
12,6,13,115.0,55.0,12.5,0.6662908169184808,0.3337091830815192,578.9473684210526
13,6,13,125.0,55.0,12.5,0.6591468804640602,0.3408531195359398,578.9473684210526
14,6,13,135.0,55.0,12.5,0.6523673715304102,0.34763262846958976,578.9473684210526
15,6,13,145.0,55.0,12.5,0.6459111932496585,0.3540888067503415,578.9473684210526
16,6,13,155.0,55.0,12.5,0.6397432820413674,0.36025671795863257,578.9473684210526
17,6,13,165.0,55.0,12.5,0.6338299105457215,0.36617008945427854,578.9473684210526
18,6,13,175.0,55.0,12.5,0.6281461364998987,0.3718538635001013,578.9473684210526
19,6,13,185.0,55.0,12.5,0.622674120570777,0.377325879429223,578.9473684210526
20,6,13,195.0,55.0,12.5,0.6173980178137262,0.38260198218627384,578.9473684210526
21,6,13,205.0,55.0,12.5,0.6123054858066643,0.38769451419333567,578.9473684210526
22,6,13,215.0,55.0,12.5,0.6073868425836394,0.3926131574163606,578.9473684210526
23,6,13,225.0,55.0,12.5,0.6026338290674284,0.39736617093257165,578.9473684210526
24,6,13,235.0,55.0,12.5,0.5980369672680016,0.4019630327319984,578.9473684210526
25,6,13,245.0,55.0,12.5,0.5935804153073414,0.4064195846926586,578.9473684210526
26,6,13,255.0,55.0,12.5,0.5892382389246976,0.4107617610753024,578.9473684210526
27,6,13,265.0,55.0,12.5,0.5849719336108229,0.4150280663891771,578.9473684210526
28,6,13,275.0,55.0,12.5,0.5807382193405518,0.4192617806594482,578.9473684210526
29,6,13,285.0,55.0,12.5,0.5765140102722985,0.42348598972770146,578.9473684210526
30,6,13,295.0,55.0,12.5,0.572286299891979,0.427713700108021,578.9473684210526
31,6,13,305.0,55.0,12.5,0.5680496837439339,0.43195031625606606,578.9473684210526
32,6,13,315.0,55.0,12.5,0.5638021816002473,0.4361978183997527,578.9473684210526
33,6,13,325.0,55.0,12.5,0.5595371026029107,0.4404628973970893,578.9473684210526
34,6,13,335.0,55.0,12.5,0.5552372618286022,0.4447627381713978,578.9473684210526
35,6,13,345.0,55.0,12.5,0.5508787259944896,0.4491212740055104,578.9473684210526
36,6,13,355.0,55.0,12.5,0.546433243143429,0.453566756856571,578.9473684210526
37,6,13,365.0,55.0,12.5,0.541873585991429,0.458126414008571,578.9473684210526
38,6,13,375.0,55.0,12.5,0.5371587155896277,0.4628412844103723,578.9473684210526
39,6,13,385.0,55.0,12.5,0.5322301395744008,0.4677698604255992,578.9473684210526
40,6,13,395.0,55.0,12.5,0.5270044792849017,0.4729955207150983,578.9473684210526
41,6,13,405.0,55.0,12.5,0.5213767367244465,0.4786232632755535,578.9473684210526
42,6,13,415.0,55.0,12.5,0.515199434536104,0.48480056546389605,578.9473684210526
43,6,13,425.0,55.0,12.5,0.508225904607336,0.49177409539266403,578.9473684210526
44,6,13,435.0,55.0,12.5,0.5000383100717992,0.4999616899282008,578.9473684210526
45,6,13,445.0,55.0,12.5,0.48989005207832703,0.510109947921673,578.9473684210526
46,6,13,455.0,55.0,12.5,0.4761854098572808,0.5238145901427191,578.9473684210526
47,6,13,465.0,55.0,12.5,0.45533889141749845,0.5446611085825015,578.9473684210526
48,6,13,475.0,55.0,12.5,0.42056145284208485,0.5794385471579151,578.9473684210526
49,6,13,485.0,55.0,12.5,0.3654721129364218,0.6345278870635782,578.9473684210526
50,6,13,495.0,55.0,12.5,0.2967442712324685,0.7032557287675315,578.9473684210526
1,7,13,5.0,65.0,12.5,0.7651567363652392,0.23484326363476082,578.9473684210526
2,7,13,15.0,65.0,12.5,0.7545422559346375,0.24545774406536247,578.9473684210526
3,7,13,25.0,65.0,12.5,0.742519949977829,0.257480050022171,578.9473684210526
4,7,13,35.0,65.0,12.5,0.7303052444118507,0.26969475558814926,578.9473684210526
5,7,13,45.0,65.0,12.5,0.7185590674910851,0.2814409325089149,578.9473684210526
6,7,13,55.0,65.0,12.5,0.7075440602528317,0.2924559397471683,578.9473684210526
7,7,13,65.0,65.0,12.5,0.6973244417189308,0.3026755582810692,578.9473684210526
8,7,13,75.0,65.0,12.5,0.6878577146086028,0.3121422853913972,578.9473684210526
9,7,13,85.0,65.0,12.5,0.67906765042296,0.32093234957704,578.9473684210526
10,7,13,95.0,65.0,12.5,0.6708728067293982,0.3291271932706018,578.9473684210526
11,7,13,105.0,65.0,12.5,0.6632030164410467,0.33679698355895327,578.9473684210526
12,7,13,115.0,65.0,12.5,0.6559833552434636,0.34401664475653637,578.9473684210526
13,7,13,125.0,65.0,12.5,0.6491663547573602,0.3508336452426398,578.9473684210526
14,7,13,135.0,65.0,12.5,0.6426953644142893,0.3573046355857107,578.9473684210526
15,7,13,145.0,65.0,12.5,0.636532815277705,0.363467184722295,578.9473684210526
16,7,13,155.0,65.0,12.5,0.6306456744436344,0.3693543255563656,578.9473684210526
17,7,13,165.0,65.0,12.5,0.6250050689791895,0.3749949310208105,578.9473684210526
18,7,13,175.0,65.0,12.5,0.6195885421244901,0.3804114578755099,578.9473684210526
19,7,13,185.0,65.0,12.5,0.6143781007719388,0.3856218992280612,578.9473684210526
20,7,13,195.0,65.0,12.5,0.6093604243175875,0.3906395756824125,578.9473684210526
21,7,13,205.0,65.0,12.5,0.6045225152290712,0.3954774847709288,578.9473684210526
22,7,13,215.0,65.0,12.5,0.599851815654415,0.40014818434558497,578.9473684210526
23,7,13,225.0,65.0,12.5,0.5953358513998468,0.4046641486001532,578.9473684210526
24,7,13,235.0,65.0,12.5,0.590958548632552,0.40904145136744796,578.9473684210526
25,7,13,245.0,65.0,12.5,0.5866966382023178,0.41330336179768223,578.9473684210526
26,7,13,255.0,65.0,12.5,0.5825154661987311,0.41748453380126893,578.9473684210526
27,7,13,265.0,65.0,12.5,0.5783737012376888,0.42162629876231117,578.9473684210526
28,7,13,275.0,65.0,12.5,0.5742503448595061,0.4257496551404939,578.9473684210526
29,7,13,285.0,65.0,12.5,0.5701332093654935,0.4298667906345065,578.9473684210526
30,7,13,295.0,65.0,12.5,0.5660178169491468,0.43398218305085323,578.9473684210526
31,7,13,305.0,65.0,12.5,0.5618989810550719,0.43810101894492814,578.9473684210526
32,7,13,315.0,65.0,12.5,0.5577671442153875,0.44223285578461247,578.9473684210526
33,7,13,325.0,65.0,12.5,0.5536053866361011,0.44639461336389885,578.9473684210526
34,7,13,335.0,65.0,12.5,0.5493918550214729,0.4506081449785271,578.9473684210526
35,7,13,345.0,65.0,12.5,0.5451038183890538,0.45489618161094625,578.9473684210526
36,7,13,355.0,65.0,12.5,0.5407156445613395,0.45928435543866053,578.9473684210526
37,7,13,365.0,65.0,12.5,0.5361904956035398,0.4638095043964602,578.9473684210526
38,7,13,375.0,65.0,12.5,0.5314829558827794,0.4685170441172206,578.9473684210526
39,7,13,385.0,65.0,12.5,0.5265119498222849,0.4734880501777151,578.9473684210526
40,7,13,395.0,65.0,12.5,0.5211818061719313,0.4788181938280687,578.9473684210526
41,7,13,405.0,65.0,12.5,0.5153483105846638,0.4846516894153362,578.9473684210526
42,7,13,415.0,65.0,12.5,0.5087819247229508,0.4912180752770492,578.9473684210526
43,7,13,425.0,65.0,12.5,0.5010981004552788,0.4989018995447212,578.9473684210526
44,7,13,435.0,65.0,12.5,0.49158990549502446,0.5084100945049755,578.9473684210526
45,7,13,445.0,65.0,12.5,0.4787931545744839,0.5212068454255161,578.9473684210526
46,7,13,455.0,65.0,12.5,0.4595212271073392,0.5404787728926608,578.9473684210526
47,7,13,465.0,65.0,12.5,0.4274304387559248,0.5725695612440752,578.9473684210526
48,7,13,475.0,65.0,12.5,0.3735757746725286,0.6264242253274714,578.9473684210526
49,7,13,485.0,65.0,12.5,0.2968140460580321,0.7031859539419679,578.9473684210526
50,7,13,495.0,65.0,12.5,0.2187938462180581,0.7812061537819419,578.9473684210526
1,8,13,5.0,75.0,12.5,0.7414955973114877,0.25850440268851227,578.9473684210526
2,8,13,15.0,75.0,12.5,0.7320890483624256,0.2679109516375744,578.9473684210526
3,8,13,25.0,75.0,12.5,0.7213729440596642,0.27862705594033577,578.9473684210526
4,8,13,35.0,75.0,12.5,0.7104200572840682,0.2895799427159318,578.9473684210526
5,8,13,45.0,75.0,12.5,0.69979269074722,0.30020730925278005,578.9473684210526
6,8,13,55.0,75.0,12.5,0.6897390067639844,0.31026099323601564,578.9473684210526
7,8,13,65.0,75.0,12.5,0.680334222235713,0.31966577776428695,578.9473684210526
8,8,13,75.0,75.0,12.5,0.6715683675545983,0.32843163244540174,578.9473684210526
9,8,13,85.0,75.0,12.5,0.6633930514147032,0.33660694858529683,578.9473684210526
10,8,13,95.0,75.0,12.5,0.6557468446904808,0.34425315530951917,578.9473684210526
11,8,13,105.0,75.0,12.5,0.6485789863557302,0.3514210136442698,578.9473684210526
12,8,13,115.0,75.0,12.5,0.6418273516233235,0.3581726483766765,578.9473684210526
13,8,13,125.0,75.0,12.5,0.6354501332883318,0.3645498667116682,578.9473684210526
14,8,13,135.0,75.0,12.5,0.6294043734714726,0.3705956265285274,578.9473684210526
15,8,13,145.0,75.0,12.5,0.6236494508530626,0.37635054914693744,578.9473684210526
16,8,13,155.0,75.0,12.5,0.6181553879114924,0.3818446120885076,578.9473684210526
17,8,13,165.0,75.0,12.5,0.612896918602563,0.387103081397437,578.9473684210526
18,8,13,175.0,75.0,12.5,0.6078544826500998,0.3921455173499002,578.9473684210526
19,8,13,185.0,75.0,12.5,0.6030134243271589,0.3969865756728411,578.9473684210526
20,8,13,195.0,75.0,12.5,0.5983595477362899,0.40164045226371015,578.9473684210526
21,8,13,205.0,75.0,12.5,0.5938747950846381,0.40612520491536186,578.9473684210526
22,8,13,215.0,75.0,12.5,0.589536475503841,0.41046352449615897,578.9473684210526
23,8,13,225.0,75.0,12.5,0.5853203639446973,0.41467963605530267,578.9473684210526
24,8,13,235.0,75.0,12.5,0.5812021895852828,0.4187978104147172,578.9473684210526
25,8,13,245.0,75.0,12.5,0.5771529701862474,0.42284702981375255,578.9473684210526
26,8,13,255.0,75.0,12.5,0.5731456664449849,0.4268543335550151,578.9473684210526
27,8,13,265.0,75.0,12.5,0.5691649076148453,0.4308350923851547,578.9473684210526
28,8,13,275.0,75.0,12.5,0.5651976654392179,0.4348023345607821,578.9473684210526
29,8,13,285.0,75.0,12.5,0.5612392006446456,0.4387607993553544,578.9473684210526
30,8,13,295.0,75.0,12.5,0.5572844512324565,0.4427155487675435,578.9473684210526
31,8,13,305.0,75.0,12.5,0.5533221244304712,0.44667787556952876,578.9473684210526
32,8,13,315.0,75.0,12.5,0.5493309687205765,0.4506690312794235,578.9473684210526
33,8,13,325.0,75.0,12.5,0.5452892976303265,0.4547107023696735,578.9473684210526
34,8,13,335.0,75.0,12.5,0.5411803532294368,0.4588196467705632,578.9473684210526
35,8,13,345.0,75.0,12.5,0.5369818855225561,0.4630181144774439,578.9473684210526
36,8,13,355.0,75.0,12.5,0.5326533192509373,0.4673466807490627,578.9473684210526
37,8,13,365.0,75.0,12.5,0.5281357270200698,0.47186427297993017,578.9473684210526
38,8,13,375.0,75.0,12.5,0.5233661672126482,0.47663383278735183,578.9473684210526
39,8,13,385.0,75.0,12.5,0.5182802226610969,0.48171977733890314,578.9473684210526
40,8,13,395.0,75.0,12.5,0.5127307584213008,0.4872692415786992,578.9473684210526
41,8,13,405.0,75.0,12.5,0.5064813454624454,0.4935186545375546,578.9473684210526
42,8,13,415.0,75.0,12.5,0.4991862945205176,0.5008137054794823,578.9473684210526
43,8,13,425.0,75.0,12.5,0.49024415440189045,0.5097558455981095,578.9473684210526
44,8,13,435.0,75.0,12.5,0.47837403922184885,0.5216259607781512,578.9473684210526
45,8,13,445.0,75.0,12.5,0.46085369913197033,0.5391463008680297,578.9473684210526
46,8,13,455.0,75.0,12.5,0.4320618292297197,0.5679381707702803,578.9473684210526
47,8,13,465.0,75.0,12.5,0.38240113091370037,0.6175988690862997,578.9473684210526
48,8,13,475.0,75.0,12.5,0.30318567832954524,0.6968143216704548,578.9473684210526
49,8,13,485.0,75.0,12.5,0.2198573187673792,0.7801426812326208,578.9473684210526
50,8,13,495.0,75.0,12.5,0.20030369665015252,0.7996963033498474,578.9473684210526
1,9,13,5.0,85.0,12.5,0.7084067634427172,0.29159323655728275,578.9473684210526
2,9,13,15.0,85.0,12.5,0.7006508101884565,0.29934918981154346,578.9473684210526
3,9,13,25.0,85.0,12.5,0.6915913892972914,0.30840861070270864,578.9473684210526
4,9,13,35.0,85.0,12.5,0.682156765320749,0.317843234679251,578.9473684210526
5,9,13,45.0,85.0,12.5,0.6728576591648254,0.32714234083517457,578.9473684210526
6,9,13,55.0,85.0,12.5,0.66394201381639,0.33605798618361005,578.9473684210526
7,9,13,65.0,85.0,12.5,0.6555081593639379,0.3444918406360621,578.9473684210526
8,9,13,75.0,85.0,12.5,0.6475808499038713,0.3524191500961287,578.9473684210526
9,9,13,85.0,85.0,12.5,0.6401376457038902,0.3598623542961098,578.9473684210526
10,9,13,95.0,85.0,12.5,0.6331531753908324,0.3668468246091676,578.9473684210526
11,9,13,105.0,85.0,12.5,0.626585014977852,0.373414985022148,578.9473684210526
12,9,13,115.0,85.0,12.5,0.6204022139576099,0.37959778604239014,578.9473684210526
13,9,13,125.0,85.0,12.5,0.6145683714772935,0.3854316285227065,578.9473684210526
14,9,13,135.0,85.0,12.5,0.6090470009277811,0.3909529990722189,578.9473684210526
15,9,13,145.0,85.0,12.5,0.603804305693229,0.39619569430677104,578.9473684210526
16,9,13,155.0,85.0,12.5,0.5988077574315144,0.4011922425684856,578.9473684210526
17,9,13,165.0,85.0,12.5,0.5940294714010105,0.4059705285989895,578.9473684210526
18,9,13,175.0,85.0,12.5,0.5894507543430386,0.4105492456569614,578.9473684210526
19,9,13,185.0,85.0,12.5,0.5850604451072597,0.41493955489274026,578.9473684210526
20,9,13,195.0,85.0,12.5,0.5808457420396533,0.41915425796034667,578.9473684210526
21,9,13,205.0,85.0,12.5,0.5767781765979593,0.42322182340204073,578.9473684210526
22,9,13,215.0,85.0,12.5,0.5728155915393464,0.42718440846065364,578.9473684210526
23,9,13,225.0,85.0,12.5,0.5689211758696341,0.4310788241303659,578.9473684210526
24,9,13,235.0,85.0,12.5,0.5650847195994875,0.4349152804005125,578.9473684210526
25,9,13,245.0,85.0,12.5,0.5613009840746057,0.4386990159253943,578.9473684210526
26,9,13,255.0,85.0,12.5,0.5575589847425043,0.4424410152574957,578.9473684210526
27,9,13,265.0,85.0,12.5,0.5538420916510328,0.4461579083489672,578.9473684210526
28,9,13,275.0,85.0,12.5,0.5501336359451899,0.44986636405481006,578.9473684210526
29,9,13,285.0,85.0,12.5,0.5464253063193278,0.45357469368067216,578.9473684210526
30,9,13,295.0,85.0,12.5,0.5427108401678745,0.4572891598321255,578.9473684210526
31,9,13,305.0,85.0,12.5,0.5389779701169793,0.46102202988302066,578.9473684210526
32,9,13,315.0,85.0,12.5,0.5351998716992846,0.4648001283007154,578.9473684210526
33,9,13,325.0,85.0,12.5,0.5313449003986619,0.4686550996013381,578.9473684210526
34,9,13,335.0,85.0,12.5,0.5273843267523062,0.4726156732476938,578.9473684210526
35,9,13,345.0,85.0,12.5,0.5232905837659961,0.47670941623400387,578.9473684210526
36,9,13,355.0,85.0,12.5,0.5190131075573435,0.48098689244265647,578.9473684210526
37,9,13,365.0,85.0,12.5,0.5144662991462938,0.4855337008537062,578.9473684210526
38,9,13,375.0,85.0,12.5,0.5095420385668433,0.4904579614331567,578.9473684210526
39,9,13,385.0,85.0,12.5,0.5041119264344314,0.49588807356556863,578.9473684210526
40,9,13,395.0,85.0,12.5,0.49798493898181706,0.5020150610181829,578.9473684210526
41,9,13,405.0,85.0,12.5,0.49078271480459107,0.5092172851954089,578.9473684210526
42,9,13,415.0,85.0,12.5,0.48184269318964196,0.518157306810358,578.9473684210526
43,9,13,425.0,85.0,12.5,0.4700230940715452,0.5299769059284548,578.9473684210526
44,9,13,435.0,85.0,12.5,0.45273695279080794,0.547263047209192,578.9473684210526
45,9,13,445.0,85.0,12.5,0.42464335993616265,0.5753566400638374,578.9473684210526
46,9,13,455.0,85.0,12.5,0.37479417661874753,0.6252058233812525,578.9473684210526
47,9,13,465.0,85.0,12.5,0.29040045773398343,0.7095995422660166,578.9473684210526
48,9,13,475.0,85.0,12.5,0.213559509394929,0.786440490605071,578.9473684210526
49,9,13,485.0,85.0,12.5,0.20018407120968276,0.7998159287903173,578.9473684210526
50,9,13,495.0,85.0,12.5,0.20003192090956703,0.799968079090433,578.9473684210526
1,10,13,5.0,95.0,12.5,0.6528024256600157,0.3471975743399843,578.9473684210526
2,10,13,15.0,95.0,12.5,0.6469135711332248,0.3530864288667752,578.9473684210526
3,10,13,25.0,95.0,12.5,0.6397670256704372,0.3602329743295628,578.9473684210526
4,10,13,35.0,95.0,12.5,0.6320902153138088,0.3679097846861912,578.9473684210526
5,10,13,45.0,95.0,12.5,0.6243218972569489,0.37567810274305113,578.9473684210526
6,10,13,55.0,95.0,12.5,0.6167038357245915,0.38329616427540847,578.9473684210526
7,10,13,65.0,95.0,12.5,0.6093589477638586,0.39064105223614143,578.9473684210526
8,10,13,75.0,95.0,12.5,0.6023390693544542,0.39766093064554575,578.9473684210526
9,10,13,85.0,95.0,12.5,0.5956613370248801,0.4043386629751199,578.9473684210526
10,10,13,95.0,95.0,12.5,0.5893275592993721,0.4106724407006279,578.9473684210526
11,10,13,105.0,95.0,12.5,0.5833278486218474,0.4166721513781526,578.9473684210526
12,10,13,115.0,95.0,12.5,0.5776540395846378,0.4223459604153622,578.9473684210526
13,10,13,125.0,95.0,12.5,0.5722940613685403,0.42770593863145967,578.9473684210526
14,10,13,135.0,95.0,12.5,0.5672282215535506,0.43277177844644943,578.9473684210526
15,10,13,145.0,95.0,12.5,0.5624258965210279,0.4375741034789721,578.9473684210526
16,10,13,155.0,95.0,12.5,0.5578470179310091,0.4421529820689909,578.9473684210526
17,10,13,165.0,95.0,12.5,0.5534510185902553,0.44654898140974475,578.9473684210526
18,10,13,175.0,95.0,12.5,0.5492107695552323,0.4507892304447677,578.9473684210526
19,10,13,185.0,95.0,12.5,0.5451194381372249,0.45488056186277515,578.9473684210526
20,10,13,195.0,95.0,12.5,0.5411735252409619,0.45882647475903815,578.9473684210526
21,10,13,205.0,95.0,12.5,0.5373472695541492,0.46265273044585076,578.9473684210526
22,10,13,215.0,95.0,12.5,0.5336128357830799,0.46638716421692006,578.9473684210526
23,10,13,225.0,95.0,12.5,0.529941000834615,0.47005899916538496,578.9473684210526
24,10,13,235.0,95.0,12.5,0.5263244070013997,0.4736755929986003,578.9473684210526
25,10,13,245.0,95.0,12.5,0.5227613917952145,0.4772386082047855,578.9473684210526
26,10,13,255.0,95.0,12.5,0.5192365389058131,0.4807634610941869,578.9473684210526
27,10,13,265.0,95.0,12.5,0.5157221497777772,0.4842778502222228,578.9473684210526
28,10,13,275.0,95.0,12.5,0.5122033709870375,0.4877966290129625,578.9473684210526
29,10,13,285.0,95.0,12.5,0.5086825940419808,0.4913174059580192,578.9473684210526
30,10,13,295.0,95.0,12.5,0.5051508655185767,0.4948491344814233,578.9473684210526
31,10,13,305.0,95.0,12.5,0.5015625951725374,0.49843740482746257,578.9473684210526
32,10,13,315.0,95.0,12.5,0.49785853100888144,0.5021414689911186,578.9473684210526
33,10,13,325.0,95.0,12.5,0.4940060254718047,0.5059939745281953,578.9473684210526
34,10,13,335.0,95.0,12.5,0.4899750006187101,0.51002499938129,578.9473684210526
35,10,13,345.0,95.0,12.5,0.4856708166649828,0.5143291833350172,578.9473684210526
36,10,13,355.0,95.0,12.5,0.4809159772824242,0.5190840227175758,578.9473684210526
37,10,13,365.0,95.0,12.5,0.4755108769154356,0.5244891230845644,578.9473684210526
38,10,13,375.0,95.0,12.5,0.46923404146671766,0.5307659585332823,578.9473684210526
39,10,13,385.0,95.0,12.5,0.4616507583272356,0.5383492416727644,578.9473684210526
40,10,13,395.0,95.0,12.5,0.45185759719029894,0.5481424028097011,578.9473684210526
41,10,13,405.0,95.0,12.5,0.4383390342807973,0.5616609657192027,578.9473684210526
42,10,13,415.0,95.0,12.5,0.4184298466022703,0.5815701533977298,578.9473684210526
43,10,13,425.0,95.0,12.5,0.3858703381503492,0.6141296618496508,578.9473684210526
44,10,13,435.0,95.0,12.5,0.32860315256639605,0.671396847433604,578.9473684210526
45,10,13,445.0,95.0,12.5,0.24944484074694892,0.750555159253051,578.9473684210526
46,10,13,455.0,95.0,12.5,0.20426132437455594,0.7957386756254441,578.9473684210526
47,10,13,465.0,95.0,12.5,0.20005636847378833,0.7999436315262116,578.9473684210526
48,10,13,475.0,95.0,12.5,0.20003106623576994,0.7999689337642301,578.9473684210526
49,10,13,485.0,95.0,12.5,0.2000312623083189,0.7999687376916811,578.9473684210526
50,10,13,495.0,95.0,12.5,0.20003146924266482,0.7999685307573352,578.9473684210526
1,1,14,5.0,5.0,13.5,0.6776038774031654,0.3223961225968346,543.859649122807
2,1,14,15.0,5.0,13.5,0.6692234729486946,0.33077652705130545,543.859649122807
3,1,14,25.0,5.0,13.5,0.6595824533915535,0.3404175466084465,543.859649122807
4,1,14,35.0,5.0,13.5,0.6496461949911655,0.3503538050088345,543.859649122807
5,1,14,45.0,5.0,13.5,0.6399011522572676,0.3600988477427324,543.859649122807
6,1,14,55.0,5.0,13.5,0.6305677630736671,0.36943223692633287,543.859649122807
7,1,14,65.0,5.0,13.5,0.6217247584853509,0.3782752415146491,543.859649122807
8,1,14,75.0,5.0,13.5,0.6133795252992585,0.38662047470074146,543.859649122807
9,1,14,85.0,5.0,13.5,0.6055082084685506,0.3944917915314494,543.859649122807
10,1,14,95.0,5.0,13.5,0.5980813776170351,0.40191862238296494,543.859649122807
11,1,14,105.0,5.0,13.5,0.591062001256588,0.40893799874341197,543.859649122807
12,1,14,115.0,5.0,13.5,0.5844286906098053,0.4155713093901947,543.859649122807
13,1,14,125.0,5.0,13.5,0.5781616782498253,0.42183832175017466,543.859649122807
14,1,14,135.0,5.0,13.5,0.57225199102374,0.42774800897626,543.859649122807
15,1,14,145.0,5.0,13.5,0.5666940139451903,0.43330598605480974,543.859649122807
16,1,14,155.0,5.0,13.5,0.5614725182416657,0.43852748175833434,543.859649122807
17,1,14,165.0,5.0,13.5,0.5565534390440199,0.4434465609559801,543.859649122807
18,1,14,175.0,5.0,13.5,0.5518803317097983,0.44811966829020167,543.859649122807
19,1,14,185.0,5.0,13.5,0.5473875053190556,0.45261249468094444,543.859649122807
20,1,14,195.0,5.0,13.5,0.5430258249250178,0.45697417507498217,543.859649122807
21,1,14,205.0,5.0,13.5,0.5387844712881662,0.4612155287118338,543.859649122807
22,1,14,215.0,5.0,13.5,0.5346736437887413,0.46532635621125873,543.859649122807
23,1,14,225.0,5.0,13.5,0.5306838883526858,0.46931611164731424,543.859649122807
24,1,14,235.0,5.0,13.5,0.526777983003648,0.473222016996352,543.859649122807
25,1,14,245.0,5.0,13.5,0.5229019336778158,0.4770980663221842,543.859649122807
26,1,14,255.0,5.0,13.5,0.5190430986302212,0.48095690136977876,543.859649122807
27,1,14,265.0,5.0,13.5,0.5152223971768919,0.4847776028231081,543.859649122807
28,1,14,275.0,5.0,13.5,0.5114374693942911,0.48856253060570887,543.859649122807
29,1,14,285.0,5.0,13.5,0.5076341267509952,0.4923658732490048,543.859649122807
30,1,14,295.0,5.0,13.5,0.5037545141065884,0.49624548589341155,543.859649122807
31,1,14,305.0,5.0,13.5,0.49978887803431965,0.5002111219656804,543.859649122807
32,1,14,315.0,5.0,13.5,0.49574191294293507,0.504258087057065,543.859649122807
33,1,14,325.0,5.0,13.5,0.4915492224547281,0.5084507775452719,543.859649122807
34,1,14,335.0,5.0,13.5,0.4870666188557158,0.5129333811442842,543.859649122807
35,1,14,345.0,5.0,13.5,0.48216024693907106,0.5178397530609289,543.859649122807
36,1,14,355.0,5.0,13.5,0.47674556012332536,0.5232544398766746,543.859649122807
37,1,14,365.0,5.0,13.5,0.4706542749002776,0.5293457250997224,543.859649122807
38,1,14,375.0,5.0,13.5,0.4634633146324183,0.5365366853675817,543.859649122807
39,1,14,385.0,5.0,13.5,0.4544986284911044,0.5455013715088957,543.859649122807
40,1,14,395.0,5.0,13.5,0.4429251872909939,0.5570748127090062,543.859649122807
41,1,14,405.0,5.0,13.5,0.4273690694882565,0.5726309305117435,543.859649122807
42,1,14,415.0,5.0,13.5,0.4047616894452389,0.5952383105547612,543.859649122807
43,1,14,425.0,5.0,13.5,0.369290341174707,0.630709658825293,543.859649122807
44,1,14,435.0,5.0,13.5,0.314671376185317,0.685328623814683,543.859649122807
45,1,14,445.0,5.0,13.5,0.24833318330658316,0.7516668166934168,543.859649122807
46,1,14,455.0,5.0,13.5,0.2074941962930865,0.7925058037069135,543.859649122807
47,1,14,465.0,5.0,13.5,0.2001486734082165,0.7998513265917835,543.859649122807
48,1,14,475.0,5.0,13.5,0.20003164104213572,0.7999683589578643,543.859649122807
49,1,14,485.0,5.0,13.5,0.20003145790846213,0.7999685420915379,543.859649122807
50,1,14,495.0,5.0,13.5,0.20003174808388474,0.7999682519161153,543.859649122807
1,2,14,5.0,15.0,13.5,0.7298792511431005,0.2701207488568995,543.859649122807
2,2,14,15.0,15.0,13.5,0.7192863150072939,0.2807136849927061,543.859649122807
3,2,14,25.0,15.0,13.5,0.7074347466112711,0.29256525338872885,543.859649122807
4,2,14,35.0,15.0,13.5,0.6955134945211464,0.3044865054788536,543.859649122807
5,2,14,45.0,15.0,13.5,0.6840902163737173,0.31590978362628275,543.859649122807
6,2,14,55.0,15.0,13.5,0.6733758747137448,0.3266241252862552,543.859649122807
7,2,14,65.0,15.0,13.5,0.6634142025519928,0.3365857974480072,543.859649122807
8,2,14,75.0,15.0,13.5,0.6541675120929465,0.34583248790705345,543.859649122807
9,2,14,85.0,15.0,13.5,0.6455702617185776,0.35442973828142244,543.859649122807
10,2,14,95.0,15.0,13.5,0.6375561915383056,0.36244380846169444,543.859649122807
11,2,14,105.0,15.0,13.5,0.6300554107088615,0.3699445892911385,543.859649122807
12,2,14,115.0,15.0,13.5,0.6230182797598802,0.3769817202401198,543.859649122807
13,2,14,125.0,15.0,13.5,0.6163922681679546,0.38360773183204544,543.859649122807
14,2,14,135.0,15.0,13.5,0.6101437842238157,0.38985621577618434,543.859649122807
15,2,14,145.0,15.0,13.5,0.604237222891151,0.395762777108849,543.859649122807
16,2,14,155.0,15.0,13.5,0.598638110567826,0.401361889432174,543.859649122807
17,2,14,165.0,15.0,13.5,0.5933138105271046,0.40668618947289537,543.859649122807
18,2,14,175.0,15.0,13.5,0.5882294958149454,0.41177050418505456,543.859649122807
19,2,14,185.0,15.0,13.5,0.5833546978294876,0.41664530217051243,543.859649122807
20,2,14,195.0,15.0,13.5,0.5786714303360984,0.42132856966390164,543.859649122807
21,2,14,205.0,15.0,13.5,0.574174198824492,0.42582580117550795,543.859649122807
22,2,14,215.0,15.0,13.5,0.56985448735404,0.43014551264596,543.859649122807
23,2,14,225.0,15.0,13.5,0.5656780445876556,0.4343219554123444,543.859649122807
24,2,14,235.0,15.0,13.5,0.561581440682849,0.438418559317151,543.859649122807
25,2,14,245.0,15.0,13.5,0.5575284272216404,0.4424715727783596,543.859649122807
26,2,14,255.0,15.0,13.5,0.5535046253983211,0.4464953746016789,543.859649122807
27,2,14,265.0,15.0,13.5,0.5495145057705504,0.4504854942294496,543.859649122807
28,2,14,275.0,15.0,13.5,0.545555496334279,0.454444503665721,543.859649122807
29,2,14,285.0,15.0,13.5,0.5416011847522066,0.45839881524779336,543.859649122807
30,2,14,295.0,15.0,13.5,0.5376164054438511,0.46238359455614886,543.859649122807
31,2,14,305.0,15.0,13.5,0.5335871037681212,0.46641289623187876,543.859649122807
32,2,14,315.0,15.0,13.5,0.5295171647507017,0.47048283524929835,543.859649122807
33,2,14,325.0,15.0,13.5,0.5253897739261384,0.4746102260738616,543.859649122807
34,2,14,335.0,15.0,13.5,0.5211465438135848,0.47885345618641517,543.859649122807
35,2,14,345.0,15.0,13.5,0.5167173646800992,0.4832826353199008,543.859649122807
36,2,14,355.0,15.0,13.5,0.5120608533805248,0.48793914661947524,543.859649122807
37,2,14,365.0,15.0,13.5,0.5071403496967597,0.4928596503032403,543.859649122807
38,2,14,375.0,15.0,13.5,0.5018456151547318,0.4981543848452682,543.859649122807
39,2,14,385.0,15.0,13.5,0.49596815798501837,0.5040318420149816,543.859649122807
40,2,14,395.0,15.0,13.5,0.4892625598824547,0.5107374401175453,543.859649122807
41,2,14,405.0,15.0,13.5,0.4814416260233247,0.5185583739766753,543.859649122807
42,2,14,415.0,15.0,13.5,0.47192982095822256,0.5280701790417774,543.859649122807
43,2,14,425.0,15.0,13.5,0.4595031441724891,0.540496855827511,543.859649122807
44,2,14,435.0,15.0,13.5,0.4420085741346027,0.5579914258653973,543.859649122807
45,2,14,445.0,15.0,13.5,0.4152539685567332,0.5847460314432669,543.859649122807
46,2,14,455.0,15.0,13.5,0.3689862338136639,0.6310137661863361,543.859649122807
47,2,14,465.0,15.0,13.5,0.29539055041397116,0.7046094495860289,543.859649122807
48,2,14,475.0,15.0,13.5,0.22206440458673565,0.7779355954132643,543.859649122807
49,2,14,485.0,15.0,13.5,0.20061765433232612,0.7993823456676739,543.859649122807
50,2,14,495.0,15.0,13.5,0.20003368588081188,0.7999663141191882,543.859649122807
1,3,14,5.0,25.0,13.5,0.7601349865440601,0.2398650134559399,543.859649122807
2,3,14,15.0,25.0,13.5,0.7481238359078044,0.2518761640921956,543.859649122807
3,3,14,25.0,25.0,13.5,0.7347190256158145,0.2652809743841855,543.859649122807
4,3,14,35.0,25.0,13.5,0.7213009047454163,0.2786990952545837,543.859649122807
5,3,14,45.0,25.0,13.5,0.7085620063474897,0.29143799365251033,543.859649122807
6,3,14,55.0,25.0,13.5,0.6967419137886435,0.3032580862113565,543.859649122807
7,3,14,65.0,25.0,13.5,0.6858626441209577,0.31413735587904235,543.859649122807
8,3,14,75.0,25.0,13.5,0.6758457918724328,0.32415420812756723,543.859649122807
9,3,14,85.0,25.0,13.5,0.6666059411581347,0.33339405884186535,543.859649122807
10,3,14,95.0,25.0,13.5,0.658025602697761,0.341974397302239,543.859649122807
11,3,14,105.0,25.0,13.5,0.6500067841045422,0.34999321589545784,543.859649122807
12,3,14,115.0,25.0,13.5,0.6424796117235467,0.35752038827645327,543.859649122807
13,3,14,125.0,25.0,13.5,0.635378763625718,0.364621236374282,543.859649122807
14,3,14,135.0,25.0,13.5,0.6286653064532771,0.3713346935467229,543.859649122807
15,3,14,145.0,25.0,13.5,0.6222900715241532,0.37770992847584683,543.859649122807
16,3,14,155.0,25.0,13.5,0.6162168306608017,0.3837831693391983,543.859649122807
17,3,14,165.0,25.0,13.5,0.6104118532299855,0.3895881467700145,543.859649122807
18,3,14,175.0,25.0,13.5,0.6048463260438327,0.3951536739561673,543.859649122807
19,3,14,185.0,25.0,13.5,0.5995000695646081,0.4004999304353919,543.859649122807
20,3,14,195.0,25.0,13.5,0.5943617152919446,0.4056382847080554,543.859649122807
21,3,14,205.0,25.0,13.5,0.5894270685993058,0.4105729314006942,543.859649122807
22,3,14,215.0,25.0,13.5,0.5846907452024402,0.41530925479755976,543.859649122807
23,3,14,225.0,25.0,13.5,0.5801371781394806,0.4198628218605194,543.859649122807
24,3,14,235.0,25.0,13.5,0.5757358643737204,0.4242641356262796,543.859649122807
25,3,14,245.0,25.0,13.5,0.5714441549665193,0.42855584503348065,543.859649122807
26,3,14,255.0,25.0,13.5,0.5672141785142015,0.43278582148579847,543.859649122807
27,3,14,265.0,25.0,13.5,0.5630213270884471,0.4369786729115529,543.859649122807
28,3,14,275.0,25.0,13.5,0.5588449924860663,0.44115500751393366,543.859649122807
29,3,14,285.0,25.0,13.5,0.5546675395481075,0.44533246045189245,543.859649122807
30,3,14,295.0,25.0,13.5,0.5504797203516477,0.4495202796483523,543.859649122807
31,3,14,305.0,25.0,13.5,0.5462780308191474,0.4537219691808526,543.859649122807
32,3,14,315.0,25.0,13.5,0.5420536328265785,0.4579463671734215,543.859649122807
33,3,14,325.0,25.0,13.5,0.5377811131010208,0.46221888689897916,543.859649122807
34,3,14,335.0,25.0,13.5,0.5334264315947109,0.4665735684052891,543.859649122807
35,3,14,345.0,25.0,13.5,0.528961747883776,0.47103825211622397,543.859649122807
36,3,14,355.0,25.0,13.5,0.5243609107937418,0.4756390892062582,543.859649122807
37,3,14,365.0,25.0,13.5,0.5195752265728324,0.4804247734271676,543.859649122807
38,3,14,375.0,25.0,13.5,0.5145202593593122,0.4854797406406878,543.859649122807
39,3,14,385.0,25.0,13.5,0.5090968928073083,0.4909031071926917,543.859649122807
40,3,14,395.0,25.0,13.5,0.5031920783391285,0.4968079216608715,543.859649122807
41,3,14,405.0,25.0,13.5,0.4966189590534639,0.503381040946536,543.859649122807
42,3,14,415.0,25.0,13.5,0.4890448105530339,0.5109551894469662,543.859649122807
43,3,14,425.0,25.0,13.5,0.47996805993968883,0.5200319400603112,543.859649122807
44,3,14,435.0,25.0,13.5,0.4684894912234086,0.5315105087765915,543.859649122807
45,3,14,445.0,25.0,13.5,0.4524426168071137,0.5475573831928864,543.859649122807
46,3,14,455.0,25.0,13.5,0.4272304390709894,0.5727695609290107,543.859649122807
47,3,14,465.0,25.0,13.5,0.38519913263062927,0.6148008673693708,543.859649122807
48,3,14,475.0,25.0,13.5,0.3196540549051315,0.6803459450948686,543.859649122807
49,3,14,485.0,25.0,13.5,0.24117395347622037,0.7588260465237796,543.859649122807
50,3,14,495.0,25.0,13.5,0.2023161290836567,0.7976838709163433,543.859649122807
1,4,14,5.0,35.0,13.5,0.7803720955418307,0.21962790445816927,543.859649122807
2,4,14,15.0,35.0,13.5,0.7680744791321525,0.23192552086784746,543.859649122807
3,4,14,25.0,35.0,13.5,0.7537403715639757,0.24625962843602434,543.859649122807
4,4,14,35.0,35.0,13.5,0.7391722991069848,0.2608277008930152,543.859649122807
5,4,14,45.0,35.0,13.5,0.7253482099345423,0.2746517900654577,543.859649122807
6,4,14,55.0,35.0,13.5,0.7127277669763,0.2872722330237,543.859649122807
7,4,14,65.0,35.0,13.5,0.7012127871535825,0.2987872128464175,543.859649122807
8,4,14,75.0,35.0,13.5,0.6906646987914713,0.3093353012085287,543.859649122807
9,4,14,85.0,35.0,13.5,0.6809214002006736,0.3190785997993264,543.859649122807
10,4,14,95.0,35.0,13.5,0.6718811462184978,0.3281188537815022,543.859649122807
11,4,14,105.0,35.0,13.5,0.6634471424359624,0.33655285756403763,543.859649122807
12,4,14,115.0,35.0,13.5,0.6555315878825237,0.34446841211747625,543.859649122807
13,4,14,125.0,35.0,13.5,0.648067263092645,0.35193273690735505,543.859649122807
14,4,14,135.0,35.0,13.5,0.6409802128097881,0.3590197871902119,543.859649122807
15,4,14,145.0,35.0,13.5,0.6342305429894967,0.36576945701050334,543.859649122807
16,4,14,155.0,35.0,13.5,0.6277755975728253,0.3722244024271747,543.859649122807
17,4,14,165.0,35.0,13.5,0.621587595258717,0.378412404741283,543.859649122807
18,4,14,175.0,35.0,13.5,0.6156452328059119,0.3843547671940881,543.859649122807
19,4,14,185.0,35.0,13.5,0.6099329095462539,0.3900670904537461,543.859649122807
20,4,14,195.0,35.0,13.5,0.6044371884520865,0.3955628115479135,543.859649122807
21,4,14,205.0,35.0,13.5,0.599149611585319,0.400850388414681,543.859649122807
22,4,14,215.0,35.0,13.5,0.594066387724868,0.405933612275132,543.859649122807
23,4,14,225.0,35.0,13.5,0.5891817876133594,0.4108182123866406,543.859649122807
24,4,14,235.0,35.0,13.5,0.5844852242727111,0.4155147757272889,543.859649122807
25,4,14,245.0,35.0,13.5,0.5799568356276323,0.42004316437236766,543.859649122807
26,4,14,255.0,35.0,13.5,0.5755632817171502,0.4244367182828498,543.859649122807
27,4,14,265.0,35.0,13.5,0.571251208999901,0.428748791000099,543.859649122807
28,4,14,275.0,35.0,13.5,0.5669677176163481,0.4330322823836519,543.859649122807
29,4,14,285.0,35.0,13.5,0.5626852091754877,0.4373147908245123,543.859649122807
30,4,14,295.0,35.0,13.5,0.5583862796479301,0.4416137203520699,543.859649122807
31,4,14,305.0,35.0,13.5,0.5540687590979997,0.4459312409020003,543.859649122807
32,4,14,315.0,35.0,13.5,0.5497345652710026,0.4502654347289974,543.859649122807
33,4,14,325.0,35.0,13.5,0.5453749321893271,0.4546250678106729,543.859649122807
34,4,14,335.0,35.0,13.5,0.5409626971994411,0.4590373028005589,543.859649122807
35,4,14,345.0,35.0,13.5,0.5364629534437853,0.46353704655621475,543.859649122807
36,4,14,355.0,35.0,13.5,0.5318459797989223,0.46815402020107766,543.859649122807
37,4,14,365.0,35.0,13.5,0.5270836777187593,0.4729163222812407,543.859649122807
38,4,14,375.0,35.0,13.5,0.522126732329379,0.477873267670621,543.859649122807
39,4,14,385.0,35.0,13.5,0.5168914296758667,0.48310857032413335,543.859649122807
40,4,14,395.0,35.0,13.5,0.511269782739812,0.48873021726018795,543.859649122807
41,4,14,405.0,35.0,13.5,0.5051386632371517,0.49486133676284827,543.859649122807
42,4,14,415.0,35.0,13.5,0.49831309829445136,0.5016869017055486,543.859649122807
43,4,14,425.0,35.0,13.5,0.4904730265939165,0.5095269734060834,543.859649122807
44,4,14,435.0,35.0,13.5,0.481141414222902,0.518858585777098,543.859649122807
45,4,14,445.0,35.0,13.5,0.46937002503132946,0.5306299749686705,543.859649122807
46,4,14,455.0,35.0,13.5,0.4529639614892112,0.5470360385107889,543.859649122807
47,4,14,465.0,35.0,13.5,0.42760022422723737,0.5723997757727626,543.859649122807
48,4,14,475.0,35.0,13.5,0.38628206876605775,0.6137179312339422,543.859649122807
49,4,14,485.0,35.0,13.5,0.3269391853690115,0.6730608146309884,543.859649122807
50,4,14,495.0,35.0,13.5,0.2610048269985014,0.7389951730014985,543.859649122807
1,5,14,5.0,45.0,13.5,0.7942017135445352,0.20579828645546483,543.859649122807
2,5,14,15.0,45.0,13.5,0.7836103561800829,0.2163896438199171,543.859649122807
3,5,14,25.0,45.0,13.5,0.7693251894016244,0.23067481059837558,543.859649122807
4,5,14,35.0,45.0,13.5,0.7542372353086745,0.24576276469132552,543.859649122807
5,5,14,45.0,45.0,13.5,0.7399020843708668,0.2600979156291332,543.859649122807
6,5,14,55.0,45.0,13.5,0.7266153088250427,0.27338469117495734,543.859649122807
7,5,14,65.0,45.0,13.5,0.7144856064306127,0.28551439356938735,543.859649122807
8,5,14,75.0,45.0,13.5,0.7034171630720307,0.2965828369279693,543.859649122807
9,5,14,85.0,45.0,13.5,0.6932658576481069,0.3067341423518931,543.859649122807
10,5,14,95.0,45.0,13.5,0.6838928420153516,0.3161071579846484,543.859649122807
11,5,14,105.0,45.0,13.5,0.6751762987443729,0.3248237012556271,543.859649122807
12,5,14,115.0,45.0,13.5,0.6670213781868461,0.33297862181315385,543.859649122807
13,5,14,125.0,45.0,13.5,0.6593432006407274,0.3406567993592726,543.859649122807
14,5,14,135.0,45.0,13.5,0.6520768450733457,0.34792315492665427,543.859649122807
15,5,14,145.0,45.0,13.5,0.6451689344999733,0.35483106550002674,543.859649122807
16,5,14,155.0,45.0,13.5,0.6385766800119749,0.3614233199880251,543.859649122807
17,5,14,165.0,45.0,13.5,0.6322568108731342,0.36774318912686577,543.859649122807
18,5,14,175.0,45.0,13.5,0.6261823465831569,0.37381765341684314,543.859649122807
19,5,14,185.0,45.0,13.5,0.6203269761329938,0.3796730238670062,543.859649122807
20,5,14,195.0,45.0,13.5,0.6146740005321341,0.38532599946786594,543.859649122807
21,5,14,205.0,45.0,13.5,0.609214678458063,0.390785321541937,543.859649122807
22,5,14,215.0,45.0,13.5,0.6039451396808987,0.3960548603191013,543.859649122807
23,5,14,225.0,45.0,13.5,0.5988637927645748,0.4011362072354252,543.859649122807
24,5,14,235.0,45.0,13.5,0.593967248076488,0.40603275192351196,543.859649122807
25,5,14,245.0,45.0,13.5,0.589245639857953,0.410754360142047,543.859649122807
26,5,14,255.0,45.0,13.5,0.5846757538355977,0.41532424616440233,543.859649122807
27,5,14,265.0,45.0,13.5,0.5802152296659923,0.41978477033400774,543.859649122807
28,5,14,275.0,45.0,13.5,0.5758034988241009,0.42419650117589913,543.859649122807
29,5,14,285.0,45.0,13.5,0.5713967158498585,0.4286032841501415,543.859649122807
30,5,14,295.0,45.0,13.5,0.5669709002044567,0.43302909979554327,543.859649122807
31,5,14,305.0,45.0,13.5,0.5625151814214249,0.43748481857857513,543.859649122807
32,5,14,315.0,45.0,13.5,0.5580306809195726,0.44196931908042736,543.859649122807
33,5,14,325.0,45.0,13.5,0.5535196951566785,0.44648030484332146,543.859649122807
34,5,14,335.0,45.0,13.5,0.5489708268126224,0.45102917318737756,543.859649122807
35,5,14,345.0,45.0,13.5,0.544349681112378,0.455650318887622,543.859649122807
36,5,14,355.0,45.0,13.5,0.5396138328166408,0.46038616718335923,543.859649122807
37,5,14,365.0,45.0,13.5,0.5347253453614843,0.4652746546385157,543.859649122807
38,5,14,375.0,45.0,13.5,0.529647984931886,0.47035201506811397,543.859649122807
39,5,14,385.0,45.0,13.5,0.5243203318765506,0.4756796681234494,543.859649122807
40,5,14,395.0,45.0,13.5,0.5186346965406444,0.4813653034593556,543.859649122807
41,5,14,405.0,45.0,13.5,0.5124486578373996,0.48755134216260043,543.859649122807
42,5,14,415.0,45.0,13.5,0.5055933046369918,0.4944066953630082,543.859649122807
43,5,14,425.0,45.0,13.5,0.4978080461691286,0.5021919538308715,543.859649122807
44,5,14,435.0,45.0,13.5,0.4886397404579375,0.5113602595420625,543.859649122807
45,5,14,445.0,45.0,13.5,0.4774077270735049,0.5225922729264951,543.859649122807
46,5,14,455.0,45.0,13.5,0.4630548890962812,0.5369451109037189,543.859649122807
47,5,14,465.0,45.0,13.5,0.4429314534266433,0.5570685465733567,543.859649122807
48,5,14,475.0,45.0,13.5,0.4116698564399599,0.5883301435600401,543.859649122807
49,5,14,485.0,45.0,13.5,0.36238461179519443,0.6376153882048056,543.859649122807
50,5,14,495.0,45.0,13.5,0.3000362319983153,0.6999637680016847,543.859649122807
1,6,14,5.0,55.0,13.5,0.7812491684803572,0.2187508315196428,543.859649122807
2,6,14,15.0,55.0,13.5,0.7696221112368252,0.23037788876317478,543.859649122807
3,6,14,25.0,55.0,13.5,0.7560160201322081,0.24398397986779186,543.859649122807
4,6,14,35.0,55.0,13.5,0.7420839885959487,0.2579160114040513,543.859649122807
5,6,14,45.0,55.0,13.5,0.7287482937694688,0.2712517062305312,543.859649122807
6,6,14,55.0,55.0,13.5,0.7163473575780501,0.2836526424219499,543.859649122807
7,6,14,65.0,55.0,13.5,0.7049316433473027,0.29506835665269726,543.859649122807
8,6,14,75.0,55.0,13.5,0.6944179072649194,0.30558209273508063,543.859649122807
9,6,14,85.0,55.0,13.5,0.6846957037944351,0.3153042962055649,543.859649122807
10,6,14,95.0,55.0,13.5,0.6756586853550552,0.32434131464494476,543.859649122807
11,6,14,105.0,55.0,13.5,0.667211969219905,0.332788030780095,543.859649122807
12,6,14,115.0,55.0,13.5,0.6592701757391067,0.34072982426089327,543.859649122807
13,6,14,125.0,55.0,13.5,0.6517663292797843,0.3482336707202157,543.859649122807
14,6,14,135.0,55.0,13.5,0.6446452650378351,0.35535473496216485,543.859649122807
15,6,14,145.0,55.0,13.5,0.637858284738317,0.36214171526168304,543.859649122807
16,6,14,155.0,55.0,13.5,0.6313645087073163,0.3686354912926837,543.859649122807
17,6,14,165.0,55.0,13.5,0.6251364513574817,0.37486354864251825,543.859649122807
18,6,14,175.0,55.0,13.5,0.6191475942984265,0.3808524057015735,543.859649122807
19,6,14,185.0,55.0,13.5,0.6133770912537534,0.3866229087462466,543.859649122807
20,6,14,195.0,55.0,13.5,0.6078141508434284,0.3921858491565716,543.859649122807
21,6,14,205.0,55.0,13.5,0.6024508954761948,0.3975491045238052,543.859649122807
22,6,14,215.0,55.0,13.5,0.5972832484937872,0.4027167515062128,543.859649122807
23,6,14,225.0,55.0,13.5,0.5923099445605358,0.40769005543946424,543.859649122807
24,6,14,235.0,55.0,13.5,0.5875279204421824,0.4124720795578176,543.859649122807
25,6,14,245.0,55.0,13.5,0.5829246406922941,0.4170753593077059,543.859649122807
26,6,14,255.0,55.0,13.5,0.5784695367885323,0.4215304632114677,543.859649122807
27,6,14,265.0,55.0,13.5,0.5741086709244883,0.42589132907551175,543.859649122807
28,6,14,275.0,55.0,13.5,0.5697767923974401,0.43022320760255994,543.859649122807
29,6,14,285.0,55.0,13.5,0.5654411493677457,0.4345588506322543,543.859649122807
30,6,14,295.0,55.0,13.5,0.5610807092833436,0.43891929071665636,543.859649122807
31,6,14,305.0,55.0,13.5,0.5566906121184075,0.44330938788159246,543.859649122807
32,6,14,315.0,55.0,13.5,0.5522747582930494,0.4477252417069506,543.859649122807
33,6,14,325.0,55.0,13.5,0.5478298559783766,0.45217014402162337,543.859649122807
34,6,14,335.0,55.0,13.5,0.5433335794283611,0.45666642057163886,543.859649122807
35,6,14,345.0,55.0,13.5,0.5387493928845578,0.4612506071154422,543.859649122807
36,6,14,355.0,55.0,13.5,0.5340374805147564,0.4659625194852436,543.859649122807
37,6,14,365.0,55.0,13.5,0.5291651156925057,0.4708348843074943,543.859649122807
38,6,14,375.0,55.0,13.5,0.5240806979115877,0.47591930208841227,543.859649122807
39,6,14,385.0,55.0,13.5,0.5186971780243541,0.4813028219756459,543.859649122807
40,6,14,395.0,55.0,13.5,0.5128834964936725,0.4871165035063275,543.859649122807
41,6,14,405.0,55.0,13.5,0.506477486395551,0.493522513604449,543.859649122807
42,6,14,415.0,55.0,13.5,0.4992451332523424,0.5007548667476576,543.859649122807
43,6,14,425.0,55.0,13.5,0.4907589564631015,0.5092410435368985,543.859649122807
44,6,14,435.0,55.0,13.5,0.48025861171480444,0.5197413882851956,543.859649122807
45,6,14,445.0,55.0,13.5,0.4663798566181363,0.5336201433818637,543.859649122807
46,6,14,455.0,55.0,13.5,0.4463748097612272,0.5536251902387728,543.859649122807
47,6,14,465.0,55.0,13.5,0.41514767375537126,0.5848523262446288,543.859649122807
48,6,14,475.0,55.0,13.5,0.36696099267700705,0.633039007322993,543.859649122807
49,6,14,485.0,55.0,13.5,0.304753377642219,0.695246622357781,543.859649122807
50,6,14,495.0,55.0,13.5,0.24199361499882913,0.7580063850011709,543.859649122807
1,7,14,5.0,65.0,13.5,0.7631448447449242,0.23685515525507583,543.859649122807
2,7,14,15.0,65.0,13.5,0.7519463519013844,0.24805364809861563,543.859649122807
3,7,14,25.0,65.0,13.5,0.7393017025639168,0.2606982974360832,543.859649122807
4,7,14,35.0,65.0,13.5,0.7264622499450836,0.27353775005491643,543.859649122807
5,7,14,45.0,65.0,13.5,0.7141278673968224,0.28587213260317756,543.859649122807
6,7,14,55.0,65.0,13.5,0.7025705675066589,0.2974294324933411,543.859649122807
7,7,14,65.0,65.0,13.5,0.6918514322494373,0.30814856775056265,543.859649122807
8,7,14,75.0,65.0,13.5,0.6819250178475443,0.31807498215245567,543.859649122807
9,7,14,85.0,65.0,13.5,0.6727095825189421,0.3272904174810579,543.859649122807
10,7,14,95.0,65.0,13.5,0.6641177530221041,0.3358822469778959,543.859649122807
11,7,14,105.0,65.0,13.5,0.6560693810470504,0.34393061895294963,543.859649122807
12,7,14,115.0,65.0,13.5,0.6484983985012505,0.35150160149874954,543.859649122807
13,7,14,125.0,65.0,13.5,0.6413369130801716,0.3586630869198284,543.859649122807
14,7,14,135.0,65.0,13.5,0.6345408506897584,0.3654591493102416,543.859649122807
15,7,14,145.0,65.0,13.5,0.6280625189283721,0.37193748107162794,543.859649122807
16,7,14,155.0,65.0,13.5,0.6218664294955805,0.37813357050441954,543.859649122807
17,7,14,165.0,65.0,13.5,0.6159269454769354,0.3840730545230646,543.859649122807
18,7,14,175.0,65.0,13.5,0.6102219530329416,0.3897780469670584,543.859649122807
19,7,14,185.0,65.0,13.5,0.6047362967737069,0.3952637032262931,543.859649122807
20,7,14,195.0,65.0,13.5,0.5994594039143745,0.40054059608562553,543.859649122807
21,7,14,205.0,65.0,13.5,0.594383257102707,0.405616742897293,543.859649122807
22,7,14,215.0,65.0,13.5,0.5895006783571242,0.41049932164287584,543.859649122807
23,7,14,225.0,65.0,13.5,0.5848032052137491,0.41519679478625093,543.859649122807
24,7,14,235.0,65.0,13.5,0.5802773007109008,0.4197226992890992,543.859649122807
25,7,14,245.0,65.0,13.5,0.5758952584575089,0.4241047415424911,543.859649122807
26,7,14,255.0,65.0,13.5,0.5716085180059183,0.4283914819940817,543.859649122807
27,7,14,265.0,65.0,13.5,0.5673585360402138,0.4326414639597862,543.859649122807
28,7,14,275.0,65.0,13.5,0.5631160740331203,0.43688392596687975,543.859649122807
29,7,14,285.0,65.0,13.5,0.5588622114599522,0.4411377885400478,543.859649122807
30,7,14,295.0,65.0,13.5,0.5545924129987321,0.4454075870012679,543.859649122807
31,7,14,305.0,65.0,13.5,0.5503068047838937,0.4496931952161063,543.859649122807
32,7,14,315.0,65.0,13.5,0.5459957973676804,0.45400420263231955,543.859649122807
33,7,14,325.0,65.0,13.5,0.5416359478811346,0.45836405211886544,543.859649122807
34,7,14,335.0,65.0,13.5,0.537195200749093,0.462804799250907,543.859649122807
35,7,14,345.0,65.0,13.5,0.5326432547531957,0.46735674524680426,543.859649122807
36,7,14,355.0,65.0,13.5,0.5279477325168574,0.47205226748314255,543.859649122807
37,7,14,365.0,65.0,13.5,0.52305840637102,0.47694159362898003,543.859649122807
38,7,14,375.0,65.0,13.5,0.5179023943283885,0.48209760567161153,543.859649122807
39,7,14,385.0,65.0,13.5,0.5123606852273057,0.4876393147726943,543.859649122807
40,7,14,395.0,65.0,13.5,0.5062854381058984,0.49371456189410157,543.859649122807
41,7,14,405.0,65.0,13.5,0.4994450729245667,0.5005549270754333,543.859649122807
42,7,14,415.0,65.0,13.5,0.49143928141004783,0.5085607185899521,543.859649122807
43,7,14,425.0,65.0,13.5,0.4815615973657025,0.5184384026342975,543.859649122807
44,7,14,435.0,65.0,13.5,0.46847423112287,0.53152576887713,543.859649122807
45,7,14,445.0,65.0,13.5,0.4494419336835761,0.5505580663164239,543.859649122807
46,7,14,455.0,65.0,13.5,0.4191893142639139,0.5808106857360861,543.859649122807
47,7,14,465.0,65.0,13.5,0.3700103880532473,0.6299896119467527,543.859649122807
48,7,14,475.0,65.0,13.5,0.2983962753109413,0.7016037246890587,543.859649122807
49,7,14,485.0,65.0,13.5,0.22524878232638942,0.7747512176736105,543.859649122807
50,7,14,495.0,65.0,13.5,0.2007738053494683,0.7992261946505317,543.859649122807
1,8,14,5.0,75.0,13.5,0.738287774594526,0.261712225405474,543.859649122807
2,8,14,15.0,75.0,13.5,0.7283938189338723,0.27160618106612766,543.859649122807
3,8,14,25.0,75.0,13.5,0.7171359521055919,0.2828640478944081,543.859649122807
4,8,14,35.0,75.0,13.5,0.7056403499835704,0.2943596500164296,543.859649122807
5,8,14,45.0,75.0,13.5,0.6944956427322677,0.3055043572677323,543.859649122807
6,8,14,55.0,75.0,13.5,0.6839567834829526,0.31604321651704737,543.859649122807
7,8,14,65.0,75.0,13.5,0.674101111740245,0.325898888259755,543.859649122807
8,8,14,75.0,75.0,13.5,0.6649143804148663,0.3350856195851337,543.859649122807
9,8,14,85.0,75.0,13.5,0.6563472350862979,0.3436527649137021,543.859649122807
10,8,14,95.0,75.0,13.5,0.6483368393763914,0.3516631606236086,543.859649122807
11,8,14,105.0,75.0,13.5,0.6408187478558615,0.35918125214413854,543.859649122807
12,8,14,115.0,75.0,13.5,0.6337431820149411,0.36625681798505894,543.859649122807
13,8,14,125.0,75.0,13.5,0.6270529077326475,0.37294709226735245,543.859649122807
14,8,14,135.0,75.0,13.5,0.6207078318327256,0.3792921681672744,543.859649122807
15,8,14,145.0,75.0,13.5,0.6146693696962883,0.38533063030371173,543.859649122807
16,8,14,155.0,75.0,13.5,0.6089018422138511,0.39109815778614887,543.859649122807
17,8,14,165.0,75.0,13.5,0.6033804181728992,0.3966195818271008,543.859649122807
18,8,14,175.0,75.0,13.5,0.5980892124830257,0.4019107875169743,543.859649122807
19,8,14,185.0,75.0,13.5,0.5930179213826923,0.40698207861730773,543.859649122807
20,8,14,195.0,75.0,13.5,0.5881569367860452,0.4118430632139548,543.859649122807
21,8,14,205.0,75.0,13.5,0.5834904075554301,0.41650959244456986,543.859649122807
22,8,14,215.0,75.0,13.5,0.578994431160043,0.421005568839957,543.859649122807
23,8,14,225.0,75.0,13.5,0.5746397752312135,0.42536022476878654,543.859649122807
24,8,14,235.0,75.0,13.5,0.5703948049308438,0.4296051950691562,543.859649122807
25,8,14,245.0,75.0,13.5,0.5662200181644437,0.4337799818355563,543.859649122807
26,8,14,255.0,75.0,13.5,0.5620874805127424,0.4379125194872576,543.859649122807
27,8,14,265.0,75.0,13.5,0.5579710762691291,0.4420289237308709,543.859649122807
28,8,14,275.0,75.0,13.5,0.5538530375369953,0.44614696246300467,543.859649122807
29,8,14,285.0,75.0,13.5,0.5497283943906005,0.4502716056093995,543.859649122807
30,8,14,295.0,75.0,13.5,0.5455969807644147,0.45440301923558535,543.859649122807
31,8,14,305.0,75.0,13.5,0.5414440077963389,0.45855599220366106,543.859649122807
32,8,14,315.0,75.0,13.5,0.5372367353407048,0.4627632646592952,543.859649122807
33,8,14,325.0,75.0,13.5,0.5329435298620712,0.46705647013792884,543.859649122807
34,8,14,335.0,75.0,13.5,0.5285444318676026,0.4714555681323974,543.859649122807
35,8,14,345.0,75.0,13.5,0.5240126530255182,0.47598734697448175,543.859649122807
36,8,14,355.0,75.0,13.5,0.5192854036122115,0.48071459638778846,543.859649122807
37,8,14,365.0,75.0,13.5,0.514266304189383,0.485733695810617,543.859649122807
38,8,14,375.0,75.0,13.5,0.5088574336852523,0.49114256631474773,543.859649122807
39,8,14,385.0,75.0,13.5,0.5029506936606319,0.49704930633936806,543.859649122807
40,8,14,395.0,75.0,13.5,0.4963110273285068,0.5036889726714933,543.859649122807
41,8,14,405.0,75.0,13.5,0.48849969552535566,0.5115003044746443,543.859649122807
42,8,14,415.0,75.0,13.5,0.4788464065501996,0.5211535934498004,543.859649122807
43,8,14,425.0,75.0,13.5,0.4661181912246576,0.5338818087753424,543.859649122807
44,8,14,435.0,75.0,13.5,0.4475639082457745,0.5524360917542255,543.859649122807
45,8,14,445.0,75.0,13.5,0.41795021078262257,0.5820497892173775,543.859649122807
46,8,14,455.0,75.0,13.5,0.369268455217339,0.630731544782661,543.859649122807
47,8,14,465.0,75.0,13.5,0.2933593964106369,0.7066406035893631,543.859649122807
48,8,14,475.0,75.0,13.5,0.21901272393856477,0.7809872760614353,543.859649122807
49,8,14,485.0,75.0,13.5,0.20040415333512188,0.7995958466648782,543.859649122807
50,8,14,495.0,75.0,13.5,0.20003268214764738,0.7999673178523526,543.859649122807
1,9,14,5.0,85.0,13.5,0.7036648008673942,0.29633519913260575,543.859649122807
2,9,14,15.0,85.0,13.5,0.6955179690950173,0.3044820309049827,543.859649122807
3,9,14,25.0,85.0,13.5,0.686012313968329,0.31398768603167104,543.859649122807
4,9,14,35.0,85.0,13.5,0.6761204077659708,0.3238795922340292,543.859649122807
5,9,14,45.0,85.0,13.5,0.6663746212518918,0.33362537874810816,543.859649122807
6,9,14,55.0,85.0,13.5,0.6570332699487353,0.34296673005126466,543.859649122807
7,9,14,65.0,85.0,13.5,0.6481985985626705,0.3518014014373295,543.859649122807
8,9,14,75.0,85.0,13.5,0.6398903452952865,0.36010965470471346,543.859649122807
9,9,14,85.0,85.0,13.5,0.6320948380466708,0.36790516195332923,543.859649122807
10,9,14,95.0,85.0,13.5,0.6247761751410572,0.3752238248589428,543.859649122807
11,9,14,105.0,85.0,13.5,0.617900580688654,0.38209941931134594,543.859649122807
12,9,14,115.0,85.0,13.5,0.6114287256611366,0.3885712743388634,543.859649122807
13,9,14,125.0,85.0,13.5,0.6053291805950607,0.3946708194049393,543.859649122807
14,9,14,135.0,85.0,13.5,0.5995647332607124,0.40043526673928764,543.859649122807
15,9,14,145.0,85.0,13.5,0.5940969983498492,0.4059030016501508,543.859649122807
16,9,14,155.0,85.0,13.5,0.5888900061902265,0.41110999380977353,543.859649122807
17,9,14,165.0,85.0,13.5,0.5839135623793951,0.41608643762060493,543.859649122807
18,9,14,175.0,85.0,13.5,0.5791501934096659,0.4208498065903341,543.859649122807
19,9,14,185.0,85.0,13.5,0.5745944685536727,0.4254055314463273,543.859649122807
20,9,14,195.0,85.0,13.5,0.5702368036023394,0.4297631963976606,543.859649122807
21,9,14,205.0,85.0,13.5,0.566043600231076,0.433956399768924,543.859649122807
22,9,14,215.0,85.0,13.5,0.5619538723148946,0.4380461276851054,543.859649122807
23,9,14,225.0,85.0,13.5,0.5579299010006269,0.4420700989993731,543.859649122807
24,9,14,235.0,85.0,13.5,0.553956488590532,0.44604351140946796,543.859649122807
25,9,14,245.0,85.0,13.5,0.5500298194765962,0.44997018052340376,543.859649122807
26,9,14,255.0,85.0,13.5,0.546143181782585,0.45385681821741497,543.859649122807
27,9,14,265.0,85.0,13.5,0.5422720535797555,0.4577279464202445,543.859649122807
28,9,14,275.0,85.0,13.5,0.5383886919088989,0.46161130809110107,543.859649122807
29,9,14,285.0,85.0,13.5,0.5344771405375089,0.46552285946249106,543.859649122807
30,9,14,295.0,85.0,13.5,0.5305350152551401,0.46946498474485987,543.859649122807
31,9,14,305.0,85.0,13.5,0.526549446929012,0.47345055307098804,543.859649122807
32,9,14,315.0,85.0,13.5,0.5224786160071986,0.4775213839928014,543.859649122807
33,9,14,325.0,85.0,13.5,0.5182654750034942,0.4817345249965058,543.859649122807
34,9,14,335.0,85.0,13.5,0.5138629288770608,0.48613707112293925,543.859649122807
35,9,14,345.0,85.0,13.5,0.5092319190366789,0.49076808096332114,543.859649122807
36,9,14,355.0,85.0,13.5,0.5042921521821547,0.49570784781784527,543.859649122807
37,9,14,365.0,85.0,13.5,0.4988830223183316,0.5011169776816684,543.859649122807
38,9,14,375.0,85.0,13.5,0.49278576937903024,0.5072142306209697,543.859649122807
39,9,14,385.0,85.0,13.5,0.4857462050127027,0.5142537949872973,543.859649122807
40,9,14,395.0,85.0,13.5,0.47734914483395446,0.5226508551660456,543.859649122807
41,9,14,405.0,85.0,13.5,0.466729107249511,0.533270892750489,543.859649122807
42,9,14,415.0,85.0,13.5,0.4522863432966132,0.5477136567033868,543.859649122807
43,9,14,425.0,85.0,13.5,0.43114023004111485,0.5688597699588851,543.859649122807
44,9,14,435.0,85.0,13.5,0.39595411277611464,0.6040458872238854,543.859649122807
45,9,14,445.0,85.0,13.5,0.33579201332861747,0.6642079866713826,543.859649122807
46,9,14,455.0,85.0,13.5,0.2542707243725524,0.7457292756274476,543.859649122807
47,9,14,465.0,85.0,13.5,0.20542280287519155,0.7945771971248085,543.859649122807
48,9,14,475.0,85.0,13.5,0.20006340424806798,0.799936595751932,543.859649122807
49,9,14,485.0,85.0,13.5,0.2000312791804943,0.7999687208195057,543.859649122807
50,9,14,495.0,85.0,13.5,0.20003138096007644,0.7999686190399236,543.859649122807
1,10,14,5.0,95.0,13.5,0.6455892618425798,0.3544107381574202,543.859649122807
2,10,14,15.0,95.0,13.5,0.6393933313061582,0.36060666869384184,543.859649122807
3,10,14,25.0,95.0,13.5,0.6318780044427215,0.36812199555727854,543.859649122807
4,10,14,35.0,95.0,13.5,0.6238064129277933,0.37619358707220674,543.859649122807
5,10,14,45.0,95.0,13.5,0.6156342941311385,0.38436570586886154,543.859649122807
6,10,14,55.0,95.0,13.5,0.6076176419259262,0.39238235807407384,543.859649122807
7,10,14,65.0,95.0,13.5,0.5998798341951098,0.4001201658048902,543.859649122807
8,10,14,75.0,95.0,13.5,0.5924808127211213,0.4075191872788787,543.859649122807
9,10,14,85.0,95.0,13.5,0.5854374852496548,0.4145625147503452,543.859649122807
10,10,14,95.0,95.0,13.5,0.5787566784565799,0.42124332154342015,543.859649122807
11,10,14,105.0,95.0,13.5,0.5724338086042713,0.4275661913957287,543.859649122807
12,10,14,115.0,95.0,13.5,0.5664687087143939,0.4335312912856061,543.859649122807
13,10,14,125.0,95.0,13.5,0.5608557287280547,0.43914427127194533,543.859649122807
14,10,14,135.0,95.0,13.5,0.5555781531527277,0.44442184684727226,543.859649122807
15,10,14,145.0,95.0,13.5,0.550600293009934,0.44939970699006604,543.859649122807
16,10,14,155.0,95.0,13.5,0.545868103371033,0.454131896628967,543.859649122807
17,10,14,165.0,95.0,13.5,0.5413222828363273,0.45867771716367267,543.859649122807
18,10,14,175.0,95.0,13.5,0.5369232353799889,0.4630767646200111,543.859649122807
19,10,14,185.0,95.0,13.5,0.5326670664239757,0.46733293357602435,543.859649122807
20,10,14,195.0,95.0,13.5,0.5285571614389638,0.4714428385610362,543.859649122807
21,10,14,205.0,95.0,13.5,0.524582157476426,0.475417842523574,543.859649122807
22,10,14,215.0,95.0,13.5,0.5206999916970567,0.4793000083029433,543.859649122807
23,10,14,225.0,95.0,13.5,0.5168664296108949,0.4831335703891051,543.859649122807
24,10,14,235.0,95.0,13.5,0.5130742318984107,0.4869257681015893,543.859649122807
25,10,14,245.0,95.0,13.5,0.5093298197886227,0.4906701802113773,543.859649122807
26,10,14,255.0,95.0,13.5,0.5056080389360641,0.4943919610639359,543.859649122807
27,10,14,265.0,95.0,13.5,0.5018547234475564,0.49814527655244356,543.859649122807
28,10,14,275.0,95.0,13.5,0.4980391398267934,0.5019608601732066,543.859649122807
29,10,14,285.0,95.0,13.5,0.494166928752557,0.505833071247443,543.859649122807
30,10,14,295.0,95.0,13.5,0.4902176418176112,0.5097823581823888,543.859649122807
31,10,14,305.0,95.0,13.5,0.48609305243578355,0.5139069475642164,543.859649122807
32,10,14,315.0,95.0,13.5,0.4816624139762181,0.5183375860237819,543.859649122807
33,10,14,325.0,95.0,13.5,0.4768418459919032,0.5231581540080967,543.859649122807
34,10,14,335.0,95.0,13.5,0.4715456414867535,0.5284543585132465,543.859649122807
35,10,14,345.0,95.0,13.5,0.4655258100304838,0.5344741899695162,543.859649122807
36,10,14,355.0,95.0,13.5,0.45829329001565683,0.5417067099843431,543.859649122807
37,10,14,365.0,95.0,13.5,0.4492211179103007,0.5507788820896993,543.859649122807
38,10,14,375.0,95.0,13.5,0.437509556815366,0.562490443184634,543.859649122807
39,10,14,385.0,95.0,13.5,0.4215589885932775,0.5784410114067224,543.859649122807
40,10,14,395.0,95.0,13.5,0.3978590769384376,0.6021409230615624,543.859649122807
41,10,14,405.0,95.0,13.5,0.3607228133656454,0.6392771866343546,543.859649122807
42,10,14,415.0,95.0,13.5,0.30592258547007134,0.6940774145299287,543.859649122807
43,10,14,425.0,95.0,13.5,0.24387877495752683,0.7561212250424731,543.859649122807
44,10,14,435.0,95.0,13.5,0.20709378700731904,0.7929062129926809,543.859649122807
45,10,14,445.0,95.0,13.5,0.2001676500702181,0.7998323499297819,543.859649122807
46,10,14,455.0,95.0,13.5,0.20003065468323988,0.7999693453167601,543.859649122807
47,10,14,465.0,95.0,13.5,0.20003035401030744,0.7999696459896926,543.859649122807
48,10,14,475.0,95.0,13.5,0.2000307483248011,0.7999692516751988,543.859649122807
49,10,14,485.0,95.0,13.5,0.20003107125428995,0.79996892874571,543.859649122807
50,10,14,495.0,95.0,13.5,0.20003127464924728,0.7999687253507527,543.859649122807
1,1,15,5.0,5.0,14.5,0.6712901919646522,0.3287098080353478,508.7719298245614
2,1,15,15.0,5.0,14.5,0.6624730116778282,0.33752698832217176,508.7719298245614
3,1,15,25.0,5.0,14.5,0.6523357383576213,0.34766426164237874,508.7719298245614
4,1,15,35.0,5.0,14.5,0.641887741133388,0.358112258866612,508.7719298245614
5,1,15,45.0,5.0,14.5,0.6316363724919516,0.3683636275080484,508.7719298245614
6,1,15,55.0,5.0,14.5,0.6218089348640806,0.3781910651359194,508.7719298245614
7,1,15,65.0,5.0,14.5,0.6124855672570269,0.38751443274297315,508.7719298245614
8,1,15,75.0,5.0,14.5,0.6036733377210007,0.39632666227899926,508.7719298245614
9,1,15,85.0,5.0,14.5,0.5953475032101061,0.4046524967898939,508.7719298245614
10,1,15,95.0,5.0,14.5,0.587476383492109,0.41252361650789104,508.7719298245614
11,1,15,105.0,5.0,14.5,0.5800256178883949,0.4199743821116051,508.7719298245614
12,1,15,115.0,5.0,14.5,0.5729767770220825,0.4270232229779175,508.7719298245614
13,1,15,125.0,5.0,14.5,0.5663183926676337,0.43368160733236627,508.7719298245614
14,1,15,135.0,5.0,14.5,0.5600566659640558,0.4399433340359442,508.7719298245614
15,1,15,145.0,5.0,14.5,0.5541999126344452,0.44580008736555476,508.7719298245614
16,1,15,155.0,5.0,14.5,0.5487434200671789,0.4512565799328211,508.7719298245614
17,1,15,165.0,5.0,14.5,0.5436502859403808,0.4563497140596192,508.7719298245614
18,1,15,175.0,5.0,14.5,0.5388401917570064,0.46115980824299363,508.7719298245614
19,1,15,185.0,5.0,14.5,0.5342106333047029,0.46578936669529714,508.7719298245614
20,1,15,195.0,5.0,14.5,0.5296798444907256,0.4703201555092744,508.7719298245614
21,1,15,205.0,5.0,14.5,0.5252323478550466,0.4747676521449534,508.7719298245614
22,1,15,215.0,5.0,14.5,0.5209027927040906,0.47909720729590943,508.7719298245614
23,1,15,225.0,5.0,14.5,0.516717276446074,0.483282723553926,508.7719298245614
24,1,15,235.0,5.0,14.5,0.5126040151116884,0.4873959848883116,508.7719298245614
25,1,15,245.0,5.0,14.5,0.508470996094083,0.49152900390591703,508.7719298245614
26,1,15,255.0,5.0,14.5,0.5042964771696455,0.49570352283035446,508.7719298245614
27,1,15,265.0,5.0,14.5,0.5001176244651309,0.49988237553486914,508.7719298245614
28,1,15,275.0,5.0,14.5,0.49592396894948965,0.5040760310505104,508.7719298245614
29,1,15,285.0,5.0,14.5,0.4916015787688153,0.5083984212311847,508.7719298245614
30,1,15,295.0,5.0,14.5,0.4870195155164347,0.5129804844835653,508.7719298245614
31,1,15,305.0,5.0,14.5,0.4821340285088457,0.5178659714911543,508.7719298245614
32,1,15,315.0,5.0,14.5,0.47692068045900776,0.5230793195409922,508.7719298245614
33,1,15,325.0,5.0,14.5,0.47119182819504357,0.5288081718049564,508.7719298245614
34,1,15,335.0,5.0,14.5,0.4645385954898023,0.5354614045101977,508.7719298245614
35,1,15,345.0,5.0,14.5,0.4564986491744259,0.5435013508255742,508.7719298245614
36,1,15,355.0,5.0,14.5,0.4466338304957592,0.5533661695042408,508.7719298245614
37,1,15,365.0,5.0,14.5,0.43413926253739343,0.5658607374626066,508.7719298245614
38,1,15,375.0,5.0,14.5,0.4171491783762353,0.5828508216237647,508.7719298245614
39,1,15,385.0,5.0,14.5,0.3925006880015665,0.6074993119984335,508.7719298245614
40,1,15,395.0,5.0,14.5,0.35680580445899923,0.6431941955410008,508.7719298245614
41,1,15,405.0,5.0,14.5,0.30956066935542115,0.6904393306445789,508.7719298245614
42,1,15,415.0,5.0,14.5,0.2588618474378949,0.741138152562105,508.7719298245614
43,1,15,425.0,5.0,14.5,0.22089509893566237,0.7791049010643376,508.7719298245614
44,1,15,435.0,5.0,14.5,0.20349804226951174,0.7965019577304883,508.7719298245614
45,1,15,445.0,5.0,14.5,0.20017585659853981,0.7998241434014601,508.7719298245614
46,1,15,455.0,5.0,14.5,0.200032186421732,0.799967813578268,508.7719298245614
47,1,15,465.0,5.0,14.5,0.2000304009395871,0.7999695990604129,508.7719298245614
48,1,15,475.0,5.0,14.5,0.20003085546733831,0.7999691445326617,508.7719298245614
49,1,15,485.0,5.0,14.5,0.20003126942024793,0.799968730579752,508.7719298245614
50,1,15,495.0,5.0,14.5,0.20003155569137784,0.7999684443086221,508.7719298245614
1,2,15,5.0,15.0,14.5,0.7259429404147228,0.27405705958527715,508.7719298245614
2,2,15,15.0,15.0,14.5,0.7147936311862713,0.28520636881372874,508.7719298245614
3,2,15,25.0,15.0,14.5,0.7023352519867423,0.2976647480132577,508.7719298245614
4,2,15,35.0,15.0,14.5,0.6898145245262304,0.3101854754737696,508.7719298245614
5,2,15,45.0,15.0,14.5,0.6778214883053434,0.3221785116946566,508.7719298245614
6,2,15,55.0,15.0,14.5,0.6665757083720988,0.3334242916279012,508.7719298245614
7,2,15,65.0,15.0,14.5,0.6561199794319004,0.34388002056809963,508.7719298245614
8,2,15,75.0,15.0,14.5,0.646411815529922,0.353588184470078,508.7719298245614
9,2,15,85.0,15.0,14.5,0.63738192986343,0.36261807013657,508.7719298245614
10,2,15,95.0,15.0,14.5,0.6289565505973531,0.3710434494026469,508.7719298245614
11,2,15,105.0,15.0,14.5,0.6210678908143297,0.37893210918567033,508.7719298245614
12,2,15,115.0,15.0,14.5,0.6136618632892745,0.3863381367107255,508.7719298245614
13,2,15,125.0,15.0,14.5,0.6066867758692378,0.3933132241307622,508.7719298245614
14,2,15,135.0,15.0,14.5,0.6001086283146589,0.39989137168534106,508.7719298245614
15,2,15,145.0,15.0,14.5,0.5938947280200559,0.40610527197994406,508.7719298245614
16,2,15,155.0,15.0,14.5,0.5880110073723195,0.4119889926276805,508.7719298245614
17,2,15,165.0,15.0,14.5,0.5824241357926074,0.41757586420739257,508.7719298245614
18,2,15,175.0,15.0,14.5,0.57709513684155,0.42290486315845,508.7719298245614
19,2,15,185.0,15.0,14.5,0.5719904530642772,0.4280095469357228,508.7719298245614
20,2,15,195.0,15.0,14.5,0.567093681467907,0.43290631853209305,508.7719298245614
21,2,15,205.0,15.0,14.5,0.5624085199246089,0.43759148007539106,508.7719298245614
22,2,15,215.0,15.0,14.5,0.5579328522069658,0.44206714779303424,508.7719298245614
23,2,15,225.0,15.0,14.5,0.5536187548665771,0.4463812451334229,508.7719298245614
24,2,15,235.0,15.0,14.5,0.5493773766796112,0.4506226233203888,508.7719298245614
25,2,15,245.0,15.0,14.5,0.5451576713408617,0.4548423286591383,508.7719298245614
26,2,15,255.0,15.0,14.5,0.5409388495840243,0.4590611504159757,508.7719298245614
27,2,15,265.0,15.0,14.5,0.5367351147567713,0.46326488524322873,508.7719298245614
28,2,15,275.0,15.0,14.5,0.5325487700608267,0.4674512299391733,508.7719298245614
29,2,15,285.0,15.0,14.5,0.5283372418983843,0.47166275810161573,508.7719298245614
30,2,15,295.0,15.0,14.5,0.5240370475729306,0.47596295242706943,508.7719298245614
31,2,15,305.0,15.0,14.5,0.5196193779484144,0.4803806220515856,508.7719298245614
32,2,15,315.0,15.0,14.5,0.5150941313455504,0.4849058686544496,508.7719298245614
33,2,15,325.0,15.0,14.5,0.5104372556428228,0.48956274435717717,508.7719298245614
34,2,15,335.0,15.0,14.5,0.5055393137204535,0.49446068627954654,508.7719298245614
35,2,15,345.0,15.0,14.5,0.5002499571917558,0.4997500428082442,508.7719298245614
36,2,15,355.0,15.0,14.5,0.4944658531675055,0.5055341468324945,508.7719298245614
37,2,15,365.0,15.0,14.5,0.48809839528952553,0.5119016047104745,508.7719298245614
38,2,15,375.0,15.0,14.5,0.48089209312031095,0.5191079068796891,508.7719298245614
39,2,15,385.0,15.0,14.5,0.47230228318530443,0.5276977168146956,508.7719298245614
40,2,15,395.0,15.0,14.5,0.4615803406808063,0.5384196593191937,508.7719298245614
41,2,15,405.0,15.0,14.5,0.4477604720872624,0.5522395279127377,508.7719298245614
42,2,15,415.0,15.0,14.5,0.4288825270691317,0.5711174729308683,508.7719298245614
43,2,15,425.0,15.0,14.5,0.4004430995680115,0.5995569004319885,508.7719298245614
44,2,15,435.0,15.0,14.5,0.35503239449712454,0.6449676055028755,508.7719298245614
45,2,15,445.0,15.0,14.5,0.2902660618798106,0.7097339381201895,508.7719298245614
46,2,15,455.0,15.0,14.5,0.22899991769912376,0.7710000823008762,508.7719298245614
47,2,15,465.0,15.0,14.5,0.2029453644494284,0.7970546355505717,508.7719298245614
48,2,15,475.0,15.0,14.5,0.2000688425270503,0.7999311574729497,508.7719298245614
49,2,15,485.0,15.0,14.5,0.2000315792246834,0.7999684207753166,508.7719298245614
50,2,15,495.0,15.0,14.5,0.20003168233886992,0.7999683176611301,508.7719298245614
1,3,15,5.0,25.0,14.5,0.757722962573793,0.242277037426207,508.7719298245614
2,3,15,15.0,25.0,14.5,0.7450468168210183,0.25495318317898175,508.7719298245614
3,3,15,25.0,25.0,14.5,0.7309267484339432,0.26907325156605677,508.7719298245614
4,3,15,35.0,25.0,14.5,0.7168112937225479,0.2831887062774521,508.7719298245614
5,3,15,45.0,25.0,14.5,0.70342037108935,0.29657962891065004,508.7719298245614
6,3,15,55.0,25.0,14.5,0.691004950866796,0.30899504913320397,508.7719298245614
7,3,15,65.0,25.0,14.5,0.6795823466619573,0.32041765333804273,508.7719298245614
8,3,15,75.0,25.0,14.5,0.6690639887369314,0.3309360112630686,508.7719298245614
9,3,15,85.0,25.0,14.5,0.6593583160186328,0.3406416839813672,508.7719298245614
10,3,15,95.0,25.0,14.5,0.6503417166700532,0.34965828332994675,508.7719298245614
11,3,15,105.0,25.0,14.5,0.6419142235905843,0.35808577640941575,508.7719298245614
12,3,15,115.0,25.0,14.5,0.6339932600295821,0.3660067399704179,508.7719298245614
13,3,15,125.0,25.0,14.5,0.6265160382106025,0.37348396178939747,508.7719298245614
14,3,15,135.0,25.0,14.5,0.6194377960335222,0.3805622039664778,508.7719298245614
15,3,15,145.0,25.0,14.5,0.6127107305061105,0.38728926949388953,508.7719298245614
16,3,15,155.0,25.0,14.5,0.6062931413041207,0.3937068586958793,508.7719298245614
17,3,15,165.0,25.0,14.5,0.6001528264915975,0.3998471735084025,508.7719298245614
18,3,15,175.0,25.0,14.5,0.5942608742309207,0.40573912576907933,508.7719298245614
19,3,15,185.0,25.0,14.5,0.5885983853600119,0.41140161463998814,508.7719298245614
20,3,15,195.0,25.0,14.5,0.5831614156694181,0.41683858433058185,508.7719298245614
21,3,15,205.0,25.0,14.5,0.5779552829952057,0.4220447170047943,508.7719298245614
22,3,15,215.0,25.0,14.5,0.5729852606427057,0.4270147393572943,508.7719298245614
23,3,15,225.0,25.0,14.5,0.5682407351922583,0.43175926480774174,508.7719298245614
24,3,15,235.0,25.0,14.5,0.5636852683003202,0.4363147316996798,508.7719298245614
25,3,15,245.0,25.0,14.5,0.559258682314485,0.44074131768551505,508.7719298245614
26,3,15,255.0,25.0,14.5,0.5548913652187495,0.4451086347812505,508.7719298245614
27,3,15,265.0,25.0,14.5,0.550550252035646,0.449449747964354,508.7719298245614
28,3,15,275.0,25.0,14.5,0.5462017894895614,0.45379821051043856,508.7719298245614
29,3,15,285.0,25.0,14.5,0.5418216717392689,0.4581783282607311,508.7719298245614
30,3,15,295.0,25.0,14.5,0.5373998765769645,0.46260012342303547,508.7719298245614
31,3,15,305.0,25.0,14.5,0.5329348493776517,0.4670651506223483,508.7719298245614
32,3,15,315.0,25.0,14.5,0.5284129258559462,0.47158707414405376,508.7719298245614
33,3,15,325.0,25.0,14.5,0.5237885433904083,0.47621145660959174,508.7719298245614
34,3,15,335.0,25.0,14.5,0.5190049876476057,0.4809950123523943,508.7719298245614
35,3,15,345.0,25.0,14.5,0.5140193019211634,0.4859806980788366,508.7719298245614
36,3,15,355.0,25.0,14.5,0.5087866715735762,0.49121332842642385,508.7719298245614
37,3,15,365.0,25.0,14.5,0.503209419334917,0.49679058066508297,508.7719298245614
38,3,15,375.0,25.0,14.5,0.4971139103270616,0.5028860896729384,508.7719298245614
39,3,15,385.0,25.0,14.5,0.4902975061966285,0.5097024938033715,508.7719298245614
40,3,15,395.0,25.0,14.5,0.48251421231619773,0.5174857876838023,508.7719298245614
41,3,15,405.0,25.0,14.5,0.4733041378969252,0.5266958621030748,508.7719298245614
42,3,15,415.0,25.0,14.5,0.4617815048375245,0.5382184951624756,508.7719298245614
43,3,15,425.0,25.0,14.5,0.4465273609549265,0.5534726390450735,508.7719298245614
44,3,15,435.0,25.0,14.5,0.4249274978924597,0.5750725021075402,508.7719298245614
45,3,15,445.0,25.0,14.5,0.39079337281011306,0.6092066271898869,508.7719298245614
46,3,15,455.0,25.0,14.5,0.33646765926382616,0.6635323407361738,508.7719298245614
47,3,15,465.0,25.0,14.5,0.265942742166021,0.734057257833979,508.7719298245614
48,3,15,475.0,25.0,14.5,0.2138292239954059,0.7861707760045941,508.7719298245614
49,3,15,485.0,25.0,14.5,0.2005827687923852,0.7994172312076148,508.7719298245614
50,3,15,495.0,25.0,14.5,0.2000359418302809,0.7999640581697192,508.7719298245614
1,4,15,5.0,35.0,14.5,0.7791057201775241,0.2208942798224759,508.7719298245614
2,4,15,15.0,35.0,14.5,0.7660696521807824,0.23393034781921762,508.7719298245614
3,4,15,25.0,35.0,14.5,0.7509402098840616,0.24905979011593837,508.7719298245614
4,4,15,35.0,35.0,14.5,0.7355851771507659,0.2644148228492341,508.7719298245614
5,4,15,45.0,35.0,14.5,0.7210343851452148,0.2789656148547852,508.7719298245614
6,4,15,55.0,35.0,14.5,0.7077572238434144,0.29224277615658556,508.7719298245614
7,4,15,65.0,35.0,14.5,0.6956523930651805,0.30434760693481955,508.7719298245614
8,4,15,75.0,35.0,14.5,0.6845682647658158,0.3154317352341842,508.7719298245614
9,4,15,85.0,35.0,14.5,0.6743305161886652,0.32566948381133476,508.7719298245614
10,4,15,95.0,35.0,14.5,0.6648284758689638,0.33517152413103624,508.7719298245614
11,4,15,105.0,35.0,14.5,0.6559605252499464,0.3440394747500536,508.7719298245614
12,4,15,115.0,35.0,14.5,0.647635385615671,0.352364614384329,508.7719298245614
13,4,15,125.0,35.0,14.5,0.6397704825317874,0.36022951746821263,508.7719298245614
14,4,15,135.0,35.0,14.5,0.6323011937767574,0.3676988062232426,508.7719298245614
15,4,15,145.0,35.0,14.5,0.6251725724243645,0.3748274275756355,508.7719298245614
16,4,15,155.0,35.0,14.5,0.618350328962601,0.381649671037399,508.7719298245614
17,4,15,165.0,35.0,14.5,0.611797799529108,0.38820220047089204,508.7719298245614
18,4,15,175.0,35.0,14.5,0.6054965667451591,0.39450343325484094,508.7719298245614
19,4,15,185.0,35.0,14.5,0.5994326998405346,0.4005673001594654,508.7719298245614
20,4,15,195.0,35.0,14.5,0.5935944381065664,0.4064055618934336,508.7719298245614
21,4,15,205.0,35.0,14.5,0.5879813402066548,0.4120186597933452,508.7719298245614
22,4,15,215.0,35.0,14.5,0.5825985447069257,0.41740145529307426,508.7719298245614
23,4,15,225.0,35.0,14.5,0.5774511117957216,0.4225488882042784,508.7719298245614
24,4,15,235.0,35.0,14.5,0.5725381460962499,0.42746185390375013,508.7719298245614
25,4,15,245.0,35.0,14.5,0.5678438131573865,0.4321561868426135,508.7719298245614
26,4,15,255.0,35.0,14.5,0.5633263699950388,0.4366736300049612,508.7719298245614
27,4,15,265.0,35.0,14.5,0.5589075547059862,0.4410924452940138,508.7719298245614
28,4,15,275.0,35.0,14.5,0.5545078383094514,0.4454921616905486,508.7719298245614
29,4,15,285.0,35.0,14.5,0.5500814635849778,0.4499185364150222,508.7719298245614
30,4,15,295.0,35.0,14.5,0.5456015083678364,0.4543984916321636,508.7719298245614
31,4,15,305.0,35.0,14.5,0.5410683246486255,0.45893167535137447,508.7719298245614
32,4,15,315.0,35.0,14.5,0.5364920182321993,0.4635079817678007,508.7719298245614
33,4,15,325.0,35.0,14.5,0.5318616590762989,0.4681383409237011,508.7719298245614
34,4,15,335.0,35.0,14.5,0.5271336433271328,0.47286635667286725,508.7719298245614
35,4,15,345.0,35.0,14.5,0.5222470329560932,0.4777529670439068,508.7719298245614
36,4,15,355.0,35.0,14.5,0.5171536475493385,0.48284635245066154,508.7719298245614
37,4,15,365.0,35.0,14.5,0.5118112997416586,0.4881887002583414,508.7719298245614
38,4,15,375.0,35.0,14.5,0.5061351779239895,0.49386482207601046,508.7719298245614
39,4,15,385.0,35.0,14.5,0.4999629458874295,0.5000370541125705,508.7719298245614
40,4,15,395.0,35.0,14.5,0.4930739780389671,0.506926021961033,508.7719298245614
41,4,15,405.0,35.0,14.5,0.48521477889388964,0.5147852211061104,508.7719298245614
42,4,15,415.0,35.0,14.5,0.4759751089167855,0.5240248910832145,508.7719298245614
43,4,15,425.0,35.0,14.5,0.46456018504108515,0.5354398149589148,508.7719298245614
44,4,15,435.0,35.0,14.5,0.44964479756015047,0.5503552024398495,508.7719298245614
45,4,15,445.0,35.0,14.5,0.42867299908765916,0.5713270009123408,508.7719298245614
46,4,15,455.0,35.0,14.5,0.3962145766009091,0.6037854233990909,508.7719298245614
47,4,15,465.0,35.0,14.5,0.34630511354957444,0.6536948864504255,508.7719298245614
48,4,15,475.0,35.0,14.5,0.28248064287219976,0.7175193571278002,508.7719298245614
49,4,15,485.0,35.0,14.5,0.22825960214610813,0.7717403978538919,508.7719298245614
50,4,15,495.0,35.0,14.5,0.20378099185915965,0.7962190081408403,508.7719298245614
1,5,15,5.0,45.0,14.5,0.7937729584037916,0.20622704159620842,508.7719298245614
2,5,15,15.0,45.0,14.5,0.7825163602872288,0.21748363971277118,508.7719298245614
3,5,15,25.0,45.0,14.5,0.7674038450620848,0.2325961549379152,508.7719298245614
4,5,15,35.0,45.0,14.5,0.7514646048241258,0.2485353951758742,508.7719298245614
5,5,15,45.0,45.0,14.5,0.7363502706414624,0.2636497293585376,508.7719298245614
6,5,15,55.0,45.0,14.5,0.7223585344672558,0.27764146553274416,508.7719298245614
7,5,15,65.0,45.0,14.5,0.7095940654878559,0.29040593451214414,508.7719298245614
8,5,15,75.0,45.0,14.5,0.6979558211255023,0.30204417887449775,508.7719298245614
9,5,15,85.0,45.0,14.5,0.6872845597528373,0.3127154402471627,508.7719298245614
10,5,15,95.0,45.0,14.5,0.6774330185331393,0.3225669814668607,508.7719298245614
11,5,15,105.0,45.0,14.5,0.6682712941234837,0.33172870587651626,508.7719298245614
12,5,15,115.0,45.0,14.5,0.6596925079847517,0.34030749201524835,508.7719298245614
13,5,15,125.0,45.0,14.5,0.6516131047578159,0.34838689524218414,508.7719298245614
14,5,15,135.0,45.0,14.5,0.6439622801152904,0.35603771988470956,508.7719298245614
15,5,15,145.0,45.0,14.5,0.6366790297253105,0.36332097027468946,508.7719298245614
16,5,15,155.0,45.0,14.5,0.6297194822587264,0.3702805177412736,508.7719298245614
17,5,15,165.0,45.0,14.5,0.6230414511748129,0.3769585488251871,508.7719298245614
18,5,15,175.0,45.0,14.5,0.6166097634836709,0.3833902365163291,508.7719298245614
19,5,15,185.0,45.0,14.5,0.6104014250541561,0.38959857494584393,508.7719298245614
20,5,15,195.0,45.0,14.5,0.6044027907300699,0.39559720926993014,508.7719298245614
21,5,15,205.0,45.0,14.5,0.5986078861983453,0.40139211380165474,508.7719298245614
22,5,15,215.0,45.0,14.5,0.5930207351566257,0.4069792648433743,508.7719298245614
23,5,15,225.0,45.0,14.5,0.5876495377075086,0.4123504622924914,508.7719298245614
24,5,15,235.0,45.0,14.5,0.5825024178504745,0.4174975821495255,508.7719298245614
25,5,15,245.0,45.0,14.5,0.577579642826009,0.42242035717399096,508.7719298245614
26,5,15,255.0,45.0,14.5,0.5728609710959511,0.42713902890404887,508.7719298245614
27,5,15,265.0,45.0,14.5,0.5682930063811703,0.4317069936188297,508.7719298245614
28,5,15,275.0,45.0,14.5,0.563787384006118,0.43621261599388195,508.7719298245614
29,5,15,285.0,45.0,14.5,0.5592709119739637,0.4407290880260363,508.7719298245614
30,5,15,295.0,45.0,14.5,0.5547033656571275,0.4452966343428725,508.7719298245614
31,5,15,305.0,45.0,14.5,0.5500653757206169,0.44993462427938313,508.7719298245614
32,5,15,315.0,45.0,14.5,0.5453611827253315,0.4546388172746685,508.7719298245614
33,5,15,325.0,45.0,14.5,0.5406021908389299,0.4593978091610701,508.7719298245614
34,5,15,335.0,45.0,14.5,0.5357787963439505,0.46422120365604946,508.7719298245614
35,5,15,345.0,45.0,14.5,0.5308403968067635,0.46915960319323646,508.7719298245614
36,5,15,355.0,45.0,14.5,0.525714653316475,0.47428534668352496,508.7719298245614
37,5,15,365.0,45.0,14.5,0.5203384281351165,0.47966157186488345,508.7719298245614
38,5,15,375.0,45.0,14.5,0.514659082889522,0.485340917110478,508.7719298245614
39,5,15,385.0,45.0,14.5,0.5085799366805263,0.49142006331947374,508.7719298245614
40,5,15,395.0,45.0,14.5,0.501904670502832,0.49809532949716795,508.7719298245614
41,5,15,405.0,45.0,14.5,0.4943524983559879,0.5056475016440121,508.7719298245614
42,5,15,415.0,45.0,14.5,0.4855805834857074,0.5144194165142926,508.7719298245614
43,5,15,425.0,45.0,14.5,0.4750317483822128,0.5249682516177872,508.7719298245614
44,5,15,435.0,45.0,14.5,0.4616213717327216,0.5383786282672784,508.7719298245614
45,5,15,445.0,45.0,14.5,0.4435908458568562,0.5564091541431437,508.7719298245614
46,5,15,455.0,45.0,14.5,0.41832529031089494,0.5816747096891051,508.7719298245614
47,5,15,465.0,45.0,14.5,0.3809262910193227,0.6190737089806773,508.7719298245614
48,5,15,475.0,45.0,14.5,0.32872999114468265,0.6712700088553174,508.7719298245614
49,5,15,485.0,45.0,14.5,0.2727184588936914,0.7272815411063086,508.7719298245614
50,5,15,495.0,45.0,14.5,0.23254141671796197,0.767458583282038,508.7719298245614
1,6,15,5.0,55.0,14.5,0.7800272711868007,0.2199727288131993,508.7719298245614
2,6,15,15.0,55.0,14.5,0.7677094605764735,0.2322905394235265,508.7719298245614
3,6,15,25.0,55.0,14.5,0.7533360103953174,0.2466639896046826,508.7719298245614
4,6,15,35.0,55.0,14.5,0.7386378700249768,0.26136212997502317,508.7719298245614
5,6,15,45.0,55.0,14.5,0.7245897231555046,0.27541027684449537,508.7719298245614
6,6,15,55.0,55.0,14.5,0.7115426222555986,0.2884573777444014,508.7719298245614
7,6,15,65.0,55.0,14.5,0.6995369968520739,0.30046300314792607,508.7719298245614
8,6,15,75.0,55.0,14.5,0.6884838503574088,0.3115161496425912,508.7719298245614
9,6,15,85.0,55.0,14.5,0.6782652181791324,0.32173478182086757,508.7719298245614
10,6,15,95.0,55.0,14.5,0.6687655518969019,0.3312344481030981,508.7719298245614
11,6,15,105.0,55.0,14.5,0.659880152485003,0.340119847514997,508.7719298245614
12,6,15,115.0,55.0,14.5,0.651523998189525,0.348476001810475,508.7719298245614
13,6,15,125.0,55.0,14.5,0.6436224630924392,0.3563775369075608,508.7719298245614
14,6,15,135.0,55.0,14.5,0.6361116700891684,0.36388832991083164,508.7719298245614
15,6,15,145.0,55.0,14.5,0.6289469608192887,0.3710530391807113,508.7719298245614
16,6,15,155.0,55.0,14.5,0.622080223848569,0.377919776151431,508.7719298245614
17,6,15,165.0,55.0,14.5,0.6154819119097499,0.3845180880902501,508.7719298245614
18,6,15,175.0,55.0,14.5,0.6091274867900132,0.39087251320998684,508.7719298245614
19,6,15,185.0,55.0,14.5,0.6029957944442341,0.3970042055557659,508.7719298245614
20,6,15,195.0,55.0,14.5,0.5970787337394782,0.4029212662605218,508.7719298245614
21,6,15,205.0,55.0,14.5,0.5913746833515278,0.40862531664847224,508.7719298245614
22,6,15,215.0,55.0,14.5,0.585888222469548,0.41411177753045203,508.7719298245614
23,6,15,225.0,55.0,14.5,0.5806298368781105,0.41937016312188946,508.7719298245614
24,6,15,235.0,55.0,14.5,0.5756097098876761,0.4243902901123239,508.7719298245614
25,6,15,245.0,55.0,14.5,0.570824511694939,0.429175488305061,508.7719298245614
26,6,15,255.0,55.0,14.5,0.566240821454422,0.433759178545578,508.7719298245614
27,6,15,265.0,55.0,14.5,0.5617825402716345,0.43821745972836545,508.7719298245614
28,6,15,275.0,55.0,14.5,0.557351045886288,0.44264895411371197,508.7719298245614
29,6,15,285.0,55.0,14.5,0.5528889854301434,0.4471110145698566,508.7719298245614
30,6,15,295.0,55.0,14.5,0.5483618620612891,0.4516381379387109,508.7719298245614
31,6,15,305.0,55.0,14.5,0.5437647801871365,0.4562352198128635,508.7719298245614
32,6,15,315.0,55.0,14.5,0.5391111570855196,0.4608888429144804,508.7719298245614
33,6,15,325.0,55.0,14.5,0.5344037132127205,0.4655962867872795,508.7719298245614
34,6,15,335.0,55.0,14.5,0.529608793834724,0.47039120616527597,508.7719298245614
35,6,15,345.0,55.0,14.5,0.5246620895519924,0.47533791044800755,508.7719298245614
36,6,15,355.0,55.0,14.5,0.5194972794850029,0.4805027205149971,508.7719298245614
37,6,15,365.0,55.0,14.5,0.5140656075647758,0.4859343924352242,508.7719298245614
38,6,15,375.0,55.0,14.5,0.508290880711429,0.491709119288571,508.7719298245614
39,6,15,385.0,55.0,14.5,0.5020134373744721,0.4979865626255279,508.7719298245614
40,6,15,395.0,55.0,14.5,0.4949786870707439,0.5050213129292561,508.7719298245614
41,6,15,405.0,55.0,14.5,0.48686263885694875,0.5131373611430512,508.7719298245614
42,6,15,415.0,55.0,14.5,0.4771715637770606,0.5228284362229394,508.7719298245614
43,6,15,425.0,55.0,14.5,0.4649204436313785,0.5350795563686215,508.7719298245614
44,6,15,435.0,55.0,14.5,0.4482687982707074,0.5517312017292926,508.7719298245614
45,6,15,445.0,55.0,14.5,0.4240800225772832,0.5759199774227168,508.7719298245614
46,6,15,455.0,55.0,14.5,0.38709742835868216,0.6129025716413179,508.7719298245614
47,6,15,465.0,55.0,14.5,0.3321315335148776,0.6678684664851224,508.7719298245614
48,6,15,475.0,55.0,14.5,0.26641741899433946,0.7335825810056605,508.7719298245614
49,6,15,485.0,55.0,14.5,0.21773118274081124,0.7822688172591887,508.7719298245614
50,6,15,495.0,55.0,14.5,0.2014443418299691,0.7985556581700309,508.7719298245614
1,7,15,5.0,65.0,14.5,0.7608837563789423,0.23911624362105766,508.7719298245614
2,7,15,15.0,65.0,14.5,0.7490612528803375,0.25093874711966246,508.7719298245614
3,7,15,25.0,65.0,14.5,0.7357216809335632,0.26427831906643684,508.7719298245614
4,7,15,35.0,65.0,14.5,0.7222080804757686,0.27779191952423143,508.7719298245614
5,7,15,45.0,65.0,14.5,0.7092310250496573,0.2907689749503427,508.7719298245614
6,7,15,55.0,65.0,14.5,0.697082437011084,0.30291756298891603,508.7719298245614
7,7,15,65.0,65.0,14.5,0.6858187871440671,0.3141812128559329,508.7719298245614
8,7,15,75.0,65.0,14.5,0.675389591325565,0.324610408674435,508.7719298245614
9,7,15,85.0,65.0,14.5,0.6657054263060211,0.33429457369397886,508.7719298245614
10,7,15,95.0,65.0,14.5,0.6566745684890112,0.3433254315109888,508.7719298245614
11,7,15,105.0,65.0,14.5,0.6482112163770632,0.35178878362293675,508.7719298245614
12,7,15,115.0,65.0,14.5,0.6402377207037625,0.3597622792962375,508.7719298245614
13,7,15,125.0,65.0,14.5,0.6326948108051366,0.36730518919486344,508.7719298245614
14,7,15,135.0,65.0,14.5,0.6255213252307069,0.3744786747692931,508.7719298245614
15,7,15,145.0,65.0,14.5,0.6186778411875031,0.38132215881249687,508.7719298245614
16,7,15,155.0,65.0,14.5,0.6121204713167179,0.3878795286832821,508.7719298245614
17,7,15,165.0,65.0,14.5,0.605824477929817,0.394175522070183,508.7719298245614
18,7,15,175.0,65.0,14.5,0.5997700165028432,0.40022998349715677,508.7719298245614
19,7,15,185.0,65.0,14.5,0.593944269552053,0.40605573044794696,508.7719298245614
20,7,15,195.0,65.0,14.5,0.5883423860815586,0.41165761391844136,508.7719298245614
21,7,15,205.0,65.0,14.5,0.5829650081276541,0.41703499187234594,508.7719298245614
22,7,15,215.0,65.0,14.5,0.5778140960308236,0.42218590396917643,508.7719298245614
23,7,15,225.0,65.0,14.5,0.572890810882881,0.42710918911711904,508.7719298245614
24,7,15,235.0,65.0,14.5,0.5681873446749103,0.4318126553250897,508.7719298245614
25,7,15,245.0,65.0,14.5,0.5636711952939679,0.4363288047060321,508.7719298245614
26,7,15,255.0,65.0,14.5,0.5592714253889186,0.4407285746110814,508.7719298245614
27,7,15,265.0,65.0,14.5,0.5549013118810872,0.44509868811891284,508.7719298245614
28,7,15,275.0,65.0,14.5,0.5505155987880612,0.4494844012119388,508.7719298245614
29,7,15,285.0,65.0,14.5,0.5460832838219625,0.4539167161780375,508.7719298245614
30,7,15,295.0,65.0,14.5,0.5416017125810516,0.4583982874189484,508.7719298245614
31,7,15,305.0,65.0,14.5,0.537077217953334,0.46292278204666604,508.7719298245614
32,7,15,315.0,65.0,14.5,0.5324994635065938,0.46750053649340617,508.7719298245614
33,7,15,325.0,65.0,14.5,0.5278301965673378,0.47216980343266224,508.7719298245614
34,7,15,335.0,65.0,14.5,0.5230139109165094,0.4769860890834906,508.7719298245614
35,7,15,345.0,65.0,14.5,0.518001236723708,0.481998763276292,508.7719298245614
36,7,15,355.0,65.0,14.5,0.5127451537550937,0.48725484624490634,508.7719298245614
37,7,15,365.0,65.0,14.5,0.5071610250303266,0.49283897496967344,508.7719298245614
38,7,15,375.0,65.0,14.5,0.5011015788356454,0.49889842116435457,508.7719298245614
39,7,15,385.0,65.0,14.5,0.49434115970253867,0.5056588402974613,508.7719298245614
40,7,15,395.0,65.0,14.5,0.48658526299533184,0.5134147370046682,508.7719298245614
41,7,15,405.0,65.0,14.5,0.47733569933233394,0.5226643006676661,508.7719298245614
42,7,15,415.0,65.0,14.5,0.4656363297430259,0.5343636702569741,508.7719298245614
43,7,15,425.0,65.0,14.5,0.44971122040706235,0.5502887795929376,508.7719298245614
44,7,15,435.0,65.0,14.5,0.42631022578786093,0.5736897742121391,508.7719298245614
45,7,15,445.0,65.0,14.5,0.3896910199585175,0.6103089800414825,508.7719298245614
46,7,15,455.0,65.0,14.5,0.3327161767441174,0.6672838232558826,508.7719298245614
47,7,15,465.0,65.0,14.5,0.25991015556336833,0.7400898444366317,508.7719298245614
48,7,15,475.0,65.0,14.5,0.20995497305258753,0.7900450269474124,508.7719298245614
49,7,15,485.0,65.0,14.5,0.20024753354852573,0.7997524664514742,508.7719298245614
50,7,15,495.0,65.0,14.5,0.20003309042317466,0.7999669095768254,508.7719298245614
1,8,15,5.0,75.0,14.5,0.7347339856937193,0.2652660143062807,508.7719298245614
2,8,15,15.0,75.0,14.5,0.7243044284473406,0.27569557155265945,508.7719298245614
3,8,15,25.0,75.0,14.5,0.7124578929003756,0.28754210709962436,508.7719298245614
4,8,15,35.0,75.0,14.5,0.7003710149071996,0.29962898509280045,508.7719298245614
5,8,15,45.0,75.0,14.5,0.688662008761859,0.311337991238141,508.7719298245614
6,8,15,55.0,75.0,14.5,0.6775923578844552,0.32240764211554485,508.7719298245614
7,8,15,65.0,75.0,14.5,0.6672425614415753,0.33275743855842466,508.7719298245614
8,8,15,75.0,75.0,14.5,0.6575946679989942,0.34240533200100576,508.7719298245614
9,8,15,85.0,75.0,14.5,0.648592979410627,0.351407020589373,508.7719298245614
10,8,15,95.0,75.0,14.5,0.64017035246305,0.35982964753695,508.7719298245614
11,8,15,105.0,75.0,14.5,0.6322651658543477,0.36773483414565233,508.7719298245614
12,8,15,115.0,75.0,14.5,0.6248136275932201,0.3751863724067799,508.7719298245614
13,8,15,125.0,75.0,14.5,0.6177664600567516,0.3822335399432484,508.7719298245614
14,8,15,135.0,75.0,14.5,0.6110732817842544,0.38892671821574565,508.7719298245614
15,8,15,145.0,75.0,14.5,0.6046972006754041,0.3953027993245959,508.7719298245614
16,8,15,155.0,75.0,14.5,0.5986013726694203,0.40139862733057974,508.7719298245614
17,8,15,165.0,75.0,14.5,0.5927604633860359,0.40723953661396406,508.7719298245614
18,8,15,175.0,75.0,14.5,0.5871632687232488,0.41283673127675125,508.7719298245614
19,8,15,185.0,75.0,14.5,0.581806692238979,0.41819330776102104,508.7719298245614
20,8,15,195.0,75.0,14.5,0.5766893902748992,0.4233106097251008,508.7719298245614
21,8,15,205.0,75.0,14.5,0.5718010625524348,0.4281989374475652,508.7719298245614
22,8,15,215.0,75.0,14.5,0.567117579707079,0.432882420292921,508.7719298245614
23,8,15,225.0,75.0,14.5,0.5626038436122609,0.4373961563877391,508.7719298245614
24,8,15,235.0,75.0,14.5,0.55821523684636,0.44178476315364,508.7719298245614
25,8,15,245.0,75.0,14.5,0.5538950490795562,0.4461049509204438,508.7719298245614
26,8,15,255.0,75.0,14.5,0.5496075181301033,0.45039248186989667,508.7719298245614
27,8,15,265.0,75.0,14.5,0.545312013410493,0.45468798658950704,508.7719298245614
28,8,15,275.0,75.0,14.5,0.5409834991482554,0.4590165008517446,508.7719298245614
29,8,15,285.0,75.0,14.5,0.536618967591236,0.46338103240876405,508.7719298245614
30,8,15,295.0,75.0,14.5,0.5322214564224124,0.46777854357758764,508.7719298245614
31,8,15,305.0,75.0,14.5,0.527767521331662,0.47223247866833795,508.7719298245614
32,8,15,315.0,75.0,14.5,0.5231998647018338,0.4768001352981662,508.7719298245614
33,8,15,325.0,75.0,14.5,0.5184649760597029,0.4815350239402971,508.7719298245614
34,8,15,335.0,75.0,14.5,0.5135334026449062,0.4864665973550938,508.7719298245614
35,8,15,345.0,75.0,14.5,0.5083602375480635,0.4916397624519365,508.7719298245614
36,8,15,355.0,75.0,14.5,0.5028231031806106,0.49717689681938937,508.7719298245614
37,8,15,365.0,75.0,14.5,0.49672502807995833,0.5032749719200417,508.7719298245614
38,8,15,375.0,75.0,14.5,0.4898631121484797,0.5101368878515202,508.7719298245614
39,8,15,385.0,75.0,14.5,0.48198218418482164,0.5180178158151784,508.7719298245614
40,8,15,395.0,75.0,14.5,0.47252824213384476,0.5274717578661552,508.7719298245614
41,8,15,405.0,75.0,14.5,0.460393690401107,0.539606309598893,508.7719298245614
42,8,15,415.0,75.0,14.5,0.4436361921462718,0.5563638078537282,508.7719298245614
43,8,15,425.0,75.0,14.5,0.4188153170832971,0.5811846829167029,508.7719298245614
44,8,15,435.0,75.0,14.5,0.3793466978477256,0.6206533021522744,508.7719298245614
45,8,15,445.0,75.0,14.5,0.3173534588311731,0.682646541168827,508.7719298245614
46,8,15,455.0,75.0,14.5,0.2444247142948167,0.7555752857051833,508.7719298245614
47,8,15,465.0,75.0,14.5,0.2049665815827261,0.7950334184172739,508.7719298245614
48,8,15,475.0,75.0,14.5,0.20007936957839317,0.7999206304216069,508.7719298245614
49,8,15,485.0,75.0,14.5,0.200031361311904,0.799968638688096,508.7719298245614
50,8,15,495.0,75.0,14.5,0.2000313894569002,0.7999686105430999,508.7719298245614
1,9,15,5.0,85.0,14.5,0.6984508784746009,0.30154912152539914,508.7719298245614
2,9,15,15.0,85.0,14.5,0.689876674560145,0.310123325439855,508.7719298245614
3,9,15,25.0,85.0,14.5,0.6798833141047419,0.3201166858952581,508.7719298245614
4,9,15,35.0,85.0,14.5,0.6694909986353264,0.33050900136467365,508.7719298245614
5,9,15,45.0,85.0,14.5,0.6592543779701812,0.34074562202981884,508.7719298245614
6,9,15,55.0,85.0,14.5,0.649442365017059,0.350557634982941,508.7719298245614
7,9,15,65.0,85.0,14.5,0.6401602700871246,0.3598397299128754,508.7719298245614
8,9,15,75.0,85.0,14.5,0.631430603202314,0.36856939679768597,508.7719298245614
9,9,15,85.0,85.0,14.5,0.6232346283661927,0.3767653716338073,508.7719298245614
10,9,15,95.0,85.0,14.5,0.6155373314594096,0.3844626685405904,508.7719298245614
11,9,15,105.0,85.0,14.5,0.6083066225156127,0.39169337748438726,508.7719298245614
12,9,15,115.0,85.0,14.5,0.6015018547512484,0.3984981452487516,508.7719298245614
13,9,15,125.0,85.0,14.5,0.5950927456416795,0.40490725435832053,508.7719298245614
14,9,15,135.0,85.0,14.5,0.589042192396597,0.41095780760340295,508.7719298245614
15,9,15,145.0,85.0,14.5,0.5833083541538443,0.4166916458461557,508.7719298245614
16,9,15,155.0,85.0,14.5,0.5778514156906687,0.42214858430933133,508.7719298245614
17,9,15,165.0,85.0,14.5,0.5726374607660981,0.4273625392339019,508.7719298245614
18,9,15,175.0,85.0,14.5,0.5676515015650795,0.4323484984349205,508.7719298245614
19,9,15,185.0,85.0,14.5,0.5628977755944106,0.43710222440558943,508.7719298245614
20,9,15,195.0,85.0,14.5,0.5583739587902585,0.44162604120974147,508.7719298245614
21,9,15,205.0,85.0,14.5,0.5540352927775227,0.4459647072224773,508.7719298245614
22,9,15,215.0,85.0,14.5,0.54979553245547,0.45020446754453003,508.7719298245614
23,9,15,225.0,85.0,14.5,0.5456079066613557,0.4543920933386443,508.7719298245614
24,9,15,235.0,85.0,14.5,0.5414474832489293,0.45855251675107067,508.7719298245614
25,9,15,245.0,85.0,14.5,0.5373160933441258,0.4626839066558742,508.7719298245614
26,9,15,255.0,85.0,14.5,0.5332099657840326,0.46679003421596743,508.7719298245614
27,9,15,265.0,85.0,14.5,0.52909492879164,0.47090507120836,508.7719298245614
28,9,15,275.0,85.0,14.5,0.5249204385908941,0.4750795614091059,508.7719298245614
29,9,15,285.0,85.0,14.5,0.5206531859555724,0.4793468140444276,508.7719298245614
30,9,15,295.0,85.0,14.5,0.5162883310510983,0.4837116689489017,508.7719298245614
31,9,15,305.0,85.0,14.5,0.5118105157360301,0.4881894842639699,508.7719298245614
32,9,15,315.0,85.0,14.5,0.5071449708452579,0.4928550291547421,508.7719298245614
33,9,15,325.0,85.0,14.5,0.502168326760613,0.49783167323938704,508.7719298245614
34,9,15,335.0,85.0,14.5,0.4967661710816738,0.5032338289183262,508.7719298245614
35,9,15,345.0,85.0,14.5,0.49084911544875676,0.5091508845512432,508.7719298245614
36,9,15,355.0,85.0,14.5,0.4842371727294483,0.5157628272705517,508.7719298245614
37,9,15,365.0,85.0,14.5,0.4765157918318903,0.5234842081681097,508.7719298245614
38,9,15,375.0,85.0,14.5,0.46702984458461755,0.5329701554153825,508.7719298245614
39,9,15,385.0,85.0,14.5,0.4549386716743997,0.5450613283256003,508.7719298245614
40,9,15,395.0,85.0,14.5,0.43878948276012913,0.5612105172398709,508.7719298245614
41,9,15,405.0,85.0,14.5,0.4152315770949672,0.5847684229050327,508.7719298245614
42,9,15,415.0,85.0,14.5,0.37791834141551245,0.6220816585844875,508.7719298245614
43,9,15,425.0,85.0,14.5,0.3203673178170472,0.6796326821829528,508.7719298245614
44,9,15,435.0,85.0,14.5,0.2524539031401529,0.7475460968598471,508.7719298245614
45,9,15,445.0,85.0,14.5,0.20955459335942486,0.7904454066405752,508.7719298245614
46,9,15,455.0,85.0,14.5,0.20032238840147523,0.7996776115985248,508.7719298245614
47,9,15,465.0,85.0,14.5,0.2000317250123922,0.7999682749876078,508.7719298245614
48,9,15,475.0,85.0,14.5,0.20003062080961048,0.7999693791903895,508.7719298245614
49,9,15,485.0,85.0,14.5,0.20003096139591786,0.7999690386040821,508.7719298245614
50,9,15,495.0,85.0,14.5,0.20003118807695447,0.7999688119230455,508.7719298245614
1,10,15,5.0,95.0,14.5,0.6376928597214,0.3623071402786,508.7719298245614
2,10,15,15.0,95.0,14.5,0.6311532222738502,0.3688467777261498,508.7719298245614
3,10,15,25.0,95.0,14.5,0.6232270338340434,0.37677296616595657,508.7719298245614
4,10,15,35.0,95.0,14.5,0.6147097314558985,0.38529026854410153,508.7719298245614
5,10,15,45.0,95.0,14.5,0.6060819414757301,0.39391805852426987,508.7719298245614
6,10,15,55.0,95.0,14.5,0.5976071512428124,0.4023928487571876,508.7719298245614
7,10,15,65.0,95.0,14.5,0.5894172515889758,0.41058274841102416,508.7719298245614
8,10,15,75.0,95.0,14.5,0.5815735401166524,0.4184264598833476,508.7719298245614
9,10,15,85.0,95.0,14.5,0.5741001522800786,0.4258998477199214,508.7719298245614
10,10,15,95.0,95.0,14.5,0.5670052551194339,0.4329947448805661,508.7719298245614
11,10,15,105.0,95.0,14.5,0.5602970534491528,0.4397029465508472,508.7719298245614
12,10,15,115.0,95.0,14.5,0.5539866442723523,0.44601335572764766,508.7719298245614
13,10,15,125.0,95.0,14.5,0.5480798086040559,0.4519201913959441,508.7719298245614
14,10,15,135.0,95.0,14.5,0.5425683451480544,0.4574316548519456,508.7719298245614
15,10,15,145.0,95.0,14.5,0.5374092844737113,0.4625907155262887,508.7719298245614
16,10,15,155.0,95.0,14.5,0.5325235676419264,0.46747643235807357,508.7719298245614
17,10,15,165.0,95.0,14.5,0.527816091982397,0.472183908017603,508.7719298245614
18,10,15,175.0,95.0,14.5,0.5232207056217388,0.47677929437826116,508.7719298245614
19,10,15,185.0,95.0,14.5,0.5187390957713,0.48126090422870005,508.7719298245614
20,10,15,195.0,95.0,14.5,0.5144095054268858,0.4855904945731142,508.7719298245614
21,10,15,205.0,95.0,14.5,0.5102347531746264,0.4897652468253736,508.7719298245614
22,10,15,215.0,95.0,14.5,0.5061326537652149,0.4938673462347851,508.7719298245614
23,10,15,225.0,95.0,14.5,0.502029352865646,0.497970647134354,508.7719298245614
24,10,15,235.0,95.0,14.5,0.49791818003109767,0.5020818199689023,508.7719298245614
25,10,15,245.0,95.0,14.5,0.4938124334496528,0.5061875665503472,508.7719298245614
26,10,15,255.0,95.0,14.5,0.4896563794144419,0.510343620585558,508.7719298245614
27,10,15,265.0,95.0,14.5,0.48532770420817334,0.5146722957918266,508.7719298245614
28,10,15,275.0,95.0,14.5,0.48074344933942237,0.5192565506605776,508.7719298245614
29,10,15,285.0,95.0,14.5,0.4758853005884061,0.5241146994115939,508.7719298245614
30,10,15,295.0,95.0,14.5,0.4706646953238682,0.5293353046761318,508.7719298245614
31,10,15,305.0,95.0,14.5,0.4647929017048833,0.5352070982951167,508.7719298245614
32,10,15,315.0,95.0,14.5,0.45784617779448983,0.5421538222055102,508.7719298245614
33,10,15,325.0,95.0,14.5,0.44943323028658094,0.5505667697134191,508.7719298245614
34,10,15,335.0,95.0,14.5,0.4390458379903125,0.5609541620096875,508.7719298245614
35,10,15,345.0,95.0,14.5,0.4255174750162767,0.5744825249837233,508.7719298245614
36,10,15,355.0,95.0,14.5,0.406492505079652,0.593507494920348,508.7719298245614
37,10,15,365.0,95.0,14.5,0.378708543500952,0.6212914564990479,508.7719298245614
38,10,15,375.0,95.0,14.5,0.33962375269544315,0.6603762473045569,508.7719298245614
39,10,15,385.0,95.0,14.5,0.2912084407730822,0.7087915592269178,508.7719298245614
40,10,15,395.0,95.0,14.5,0.24478381493870288,0.7552161850612971,508.7719298245614
41,10,15,405.0,95.0,14.5,0.21447566008016672,0.7855243399198333,508.7719298245614
42,10,15,415.0,95.0,14.5,0.20221011704599517,0.7977898829540049,508.7719298245614
43,10,15,425.0,95.0,14.5,0.20011224152454857,0.7998877584754515,508.7719298245614
44,10,15,435.0,95.0,14.5,0.20003045326895835,0.7999695467310417,508.7719298245614
45,10,15,445.0,95.0,14.5,0.20002928370759704,0.799970716292403,508.7719298245614
46,10,15,455.0,95.0,14.5,0.20002972821445686,0.7999702717855431,508.7719298245614
47,10,15,465.0,95.0,14.5,0.20003016718911543,0.7999698328108846,508.7719298245614
48,10,15,475.0,95.0,14.5,0.20003056169542002,0.79996943830458,508.7719298245614
49,10,15,485.0,95.0,14.5,0.2000308807668269,0.799969119233173,508.7719298245614
50,10,15,495.0,95.0,14.5,0.20003108004797668,0.7999689199520233,508.7719298245614
1,1,16,5.0,5.0,15.5,0.66434525292398,0.33565474707602005,473.6842105263157
2,1,16,15.0,5.0,15.5,0.6550444553956316,0.3449555446043684,473.6842105263157
3,1,16,25.0,5.0,15.5,0.6443579205524634,0.35564207944753656,473.6842105263157
4,1,16,35.0,5.0,15.5,0.6333394293469786,0.3666605706530214,473.6842105263157
5,1,16,45.0,5.0,15.5,0.6225180405104528,0.3774819594895472,473.6842105263157
6,1,16,55.0,5.0,15.5,0.6121288885524492,0.3878711114475508,473.6842105263157
7,1,16,65.0,5.0,15.5,0.6022530449736434,0.3977469550263566,473.6842105263157
8,1,16,75.0,5.0,15.5,0.5928957527765868,0.4071042472234132,473.6842105263157
9,1,16,85.0,5.0,15.5,0.5840296658924938,0.41597033410750617,473.6842105263157
10,1,16,95.0,5.0,15.5,0.5756194705320307,0.42438052946796934,473.6842105263157
11,1,16,105.0,5.0,15.5,0.5676360949284438,0.4323639050715562,473.6842105263157
12,1,16,115.0,5.0,15.5,0.5600613995262947,0.43993860047370525,473.6842105263157
13,1,16,125.0,5.0,15.5,0.5529027125727572,0.44709728742724275,473.6842105263157
14,1,16,135.0,5.0,15.5,0.5461831227037484,0.45381687729625164,473.6842105263157
15,1,16,145.0,5.0,15.5,0.5399420603599185,0.46005793964008146,473.6842105263157
16,1,16,155.0,5.0,15.5,0.5341976289767928,0.4658023710232072,473.6842105263157
17,1,16,165.0,5.0,15.5,0.5289058103537108,0.47109418964628924,473.6842105263157
18,1,16,175.0,5.0,15.5,0.523933546995862,0.47606645300413797,473.6842105263157
19,1,16,185.0,5.0,15.5,0.5190807339644543,0.4809192660355457,473.6842105263157
20,1,16,195.0,5.0,15.5,0.5142572756396443,0.4857427243603557,473.6842105263157
21,1,16,205.0,5.0,15.5,0.5094924121771998,0.49050758782280024,473.6842105263157
22,1,16,215.0,5.0,15.5,0.5048490654604102,0.4951509345395898,473.6842105263157
23,1,16,225.0,5.0,15.5,0.5003332949364284,0.4996667050635716,473.6842105263157
24,1,16,235.0,5.0,15.5,0.495812649165163,0.504187350834837,473.6842105263157
25,1,16,245.0,5.0,15.5,0.49110819809722117,0.5088918019027788,473.6842105263157
26,1,16,255.0,5.0,15.5,0.4861599398272154,0.5138400601727846,473.6842105263157
27,1,16,265.0,5.0,15.5,0.4810099706353272,0.5189900293646728,473.6842105263157
28,1,16,275.0,5.0,15.5,0.4755878422759922,0.5244121577240077,473.6842105263157
29,1,16,285.0,5.0,15.5,0.46957062939325117,0.5304293706067489,473.6842105263157
30,1,16,295.0,5.0,15.5,0.46253323729494744,0.5374667627050526,473.6842105263157
31,1,16,305.0,5.0,15.5,0.45416886443894783,0.5458311355610521,473.6842105263157
32,1,16,315.0,5.0,15.5,0.4441123689628665,0.5558876310371335,473.6842105263157
33,1,16,325.0,5.0,15.5,0.4313618335237444,0.5686381664762556,473.6842105263157
34,1,16,335.0,5.0,15.5,0.4138233958999615,0.5861766041000385,473.6842105263157
35,1,16,345.0,5.0,15.5,0.3886803504240145,0.6113196495759855,473.6842105263157
36,1,16,355.0,5.0,15.5,0.35377805993879075,0.6462219400612093,473.6842105263157
37,1,16,365.0,5.0,15.5,0.3101577757604046,0.6898422242395954,473.6842105263157
38,1,16,375.0,5.0,15.5,0.2654744901075598,0.7345255098924401,473.6842105263157
39,1,16,385.0,5.0,15.5,0.23113096731484967,0.7688690326851504,473.6842105263157
40,1,16,395.0,5.0,15.5,0.2114512255387796,0.7885487744612204,473.6842105263157
41,1,16,405.0,5.0,15.5,0.20287116142190215,0.7971288385780979,473.6842105263157
42,1,16,415.0,5.0,15.5,0.20041640847563855,0.7995835915243614,473.6842105263157
43,1,16,425.0,5.0,15.5,0.20005059836699013,0.7999494016330099,473.6842105263157
44,1,16,435.0,5.0,15.5,0.20002972090450946,0.7999702790954906,473.6842105263157
45,1,16,445.0,5.0,15.5,0.20002923241220705,0.799970767587793,473.6842105263157
46,1,16,455.0,5.0,15.5,0.20002970919726973,0.7999702908027303,473.6842105263157
47,1,16,465.0,5.0,15.5,0.20003020490862744,0.7999697950913726,473.6842105263157
48,1,16,475.0,5.0,15.5,0.20003067527892948,0.7999693247210705,473.6842105263157
49,1,16,485.0,5.0,15.5,0.2000310837865177,0.7999689162134823,473.6842105263157
50,1,16,495.0,5.0,15.5,0.2000313634810054,0.7999686365189946,473.6842105263157
1,2,16,5.0,15.0,15.5,0.7215747895858472,0.2784252104141528,473.6842105263157
2,2,16,15.0,15.0,15.5,0.7098124509351617,0.29018754906483835,473.6842105263157
3,2,16,25.0,15.0,15.5,0.6966896581740498,0.3033103418259502,473.6842105263157
4,2,16,35.0,15.0,15.5,0.6835136038761157,0.3164863961238843,473.6842105263157
5,2,16,45.0,15.0,15.5,0.6708939711940588,0.3291060288059412,473.6842105263157
6,2,16,55.0,15.0,15.5,0.6590650233883104,0.3409349766116896,473.6842105263157
7,2,16,65.0,15.0,15.5,0.648058955486043,0.351941044513957,473.6842105263157
8,2,16,75.0,15.0,15.5,0.6378328522964959,0.3621671477035041,473.6842105263157
9,2,16,85.0,15.0,15.5,0.6283118158984292,0.3716881841015708,473.6842105263157
10,2,16,95.0,15.0,15.5,0.6194167431549704,0.3805832568450296,473.6842105263157
11,2,16,105.0,15.0,15.5,0.6110769428315214,0.38892305716847864,473.6842105263157
12,2,16,115.0,15.0,15.5,0.6032340679778665,0.3967659320221335,473.6842105263157
13,2,16,125.0,15.0,15.5,0.5958373608957306,0.4041626391042694,473.6842105263157
14,2,16,135.0,15.0,15.5,0.588854752508858,0.411145247491142,473.6842105263157
15,2,16,145.0,15.0,15.5,0.5822528090248604,0.41774719097513957,473.6842105263157
16,2,16,155.0,15.0,15.5,0.576004999002425,0.42399500099757503,473.6842105263157
17,2,16,165.0,15.0,15.5,0.5700763676630493,0.42992363233695075,473.6842105263157
18,2,16,175.0,15.0,15.5,0.5644242097419655,0.4355757902580345,473.6842105263157
19,2,16,185.0,15.0,15.5,0.5590112976594476,0.44098870234055243,473.6842105263157
20,2,16,195.0,15.0,15.5,0.5538270946055578,0.4461729053944422,473.6842105263157
21,2,16,205.0,15.0,15.5,0.5488921060369797,0.4511078939630203,473.6842105263157
22,2,16,215.0,15.0,15.5,0.5442159461299323,0.4557840538700677,473.6842105263157
23,2,16,225.0,15.0,15.5,0.5397243400511694,0.4602756599488306,473.6842105263157
24,2,16,235.0,15.0,15.5,0.5352876412774101,0.46471235872258987,473.6842105263157
25,2,16,245.0,15.0,15.5,0.5308153512794018,0.4691846487205982,473.6842105263157
26,2,16,255.0,15.0,15.5,0.526270744801461,0.47372925519853903,473.6842105263157
27,2,16,265.0,15.0,15.5,0.5216860788576394,0.4783139211423606,473.6842105263157
28,2,16,275.0,15.0,15.5,0.5170739025763806,0.48292609742361936,473.6842105263157
29,2,16,285.0,15.0,15.5,0.5123568180490554,0.4876431819509446,473.6842105263157
30,2,16,295.0,15.0,15.5,0.507399072281526,0.49260092771847397,473.6842105263157
31,2,16,305.0,15.0,15.5,0.5021171262327807,0.4978828737672193,473.6842105263157
32,2,16,315.0,15.0,15.5,0.4965098219317497,0.5034901780682504,473.6842105263157
33,2,16,325.0,15.0,15.5,0.4905137153678961,0.5094862846321039,473.6842105263157
34,2,16,335.0,15.0,15.5,0.4838549341718038,0.5161450658281962,473.6842105263157
35,2,16,345.0,15.0,15.5,0.47608238021544613,0.5239176197845539,473.6842105263157
36,2,16,355.0,15.0,15.5,0.4667611860458454,0.5332388139541546,473.6842105263157
37,2,16,365.0,15.0,15.5,0.45543005008933685,0.5445699499106631,473.6842105263157
38,2,16,375.0,15.0,15.5,0.4410175977577482,0.5589824022422518,473.6842105263157
39,2,16,385.0,15.0,15.5,0.42108330620129875,0.5789166937987013,473.6842105263157
40,2,16,395.0,15.0,15.5,0.39173836852621535,0.6082616314737846,473.6842105263157
41,2,16,405.0,15.0,15.5,0.3492652537679162,0.6507347462320838,473.6842105263157
42,2,16,415.0,15.0,15.5,0.29481820193662933,0.7051817980633707,473.6842105263157
43,2,16,425.0,15.0,15.5,0.24234067132175274,0.7576593286782473,473.6842105263157
44,2,16,435.0,15.0,15.5,0.2110214217843485,0.7889785782156515,473.6842105263157
45,2,16,445.0,15.0,15.5,0.20128160754493174,0.7987183924550683,473.6842105263157
46,2,16,455.0,15.0,15.5,0.20007290206674644,0.7999270979332536,473.6842105263157
47,2,16,465.0,15.0,15.5,0.20003101996248424,0.7999689800375158,473.6842105263157
48,2,16,475.0,15.0,15.5,0.20003072921829537,0.7999692707817047,473.6842105263157
49,2,16,485.0,15.0,15.5,0.20003116606041757,0.7999688339395824,473.6842105263157
50,2,16,495.0,15.0,15.5,0.20003149462555084,0.7999685053744492,473.6842105263157
1,3,16,5.0,25.0,15.5,0.7550203845853666,0.24497961541463342,473.6842105263157
2,3,16,15.0,25.0,15.5,0.7416073776384395,0.25839262236156046,473.6842105263157
3,3,16,25.0,25.0,15.5,0.7267015093814922,0.27329849061850775,473.6842105263157
4,3,16,35.0,25.0,15.5,0.7118219605349768,0.2881780394650232,473.6842105263157
5,3,16,45.0,25.0,15.5,0.6977199886174026,0.3022800113825974,473.6842105263157
6,3,16,55.0,25.0,15.5,0.6846540184715357,0.31534598152846427,473.6842105263157
7,3,16,65.0,25.0,15.5,0.6726319353835555,0.3273680646164445,473.6842105263157
8,3,16,75.0,25.0,15.5,0.6615603877120444,0.3384396122879556,473.6842105263157
9,3,16,85.0,25.0,15.5,0.6513394747530536,0.34866052524694635,473.6842105263157
10,3,16,95.0,25.0,15.5,0.6418364131737739,0.35816358682622607,473.6842105263157
11,3,16,105.0,25.0,15.5,0.632942549575576,0.36705745042442395,473.6842105263157
12,3,16,115.0,25.0,15.5,0.6245708329283494,0.37542916707165064,473.6842105263157
13,3,16,125.0,25.0,15.5,0.6166559971041811,0.38334400289581894,473.6842105263157
14,3,16,135.0,25.0,15.5,0.6091462431139023,0.3908537568860977,473.6842105263157
15,3,16,145.0,25.0,15.5,0.6019919327646486,0.3980080672353514,473.6842105263157
16,3,16,155.0,25.0,15.5,0.5951505151172157,0.40484948488278427,473.6842105263157
17,3,16,165.0,25.0,15.5,0.5885866135424169,0.4114133864575831,473.6842105263157
18,3,16,175.0,25.0,15.5,0.5822700148814701,0.4177299851185299,473.6842105263157
19,3,16,185.0,25.0,15.5,0.5761888310048985,0.4238111689951015,473.6842105263157
20,3,16,195.0,25.0,15.5,0.5703472148834573,0.4296527851165427,473.6842105263157
21,3,16,205.0,25.0,15.5,0.5647671029615823,0.4352328970384177,473.6842105263157
22,3,16,215.0,25.0,15.5,0.5594741169464253,0.44052588305357465,473.6842105263157
23,3,16,225.0,25.0,15.5,0.5544720820166263,0.44552791798337366,473.6842105263157
24,3,16,235.0,25.0,15.5,0.5497214608745385,0.45027853912546145,473.6842105263157
25,3,16,245.0,25.0,15.5,0.5451328720495539,0.45486712795044615,473.6842105263157
26,3,16,255.0,25.0,15.5,0.5405947766742887,0.4594052233257113,473.6842105263157
27,3,16,265.0,25.0,15.5,0.5360487797964631,0.46395122020353685,473.6842105263157
28,3,16,275.0,25.0,15.5,0.531436749864375,0.46856325013562505,473.6842105263157
29,3,16,285.0,25.0,15.5,0.5267228558669715,0.47327714413302846,473.6842105263157
30,3,16,295.0,25.0,15.5,0.5218974567227478,0.4781025432772522,473.6842105263157
31,3,16,305.0,25.0,15.5,0.5169584573445846,0.48304154265541543,473.6842105263157
32,3,16,315.0,25.0,15.5,0.5118686170962159,0.4881313829037841,473.6842105263157
33,3,16,325.0,25.0,15.5,0.5065240537927083,0.49347594620729174,473.6842105263157
34,3,16,335.0,25.0,15.5,0.5008038906905312,0.4991961093094688,473.6842105263157
35,3,16,345.0,25.0,15.5,0.4946145039213737,0.5053854960786264,473.6842105263157
36,3,16,355.0,25.0,15.5,0.4878321931239714,0.5121678068760286,473.6842105263157
37,3,16,365.0,25.0,15.5,0.4801694082350363,0.5198305917649637,473.6842105263157
38,3,16,375.0,25.0,15.5,0.4711035725940036,0.5288964274059964,473.6842105263157
39,3,16,385.0,25.0,15.5,0.4599743669183856,0.5400256330816144,473.6842105263157
40,3,16,395.0,25.0,15.5,0.4458471621402753,0.5541528378597247,473.6842105263157
41,3,16,405.0,25.0,15.5,0.426799238928136,0.573200761071864,473.6842105263157
42,3,16,415.0,25.0,15.5,0.39894913230026163,0.6010508676997384,473.6842105263157
43,3,16,425.0,25.0,15.5,0.3569767807598094,0.6430232192401906,473.6842105263157
44,3,16,435.0,25.0,15.5,0.29924984595364024,0.7007501540463598,473.6842105263157
45,3,16,445.0,25.0,15.5,0.24125318392980716,0.7587468160701929,473.6842105263157
46,3,16,455.0,25.0,15.5,0.20900600625543045,0.7909939937445696,473.6842105263157
47,3,16,465.0,25.0,15.5,0.20073946744851984,0.7992605325514801,473.6842105263157
48,3,16,475.0,25.0,15.5,0.20004868048021995,0.79995131951978,473.6842105263157
49,3,16,485.0,25.0,15.5,0.2000316339710928,0.7999683660289072,473.6842105263157
50,3,16,495.0,25.0,15.5,0.20003172579217768,0.7999682742078223,473.6842105263157
1,4,16,5.0,35.0,15.5,0.7776607391527803,0.22233926084721967,473.6842105263157
2,4,16,15.0,35.0,15.5,0.7638272482589382,0.23617275174106178,473.6842105263157
3,4,16,25.0,35.0,15.5,0.7478014240925992,0.2521985759074008,473.6842105263157
4,4,16,35.0,35.0,15.5,0.7315796017902507,0.2684203982097493,473.6842105263157
5,4,16,45.0,35.0,15.5,0.7162327500970892,0.2837672499029108,473.6842105263157
6,4,16,55.0,35.0,15.5,0.7022386233926602,0.2977613766073398,473.6842105263157
7,4,16,65.0,35.0,15.5,0.6894897507852683,0.3105102492147317,473.6842105263157
8,4,16,75.0,35.0,15.5,0.6778146564026964,0.32218534359730355,473.6842105263157
9,4,16,85.0,35.0,15.5,0.6670330213858362,0.3329669786141638,473.6842105263157
10,4,16,95.0,35.0,15.5,0.6570227005603276,0.34297729943967237,473.6842105263157
11,4,16,105.0,35.0,15.5,0.6476715745137767,0.35232842548622334,473.6842105263157
12,4,16,115.0,35.0,15.5,0.6388810449279291,0.3611189550720709,473.6842105263157
13,4,16,125.0,35.0,15.5,0.6305653732718675,0.36943462672813254,473.6842105263157
14,4,16,135.0,35.0,15.5,0.6226539282403568,0.3773460717596432,473.6842105263157
15,4,16,145.0,35.0,15.5,0.6150858886821073,0.38491411131789266,473.6842105263157
16,4,16,155.0,35.0,15.5,0.6078242796841657,0.39217572031583425,473.6842105263157
17,4,16,165.0,35.0,15.5,0.6008303267563884,0.39916967324361163,473.6842105263157
18,4,16,175.0,35.0,15.5,0.5940847809908455,0.4059152190091545,473.6842105263157
19,4,16,185.0,35.0,15.5,0.5875706516136248,0.41242934838637524,473.6842105263157
20,4,16,195.0,35.0,15.5,0.5812833999869205,0.41871660001307953,473.6842105263157
21,4,16,205.0,35.0,15.5,0.5752310054134718,0.42476899458652817,473.6842105263157
22,4,16,215.0,35.0,15.5,0.569432043244083,0.43056795675591697,473.6842105263157
23,4,16,225.0,35.0,15.5,0.5639111555059096,0.43608884449409036,473.6842105263157
24,4,16,235.0,35.0,15.5,0.5586901876870688,0.4413098123129312,473.6842105263157
25,4,16,245.0,35.0,15.5,0.5537689241092043,0.4462310758907957,473.6842105263157
26,4,16,255.0,35.0,15.5,0.5490990073109994,0.45090099268900063,473.6842105263157
27,4,16,265.0,35.0,15.5,0.5445588222071286,0.4554411777928714,473.6842105263157
28,4,16,275.0,35.0,15.5,0.5400169623843464,0.4599830376156536,473.6842105263157
29,4,16,285.0,35.0,15.5,0.5353897868756393,0.4646102131243607,473.6842105263157
30,4,16,295.0,35.0,15.5,0.5306293433942526,0.4693706566057474,473.6842105263157
31,4,16,305.0,35.0,15.5,0.5257406208913558,0.47425937910864424,473.6842105263157
32,4,16,315.0,35.0,15.5,0.5207452167170591,0.4792547832829409,473.6842105263157
33,4,16,325.0,35.0,15.5,0.5156243460730563,0.4843756539269437,473.6842105263157
34,4,16,335.0,35.0,15.5,0.5102893151809451,0.4897106848190549,473.6842105263157
35,4,16,345.0,35.0,15.5,0.5046085425615969,0.49539145743840307,473.6842105263157
36,4,16,355.0,35.0,15.5,0.4984738555493554,0.5015261444506446,473.6842105263157
37,4,16,365.0,35.0,15.5,0.49178870178924955,0.5082112982107505,473.6842105263157
38,4,16,375.0,35.0,15.5,0.4843439658685049,0.5156560341314951,473.6842105263157
39,4,16,385.0,35.0,15.5,0.4757000026834635,0.5242999973165365,473.6842105263157
40,4,16,395.0,35.0,15.5,0.4651923476151177,0.5348076523848824,473.6842105263157
41,4,16,405.0,35.0,15.5,0.4519695831091293,0.5480304168908707,473.6842105263157
42,4,16,415.0,35.0,15.5,0.4345433989371512,0.5654566010628488,473.6842105263157
43,4,16,425.0,35.0,15.5,0.40974459666958474,0.5902554033304153,473.6842105263157
44,4,16,435.0,35.0,15.5,0.37231381792122203,0.627686182078778,473.6842105263157
45,4,16,445.0,35.0,15.5,0.3180818762945979,0.6819181237054022,473.6842105263157
46,4,16,455.0,35.0,15.5,0.25652865946895137,0.7434713405310487,473.6842105263157
47,4,16,465.0,35.0,15.5,0.21552508803355516,0.7844749119664448,473.6842105263157
48,4,16,475.0,35.0,15.5,0.20216892418293933,0.7978310758170607,473.6842105263157
49,4,16,485.0,35.0,15.5,0.2001920816152185,0.7998079183847815,473.6842105263157
50,4,16,495.0,35.0,15.5,0.20003779704662775,0.7999622029533723,473.6842105263157
1,5,16,5.0,45.0,15.5,0.7932700260936814,0.20672997390631864,473.6842105263157
2,5,16,15.0,45.0,15.5,0.7812767555779677,0.21872324442203228,473.6842105263157
3,5,16,25.0,45.0,15.5,0.7652387768894287,0.23476122311057135,473.6842105263157
4,5,16,35.0,45.0,15.5,0.7483605914389908,0.2516394085610092,473.6842105263157
5,5,16,45.0,45.0,15.5,0.732379654672901,0.267620345327099,473.6842105263157
6,5,16,55.0,45.0,15.5,0.7176142368596082,0.28238576314039177,473.6842105263157
7,5,16,65.0,45.0,15.5,0.7041570566644357,0.29584294333556427,473.6842105263157
8,5,16,75.0,45.0,15.5,0.69189162725505,0.30810837274494995,473.6842105263157
9,5,16,85.0,45.0,15.5,0.6806499531340698,0.31935004686593016,473.6842105263157
10,5,16,95.0,45.0,15.5,0.6702698802114933,0.32973011978850675,473.6842105263157
11,5,16,105.0,45.0,15.5,0.6606122702918328,0.3393877297081672,473.6842105263157
12,5,16,115.0,45.0,15.5,0.6515648927034978,0.3484351072965022,473.6842105263157
13,5,16,125.0,45.0,15.5,0.6430344189228954,0.35696558107710463,473.6842105263157
14,5,16,135.0,45.0,15.5,0.6349428194243671,0.36505718057563286,473.6842105263157
15,5,16,145.0,45.0,15.5,0.6272315071887125,0.37276849281128754,473.6842105263157
16,5,16,155.0,45.0,15.5,0.6198436348427032,0.3801563651572968,473.6842105263157
17,5,16,165.0,45.0,15.5,0.6127386245919046,0.38726137540809535,473.6842105263157
18,5,16,175.0,45.0,15.5,0.6058762683810943,0.3941237316189057,473.6842105263157
19,5,16,185.0,45.0,15.5,0.5992328554522226,0.4007671445477774,473.6842105263157
20,5,16,195.0,45.0,15.5,0.5927929155176261,0.40720708448237386,473.6842105263157
21,5,16,205.0,45.0,15.5,0.5865579864817354,0.4134420135182646,473.6842105263157
22,5,16,215.0,45.0,15.5,0.5805407476764448,0.4194592523235552,473.6842105263157
23,5,16,225.0,45.0,15.5,0.5747630053907061,0.4252369946092939,473.6842105263157
24,5,16,235.0,45.0,15.5,0.569253239876038,0.43074676012396196,473.6842105263157
25,5,16,245.0,45.0,15.5,0.5640350908793945,0.4359649091206055,473.6842105263157
26,5,16,255.0,45.0,15.5,0.5591048240960149,0.4408951759039851,473.6842105263157
27,5,16,265.0,45.0,15.5,0.5544023039420574,0.44559769605794264,473.6842105263157
28,5,16,275.0,45.0,15.5,0.5497974408066505,0.4502025591933495,473.6842105263157
29,5,16,285.0,45.0,15.5,0.5451564508354534,0.4548435491645466,473.6842105263157
30,5,16,295.0,45.0,15.5,0.540405581874782,0.45959441812521795,473.6842105263157
31,5,16,305.0,45.0,15.5,0.5355031269620125,0.4644968730379875,473.6842105263157
32,5,16,315.0,45.0,15.5,0.530451995226357,0.469548004773643,473.6842105263157
33,5,16,325.0,45.0,15.5,0.5252780222076341,0.4747219777923659,473.6842105263157
34,5,16,335.0,45.0,15.5,0.5199733354008599,0.4800266645991401,473.6842105263157
35,5,16,345.0,45.0,15.5,0.5144518375004332,0.4855481624995668,473.6842105263157
36,5,16,355.0,45.0,15.5,0.5085655395663873,0.4914344604336127,473.6842105263157
37,5,16,365.0,45.0,15.5,0.5021750286583824,0.49782497134161763,473.6842105263157
38,5,16,375.0,45.0,15.5,0.4951647770523576,0.5048352229476424,473.6842105263157
39,5,16,385.0,45.0,15.5,0.4873235170850223,0.5126764829149777,473.6842105263157
40,5,16,395.0,45.0,15.5,0.4781716798351903,0.5218283201648097,473.6842105263157
41,5,16,405.0,45.0,15.5,0.4669215624725596,0.5330784375274404,473.6842105263157
42,5,16,415.0,45.0,15.5,0.4525052927381292,0.5474947072618708,473.6842105263157
43,5,16,425.0,45.0,15.5,0.43310523582798116,0.5668947641720188,473.6842105263157
44,5,16,435.0,45.0,15.5,0.40497992382619136,0.5950200761738087,473.6842105263157
45,5,16,445.0,45.0,15.5,0.36255853117826065,0.6374414688217394,473.6842105263157
46,5,16,455.0,45.0,15.5,0.3043886318874509,0.6956113681125491,473.6842105263157
47,5,16,465.0,45.0,15.5,0.24561498562779524,0.7543850143722047,473.6842105263157
48,5,16,475.0,45.0,15.5,0.21209763549114474,0.7879023645088552,473.6842105263157
49,5,16,485.0,45.0,15.5,0.20251148134418367,0.7974885186558163,473.6842105263157
50,5,16,495.0,45.0,15.5,0.20053799303323444,0.7994620069667655,473.6842105263157
1,6,16,5.0,55.0,15.5,0.7786476473942696,0.22135235260573038,473.6842105263157
2,6,16,15.0,55.0,15.5,0.7655468176793634,0.2344531823206366,473.6842105263157
3,6,16,25.0,55.0,15.5,0.7503249595345193,0.24967504046548072,473.6842105263157
4,6,16,35.0,55.0,15.5,0.734788325748391,0.26521167425160896,473.6842105263157
5,6,16,45.0,55.0,15.5,0.7199601468153787,0.2800398531846213,473.6842105263157
6,6,16,55.0,55.0,15.5,0.7062031915266174,0.29379680847338263,473.6842105263157
7,6,16,65.0,55.0,15.5,0.6935520452599071,0.3064479547400929,473.6842105263157
8,6,16,75.0,55.0,15.5,0.6819061745014683,0.3180938254985317,473.6842105263157
9,6,16,85.0,55.0,15.5,0.6711417728214897,0.3288582271785103,473.6842105263157
10,6,16,95.0,55.0,15.5,0.6611303779726923,0.33886962202730775,473.6842105263157
11,6,16,105.0,55.0,15.5,0.6517607882797274,0.3482392117202726,473.6842105263157
12,6,16,115.0,55.0,15.5,0.6429383651551503,0.35706163484484965,473.6842105263157
13,6,16,125.0,55.0,15.5,0.6345829895394833,0.36541701046051667,473.6842105263157
14,6,16,135.0,55.0,15.5,0.6266299881202448,0.37337001187975516,473.6842105263157
15,6,16,145.0,55.0,15.5,0.6190237097327744,0.38097629026722557,473.6842105263157
16,6,16,155.0,55.0,15.5,0.6117165253641128,0.3882834746358872,473.6842105263157
17,6,16,165.0,55.0,15.5,0.6046742841179942,0.3953257158820058,473.6842105263157
18,6,16,175.0,55.0,15.5,0.5978683443776054,0.4021316556223946,473.6842105263157
19,6,16,185.0,55.0,15.5,0.5912796083684203,0.4087203916315797,473.6842105263157
20,6,16,195.0,55.0,15.5,0.5849029987686324,0.4150970012313676,473.6842105263157
21,6,16,205.0,55.0,15.5,0.5787417245152878,0.4212582754847122,473.6842105263157
22,6,16,215.0,55.0,15.5,0.5728121511315769,0.4271878488684231,473.6842105263157
23,6,16,225.0,55.0,15.5,0.5671467257239373,0.4328532742760627,473.6842105263157
24,6,16,235.0,55.0,15.5,0.5617816058524903,0.43821839414750974,473.6842105263157
25,6,16,245.0,55.0,15.5,0.5567373324644054,0.4432626675355946,473.6842105263157
26,6,16,255.0,55.0,15.5,0.5519860635825677,0.44801393641743226,473.6842105263157
27,6,16,265.0,55.0,15.5,0.5474204737913998,0.4525795262086002,473.6842105263157
28,6,16,275.0,55.0,15.5,0.5428765025808966,0.4571234974191034,473.6842105263157
29,6,16,285.0,55.0,15.5,0.5382507018938915,0.46174929810610854,473.6842105263157
30,6,16,295.0,55.0,15.5,0.5334793369193053,0.46652066308069473,473.6842105263157
31,6,16,305.0,55.0,15.5,0.5285528418395469,0.47144715816045313,473.6842105263157
32,6,16,315.0,55.0,15.5,0.5234992776838304,0.4765007223161696,473.6842105263157
33,6,16,325.0,55.0,15.5,0.5183288447070302,0.4816711552929698,473.6842105263157
34,6,16,335.0,55.0,15.5,0.5129787262866253,0.48702127371337467,473.6842105263157
35,6,16,345.0,55.0,15.5,0.507313488343507,0.492686511656493,473.6842105263157
36,6,16,355.0,55.0,15.5,0.5011912475525757,0.4988087524474243,473.6842105263157
37,6,16,365.0,55.0,15.5,0.4945034795319333,0.5054965204680667,473.6842105263157
38,6,16,375.0,55.0,15.5,0.48708535726561125,0.5129146427343887,473.6842105263157
39,6,16,385.0,55.0,15.5,0.47852892477960307,0.5214710752203969,473.6842105263157
40,6,16,395.0,55.0,15.5,0.468131655120288,0.531868344879712,473.6842105263157
41,6,16,405.0,55.0,15.5,0.45490108479547114,0.5450989152045289,473.6842105263157
42,6,16,415.0,55.0,15.5,0.43720647578240934,0.5627935242175907,473.6842105263157
43,6,16,425.0,55.0,15.5,0.4117269540165851,0.5882730459834149,473.6842105263157
44,6,16,435.0,55.0,15.5,0.3728577977469472,0.6271422022530528,473.6842105263157
45,6,16,445.0,55.0,15.5,0.31648846362148714,0.6835115363785129,473.6842105263157
46,6,16,455.0,55.0,15.5,0.253371086032281,0.746628913967719,473.6842105263157
47,6,16,465.0,55.0,15.5,0.2127564360133198,0.7872435639866802,473.6842105263157
48,6,16,475.0,55.0,15.5,0.2013194369097411,0.7986805630902589,473.6842105263157
49,6,16,485.0,55.0,15.5,0.20009445007983873,0.7999055499201613,473.6842105263157
50,6,16,495.0,55.0,15.5,0.20003389907173147,0.7999661009282686,473.6842105263157
1,7,16,5.0,65.0,15.5,0.758348570492091,0.24165142950790897,473.6842105263157
2,7,16,15.0,65.0,15.5,0.7458249245450981,0.2541750754549019,473.6842105263157
3,7,16,25.0,65.0,15.5,0.7317339343441225,0.2682660656558775,473.6842105263157
4,7,16,35.0,65.0,15.5,0.7174731398003574,0.28252686019964257,473.6842105263157
5,7,16,45.0,65.0,15.5,0.703795561516066,0.29620443848393396,473.6842105263157
6,7,16,55.0,65.0,15.5,0.6909987079935074,0.3090012920064926,473.6842105263157
7,7,16,65.0,65.0,15.5,0.6791401978361671,0.3208598021638329,473.6842105263157
8,7,16,75.0,65.0,15.5,0.668155710689069,0.331844289310931,473.6842105263157
9,7,16,85.0,65.0,15.5,0.6579533173143761,0.3420466826856239,473.6842105263157
10,7,16,95.0,65.0,15.5,0.6484321594668971,0.35156784053310286,473.6842105263157
11,7,16,105.0,65.0,15.5,0.639498957665586,0.36050104233441405,473.6842105263157
12,7,16,115.0,65.0,15.5,0.6310730634864916,0.3689269365135084,473.6842105263157
13,7,16,125.0,65.0,15.5,0.6230860054629879,0.37691399453701213,473.6842105263157
14,7,16,135.0,65.0,15.5,0.6154744312625106,0.38452556873748944,473.6842105263157
15,7,16,145.0,65.0,15.5,0.6081937844108884,0.39180621558911155,473.6842105263157
16,7,16,155.0,65.0,15.5,0.6011976927285594,0.3988023072714406,473.6842105263157
17,7,16,165.0,65.0,15.5,0.59446052358933,0.40553947641067,473.6842105263157
18,7,16,175.0,65.0,15.5,0.5879598895856144,0.4120401104143856,473.6842105263157
19,7,16,185.0,65.0,15.5,0.5816883908936398,0.4183116091063602,473.6842105263157
20,7,16,195.0,65.0,15.5,0.5756506279351615,0.42434937206483847,473.6842105263157
21,7,16,205.0,65.0,15.5,0.5698583723696606,0.43014162763033936,473.6842105263157
22,7,16,215.0,65.0,15.5,0.564330807351234,0.435669192648766,473.6842105263157
23,7,16,225.0,65.0,15.5,0.5590902331284309,0.44090976687156913,473.6842105263157
24,7,16,235.0,65.0,15.5,0.5541464941458943,0.44585350585410566,473.6842105263157
25,7,16,245.0,65.0,15.5,0.5494647147500447,0.45053528524995534,473.6842105263157
26,7,16,255.0,65.0,15.5,0.5449346994886907,0.45506530051130933,473.6842105263157
27,7,16,265.0,65.0,15.5,0.5404198247264834,0.4595801752735166,473.6842105263157
28,7,16,275.0,65.0,15.5,0.5358354137506927,0.46416458624930734,473.6842105263157
29,7,16,285.0,65.0,15.5,0.5311287620112407,0.4688712379887593,473.6842105263157
30,7,16,295.0,65.0,15.5,0.5262986431240904,0.47370135687590964,473.6842105263157
31,7,16,305.0,65.0,15.5,0.5213623645699095,0.4786376354300905,473.6842105263157
32,7,16,315.0,65.0,15.5,0.5163030880397151,0.48369691196028486,473.6842105263157
33,7,16,325.0,65.0,15.5,0.5110419360964923,0.4889580639035077,473.6842105263157
34,7,16,335.0,65.0,15.5,0.5054558908786314,0.4945441091213686,473.6842105263157
35,7,16,345.0,65.0,15.5,0.4994355052138679,0.5005644947861321,473.6842105263157
36,7,16,355.0,65.0,15.5,0.4928790228229213,0.5071209771770787,473.6842105263157
37,7,16,365.0,65.0,15.5,0.48558297798682315,0.5144170220131769,473.6842105263157
38,7,16,375.0,65.0,15.5,0.4771289961113614,0.5228710038886386,473.6842105263157
39,7,16,385.0,65.0,15.5,0.4668641386616699,0.5331358613383301,473.6842105263157
40,7,16,395.0,65.0,15.5,0.4538706088763998,0.5461293911236003,473.6842105263157
41,7,16,405.0,65.0,15.5,0.43639196684312576,0.5636080331568742,473.6842105263157
42,7,16,415.0,65.0,15.5,0.41097699882284805,0.589023001177152,473.6842105263157
43,7,16,425.0,65.0,15.5,0.37203182197690116,0.6279681780230988,473.6842105263157
44,7,16,435.0,65.0,15.5,0.3151306164845127,0.6848693835154873,473.6842105263157
45,7,16,445.0,65.0,15.5,0.25121660505130056,0.7487833949486995,473.6842105263157
46,7,16,455.0,65.0,15.5,0.21098993442055675,0.7890100655794432,473.6842105263157
47,7,16,465.0,65.0,15.5,0.2007302602769729,0.7992697397230271,473.6842105263157
48,7,16,475.0,65.0,15.5,0.20004217375331074,0.7999578262466893,473.6842105263157
49,7,16,485.0,65.0,15.5,0.20003127832761314,0.7999687216723869,473.6842105263157
50,7,16,495.0,65.0,15.5,0.2000314996854874,0.7999685003145126,473.6842105263157
1,8,16,5.0,75.0,15.5,0.7307725846327743,0.2692274153672257,473.6842105263157
2,8,16,15.0,75.0,15.5,0.7197595682443593,0.28024043175564073,473.6842105263157
3,8,16,25.0,75.0,15.5,0.7072660770482779,0.29273392295172207,473.6842105263157
4,8,16,35.0,75.0,15.5,0.6945336256603821,0.3054663743396179,473.6842105263157
5,8,16,45.0,75.0,15.5,0.6822033303799395,0.3177966696200605,473.6842105263157
6,8,16,55.0,75.0,15.5,0.6705515301902547,0.3294484698097453,473.6842105263157
7,8,16,65.0,75.0,15.5,0.659655866518271,0.340344133481729,473.6842105263157
8,8,16,75.0,75.0,15.5,0.6494924552577397,0.3505075447422603,473.6842105263157
9,8,16,85.0,75.0,15.5,0.6400020514078538,0.3599979485921462,473.6842105263157
10,8,16,95.0,75.0,15.5,0.6311145421001517,0.3688854578998483,473.6842105263157
11,8,16,105.0,75.0,15.5,0.6227592758172117,0.3772407241827883,473.6842105263157
12,8,16,115.0,75.0,15.5,0.6148706736140008,0.38512932638599917,473.6842105263157
13,8,16,125.0,75.0,15.5,0.607395758225924,0.39260424177407605,473.6842105263157
14,8,16,135.0,75.0,15.5,0.6002812705311247,0.3997187294688753,473.6842105263157
15,8,16,145.0,75.0,15.5,0.5934868744975421,0.4065131255024579,473.6842105263157
16,8,16,155.0,75.0,15.5,0.5869729557368437,0.4130270442631563,473.6842105263157
17,8,16,165.0,75.0,15.5,0.580718180780608,0.419281819219392,473.6842105263157
18,8,16,175.0,75.0,15.5,0.5747157065339481,0.4252842934660519,473.6842105263157
19,8,16,185.0,75.0,15.5,0.5689731064582187,0.43102689354178125,473.6842105263157
20,8,16,195.0,75.0,15.5,0.5635049776017022,0.43649502239829785,473.6842105263157
21,8,16,205.0,75.0,15.5,0.5583146869935993,0.4416853130064007,473.6842105263157
22,8,16,215.0,75.0,15.5,0.5533834730148004,0.4466165269851996,473.6842105263157
23,8,16,225.0,75.0,15.5,0.5486695820626631,0.45133041793733686,473.6842105263157
24,8,16,235.0,75.0,15.5,0.5441045749474251,0.45589542505257485,473.6842105263157
25,8,16,245.0,75.0,15.5,0.5395991311030995,0.46040086889690046,473.6842105263157
26,8,16,255.0,75.0,15.5,0.5350951848735747,0.46490481512642534,473.6842105263157
27,8,16,265.0,75.0,15.5,0.5305230754871538,0.46947692451284617,473.6842105263157
28,8,16,275.0,75.0,15.5,0.525845018623735,0.474154981376265,473.6842105263157
29,8,16,285.0,75.0,15.5,0.5210621490043782,0.4789378509956218,473.6842105263157
30,8,16,295.0,75.0,15.5,0.5161795248230697,0.4838204751769303,473.6842105263157
31,8,16,305.0,75.0,15.5,0.511143846115531,0.488856153884469,473.6842105263157
32,8,16,315.0,75.0,15.5,0.5058302146184046,0.4941697853815954,473.6842105263157
33,8,16,325.0,75.0,15.5,0.500120989211757,0.49987901078824304,473.6842105263157
34,8,16,335.0,75.0,15.5,0.49394329995079356,0.5060567000492064,473.6842105263157
35,8,16,345.0,75.0,15.5,0.4871689463954071,0.5128310536045929,473.6842105263157
36,8,16,355.0,75.0,15.5,0.47945313436403,0.52054686563597,473.6842105263157
37,8,16,365.0,75.0,15.5,0.4702074501223853,0.5297925498776147,473.6842105263157
38,8,16,375.0,75.0,15.5,0.4587334751962512,0.5412665248037488,473.6842105263157
39,8,16,385.0,75.0,15.5,0.4439839483730756,0.5560160516269244,473.6842105263157
40,8,16,395.0,75.0,15.5,0.42358809870415953,0.5764119012958404,473.6842105263157
41,8,16,405.0,75.0,15.5,0.3929714495824469,0.6070285504175531,473.6842105263157
42,8,16,415.0,75.0,15.5,0.3461445517114529,0.653855448288547,473.6842105263157
43,8,16,425.0,75.0,15.5,0.28438422615149833,0.7156157738485016,473.6842105263157
44,8,16,435.0,75.0,15.5,0.22979575619188483,0.7702042438081151,473.6842105263157
45,8,16,445.0,75.0,15.5,0.20474011714861506,0.7952598828513849,473.6842105263157
46,8,16,455.0,75.0,15.5,0.2002114840605274,0.7997885159394726,473.6842105263157
47,8,16,465.0,75.0,15.5,0.20003208939666986,0.7999679106033302,473.6842105263157
48,8,16,475.0,75.0,15.5,0.20003054626326108,0.7999694537367389,473.6842105263157
49,8,16,485.0,75.0,15.5,0.20003092350173884,0.7999690764982612,473.6842105263157
50,8,16,495.0,75.0,15.5,0.20003120330291232,0.7999687966970876,473.6842105263157
1,9,16,5.0,85.0,15.5,0.6926838874033578,0.30731611259664215,473.6842105263157
2,9,16,15.0,85.0,15.5,0.6836400186380234,0.3163599813619766,473.6842105263157
3,9,16,25.0,85.0,15.5,0.6731094110605756,0.32689058893942435,473.6842105263157
4,9,16,35.0,85.0,15.5,0.662162747669148,0.33783725233085204,473.6842105263157
5,9,16,45.0,85.0,15.5,0.6513811161295662,0.3486188838704338,473.6842105263157
6,9,16,55.0,85.0,15.5,0.641042821676977,0.358957178323023,473.6842105263157
7,9,16,65.0,85.0,15.5,0.6312560373972201,0.36874396260277986,473.6842105263157
8,9,16,75.0,85.0,15.5,0.6220422627072056,0.37795773729279436,473.6842105263157
9,9,16,85.0,85.0,15.5,0.6133818032344068,0.38661819676559317,473.6842105263157
10,9,16,95.0,85.0,15.5,0.6052398197834828,0.39476018021651715,473.6842105263157
11,9,16,105.0,85.0,15.5,0.597582437592623,0.402417562407377,473.6842105263157
12,9,16,115.0,85.0,15.5,0.59037177970098,0.40962822029902,473.6842105263157
13,9,16,125.0,85.0,15.5,0.5835788489284097,0.4164211510715903,473.6842105263157
14,9,16,135.0,85.0,15.5,0.5771649727011626,0.4228350272988374,473.6842105263157
15,9,16,145.0,85.0,15.5,0.5710899785591103,0.42891002144088974,473.6842105263157
16,9,16,155.0,85.0,15.5,0.5653069438428735,0.4346930561571265,473.6842105263157
17,9,16,165.0,85.0,15.5,0.5597774367867058,0.4402225632132942,473.6842105263157
18,9,16,175.0,85.0,15.5,0.5544922265140457,0.4455077734859543,473.6842105263157
19,9,16,185.0,85.0,15.5,0.5494738453565475,0.45052615464345247,473.6842105263157
20,9,16,195.0,85.0,15.5,0.544734501923279,0.455265498076721,473.6842105263157
21,9,16,205.0,85.0,15.5,0.5402107468393803,0.4597892531606197,473.6842105263157
22,9,16,215.0,85.0,15.5,0.5357743055587809,0.4642256944412191,473.6842105263157
23,9,16,225.0,85.0,15.5,0.5313464868919205,0.46865351310807946,473.6842105263157
24,9,16,235.0,85.0,15.5,0.5268822223165438,0.4731177776834562,473.6842105263157
25,9,16,245.0,85.0,15.5,0.5223919497851305,0.4776080502148695,473.6842105263157
26,9,16,255.0,85.0,15.5,0.5178817252708797,0.4821182747291203,473.6842105263157
27,9,16,265.0,85.0,15.5,0.513295108830239,0.486704891169761,473.6842105263157
28,9,16,275.0,85.0,15.5,0.5085240557107813,0.4914759442892187,473.6842105263157
29,9,16,285.0,85.0,15.5,0.5034754100040805,0.49652458999591953,473.6842105263157
30,9,16,295.0,85.0,15.5,0.49811976339544106,0.5018802366045589,473.6842105263157
31,9,16,305.0,85.0,15.5,0.49241687515699284,0.5075831248430072,473.6842105263157
32,9,16,315.0,85.0,15.5,0.48617875341263866,0.5138212465873613,473.6842105263157
33,9,16,325.0,85.0,15.5,0.4790353639022363,0.5209646360977638,473.6842105263157
34,9,16,335.0,85.0,15.5,0.4705521768031332,0.5294478231968668,473.6842105263157
35,9,16,345.0,85.0,15.5,0.46030468567995336,0.5396953143200467,473.6842105263157
36,9,16,355.0,85.0,15.5,0.44752158482720644,0.5524784151727935,473.6842105263157
37,9,16,365.0,85.0,15.5,0.43034027721495155,0.5696597227850484,473.6842105263157
38,9,16,375.0,85.0,15.5,0.4052989715036726,0.5947010284963274,473.6842105263157
39,9,16,385.0,85.0,15.5,0.368116153505864,0.631883846494136,473.6842105263157
40,9,16,395.0,85.0,15.5,0.3169250505607045,0.6830749494392955,473.6842105263157
41,9,16,405.0,85.0,15.5,0.2602536806844862,0.7397463193155138,473.6842105263157
42,9,16,415.0,85.0,15.5,0.21962488291440585,0.7803751170855941,473.6842105263157
43,9,16,425.0,85.0,15.5,0.2033191037943079,0.7966808962056922,473.6842105263157
44,9,16,435.0,85.0,15.5,0.2002051131157408,0.7997948868842593,473.6842105263157
45,9,16,445.0,85.0,15.5,0.200032319774914,0.799967680225086,473.6842105263157
46,9,16,455.0,85.0,15.5,0.20002961172127284,0.7999703882787271,473.6842105263157
47,9,16,465.0,85.0,15.5,0.20003001869224787,0.7999699813077521,473.6842105263157
48,9,16,475.0,85.0,15.5,0.2000304305299638,0.7999695694700362,473.6842105263157
49,9,16,485.0,85.0,15.5,0.20003077342266626,0.7999692265773337,473.6842105263157
50,9,16,495.0,85.0,15.5,0.20003099565592078,0.7999690043440792,473.6842105263157
1,10,16,5.0,95.0,15.5,0.6289734585005593,0.3710265414994407,473.6842105263157
2,10,16,15.0,95.0,15.5,0.6220451871038559,0.3779548128961441,473.6842105263157
3,10,16,25.0,95.0,15.5,0.6136492801367474,0.38635071986325265,473.6842105263157
4,10,16,35.0,95.0,15.5,0.6046209729990394,0.3953790270009606,473.6842105263157
5,10,16,45.0,95.0,15.5,0.5954619159832504,0.4045380840167496,473.6842105263157
6,10,16,55.0,95.0,15.5,0.5864474465803698,0.41355255341963015,473.6842105263157
7,10,16,65.0,95.0,15.5,0.5777163172027483,0.4222836827972517,473.6842105263157
8,10,16,75.0,95.0,15.5,0.5693320534095254,0.4306679465904746,473.6842105263157
9,10,16,85.0,95.0,15.5,0.5613236320122456,0.43867636798775445,473.6842105263157
10,10,16,95.0,95.0,15.5,0.5537086507573442,0.4462913492426558,473.6842105263157
11,10,16,105.0,95.0,15.5,0.5465074371837172,0.4534925628162828,473.6842105263157
12,10,16,115.0,95.0,15.5,0.5397527668562799,0.46024723314372007,473.6842105263157
13,10,16,125.0,95.0,15.5,0.5334757863347245,0.4665242136652755,473.6842105263157
14,10,16,135.0,95.0,15.5,0.5276818495387369,0.47231815046126313,473.6842105263157
15,10,16,145.0,95.0,15.5,0.5223128627616178,0.4776871372383822,473.6842105263157
16,10,16,155.0,95.0,15.5,0.5172298180022712,0.4827701819977288,473.6842105263157
17,10,16,165.0,95.0,15.5,0.5122498571941833,0.48775014280581674,473.6842105263157
18,10,16,175.0,95.0,15.5,0.5073405207430676,0.49265947925693243,473.6842105263157
19,10,16,185.0,95.0,15.5,0.5025369836000799,0.4974630163999201,473.6842105263157
20,10,16,195.0,95.0,15.5,0.4978875333077764,0.5021124666922236,473.6842105263157
21,10,16,205.0,95.0,15.5,0.49335852096551647,0.5066414790344835,473.6842105263157
22,10,16,215.0,95.0,15.5,0.4887983848664337,0.5112016151335663,473.6842105263157
23,10,16,225.0,95.0,15.5,0.4840615491397807,0.5159384508602193,473.6842105263157
24,10,16,235.0,95.0,15.5,0.47912009389780713,0.5208799061021929,473.6842105263157
25,10,16,245.0,95.0,15.5,0.4739669351801529,0.526033064819847,473.6842105263157
26,10,16,255.0,95.0,15.5,0.468420275874118,0.531579724125882,473.6842105263157
27,10,16,265.0,95.0,15.5,0.4621013270567605,0.5378986729432396,473.6842105263157
28,10,16,275.0,95.0,15.5,0.4546468121533676,0.5453531878466324,473.6842105263157
29,10,16,285.0,95.0,15.5,0.4457587003147274,0.5542412996852726,473.6842105263157
30,10,16,295.0,95.0,15.5,0.43481664701278516,0.5651833529872148,473.6842105263157
31,10,16,305.0,95.0,15.5,0.4203239050387808,0.5796760949612192,473.6842105263157
32,10,16,315.0,95.0,15.5,0.39983212383245,0.60016787616755,473.6842105263157
33,10,16,325.0,95.0,15.5,0.37080925983823465,0.6291907401617653,473.6842105263157
34,10,16,335.0,95.0,15.5,0.3323432394540749,0.6676567605459252,473.6842105263157
35,10,16,345.0,95.0,15.5,0.2881675900568872,0.7118324099431128,473.6842105263157
36,10,16,355.0,95.0,15.5,0.24821239787392338,0.7517876021260766,473.6842105263157
37,10,16,365.0,95.0,15.5,0.22124954571797045,0.7787504542820296,473.6842105263157
38,10,16,375.0,95.0,15.5,0.20730691899642065,0.7926930810035794,473.6842105263157
39,10,16,385.0,95.0,15.5,0.2017779683662238,0.7982220316337763,473.6842105263157
40,10,16,395.0,95.0,15.5,0.20025992963995431,0.7997400703600457,473.6842105263157
41,10,16,405.0,95.0,15.5,0.20003708081816263,0.7999629191818374,473.6842105263157
42,10,16,415.0,95.0,15.5,0.20002823982509757,0.7999717601749025,473.6842105263157
43,10,16,425.0,95.0,15.5,0.20002815180191522,0.7999718481980848,473.6842105263157
44,10,16,435.0,95.0,15.5,0.20002861538047748,0.7999713846195226,473.6842105263157
45,10,16,445.0,95.0,15.5,0.20002908789164106,0.7999709121083589,473.6842105263157
46,10,16,455.0,95.0,15.5,0.20002954856440366,0.7999704514355963,473.6842105263157
47,10,16,465.0,95.0,15.5,0.20002998452825754,0.7999700154717424,473.6842105263157
48,10,16,475.0,95.0,15.5,0.200030375411431,0.799969624588569,473.6842105263157
49,10,16,485.0,95.0,15.5,0.20003069037723742,0.7999693096227626,473.6842105263157
50,10,16,495.0,95.0,15.5,0.20003088547075032,0.7999691145292497,473.6842105263157
1,1,17,5.0,5.0,16.5,0.6566618928269307,0.34333810717306934,438.5964912280702
2,1,17,15.0,5.0,16.5,0.646822437811404,0.353177562188596,438.5964912280702
3,1,17,25.0,5.0,16.5,0.6355183395328396,0.36448166046716035,438.5964912280702
4,1,17,35.0,5.0,16.5,0.6238558482703183,0.37614415172968174,438.5964912280702
5,1,17,45.0,5.0,16.5,0.6123825623707579,0.38761743762924206,438.5964912280702
6,1,17,55.0,5.0,16.5,0.6013417518947802,0.39865824810521977,438.5964912280702
7,1,17,65.0,5.0,16.5,0.5908134742772022,0.4091865257227978,438.5964912280702
8,1,17,75.0,5.0,16.5,0.5807984936770304,0.4192015063229696,438.5964912280702
9,1,17,85.0,5.0,16.5,0.5712642868505211,0.4287357131494789,438.5964912280702
10,1,17,95.0,5.0,16.5,0.5621703039158665,0.43782969608413347,438.5964912280702
11,1,17,105.0,5.0,16.5,0.5534845701886206,0.44651542981137937,438.5964912280702
12,1,17,115.0,5.0,16.5,0.5451962096148217,0.45480379038517826,438.5964912280702
13,1,17,125.0,5.0,16.5,0.537328496885896,0.462671503114104,438.5964912280702
14,1,17,135.0,5.0,16.5,0.5299424388471027,0.4700575611528973,438.5964912280702
15,1,17,145.0,5.0,16.5,0.5231312395016449,0.47686876049835514,438.5964912280702
16,1,17,155.0,5.0,16.5,0.5169639129634298,0.4830360870365702,438.5964912280702
17,1,17,165.0,5.0,16.5,0.5113907526143029,0.4886092473856971,438.5964912280702
18,1,17,175.0,5.0,16.5,0.5061571999057999,0.4938428000942001,438.5964912280702
19,1,17,185.0,5.0,16.5,0.500948964893805,0.499051035106195,438.5964912280702
20,1,17,195.0,5.0,16.5,0.495648265777098,0.504351734222902,438.5964912280702
21,1,17,205.0,5.0,16.5,0.4902202087130532,0.5097797912869468,438.5964912280702
22,1,17,215.0,5.0,16.5,0.4847589107059223,0.5152410892940777,438.5964912280702
23,1,17,225.0,5.0,16.5,0.47925405277098665,0.5207459472290134,438.5964912280702
24,1,17,235.0,5.0,16.5,0.47339080935572897,0.526609190644271,438.5964912280702
25,1,17,245.0,5.0,16.5,0.4666828166912518,0.5333171833087482,438.5964912280702
26,1,17,255.0,5.0,16.5,0.45880731708587646,0.5411926829141236,438.5964912280702
27,1,17,265.0,5.0,16.5,0.4495831060369671,0.550416893963033,438.5964912280702
28,1,17,275.0,5.0,16.5,0.4383916945376896,0.5616083054623104,438.5964912280702
29,1,17,285.0,5.0,16.5,0.42355943801717777,0.5764405619828222,438.5964912280702
30,1,17,295.0,5.0,16.5,0.40244985442817804,0.597550145571822,438.5964912280702
31,1,17,305.0,5.0,16.5,0.3725697730624353,0.6274302269375647,438.5964912280702
32,1,17,315.0,5.0,16.5,0.33334744314437154,0.6666525568556285,438.5964912280702
33,1,17,325.0,5.0,16.5,0.289101146298906,0.7108988537010941,438.5964912280702
34,1,17,335.0,5.0,16.5,0.2498062294400815,0.7501937705599185,438.5964912280702
35,1,17,345.0,5.0,16.5,0.2232840962589501,0.7767159037410499,438.5964912280702
36,1,17,355.0,5.0,16.5,0.20890506170592119,0.7910949382940788,438.5964912280702
37,1,17,365.0,5.0,16.5,0.202539770218631,0.797460229781369,438.5964912280702
38,1,17,375.0,5.0,16.5,0.20053248268953708,0.799467517310463,438.5964912280702
39,1,17,385.0,5.0,16.5,0.20010650148060188,0.7998934985193982,438.5964912280702
40,1,17,395.0,5.0,16.5,0.20003733690511574,0.7999626630948843,438.5964912280702
41,1,17,405.0,5.0,16.5,0.2000282355420013,0.7999717644579987,438.5964912280702
42,1,17,415.0,5.0,16.5,0.20002763709215818,0.7999723629078418,438.5964912280702
43,1,17,425.0,5.0,16.5,0.2000280279204303,0.7999719720795697,438.5964912280702
44,1,17,435.0,5.0,16.5,0.20002852529624107,0.799971474703759,438.5964912280702
45,1,17,445.0,5.0,16.5,0.2000290300831297,0.7999709699168703,438.5964912280702
46,1,17,455.0,5.0,16.5,0.2000295343349759,0.7999704656650242,438.5964912280702
47,1,17,465.0,5.0,16.5,0.20003002854116925,0.7999699714588308,438.5964912280702
48,1,17,475.0,5.0,16.5,0.20003049527615957,0.7999695047238404,438.5964912280702
49,1,17,485.0,5.0,16.5,0.20003089831702395,0.7999691016829761,438.5964912280702
50,1,17,495.0,5.0,16.5,0.20003117135131676,0.7999688286486832,438.5964912280702
1,2,17,5.0,15.0,16.5,0.7167015481725084,0.2832984518274916,438.5964912280702
2,2,17,15.0,15.0,16.5,0.7042652617163786,0.2957347382836214,438.5964912280702
3,2,17,25.0,15.0,16.5,0.6904110617269851,0.3095889382730149,438.5964912280702
4,2,17,35.0,15.0,16.5,0.6765118948966503,0.3234881051033497,438.5964912280702
5,2,17,45.0,15.0,16.5,0.6632040191583007,0.33679598084169926,438.5964912280702
6,2,17,55.0,15.0,16.5,0.6507199894449847,0.34928001055501534,438.5964912280702
7,2,17,65.0,15.0,16.5,0.6390988309560374,0.36090116904396263,438.5964912280702
8,2,17,75.0,15.0,16.5,0.628283705879292,0.37171629412070795,438.5964912280702
9,2,17,85.0,15.0,16.5,0.6181955991886439,0.38180440081135614,438.5964912280702
10,2,17,95.0,15.0,16.5,0.6087487755474335,0.39125122445256655,438.5964912280702
11,2,17,105.0,15.0,16.5,0.5998658908599424,0.40013410914005765,438.5964912280702
12,2,17,115.0,15.0,16.5,0.5914842391436662,0.4085157608563338,438.5964912280702
13,2,17,125.0,15.0,16.5,0.5835532186437735,0.4164467813562265,438.5964912280702
14,2,17,135.0,15.0,16.5,0.576034997662364,0.423965002337636,438.5964912280702
15,2,17,145.0,15.0,16.5,0.5689059908597621,0.4310940091402379,438.5964912280702
16,2,17,155.0,15.0,16.5,0.5621391016981632,0.43786089830183683,438.5964912280702
17,2,17,165.0,15.0,16.5,0.5557035334916054,0.4442964665083946,438.5964912280702
18,2,17,175.0,15.0,16.5,0.5495561935033108,0.45044380649668925,438.5964912280702
19,2,17,185.0,15.0,16.5,0.543659710109599,0.456340289890401,438.5964912280702
20,2,17,195.0,15.0,16.5,0.5380181333281304,0.4619818666718696,438.5964912280702
21,2,17,205.0,15.0,16.5,0.5326888345133213,0.4673111654866787,438.5964912280702
22,2,17,215.0,15.0,16.5,0.5277056679752536,0.47229433202474636,438.5964912280702
23,2,17,225.0,15.0,16.5,0.5229330930542266,0.47706690694577336,438.5964912280702
24,2,17,235.0,15.0,16.5,0.5181581589553395,0.48184184104466055,438.5964912280702
25,2,17,245.0,15.0,16.5,0.5131896135798121,0.4868103864201879,438.5964912280702
26,2,17,255.0,15.0,16.5,0.5079451302630578,0.49205486973694224,438.5964912280702
27,2,17,265.0,15.0,16.5,0.5024767092990103,0.49752329070098966,438.5964912280702
28,2,17,275.0,15.0,16.5,0.496801833192479,0.5031981668075209,438.5964912280702
29,2,17,285.0,15.0,16.5,0.49073285937036787,0.5092671406296321,438.5964912280702
30,2,17,295.0,15.0,16.5,0.4838856709042108,0.5161143290957892,438.5964912280702
31,2,17,305.0,15.0,16.5,0.47590387588825955,0.5240961241117404,438.5964912280702
32,2,17,315.0,15.0,16.5,0.46657914156105545,0.5334208584389446,438.5964912280702
33,2,17,325.0,15.0,16.5,0.45549641750027225,0.5445035824997277,438.5964912280702
34,2,17,335.0,15.0,16.5,0.44140357514284206,0.558596424857158,438.5964912280702
35,2,17,345.0,15.0,16.5,0.42183851924153803,0.578161480758462,438.5964912280702
36,2,17,355.0,15.0,16.5,0.39361681048115243,0.6063831895188476,438.5964912280702
37,2,17,365.0,15.0,16.5,0.35432017021782714,0.6456798297821729,438.5964912280702
38,2,17,375.0,15.0,16.5,0.30542081458396564,0.6945791854160344,438.5964912280702
39,2,17,385.0,15.0,16.5,0.25711079833668676,0.7428892016633133,438.5964912280702
40,2,17,395.0,15.0,16.5,0.22333830328469303,0.7766616967153069,438.5964912280702
41,2,17,405.0,15.0,16.5,0.20679107043139947,0.7932089295686006,438.5964912280702
42,2,17,415.0,15.0,16.5,0.2011417248016259,0.7988582751983742,438.5964912280702
43,2,17,425.0,15.0,16.5,0.2001165251598999,0.7998834748401001,438.5964912280702
44,2,17,435.0,15.0,16.5,0.20003373411019248,0.7999662658898075,438.5964912280702
45,2,17,445.0,15.0,16.5,0.20002931156756393,0.799970688432436,438.5964912280702
46,2,17,455.0,15.0,16.5,0.2000295525720351,0.7999704474279649,438.5964912280702
47,2,17,465.0,15.0,16.5,0.200030053229069,0.799969946770931,438.5964912280702
48,2,17,475.0,15.0,16.5,0.20003054398909753,0.7999694560109025,438.5964912280702
49,2,17,485.0,15.0,16.5,0.20003098558558252,0.7999690144144175,438.5964912280702
50,2,17,495.0,15.0,16.5,0.20003130764903482,0.7999686923509652,438.5964912280702
1,3,17,5.0,25.0,16.5,0.7519782783089866,0.24802172169101344,438.5964912280702
2,3,17,15.0,25.0,16.5,0.7377486289037937,0.26225137109620633,438.5964912280702
3,3,17,25.0,25.0,16.5,0.7219735826354429,0.27802641736455713,438.5964912280702
4,3,17,35.0,25.0,16.5,0.7062550945916553,0.29374490540834475,438.5964912280702
5,3,17,45.0,25.0,16.5,0.6913730942090476,0.3086269057909524,438.5964912280702
6,3,17,55.0,25.0,16.5,0.6775915071822541,0.32240849281774586,438.5964912280702
7,3,17,65.0,25.0,16.5,0.6649079029122176,0.3350920970877824,438.5964912280702
8,3,17,75.0,25.0,16.5,0.6532240846189687,0.34677591538103125,438.5964912280702
9,3,17,85.0,25.0,16.5,0.6424228484590717,0.3575771515409283,438.5964912280702
10,3,17,95.0,25.0,16.5,0.6323675031399894,0.36763249686001065,438.5964912280702
11,3,17,105.0,25.0,16.5,0.6229383588389774,0.3770616411610226,438.5964912280702
12,3,17,115.0,25.0,16.5,0.6140411617659124,0.3859588382340876,438.5964912280702
13,3,17,125.0,25.0,16.5,0.6056019795790077,0.39439802042099226,438.5964912280702
14,3,17,135.0,25.0,16.5,0.5975654337304295,0.4024345662695705,438.5964912280702
15,3,17,145.0,25.0,16.5,0.5898744742711929,0.4101255257288071,438.5964912280702
16,3,17,155.0,25.0,16.5,0.5824833299920544,0.41751667000794557,438.5964912280702
17,3,17,165.0,25.0,16.5,0.575348776544439,0.42465122345556106,438.5964912280702
18,3,17,175.0,25.0,16.5,0.5684442414511827,0.43155575854881734,438.5964912280702
19,3,17,185.0,25.0,16.5,0.5617548143068571,0.43824518569314286,438.5964912280702
20,3,17,195.0,25.0,16.5,0.5553000306638706,0.44469996933612943,438.5964912280702
21,3,17,205.0,25.0,16.5,0.5491300939916399,0.4508699060083601,438.5964912280702
22,3,17,215.0,25.0,16.5,0.543312024453319,0.45668797554668095,438.5964912280702
23,3,17,225.0,25.0,16.5,0.537890887926169,0.462109112073831,438.5964912280702
24,3,17,235.0,25.0,16.5,0.5328393501150385,0.46716064988496153,438.5964912280702
25,3,17,245.0,25.0,16.5,0.5280178223624777,0.47198217763752226,438.5964912280702
26,3,17,255.0,25.0,16.5,0.5232168501702427,0.47678314982975734,438.5964912280702
27,3,17,265.0,25.0,16.5,0.5183110976538012,0.48168890234619877,438.5964912280702
28,3,17,275.0,25.0,16.5,0.5131780210004893,0.48682197899951074,438.5964912280702
29,3,17,285.0,25.0,16.5,0.5077504021511995,0.4922495978488005,438.5964912280702
30,3,17,295.0,25.0,16.5,0.5020105213741215,0.4979894786258785,438.5964912280702
31,3,17,305.0,25.0,16.5,0.49592939273122355,0.5040706072687764,438.5964912280702
32,3,17,315.0,25.0,16.5,0.4893616143872958,0.5106383856127041,438.5964912280702
33,3,17,325.0,25.0,16.5,0.481971843740755,0.518028156259245,438.5964912280702
34,3,17,335.0,25.0,16.5,0.4733528049821201,0.5266471950178799,438.5964912280702
35,3,17,345.0,25.0,16.5,0.4631034338804003,0.5368965661195997,438.5964912280702
36,3,17,355.0,25.0,16.5,0.4505638015893827,0.5494361984106173,438.5964912280702
37,3,17,365.0,25.0,16.5,0.43422447490334176,0.5657755250966583,438.5964912280702
38,3,17,375.0,25.0,16.5,0.41122369548106136,0.5887763045189387,438.5964912280702
39,3,17,385.0,25.0,16.5,0.37791351860885225,0.6220864813911477,438.5964912280702
40,3,17,395.0,25.0,16.5,0.3320701826318012,0.6679298173681988,438.5964912280702
41,3,17,405.0,25.0,16.5,0.27868460067165296,0.721315399328347,438.5964912280702
42,3,17,415.0,25.0,16.5,0.23414273071261638,0.7658572692873836,438.5964912280702
43,3,17,425.0,25.0,16.5,0.21006701941392725,0.7899329805860728,438.5964912280702
44,3,17,435.0,25.0,16.5,0.2016349285143422,0.7983650714856578,438.5964912280702
45,3,17,445.0,25.0,16.5,0.20013642327291992,0.7998635767270801,438.5964912280702
46,3,17,455.0,25.0,16.5,0.200033984744899,0.799966015255101,438.5964912280702
47,3,17,465.0,25.0,16.5,0.20003030369643607,0.799969696303564,438.5964912280702
48,3,17,475.0,25.0,16.5,0.20003062947031391,0.7999693705296861,438.5964912280702
49,3,17,485.0,25.0,16.5,0.2000311321284119,0.7999688678715882,438.5964912280702
50,3,17,495.0,25.0,16.5,0.20003154990268873,0.7999684500973112,438.5964912280702
1,4,17,5.0,35.0,16.5,0.776014913299443,0.22398508670055695,438.5964912280702
2,4,17,15.0,35.0,16.5,0.7612771507293127,0.23872284927068732,438.5964912280702
3,4,17,25.0,35.0,16.5,0.7442698580306151,0.2557301419693849,438.5964912280702
4,4,17,35.0,35.0,16.5,0.7270924063610832,0.2729075936389168,438.5964912280702
5,4,17,45.0,35.0,16.5,0.7108684980610546,0.28913150193894543,438.5964912280702
6,4,17,55.0,35.0,16.5,0.6960878286589998,0.30391217134100024,438.5964912280702
7,4,17,65.0,35.0,16.5,0.6826307153688355,0.31736928463116454,438.5964912280702
8,4,17,75.0,35.0,16.5,0.6703056524224231,0.3296943475775769,438.5964912280702
9,4,17,85.0,35.0,16.5,0.6589246285230856,0.34107537147691436,438.5964912280702
10,4,17,95.0,35.0,16.5,0.6483453608134073,0.3516546391865927,438.5964912280702
11,4,17,105.0,35.0,16.5,0.6384506244966808,0.3615493755033192,438.5964912280702
12,4,17,115.0,35.0,16.5,0.6291330565642053,0.37086694343579474,438.5964912280702
13,4,17,125.0,35.0,16.5,0.6202991755899749,0.37970082441002506,438.5964912280702
14,4,17,135.0,35.0,16.5,0.6118692648646729,0.38813073513532714,438.5964912280702
15,4,17,145.0,35.0,16.5,0.6037789029453211,0.3962210970546789,438.5964912280702
16,4,17,155.0,35.0,16.5,0.5959794659166586,0.4040205340833414,438.5964912280702
17,4,17,165.0,35.0,16.5,0.5884339166046061,0.4115660833953939,438.5964912280702
18,4,17,175.0,35.0,16.5,0.5811090468516108,0.4188909531483892,438.5964912280702
19,4,17,185.0,35.0,16.5,0.573992696429322,0.42600730357067795,438.5964912280702
20,4,17,195.0,35.0,16.5,0.567076010763863,0.43292398923613695,438.5964912280702
21,4,17,205.0,35.0,16.5,0.5603752943016294,0.43962470569837064,438.5964912280702
22,4,17,215.0,35.0,16.5,0.5539300534482126,0.44606994655178744,438.5964912280702
23,4,17,225.0,35.0,16.5,0.5477997690775941,0.4522002309224059,438.5964912280702
24,4,17,235.0,35.0,16.5,0.5420567612438827,0.4579432387561173,438.5964912280702
25,4,17,245.0,35.0,16.5,0.5367504863253577,0.4632495136746423,438.5964912280702
26,4,17,255.0,35.0,16.5,0.5318424123910102,0.46815758760898984,438.5964912280702
27,4,17,265.0,35.0,16.5,0.5271312709772359,0.4728687290227641,438.5964912280702
28,4,17,275.0,35.0,16.5,0.5223617813422521,0.4776382186577479,438.5964912280702
29,4,17,285.0,35.0,16.5,0.5173679329846107,0.4826320670153893,438.5964912280702
30,4,17,295.0,35.0,16.5,0.5120467278617339,0.4879532721382661,438.5964912280702
31,4,17,305.0,35.0,16.5,0.5063963662684285,0.49360363373157146,438.5964912280702
32,4,17,315.0,35.0,16.5,0.5004469357894523,0.4995530642105477,438.5964912280702
33,4,17,325.0,35.0,16.5,0.49413404844151804,0.505865951558482,438.5964912280702
34,4,17,335.0,35.0,16.5,0.4872109823670659,0.5127890176329342,438.5964912280702
35,4,17,345.0,35.0,16.5,0.47927676740381747,0.5207232325961826,438.5964912280702
36,4,17,355.0,35.0,16.5,0.4699276265810168,0.5300723734189832,438.5964912280702
37,4,17,365.0,35.0,16.5,0.4587158205689994,0.5412841794310006,438.5964912280702
38,4,17,375.0,35.0,16.5,0.4447060794506181,0.5552939205493819,438.5964912280702
39,4,17,385.0,35.0,16.5,0.42582339128818375,0.5741766087118163,438.5964912280702
40,4,17,395.0,35.0,16.5,0.39858546783974586,0.6014145321602542,438.5964912280702
41,4,17,405.0,35.0,16.5,0.3592021958696187,0.6407978041303812,438.5964912280702
42,4,17,415.0,35.0,16.5,0.30729560842225834,0.6927043915777417,438.5964912280702
43,4,17,425.0,35.0,16.5,0.25394933984638957,0.7460506601536104,438.5964912280702
44,4,17,435.0,35.0,16.5,0.2181645782767133,0.7818354217232867,438.5964912280702
45,4,17,445.0,35.0,16.5,0.20358977072886894,0.796410229271131,438.5964912280702
46,4,17,455.0,35.0,16.5,0.20034458407455666,0.7996554159254433,438.5964912280702
47,4,17,465.0,35.0,16.5,0.20004662071540283,0.7999533792845972,438.5964912280702
48,4,17,475.0,35.0,16.5,0.20003179244931044,0.7999682075506895,438.5964912280702
49,4,17,485.0,35.0,16.5,0.2000313919622112,0.7999686080377888,438.5964912280702
50,4,17,495.0,35.0,16.5,0.20003183373635935,0.7999681662636406,438.5964912280702
1,5,17,5.0,45.0,16.5,0.7926817307484354,0.2073182692515646,438.5964912280702
2,5,17,15.0,45.0,16.5,0.7798783483452825,0.22012165165471753,438.5964912280702
3,5,17,25.0,45.0,16.5,0.7627815462499016,0.23721845375009842,438.5964912280702
4,5,17,35.0,45.0,16.5,0.7448542910094724,0.2551457089905276,438.5964912280702
5,5,17,45.0,45.0,16.5,0.7279269379980905,0.2720730620019095,438.5964912280702
6,5,17,55.0,45.0,16.5,0.7123070142966937,0.28769298570330626,438.5964912280702
7,5,17,65.0,45.0,16.5,0.6980876483287778,0.3019123516712222,438.5964912280702
8,5,17,75.0,45.0,16.5,0.6851331575681876,0.3148668424318124,438.5964912280702
9,5,17,85.0,45.0,16.5,0.6732628992542942,0.32673710074570583,438.5964912280702
10,5,17,95.0,45.0,16.5,0.6622956091724868,0.33770439082751325,438.5964912280702
11,5,17,105.0,45.0,16.5,0.652086749994218,0.347913250005782,438.5964912280702
12,5,17,115.0,45.0,16.5,0.642511800624557,0.35748819937544296,438.5964912280702
13,5,17,125.0,45.0,16.5,0.6334692377042491,0.3665307622957509,438.5964912280702
14,5,17,135.0,45.0,16.5,0.6248751038925908,0.3751248961074092,438.5964912280702
15,5,17,145.0,45.0,16.5,0.6166620985584992,0.3833379014415008,438.5964912280702
16,5,17,155.0,45.0,16.5,0.6087695881602866,0.3912304118397134,438.5964912280702
17,5,17,165.0,45.0,16.5,0.6011460677259236,0.3988539322740764,438.5964912280702
18,5,17,175.0,45.0,16.5,0.5937518893812626,0.40624811061873745,438.5964912280702
19,5,17,185.0,45.0,16.5,0.5865496426738834,0.41345035732611657,438.5964912280702
20,5,17,195.0,45.0,16.5,0.5795275518516078,0.42047244814839224,438.5964912280702
21,5,17,205.0,45.0,16.5,0.5726842642613971,0.42731573573860293,438.5964912280702
22,5,17,215.0,45.0,16.5,0.5660376571747638,0.43396234282523616,438.5964912280702
23,5,17,225.0,45.0,16.5,0.5596295311221755,0.4403704688778245,438.5964912280702
24,5,17,235.0,45.0,16.5,0.5535209081667128,0.44647909183328716,438.5964912280702
25,5,17,245.0,45.0,16.5,0.5477845833208911,0.4522154166791089,438.5964912280702
26,5,17,255.0,45.0,16.5,0.5424687767506994,0.4575312232493006,438.5964912280702
27,5,17,265.0,45.0,16.5,0.5375333827406983,0.4624666172593017,438.5964912280702
28,5,17,275.0,45.0,16.5,0.5327913222374162,0.4672086777625838,438.5964912280702
29,5,17,285.0,45.0,16.5,0.5279688433412518,0.4720311566587482,438.5964912280702
30,5,17,295.0,45.0,16.5,0.5229171500259383,0.4770828499740617,438.5964912280702
31,5,17,305.0,45.0,16.5,0.5175308220058549,0.4824691779941451,438.5964912280702
32,5,17,315.0,45.0,16.5,0.5117859497838149,0.48821405021618514,438.5964912280702
33,5,17,325.0,45.0,16.5,0.5057188658994238,0.49428113410057617,438.5964912280702
34,5,17,335.0,45.0,16.5,0.4993110989656541,0.5006889010343458,438.5964912280702
35,5,17,345.0,45.0,16.5,0.4923673967732864,0.5076326032267136,438.5964912280702
36,5,17,355.0,45.0,16.5,0.4844876375971259,0.5155123624028741,438.5964912280702
37,5,17,365.0,45.0,16.5,0.4752069829427808,0.5247930170572193,438.5964912280702
38,5,17,375.0,45.0,16.5,0.4640506401899567,0.5359493598100433,438.5964912280702
39,5,17,385.0,45.0,16.5,0.45018577116279146,0.5498142288372085,438.5964912280702
40,5,17,395.0,45.0,16.5,0.4316655557993935,0.5683344442006065,438.5964912280702
41,5,17,405.0,45.0,16.5,0.4048850830209058,0.5951149169790941,438.5964912280702
42,5,17,415.0,45.0,16.5,0.36533189505215624,0.6346681049478438,438.5964912280702
43,5,17,425.0,45.0,16.5,0.3114143794252324,0.6885856205747676,438.5964912280702
44,5,17,435.0,45.0,16.5,0.25415265560186934,0.7458473443981306,438.5964912280702
45,5,17,445.0,45.0,16.5,0.21620777720135662,0.7837922227986434,438.5964912280702
46,5,17,455.0,45.0,16.5,0.20259292918882676,0.7974070708111732,438.5964912280702
47,5,17,465.0,45.0,16.5,0.20023453861103804,0.799765461388962,438.5964912280702
48,5,17,475.0,45.0,16.5,0.20004525795520325,0.7999547420447968,438.5964912280702
49,5,17,485.0,45.0,16.5,0.20003353351566075,0.7999664664843392,438.5964912280702
50,5,17,495.0,45.0,16.5,0.20003239989584978,0.7999676001041502,438.5964912280702
1,6,17,5.0,55.0,16.5,0.7770642494582743,0.22293575054172565,438.5964912280702
2,6,17,15.0,55.0,16.5,0.7631066015324365,0.23689339846756352,438.5964912280702
3,6,17,25.0,55.0,16.5,0.7469281132772437,0.25307188672275627,438.5964912280702
4,6,17,35.0,55.0,16.5,0.7304666329378987,0.2695333670621013,438.5964912280702
5,6,17,45.0,55.0,16.5,0.7147833279934438,0.2852166720065562,438.5964912280702
6,6,17,55.0,55.0,16.5,0.7002456537552609,0.29975434624473907,438.5964912280702
7,6,17,65.0,55.0,16.5,0.6868846069857478,0.3131153930142522,438.5964912280702
8,6,17,75.0,55.0,16.5,0.674590587304769,0.32540941269523105,438.5964912280702
9,6,17,85.0,55.0,16.5,0.6632221260582215,0.3367778739417785,438.5964912280702
10,6,17,95.0,55.0,16.5,0.6526410044085206,0.3473589955914794,438.5964912280702
11,6,17,105.0,55.0,16.5,0.6427278738515043,0.3572721261484957,438.5964912280702
12,6,17,115.0,55.0,16.5,0.6333787014297201,0.3666212985702799,438.5964912280702
13,6,17,125.0,55.0,16.5,0.624506046368146,0.375493953631854,438.5964912280702
14,6,17,135.0,55.0,16.5,0.6160372918863463,0.38396270811365374,438.5964912280702
15,6,17,145.0,55.0,16.5,0.6079107285638756,0.3920892714361244,438.5964912280702
16,6,17,155.0,55.0,16.5,0.6000711485925182,0.3999288514074818,438.5964912280702
17,6,17,165.0,55.0,16.5,0.5924794235146765,0.40752057648532347,438.5964912280702
18,6,17,175.0,55.0,16.5,0.5850981474878002,0.4149018525121998,438.5964912280702
19,6,17,185.0,55.0,16.5,0.5779083867317647,0.4220916132682353,438.5964912280702
20,6,17,195.0,55.0,16.5,0.5708968567036278,0.4291031432963722,438.5964912280702
21,6,17,205.0,55.0,16.5,0.5640753582161021,0.4359246417838979,438.5964912280702
22,6,17,215.0,55.0,16.5,0.557472877997397,0.442527122002603,438.5964912280702
23,6,17,225.0,55.0,16.5,0.5511520623360239,0.4488479376639761,438.5964912280702
24,6,17,235.0,55.0,16.5,0.5452004991200262,0.4547995008799738,438.5964912280702
25,6,17,245.0,55.0,16.5,0.539700791501198,0.460299208498802,438.5964912280702
26,6,17,255.0,55.0,16.5,0.5346641180099905,0.4653358819900095,438.5964912280702
27,6,17,265.0,55.0,16.5,0.5299431292691306,0.47005687073086944,438.5964912280702
28,6,17,275.0,55.0,16.5,0.5252348910602747,0.47476510893972534,438.5964912280702
29,6,17,285.0,55.0,16.5,0.5203311025732564,0.47966889742674357,438.5964912280702
30,6,17,295.0,55.0,16.5,0.5150946975161769,0.48490530248382313,438.5964912280702
31,6,17,305.0,55.0,16.5,0.5094895901906814,0.4905104098093186,438.5964912280702
32,6,17,315.0,55.0,16.5,0.5035574644368566,0.49644253556314344,438.5964912280702
33,6,17,325.0,55.0,16.5,0.49730316643953143,0.5026968335604686,438.5964912280702
34,6,17,335.0,55.0,16.5,0.4905594676696353,0.5094405323303647,438.5964912280702
35,6,17,345.0,55.0,16.5,0.4829458181541275,0.5170541818458725,438.5964912280702
36,6,17,355.0,55.0,16.5,0.4740059944683113,0.5259940055316887,438.5964912280702
37,6,17,365.0,55.0,16.5,0.46328554681950523,0.5367144531804948,438.5964912280702
38,6,17,375.0,55.0,16.5,0.4500703079925415,0.5499296920074586,438.5964912280702
39,6,17,385.0,55.0,16.5,0.4325925978061046,0.5674074021938954,438.5964912280702
40,6,17,395.0,55.0,16.5,0.4075441276432184,0.5924558723567817,438.5964912280702
41,6,17,405.0,55.0,16.5,0.37055196459515816,0.6294480354048418,438.5964912280702
42,6,17,415.0,55.0,16.5,0.3192923326947036,0.6807076673052964,438.5964912280702
43,6,17,425.0,55.0,16.5,0.26243066629294387,0.7375693337070561,438.5964912280702
44,6,17,435.0,55.0,16.5,0.22122252593901412,0.7787774740609859,438.5964912280702
45,6,17,445.0,55.0,16.5,0.20398023532990103,0.7960197646700989,438.5964912280702
46,6,17,455.0,55.0,16.5,0.2003365788337442,0.7996634211662558,438.5964912280702
47,6,17,465.0,55.0,16.5,0.20004269378451595,0.7999573062154841,438.5964912280702
48,6,17,475.0,55.0,16.5,0.2000313018492722,0.7999686981507278,438.5964912280702
49,6,17,485.0,55.0,16.5,0.20003122299049947,0.7999687770095005,438.5964912280702
50,6,17,495.0,55.0,16.5,0.20003167265005856,0.7999683273499414,438.5964912280702
1,7,17,5.0,65.0,16.5,0.755487123735465,0.244512876264535,438.5964912280702
2,7,17,15.0,65.0,16.5,0.7421881396340669,0.25781186036593307,438.5964912280702
3,7,17,25.0,65.0,16.5,0.7272611310933439,0.2727388689066561,438.5964912280702
4,7,17,35.0,65.0,16.5,0.7121821953415587,0.2878178046584413,438.5964912280702
5,7,17,45.0,65.0,16.5,0.6977360192247754,0.30226398077522465,438.5964912280702
6,7,17,55.0,65.0,16.5,0.6842296350024912,0.31577036499750877,438.5964912280702
7,7,17,65.0,65.0,16.5,0.6717108274795875,0.32828917252041245,438.5964912280702
8,7,17,75.0,65.0,16.5,0.6601147366134867,0.33988526338651326,438.5964912280702
9,7,17,85.0,65.0,16.5,0.6493359445798055,0.3506640554201945,438.5964912280702
10,7,17,95.0,65.0,16.5,0.6392627501050057,0.36073724989499434,438.5964912280702
11,7,17,105.0,65.0,16.5,0.6297958551115246,0.3702041448884754,438.5964912280702
12,7,17,115.0,65.0,16.5,0.6208466400958275,0.37915335990417254,438.5964912280702
13,7,17,125.0,65.0,16.5,0.6123383649502221,0.3876616350497779,438.5964912280702
14,7,17,135.0,65.0,16.5,0.6042032539272711,0.39579674607272886,438.5964912280702
15,7,17,145.0,65.0,16.5,0.5963855727309951,0.40361442726900487,438.5964912280702
16,7,17,155.0,65.0,16.5,0.5888398380942648,0.41116016190573523,438.5964912280702
17,7,17,165.0,65.0,16.5,0.5815274062322184,0.41847259376778156,438.5964912280702
18,7,17,175.0,65.0,16.5,0.5744285815400525,0.4255714184599475,438.5964912280702
19,7,17,185.0,65.0,16.5,0.5675344966335805,0.43246550336641953,438.5964912280702
20,7,17,195.0,65.0,16.5,0.5608558364417613,0.4391441635582387,438.5964912280702
21,7,17,205.0,65.0,16.5,0.554423509544755,0.44557649045524494,438.5964912280702
22,7,17,215.0,65.0,16.5,0.5482877678409873,0.4517122321590127,438.5964912280702
23,7,17,225.0,65.0,16.5,0.5425187138005083,0.4574812861994917,438.5964912280702
24,7,17,235.0,65.0,16.5,0.5371759074250881,0.46282409257491186,438.5964912280702
25,7,17,245.0,65.0,16.5,0.5322394233017684,0.46776057669823157,438.5964912280702
26,7,17,255.0,65.0,16.5,0.5275288590049679,0.47247114099503207,438.5964912280702
27,7,17,265.0,65.0,16.5,0.5227846424205886,0.47721535757941136,438.5964912280702
28,7,17,275.0,65.0,16.5,0.5178422563645868,0.4821577436354132,438.5964912280702
29,7,17,285.0,65.0,16.5,0.5125885567377503,0.4874114432622497,438.5964912280702
30,7,17,295.0,65.0,16.5,0.5070121892753866,0.4929878107246134,438.5964912280702
31,7,17,305.0,65.0,16.5,0.5011384011949934,0.4988615988050066,438.5964912280702
32,7,17,315.0,65.0,16.5,0.4949102001737878,0.5050897998262123,438.5964912280702
33,7,17,325.0,65.0,16.5,0.4881007006826991,0.5118992993173008,438.5964912280702
34,7,17,335.0,65.0,16.5,0.4803258663233734,0.5196741336766266,438.5964912280702
35,7,17,345.0,65.0,16.5,0.4711811546046825,0.5288188453953175,438.5964912280702
36,7,17,355.0,65.0,16.5,0.4602184517101486,0.5397815482898514,438.5964912280702
37,7,17,365.0,65.0,16.5,0.4465261076972643,0.5534738923027357,438.5964912280702
38,7,17,375.0,65.0,16.5,0.4280736859793918,0.5719263140206081,438.5964912280702
39,7,17,385.0,65.0,16.5,0.4014045455299457,0.5985954544700542,438.5964912280702
40,7,17,395.0,65.0,16.5,0.3624047268328123,0.6375952731671877,438.5964912280702
41,7,17,405.0,65.0,16.5,0.3098226858123554,0.6901773141876446,438.5964912280702
42,7,17,415.0,65.0,16.5,0.25497979711538277,0.7450202028846172,438.5964912280702
43,7,17,425.0,65.0,16.5,0.21818033384555108,0.781819666154449,438.5964912280702
44,7,17,435.0,65.0,16.5,0.20336888206294132,0.7966311179370587,438.5964912280702
45,7,17,445.0,65.0,16.5,0.20026610603197395,0.7997338939680261,438.5964912280702
46,7,17,455.0,65.0,16.5,0.20003693752810214,0.7999630624718979,438.5964912280702
47,7,17,465.0,65.0,16.5,0.2000302269174299,0.7999697730825701,438.5964912280702
48,7,17,475.0,65.0,16.5,0.20003049148880092,0.7999695085111991,438.5964912280702
49,7,17,485.0,65.0,16.5,0.2000309549570112,0.7999690450429888,438.5964912280702
50,7,17,495.0,65.0,16.5,0.20003132865128267,0.7999686713487173,438.5964912280702
1,8,17,5.0,75.0,16.5,0.7263450618550675,0.27365493814493247,438.5964912280702
2,8,17,15.0,75.0,16.5,0.7146825646349267,0.28531743536507326,438.5964912280702
3,8,17,25.0,75.0,16.5,0.701478240460904,0.298521759539096,438.5964912280702
4,8,17,35.0,75.0,16.5,0.6880362851921051,0.31196371480789487,438.5964912280702
5,8,17,45.0,75.0,16.5,0.6750228540829528,0.3249771459170472,438.5964912280702
6,8,17,55.0,75.0,16.5,0.662727354097694,0.337272645902306,438.5964912280702
7,8,17,65.0,75.0,16.5,0.6512197979274655,0.34878020207253446,438.5964912280702
8,8,17,75.0,75.0,16.5,0.640477818459881,0.35952218154011895,438.5964912280702
9,8,17,85.0,75.0,16.5,0.6304320788844444,0.3695679211155556,438.5964912280702
10,8,17,95.0,75.0,16.5,0.6210043816614318,0.3789956183385682,438.5964912280702
11,8,17,105.0,75.0,16.5,0.6121188242658282,0.3878811757341718,438.5964912280702
12,8,17,115.0,75.0,16.5,0.6037051361527395,0.39629486384726054,438.5964912280702
13,8,17,125.0,75.0,16.5,0.5957004286974863,0.4042995713025137,438.5964912280702
14,8,17,135.0,75.0,16.5,0.5880524210470398,0.4119475789529602,438.5964912280702
15,8,17,145.0,75.0,16.5,0.5807079194309169,0.41929208056908307,438.5964912280702
16,8,17,155.0,75.0,16.5,0.573631287104804,0.42636871289519596,438.5964912280702
17,8,17,165.0,75.0,16.5,0.5667938723771979,0.4332061276228021,438.5964912280702
18,8,17,175.0,75.0,16.5,0.5601974625771792,0.4398025374228208,438.5964912280702
19,8,17,185.0,75.0,16.5,0.5538681341528657,0.44613186584713427,438.5964912280702
20,8,17,195.0,75.0,16.5,0.5478474108673486,0.45215258913265144,438.5964912280702
21,8,17,205.0,75.0,16.5,0.5421712279261062,0.45782877207389383,438.5964912280702
22,8,17,215.0,75.0,16.5,0.5368463603616868,0.46315363963831324,438.5964912280702
23,8,17,225.0,75.0,16.5,0.5318319430190527,0.4681680569809473,438.5964912280702
24,8,17,235.0,75.0,16.5,0.5270108444939516,0.47298915550604836,438.5964912280702
25,8,17,245.0,75.0,16.5,0.522214494562394,0.477785505437606,438.5964912280702
26,8,17,255.0,75.0,16.5,0.517322805277375,0.48267719472262505,438.5964912280702
27,8,17,265.0,75.0,16.5,0.5121970905202222,0.4878029094797778,438.5964912280702
28,8,17,275.0,75.0,16.5,0.5067669823584395,0.49323301764156047,438.5964912280702
29,8,17,285.0,75.0,16.5,0.5010279524955589,0.49897204750444113,438.5964912280702
30,8,17,295.0,75.0,16.5,0.49495935837083943,0.5050406416291606,438.5964912280702
31,8,17,305.0,75.0,16.5,0.4883812805778861,0.5116187194221139,438.5964912280702
32,8,17,315.0,75.0,16.5,0.4809107586383448,0.5190892413616552,438.5964912280702
33,8,17,325.0,75.0,16.5,0.47213348859184073,0.5278665114081593,438.5964912280702
34,8,17,335.0,75.0,16.5,0.4616609121251162,0.5383390878748838,438.5964912280702
35,8,17,345.0,75.0,16.5,0.44876671560998754,0.5512332843900125,438.5964912280702
36,8,17,355.0,75.0,16.5,0.43168105086434433,0.5683189491356557,438.5964912280702
37,8,17,365.0,75.0,16.5,0.40716091242145047,0.5928390875785495,438.5964912280702
38,8,17,375.0,75.0,16.5,0.37134353896172256,0.6286564610382774,438.5964912280702
39,8,17,385.0,75.0,16.5,0.32254889573442164,0.6774511042655784,438.5964912280702
40,8,17,395.0,75.0,16.5,0.2681896769038994,0.7318103230961006,438.5964912280702
41,8,17,405.0,75.0,16.5,0.22696025465544115,0.7730397453445589,438.5964912280702
42,8,17,415.0,75.0,16.5,0.2070234436995629,0.7929765563004371,438.5964912280702
43,8,17,425.0,75.0,16.5,0.2009093072091501,0.7990906927908499,438.5964912280702
44,8,17,435.0,75.0,16.5,0.20007232747934287,0.7999276725206571,438.5964912280702
45,8,17,445.0,75.0,16.5,0.2000303305895631,0.7999696694104369,438.5964912280702
46,8,17,455.0,75.0,16.5,0.2000294698526526,0.7999705301473474,438.5964912280702
47,8,17,465.0,75.0,16.5,0.20002990393395048,0.7999700960660495,438.5964912280702
48,8,17,475.0,75.0,16.5,0.20003035091361837,0.7999696490863817,438.5964912280702
49,8,17,485.0,75.0,16.5,0.20003074244748273,0.7999692575525172,438.5964912280702
50,8,17,495.0,75.0,16.5,0.20003101803008283,0.7999689819699172,438.5964912280702
1,9,17,5.0,85.0,16.5,0.6862720103793809,0.3137279896206191,438.5964912280702
2,9,17,15.0,85.0,16.5,0.676707687494712,0.323292312505288,438.5964912280702
3,9,17,25.0,85.0,16.5,0.6655814813888806,0.3344185186111194,438.5964912280702
4,9,17,35.0,85.0,16.5,0.65401878723076,0.34598121276924,438.5964912280702
5,9,17,45.0,85.0,16.5,0.6426235243753633,0.3573764756246367,438.5964912280702
6,9,17,55.0,85.0,16.5,0.6316858953562752,0.3683141046437248,438.5964912280702
7,9,17,65.0,85.0,16.5,0.6213168651671108,0.3786831348328892,438.5964912280702
8,9,17,75.0,85.0,16.5,0.6115355221502786,0.3884644778497214,438.5964912280702
9,9,17,85.0,85.0,16.5,0.6023196992538209,0.3976803007461791,438.5964912280702
10,9,17,95.0,85.0,16.5,0.5936325855521016,0.40636741444789837,438.5964912280702
11,9,17,105.0,85.0,16.5,0.5854358612568122,0.41456413874318776,438.5964912280702
12,9,17,115.0,85.0,16.5,0.5776977202721019,0.42230227972789813,438.5964912280702
13,9,17,125.0,85.0,16.5,0.5703845835999678,0.4296154164000322,438.5964912280702
14,9,17,135.0,85.0,16.5,0.5634662700097162,0.43653372999028384,438.5964912280702
15,9,17,145.0,85.0,16.5,0.5568958559013947,0.4431041440986053,438.5964912280702
16,9,17,155.0,85.0,16.5,0.5506229414032205,0.44937705859677946,438.5964912280702
17,9,17,165.0,85.0,16.5,0.5446061323902012,0.45539386760979883,438.5964912280702
18,9,17,175.0,85.0,16.5,0.5388492147741867,0.4611507852258133,438.5964912280702
19,9,17,185.0,85.0,16.5,0.5334123012587454,0.4665876987412546,438.5964912280702
20,9,17,195.0,85.0,16.5,0.5283403775969024,0.47165962240309756,438.5964912280702
21,9,17,205.0,85.0,16.5,0.5235315336198832,0.47646846638011675,438.5964912280702
22,9,17,215.0,85.0,16.5,0.5187691376314388,0.48123086236856116,438.5964912280702
23,9,17,225.0,85.0,16.5,0.5138913336160144,0.48610866638398564,438.5964912280702
24,9,17,235.0,85.0,16.5,0.5087946198997081,0.4912053801002919,438.5964912280702
25,9,17,245.0,85.0,16.5,0.5034891817478248,0.49651081825217525,438.5964912280702
26,9,17,255.0,85.0,16.5,0.49799133921210664,0.5020086607878933,438.5964912280702
27,9,17,265.0,85.0,16.5,0.4921734104100411,0.507826589589959,438.5964912280702
28,9,17,275.0,85.0,16.5,0.48572932679721925,0.5142706732027807,438.5964912280702
29,9,17,285.0,85.0,16.5,0.4782979762606829,0.5217020237393171,438.5964912280702
30,9,17,295.0,85.0,16.5,0.46962547203939325,0.5303745279606067,438.5964912280702
31,9,17,305.0,85.0,16.5,0.45940309285221564,0.5405969071477843,438.5964912280702
32,9,17,315.0,85.0,16.5,0.4467414310111145,0.5532585689888855,438.5964912280702
33,9,17,325.0,85.0,16.5,0.42965790702541634,0.5703420929745837,438.5964912280702
34,9,17,335.0,85.0,16.5,0.4051399826218109,0.594860017378189,438.5964912280702
35,9,17,345.0,85.0,16.5,0.3702359625960644,0.6297640374039356,438.5964912280702
36,9,17,355.0,85.0,16.5,0.3243355744263091,0.6756644255736909,438.5964912280702
37,9,17,365.0,85.0,16.5,0.2739294541569668,0.7260705458430332,438.5964912280702
38,9,17,375.0,85.0,16.5,0.23335985319408317,0.7666401468059169,438.5964912280702
39,9,17,385.0,85.0,16.5,0.21086732637341274,0.7891326736265872,438.5964912280702
40,9,17,395.0,85.0,16.5,0.2022348476128808,0.7977651523871192,438.5964912280702
41,9,17,405.0,85.0,16.5,0.20024423700340827,0.7997557629965917,438.5964912280702
42,9,17,415.0,85.0,16.5,0.20004136068669628,0.7999586393133037,438.5964912280702
43,9,17,425.0,85.0,16.5,0.20002873164062365,0.7999712683593764,438.5964912280702
44,9,17,435.0,85.0,16.5,0.20002847363311457,0.7999715263668854,438.5964912280702
45,9,17,445.0,85.0,16.5,0.20002892403354064,0.7999710759664593,438.5964912280702
46,9,17,455.0,85.0,16.5,0.2000293908203421,0.7999706091796579,438.5964912280702
47,9,17,465.0,85.0,16.5,0.2000298382431094,0.7999701617568906,438.5964912280702
48,9,17,475.0,85.0,16.5,0.20003024699334163,0.7999697530066584,438.5964912280702
49,9,17,485.0,85.0,16.5,0.2000305856355763,0.7999694143644237,438.5964912280702
50,9,17,495.0,85.0,16.5,0.20003080333978376,0.7999691966602163,438.5964912280702
1,10,17,5.0,95.0,16.5,0.6192674726917318,0.38073252730826823,438.5964912280702
2,10,17,15.0,95.0,16.5,0.6118905201464004,0.38810947985359956,438.5964912280702
3,10,17,25.0,95.0,16.5,0.6029476143067243,0.3970523856932757,438.5964912280702
4,10,17,35.0,95.0,16.5,0.5933161977838501,0.40668380221614986,438.5964912280702
5,10,17,45.0,95.0,16.5,0.5835202551743361,0.41647974482566386,438.5964912280702
6,10,17,55.0,95.0,16.5,0.5738457886724455,0.4261542113275545,438.5964912280702
7,10,17,65.0,95.0,16.5,0.5644361711318214,0.43556382886817857,438.5964912280702
8,10,17,75.0,95.0,16.5,0.5553576776954551,0.4446423223045449,438.5964912280702
9,10,17,85.0,95.0,16.5,0.5466421603379967,0.45335783966200327,438.5964912280702
10,10,17,95.0,95.0,16.5,0.5383157435279604,0.4616842564720396,438.5964912280702
11,10,17,105.0,95.0,16.5,0.5304204742072463,0.46957952579275375,438.5964912280702
12,10,17,115.0,95.0,16.5,0.5230246900235369,0.4769753099764631,438.5964912280702
13,10,17,125.0,95.0,16.5,0.5162070651656806,0.4837929348343194,438.5964912280702
14,10,17,135.0,95.0,16.5,0.5100066072752351,0.48999339272476494,438.5964912280702
15,10,17,145.0,95.0,16.5,0.5043315133204257,0.4956684866795743,438.5964912280702
16,10,17,155.0,95.0,16.5,0.49890198460141433,0.5010980153985857,438.5964912280702
17,10,17,165.0,95.0,16.5,0.49351900260332654,0.5064809973966735,438.5964912280702
18,10,17,175.0,95.0,16.5,0.4880679624828271,0.511932037517173,438.5964912280702
19,10,17,185.0,95.0,16.5,0.48254713878112415,0.5174528612188758,438.5964912280702
20,10,17,195.0,95.0,16.5,0.4770234794586575,0.5229765205413426,438.5964912280702
21,10,17,205.0,95.0,16.5,0.47139222443762335,0.5286077755623766,438.5964912280702
22,10,17,215.0,95.0,16.5,0.46526619874533254,0.5347338012546674,438.5964912280702
23,10,17,225.0,95.0,16.5,0.45819635982226253,0.5418036401777375,438.5964912280702
24,10,17,235.0,95.0,16.5,0.4499043908886688,0.5500956091113312,438.5964912280702
25,10,17,245.0,95.0,16.5,0.440031559350955,0.559968440649045,438.5964912280702
26,10,17,255.0,95.0,16.5,0.4275143226547811,0.5724856773452189,438.5964912280702
27,10,17,265.0,95.0,16.5,0.410228536804551,0.5897714631954489,438.5964912280702
28,10,17,275.0,95.0,16.5,0.38554821505481646,0.6144517849451836,438.5964912280702
29,10,17,285.0,95.0,16.5,0.35175572539895056,0.6482442746010495,438.5964912280702
30,10,17,295.0,95.0,16.5,0.3102868100817206,0.6897131899182793,438.5964912280702
31,10,17,305.0,95.0,16.5,0.2683361786845491,0.7316638213154509,438.5964912280702
32,10,17,315.0,95.0,16.5,0.23572074922376568,0.7642792507762344,438.5964912280702
33,10,17,325.0,95.0,16.5,0.215962130638658,0.784037869361342,438.5964912280702
34,10,17,335.0,95.0,16.5,0.20602481331244918,0.7939751866875508,438.5964912280702
35,10,17,345.0,95.0,16.5,0.20188019540667965,0.7981198045933203,438.5964912280702
36,10,17,355.0,95.0,16.5,0.20046835148779205,0.7995316485122079,438.5964912280702
37,10,17,365.0,95.0,16.5,0.2000835620491576,0.7999164379508424,438.5964912280702
38,10,17,375.0,95.0,16.5,0.20002969402052956,0.7999703059794705,438.5964912280702
39,10,17,385.0,95.0,16.5,0.20002662273858782,0.7999733772614122,438.5964912280702
40,10,17,395.0,95.0,16.5,0.20002656762527835,0.7999734323747216,438.5964912280702
41,10,17,405.0,95.0,16.5,0.20002700661068593,0.799972993389314,438.5964912280702
42,10,17,415.0,95.0,16.5,0.2000274827614743,0.7999725172385257,438.5964912280702
43,10,17,425.0,95.0,16.5,0.20002796166964734,0.7999720383303527,438.5964912280702
44,10,17,435.0,95.0,16.5,0.20002843917196092,0.7999715608280391,438.5964912280702
45,10,17,445.0,95.0,16.5,0.20002891061483175,0.7999710893851683,438.5964912280702
46,10,17,455.0,95.0,16.5,0.20002936909463143,0.7999706309053686,438.5964912280702
47,10,17,465.0,95.0,16.5,0.20002980209681315,0.7999701979031868,438.5964912280702
48,10,17,475.0,95.0,16.5,0.2000301893461227,0.7999698106538773,438.5964912280702
49,10,17,485.0,95.0,16.5,0.200030500070829,0.799969499929171,438.5964912280702
50,10,17,495.0,95.0,16.5,0.2000306909283925,0.7999693090716075,438.5964912280702
1,1,18,5.0,5.0,17.5,0.6481207008170377,0.35187929918296235,403.50877192982455
2,1,18,15.0,5.0,17.5,0.6376737852951686,0.3623262147048314,403.50877192982455
3,1,18,25.0,5.0,17.5,0.6256695991764069,0.37433040082359315,403.50877192982455
4,1,18,35.0,5.0,17.5,0.6132675546058394,0.38673244539416063,403.50877192982455
5,1,18,45.0,5.0,17.5,0.6010354097098674,0.39896459029013265,403.50877192982455
6,1,18,55.0,5.0,17.5,0.5892216116368737,0.4107783883631263,403.50877192982455
7,1,18,65.0,5.0,17.5,0.5778994372161931,0.4221005627838069,403.50877192982455
8,1,18,75.0,5.0,17.5,0.5670603233317332,0.4329396766682668,403.50877192982455
9,1,18,85.0,5.0,17.5,0.5566585390935284,0.44334146090647164,403.50877192982455
10,1,18,95.0,5.0,17.5,0.5466382932173227,0.4533617067826773,403.50877192982455
11,1,18,105.0,5.0,17.5,0.5369531549051456,0.4630468450948544,403.50877192982455
12,1,18,115.0,5.0,17.5,0.5275852864570081,0.4724147135429919,403.50877192982455
13,1,18,125.0,5.0,17.5,0.5185688494389421,0.4814311505610579,403.50877192982455
14,1,18,135.0,5.0,17.5,0.5100185042920825,0.4899814957079175,403.50877192982455
15,1,18,145.0,5.0,17.5,0.5021368290412848,0.49786317095871524,403.50877192982455
16,1,18,155.0,5.0,17.5,0.49513327247141103,0.504866727528589,403.50877192982455
17,1,18,165.0,5.0,17.5,0.4889674980516581,0.5110325019483419,403.50877192982455
18,1,18,175.0,5.0,17.5,0.4830651987775709,0.5169348012224291,403.50877192982455
19,1,18,185.0,5.0,17.5,0.47692089294540446,0.5230791070545955,403.50877192982455
20,1,18,195.0,5.0,17.5,0.4700531499898857,0.5299468500101143,403.50877192982455
21,1,18,205.0,5.0,17.5,0.46220133162882815,0.5377986683711719,403.50877192982455
22,1,18,215.0,5.0,17.5,0.45333358469135504,0.5466664153086449,403.50877192982455
23,1,18,225.0,5.0,17.5,0.4430812530123455,0.5569187469876544,403.50877192982455
24,1,18,235.0,5.0,17.5,0.42997915298841227,0.5700208470115877,403.50877192982455
25,1,18,245.0,5.0,17.5,0.41135787791039025,0.5886421220896098,403.50877192982455
26,1,18,255.0,5.0,17.5,0.38435707571272754,0.6156429242872725,403.50877192982455
27,1,18,265.0,5.0,17.5,0.3475958742746094,0.6524041257253905,403.50877192982455
28,1,18,275.0,5.0,17.5,0.30377839640768195,0.6962216035923181,403.50877192982455
29,1,18,285.0,5.0,17.5,0.2617347794054422,0.7382652205945578,403.50877192982455
30,1,18,295.0,5.0,17.5,0.23097423001130124,0.7690257699886988,403.50877192982455
31,1,18,305.0,5.0,17.5,0.21313187336987852,0.7868681266301215,403.50877192982455
32,1,18,315.0,5.0,17.5,0.20442828754233724,0.7955717124576628,403.50877192982455
33,1,18,325.0,5.0,17.5,0.2011165527181638,0.7988834472818362,403.50877192982455
34,1,18,335.0,5.0,17.5,0.2002362869620981,0.7997637130379018,403.50877192982455
35,1,18,345.0,5.0,17.5,0.20006150694745997,0.7999384930525401,403.50877192982455
36,1,18,355.0,5.0,17.5,0.20003055377617285,0.7999694462238272,403.50877192982455
37,1,18,365.0,5.0,17.5,0.20002588552515219,0.7999741144748478,403.50877192982455
38,1,18,375.0,5.0,17.5,0.20002556279487488,0.7999744372051252,403.50877192982455
39,1,18,385.0,5.0,17.5,0.20002591515671017,0.7999740848432898,403.50877192982455
40,1,18,395.0,5.0,17.5,0.2000263786468163,0.7999736213531837,403.50877192982455
41,1,18,405.0,5.0,17.5,0.20002686161319688,0.7999731383868032,403.50877192982455
42,1,18,415.0,5.0,17.5,0.20002735306445354,0.7999726469355465,403.50877192982455
43,1,18,425.0,5.0,17.5,0.20002785034290224,0.7999721496570977,403.50877192982455
44,1,18,435.0,5.0,17.5,0.20002835188689205,0.799971648113108,403.50877192982455
45,1,18,445.0,5.0,17.5,0.2000288564555107,0.7999711435444893,403.50877192982455
46,1,18,455.0,5.0,17.5,0.20002935968620766,0.7999706403137923,403.50877192982455
47,1,18,465.0,5.0,17.5,0.20002985202356718,0.7999701479764328,403.50877192982455
48,1,18,475.0,5.0,17.5,0.200030315247986,0.799969684752014,403.50877192982455
49,1,18,485.0,5.0,17.5,0.20003071286704832,0.7999692871329517,403.50877192982455
50,1,18,495.0,5.0,17.5,0.20003097921551583,0.7999690207844842,403.50877192982455
1,2,18,5.0,15.0,17.5,0.7112422391828124,0.2887577608171876,403.50877192982455
2,2,18,15.0,15.0,17.5,0.6980611910487198,0.3019388089512802,403.50877192982455
3,2,18,25.0,15.0,17.5,0.6834007067342057,0.3165992932657943,403.50877192982455
4,2,18,35.0,15.0,17.5,0.6687008144103816,0.33129918558961835,403.50877192982455
5,2,18,45.0,15.0,17.5,0.6546244181924582,0.3453755818075418,403.50877192982455
6,2,18,55.0,15.0,17.5,0.6414104295822397,0.3585895704177603,403.50877192982455
7,2,18,65.0,15.0,17.5,0.6290879893827341,0.37091201061726586,403.50877192982455
8,2,18,75.0,15.0,17.5,0.6175943580572241,0.38240564194277593,403.50877192982455
9,2,18,85.0,15.0,17.5,0.6068390404053344,0.39316095959466557,403.50877192982455
10,2,18,95.0,15.0,17.5,0.5967266597610507,0.40327334023894934,403.50877192982455
11,2,18,105.0,15.0,17.5,0.587169776844022,0.41283022315597795,403.50877192982455
12,2,18,115.0,15.0,17.5,0.5780944615034097,0.4219055384965903,403.50877192982455
13,2,18,125.0,15.0,17.5,0.5694413094299345,0.43055869057006546,403.50877192982455
14,2,18,135.0,15.0,17.5,0.5611665557458232,0.4388334442541768,403.50877192982455
15,2,18,145.0,15.0,17.5,0.5532393597084369,0.44676064029156315,403.50877192982455
16,2,18,155.0,15.0,17.5,0.5456332661459471,0.4543667338540529,403.50877192982455
17,2,18,165.0,15.0,17.5,0.5383179645428209,0.4616820354571791,403.50877192982455
18,2,18,175.0,15.0,17.5,0.5312475711673291,0.4687524288326709,403.50877192982455
19,2,18,185.0,15.0,17.5,0.5243947974158457,0.4756052025841543,403.50877192982455
20,2,18,195.0,15.0,17.5,0.517807498424623,0.48219250157537696,403.50877192982455
21,2,18,205.0,15.0,17.5,0.5116463883620707,0.48835361163792934,403.50877192982455
22,2,18,215.0,15.0,17.5,0.506020823449698,0.493979176550302,403.50877192982455
23,2,18,225.0,15.0,17.5,0.5006134617047465,0.4993865382952535,403.50877192982455
24,2,18,235.0,15.0,17.5,0.49494927149072226,0.5050507285092778,403.50877192982455
25,2,18,245.0,15.0,17.5,0.48854811639860696,0.511451883601393,403.50877192982455
26,2,18,255.0,15.0,17.5,0.48109665741321217,0.5189033425867878,403.50877192982455
27,2,18,265.0,15.0,17.5,0.47254622942000774,0.5274537705799922,403.50877192982455
28,2,18,275.0,15.0,17.5,0.4627368809036695,0.5372631190963305,403.50877192982455
29,2,18,285.0,15.0,17.5,0.450793701534008,0.549206298465992,403.50877192982455
30,2,18,295.0,15.0,17.5,0.4347124863584564,0.5652875136415436,403.50877192982455
31,2,18,305.0,15.0,17.5,0.41168056414915033,0.5883194358508497,403.50877192982455
32,2,18,315.0,15.0,17.5,0.3791150393030627,0.6208849606969373,403.50877192982455
33,2,18,325.0,15.0,17.5,0.336217887702521,0.663782112297479,403.50877192982455
34,2,18,335.0,15.0,17.5,0.28761163259854916,0.7123883674014508,403.50877192982455
35,2,18,345.0,15.0,17.5,0.2454485327384248,0.7545514672615752,403.50877192982455
36,2,18,355.0,15.0,17.5,0.21896308564932843,0.7810369143506716,403.50877192982455
37,2,18,365.0,15.0,17.5,0.20612965493937987,0.7938703450606202,403.50877192982455
38,2,18,375.0,15.0,17.5,0.20129649897534505,0.7987035010246549,403.50877192982455
39,2,18,385.0,15.0,17.5,0.20018597933734084,0.7998140206626592,403.50877192982455
40,2,18,395.0,15.0,17.5,0.2000462495796703,0.7999537504203297,403.50877192982455
41,2,18,405.0,15.0,17.5,0.20002902926577937,0.7999709707342206,403.50877192982455
42,2,18,415.0,15.0,17.5,0.20002756813188868,0.7999724318681113,403.50877192982455
43,2,18,425.0,15.0,17.5,0.20002786212989296,0.799972137870107,403.50877192982455
44,2,18,435.0,15.0,17.5,0.20002835339451022,0.7999716466054898,403.50877192982455
45,2,18,445.0,15.0,17.5,0.20002886090718344,0.7999711390928166,403.50877192982455
46,2,18,455.0,15.0,17.5,0.2000293718690808,0.7999706281309192,403.50877192982455
47,2,18,465.0,15.0,17.5,0.2000298787419859,0.7999701212580141,403.50877192982455
48,2,18,475.0,15.0,17.5,0.20003036744961955,0.7999696325503804,403.50877192982455
49,2,18,485.0,15.0,17.5,0.200030804945108,0.799969195054892,403.50877192982455
50,2,18,495.0,15.0,17.5,0.2000311204687428,0.7999688795312572,403.50877192982455
1,3,18,5.0,25.0,17.5,0.748528908233273,0.251471091766727,403.50877192982455
2,3,18,15.0,25.0,17.5,0.7333922860207635,0.26660771397923655,403.50877192982455
3,3,18,25.0,25.0,17.5,0.7166611716359671,0.2833388283640329,403.50877192982455
4,3,18,35.0,25.0,17.5,0.7000198031922559,0.2999801968077441,403.50877192982455
5,3,18,45.0,25.0,17.5,0.6842799003507841,0.3157200996492159,403.50877192982455
6,3,18,55.0,25.0,17.5,0.6697066908581353,0.3302933091418647,403.50877192982455
7,3,18,65.0,25.0,17.5,0.6562922977699829,0.3437077022300171,403.50877192982455
8,3,18,75.0,25.0,17.5,0.643922305336381,0.35607769466361905,403.50877192982455
9,3,18,85.0,25.0,17.5,0.6324680074655509,0.3675319925344491,403.50877192982455
10,3,18,95.0,25.0,17.5,0.6217799160964624,0.37822008390353756,403.50877192982455
11,3,18,105.0,25.0,17.5,0.6117272298197524,0.38827277018024764,403.50877192982455
12,3,18,115.0,25.0,17.5,0.602204346319636,0.39779565368036396,403.50877192982455
13,3,18,125.0,25.0,17.5,0.59312629832866,0.40687370167133996,403.50877192982455
14,3,18,135.0,25.0,17.5,0.584424163301357,0.41557583669864295,403.50877192982455
15,3,18,145.0,25.0,17.5,0.5760339930421978,0.4239660069578022,403.50877192982455
16,3,18,155.0,25.0,17.5,0.5678938884942192,0.4321061115057808,403.50877192982455
17,3,18,165.0,25.0,17.5,0.5599477556072676,0.4400522443927324,403.50877192982455
18,3,18,175.0,25.0,17.5,0.5521542210007668,0.44784577899923317,403.50877192982455
19,3,18,185.0,25.0,17.5,0.5444900246922119,0.45550997530778814,403.50877192982455
20,3,18,195.0,25.0,17.5,0.536977043319884,0.46302295668011595,403.50877192982455
21,3,18,205.0,25.0,17.5,0.5296990343371457,0.4703009656628543,403.50877192982455
22,3,18,215.0,25.0,17.5,0.5228044503725803,0.4771955496274197,403.50877192982455
23,3,18,225.0,25.0,17.5,0.5164596202193386,0.48354037978066144,403.50877192982455
24,3,18,235.0,25.0,17.5,0.5107408442759772,0.4892591557240228,403.50877192982455
25,3,18,245.0,25.0,17.5,0.5054313551752928,0.4945686448247072,403.50877192982455
26,3,18,255.0,25.0,17.5,0.5000126621098707,0.4999873378901293,403.50877192982455
27,3,18,265.0,25.0,17.5,0.49414514592653896,0.5058548540734611,403.50877192982455
28,3,18,275.0,25.0,17.5,0.4874724039612251,0.512527596038775,403.50877192982455
29,3,18,285.0,25.0,17.5,0.4797541973668367,0.5202458026331633,403.50877192982455
30,3,18,295.0,25.0,17.5,0.47082523104429064,0.5291747689557094,403.50877192982455
31,3,18,305.0,25.0,17.5,0.46035401877618626,0.5396459812238137,403.50877192982455
32,3,18,315.0,25.0,17.5,0.44740527684199716,0.5525947231580028,403.50877192982455
33,3,18,325.0,25.0,17.5,0.4299768629713651,0.5700231370286348,403.50877192982455
34,3,18,335.0,25.0,17.5,0.40520459392429775,0.5947954060757022,403.50877192982455
35,3,18,345.0,25.0,17.5,0.3702902889134882,0.6297097110865117,403.50877192982455
36,3,18,355.0,25.0,17.5,0.3246183739045703,0.6753816260954297,403.50877192982455
37,3,18,365.0,25.0,17.5,0.27501919247212037,0.7249808075278796,403.50877192982455
38,3,18,375.0,25.0,17.5,0.23571701721440713,0.7642829827855928,403.50877192982455
39,3,18,385.0,25.0,17.5,0.21350425029519085,0.7864957497048092,403.50877192982455
40,3,18,395.0,25.0,17.5,0.2036302898316246,0.7963697101683754,403.50877192982455
41,3,18,405.0,25.0,17.5,0.20055480915136073,0.7994451908486393,403.50877192982455
42,3,18,415.0,25.0,17.5,0.20007605515945387,0.7999239448405462,403.50877192982455
43,3,18,425.0,25.0,17.5,0.20003223802893982,0.7999677619710601,403.50877192982455
44,3,18,435.0,25.0,17.5,0.2000287285655851,0.7999712714344149,403.50877192982455
45,3,18,445.0,25.0,17.5,0.20002888586005385,0.7999711141399461,403.50877192982455
46,3,18,455.0,25.0,17.5,0.20002939103430603,0.7999706089656939,403.50877192982455
47,3,18,465.0,25.0,17.5,0.20002992143259138,0.7999700785674086,403.50877192982455
48,3,18,475.0,25.0,17.5,0.20003045387179408,0.7999695461282059,403.50877192982455
49,3,18,485.0,25.0,17.5,0.20003096222181416,0.7999690377781858,403.50877192982455
50,3,18,495.0,25.0,17.5,0.20003137694965958,0.7999686230503404,403.50877192982455
1,4,18,5.0,35.0,17.5,0.7741438381422427,0.22585616185775725,403.50877192982455
2,4,18,15.0,35.0,17.5,0.7583755715214882,0.24162442847851184,403.50877192982455
3,4,18,25.0,35.0,17.5,0.7402681300914457,0.25973186990855435,403.50877192982455
4,4,18,35.0,35.0,17.5,0.7220412671403105,0.27795873285968953,403.50877192982455
5,4,18,45.0,35.0,17.5,0.7048527821913931,0.29514721780860687,403.50877192982455
6,4,18,55.0,35.0,17.5,0.6892079689308357,0.3107920310691643,403.50877192982455
7,4,18,65.0,35.0,17.5,0.6749689976411641,0.32503100235883586,403.50877192982455
8,4,18,75.0,35.0,17.5,0.6619306627819367,0.3380693372180633,403.50877192982455
9,4,18,85.0,35.0,17.5,0.6498801497972255,0.3501198502027745,403.50877192982455
10,4,18,95.0,35.0,17.5,0.6386673247388126,0.3613326752611874,403.50877192982455
11,4,18,105.0,35.0,17.5,0.6281580263285368,0.3718419736714632,403.50877192982455
12,4,18,115.0,35.0,17.5,0.6182369102739101,0.38176308972608985,403.50877192982455
13,4,18,125.0,35.0,17.5,0.6088000099879126,0.3911999900120874,403.50877192982455
14,4,18,135.0,35.0,17.5,0.5997549123234616,0.40024508767653844,403.50877192982455
15,4,18,145.0,35.0,17.5,0.5910283867253614,0.4089716132746386,403.50877192982455
16,4,18,155.0,35.0,17.5,0.582560297960306,0.41743970203969405,403.50877192982455
17,4,18,165.0,35.0,17.5,0.5742965876715141,0.42570341232848585,403.50877192982455
18,4,18,175.0,35.0,17.5,0.5661941837043772,0.43380581629562276,403.50877192982455
19,4,18,185.0,35.0,17.5,0.5582224295534126,0.4417775704465874,403.50877192982455
20,4,18,195.0,35.0,17.5,0.5503599082961591,0.4496400917038409,403.50877192982455
21,4,18,205.0,35.0,17.5,0.5426149210916118,0.4573850789083882,403.50877192982455
22,4,18,215.0,35.0,17.5,0.5350337248879853,0.4649662751120147,403.50877192982455
23,4,18,225.0,35.0,17.5,0.5277243034454334,0.4722756965545666,403.50877192982455
24,4,18,235.0,35.0,17.5,0.5208609357668877,0.47913906423311226,403.50877192982455
25,4,18,245.0,35.0,17.5,0.51465285809237,0.48534714190762995,403.50877192982455
26,4,18,255.0,35.0,17.5,0.509174264886663,0.49082573511333705,403.50877192982455
27,4,18,265.0,35.0,17.5,0.5040633808878329,0.49593661911216713,403.50877192982455
28,4,18,275.0,35.0,17.5,0.498705689578384,0.501294310421616,403.50877192982455
29,4,18,285.0,35.0,17.5,0.49269136928634216,0.5073086307136578,403.50877192982455
30,4,18,295.0,35.0,17.5,0.48569771772732295,0.514302282272677,403.50877192982455
31,4,18,305.0,35.0,17.5,0.47759552563896873,0.5224044743610312,403.50877192982455
32,4,18,315.0,35.0,17.5,0.46829078870769997,0.5317092112923001,403.50877192982455
33,4,18,325.0,35.0,17.5,0.4573463755039772,0.5426536244960227,403.50877192982455
34,4,18,335.0,35.0,17.5,0.4435320795872159,0.556467920412784,403.50877192982455
35,4,18,345.0,35.0,17.5,0.4245620506980337,0.5754379493019663,403.50877192982455
36,4,18,355.0,35.0,17.5,0.397511661020172,0.602488338979828,403.50877192982455
37,4,18,365.0,35.0,17.5,0.3598177383900235,0.6401822616099765,403.50877192982455
38,4,18,375.0,35.0,17.5,0.31191874377451084,0.6880812562254892,403.50877192982455
39,4,18,385.0,35.0,17.5,0.26293967672876406,0.7370603232712359,403.50877192982455
40,4,18,395.0,35.0,17.5,0.22736576962832147,0.7726342303716786,403.50877192982455
41,4,18,405.0,35.0,17.5,0.20891599782396172,0.7910840021760382,403.50877192982455
42,4,18,415.0,35.0,17.5,0.20180813641452405,0.7981918635854759,403.50877192982455
43,4,18,425.0,35.0,17.5,0.20021227745077017,0.7997877225492298,403.50877192982455
44,4,18,435.0,35.0,17.5,0.20004297805239685,0.7999570219476031,403.50877192982455
45,4,18,445.0,35.0,17.5,0.20002989622769513,0.7999701037723048,403.50877192982455
46,4,18,455.0,35.0,17.5,0.20002947549841815,0.7999705245015818,403.50877192982455
47,4,18,465.0,35.0,17.5,0.20002996534944636,0.7999700346505536,403.50877192982455
48,4,18,475.0,35.0,17.5,0.2000305456813425,0.7999694543186575,403.50877192982455
49,4,18,485.0,35.0,17.5,0.20003114140713324,0.7999688585928668,403.50877192982455
50,4,18,495.0,35.0,17.5,0.20003168369979724,0.7999683163002027,403.50877192982455
1,5,18,5.0,45.0,17.5,0.7919951242535481,0.20800487574645188,403.50877192982455
2,5,18,15.0,45.0,17.5,0.7782688474818775,0.22173115251812248,403.50877192982455
3,5,18,25.0,45.0,17.5,0.7599745665966801,0.24002543340331994,403.50877192982455
4,5,18,35.0,45.0,17.5,0.7408871426043134,0.25911285739568657,403.50877192982455
5,5,18,45.0,45.0,17.5,0.7229059919339981,0.27709400806600193,403.50877192982455
6,5,18,55.0,45.0,17.5,0.7063455293417257,0.2936544706582743,403.50877192982455
7,5,18,65.0,45.0,17.5,0.6912863234600424,0.3087136765399576,403.50877192982455
8,5,18,75.0,45.0,17.5,0.6775752779813953,0.3224247220186047,403.50877192982455
9,5,18,85.0,45.0,17.5,0.665006333530978,0.33499366646902196,403.50877192982455
10,5,18,95.0,45.0,17.5,0.6533923818154477,0.3466076181845523,403.50877192982455
11,5,18,105.0,45.0,17.5,0.6425662704053561,0.3574337295946439,403.50877192982455
12,5,18,115.0,45.0,17.5,0.6323964471124058,0.36760355288759416,403.50877192982455
13,5,18,125.0,45.0,17.5,0.62277078991453,0.37722921008546995,403.50877192982455
14,5,18,135.0,45.0,17.5,0.6135960162909101,0.3864039837090899,403.50877192982455
15,5,18,145.0,45.0,17.5,0.6047927755957444,0.3952072244042556,403.50877192982455
16,5,18,155.0,45.0,17.5,0.5962935641279051,0.40370643587209487,403.50877192982455
17,5,18,165.0,45.0,17.5,0.5880364877790378,0.41196351222096217,403.50877192982455
18,5,18,175.0,45.0,17.5,0.5799651387628612,0.42003486123713885,403.50877192982455
19,5,18,185.0,45.0,17.5,0.5720341098592584,0.4279658901407416,403.50877192982455
20,5,18,195.0,45.0,17.5,0.5642104710345875,0.43578952896541245,403.50877192982455
21,5,18,205.0,45.0,17.5,0.5564808427405866,0.4435191572594134,403.50877192982455
22,5,18,215.0,45.0,17.5,0.5488535064514513,0.45114649354854874,403.50877192982455
23,5,18,225.0,45.0,17.5,0.5413702891694703,0.4586297108305297,403.50877192982455
24,5,18,235.0,45.0,17.5,0.5341268098629106,0.4658731901370894,403.50877192982455
25,5,18,245.0,45.0,17.5,0.5272788794469142,0.4727211205530858,403.50877192982455
26,5,18,255.0,45.0,17.5,0.5210162778717825,0.4789837221282175,403.50877192982455
27,5,18,265.0,45.0,17.5,0.5154400275301246,0.48455997246987537,403.50877192982455
28,5,18,275.0,45.0,17.5,0.510340672007952,0.48965932799204803,403.50877192982455
29,5,18,285.0,45.0,17.5,0.5050879965575268,0.4949120034424732,403.50877192982455
30,5,18,295.0,45.0,17.5,0.4992896586564466,0.5007103413435534,403.50877192982455
31,5,18,305.0,45.0,17.5,0.49261549173217634,0.5073845082678237,403.50877192982455
32,5,18,315.0,45.0,17.5,0.4848605128658187,0.5151394871341812,403.50877192982455
33,5,18,325.0,45.0,17.5,0.4759537361695037,0.5240462638304964,403.50877192982455
34,5,18,335.0,45.0,17.5,0.4656843252197837,0.5343156747802162,403.50877192982455
35,5,18,345.0,45.0,17.5,0.453245508615794,0.546754491384206,403.50877192982455
36,5,18,355.0,45.0,17.5,0.4367778143675346,0.5632221856324654,403.50877192982455
37,5,18,365.0,45.0,17.5,0.4134162264331722,0.5865837735668278,403.50877192982455
38,5,18,375.0,45.0,17.5,0.37995280462030195,0.620047195379698,403.50877192982455
39,5,18,385.0,45.0,17.5,0.33439071485332034,0.6656092851466797,403.50877192982455
40,5,18,395.0,45.0,17.5,0.2813304143859119,0.7186695856140881,403.50877192982455
41,5,18,405.0,45.0,17.5,0.2365276261017828,0.7634723738982172,403.50877192982455
42,5,18,415.0,45.0,17.5,0.21154857438332672,0.7884514256166733,403.50877192982455
43,5,18,425.0,45.0,17.5,0.20221441147623492,0.797785588523765,403.50877192982455
44,5,18,435.0,45.0,17.5,0.2002276292214086,0.7997723707785914,403.50877192982455
45,5,18,445.0,45.0,17.5,0.20004093462084546,0.7999590653791545,403.50877192982455
46,5,18,455.0,45.0,17.5,0.20003014595988802,0.799969854040112,403.50877192982455
47,5,18,465.0,45.0,17.5,0.2000300166209651,0.7999699833790349,403.50877192982455
48,5,18,475.0,45.0,17.5,0.20003057958096407,0.799969420419036,403.50877192982455
49,5,18,485.0,45.0,17.5,0.20003120213125486,0.7999687978687451,403.50877192982455
50,5,18,495.0,45.0,17.5,0.20003173696170068,0.7999682630382994,403.50877192982455
1,6,18,5.0,55.0,17.5,0.7752546123945339,0.22474538760546614,403.50877192982455
2,6,18,15.0,55.0,17.5,0.760315005150653,0.23968499484934702,403.50877192982455
3,6,18,25.0,55.0,17.5,0.7430864567077645,0.2569135432922355,403.50877192982455
4,6,18,35.0,55.0,17.5,0.7255958995209456,0.2744041004790544,403.50877192982455
5,6,18,45.0,55.0,17.5,0.7089696907602333,0.2910303092397667,403.50877192982455
6,6,18,55.0,55.0,17.5,0.6935754146658047,0.30642458533419525,403.50877192982455
7,6,18,65.0,55.0,17.5,0.679434513820351,0.320565486179649,403.50877192982455
8,6,18,75.0,55.0,17.5,0.666423932731238,0.333576067268762,403.50877192982455
9,6,18,85.0,55.0,17.5,0.65438803420318,0.34561196579681996,403.50877192982455
10,6,18,95.0,55.0,17.5,0.6431735137572059,0.3568264862427941,403.50877192982455
11,6,18,105.0,55.0,17.5,0.6326487611917869,0.3673512388082131,403.50877192982455
12,6,18,115.0,55.0,17.5,0.6227004912334775,0.3772995087665225,403.50877192982455
13,6,18,125.0,55.0,17.5,0.6132311546519158,0.3867688453480842,403.50877192982455
14,6,18,135.0,55.0,17.5,0.6041567120276999,0.39584328797230006,403.50877192982455
15,6,18,145.0,55.0,17.5,0.5954046118137485,0.4045953881862515,403.50877192982455
16,6,18,155.0,55.0,17.5,0.5869124048959671,0.4130875951040329,403.50877192982455
17,6,18,165.0,55.0,17.5,0.5786224393749789,0.4213775606250211,403.50877192982455
18,6,18,175.0,55.0,17.5,0.5704867019448613,0.4295132980551387,403.50877192982455
19,6,18,185.0,55.0,17.5,0.5624678976286136,0.4375321023713864,403.50877192982455
20,6,18,195.0,55.0,17.5,0.5545375750412562,0.4454624249587438,403.50877192982455
21,6,18,205.0,55.0,17.5,0.5466911022445519,0.45330889775544814,403.50877192982455
22,6,18,215.0,55.0,17.5,0.5389576851950506,0.4610423148049494,403.50877192982455
23,6,18,225.0,55.0,17.5,0.5314254284132737,0.46857457158672633,403.50877192982455
24,6,18,235.0,55.0,17.5,0.524263893688165,0.47573610631183505,403.50877192982455
25,6,18,245.0,55.0,17.5,0.5177113285963933,0.48228867140360665,403.50877192982455
26,6,18,255.0,55.0,17.5,0.5119554992682557,0.4880445007317443,403.50877192982455
27,6,18,265.0,55.0,17.5,0.506845164950899,0.49315483504910096,403.50877192982455
28,6,18,275.0,55.0,17.5,0.5017125771650363,0.49828742283496374,403.50877192982455
29,6,18,285.0,55.0,17.5,0.49605169694649986,0.5039483030535001,403.50877192982455
30,6,18,295.0,55.0,17.5,0.48948063628405997,0.51051936371594,403.50877192982455
31,6,18,305.0,55.0,17.5,0.4817924651332699,0.5182075348667301,403.50877192982455
32,6,18,315.0,55.0,17.5,0.4729299016708715,0.5270700983291285,403.50877192982455
33,6,18,325.0,55.0,17.5,0.46269220689882307,0.5373077931011769,403.50877192982455
34,6,18,335.0,55.0,17.5,0.4502536513308411,0.549746348669159,403.50877192982455
35,6,18,345.0,55.0,17.5,0.43371950750340826,0.5662804924965917,403.50877192982455
36,6,18,355.0,55.0,17.5,0.4102306869706437,0.5897693130293563,403.50877192982455
37,6,18,365.0,55.0,17.5,0.37666996810876346,0.6233300318912365,403.50877192982455
38,6,18,375.0,55.0,17.5,0.3315296675757589,0.6684703324242411,403.50877192982455
39,6,18,385.0,55.0,17.5,0.2802033332836798,0.7197966667163203,403.50877192982455
40,6,18,395.0,55.0,17.5,0.23753390077537848,0.7624660992246215,403.50877192982455
41,6,18,405.0,55.0,17.5,0.2130079659395298,0.7869920340604701,403.50877192982455
42,6,18,415.0,55.0,17.5,0.20287507179647746,0.7971249282035225,403.50877192982455
43,6,18,425.0,55.0,17.5,0.20033898692054325,0.7996610130794568,403.50877192982455
44,6,18,435.0,55.0,17.5,0.2000497792447894,0.7999502207552106,403.50877192982455
45,6,18,445.0,55.0,17.5,0.20003008152769544,0.7999699184723046,403.50877192982455
46,6,18,455.0,55.0,17.5,0.20002943707424228,0.7999705629257577,403.50877192982455
47,6,18,465.0,55.0,17.5,0.20002990751635813,0.7999700924836419,403.50877192982455
48,6,18,475.0,55.0,17.5,0.20003046745977504,0.799969532540225,403.50877192982455
49,6,18,485.0,55.0,17.5,0.20003103126090907,0.799968968739091,403.50877192982455
50,6,18,495.0,55.0,17.5,0.20003152932790916,0.7999684706720909,403.50877192982455
1,7,18,5.0,65.0,17.5,0.7522433885548886,0.2477566114451114,403.50877192982455
2,7,18,15.0,65.0,17.5,0.7380787900426501,0.2619212099573499,403.50877192982455
3,7,18,25.0,65.0,17.5,0.7222260997986832,0.27777390020131676,403.50877192982455
4,7,18,35.0,65.0,17.5,0.7062463573790266,0.29375364262097337,403.50877192982455
5,7,18,45.0,65.0,17.5,0.6909555506233247,0.3090444493766753,403.50877192982455
6,7,18,55.0,65.0,17.5,0.6766677668794872,0.32333223312051285,403.50877192982455
7,7,18,65.0,65.0,17.5,0.6634245658403775,0.33657543415962254,403.50877192982455
8,7,18,75.0,65.0,17.5,0.65114686594342,0.34885313405658,403.50877192982455
9,7,18,85.0,65.0,17.5,0.6397218354281788,0.36027816457182116,403.50877192982455
10,7,18,95.0,65.0,17.5,0.6290252286863875,0.37097477131361245,403.50877192982455
11,7,18,105.0,65.0,17.5,0.6189457502017445,0.38105424979825553,403.50877192982455
12,7,18,115.0,65.0,17.5,0.6093847769445782,0.39061522305542185,403.50877192982455
13,7,18,125.0,65.0,17.5,0.6002548588663443,0.39974514113365567,403.50877192982455
14,7,18,135.0,65.0,17.5,0.5914797269511917,0.40852027304880834,403.50877192982455
15,7,18,145.0,65.0,17.5,0.5829904079561165,0.41700959204388355,403.50877192982455
16,7,18,155.0,65.0,17.5,0.5747263734371619,0.42527362656283807,403.50877192982455
17,7,18,165.0,65.0,17.5,0.5666390965347312,0.4333609034652688,403.50877192982455
18,7,18,175.0,65.0,17.5,0.5586902153023157,0.44130978469768434,403.50877192982455
19,7,18,185.0,65.0,17.5,0.5508583187536137,0.4491416812463863,403.50877192982455
20,7,18,195.0,65.0,17.5,0.5431474724151321,0.45685252758486794,403.50877192982455
21,7,18,205.0,65.0,17.5,0.5355929169747923,0.4644070830252077,403.50877192982455
22,7,18,215.0,65.0,17.5,0.5282893240195558,0.47171067598044425,403.50877192982455
23,7,18,225.0,65.0,17.5,0.5214026228728084,0.47859737712719164,403.50877192982455
24,7,18,235.0,65.0,17.5,0.5151458452551895,0.48485415474481053,403.50877192982455
25,7,18,245.0,65.0,17.5,0.509616630623784,0.49038336937621596,403.50877192982455
26,7,18,255.0,65.0,17.5,0.5044937377378859,0.49550626226211414,403.50877192982455
27,7,18,265.0,65.0,17.5,0.49916998675542745,0.5008300132445725,403.50877192982455
28,7,18,275.0,65.0,17.5,0.4932343912801314,0.5067656087198686,403.50877192982455
29,7,18,285.0,65.0,17.5,0.48634843498399605,0.513651565016004,403.50877192982455
30,7,18,295.0,65.0,17.5,0.4783660120039601,0.5216339879960399,403.50877192982455
31,7,18,305.0,65.0,17.5,0.4691893846437305,0.5308106153562695,403.50877192982455
32,7,18,315.0,65.0,17.5,0.45840733924525573,0.5415926607547443,403.50877192982455
33,7,18,325.0,65.0,17.5,0.4448505440413161,0.5551494559586839,403.50877192982455
34,7,18,335.0,65.0,17.5,0.426281495077051,0.573718504922949,403.50877192982455
35,7,18,345.0,65.0,17.5,0.3997515596787602,0.6002484403212398,403.50877192982455
36,7,18,355.0,65.0,17.5,0.36251914789515843,0.6374808521048416,403.50877192982455
37,7,18,365.0,65.0,17.5,0.31464749864107333,0.6853525013589267,403.50877192982455
38,7,18,375.0,65.0,17.5,0.26493883679306407,0.7350611632069359,403.50877192982455
39,7,18,385.0,65.0,17.5,0.2284262771347745,0.7715737228652255,403.50877192982455
40,7,18,395.0,65.0,17.5,0.20937989702254717,0.7906201029774529,403.50877192982455
41,7,18,405.0,65.0,17.5,0.20191887843463482,0.7980811215653651,403.50877192982455
42,7,18,415.0,65.0,17.5,0.20022051601760343,0.7997794839823966,403.50877192982455
43,7,18,425.0,65.0,17.5,0.2000422517312507,0.7999577482687493,403.50877192982455
44,7,18,435.0,65.0,17.5,0.20002925242312258,0.7999707475768774,403.50877192982455
45,7,18,445.0,65.0,17.5,0.20002885498862627,0.7999711450113738,403.50877192982455
46,7,18,455.0,65.0,17.5,0.20002931007478122,0.7999706899252188,403.50877192982455
47,7,18,465.0,65.0,17.5,0.20002981541061512,0.7999701845893848,403.50877192982455
48,7,18,475.0,65.0,17.5,0.20003031658315482,0.7999696834168452,403.50877192982455
49,7,18,485.0,65.0,17.5,0.20003078586657205,0.7999692141334279,403.50877192982455
50,7,18,495.0,65.0,17.5,0.20003115875679692,0.7999688412432031,403.50877192982455
1,8,18,5.0,75.0,17.5,0.721367596149559,0.27863240385044097,403.50877192982455
2,8,18,15.0,75.0,17.5,0.7089901089723617,0.2910098910276383,403.50877192982455
3,8,18,25.0,75.0,17.5,0.6950015058616987,0.30499849413830127,403.50877192982455
4,8,18,35.0,75.0,17.5,0.6807756510344607,0.3192243489655393,403.50877192982455
5,8,18,45.0,75.0,17.5,0.6670100480835496,0.3329899519164504,403.50877192982455
6,8,18,55.0,75.0,17.5,0.6539963849072351,0.3460036150927649,403.50877192982455
7,8,18,65.0,75.0,17.5,0.641805501075811,0.358194498924189,403.50877192982455
8,8,18,75.0,75.0,17.5,0.630405309755071,0.36959469024492897,403.50877192982455
9,8,18,85.0,75.0,17.5,0.6197186289722376,0.3802813710277624,403.50877192982455
10,8,18,95.0,75.0,17.5,0.6096564094913686,0.39034359050863143,403.50877192982455
11,8,18,105.0,75.0,17.5,0.6001326913695,0.3998673086305,403.50877192982455
12,8,18,115.0,75.0,17.5,0.591068280426318,0.408931719573682,403.50877192982455
13,8,18,125.0,75.0,17.5,0.5823898579923096,0.4176101420076904,403.50877192982455
14,8,18,135.0,75.0,17.5,0.5740300910181478,0.42596990898185216,403.50877192982455
15,8,18,145.0,75.0,17.5,0.565927789746687,0.434072210253313,403.50877192982455
16,8,18,155.0,75.0,17.5,0.5580308919749454,0.4419691080250546,403.50877192982455
17,8,18,165.0,75.0,17.5,0.5503009709178929,0.4496990290821071,403.50877192982455
18,8,18,175.0,75.0,17.5,0.542735004636265,0.457264995363735,403.50877192982455
19,8,18,185.0,75.0,17.5,0.535370288583349,0.464629711416651,403.50877192982455
20,8,18,195.0,75.0,17.5,0.5282924086260665,0.4717075913739335,403.50877192982455
21,8,18,205.0,75.0,17.5,0.5216111461227979,0.4783888538772021,403.50877192982455
22,8,18,215.0,75.0,17.5,0.515433929050917,0.484566070949083,403.50877192982455
23,8,18,225.0,75.0,17.5,0.509785686557812,0.490214313442188,403.50877192982455
24,8,18,235.0,75.0,17.5,0.504434227666628,0.49556577233337196,403.50877192982455
25,8,18,245.0,75.0,17.5,0.49894899040324125,0.5010510095967587,403.50877192982455
26,8,18,255.0,75.0,17.5,0.4930054345960215,0.5069945654039785,403.50877192982455
27,8,18,265.0,75.0,17.5,0.48622388920160203,0.513776110798398,403.50877192982455
28,8,18,275.0,75.0,17.5,0.4783540926888309,0.5216459073111691,403.50877192982455
29,8,18,285.0,75.0,17.5,0.4692328095400264,0.5307671904599736,403.50877192982455
30,8,18,295.0,75.0,17.5,0.45850362557511065,0.5414963744248893,403.50877192982455
31,8,18,305.0,75.0,17.5,0.44507879405318995,0.55492120594681,403.50877192982455
32,8,18,315.0,75.0,17.5,0.4267031270210832,0.5732968729789167,403.50877192982455
33,8,18,325.0,75.0,17.5,0.4003641816031978,0.5996358183968022,403.50877192982455
34,8,18,335.0,75.0,17.5,0.36336270649967206,0.6366372935003279,403.50877192982455
35,8,18,345.0,75.0,17.5,0.31598061969467334,0.6840193803053267,403.50877192982455
36,8,18,355.0,75.0,17.5,0.2668355830012232,0.7331644169987768,403.50877192982455
37,8,18,365.0,75.0,17.5,0.23030608022297053,0.7696939197770295,403.50877192982455
38,8,18,375.0,75.0,17.5,0.21076146796806985,0.7892385320319302,403.50877192982455
39,8,18,385.0,75.0,17.5,0.2025691497846946,0.7974308502153054,403.50877192982455
40,8,18,395.0,75.0,17.5,0.20033471965784794,0.799665280342152,403.50877192982455
41,8,18,405.0,75.0,17.5,0.20005374721835084,0.7999462527816492,403.50877192982455
42,8,18,415.0,75.0,17.5,0.20002964150032196,0.799970358499678,403.50877192982455
43,8,18,425.0,75.0,17.5,0.20002797937606795,0.799972020623932,403.50877192982455
44,8,18,435.0,75.0,17.5,0.2000282929055886,0.7999717070944115,403.50877192982455
45,8,18,445.0,75.0,17.5,0.20002877251702217,0.7999712274829778,403.50877192982455
46,8,18,455.0,75.0,17.5,0.20002925498952387,0.7999707450104762,403.50877192982455
47,8,18,465.0,75.0,17.5,0.20002972685759407,0.7999702731424059,403.50877192982455
48,8,18,475.0,75.0,17.5,0.20003017261460979,0.7999698273853902,403.50877192982455
49,8,18,485.0,75.0,17.5,0.2000305613878683,0.7999694386121317,403.50877192982455
50,8,18,495.0,75.0,17.5,0.20003083270314642,0.7999691672968536,403.50877192982455
1,9,18,5.0,85.0,17.5,0.6791143483992437,0.3208856516007563,403.50877192982455
2,9,18,15.0,85.0,17.5,0.6689706197101782,0.33102938028982176,403.50877192982455
3,9,18,25.0,85.0,17.5,0.6571794504649165,0.34282054953508345,403.50877192982455
4,9,18,35.0,85.0,17.5,0.6449221192337701,0.3550778807662299,403.50877192982455
5,9,18,45.0,85.0,17.5,0.6328314460484172,0.36716855395158277,403.50877192982455
6,9,18,55.0,85.0,17.5,0.6212029724092738,0.3787970275907262,403.50877192982455
7,9,18,65.0,85.0,17.5,0.6101498108219381,0.3898501891780619,403.50877192982455
8,9,18,75.0,85.0,17.5,0.5996856869233594,0.40031431307664056,403.50877192982455
9,9,18,85.0,85.0,17.5,0.5897817620343032,0.4102182379656968,403.50877192982455
10,9,18,95.0,85.0,17.5,0.5803947211290981,0.41960527887090193,403.50877192982455
11,9,18,105.0,85.0,17.5,0.5714799050064385,0.4285200949935615,403.50877192982455
12,9,18,115.0,85.0,17.5,0.5629978431976427,0.4370021568023573,403.50877192982455
13,9,18,125.0,85.0,17.5,0.5549135944740499,0.44508640552595014,403.50877192982455
14,9,18,135.0,85.0,17.5,0.5471926524060468,0.45280734759395325,403.50877192982455
15,9,18,145.0,85.0,17.5,0.5397845350384268,0.4602154649615732,403.50877192982455
16,9,18,155.0,85.0,17.5,0.5326285660359468,0.46737143396405323,403.50877192982455
17,9,18,165.0,85.0,17.5,0.525679252900855,0.47432074709914496,403.50877192982455
18,9,18,175.0,85.0,17.5,0.5189728385420856,0.48102716145791435,403.50877192982455
19,9,18,185.0,85.0,17.5,0.5126626146090858,0.4873373853909142,403.50877192982455
20,9,18,195.0,85.0,17.5,0.5068953969423049,0.4931046030576951,403.50877192982455
21,9,18,205.0,85.0,17.5,0.5014724501159606,0.49852754988403936,403.50877192982455
22,9,18,215.0,85.0,17.5,0.4959133992971342,0.5040866007028658,403.50877192982455
23,9,18,225.0,85.0,17.5,0.48980038086867167,0.5101996191313283,403.50877192982455
24,9,18,235.0,85.0,17.5,0.4827824203329383,0.5172175796670617,403.50877192982455
25,9,18,245.0,85.0,17.5,0.47473003684262655,0.5252699631573734,403.50877192982455
26,9,18,255.0,85.0,17.5,0.4655288544572369,0.5344711455427631,403.50877192982455
27,9,18,265.0,85.0,17.5,0.45457694184336367,0.5454230581566364,403.50877192982455
28,9,18,275.0,85.0,17.5,0.44031432058982356,0.5596856794101764,403.50877192982455
29,9,18,285.0,85.0,17.5,0.4201944715724078,0.5798055284275923,403.50877192982455
30,9,18,295.0,85.0,17.5,0.3914477321387334,0.6085522678612666,403.50877192982455
31,9,18,305.0,85.0,17.5,0.35237513652339864,0.6476248634766013,403.50877192982455
32,9,18,315.0,85.0,17.5,0.3050755646364896,0.6949244353635105,403.50877192982455
33,9,18,325.0,85.0,17.5,0.2591589821626694,0.7408410178373306,403.50877192982455
34,9,18,335.0,85.0,17.5,0.22657672549413743,0.7734232745058626,403.50877192982455
35,9,18,345.0,85.0,17.5,0.2094027305720981,0.7905972694279019,403.50877192982455
36,9,18,355.0,85.0,17.5,0.20232160159338983,0.7976783984066101,403.50877192982455
37,9,18,365.0,85.0,17.5,0.200355398487825,0.799644601512175,403.50877192982455
38,9,18,375.0,85.0,17.5,0.20006214690881208,0.7999378530911879,403.50877192982455
39,9,18,385.0,85.0,17.5,0.20003021509786012,0.7999697849021399,403.50877192982455
40,9,18,395.0,85.0,17.5,0.20002680322421412,0.7999731967757859,403.50877192982455
41,9,18,405.0,85.0,17.5,0.2000268617802659,0.7999731382197341,403.50877192982455
42,9,18,415.0,85.0,17.5,0.20002731232797233,0.7999726876720277,403.50877192982455
43,9,18,425.0,85.0,17.5,0.20002779096282702,0.799972209037173,403.50877192982455
44,9,18,435.0,85.0,17.5,0.20002827107262325,0.7999717289273768,403.50877192982455
45,9,18,445.0,85.0,17.5,0.20002874711216476,0.7999712528878352,403.50877192982455
46,9,18,455.0,85.0,17.5,0.20002921286026862,0.7999707871397314,403.50877192982455
47,9,18,465.0,85.0,17.5,0.20002965793058006,0.79997034206942,403.50877192982455
48,9,18,475.0,85.0,17.5,0.20003006346076926,0.7999699365392308,403.50877192982455
49,9,18,485.0,85.0,17.5,0.20003039790809496,0.799969602091905,403.50877192982455
50,9,18,495.0,85.0,17.5,0.20003061106284611,0.7999693889371539,403.50877192982455
1,10,18,5.0,95.0,17.5,0.6083845249321396,0.39161547506786043,403.50877192982455
2,10,18,15.0,95.0,17.5,0.6004787161894148,0.39952128381058516,403.50877192982455
3,10,18,25.0,95.0,17.5,0.5908828975152992,0.4091171024847008,403.50877192982455
4,10,18,35.0,95.0,17.5,0.5805184706259996,0.4194815293740004,403.50877192982455
5,10,18,45.0,95.0,17.5,0.5699302630501347,0.4300697369498653,403.50877192982455
6,10,18,55.0,95.0,17.5,0.5594117114277283,0.4405882885722717,403.50877192982455
7,10,18,65.0,95.0,17.5,0.5491043164388193,0.4508956835611807,403.50877192982455
8,10,18,75.0,95.0,17.5,0.5390684082391503,0.46093159176084975,403.50877192982455
9,10,18,85.0,95.0,17.5,0.5293297605510304,0.4706702394489696,403.50877192982455
10,10,18,95.0,95.0,17.5,0.5199163865886931,0.4800836134113069,403.50877192982455
11,10,18,105.0,95.0,17.5,0.5108924606116599,0.48910753938834006,403.50877192982455
12,10,18,115.0,95.0,17.5,0.5023838636207464,0.4976161363792536,403.50877192982455
13,10,18,125.0,95.0,17.5,0.49457120472229005,0.5054287952777099,403.50877192982455
14,10,18,135.0,95.0,17.5,0.48758045734927064,0.5124195426507294,403.50877192982455
15,10,18,145.0,95.0,17.5,0.4812347495609943,0.5187652504390057,403.50877192982455
16,10,18,155.0,95.0,17.5,0.4749825574808276,0.5250174425191724,403.50877192982455
17,10,18,165.0,95.0,17.5,0.4684458328036862,0.5315541671963138,403.50877192982455
18,10,18,175.0,95.0,17.5,0.46116515380608436,0.5388348461939156,403.50877192982455
19,10,18,185.0,95.0,17.5,0.4529163459094501,0.5470836540905499,403.50877192982455
20,10,18,195.0,95.0,17.5,0.4435573882512832,0.5564426117487168,403.50877192982455
21,10,18,205.0,95.0,17.5,0.432367971960009,0.567632028039991,403.50877192982455
22,10,18,215.0,95.0,17.5,0.41745064215393146,0.5825493578460685,403.50877192982455
23,10,18,225.0,95.0,17.5,0.39602001491179417,0.6039799850882058,403.50877192982455
24,10,18,235.0,95.0,17.5,0.3656755067556685,0.6343244932443315,403.50877192982455
25,10,18,245.0,95.0,17.5,0.32639919636486286,0.6736008036351371,403.50877192982455
26,10,18,255.0,95.0,17.5,0.2833970988352448,0.7166029011647552,403.50877192982455
27,10,18,265.0,95.0,17.5,0.24662229312457054,0.7533777068754295,403.50877192982455
28,10,18,275.0,95.0,17.5,0.22247296798662466,0.7775270320133754,403.50877192982455
29,10,18,285.0,95.0,17.5,0.20946759147757626,0.7905324085224237,403.50877192982455
30,10,18,295.0,95.0,17.5,0.20345586120299605,0.7965441387970039,403.50877192982455
31,10,18,305.0,95.0,17.5,0.2011031422509494,0.7988968577490506,403.50877192982455
32,10,18,315.0,95.0,17.5,0.20027528557809338,0.7997247144219066,403.50877192982455
33,10,18,325.0,95.0,17.5,0.20006104231897592,0.7999389576810241,403.50877192982455
34,10,18,335.0,95.0,17.5,0.20002940320619453,0.7999705967938054,403.50877192982455
35,10,18,345.0,95.0,17.5,0.20002507240099218,0.7999749275990078,403.50877192982455
36,10,18,355.0,95.0,17.5,0.20002463950372384,0.7999753604962762,403.50877192982455
37,10,18,365.0,95.0,17.5,0.20002496294196212,0.7999750370580379,403.50877192982455
38,10,18,375.0,95.0,17.5,0.20002541392884454,0.7999745860711555,403.50877192982455
39,10,18,385.0,95.0,17.5,0.20002588168068636,0.7999741183193136,403.50877192982455
40,10,18,395.0,95.0,17.5,0.2000263544312469,0.7999736455687532,403.50877192982455
41,10,18,405.0,95.0,17.5,0.200026830294001,0.799973169705999,403.50877192982455
42,10,18,415.0,95.0,17.5,0.20002730799151058,0.7999726920084894,403.50877192982455
43,10,18,425.0,95.0,17.5,0.2000277864370369,0.7999722135629631,403.50877192982455
44,10,18,435.0,95.0,17.5,0.20002826304741192,0.799971736952588,403.50877192982455
45,10,18,445.0,95.0,17.5,0.200028733199425,0.799971266800575,403.50877192982455
46,10,18,455.0,95.0,17.5,0.20002918963448588,0.7999708103655141,403.50877192982455
47,10,18,465.0,95.0,17.5,0.20002961979549633,0.7999703802045037,403.50877192982455
48,10,18,475.0,95.0,17.5,0.20003000341763474,0.7999699965823652,403.50877192982455
49,10,18,485.0,95.0,17.5,0.20003030982264006,0.79996969017736,403.50877192982455
50,10,18,495.0,95.0,17.5,0.20003049641864445,0.7999695035813555,403.50877192982455
1,1,19,5.0,5.0,18.5,0.6385891611786807,0.3614108388213193,368.42105263157896
2,1,19,15.0,5.0,18.5,0.6274517932343391,0.3725482067656609,368.42105263157896
3,1,19,25.0,5.0,18.5,0.6146449787790704,0.38535502122092957,368.42105263157896
4,1,19,35.0,5.0,18.5,0.6013813781139511,0.3986186218860489,368.42105263157896
5,1,19,45.0,5.0,18.5,0.588249532324279,0.411750467675721,368.42105263157896
6,1,19,55.0,5.0,18.5,0.5754919237734485,0.4245080762265515,368.42105263157896
7,1,19,65.0,5.0,18.5,0.563171108839575,0.436828891160425,368.42105263157896
8,1,19,75.0,5.0,18.5,0.5512515722516516,0.44874842774834844,368.42105263157896
9,1,19,85.0,5.0,18.5,0.5396538904280976,0.46034610957190236,368.42105263157896
10,1,19,95.0,5.0,18.5,0.528274551922121,0.471725448077879,368.42105263157896
11,1,19,105.0,5.0,18.5,0.5170051709185486,0.4829948290814514,368.42105263157896
12,1,19,115.0,5.0,18.5,0.5057520884886748,0.4942479115113252,368.42105263157896
13,1,19,125.0,5.0,18.5,0.49447468808058603,0.505525311919414,368.42105263157896
14,1,19,135.0,5.0,18.5,0.48326581268568364,0.5167341873143163,368.42105263157896
15,1,19,145.0,5.0,18.5,0.47247801837265135,0.5275219816273486,368.42105263157896
16,1,19,155.0,5.0,18.5,0.46275208320282485,0.5372479167971751,368.42105263157896
17,1,19,165.0,5.0,18.5,0.4541887109633094,0.5458112890366906,368.42105263157896
18,1,19,175.0,5.0,18.5,0.44485400801734293,0.5551459919826571,368.42105263157896
19,1,19,185.0,5.0,18.5,0.43308895170659606,0.5669110482934039,368.42105263157896
20,1,19,195.0,5.0,18.5,0.4162205350931681,0.583779464906832,368.42105263157896
21,1,19,205.0,5.0,18.5,0.3913762622920819,0.6086237377079181,368.42105263157896
22,1,19,215.0,5.0,18.5,0.3568398088183104,0.6431601911816895,368.42105263157896
23,1,19,225.0,5.0,18.5,0.3142719856474378,0.6857280143525621,368.42105263157896
24,1,19,235.0,5.0,18.5,0.2709937775605325,0.7290062224394676,368.42105263157896
25,1,19,245.0,5.0,18.5,0.23692848398219926,0.7630715160178008,368.42105263157896
26,1,19,255.0,5.0,18.5,0.2160785810349574,0.7839214189650426,368.42105263157896
27,1,19,265.0,5.0,18.5,0.2056374227105389,0.7943625772894611,368.42105263157896
28,1,19,275.0,5.0,18.5,0.20149150637325003,0.7985084936267499,368.42105263157896
29,1,19,285.0,5.0,18.5,0.20032148341226033,0.7996785165877397,368.42105263157896
30,1,19,295.0,5.0,18.5,0.2000775414941847,0.7999224585058153,368.42105263157896
31,1,19,305.0,5.0,18.5,0.20003233047056246,0.7999676695294375,368.42105263157896
32,1,19,315.0,5.0,18.5,0.20002414814045918,0.7999758518595408,368.42105263157896
33,1,19,325.0,5.0,18.5,0.2000232355926995,0.7999767644073005,368.42105263157896
34,1,19,335.0,5.0,18.5,0.20002344574617437,0.7999765542538256,368.42105263157896
35,1,19,345.0,5.0,18.5,0.20002386499289623,0.7999761350071037,368.42105263157896
36,1,19,355.0,5.0,18.5,0.20002431699514675,0.7999756830048532,368.42105263157896
37,1,19,365.0,5.0,18.5,0.20002477903417165,0.7999752209658284,368.42105263157896
38,1,19,375.0,5.0,18.5,0.20002524803986899,0.799974751960131,368.42105263157896
39,1,19,385.0,5.0,18.5,0.2000257226852084,0.7999742773147915,368.42105263157896
40,1,19,395.0,5.0,18.5,0.20002620242900815,0.7999737975709919,368.42105263157896
41,1,19,405.0,5.0,18.5,0.20002668788676237,0.7999733121132376,368.42105263157896
42,1,19,415.0,5.0,18.5,0.20002717959486477,0.7999728204051353,368.42105263157896
43,1,19,425.0,5.0,18.5,0.20002767684371336,0.7999723231562866,368.42105263157896
44,1,19,435.0,5.0,18.5,0.2000281783591611,0.7999718216408389,368.42105263157896
45,1,19,445.0,5.0,18.5,0.20002868254135345,0.7999713174586466,368.42105263157896
46,1,19,455.0,5.0,18.5,0.20002918481194912,0.7999708151880509,368.42105263157896
47,1,19,465.0,5.0,18.5,0.2000296753090351,0.7999703246909649,368.42105263157896
48,1,19,475.0,5.0,18.5,0.20003013510548093,0.799969864894519,368.42105263157896
49,1,19,485.0,5.0,18.5,0.20003052733375817,0.7999694726662419,368.42105263157896
50,1,19,495.0,5.0,18.5,0.20003078699559385,0.7999692130044062,368.42105263157896
1,2,19,5.0,15.0,18.5,0.7051073970904893,0.2948926029095107,368.42105263157896
2,2,19,15.0,15.0,18.5,0.6910976200476805,0.3089023799523195,368.42105263157896
3,2,19,25.0,15.0,18.5,0.6755438028350297,0.3244561971649703,368.42105263157896
4,2,19,35.0,15.0,18.5,0.6599571551804757,0.3400428448195243,368.42105263157896
5,2,19,45.0,15.0,18.5,0.6450248175319663,0.3549751824680337,368.42105263157896
6,2,19,55.0,15.0,18.5,0.6309863501573811,0.36901364984261886,368.42105263157896
7,2,19,65.0,15.0,18.5,0.6178619503274614,0.3821380496725386,368.42105263157896
8,2,19,75.0,15.0,18.5,0.605575954555751,0.394424045444249,368.42105263157896
9,2,19,85.0,15.0,18.5,0.5940236473828407,0.40597635261715925,368.42105263157896
10,2,19,95.0,15.0,18.5,0.5830898163718898,0.41691018362811016,368.42105263157896
11,2,19,105.0,15.0,18.5,0.5726689223326993,0.4273310776673007,368.42105263157896
12,2,19,115.0,15.0,18.5,0.5626638029026232,0.4373361970973768,368.42105263157896
13,2,19,125.0,15.0,18.5,0.552986877793665,0.44701312220633505,368.42105263157896
14,2,19,135.0,15.0,18.5,0.5435592873984872,0.45644071260151275,368.42105263157896
15,2,19,145.0,15.0,18.5,0.5343089213523124,0.46569107864768755,368.42105263157896
16,2,19,155.0,15.0,18.5,0.5251637330773192,0.47483626692268077,368.42105263157896
17,2,19,165.0,15.0,18.5,0.5160380523476109,0.4839619476523891,368.42105263157896
18,2,19,175.0,15.0,18.5,0.5068274507058623,0.4931725492941377,368.42105263157896
19,2,19,185.0,15.0,18.5,0.49745658288091366,0.5025434171190863,368.42105263157896
20,2,19,195.0,15.0,18.5,0.4880244849100966,0.5119755150899035,368.42105263157896
21,2,19,205.0,15.0,18.5,0.47901442997711535,0.5209855700228847,368.42105263157896
22,2,19,215.0,15.0,18.5,0.4710018052507597,0.5289981947492404,368.42105263157896
23,2,19,225.0,15.0,18.5,0.46277882381060903,0.537221176189391,368.42105263157896
24,2,19,235.0,15.0,18.5,0.45262717353244647,0.5473728264675535,368.42105263157896
25,2,19,245.0,15.0,18.5,0.4382883359793047,0.5617116640206953,368.42105263157896
26,2,19,255.0,15.0,18.5,0.4170664632584913,0.5829335367415087,368.42105263157896
27,2,19,265.0,15.0,18.5,0.38669180037515666,0.6133081996248433,368.42105263157896
28,2,19,275.0,15.0,18.5,0.34627013870317175,0.6537298612968283,368.42105263157896
29,2,19,285.0,15.0,18.5,0.29909092552001304,0.700909074479987,368.42105263157896
30,2,19,295.0,15.0,18.5,0.25544346094020925,0.7445565390597908,368.42105263157896
31,2,19,305.0,15.0,18.5,0.22561021544711563,0.7743897845528844,368.42105263157896
32,2,19,315.0,15.0,18.5,0.20979452142307647,0.7902054785769235,368.42105263157896
33,2,19,325.0,15.0,18.5,0.20275283024133964,0.7972471697586604,368.42105263157896
34,2,19,335.0,15.0,18.5,0.2004800623176385,0.7995199376823615,368.42105263157896
35,2,19,345.0,15.0,18.5,0.20008088756710335,0.7999191124328966,368.42105263157896
36,2,19,355.0,15.0,18.5,0.20003439075690924,0.7999656092430908,368.42105263157896
37,2,19,365.0,15.0,18.5,0.20002620635207952,0.7999737936479205,368.42105263157896
38,2,19,375.0,15.0,18.5,0.20002543821284505,0.799974561787155,368.42105263157896
39,2,19,385.0,15.0,18.5,0.2000257390844921,0.7999742609155079,368.42105263157896
40,2,19,395.0,15.0,18.5,0.20002620290693737,0.7999737970930626,368.42105263157896
41,2,19,405.0,15.0,18.5,0.20002668623901373,0.7999733137609862,368.42105263157896
42,2,19,415.0,15.0,18.5,0.20002717784831225,0.7999728221516877,368.42105263157896
43,2,19,425.0,15.0,18.5,0.20002767592550014,0.7999723240744998,368.42105263157896
44,2,19,435.0,15.0,18.5,0.20002817938302955,0.7999718206169705,368.42105263157896
45,2,19,445.0,15.0,18.5,0.20002868761324794,0.799971312386752,368.42105263157896
46,2,19,455.0,15.0,18.5,0.20002919814392112,0.7999708018560789,368.42105263157896
47,2,19,465.0,15.0,18.5,0.2000297040636609,0.7999702959363391,368.42105263157896
48,2,19,475.0,15.0,18.5,0.20003019060448207,0.7999698093955179,368.42105263157896
49,2,19,485.0,15.0,18.5,0.20003062399667548,0.7999693760033245,368.42105263157896
50,2,19,495.0,15.0,18.5,0.20003093298602845,0.7999690670139715,368.42105263157896
1,3,19,5.0,25.0,18.5,0.7446100469071093,0.2553899530928907,368.42105263157896
2,3,19,15.0,25.0,18.5,0.7284612011599684,0.2715387988400316,368.42105263157896
3,3,19,25.0,25.0,18.5,0.7106684043300533,0.2893315956699467,368.42105263157896
4,3,19,35.0,25.0,18.5,0.6930104863762085,0.30698951362379145,368.42105263157896
5,3,19,45.0,25.0,18.5,0.6763239834148799,0.32367601658512013,368.42105263157896
6,3,19,55.0,25.0,18.5,0.6608804842503321,0.3391195157496679,368.42105263157896
7,3,19,65.0,25.0,18.5,0.6466545802512952,0.3533454197487048,368.42105263157896
8,3,19,75.0,25.0,18.5,0.6335155785798454,0.3664844214201546,368.42105263157896
9,3,19,85.0,25.0,18.5,0.6213199380850118,0.37868006191498815,368.42105263157896
10,3,19,95.0,25.0,18.5,0.609903305324506,0.390096694675494,368.42105263157896
11,3,19,105.0,25.0,18.5,0.5991170561648397,0.4008829438351603,368.42105263157896
12,3,19,115.0,25.0,18.5,0.5888387448092929,0.4111612551907071,368.42105263157896
13,3,19,125.0,25.0,18.5,0.5789658530289834,0.4210341469710166,368.42105263157896
14,3,19,135.0,25.0,18.5,0.5694084563747337,0.4305915436252663,368.42105263157896
15,3,19,145.0,25.0,18.5,0.5600780202739972,0.4399219797260028,368.42105263157896
16,3,19,155.0,25.0,18.5,0.5508798303837081,0.44912016961629186,368.42105263157896
17,3,19,165.0,25.0,18.5,0.5417178592383348,0.4582821407616652,368.42105263157896
18,3,19,175.0,25.0,18.5,0.5324947586097637,0.4675052413902363,368.42105263157896
19,3,19,185.0,25.0,18.5,0.5231214569304211,0.4768785430695789,368.42105263157896
20,3,19,195.0,25.0,18.5,0.5135415837904109,0.4864584162095891,368.42105263157896
21,3,19,205.0,25.0,18.5,0.5037762145113643,0.49622378548863566,368.42105263157896
22,3,19,215.0,25.0,18.5,0.49399407641252624,0.5060059235874738,368.42105263157896
23,3,19,225.0,25.0,18.5,0.484600040951921,0.515399959048079,368.42105263157896
24,3,19,235.0,25.0,18.5,0.47622411519171487,0.5237758848082852,368.42105263157896
25,3,19,245.0,25.0,18.5,0.4687802960041848,0.5312197039958152,368.42105263157896
26,3,19,255.0,25.0,18.5,0.4602923272349064,0.5397076727650936,368.42105263157896
27,3,19,265.0,25.0,18.5,0.44927665204219974,0.5507233479578002,368.42105263157896
28,3,19,275.0,25.0,18.5,0.4335940407019634,0.5664059592980366,368.42105263157896
29,3,19,285.0,25.0,18.5,0.41089862117174647,0.5891013788282535,368.42105263157896
30,3,19,295.0,25.0,18.5,0.37893949199651566,0.6210605080034843,368.42105263157896
31,3,19,305.0,25.0,18.5,0.33686856722643077,0.6631314327735692,368.42105263157896
32,3,19,315.0,25.0,18.5,0.2893688881201802,0.7106311118798199,368.42105263157896
33,3,19,325.0,25.0,18.5,0.2482952553892985,0.7517047446107015,368.42105263157896
34,3,19,335.0,25.0,18.5,0.22205862054926812,0.7779413794507319,368.42105263157896
35,3,19,345.0,25.0,18.5,0.20829155818459363,0.7917084418154063,368.42105263157896
36,3,19,355.0,25.0,18.5,0.20213001368938482,0.7978699863106151,368.42105263157896
37,3,19,365.0,25.0,18.5,0.20032909940640092,0.7996709005935991,368.42105263157896
38,3,19,375.0,25.0,18.5,0.20006324890212354,0.7999367510978764,368.42105263157896
39,3,19,385.0,25.0,18.5,0.20003183598660892,0.7999681640133911,368.42105263157896
40,3,19,395.0,25.0,18.5,0.2000269658947315,0.7999730341052684,368.42105263157896
41,3,19,405.0,25.0,18.5,0.20002676195478436,0.7999732380452156,368.42105263157896
42,3,19,415.0,25.0,18.5,0.20002718063831323,0.7999728193616867,368.42105263157896
43,3,19,425.0,25.0,18.5,0.20002767405212776,0.7999723259478723,368.42105263157896
44,3,19,435.0,25.0,18.5,0.20002817969086734,0.7999718203091326,368.42105263157896
45,3,19,445.0,25.0,18.5,0.20002869447101088,0.7999713055289891,368.42105263157896
46,3,19,455.0,25.0,18.5,0.20002921834639928,0.7999707816536007,368.42105263157896
47,3,19,465.0,25.0,18.5,0.2000297502828486,0.7999702497171514,368.42105263157896
48,3,19,475.0,25.0,18.5,0.2000302834799759,0.7999697165200241,368.42105263157896
49,3,19,485.0,25.0,18.5,0.2000307919870087,0.7999692080129913,368.42105263157896
50,3,19,495.0,25.0,18.5,0.20003120352899612,0.7999687964710038,368.42105263157896
1,4,19,5.0,35.0,18.5,0.7719749953490211,0.22802500465097886,368.42105263157896
2,4,19,15.0,35.0,18.5,0.7550568368548473,0.24494316314515274,368.42105263157896
3,4,19,25.0,35.0,18.5,0.735726123889366,0.264273876110634,368.42105263157896
4,4,19,35.0,35.0,18.5,0.7163301559927868,0.2836698440072132,368.42105263157896
5,4,19,45.0,35.0,18.5,0.6980818201762161,0.3019181798237839,368.42105263157896
6,4,19,55.0,35.0,18.5,0.6814858796313906,0.3185141203686094,368.42105263157896
7,4,19,65.0,35.0,18.5,0.6663915152446669,0.3336084847553331,368.42105263157896
8,4,19,75.0,35.0,18.5,0.6525635189817097,0.3474364810182903,368.42105263157896
9,4,19,85.0,35.0,18.5,0.6397706643716364,0.36022933562836357,368.42105263157896
10,4,19,95.0,35.0,18.5,0.627845333485556,0.37215466651444395,368.42105263157896
11,4,19,105.0,35.0,18.5,0.6166388662482236,0.3833611337517764,368.42105263157896
12,4,19,115.0,35.0,18.5,0.6060219358013135,0.39397806419868653,368.42105263157896
13,4,19,125.0,35.0,18.5,0.5958762447327308,0.4041237552672692,368.42105263157896
14,4,19,135.0,35.0,18.5,0.5860942364692732,0.41390576353072683,368.42105263157896
15,4,19,145.0,35.0,18.5,0.5765821924463227,0.4234178075536773,368.42105263157896
16,4,19,155.0,35.0,18.5,0.5672591843755468,0.4327408156244532,368.42105263157896
17,4,19,165.0,35.0,18.5,0.5580447754347575,0.4419552245652425,368.42105263157896
18,4,19,175.0,35.0,18.5,0.5488592789760324,0.45114072102396763,368.42105263157896
19,4,19,185.0,35.0,18.5,0.5396249249771038,0.4603750750228962,368.42105263157896
20,4,19,195.0,35.0,18.5,0.530262193598106,0.469737806401894,368.42105263157896
21,4,19,205.0,35.0,18.5,0.5206987276879358,0.4793012723120642,368.42105263157896
22,4,19,215.0,35.0,18.5,0.5108946055378141,0.4891053944621859,368.42105263157896
23,4,19,225.0,35.0,18.5,0.500892396120001,0.499107603879999,368.42105263157896
24,4,19,235.0,35.0,18.5,0.49092270336794436,0.5090772966320556,368.42105263157896
25,4,19,245.0,35.0,18.5,0.481548020479982,0.518451979520018,368.42105263157896
26,4,19,255.0,35.0,18.5,0.4735408806651336,0.5264591193348664,368.42105263157896
27,4,19,265.0,35.0,18.5,0.4663143259160977,0.5336856740839022,368.42105263157896
28,4,19,275.0,35.0,18.5,0.4577185563859393,0.5422814436140607,368.42105263157896
29,4,19,285.0,35.0,18.5,0.4460094475469925,0.5539905524530075,368.42105263157896
30,4,19,295.0,35.0,18.5,0.4290433692766549,0.5709566307233451,368.42105263157896
31,4,19,305.0,35.0,18.5,0.40470521016329,0.59529478983671,368.42105263157896
32,4,19,315.0,35.0,18.5,0.37118986126558917,0.6288101387344108,368.42105263157896
33,4,19,325.0,35.0,18.5,0.3283663039058252,0.6716336960941748,368.42105263157896
34,4,19,335.0,35.0,18.5,0.2817841624916807,0.7182158375083193,368.42105263157896
35,4,19,345.0,35.0,18.5,0.24311710426156888,0.7568828957384311,368.42105263157896
36,4,19,355.0,35.0,18.5,0.21906148389197644,0.7809385161080236,368.42105263157896
37,4,19,365.0,35.0,18.5,0.20665768607648458,0.7933423139235154,368.42105263157896
38,4,19,375.0,35.0,18.5,0.20151450607652405,0.798485493923476,368.42105263157896
39,4,19,385.0,35.0,18.5,0.20022454780257595,0.7997754521974241,368.42105263157896
40,4,19,395.0,35.0,18.5,0.20005209895837436,0.7999479010416256,368.42105263157896
41,4,19,405.0,35.0,18.5,0.20002990544135163,0.7999700945586483,368.42105263157896
42,4,19,415.0,35.0,18.5,0.20002752559220388,0.7999724744077961,368.42105263157896
43,4,19,425.0,35.0,18.5,0.20002769532246809,0.7999723046775319,368.42105263157896
44,4,19,435.0,35.0,18.5,0.2000281789795206,0.7999718210204794,368.42105263157896
45,4,19,445.0,35.0,18.5,0.2000286970343329,0.7999713029656671,368.42105263157896
46,4,19,455.0,35.0,18.5,0.20002923365133224,0.7999707663486677,368.42105263157896
47,4,19,465.0,35.0,18.5,0.20002979401738033,0.7999702059826197,368.42105263157896
48,4,19,475.0,35.0,18.5,0.20003038312404142,0.7999696168759586,368.42105263157896
49,4,19,485.0,35.0,18.5,0.20003098808598882,0.7999690119140112,368.42105263157896
50,4,19,495.0,35.0,18.5,0.200031539719595,0.799968460280405,368.42105263157896
1,5,19,5.0,45.0,18.5,0.7911959034857329,0.20880409651426712,368.42105263157896
2,5,19,15.0,45.0,18.5,0.7763883597001002,0.22361164029989977,368.42105263157896
3,5,19,25.0,45.0,18.5,0.7567632636029549,0.24323673639704513,368.42105263157896
4,5,19,35.0,45.0,18.5,0.7363718151246033,0.26362818487539674,368.42105263157896
5,5,19,45.0,45.0,18.5,0.71722168819158,0.28277831180841995,368.42105263157896
6,5,19,55.0,45.0,18.5,0.6996272065962752,0.3003727934037248,368.42105263157896
7,5,19,65.0,45.0,18.5,0.6836440978904498,0.3163559021095502,368.42105263157896
8,5,19,75.0,45.0,18.5,0.669097880926372,0.330902119073628,368.42105263157896
9,5,19,85.0,45.0,18.5,0.6557622002952379,0.3442377997047621,368.42105263157896
10,5,19,95.0,45.0,18.5,0.6434290177180448,0.35657098228195516,368.42105263157896
11,5,19,105.0,45.0,18.5,0.6319147106178749,0.36808528938212515,368.42105263157896
12,5,19,115.0,45.0,18.5,0.6210743145224731,0.3789256854775269,368.42105263157896
13,5,19,125.0,45.0,18.5,0.610782392030412,0.38921760796958804,368.42105263157896
14,5,19,135.0,45.0,18.5,0.6009331721425243,0.3990668278574757,368.42105263157896
15,5,19,145.0,45.0,18.5,0.5914342293699284,0.4085657706300716,368.42105263157896
16,5,19,155.0,45.0,18.5,0.5822017038308723,0.41779829616912767,368.42105263157896
17,5,19,165.0,45.0,18.5,0.5731559549917841,0.42684404500821593,368.42105263157896
18,5,19,175.0,45.0,18.5,0.564219239158077,0.43578076084192297,368.42105263157896
19,5,19,185.0,45.0,18.5,0.5553131060928629,0.4446868939071371,368.42105263157896
20,5,19,195.0,45.0,18.5,0.5463649951775535,0.45363500482244645,368.42105263157896
21,5,19,205.0,45.0,18.5,0.5373071039465049,0.46269289605349506,368.42105263157896
22,5,19,215.0,45.0,18.5,0.5280789321538596,0.4719210678461404,368.42105263157896
23,5,19,225.0,45.0,18.5,0.5186421719676044,0.4813578280323956,368.42105263157896
24,5,19,235.0,45.0,18.5,0.5090165775584164,0.49098342244158355,368.42105263157896
25,5,19,245.0,45.0,18.5,0.49934852062744106,0.5006514793725589,368.42105263157896
26,5,19,255.0,45.0,18.5,0.4900118589243611,0.5099881410756388,368.42105263157896
27,5,19,265.0,45.0,18.5,0.48163180547972395,0.518368194520276,368.42105263157896
28,5,19,275.0,45.0,18.5,0.474530786477891,0.5254692135221091,368.42105263157896
29,5,19,285.0,45.0,18.5,0.4670547256574459,0.5329452743425541,368.42105263157896
30,5,19,295.0,45.0,18.5,0.4575342353077391,0.5424657646922608,368.42105263157896
31,5,19,305.0,45.0,18.5,0.4442347336649493,0.5557652663350507,368.42105263157896
32,5,19,315.0,45.0,18.5,0.42509043457649837,0.5749095654235017,368.42105263157896
33,5,19,325.0,45.0,18.5,0.3980399726297534,0.6019600273702466,368.42105263157896
34,5,19,335.0,45.0,18.5,0.3613355152205419,0.638664484779458,368.42105263157896
35,5,19,345.0,45.0,18.5,0.315493192679617,0.684506807320383,368.42105263157896
36,5,19,355.0,45.0,18.5,0.26813981075753907,0.731860189242461,368.42105263157896
37,5,19,365.0,45.0,18.5,0.23217265509604845,0.7678273449039515,368.42105263157896
38,5,19,375.0,45.0,18.5,0.21209537268653134,0.7879046273134687,368.42105263157896
39,5,19,385.0,45.0,18.5,0.20321472072243293,0.796785279277567,368.42105263157896
40,5,19,395.0,45.0,18.5,0.20050235887333276,0.7994976411266672,368.42105263157896
41,5,19,405.0,45.0,18.5,0.2000751078472974,0.7999248921527026,368.42105263157896
42,5,19,415.0,45.0,18.5,0.2000321655058671,0.7999678344941329,368.42105263157896
43,5,19,425.0,45.0,18.5,0.20002811322174033,0.7999718867782597,368.42105263157896
44,5,19,435.0,45.0,18.5,0.20002819734760163,0.7999718026523983,368.42105263157896
45,5,19,445.0,45.0,18.5,0.20002868949981198,0.799971310500188,368.42105263157896
46,5,19,455.0,45.0,18.5,0.20002922729428646,0.7999707727057135,368.42105263157896
47,5,19,465.0,45.0,18.5,0.20002979898824091,0.7999702010117591,368.42105263157896
48,5,19,475.0,45.0,18.5,0.20003041837186072,0.7999695816281392,368.42105263157896
49,5,19,485.0,45.0,18.5,0.20003106389333286,0.7999689361066671,368.42105263157896
50,5,19,495.0,45.0,18.5,0.20003161213942236,0.7999683878605777,368.42105263157896
1,6,19,5.0,55.0,18.5,0.7731718278187799,0.2268281721812201,368.42105263157896
2,6,19,15.0,55.0,18.5,0.7571199124157665,0.24288008758423352,368.42105263157896
3,6,19,25.0,55.0,18.5,0.7387094253651203,0.2612905746348797,368.42105263157896
4,6,19,35.0,55.0,18.5,0.7200844568360569,0.27991554316394307,368.42105263157896
5,6,19,45.0,55.0,18.5,0.702416831161518,0.297583168838482,368.42105263157896
6,6,19,55.0,55.0,18.5,0.6860817977724266,0.3139182022275734,368.42105263157896
7,6,19,65.0,55.0,18.5,0.6710866477205767,0.3289133522794233,368.42105263157896
8,6,19,75.0,55.0,18.5,0.6572886038855269,0.3427113961144731,368.42105263157896
9,6,19,85.0,55.0,18.5,0.6445121823013739,0.35548781769862614,368.42105263157896
10,6,19,95.0,55.0,18.5,0.6325913953381086,0.3674086046618914,368.42105263157896
11,6,19,105.0,55.0,18.5,0.6213779261416236,0.37862207385837643,368.42105263157896
12,6,19,115.0,55.0,18.5,0.6107454911267788,0.3892545088732212,368.42105263157896
13,6,19,125.0,55.0,18.5,0.6005825945319975,0.39941740546800253,368.42105263157896
14,6,19,135.0,55.0,18.5,0.5907910205253426,0.4092089794746574,368.42105263157896
15,6,19,145.0,55.0,18.5,0.5812822632041054,0.41871773679589464,368.42105263157896
16,6,19,155.0,55.0,18.5,0.5719727021499601,0.4280272978500399,368.42105263157896
17,6,19,165.0,55.0,18.5,0.5627821123369623,0.4372178876630377,368.42105263157896
18,6,19,175.0,55.0,18.5,0.5536304554846364,0.4463695445153636,368.42105263157896
19,6,19,185.0,55.0,18.5,0.5444358662193333,0.45556413378066674,368.42105263157896
20,6,19,195.0,55.0,18.5,0.5351151371008929,0.46488486289910713,368.42105263157896
21,6,19,205.0,55.0,18.5,0.5255877202212592,0.4744122797787408,368.42105263157896
22,6,19,215.0,55.0,18.5,0.5157923462861776,0.48420765371382235,368.42105263157896
23,6,19,225.0,55.0,18.5,0.5057293717242582,0.49427062827574175,368.42105263157896
24,6,19,235.0,55.0,18.5,0.4955475419394467,0.5044524580605533,368.42105263157896
25,6,19,245.0,55.0,18.5,0.4856892876766724,0.5143107123233276,368.42105263157896
26,6,19,255.0,55.0,18.5,0.4769669233466941,0.5230330766533059,368.42105263157896
27,6,19,265.0,55.0,18.5,0.4697925420923755,0.5302074579076246,368.42105263157896
28,6,19,275.0,55.0,18.5,0.4621514837141302,0.5378485162858698,368.42105263157896
29,6,19,285.0,55.0,18.5,0.4522201178468061,0.5477798821531938,368.42105263157896
30,6,19,295.0,55.0,18.5,0.4379890632502244,0.5620109367497756,368.42105263157896
31,6,19,305.0,55.0,18.5,0.4172951325871278,0.5827048674128722,368.42105263157896
32,6,19,315.0,55.0,18.5,0.3881405813933811,0.6118594186066189,368.42105263157896
33,6,19,325.0,55.0,18.5,0.34934393979166106,0.6506560602083389,368.42105263157896
34,6,19,335.0,55.0,18.5,0.3033211423645935,0.6966788576354065,368.42105263157896
35,6,19,345.0,55.0,18.5,0.2595057711165588,0.7404942288834412,368.42105263157896
36,6,19,355.0,55.0,18.5,0.22838524849886693,0.7716147515011331,368.42105263157896
37,6,19,365.0,55.0,18.5,0.21097905200577138,0.7890209479942286,368.42105263157896
38,6,19,375.0,55.0,18.5,0.20296207495492471,0.7970379250450753,368.42105263157896
39,6,19,385.0,55.0,18.5,0.2004818582956014,0.7995181417043986,368.42105263157896
40,6,19,395.0,55.0,18.5,0.20007945956454418,0.7999205404354558,368.42105263157896
41,6,19,405.0,55.0,18.5,0.2000331726268341,0.7999668273731659,368.42105263157896
42,6,19,415.0,55.0,18.5,0.20002780131028775,0.7999721986897123,368.42105263157896
43,6,19,425.0,55.0,18.5,0.20002769998790956,0.7999723000120904,368.42105263157896
44,6,19,435.0,55.0,18.5,0.20002815487850786,0.7999718451214921,368.42105263157896
45,6,19,445.0,55.0,18.5,0.20002866391764737,0.7999713360823526,368.42105263157896
46,6,19,455.0,55.0,18.5,0.2000291900981154,0.7999708099018846,368.42105263157896
47,6,19,465.0,55.0,18.5,0.20002973651227315,0.7999702634877268,368.42105263157896
48,6,19,475.0,55.0,18.5,0.2000303053587833,0.7999696946412167,368.42105263157896
49,6,19,485.0,55.0,18.5,0.20003087953156506,0.7999691204684349,368.42105263157896
50,6,19,495.0,55.0,18.5,0.20003138898546874,0.7999686110145312,368.42105263157896
1,7,19,5.0,65.0,18.5,0.7485419651296605,0.25145803487033946,368.42105263157896
2,7,19,15.0,65.0,18.5,0.7334120673680516,0.26658793263194835,368.42105263157896
3,7,19,25.0,65.0,18.5,0.7165360766713225,0.28346392332867754,368.42105263157896
4,7,19,35.0,65.0,18.5,0.6995647340158929,0.3004352659841071,368.42105263157896
5,7,19,45.0,65.0,18.5,0.6833453366426578,0.31665466335734216,368.42105263157896
6,7,19,55.0,65.0,18.5,0.6681971650323919,0.3318028349676081,368.42105263157896
7,7,19,65.0,65.0,18.5,0.6541530917962002,0.3458469082037998,368.42105263157896
8,7,19,75.0,65.0,18.5,0.6411210447000216,0.3588789552999784,368.42105263157896
9,7,19,85.0,65.0,18.5,0.6289710321992915,0.3710289678007085,368.42105263157896
10,7,19,95.0,65.0,18.5,0.617564642955193,0.382435357044807,368.42105263157896
11,7,19,105.0,65.0,18.5,0.6067778410431666,0.39322215895683343,368.42105263157896
12,7,19,115.0,65.0,18.5,0.596496803237768,0.403503196762232,368.42105263157896
13,7,19,125.0,65.0,18.5,0.5866185823300354,0.4133814176699646,368.42105263157896
14,7,19,135.0,65.0,18.5,0.5770485253154045,0.4229514746845955,368.42105263157896
15,7,19,145.0,65.0,18.5,0.5676970704777494,0.4323029295222506,368.42105263157896
16,7,19,155.0,65.0,18.5,0.5584780540924724,0.4415219459075276,368.42105263157896
17,7,19,165.0,65.0,18.5,0.5493066104762625,0.4506933895237375,368.42105263157896
18,7,19,175.0,65.0,18.5,0.5400994319254041,0.4599005680745959,368.42105263157896
19,7,19,185.0,65.0,18.5,0.5307754925232614,0.4692245074767386,368.42105263157896
20,7,19,195.0,65.0,18.5,0.5212606430702745,0.47873935692972547,368.42105263157896
21,7,19,205.0,65.0,18.5,0.5115065634735094,0.4884934365264906,368.42105263157896
22,7,19,215.0,65.0,18.5,0.501542362739756,0.49845763726024395,368.42105263157896
23,7,19,225.0,65.0,18.5,0.4915815158934559,0.5084184841065441,368.42105263157896
24,7,19,235.0,65.0,18.5,0.4821678687646374,0.5178321312353626,368.42105263157896
25,7,19,245.0,65.0,18.5,0.47407698848711016,0.5259230115128899,368.42105263157896
26,7,19,255.0,65.0,18.5,0.46684563984607946,0.5331543601539206,368.42105263157896
27,7,19,265.0,65.0,18.5,0.4583437915070726,0.5416562084929274,368.42105263157896
28,7,19,275.0,65.0,18.5,0.44684330640828585,0.5531566935917142,368.42105263157896
29,7,19,285.0,65.0,18.5,0.4301821410235512,0.5698178589764489,368.42105263157896
30,7,19,295.0,65.0,18.5,0.4061897589506508,0.5938102410493492,368.42105263157896
31,7,19,305.0,65.0,18.5,0.3729498069965602,0.6270501930034398,368.42105263157896
32,7,19,315.0,65.0,18.5,0.33016058288440286,0.6698394171155971,368.42105263157896
33,7,19,325.0,65.0,18.5,0.283271563477896,0.716728436522104,368.42105263157896
34,7,19,335.0,65.0,18.5,0.244121723337699,0.755878276662301,368.42105263157896
35,7,19,345.0,65.0,18.5,0.21965395093991402,0.780346049060086,368.42105263157896
36,7,19,355.0,65.0,18.5,0.20695171643297014,0.7930482835670298,368.42105263157896
37,7,19,365.0,65.0,18.5,0.2016003505791855,0.7983996494208145,368.42105263157896
38,7,19,375.0,65.0,18.5,0.2002313671910513,0.7997686328089487,368.42105263157896
39,7,19,385.0,65.0,18.5,0.20005204708030097,0.799947952919699,368.42105263157896
40,7,19,395.0,65.0,18.5,0.20002953750442332,0.7999704624955767,368.42105263157896
41,7,19,405.0,65.0,18.5,0.20002703688974566,0.7999729631102543,368.42105263157896
42,7,19,415.0,65.0,18.5,0.20002717527961383,0.7999728247203861,368.42105263157896
43,7,19,425.0,65.0,18.5,0.2000276389624643,0.7999723610375357,368.42105263157896
44,7,19,435.0,65.0,18.5,0.2000281313738903,0.7999718686261097,368.42105263157896
45,7,19,445.0,65.0,18.5,0.20002863069329552,0.7999713693067045,368.42105263157896
46,7,19,455.0,65.0,18.5,0.20002913538343126,0.7999708646165687,368.42105263157896
47,7,19,465.0,65.0,18.5,0.20002964312657423,0.7999703568734258,368.42105263157896
48,7,19,475.0,65.0,18.5,0.20003014570936412,0.7999698542906359,368.42105263157896
49,7,19,485.0,65.0,18.5,0.2000306165615396,0.7999693834384605,368.42105263157896
50,7,19,495.0,65.0,18.5,0.20003098865206062,0.7999690113479394,368.42105263157896
1,8,19,5.0,75.0,18.5,0.7157544115620066,0.2842455884379934,368.42105263157896
2,8,19,15.0,75.0,18.5,0.7025831033201929,0.2974168966798071,368.42105263157896
3,8,19,25.0,75.0,18.5,0.6877295687242759,0.31227043127572407,368.42105263157896
4,8,19,35.0,75.0,18.5,0.672638977934769,0.327361022065231,368.42105263157896
5,8,19,45.0,75.0,18.5,0.6580392662214997,0.34196073377850034,368.42105263157896
6,8,19,55.0,75.0,18.5,0.6442270174634787,0.35577298253652134,368.42105263157896
7,8,19,65.0,75.0,18.5,0.6312675023611167,0.36873249763888327,368.42105263157896
8,8,19,75.0,75.0,18.5,0.6191172817703533,0.3808827182296467,368.42105263157896
9,8,19,85.0,75.0,18.5,0.6076844756754474,0.39231552432455263,368.42105263157896
10,8,19,95.0,75.0,18.5,0.5968677192355843,0.40313228076441565,368.42105263157896
11,8,19,105.0,75.0,18.5,0.5865650292820829,0.4134349707179171,368.42105263157896
12,8,19,115.0,75.0,18.5,0.5766783061059731,0.42332169389402685,368.42105263157896
13,8,19,125.0,75.0,18.5,0.5671133796018198,0.43288662039818016,368.42105263157896
14,8,19,135.0,75.0,18.5,0.5577774887988156,0.4422225112011844,368.42105263157896
15,8,19,145.0,75.0,18.5,0.54857705220771,0.45142294779229,368.42105263157896
16,8,19,155.0,75.0,18.5,0.5394172323336552,0.46058276766634476,368.42105263157896
17,8,19,165.0,75.0,18.5,0.530208873091428,0.46979112690857205,368.42105263157896
18,8,19,175.0,75.0,18.5,0.5208817292913179,0.47911827070868207,368.42105263157896
19,8,19,185.0,75.0,18.5,0.5114063666489965,0.4885936333510035,368.42105263157896
20,8,19,195.0,75.0,18.5,0.5018258657834954,0.4981741342165046,368.42105263157896
21,8,19,205.0,75.0,18.5,0.49230557660334145,0.5076944233966585,368.42105263157896
22,8,19,215.0,75.0,18.5,0.48322259248182603,0.5167774075181739,368.42105263157896
23,8,19,225.0,75.0,18.5,0.47511262079544775,0.5248873792045523,368.42105263157896
24,8,19,235.0,75.0,18.5,0.46750148733855634,0.5324985126614437,368.42105263157896
25,8,19,245.0,75.0,18.5,0.45867428097922774,0.5413257190207723,368.42105263157896
26,8,19,255.0,75.0,18.5,0.4470728730534228,0.5529271269465772,368.42105263157896
27,8,19,265.0,75.0,18.5,0.43044892186229,0.56955107813771,368.42105263157896
28,8,19,275.0,75.0,18.5,0.40633898311402883,0.5936610168859712,368.42105263157896
29,8,19,285.0,75.0,18.5,0.3725264661128029,0.6274735338871971,368.42105263157896
30,8,19,295.0,75.0,18.5,0.32883620519843954,0.6711637948015605,368.42105263157896
31,8,19,305.0,75.0,18.5,0.2814058473449212,0.7185941526550788,368.42105263157896
32,8,19,315.0,75.0,18.5,0.24251202012266032,0.7574879798773397,368.42105263157896
33,8,19,325.0,75.0,18.5,0.21877262654902171,0.7812273734509783,368.42105263157896
34,8,19,335.0,75.0,18.5,0.20665749110438292,0.7933425088956171,368.42105263157896
35,8,19,345.0,75.0,18.5,0.20153325392392496,0.798466746076075,368.42105263157896
36,8,19,355.0,75.0,18.5,0.20021570090897428,0.7997842990910258,368.42105263157896
37,8,19,365.0,75.0,18.5,0.20004958242769474,0.7999504175723052,368.42105263157896
38,8,19,375.0,75.0,18.5,0.20002914602613012,0.7999708539738699,368.42105263157896
39,8,19,385.0,75.0,18.5,0.20002618744879355,0.7999738125512065,368.42105263157896
40,8,19,395.0,75.0,18.5,0.20002622105967463,0.7999737789403254,368.42105263157896
41,8,19,405.0,75.0,18.5,0.20002666224498694,0.7999733377550131,368.42105263157896
42,8,19,415.0,75.0,18.5,0.20002714084871684,0.7999728591512831,368.42105263157896
43,8,19,425.0,75.0,18.5,0.2000276248629357,0.7999723751370643,368.42105263157896
44,8,19,435.0,75.0,18.5,0.2000281111772261,0.7999718888227739,368.42105263157896
45,8,19,445.0,75.0,18.5,0.20002859707351317,0.7999714029264868,368.42105263157896
46,8,19,455.0,75.0,18.5,0.20002907912862566,0.7999709208713743,368.42105263157896
47,8,19,465.0,75.0,18.5,0.20002954994262434,0.7999704500573757,368.42105263157896
48,8,19,475.0,75.0,18.5,0.200029994068048,0.799970005931952,368.42105263157896
49,8,19,485.0,75.0,18.5,0.20003038015108293,0.799969619848917,368.42105263157896
50,8,19,495.0,75.0,18.5,0.2000306472295978,0.7999693527704022,368.42105263157896
1,9,19,5.0,85.0,18.5,0.6710974768009768,0.32890252319902324,368.42105263157896
2,9,19,15.0,85.0,18.5,0.6603073127221464,0.3396926872778536,368.42105263157896
3,9,19,25.0,85.0,18.5,0.6477712965527327,0.3522287034472673,368.42105263157896
4,9,19,35.0,85.0,18.5,0.6347295789655014,0.3652704210344986,368.42105263157896
5,9,19,45.0,85.0,18.5,0.6218410638838968,0.3781589361161032,368.42105263157896
6,9,19,55.0,85.0,18.5,0.6094083753211799,0.39059162467882014,368.42105263157896
7,9,19,65.0,85.0,18.5,0.597537688760804,0.40246231123919596,368.42105263157896
8,9,19,75.0,85.0,18.5,0.5862330194391154,0.41376698056088457,368.42105263157896
9,9,19,85.0,85.0,18.5,0.5754517684943085,0.42454823150569154,368.42105263157896
10,9,19,95.0,85.0,18.5,0.5651302089737501,0.4348697910262499,368.42105263157896
11,9,19,105.0,85.0,18.5,0.5552003616851197,0.44479963831488034,368.42105263157896
12,9,19,115.0,85.0,18.5,0.5455945804997568,0.45440541950024316,368.42105263157896
13,9,19,125.0,85.0,18.5,0.5362450695400577,0.4637549304599423,368.42105263157896
14,9,19,135.0,85.0,18.5,0.5270758046810272,0.4729241953189728,368.42105263157896
15,9,19,145.0,85.0,18.5,0.5179882526638705,0.4820117473361295,368.42105263157896
16,9,19,155.0,85.0,18.5,0.5088576229139717,0.49114237708602826,368.42105263157896
17,9,19,165.0,85.0,18.5,0.4995751336756869,0.5004248663243132,368.42105263157896
18,9,19,175.0,85.0,18.5,0.49017276717007713,0.5098272328299229,368.42105263157896
19,9,19,185.0,85.0,18.5,0.4810136250794998,0.5189863749205001,368.42105263157896
20,9,19,195.0,85.0,18.5,0.47272340347262704,0.5272765965273729,368.42105263157896
21,9,19,205.0,85.0,18.5,0.4648353810233599,0.5351646189766401,368.42105263157896
22,9,19,215.0,85.0,18.5,0.4555471595957125,0.5444528404042874,368.42105263157896
23,9,19,225.0,85.0,18.5,0.443005430977702,0.5569945690222979,368.42105263157896
24,9,19,235.0,85.0,18.5,0.4247058621653935,0.5752941378346065,368.42105263157896
25,9,19,245.0,85.0,18.5,0.3981712011919941,0.6018287988080059,368.42105263157896
26,9,19,255.0,85.0,18.5,0.36179554161236627,0.6382044583876337,368.42105263157896
27,9,19,265.0,85.0,18.5,0.3167246017292771,0.6832753982707229,368.42105263157896
28,9,19,275.0,85.0,18.5,0.2704817840411586,0.7295182159588414,368.42105263157896
29,9,19,285.0,85.0,18.5,0.23476777750215316,0.7652322224978468,368.42105263157896
30,9,19,295.0,85.0,18.5,0.21412074500209236,0.7858792549979077,368.42105263157896
31,9,19,305.0,85.0,18.5,0.20447049600471157,0.7955295039952884,368.42105263157896
32,9,19,315.0,85.0,18.5,0.20093167429031022,0.7990683257096898,368.42105263157896
33,9,19,325.0,85.0,18.5,0.20013807674124937,0.7998619232587506,368.42105263157896
34,9,19,335.0,85.0,18.5,0.20004062949467483,0.7999593705053252,368.42105263157896
35,9,19,345.0,85.0,18.5,0.20002657080367214,0.7999734291963279,368.42105263157896
36,9,19,355.0,85.0,18.5,0.20002468204584373,0.7999753179541562,368.42105263157896
37,9,19,365.0,85.0,18.5,0.20002480972411216,0.7999751902758878,368.42105263157896
38,9,19,375.0,85.0,18.5,0.2000252417478459,0.7999747582521541,368.42105263157896
39,9,19,385.0,85.0,18.5,0.20002570739025513,0.7999742926097448,368.42105263157896
40,9,19,395.0,85.0,18.5,0.2000261799918285,0.7999738200081715,368.42105263157896
41,9,19,405.0,85.0,18.5,0.20002665670508105,0.799973343294919,368.42105263157896
42,9,19,415.0,85.0,18.5,0.20002713571679495,0.799972864283205,368.42105263157896
43,9,19,425.0,85.0,18.5,0.20002761579571296,0.7999723842042871,368.42105263157896
44,9,19,435.0,85.0,18.5,0.20002809534104682,0.7999719046589532,368.42105263157896
45,9,19,445.0,85.0,18.5,0.20002857038965308,0.799971429610347,368.42105263157896
46,9,19,455.0,85.0,18.5,0.20002903468461794,0.799970965315382,368.42105263157896
47,9,19,465.0,85.0,18.5,0.20002947750451575,0.7999705224954843,368.42105263157896
48,9,19,475.0,85.0,18.5,0.20002987988048412,0.7999701201195158,368.42105263157896
49,9,19,485.0,85.0,18.5,0.2000302101678045,0.7999697898321955,368.42105263157896
50,9,19,495.0,85.0,18.5,0.20003041877474462,0.7999695812252554,368.42105263157896
1,10,19,5.0,95.0,18.5,0.5961087010722462,0.4038912989277538,368.42105263157896
2,10,19,15.0,95.0,18.5,0.587565867592275,0.412434132407725,368.42105263157896
3,10,19,25.0,95.0,18.5,0.5771692951659354,0.4228307048340646,368.42105263157896
4,10,19,35.0,95.0,18.5,0.5658828944507824,0.43411710554921756,368.42105263157896
5,10,19,45.0,95.0,18.5,0.5542661104478852,0.4457338895521148,368.42105263157896
6,10,19,55.0,95.0,18.5,0.5426056768736215,0.4573943231263785,368.42105263157896
7,10,19,65.0,95.0,18.5,0.5310216385430937,0.4689783614569063,368.42105263157896
8,10,19,75.0,95.0,18.5,0.5195375897722707,0.4804624102277293,368.42105263157896
9,10,19,85.0,95.0,18.5,0.5081283371987395,0.4918716628012605,368.42105263157896
10,10,19,95.0,95.0,18.5,0.49676321789679895,0.5032367821032011,368.42105263157896
11,10,19,105.0,95.0,18.5,0.4854604243480745,0.5145395756519255,368.42105263157896
12,10,19,115.0,95.0,18.5,0.47436958403472806,0.5256304159652719,368.42105263157896
13,10,19,125.0,95.0,18.5,0.46385938112467245,0.5361406188753275,368.42105263157896
14,10,19,135.0,95.0,18.5,0.45434700659036265,0.5456529934096374,368.42105263157896
15,10,19,145.0,95.0,18.5,0.4451115967713861,0.5548884032286139,368.42105263157896
16,10,19,155.0,95.0,18.5,0.4347972379587498,0.5652027620412502,368.42105263157896
17,10,19,165.0,95.0,18.5,0.421541713938367,0.578458286061633,368.42105263157896
18,10,19,175.0,95.0,18.5,0.4026052802219675,0.5973947197780325,368.42105263157896
19,10,19,185.0,95.0,18.5,0.37537318858429936,0.6246268114157006,368.42105263157896
20,10,19,195.0,95.0,18.5,0.33897601322354876,0.6610239867764512,368.42105263157896
21,10,19,205.0,95.0,18.5,0.2967839369582796,0.7032160630417204,368.42105263157896
22,10,19,215.0,95.0,18.5,0.2574070495554701,0.7425929504445299,368.42105263157896
23,10,19,225.0,95.0,18.5,0.2290630756878757,0.7709369243121242,368.42105263157896
24,10,19,235.0,95.0,18.5,0.21275895321881885,0.7872410467811811,368.42105263157896
25,10,19,245.0,95.0,18.5,0.20485147963370165,0.7951485203662984,368.42105263157896
26,10,19,255.0,95.0,18.5,0.2016109703206906,0.7983890296793094,368.42105263157896
27,10,19,265.0,95.0,18.5,0.20044801770366194,0.7995519822963381,368.42105263157896
28,10,19,275.0,95.0,18.5,0.2001001312098909,0.7998998687901091,368.42105263157896
29,10,19,285.0,95.0,18.5,0.20003437192540047,0.7999656280745995,368.42105263157896
30,10,19,295.0,95.0,18.5,0.20002417468348194,0.7999758253165181,368.42105263157896
31,10,19,305.0,95.0,18.5,0.2000225028970706,0.7999774971029294,368.42105263157896
32,10,19,315.0,95.0,18.5,0.20002258606388798,0.799977413936112,368.42105263157896
33,10,19,325.0,95.0,18.5,0.20002296921218057,0.7999770307878195,368.42105263157896
34,10,19,335.0,95.0,18.5,0.20002340783346187,0.7999765921665382,368.42105263157896
35,10,19,345.0,95.0,18.5,0.2000238575877637,0.7999761424122362,368.42105263157896
36,10,19,355.0,95.0,18.5,0.200024313452474,0.799975686547526,368.42105263157896
37,10,19,365.0,95.0,18.5,0.20002477395525656,0.7999752260447435,368.42105263157896
38,10,19,375.0,95.0,18.5,0.2000252385507513,0.7999747614492487,368.42105263157896
39,10,19,385.0,95.0,18.5,0.2000257072645643,0.7999742927354356,368.42105263157896
40,10,19,395.0,95.0,18.5,0.20002617992707433,0.7999738200729256,368.42105263157896
41,10,19,405.0,95.0,18.5,0.20002665558624283,0.7999733444137571,368.42105263157896
42,10,19,415.0,95.0,18.5,0.20002713303125413,0.7999728669687458,368.42105263157896
43,10,19,425.0,95.0,18.5,0.20002761095278804,0.7999723890472119,368.42105263157896
44,10,19,435.0,95.0,18.5,0.20002808672185876,0.7999719132781412,368.42105263157896
45,10,19,445.0,95.0,18.5,0.20002855562614333,0.7999714443738567,368.42105263157896
46,10,19,455.0,95.0,18.5,0.20002901013407806,0.799970989865922,368.42105263157896
47,10,19,465.0,95.0,18.5,0.20002943755572816,0.7999705624442719,368.42105263157896
48,10,19,475.0,95.0,18.5,0.20002981756790397,0.799970182432096,368.42105263157896
49,10,19,485.0,95.0,18.5,0.20003011960820297,0.7999698803917971,368.42105263157896
50,10,19,495.0,95.0,18.5,0.20003030193382454,0.7999696980661755,368.42105263157896
1,1,20,5.0,5.0,19.5,0.6279220086044717,0.37207799139552833,333.3333333333333
2,1,20,15.0,5.0,19.5,0.6159929093241097,0.38400709067589034,333.3333333333333
3,1,20,25.0,5.0,19.5,0.6022556033512247,0.39774439664877526,333.3333333333333
4,1,20,35.0,5.0,19.5,0.5879753197099202,0.41202468029007977,333.3333333333333
5,1,20,45.0,5.0,19.5,0.5737509509100825,0.42624904908991745,333.3333333333333
6,1,20,55.0,5.0,19.5,0.5598103997118503,0.4401896002881497,333.3333333333333
7,1,20,65.0,5.0,19.5,0.5461784411696978,0.4538215588303022,333.3333333333333
8,1,20,75.0,5.0,19.5,0.5327617558223336,0.46723824417766635,333.3333333333333
9,1,20,85.0,5.0,19.5,0.5193869000541927,0.48061309994580725,333.3333333333333
10,1,20,95.0,5.0,19.5,0.5058055565994138,0.49419444340058616,333.3333333333333
11,1,20,105.0,5.0,19.5,0.4916732380476573,0.5083267619523427,333.3333333333333
12,1,20,115.0,5.0,19.5,0.47650626476854446,0.5234937352314555,333.3333333333333
13,1,20,125.0,5.0,19.5,0.45959907093854685,0.5404009290614531,333.3333333333333
14,1,20,135.0,5.0,19.5,0.4398792321585523,0.5601207678414477,333.3333333333333
15,1,20,145.0,5.0,19.5,0.4158478092631879,0.5841521907368121,333.3333333333333
16,1,20,155.0,5.0,19.5,0.38572318174765924,0.6142768182523408,333.3333333333333
17,1,20,165.0,5.0,19.5,0.34897354131134206,0.6510264586886579,333.3333333333333
18,1,20,175.0,5.0,19.5,0.30885067471012007,0.6911493252898799,333.3333333333333
19,1,20,185.0,5.0,19.5,0.26969757961706115,0.7303024203829389,333.3333333333333
20,1,20,195.0,5.0,19.5,0.23756228129037704,0.762437718709623,333.3333333333333
21,1,20,205.0,5.0,19.5,0.21646252129441323,0.7835374787055868,333.3333333333333
22,1,20,215.0,5.0,19.5,0.20561236806397076,0.7943876319360292,333.3333333333333
23,1,20,225.0,5.0,19.5,0.20141638208027868,0.7985836179197213,333.3333333333333
24,1,20,235.0,5.0,19.5,0.200289895504664,0.799710104495336,333.3333333333333
25,1,20,245.0,5.0,19.5,0.2000711699497271,0.7999288300502729,333.3333333333333
26,1,20,255.0,5.0,19.5,0.20002972816289868,0.7999702718371013,333.3333333333333
27,1,20,265.0,5.0,19.5,0.2000217622900675,0.7999782377099325,333.3333333333333
28,1,20,275.0,5.0,19.5,0.200020892317898,0.799979107682102,333.3333333333333
29,1,20,285.0,5.0,19.5,0.20002108377024835,0.7999789162297517,333.3333333333333
30,1,20,295.0,5.0,19.5,0.20002147991825836,0.7999785200817416,333.3333333333333
31,1,20,305.0,5.0,19.5,0.20002190630407982,0.7999780936959202,333.3333333333333
32,1,20,315.0,5.0,19.5,0.20002234130083474,0.7999776586991653,333.3333333333333
33,1,20,325.0,5.0,19.5,0.20002278330251097,0.799977216697489,333.3333333333333
34,1,20,335.0,5.0,19.5,0.20002323123132074,0.7999767687686793,333.3333333333333
35,1,20,345.0,5.0,19.5,0.20002368399232096,0.799976316007679,333.3333333333333
36,1,20,355.0,5.0,19.5,0.2000241415226334,0.7999758584773666,333.3333333333333
37,1,20,365.0,5.0,19.5,0.20002460468075312,0.7999753953192469,333.3333333333333
38,1,20,375.0,5.0,19.5,0.20002507387030113,0.7999749261296989,333.3333333333333
39,1,20,385.0,5.0,19.5,0.20002554858930283,0.7999744514106972,333.3333333333333
40,1,20,395.0,5.0,19.5,0.20002602847984746,0.7999739715201526,333.3333333333333
41,1,20,405.0,5.0,19.5,0.20002651407014072,0.7999734859298593,333.3333333333333
42,1,20,415.0,5.0,19.5,0.20002700581056065,0.7999729941894393,333.3333333333333
43,1,20,425.0,5.0,19.5,0.20002750304432124,0.7999724969556787,333.3333333333333
44,1,20,435.0,5.0,19.5,0.20002800449203575,0.7999719955079643,333.3333333333333
45,1,20,445.0,5.0,19.5,0.20002850830876615,0.7999714916912338,333.3333333333333
46,1,20,455.0,5.0,19.5,0.20002900967498194,0.7999709903250181,333.3333333333333
47,1,20,465.0,5.0,19.5,0.20002949836104278,0.7999705016389572,333.3333333333333
48,1,20,475.0,5.0,19.5,0.20002995478918234,0.7999700452108176,333.3333333333333
49,1,20,485.0,5.0,19.5,0.2000303416430588,0.7999696583569412,333.3333333333333
50,1,20,495.0,5.0,19.5,0.20003059463529355,0.7999694053647064,333.3333333333333
1,2,20,5.0,15.0,19.5,0.6981899493497042,0.30181005065029576,333.3333333333333
2,2,20,15.0,15.0,19.5,0.6832596198133056,0.31674038018669437,333.3333333333333
3,2,20,25.0,15.0,19.5,0.6667146312306296,0.3332853687693704,333.3333333333333
4,2,20,35.0,15.0,19.5,0.6501443021271197,0.3498556978728803,333.3333333333333
5,2,20,45.0,15.0,19.5,0.6342566570976507,0.36574334290234933,333.3333333333333
6,2,20,55.0,15.0,19.5,0.6192863961847883,0.3807136038152117,333.3333333333333
7,2,20,65.0,15.0,19.5,0.6052397588774296,0.39476024112257035,333.3333333333333
8,2,20,75.0,15.0,19.5,0.5920231582025862,0.4079768417974138,333.3333333333333
9,2,20,85.0,15.0,19.5,0.579503960808801,0.42049603919119904,333.3333333333333
10,2,20,95.0,15.0,19.5,0.5675410958171646,0.4324589041828354,333.3333333333333
11,2,20,105.0,15.0,19.5,0.555989898356902,0.44401010164309795,333.3333333333333
12,2,20,115.0,15.0,19.5,0.5447011753532328,0.4552988246467672,333.3333333333333
13,2,20,125.0,15.0,19.5,0.533512548679384,0.466487451320616,333.3333333333333
14,2,20,135.0,15.0,19.5,0.5222596052780155,0.4777403947219845,333.3333333333333
15,2,20,145.0,15.0,19.5,0.5107014475424193,0.4892985524575807,333.3333333333333
16,2,20,155.0,15.0,19.5,0.4985196233169665,0.5014803766830336,333.3333333333333
17,2,20,165.0,15.0,19.5,0.4852623914665785,0.5147376085334214,333.3333333333333
18,2,20,175.0,15.0,19.5,0.47024729876601257,0.5297527012339874,333.3333333333333
19,2,20,185.0,15.0,19.5,0.45244842565277826,0.5475515743472217,333.3333333333333
20,2,20,195.0,15.0,19.5,0.43035766865734115,0.5696423313426588,333.3333333333333
21,2,20,205.0,15.0,19.5,0.40198778839363747,0.5980122116063625,333.3333333333333
22,2,20,215.0,15.0,19.5,0.3658087458533428,0.6341912541466572,333.3333333333333
23,2,20,225.0,15.0,19.5,0.32397738995935743,0.6760226100406426,333.3333333333333
24,2,20,235.0,15.0,19.5,0.281424265473386,0.7185757345266139,333.3333333333333
25,2,20,245.0,15.0,19.5,0.24549971142811072,0.7545002885718892,333.3333333333333
26,2,20,255.0,15.0,19.5,0.22161095219915025,0.7783890478008497,333.3333333333333
27,2,20,265.0,15.0,19.5,0.2086265412389288,0.7913734587610712,333.3333333333333
28,2,20,275.0,15.0,19.5,0.20254983217315603,0.797450167826844,333.3333333333333
29,2,20,285.0,15.0,19.5,0.20045112460803508,0.799548875391965,333.3333333333333
30,2,20,295.0,15.0,19.5,0.20006505930621388,0.7999349406937861,333.3333333333333
31,2,20,305.0,15.0,19.5,0.20003086753565405,0.799969132464346,333.3333333333333
32,2,20,315.0,15.0,19.5,0.20002424481783004,0.79997575518217,333.3333333333333
33,2,20,325.0,15.0,19.5,0.20002307889967355,0.7999769211003265,333.3333333333333
34,2,20,335.0,15.0,19.5,0.2000232614845397,0.7999767385154604,333.3333333333333
35,2,20,345.0,15.0,19.5,0.20002368578571728,0.7999763142142827,333.3333333333333
36,2,20,355.0,15.0,19.5,0.20002414066146706,0.7999758593385329,333.3333333333333
37,2,20,365.0,15.0,19.5,0.20002460304808886,0.7999753969519111,333.3333333333333
38,2,20,375.0,15.0,19.5,0.2000250719658873,0.7999749280341126,333.3333333333333
39,2,20,385.0,15.0,19.5,0.2000255466620417,0.7999744533379582,333.3333333333333
40,2,20,395.0,15.0,19.5,0.20002602659068963,0.7999739734093103,333.3333333333333
41,2,20,405.0,15.0,19.5,0.20002651217492667,0.7999734878250733,333.3333333333333
42,2,20,415.0,15.0,19.5,0.20002700414866978,0.7999729958513302,333.3333333333333
43,2,20,425.0,15.0,19.5,0.20002750227336563,0.7999724977266344,333.3333333333333
44,2,20,435.0,15.0,19.5,0.20002800579296864,0.7999719942070314,333.3333333333333
45,2,20,445.0,15.0,19.5,0.20002851395929647,0.7999714860407036,333.3333333333333
46,2,20,455.0,15.0,19.5,0.200029024072744,0.799970975927256,333.3333333333333
47,2,20,465.0,15.0,19.5,0.2000295290230281,0.7999704709769719,333.3333333333333
48,2,20,475.0,15.0,19.5,0.20003001340769086,0.7999699865923091,333.3333333333333
49,2,20,485.0,15.0,19.5,0.20003044267482517,0.7999695573251748,333.3333333333333
50,2,20,495.0,15.0,19.5,0.2000307451215938,0.7999692548784062,333.3333333333333
1,3,20,5.0,25.0,19.5,0.7401324986444856,0.2598675013555144,333.3333333333333
2,3,20,15.0,25.0,19.5,0.7228515472935779,0.2771484527064221,333.3333333333333
3,3,20,25.0,25.0,19.5,0.703883944299811,0.29611605570018895,333.3333333333333
4,3,20,35.0,25.0,19.5,0.6851023072579487,0.31489769274205126,333.3333333333333
5,3,20,45.0,25.0,19.5,0.6673799113955763,0.3326200886044237,333.3333333333333
6,3,20,55.0,25.0,19.5,0.6509749045918986,0.34902509540810145,333.3333333333333
7,3,20,65.0,25.0,19.5,0.6358487922659516,0.3641512077340484,333.3333333333333
8,3,20,75.0,25.0,19.5,0.6218485489754946,0.3781514510245054,333.3333333333333
9,3,20,85.0,25.0,19.5,0.6088116344905748,0.39118836550942515,333.3333333333333
10,3,20,95.0,25.0,19.5,0.5965493361360459,0.4034506638639541,333.3333333333333
11,3,20,105.0,25.0,19.5,0.584893427220596,0.415106572779404,333.3333333333333
12,3,20,115.0,25.0,19.5,0.5736965276962512,0.42630347230374876,333.3333333333333
13,3,20,125.0,25.0,19.5,0.5628245794073236,0.43717542059267644,333.3333333333333
14,3,20,135.0,25.0,19.5,0.5521509027676861,0.4478490972323139,333.3333333333333
15,3,20,145.0,25.0,19.5,0.5415378408691098,0.45846215913089017,333.3333333333333
16,3,20,155.0,25.0,19.5,0.53081855443208,0.46918144556791996,333.3333333333333
17,3,20,165.0,25.0,19.5,0.5197928285206808,0.48020717147931924,333.3333333333333
18,3,20,175.0,25.0,19.5,0.5082046992181423,0.49179530078185774,333.3333333333333
19,3,20,185.0,25.0,19.5,0.49571029208324185,0.5042897079167581,333.3333333333333
20,3,20,195.0,25.0,19.5,0.48182439450176207,0.5181756054982379,333.3333333333333
21,3,20,205.0,25.0,19.5,0.4658244857676252,0.5341755142323747,333.3333333333333
22,3,20,215.0,25.0,19.5,0.446592009572343,0.553407990427657,333.3333333333333
23,3,20,225.0,25.0,19.5,0.42242139266257606,0.5775786073374239,333.3333333333333
24,3,20,235.0,25.0,19.5,0.39115969440316517,0.6088403055968348,333.3333333333333
25,3,20,245.0,25.0,19.5,0.35212603498907685,0.6478739650109231,333.3333333333333
26,3,20,255.0,25.0,19.5,0.30908940149365804,0.690910598506342,333.3333333333333
27,3,20,265.0,25.0,19.5,0.26827043122679006,0.7317295687732099,333.3333333333333
28,3,20,275.0,25.0,19.5,0.2372191220804317,0.7627808779195683,333.3333333333333
29,3,20,285.0,25.0,19.5,0.21790074139357551,0.7820992586064245,333.3333333333333
30,3,20,295.0,25.0,19.5,0.20716199268662847,0.7928380073133715,333.3333333333333
31,3,20,305.0,25.0,19.5,0.20199344478746584,0.7980065552125342,333.3333333333333
32,3,20,315.0,25.0,19.5,0.20032662403372212,0.7996733759662779,333.3333333333333
33,3,20,325.0,25.0,19.5,0.2000595997518897,0.7999404002481103,333.3333333333333
34,3,20,335.0,25.0,19.5,0.20003219739281297,0.799967802607187,333.3333333333333
35,3,20,345.0,25.0,19.5,0.2000253659932707,0.7999746340067293,333.3333333333333
36,3,20,355.0,25.0,19.5,0.200024382750953,0.799975617249047,333.3333333333333
37,3,20,365.0,25.0,19.5,0.20002462353039427,0.7999753764696057,333.3333333333333
38,3,20,375.0,25.0,19.5,0.20002507184542104,0.7999749281545789,333.3333333333333
39,3,20,385.0,25.0,19.5,0.20002554380847404,0.799974456191526,333.3333333333333
40,3,20,395.0,25.0,19.5,0.20002602290759347,0.7999739770924066,333.3333333333333
41,3,20,405.0,25.0,19.5,0.20002650857398274,0.7999734914260173,333.3333333333333
42,3,20,415.0,25.0,19.5,0.20002700095882509,0.7999729990411749,333.3333333333333
43,3,20,425.0,25.0,19.5,0.2000275000324376,0.7999724999675624,333.3333333333333
44,3,20,435.0,25.0,19.5,0.2000280065368797,0.7999719934631203,333.3333333333333
45,3,20,445.0,25.0,19.5,0.20002852167631083,0.7999714783236892,333.3333333333333
46,3,20,455.0,25.0,19.5,0.20002904603312166,0.7999709539668783,333.3333333333333
47,3,20,465.0,25.0,19.5,0.200029578670952,0.7999704213290479,333.3333333333333
48,3,20,475.0,25.0,19.5,0.2000301126030786,0.7999698873969214,333.3333333333333
49,3,20,485.0,25.0,19.5,0.20003062124607293,0.799969378753927,333.3333333333333
50,3,20,495.0,25.0,19.5,0.200031029591853,0.799968970408147,333.3333333333333
1,4,20,5.0,35.0,19.5,0.7694625918113456,0.23053740818865442,333.3333333333333
2,4,20,15.0,35.0,19.5,0.7512364995792138,0.2487635004207862,333.3333333333333
3,4,20,25.0,35.0,19.5,0.7305387898324295,0.2694612101675705,333.3333333333333
4,4,20,35.0,35.0,19.5,0.7098504859148208,0.2901495140851792,333.3333333333333
5,4,20,45.0,35.0,19.5,0.6904333549926208,0.3095666450073792,333.3333333333333
6,4,20,55.0,35.0,19.5,0.672799848947967,0.32720015105203304,333.3333333333333
7,4,20,65.0,35.0,19.5,0.6567634063450349,0.34323659365496506,333.3333333333333
8,4,20,75.0,35.0,19.5,0.6420657957700856,0.3579342042299144,333.3333333333333
9,4,20,85.0,35.0,19.5,0.6284497249593759,0.3715502750406241,333.3333333333333
10,4,20,95.0,35.0,19.5,0.61572333459406,0.38427666540593997,333.3333333333333
11,4,20,105.0,35.0,19.5,0.6037246976422557,0.39627530235774433,333.3333333333333
12,4,20,115.0,35.0,19.5,0.5923004858574622,0.4076995141425378,333.3333333333333
13,4,20,125.0,35.0,19.5,0.5813154882042885,0.41868451179571153,333.3333333333333
14,4,20,135.0,35.0,19.5,0.5706384749747103,0.4293615250252897,333.3333333333333
15,4,20,145.0,35.0,19.5,0.5601446397875285,0.4398553602124715,333.3333333333333
16,4,20,155.0,35.0,19.5,0.5497152456622412,0.45028475433775883,333.3333333333333
17,4,20,165.0,35.0,19.5,0.5392178441474961,0.4607821558525039,333.3333333333333
18,4,20,175.0,35.0,19.5,0.5284969847416838,0.47150301525831617,333.3333333333333
19,4,20,185.0,35.0,19.5,0.5173595535685364,0.48264044643146364,333.3333333333333
20,4,20,195.0,35.0,19.5,0.5055492434030315,0.49445075659696847,333.3333333333333
21,4,20,205.0,35.0,19.5,0.4926984587274369,0.5073015412725631,333.3333333333333
22,4,20,215.0,35.0,19.5,0.47826795732412886,0.5217320426758711,333.3333333333333
23,4,20,225.0,35.0,19.5,0.46143765009002413,0.5385623499099759,333.3333333333333
24,4,20,235.0,35.0,19.5,0.44095149489378055,0.5590485051062195,333.3333333333333
25,4,20,245.0,35.0,19.5,0.4149964890388144,0.5850035109611855,333.3333333333333
26,4,20,255.0,35.0,19.5,0.38164248002821916,0.6183575199717808,333.3333333333333
27,4,20,265.0,35.0,19.5,0.3415875464282684,0.6584124535717316,333.3333333333333
28,4,20,275.0,35.0,19.5,0.2992387716356167,0.7007612283643834,333.3333333333333
29,4,20,285.0,35.0,19.5,0.2608459729249026,0.7391540270750974,333.3333333333333
30,4,20,295.0,35.0,19.5,0.23265771988636014,0.7673422801136398,333.3333333333333
31,4,20,305.0,35.0,19.5,0.21538977600431997,0.78461022399568,333.3333333333333
32,4,20,315.0,35.0,19.5,0.20591751605923847,0.7940824839407615,333.3333333333333
33,4,20,325.0,35.0,19.5,0.20157361531849266,0.7984263846815074,333.3333333333333
34,4,20,335.0,35.0,19.5,0.20026904312952357,0.7997309568704765,333.3333333333333
35,4,20,345.0,35.0,19.5,0.20006089218794185,0.7999391078120581,333.3333333333333
36,4,20,355.0,35.0,19.5,0.20003231708513858,0.7999676829148614,333.3333333333333
37,4,20,365.0,35.0,19.5,0.20002583971435492,0.799974160285645,333.3333333333333
38,4,20,375.0,35.0,19.5,0.20002523789351367,0.7999747621064863,333.3333333333333
39,4,20,385.0,35.0,19.5,0.20002555568257627,0.7999744443174237,333.3333333333333
40,4,20,395.0,35.0,19.5,0.20002602102827668,0.7999739789717233,333.3333333333333
41,4,20,405.0,35.0,19.5,0.20002650425888532,0.7999734957411146,333.3333333333333
42,4,20,415.0,35.0,19.5,0.20002699563382606,0.7999730043661739,333.3333333333333
43,4,20,425.0,35.0,19.5,0.2000274952521398,0.7999725047478602,333.3333333333333
44,4,20,435.0,35.0,19.5,0.2000280041065934,0.7999719958934066,333.3333333333333
45,4,20,445.0,35.0,19.5,0.20002852486435135,0.7999714751356486,333.3333333333333
46,4,20,455.0,35.0,19.5,0.2000290630343995,0.7999709369656005,333.3333333333333
47,4,20,465.0,35.0,19.5,0.20002962604733432,0.7999703739526657,333.3333333333333
48,4,20,475.0,35.0,19.5,0.2000302204270213,0.7999697795729788,333.3333333333333
49,4,20,485.0,35.0,19.5,0.20003083472691763,0.7999691652730824,333.3333333333333
50,4,20,495.0,35.0,19.5,0.20003139681285564,0.7999686031871444,333.3333333333333
1,5,20,5.0,45.0,19.5,0.7902678193659712,0.20973218063402876,333.3333333333333
2,5,20,15.0,45.0,19.5,0.774199513776623,0.225800486223377,333.3333333333333
3,5,20,25.0,45.0,19.5,0.7530535111126712,0.24694648888732884,333.3333333333333
4,5,20,35.0,45.0,19.5,0.7312075516700286,0.2687924483299714,333.3333333333333
5,5,20,45.0,45.0,19.5,0.7107647107924429,0.28923528920755714,333.3333333333333
6,5,20,55.0,45.0,19.5,0.6920313346792681,0.30796866532073186,333.3333333333333
7,5,20,65.0,45.0,19.5,0.6750352850406742,0.3249647149593258,333.3333333333333
8,5,20,75.0,45.0,19.5,0.6595761073086842,0.3404238926913158,333.3333333333333
9,5,20,85.0,45.0,19.5,0.6453972725753321,0.3546027274246679,333.3333333333333
10,5,20,95.0,45.0,19.5,0.632267975043244,0.36773202495675605,333.3333333333333
11,5,20,105.0,45.0,19.5,0.6199870874408657,0.3800129125591343,333.3333333333333
12,5,20,115.0,45.0,19.5,0.608391061070274,0.39160893892972604,333.3333333333333
13,5,20,125.0,45.0,19.5,0.5973362525587504,0.40266374744124955,333.3333333333333
14,5,20,135.0,45.0,19.5,0.5867020511827716,0.41329794881722837,333.3333333333333
15,5,20,145.0,45.0,19.5,0.5763764448280172,0.4236235551719828,333.3333333333333
16,5,20,155.0,45.0,19.5,0.5662521581493419,0.43374784185065807,333.3333333333333
17,5,20,165.0,45.0,19.5,0.5562203600413718,0.44377963995862824,333.3333333333333
18,5,20,175.0,45.0,19.5,0.5461631508989617,0.4538368491010383,333.3333333333333
19,5,20,185.0,45.0,19.5,0.5359449037509139,0.46405509624908614,333.3333333333333
20,5,20,195.0,45.0,19.5,0.5254022092774352,0.4745977907225648,333.3333333333333
21,5,20,205.0,45.0,19.5,0.5143338870161199,0.48566611298388007,333.3333333333333
22,5,20,215.0,45.0,19.5,0.502465896203838,0.49753410379616203,333.3333333333333
23,5,20,225.0,45.0,19.5,0.4894091552148402,0.5105908447851598,333.3333333333333
24,5,20,235.0,45.0,19.5,0.4745906243886083,0.5254093756113918,333.3333333333333
25,5,20,245.0,45.0,19.5,0.4571473295094307,0.5428526704905693,333.3333333333333
26,5,20,255.0,45.0,19.5,0.4357956380945017,0.5642043619054983,333.3333333333333
27,5,20,265.0,45.0,19.5,0.4088215818775403,0.5911784181224597,333.3333333333333
28,5,20,275.0,45.0,19.5,0.3749288379785797,0.6250711620214203,333.3333333333333
29,5,20,285.0,45.0,19.5,0.3355996393104326,0.6644003606895674,333.3333333333333
30,5,20,295.0,45.0,19.5,0.293751881599216,0.706248118400784,333.3333333333333
31,5,20,305.0,45.0,19.5,0.25593214125985486,0.7440678587401451,333.3333333333333
32,5,20,315.0,45.0,19.5,0.22870914322367966,0.7712908567763204,333.3333333333333
33,5,20,325.0,45.0,19.5,0.21268435748719783,0.7873156425128022,333.3333333333333
34,5,20,335.0,45.0,19.5,0.20447033177522456,0.7955296682247754,333.3333333333333
35,5,20,345.0,45.0,19.5,0.20105191440859316,0.7989480855914068,333.3333333333333
36,5,20,355.0,45.0,19.5,0.2001656519417425,0.7998343480582575,333.3333333333333
37,5,20,365.0,45.0,19.5,0.20004537326665364,0.7999546267333464,333.3333333333333
38,5,20,375.0,45.0,19.5,0.2000285232766349,0.7999714767233651,333.3333333333333
39,5,20,385.0,45.0,19.5,0.20002597176770862,0.7999740282322914,333.3333333333333
40,5,20,395.0,45.0,19.5,0.20002605819329525,0.7999739418067048,333.3333333333333
41,5,20,405.0,45.0,19.5,0.2000265026759415,0.7999734973240585,333.3333333333333
42,5,20,415.0,45.0,19.5,0.20002698951625802,0.7999730104837419,333.3333333333333
43,5,20,425.0,45.0,19.5,0.2000274869981904,0.7999725130018096,333.3333333333333
44,5,20,435.0,45.0,19.5,0.20002799488623776,0.7999720051137622,333.3333333333333
45,5,20,445.0,45.0,19.5,0.2000285158419013,0.7999714841580987,333.3333333333333
46,5,20,455.0,45.0,19.5,0.2000290572328377,0.7999709427671623,333.3333333333333
47,5,20,465.0,45.0,19.5,0.20002963300130464,0.7999703669986954,333.3333333333333
48,5,20,475.0,45.0,19.5,0.20003026168476137,0.7999697383152387,333.3333333333333
49,5,20,485.0,45.0,19.5,0.20003092824200402,0.7999690717579959,333.3333333333333
50,5,20,495.0,45.0,19.5,0.2000314922676876,0.7999685077323124,333.3333333333333
1,6,20,5.0,55.0,19.5,0.7707364069938782,0.22926359300612176,333.3333333333333
2,6,20,15.0,55.0,19.5,0.7534405070534496,0.24655949294655044,333.3333333333333
3,6,20,25.0,55.0,19.5,0.7337032828927886,0.26629671710721137,333.3333333333333
4,6,20,35.0,55.0,19.5,0.7138219651500117,0.28617803484998827,333.3333333333333
5,6,20,45.0,55.0,19.5,0.6950078489785081,0.3049921510214919,333.3333333333333
6,6,20,55.0,55.0,19.5,0.6776442570816202,0.32235574291837976,333.3333333333333
7,6,20,65.0,55.0,19.5,0.661711418618426,0.338288581381574,333.3333333333333
8,6,20,75.0,55.0,19.5,0.6470479991662218,0.3529520008337782,333.3333333333333
9,6,20,85.0,55.0,19.5,0.6334554825439787,0.36654451745602135,333.3333333333333
10,6,20,95.0,55.0,19.5,0.6207460722658902,0.3792539277341098,333.3333333333333
11,6,20,105.0,55.0,19.5,0.608757109753972,0.391242890246028,333.3333333333333
12,6,20,115.0,55.0,19.5,0.5973396714707419,0.40266032852925815,333.3333333333333
13,6,20,125.0,55.0,19.5,0.5863667828051232,0.4136332171948768,333.3333333333333
14,6,20,135.0,55.0,19.5,0.5757192481381911,0.4242807518618089,333.3333333333333
15,6,20,145.0,55.0,19.5,0.5652828592063489,0.4347171407936511,333.3333333333333
16,6,20,155.0,55.0,19.5,0.5549417447954892,0.4450582552045108,333.3333333333333
17,6,20,165.0,55.0,19.5,0.5445717388192834,0.45542826118071655,333.3333333333333
18,6,20,175.0,55.0,19.5,0.5340290931375742,0.4659709068624258,333.3333333333333
19,6,20,185.0,55.0,19.5,0.5231375794065332,0.47686242059346684,333.3333333333333
20,6,20,195.0,55.0,19.5,0.5116667380305566,0.4883332619694434,333.3333333333333
21,6,20,205.0,55.0,19.5,0.4992992902573311,0.5007007097426689,333.3333333333333
22,6,20,215.0,55.0,19.5,0.4855788302280636,0.5144211697719364,333.3333333333333
23,6,20,225.0,55.0,19.5,0.4698253695358604,0.5301746304641396,333.3333333333333
24,6,20,235.0,55.0,19.5,0.4510023481741659,0.5489976518258342,333.3333333333333
25,6,20,245.0,55.0,19.5,0.42756189929889843,0.5724381007011016,333.3333333333333
26,6,20,255.0,55.0,19.5,0.39752235791770707,0.6024776420822929,333.3333333333333
27,6,20,265.0,55.0,19.5,0.3599760277898698,0.6400239722101302,333.3333333333333
28,6,20,275.0,55.0,19.5,0.3184146603493707,0.6815853396506293,333.3333333333333
29,6,20,285.0,55.0,19.5,0.2778143675987278,0.7221856324012722,333.3333333333333
30,6,20,295.0,55.0,19.5,0.24473905431442566,0.7552609456855743,333.3333333333333
31,6,20,305.0,55.0,19.5,0.22257779988851167,0.7774222001114883,333.3333333333333
32,6,20,315.0,55.0,19.5,0.20966927215178804,0.7903307278482119,333.3333333333333
33,6,20,325.0,55.0,19.5,0.20311862873335834,0.7968813712666416,333.3333333333333
34,6,20,335.0,55.0,19.5,0.200657039469029,0.799342960530971,333.3333333333333
35,6,20,345.0,55.0,19.5,0.20011447819037226,0.7998855218096277,333.3333333333333
36,6,20,355.0,55.0,19.5,0.20004170223793546,0.7999582977620645,333.3333333333333
37,6,20,365.0,55.0,19.5,0.20002766886693474,0.7999723311330653,333.3333333333333
38,6,20,375.0,55.0,19.5,0.20002546878605934,0.7999745312139407,333.3333333333333
39,6,20,385.0,55.0,19.5,0.20002557638762838,0.7999744236123716,333.3333333333333
40,6,20,395.0,55.0,19.5,0.20002601531394198,0.7999739846860581,333.3333333333333
41,6,20,405.0,55.0,19.5,0.20002649385312532,0.7999735061468747,333.3333333333333
42,6,20,415.0,55.0,19.5,0.20002698104322622,0.7999730189567738,333.3333333333333
43,6,20,425.0,55.0,19.5,0.20002747569821622,0.7999725243017838,333.3333333333333
44,6,20,435.0,55.0,19.5,0.20002797838091393,0.7999720216190861,333.3333333333333
45,6,20,445.0,55.0,19.5,0.20002849112801444,0.7999715088719855,333.3333333333333
46,6,20,455.0,55.0,19.5,0.20002901895965236,0.7999709810403477,333.3333333333333
47,6,20,465.0,55.0,19.5,0.20002956826838011,0.7999704317316199,333.3333333333333
48,6,20,475.0,55.0,19.5,0.20003014306642627,0.7999698569335737,333.3333333333333
49,6,20,485.0,55.0,19.5,0.2000307279570412,0.7999692720429588,333.3333333333333
50,6,20,495.0,55.0,19.5,0.2000312500928405,0.7999687499071595,333.3333333333333
1,7,20,5.0,65.0,19.5,0.7443085746366381,0.25569142536336187,333.3333333333333
2,7,20,15.0,65.0,19.5,0.7280919595230537,0.2719080404769463,333.3333333333333
3,7,20,25.0,65.0,19.5,0.7100804353382839,0.2899195646617161,333.3333333333333
4,7,20,35.0,65.0,19.5,0.6920147893473871,0.30798521065261286,333.3333333333333
5,7,20,45.0,65.0,19.5,0.6747772641325673,0.32522273586743267,333.3333333333333
6,7,20,55.0,65.0,19.5,0.6586869120841449,0.34131308791585513,333.3333333333333
7,7,20,65.0,65.0,19.5,0.6437610850896879,0.3562389149103121,333.3333333333333
8,7,20,75.0,65.0,19.5,0.6298910571273701,0.37010894287262985,333.3333333333333
9,7,20,85.0,65.0,19.5,0.6169270111017436,0.38307298889825636,333.3333333333333
10,7,20,95.0,65.0,19.5,0.6047134563957738,0.3952865436042262,333.3333333333333
11,7,20,105.0,65.0,19.5,0.5931063257713629,0.4068936742286371,333.3333333333333
12,7,20,115.0,65.0,19.5,0.5819707581779519,0.41802924182204815,333.3333333333333
13,7,20,125.0,65.0,19.5,0.5711814830786496,0.4288185169213504,333.3333333333333
14,7,20,135.0,65.0,19.5,0.5606149660519814,0.43938503394801864,333.3333333333333
15,7,20,145.0,65.0,19.5,0.5501444407954288,0.4498555592045712,333.3333333333333
16,7,20,155.0,65.0,19.5,0.5396324927726449,0.4603675072273551,333.3333333333333
17,7,20,165.0,65.0,19.5,0.5289200079347838,0.4710799920652162,333.3333333333333
18,7,20,175.0,65.0,19.5,0.5178108679343123,0.4821891320656877,333.3333333333333
19,7,20,185.0,65.0,19.5,0.5060461431503603,0.49395385684963966,333.3333333333333
20,7,20,195.0,65.0,19.5,0.49326215667873136,0.5067378433212686,333.3333333333333
21,7,20,205.0,65.0,19.5,0.47892392531650363,0.5210760746834964,333.3333333333333
22,7,20,215.0,65.0,19.5,0.4622197955973422,0.5377802044026578,333.3333333333333
23,7,20,225.0,65.0,19.5,0.44190832489957416,0.5580916751004259,333.3333333333333
24,7,20,235.0,65.0,19.5,0.41617960641021323,0.5838203935897868,333.3333333333333
25,7,20,245.0,65.0,19.5,0.3830502844798524,0.6169497155201475,333.3333333333333
26,7,20,255.0,65.0,19.5,0.3429889869510693,0.6570110130489307,333.3333333333333
27,7,20,265.0,65.0,19.5,0.30048890834892683,0.6995110916510732,333.3333333333333
28,7,20,275.0,65.0,19.5,0.26186831758919205,0.738131682410808,333.3333333333333
29,7,20,285.0,65.0,19.5,0.23339097406575096,0.7666090259342491,333.3333333333333
30,7,20,295.0,65.0,19.5,0.21579383832752644,0.7842061616724736,333.3333333333333
31,7,20,305.0,65.0,19.5,0.20609447651655002,0.79390552348345,333.3333333333333
32,7,20,315.0,65.0,19.5,0.20161993257269964,0.7983800674273004,333.3333333333333
33,7,20,325.0,65.0,19.5,0.20026964914332468,0.7997303508566753,333.3333333333333
34,7,20,335.0,65.0,19.5,0.2000589862992361,0.7999410137007639,333.3333333333333
35,7,20,345.0,65.0,19.5,0.20003190034961318,0.7999680996503868,333.3333333333333
36,7,20,355.0,65.0,19.5,0.2000254413412903,0.7999745586587097,333.3333333333333
37,7,20,365.0,65.0,19.5,0.2000247736935214,0.7999752263064785,333.3333333333333
38,7,20,375.0,65.0,19.5,0.20002507732625333,0.7999749226737467,333.3333333333333
39,7,20,385.0,65.0,19.5,0.20002553449334057,0.7999744655066594,333.3333333333333
40,7,20,395.0,65.0,19.5,0.2000260083229168,0.7999739916770832,333.3333333333333
41,7,20,405.0,65.0,19.5,0.20002648811937368,0.7999735118806264,333.3333333333333
42,7,20,415.0,65.0,19.5,0.20002697303053085,0.7999730269694691,333.3333333333333
43,7,20,425.0,65.0,19.5,0.20002746270672025,0.7999725372932798,333.3333333333333
44,7,20,435.0,65.0,19.5,0.2000279570634762,0.7999720429365238,333.3333333333333
45,7,20,445.0,65.0,19.5,0.2000284567005688,0.7999715432994312,333.3333333333333
46,7,20,455.0,65.0,19.5,0.2000289617773303,0.7999710382226697,333.3333333333333
47,7,20,465.0,65.0,19.5,0.2000294703989953,0.7999705296010047,333.3333333333333
48,7,20,475.0,65.0,19.5,0.2000299744172834,0.7999700255827166,333.3333333333333
49,7,20,485.0,65.0,19.5,0.2000304469318956,0.7999695530681044,333.3333333333333
50,7,20,495.0,65.0,19.5,0.20003081829919772,0.7999691817008023,333.3333333333333
1,8,20,5.0,75.0,19.5,0.7094036654719633,0.2905963345280367,333.3333333333333
2,8,20,15.0,75.0,19.5,0.6953480078499668,0.30465199215003325,333.3333333333333
3,8,20,25.0,75.0,19.5,0.679538767583453,0.320461232416547,333.3333333333333
4,8,20,35.0,75.0,19.5,0.6634958661597753,0.3365041338402247,333.3333333333333
5,8,20,45.0,75.0,19.5,0.6479749178180453,0.3520250821819547,333.3333333333333
6,8,20,55.0,75.0,19.5,0.6332746507234338,0.3667253492765662,333.3333333333333
7,8,20,65.0,75.0,19.5,0.6194498782345174,0.38055012176548264,333.3333333333333
8,8,20,75.0,75.0,19.5,0.606440205542874,0.39355979445712597,333.3333333333333
9,8,20,85.0,75.0,19.5,0.5941378392085904,0.4058621607914096,333.3333333333333
10,8,20,95.0,75.0,19.5,0.5824175190492814,0.4175824809507186,333.3333333333333
11,8,20,105.0,75.0,19.5,0.5711526640452307,0.4288473359547693,333.3333333333333
12,8,20,115.0,75.0,19.5,0.5602143018399023,0.4397856981600977,333.3333333333333
13,8,20,125.0,75.0,19.5,0.5494675912266732,0.4505324087733268,333.3333333333333
14,8,20,135.0,75.0,19.5,0.5387653558933752,0.46123464410662485,333.3333333333333
15,8,20,145.0,75.0,19.5,0.5279381336732932,0.47206186632670677,333.3333333333333
16,8,20,155.0,75.0,19.5,0.51677986728376,0.48322013271624,333.3333333333333
17,8,20,165.0,75.0,19.5,0.5050279178265751,0.4949720821734249,333.3333333333333
18,8,20,175.0,75.0,19.5,0.49232878888862125,0.5076712111113788,333.3333333333333
19,8,20,185.0,75.0,19.5,0.4781742979558044,0.5218257020441956,333.3333333333333
20,8,20,195.0,75.0,19.5,0.4617885761093044,0.5382114238906957,333.3333333333333
21,8,20,205.0,75.0,19.5,0.44195619824072996,0.55804380175927,333.3333333333333
22,8,20,215.0,75.0,19.5,0.41686613075627676,0.5831338692437232,333.3333333333333
23,8,20,225.0,75.0,19.5,0.3844349897216323,0.6155650102783676,333.3333333333333
24,8,20,235.0,75.0,19.5,0.3447085222465701,0.6552914777534299,333.3333333333333
25,8,20,245.0,75.0,19.5,0.3017348369991638,0.6982651630008362,333.3333333333333
26,8,20,255.0,75.0,19.5,0.26224566728240145,0.7377543327175986,333.3333333333333
27,8,20,265.0,75.0,19.5,0.23322168800555607,0.7667783119944439,333.3333333333333
28,8,20,275.0,75.0,19.5,0.2155718446345778,0.7844281553654222,333.3333333333333
29,8,20,285.0,75.0,19.5,0.2059189820554652,0.7940810179445348,333.3333333333333
30,8,20,295.0,75.0,19.5,0.20149408293068619,0.7985059170693138,333.3333333333333
31,8,20,305.0,75.0,19.5,0.2002198547178777,0.7997801452821223,333.3333333333333
32,8,20,315.0,75.0,19.5,0.2000472661598989,0.7999527338401011,333.3333333333333
33,8,20,325.0,75.0,19.5,0.20002925295933863,0.7999707470406614,333.3333333333333
34,8,20,335.0,75.0,19.5,0.20002433944285397,0.799975660557146,333.3333333333333
35,8,20,345.0,75.0,19.5,0.20002383388751319,0.7999761661124868,333.3333333333333
36,8,20,355.0,75.0,19.5,0.20002414811404118,0.7999758518859588,333.3333333333333
37,8,20,365.0,75.0,19.5,0.20002459829354147,0.7999754017064585,333.3333333333333
38,8,20,375.0,75.0,19.5,0.2000250623765782,0.7999749376234218,333.3333333333333
39,8,20,385.0,75.0,19.5,0.20002553188859365,0.7999744681114064,333.3333333333333
40,8,20,395.0,75.0,19.5,0.20002600621160277,0.7999739937883972,333.3333333333333
41,8,20,405.0,75.0,19.5,0.20002648450415447,0.7999735154958455,333.3333333333333
42,8,20,415.0,75.0,19.5,0.20002696586010682,0.7999730341398932,333.3333333333333
43,8,20,425.0,75.0,19.5,0.2000274499950804,0.7999725500049196,333.3333333333333
44,8,20,435.0,75.0,19.5,0.20002793597401486,0.7999720640259851,333.3333333333333
45,8,20,445.0,75.0,19.5,0.20002842145597066,0.7999715785440293,333.3333333333333
46,8,20,455.0,75.0,19.5,0.2000289028728534,0.7999710971271465,333.3333333333333
47,8,20,465.0,75.0,19.5,0.2000293726894496,0.7999706273105505,333.3333333333333
48,8,20,475.0,75.0,19.5,0.20002981523701668,0.7999701847629833,333.3333333333333
49,8,20,485.0,75.0,19.5,0.2000301986784723,0.7999698013215277,333.3333333333333
50,8,20,495.0,75.0,19.5,0.20003046153635948,0.7999695384636405,333.3333333333333
1,9,20,5.0,85.0,19.5,0.6621010356370346,0.3378989643629654,333.3333333333333
2,9,20,15.0,85.0,19.5,0.6505878473168778,0.3494121526831222,333.3333333333333
3,9,20,25.0,85.0,19.5,0.6372151820293392,0.36278481797066076,333.3333333333333
4,9,20,35.0,85.0,19.5,0.6232860434384178,0.37671395656158224,333.3333333333333
5,9,20,45.0,85.0,19.5,0.6094800970109784,0.3905199029890216,333.3333333333333
6,9,20,55.0,85.0,19.5,0.596101737300865,0.403898262699135,333.3333333333333
7,9,20,65.0,85.0,19.5,0.5832445624879093,0.41675543751209065,333.3333333333333
8,9,20,75.0,85.0,19.5,0.5708894617289784,0.42911053827102164,333.3333333333333
9,9,20,85.0,85.0,19.5,0.5589629264225789,0.44103707357742106,333.3333333333333
10,9,20,95.0,85.0,19.5,0.5473556623728686,0.4526443376271314,333.3333333333333
11,9,20,105.0,85.0,19.5,0.5359368847400537,0.46406311525994626,333.3333333333333
12,9,20,115.0,85.0,19.5,0.524546633664715,0.475453366335285,333.3333333333333
13,9,20,125.0,85.0,19.5,0.5129799053231765,0.4870200946768235,333.3333333333333
14,9,20,135.0,85.0,19.5,0.500957724969503,0.49904227503049703,333.3333333333333
15,9,20,145.0,85.0,19.5,0.48807949379466414,0.5119205062053358,333.3333333333333
16,9,20,155.0,85.0,19.5,0.4737585152755852,0.5262414847244148,333.3333333333333
17,9,20,165.0,85.0,19.5,0.45713487523921925,0.5428651247607807,333.3333333333333
18,9,20,175.0,85.0,19.5,0.43696764132082855,0.5630323586791715,333.3333333333333
19,9,20,185.0,85.0,19.5,0.4115678213936535,0.5884321786063464,333.3333333333333
20,9,20,195.0,85.0,19.5,0.3791601063349168,0.6208398936650832,333.3333333333333
21,9,20,205.0,85.0,19.5,0.3401275262959783,0.6598724737040217,333.3333333333333
22,9,20,215.0,85.0,19.5,0.29801973470597176,0.7019802652940282,333.3333333333333
23,9,20,225.0,85.0,19.5,0.258742224634693,0.741257775365307,333.3333333333333
24,9,20,235.0,85.0,19.5,0.22951261049659175,0.7704873895034082,333.3333333333333
25,9,20,245.0,85.0,19.5,0.21244820486647342,0.7875517951335266,333.3333333333333
26,9,20,255.0,85.0,19.5,0.20418263902299927,0.7958173609770007,333.3333333333333
27,9,20,265.0,85.0,19.5,0.20093112856944814,0.7990688714305518,333.3333333333333
28,9,20,275.0,85.0,19.5,0.20012764429282076,0.7998723557071792,333.3333333333333
29,9,20,285.0,85.0,19.5,0.20003490597655332,0.7999650940234466,333.3333333333333
30,9,20,295.0,85.0,19.5,0.2000247171360602,0.7999752828639398,333.3333333333333
31,9,20,305.0,85.0,19.5,0.20002242303852913,0.7999775769614709,333.3333333333333
32,9,20,315.0,85.0,19.5,0.20002241453486763,0.7999775854651323,333.3333333333333
33,9,20,325.0,85.0,19.5,0.20002279093556194,0.799977209064438,333.3333333333333
34,9,20,335.0,85.0,19.5,0.20002323154321464,0.7999767684567853,333.3333333333333
35,9,20,345.0,85.0,19.5,0.20002368139795568,0.7999763186020443,333.3333333333333
36,9,20,355.0,85.0,19.5,0.20002413723601958,0.7999758627639804,333.3333333333333
37,9,20,365.0,85.0,19.5,0.2000245982123618,0.7999754017876382,333.3333333333333
38,9,20,375.0,85.0,19.5,0.2000250633598775,0.7999749366401225,333.3333333333333
39,9,20,385.0,85.0,19.5,0.20002553232655138,0.7999744676734486,333.3333333333333
40,9,20,395.0,85.0,19.5,0.2000260053301923,0.7999739946698077,333.3333333333333
41,9,20,405.0,85.0,19.5,0.2000264818772379,0.7999735181227621,333.3333333333333
42,9,20,415.0,85.0,19.5,0.20002696063170058,0.7999730393682994,333.3333333333333
43,9,20,425.0,85.0,19.5,0.2000274403733045,0.7999725596266956,333.3333333333333
44,9,20,435.0,85.0,19.5,0.20002791929230362,0.7999720807076964,333.3333333333333
45,9,20,445.0,85.0,19.5,0.20002839339826514,0.7999716066017348,333.3333333333333
46,9,20,455.0,85.0,19.5,0.20002885627838046,0.7999711437216195,333.3333333333333
47,9,20,465.0,85.0,19.5,0.20002929693764307,0.799970703062357,333.3333333333333
48,9,20,475.0,85.0,19.5,0.20002969621454408,0.799970303785456,333.3333333333333
49,9,20,485.0,85.0,19.5,0.20003002236711137,0.7999699776328886,333.3333333333333
50,9,20,495.0,85.0,19.5,0.2000302264353228,0.7999697735646771,333.3333333333333
1,10,20,5.0,95.0,19.5,0.582197689236573,0.417802310763427,333.3333333333333
2,10,20,15.0,95.0,19.5,0.572868193787095,0.42713180621290503,333.3333333333333
3,10,20,25.0,95.0,19.5,0.561459856567439,0.438540143432561,333.3333333333333
4,10,20,35.0,95.0,19.5,0.5489680275787957,0.4510319724212043,333.3333333333333
5,10,20,45.0,95.0,19.5,0.5359430408934779,0.4640569591065221,333.3333333333333
6,10,20,55.0,95.0,19.5,0.522627274698673,0.477372725301327,333.3333333333333
7,10,20,65.0,95.0,19.5,0.5090506179118973,0.4909493820881027,333.3333333333333
8,10,20,75.0,95.0,19.5,0.4950835085503988,0.5049164914496012,333.3333333333333
9,10,20,85.0,95.0,19.5,0.48044403199256275,0.5195559680074373,333.3333333333333
10,10,20,95.0,95.0,19.5,0.4646681399731725,0.5353318600268275,333.3333333333333
11,10,20,105.0,95.0,19.5,0.4470371103807315,0.5529628896192684,333.3333333333333
12,10,20,115.0,95.0,19.5,0.42647781876672525,0.5735221812332747,333.3333333333333
13,10,20,125.0,95.0,19.5,0.40153156671179097,0.5984684332882091,333.3333333333333
14,10,20,135.0,95.0,19.5,0.3708259382532517,0.6291740617467483,333.3333333333333
15,10,20,145.0,95.0,19.5,0.3350314275030475,0.6649685724969525,333.3333333333333
16,10,20,155.0,95.0,19.5,0.2969442159713011,0.7030557840286988,333.3333333333333
17,10,20,165.0,95.0,19.5,0.26098837349135406,0.7390116265086459,333.3333333333333
18,10,20,175.0,95.0,19.5,0.23269029365591934,0.7673097063440807,333.3333333333333
19,10,20,185.0,95.0,19.5,0.21470267434421836,0.7852973256557816,333.3333333333333
20,10,20,195.0,95.0,19.5,0.2054797367505112,0.7945202632494888,333.3333333333333
21,10,20,205.0,95.0,19.5,0.2017031972899756,0.7982968027100243,333.3333333333333
22,10,20,215.0,95.0,19.5,0.20045816377769798,0.799541836222302,333.3333333333333
23,10,20,225.0,95.0,19.5,0.20011081212076,0.79988918787924,333.3333333333333
24,10,20,235.0,95.0,19.5,0.2000357707194531,0.7999642292805469,333.3333333333333
25,10,20,245.0,95.0,19.5,0.20002230434234955,0.7999776956576504,333.3333333333333
26,10,20,255.0,95.0,19.5,0.2000203071389383,0.7999796928610616,333.3333333333333
27,10,20,265.0,95.0,19.5,0.20002030014640074,0.7999796998535993,333.3333333333333
28,10,20,275.0,95.0,19.5,0.2000206442976297,0.7999793557023703,333.3333333333333
29,10,20,285.0,95.0,19.5,0.20002105505373077,0.7999789449462692,333.3333333333333
30,10,20,295.0,95.0,19.5,0.2000214784161981,0.7999785215838019,333.3333333333333
31,10,20,305.0,95.0,19.5,0.20002190890249208,0.799978091097508,333.3333333333333
32,10,20,315.0,95.0,19.5,0.2000223450476722,0.7999776549523279,333.3333333333333
33,10,20,325.0,95.0,19.5,0.20002278603851206,0.7999772139614879,333.3333333333333
34,10,20,335.0,95.0,19.5,0.20002323185065576,0.7999767681493443,333.3333333333333
35,10,20,345.0,95.0,19.5,0.20002368278767568,0.7999763172123243,333.3333333333333
36,10,20,355.0,95.0,19.5,0.20002413881300724,0.7999758611869927,333.3333333333333
37,10,20,365.0,95.0,19.5,0.20002459935034145,0.7999754006496586,333.3333333333333
38,10,20,375.0,95.0,19.5,0.2000250639736367,0.7999749360263633,333.3333333333333
39,10,20,385.0,95.0,19.5,0.2000255326396046,0.7999744673603955,333.3333333333333
40,10,20,395.0,95.0,19.5,0.20002600515064287,0.7999739948493572,333.3333333333333
41,10,20,405.0,95.0,19.5,0.20002648060545575,0.7999735193945443,333.3333333333333
42,10,20,415.0,95.0,19.5,0.20002695776548296,0.799973042234517,333.3333333333333
43,10,20,425.0,95.0,19.5,0.20002743518863159,0.7999725648113685,333.3333333333333
44,10,20,435.0,95.0,19.5,0.20002791016724744,0.7999720898327526,333.3333333333333
45,10,20,445.0,95.0,19.5,0.20002837787632471,0.7999716221236752,333.3333333333333
46,10,20,455.0,95.0,19.5,0.2000288305586598,0.7999711694413402,333.3333333333333
47,10,20,465.0,95.0,19.5,0.20002925533501334,0.7999707446649866,333.3333333333333
48,10,20,475.0,95.0,19.5,0.200029631760925,0.799970368239075,333.3333333333333
49,10,20,485.0,95.0,19.5,0.2000299294102925,0.7999700705897075,333.3333333333333
50,10,20,495.0,95.0,19.5,0.2000301074670269,0.7999698925329731,333.3333333333333
