i,j,k,x_m,y_m,depth_m,Sw,So,permeability_md
1,1,1,5.0,5.0,0.5,0.7101048768133368,0.2898951231866632,833.3333333333333
2,1,1,15.0,5.0,0.5,0.7038163740088861,0.2961836259911139,833.3333333333333
3,1,1,25.0,5.0,0.5,0.6965217055426223,0.30347829445737773,833.3333333333333
4,1,1,35.0,5.0,0.5,0.6889709065907993,0.3110290934092007,833.3333333333333
5,1,1,45.0,5.0,0.5,0.6815403203690789,0.31845967963092114,833.3333333333333
6,1,1,55.0,5.0,0.5,0.6744158291221688,0.3255841708778312,833.3333333333333
7,1,1,65.0,5.0,0.5,0.6676573430163351,0.33234265698366494,833.3333333333333
8,1,1,75.0,5.0,0.5,0.6612745461698764,0.33872545383012365,833.3333333333333
9,1,1,85.0,5.0,0.5,0.6552523926960742,0.34474760730392584,833.3333333333333
10,1,1,95.0,5.0,0.5,0.6495589032201426,0.35044109677985735,833.3333333333333
11,1,1,105.0,5.0,0.5,0.644160456235252,0.355839543764748,833.3333333333333
12,1,1,115.0,5.0,0.5,0.6390277727658142,0.36097222723418576,833.3333333333333
13,1,1,125.0,5.0,0.5,0.6341330783644631,0.3658669216355369,833.3333333333333
14,1,1,135.0,5.0,0.5,0.6294514507585348,0.3705485492414652,833.3333333333333
15,1,1,145.0,5.0,0.5,0.6249613867553344,0.3750386132446656,833.3333333333333
16,1,1,155.0,5.0,0.5,0.6206452475997147,0.37935475240028527,833.3333333333333
17,1,1,165.0,5.0,0.5,0.6164862181708979,0.3835137818291021,833.3333333333333
18,1,1,175.0,5.0,0.5,0.6124694814445915,0.38753051855540854,833.3333333333333
19,1,1,185.0,5.0,0.5,0.60858222728977,0.39141777271023004,833.3333333333333
20,1,1,195.0,5.0,0.5,0.6048128829232235,0.39518711707677645,833.3333333333333
21,1,1,205.0,5.0,0.5,0.601153930664602,0.398846069335398,833.3333333333333
22,1,1,215.0,5.0,0.5,0.5975939846517525,0.4024060153482475,833.3333333333333
23,1,1,225.0,5.0,0.5,0.5941213752361563,0.40587862476384373,833.3333333333333
24,1,1,235.0,5.0,0.5,0.5907290046626437,0.40927099533735634,833.3333333333333
25,1,1,245.0,5.0,0.5,0.5874140104928086,0.4125859895071914,833.3333333333333
26,1,1,255.0,5.0,0.5,0.5841658301342628,0.4158341698657372,833.3333333333333
27,1,1,265.0,5.0,0.5,0.5809815000230774,0.41901849997692264,833.3333333333333
28,1,1,275.0,5.0,0.5,0.5778585802211,0.42214141977889996,833.3333333333333
29,1,1,285.0,5.0,0.5,0.5747879908500404,0.4252120091499596,833.3333333333333
30,1,1,295.0,5.0,0.5,0.5717703962628937,0.4282296037371063,833.3333333333333
31,1,1,305.0,5.0,0.5,0.5687992152407796,0.4312007847592204,833.3333333333333
32,1,1,315.0,5.0,0.5,0.5658705023424574,0.4341294976575426,833.3333333333333
33,1,1,325.0,5.0,0.5,0.5629845587366029,0.4370154412633971,833.3333333333333
34,1,1,335.0,5.0,0.5,0.5601329948472268,0.4398670051527732,833.3333333333333
35,1,1,345.0,5.0,0.5,0.5573183978603397,0.44268160213966035,833.3333333333333
36,1,1,355.0,5.0,0.5,0.5545332409917318,0.44546675900826815,833.3333333333333
37,1,1,365.0,5.0,0.5,0.5517774213868882,0.44822257861311177,833.3333333333333
38,1,1,375.0,5.0,0.5,0.5490455762773758,0.4509544237226242,833.3333333333333
39,1,1,385.0,5.0,0.5,0.54633202340248,0.45366797659752,833.3333333333333
40,1,1,395.0,5.0,0.5,0.5436290637176847,0.4563709362823153,833.3333333333333
41,1,1,405.0,5.0,0.5,0.5409179220695811,0.4590820779304189,833.3333333333333
42,1,1,415.0,5.0,0.5,0.5381704309495294,0.46182956905047057,833.3333333333333
43,1,1,425.0,5.0,0.5,0.5353412786576912,0.4646587213423088,833.3333333333333
44,1,1,435.0,5.0,0.5,0.5324691626429844,0.4675308373570156,833.3333333333333
45,1,1,445.0,5.0,0.5,0.5295147864529636,0.47048521354703643,833.3333333333333
46,1,1,455.0,5.0,0.5,0.5264108856079507,0.4735891143920493,833.3333333333333
47,1,1,465.0,5.0,0.5,0.5230141900424379,0.4769858099575621,833.3333333333333
48,1,1,475.0,5.0,0.5,0.5189817686127719,0.4810182313872281,833.3333333333333
49,1,1,485.0,5.0,0.5,0.5132053060908434,0.48679469390915664,833.3333333333333
50,1,1,495.0,5.0,0.5,0.49784671208446,0.5021532879155399,833.3333333333333
1,2,1,5.0,15.0,0.5,0.7501331817528272,0.24986681824717283,833.3333333333333
2,2,1,15.0,15.0,0.5,0.7423366625303235,0.2576633374696765,833.3333333333333
3,2,1,25.0,15.0,0.5,0.7334988681878769,0.2665011318121231,833.3333333333333
4,2,1,35.0,15.0,0.5,0.7245166713259514,0.27548332867404857,833.3333333333333
5,2,1,45.0,15.0,0.5,0.7158393617867771,0.2841606382132229,833.3333333333333
6,2,1,55.0,15.0,0.5,0.7076526702663664,0.29234732973363364,833.3333333333333
7,2,1,65.0,15.0,0.5,0.6999904979294925,0.30000950207050747,833.3333333333333
8,2,1,75.0,15.0,0.5,0.6928447763073924,0.3071552236926076,833.3333333333333
9,2,1,85.0,15.0,0.5,0.6861598521778612,0.31384014782213876,833.3333333333333
10,2,1,95.0,15.0,0.5,0.6798957378385343,0.3201042621614657,833.3333333333333
11,2,1,105.0,15.0,0.5,0.6739974918198794,0.32600250818012055,833.3333333333333
12,2,1,115.0,15.0,0.5,0.6684198002437962,0.3315801997562038,833.3333333333333
13,2,1,125.0,15.0,0.5,0.663127906697227,0.336872093302773,833.3333333333333
14,2,1,135.0,15.0,0.5,0.658088870563661,0.34191112943633895,833.3333333333333
15,2,1,145.0,15.0,0.5,0.6532743550096116,0.3467256449903884,833.3333333333333
16,2,1,155.0,15.0,0.5,0.6486606870852888,0.3513393129147112,833.3333333333333
17,2,1,165.0,15.0,0.5,0.6442271634207822,0.35577283657921777,833.3333333333333
18,2,1,175.0,15.0,0.5,0.6399559445737498,0.3600440554262502,833.3333333333333
19,2,1,185.0,15.0,0.5,0.6358337495283259,0.36416625047167406,833.3333333333333
20,2,1,195.0,15.0,0.5,0.6318451340170848,0.36815486598291525,833.3333333333333
21,2,1,205.0,15.0,0.5,0.6279774769916704,0.3720225230083296,833.3333333333333
22,2,1,215.0,15.0,0.5,0.624218766657867,0.375781233342133,833.3333333333333
23,2,1,225.0,15.0,0.5,0.6205593824690046,0.37944061753099545,833.3333333333333
24,2,1,235.0,15.0,0.5,0.6169925018582981,0.3830074981417019,833.3333333333333
25,2,1,245.0,15.0,0.5,0.613504869807251,0.38649513019274895,833.3333333333333
26,2,1,255.0,15.0,0.5,0.6100896095822282,0.38991039041777176,833.3333333333333
27,2,1,265.0,15.0,0.5,0.6067463158210599,0.39325368417894013,833.3333333333333
28,2,1,275.0,15.0,0.5,0.6034642449650501,0.39653575503494987,833.3333333333333
29,2,1,285.0,15.0,0.5,0.6002374423028578,0.3997625576971422,833.3333333333333
30,2,1,295.0,15.0,0.5,0.5970665487179284,0.4029334512820716,833.3333333333333
31,2,1,305.0,15.0,0.5,0.5939413349664235,0.40605866503357646,833.3333333333333
32,2,1,315.0,15.0,0.5,0.5908581960534725,0.40914180394652755,833.3333333333333
33,2,1,325.0,15.0,0.5,0.5878171337865978,0.41218286621340217,833.3333333333333
34,2,1,335.0,15.0,0.5,0.5848076240454403,0.4151923759545597,833.3333333333333
35,2,1,345.0,15.0,0.5,0.5818318779697841,0.4181681220302159,833.3333333333333
36,2,1,355.0,15.0,0.5,0.5788825040792769,0.4211174959207231,833.3333333333333
37,2,1,365.0,15.0,0.5,0.5759556632942079,0.4240443367057921,833.3333333333333
38,2,1,375.0,15.0,0.5,0.5730508159564224,0.4269491840435776,833.3333333333333
39,2,1,385.0,15.0,0.5,0.5701573476443555,0.42984265235564445,833.3333333333333
40,2,1,395.0,15.0,0.5,0.567274506073595,0.432725493926405,833.3333333333333
41,2,1,405.0,15.0,0.5,0.5643856643687272,0.43561433563127283,833.3333333333333
42,2,1,415.0,15.0,0.5,0.5614740233813007,0.4385259766186993,833.3333333333333
43,2,1,425.0,15.0,0.5,0.5584865095178394,0.4415134904821606,833.3333333333333
44,2,1,435.0,15.0,0.5,0.555295207360822,0.44470479263917795,833.3333333333333
45,2,1,445.0,15.0,0.5,0.5517322397821968,0.44826776021780324,833.3333333333333
46,2,1,455.0,15.0,0.5,0.5475014712695919,0.4524985287304081,833.3333333333333
47,2,1,465.0,15.0,0.5,0.542174846681606,0.457825153318394,833.3333333333333
48,2,1,475.0,15.0,0.5,0.5351884145169103,0.46481158548308965,833.3333333333333
49,2,1,485.0,15.0,0.5,0.5255635891171779,0.47443641088282207,833.3333333333333
50,2,1,495.0,15.0,0.5,0.5067483260391994,0.4932516739608006,833.3333333333333
1,3,1,5.0,25.0,0.5,0.7724120298097962,0.22758797019020383,833.3333333333333
2,3,1,15.0,25.0,0.5,0.7637823185612995,0.23621768143870048,833.3333333333333
3,3,1,25.0,25.0,0.5,0.7539851626386755,0.24601483736132446,833.3333333333333
4,3,1,35.0,25.0,0.5,0.7440421779708042,0.2559578220291958,833.3333333333333
5,3,1,45.0,25.0,0.5,0.7344965312282908,0.26550346877170916,833.3333333333333
6,3,1,55.0,25.0,0.5,0.725562824131969,0.27443717586803096,833.3333333333333
7,3,1,65.0,25.0,0.5,0.7172799446862337,0.2827200553137663,833.3333333333333
8,3,1,75.0,25.0,0.5,0.7095993450154084,0.29040065498459156,833.3333333333333
9,3,1,85.0,25.0,0.5,0.7024759264168674,0.2975240735831326,833.3333333333333
10,3,1,95.0,25.0,0.5,0.6958200810000986,0.3041799189999014,833.3333333333333
11,3,1,105.0,25.0,0.5,0.6895726890557753,0.3104273109442247,833.3333333333333
12,3,1,115.0,25.0,0.5,0.6836708029827978,0.3163291970172022,833.3333333333333
13,3,1,125.0,25.0,0.5,0.6780739423770858,0.32192605762291415,833.3333333333333
14,3,1,135.0,25.0,0.5,0.6727493727300046,0.32725062726999543,833.3333333333333
15,3,1,145.0,25.0,0.5,0.6676693875788601,0.3323306124211399,833.3333333333333
16,3,1,155.0,25.0,0.5,0.6628073145976313,0.3371926854023687,833.3333333333333
17,3,1,165.0,25.0,0.5,0.6581389879009647,0.3418610120990353,833.3333333333333
18,3,1,175.0,25.0,0.5,0.6536440379792237,0.34635596202077634,833.3333333333333
19,3,1,185.0,25.0,0.5,0.6493046969477423,0.3506953030522577,833.3333333333333
20,3,1,195.0,25.0,0.5,0.6451057416890206,0.3548942583109794,833.3333333333333
21,3,1,205.0,25.0,0.5,0.6410360685046439,0.3589639314953561,833.3333333333333
22,3,1,215.0,25.0,0.5,0.6370817620804707,0.36291823791952926,833.3333333333333
23,3,1,225.0,25.0,0.5,0.6332310714005649,0.3667689285994351,833.3333333333333
24,3,1,235.0,25.0,0.5,0.6294737298067065,0.37052627019329354,833.3333333333333
25,3,1,245.0,25.0,0.5,0.62580236852104,0.37419763147896,833.3333333333333
26,3,1,255.0,25.0,0.5,0.622209607448841,0.377790392551159,833.3333333333333
27,3,1,265.0,25.0,0.5,0.6186842807437412,0.38131571925625884,833.3333333333333
28,3,1,275.0,25.0,0.5,0.6152209323937929,0.38477906760620706,833.3333333333333
29,3,1,285.0,25.0,0.5,0.6118193005408983,0.3881806994591017,833.3333333333333
30,3,1,295.0,25.0,0.5,0.6084689521172982,0.39153104788270177,833.3333333333333
31,3,1,305.0,25.0,0.5,0.6051645252927027,0.3948354747072973,833.3333333333333
32,3,1,315.0,25.0,0.5,0.6019072104764336,0.3980927895235664,833.3333333333333
33,3,1,325.0,25.0,0.5,0.598687066488821,0.401312933511179,833.3333333333333
34,3,1,335.0,25.0,0.5,0.5955002500699802,0.4044997499300198,833.3333333333333
35,3,1,345.0,25.0,0.5,0.5923478733564241,0.40765212664357586,833.3333333333333
36,3,1,355.0,25.0,0.5,0.5892203707038819,0.4107796292961181,833.3333333333333
37,3,1,365.0,25.0,0.5,0.5861167599906912,0.41388324000930876,833.3333333333333
38,3,1,375.0,25.0,0.5,0.5830352972088023,0.4169647027911977,833.3333333333333
39,3,1,385.0,25.0,0.5,0.5799675008382019,0.4200324991617981,833.3333333333333
40,3,1,395.0,25.0,0.5,0.5769153780759527,0.4230846219240473,833.3333333333333
41,3,1,405.0,25.0,0.5,0.5738682319192082,0.4261317680807918,833.3333333333333
42,3,1,415.0,25.0,0.5,0.5708173251044294,0.4291826748955706,833.3333333333333
43,3,1,425.0,25.0,0.5,0.5677490567687207,0.4322509432312793,833.3333333333333
44,3,1,435.0,25.0,0.5,0.5645377306742686,0.4354622693257314,833.3333333333333
45,3,1,445.0,25.0,0.5,0.5611065967620114,0.43889340323798864,833.3333333333333
46,3,1,455.0,25.0,0.5,0.5572194807670072,0.4427805192329928,833.3333333333333
47,3,1,465.0,25.0,0.5,0.5524054592498018,0.4475945407501982,833.3333333333333
48,3,1,475.0,25.0,0.5,0.5458201010407723,0.4541798989592277,833.3333333333333
49,3,1,485.0,25.0,0.5,0.5360274541451545,0.4639725458548455,833.3333333333333
50,3,1,495.0,25.0,0.5,0.5171742209116137,0.4828257790883863,833.3333333333333
1,4,1,5.0,35.0,0.5,0.7867742593403523,0.21322574065964772,833.3333333333333
2,4,1,15.0,35.0,0.5,0.7781405841800774,0.22185941581992263,833.3333333333333
3,4,1,25.0,35.0,0.5,0.767854483569898,0.23214551643010195,833.3333333333333
4,4,1,35.0,35.0,0.5,0.7572233122147157,0.24277668778528427,833.3333333333333
5,4,1,45.0,35.0,0.5,0.7470018963026932,0.2529981036973068,833.3333333333333
6,4,1,55.0,35.0,0.5,0.7375791287200474,0.2624208712799526,833.3333333333333
7,4,1,65.0,35.0,0.5,0.7289082402239894,0.27109175977601063,833.3333333333333
8,4,1,75.0,35.0,0.5,0.7208989160129051,0.2791010839870949,833.3333333333333
9,4,1,85.0,35.0,0.5,0.7134578803963675,0.2865421196036325,833.3333333333333
10,4,1,95.0,35.0,0.5,0.7065059425749621,0.29349405742503787,833.3333333333333
11,4,1,105.0,35.0,0.5,0.6999951835762579,0.3000048164237421,833.3333333333333
12,4,1,115.0,35.0,0.5,0.6938615353568223,0.30613846464317773,833.3333333333333
13,4,1,125.0,35.0,0.5,0.6880500544894189,0.3119499455105811,833.3333333333333
14,4,1,135.0,35.0,0.5,0.6825240884160343,0.3174759115839657,833.3333333333333
15,4,1,145.0,35.0,0.5,0.6772447405501874,0.32275525944981265,833.3333333333333
16,4,1,155.0,35.0,0.5,0.6721834548136619,0.32781654518633807,833.3333333333333
17,4,1,165.0,35.0,0.5,0.6673179161967719,0.33268208380322806,833.3333333333333
18,4,1,175.0,35.0,0.5,0.6626287094030401,0.3373712905969599,833.3333333333333
19,4,1,185.0,35.0,0.5,0.6580992836356439,0.34190071636435615,833.3333333333333
20,4,1,195.0,35.0,0.5,0.6537142931856262,0.34628570681437376,833.3333333333333
21,4,1,205.0,35.0,0.5,0.6494605316546057,0.3505394683453943,833.3333333333333
22,4,1,215.0,35.0,0.5,0.6453274099107483,0.35467259008925167,833.3333333333333
23,4,1,225.0,35.0,0.5,0.6413066374312413,0.3586933625687587,833.3333333333333
24,4,1,235.0,35.0,0.5,0.637385803232736,0.36261419676726403,833.3333333333333
25,4,1,245.0,35.0,0.5,0.6335552599184012,0.3664447400815988,833.3333333333333
26,4,1,255.0,35.0,0.5,0.629805758185952,0.37019424181404803,833.3333333333333
27,4,1,265.0,35.0,0.5,0.6261326086357881,0.3738673913642119,833.3333333333333
28,4,1,275.0,35.0,0.5,0.6225269358206664,0.3774730641793336,833.3333333333333
29,4,1,285.0,35.0,0.5,0.6189807464670029,0.38101925353299715,833.3333333333333
30,4,1,295.0,35.0,0.5,0.6154898211535698,0.38451017884643024,833.3333333333333
31,4,1,305.0,35.0,0.5,0.6120533849059611,0.38794661509403894,833.3333333333333
32,4,1,315.0,35.0,0.5,0.6086615300871064,0.39133846991289356,833.3333333333333
33,4,1,325.0,35.0,0.5,0.6053100324925182,0.39468996750748175,833.3333333333333
34,4,1,335.0,35.0,0.5,0.6019999146941852,0.39800008530581477,833.3333333333333
35,4,1,345.0,35.0,0.5,0.5987219452980237,0.4012780547019763,833.3333333333333
36,4,1,355.0,35.0,0.5,0.5954730867508706,0.40452691324912937,833.3333333333333
37,4,1,365.0,35.0,0.5,0.5922547470932691,0.4077452529067309,833.3333333333333
38,4,1,375.0,35.0,0.5,0.5890584608795679,0.4109415391204321,833.3333333333333
39,4,1,385.0,35.0,0.5,0.5858833413800594,0.4141166586199406,833.3333333333333
40,4,1,395.0,35.0,0.5,0.5827301166348108,0.4172698833651892,833.3333333333333
41,4,1,405.0,35.0,0.5,0.579591272611191,0.42040872738880897,833.3333333333333
42,4,1,415.0,35.0,0.5,0.5764691218665315,0.42353087813346846,833.3333333333333
43,4,1,425.0,35.0,0.5,0.5733604067070889,0.4266395932929111,833.3333333333333
44,4,1,435.0,35.0,0.5,0.5702597042949221,0.4297402957050779,833.3333333333333
45,4,1,445.0,35.0,0.5,0.5670573889264641,0.43294261107353593,833.3333333333333
46,4,1,455.0,35.0,0.5,0.5635857508814764,0.43641424911852356,833.3333333333333
47,4,1,465.0,35.0,0.5,0.5595882535834711,0.4404117464165289,833.3333333333333
48,4,1,475.0,35.0,0.5,0.5542665883325271,0.44573341166747293,833.3333333333333
49,4,1,485.0,35.0,0.5,0.5459284188163495,0.45407158118365054,833.3333333333333
50,4,1,495.0,35.0,0.5,0.5295279650267863,0.47047203497321366,833.3333333333333
1,5,1,5.0,45.0,0.5,0.796275935978245,0.20372406402175502,833.3333333333333
2,5,1,15.0,45.0,0.5,0.7890292592351684,0.21097074076483158,833.3333333333333
3,5,1,25.0,45.0,0.5,0.7789263119647595,0.22107368803524052,833.3333333333333
4,5,1,35.0,45.0,0.5,0.768051900248051,0.23194809975194897,833.3333333333333
5,5,1,45.0,45.0,0.5,0.7575684110622082,0.24243158893779182,833.3333333333333
6,5,1,55.0,45.0,0.5,0.7477211751719488,0.2522788248280512,833.3333333333333
7,5,1,65.0,45.0,0.5,0.738644067773346,0.261355932226654,833.3333333333333
8,5,1,75.0,45.0,0.5,0.7302903597196498,0.26970964028035016,833.3333333333333
9,5,1,85.0,45.0,0.5,0.7225825384531276,0.2774174615468724,833.3333333333333
10,5,1,95.0,45.0,0.5,0.7154110608016946,0.2845889391983054,833.3333333333333
11,5,1,105.0,45.0,0.5,0.7087134346946566,0.29128656530534336,833.3333333333333
12,5,1,115.0,45.0,0.5,0.7024045075416109,0.2975954924583891,833.3333333333333
13,5,1,125.0,45.0,0.5,0.6964414342846493,0.30355856571535067,833.3333333333333
14,5,1,135.0,45.0,0.5,0.690777433282384,0.30922256671761605,833.3333333333333
15,5,1,145.0,45.0,0.5,0.6853737363877963,0.3146262636122037,833.3333333333333
16,5,1,155.0,45.0,0.5,0.6801995307607813,0.3198004692392187,833.3333333333333
17,5,1,165.0,45.0,0.5,0.6752295370748247,0.3247704629251753,833.3333333333333
18,5,1,175.0,45.0,0.5,0.6704424700692204,0.3295575299307796,833.3333333333333
19,5,1,185.0,45.0,0.5,0.6658201509764753,0.3341798490235247,833.3333333333333
20,5,1,195.0,45.0,0.5,0.6613459720012235,0.33865402799877653,833.3333333333333
21,5,1,205.0,45.0,0.5,0.6570055081150737,0.34299449188492626,833.3333333333333
22,5,1,215.0,45.0,0.5,0.6527851293093259,0.34721487069067414,833.3333333333333
23,5,1,225.0,45.0,0.5,0.6486728799407889,0.3513271200592111,833.3333333333333
24,5,1,235.0,45.0,0.5,0.6446582344647374,0.35534176553526264,833.3333333333333
25,5,1,245.0,45.0,0.5,0.6407342364305005,0.35926576356949946,833.3333333333333
26,5,1,255.0,45.0,0.5,0.636892761030748,0.363107238969252,833.3333333333333
27,5,1,265.0,45.0,0.5,0.6331230621221893,0.3668769378778107,833.3333333333333
28,5,1,275.0,45.0,0.5,0.6294172811623832,0.37058271883761684,833.3333333333333
29,5,1,285.0,45.0,0.5,0.6257711824011414,0.3742288175988586,833.3333333333333
30,5,1,295.0,45.0,0.5,0.6221814281950936,0.3778185718049064,833.3333333333333
31,5,1,305.0,45.0,0.5,0.6186383950294873,0.38136160497051275,833.3333333333333
32,5,1,315.0,45.0,0.5,0.6151376030594944,0.3848623969405056,833.3333333333333
33,5,1,325.0,45.0,0.5,0.6116786822617025,0.3883213177382975,833.3333333333333
34,5,1,335.0,45.0,0.5,0.6082506447381478,0.3917493552618522,833.3333333333333
35,5,1,345.0,45.0,0.5,0.6048472899304227,0.3951527100695773,833.3333333333333
36,5,1,355.0,45.0,0.5,0.6014679680134998,0.3985320319865002,833.3333333333333
37,5,1,365.0,45.0,0.5,0.5981038252969194,0.4018961747030806,833.3333333333333
38,5,1,375.0,45.0,0.5,0.5947468295722237,0.4052531704277763,833.3333333333333
39,5,1,385.0,45.0,0.5,0.5913948327684825,0.4086051672315175,833.3333333333333
40,5,1,395.0,45.0,0.5,0.5880385209958053,0.41196147900419466,833.3333333333333
41,5,1,405.0,45.0,0.5,0.5846687594811633,0.41533124051883674,833.3333333333333
42,5,1,415.0,45.0,0.5,0.5812822056389382,0.4187177943610618,833.3333333333333
43,5,1,425.0,45.0,0.5,0.5778705256035191,0.42212947439648085,833.3333333333333
44,5,1,435.0,45.0,0.5,0.5744265768570795,0.42557342314292046,833.3333333333333
45,5,1,445.0,45.0,0.5,0.5709452317182836,0.4290547682817164,833.3333333333333
46,5,1,455.0,45.0,0.5,0.5674011895676035,0.43259881043239645,833.3333333333333
47,5,1,465.0,45.0,0.5,0.5635122368813652,0.4364877631186348,833.3333333333333
48,5,1,475.0,45.0,0.5,0.5585254191092979,0.44147458089070213,833.3333333333333
49,5,1,485.0,45.0,0.5,0.5502454611757275,0.4497545388242725,833.3333333333333
50,5,1,495.0,45.0,0.5,0.5318819499112332,0.46811805008876683,833.3333333333333
1,6,1,5.0,55.0,0.5,0.7873933832137391,0.21260661678626092,833.3333333333333
2,6,1,15.0,55.0,0.5,0.7792349103083006,0.2207650896916994,833.3333333333333
3,6,1,25.0,55.0,0.5,0.7695005441674992,0.23049945583250075,833.3333333333333
4,6,1,35.0,55.0,0.5,0.7593605414913059,0.24063945850869406,833.3333333333333
5,6,1,45.0,55.0,0.5,0.7495242310082875,0.25047576899171253,833.3333333333333
6,6,1,55.0,55.0,0.5,0.7402801769412035,0.2597198230587965,833.3333333333333
7,6,1,65.0,55.0,0.5,0.7316963558540867,0.26830364414591334,833.3333333333333
8,6,1,75.0,55.0,0.5,0.7237313314438514,0.2762686685561486,833.3333333333333
9,6,1,85.0,55.0,0.5,0.7163128288370629,0.28368717116293707,833.3333333333333
10,6,1,95.0,55.0,0.5,0.7093852455558206,0.2906147544441794,833.3333333333333
11,6,1,105.0,55.0,0.5,0.7028711455838773,0.2971288544161227,833.3333333333333
12,6,1,115.0,55.0,0.5,0.6967201213579476,0.3032798786420524,833.3333333333333
13,6,1,125.0,55.0,0.5,0.690889894517185,0.30911010548281503,833.3333333333333
14,6,1,135.0,55.0,0.5,0.6853392506573427,0.3146607493426573,833.3333333333333
15,6,1,145.0,55.0,0.5,0.6800345378576473,0.31996546214235266,833.3333333333333
16,6,1,155.0,55.0,0.5,0.6749491404483954,0.3250508595516046,833.3333333333333
17,6,1,165.0,55.0,0.5,0.6700602610622284,0.3299397389377716,833.3333333333333
18,6,1,175.0,55.0,0.5,0.6653484084919965,0.3346515915080035,833.3333333333333
19,6,1,185.0,55.0,0.5,0.6607961990139622,0.33920380098603775,833.3333333333333
20,6,1,195.0,55.0,0.5,0.6563884492789871,0.3436115507210129,833.3333333333333
21,6,1,205.0,55.0,0.5,0.6521114553961329,0.3478885446038671,833.3333333333333
22,6,1,215.0,55.0,0.5,0.6479530309736747,0.35204696902632526,833.3333333333333
23,6,1,225.0,55.0,0.5,0.6439020088261789,0.3560979911738211,833.3333333333333
24,6,1,235.0,55.0,0.5,0.639948065767529,0.36005193423247095,833.3333333333333
25,6,1,245.0,55.0,0.5,0.6360857347685002,0.36391426523149983,833.3333333333333
26,6,1,255.0,55.0,0.5,0.6323037897787183,0.36769621022128174,833.3333333333333
27,6,1,265.0,55.0,0.5,0.628592697763782,0.371407302236218,833.3333333333333
28,6,1,275.0,55.0,0.5,0.6249443068198205,0.3750556931801795,833.3333333333333
29,6,1,285.0,55.0,0.5,0.6213574105557318,0.3786425894442682,833.3333333333333
30,6,1,295.0,55.0,0.5,0.6178229711892302,0.38217702881076976,833.3333333333333
31,6,1,305.0,55.0,0.5,0.6143338545559487,0.3856661454440513,833.3333333333333
32,6,1,315.0,55.0,0.5,0.6108872227733142,0.3891127772266858,833.3333333333333
33,6,1,325.0,55.0,0.5,0.607480461728822,0.392519538271178,833.3333333333333
34,6,1,335.0,55.0,0.5,0.6041046349007102,0.3958953650992898,833.3333333333333
35,6,1,345.0,55.0,0.5,0.6007568651041502,0.39924313489584984,833.3333333333333
36,6,1,355.0,55.0,0.5,0.597431063198524,0.402568936801476,833.3333333333333
37,6,1,365.0,55.0,0.5,0.5941147913492599,0.40588520865074007,833.3333333333333
38,6,1,375.0,55.0,0.5,0.590802805060369,0.409197194939631,833.3333333333333
39,6,1,385.0,55.0,0.5,0.5874894333273318,0.41251056667266817,833.3333333333333
40,6,1,395.0,55.0,0.5,0.5841593450283956,0.4158406549716044,833.3333333333333
41,6,1,405.0,55.0,0.5,0.5808019051124959,0.41919809488750415,833.3333333333333
42,6,1,415.0,55.0,0.5,0.5774025193106637,0.42259748068933634,833.3333333333333
43,6,1,425.0,55.0,0.5,0.5739331947607285,0.42606680523927154,833.3333333333333
44,6,1,435.0,55.0,0.5,0.5703568272987998,0.4296431727012002,833.3333333333333
45,6,1,445.0,55.0,0.5,0.5666021554124544,0.4333978445875456,833.3333333333333
46,6,1,455.0,55.0,0.5,0.562504387542642,0.437495612457358,833.3333333333333
47,6,1,465.0,55.0,0.5,0.5576688853257409,0.4423311146742591,833.3333333333333
48,6,1,475.0,55.0,0.5,0.5511270960882146,0.44887290391178536,833.3333333333333
49,6,1,485.0,55.0,0.5,0.5404612012601004,0.45953879873989956,833.3333333333333
50,6,1,495.0,55.0,0.5,0.5145824003777946,0.48541759962220543,833.3333333333333
1,7,1,5.0,65.0,0.5,0.7745763346323877,0.22542366536761227,833.3333333333333
2,7,1,15.0,65.0,0.5,0.7665678479147674,0.2334321520852326,833.3333333333333
3,7,1,25.0,65.0,0.5,0.7573720402590887,0.24262795974091134,833.3333333333333
4,7,1,35.0,65.0,0.5,0.7479021896745022,0.25209781032549783,833.3333333333333
5,7,1,45.0,65.0,0.5,0.7386981800358019,0.2613018199641981,833.3333333333333
6,7,1,55.0,65.0,0.5,0.7299943294386045,0.27000567056139546,833.3333333333333
7,7,1,65.0,65.0,0.5,0.7218615440853087,0.27813845591469133,833.3333333333333
8,7,1,75.0,65.0,0.5,0.7142759633430263,0.28572403665697366,833.3333333333333
9,7,1,85.0,65.0,0.5,0.7071870661267403,0.2928129338732597,833.3333333333333
10,7,1,95.0,65.0,0.5,0.7005415753339804,0.2994584246660196,833.3333333333333
11,7,1,105.0,65.0,0.5,0.694289717554859,0.305710282445141,833.3333333333333
12,7,1,115.0,65.0,0.5,0.6883739087741488,0.31162609122585117,833.3333333333333
13,7,1,125.0,65.0,0.5,0.6827583994467933,0.3172416005532067,833.3333333333333
14,7,1,135.0,65.0,0.5,0.6774091146593183,0.3225908853406817,833.3333333333333
15,7,1,145.0,65.0,0.5,0.6722955967029481,0.32770440329705186,833.3333333333333
16,7,1,155.0,65.0,0.5,0.6673919443447899,0.3326080556552101,833.3333333333333
17,7,1,165.0,65.0,0.5,0.6626765116845037,0.3373234883154963,833.3333333333333
18,7,1,175.0,65.0,0.5,0.6581305764740977,0.3418694235259023,833.3333333333333
19,7,1,185.0,65.0,0.5,0.6537374087600896,0.34626259123991043,833.3333333333333
20,7,1,195.0,65.0,0.5,0.6494822328626925,0.35051776713730753,833.3333333333333
21,7,1,205.0,65.0,0.5,0.6453528633748687,0.35464713662513125,833.3333333333333
22,7,1,215.0,65.0,0.5,0.6413393962614766,0.3586606037385234,833.3333333333333
23,7,1,225.0,65.0,0.5,0.637428812645399,0.36257118735460103,833.3333333333333
24,7,1,235.0,65.0,0.5,0.6336110349993093,0.36638896500069074,833.3333333333333
25,7,1,245.0,65.0,0.5,0.6298764431941982,0.3701235568058018,833.3333333333333
26,7,1,255.0,65.0,0.5,0.6262202554599068,0.3737797445400932,833.3333333333333
27,7,1,265.0,65.0,0.5,0.6226321698866049,0.37736783011339514,833.3333333333333
28,7,1,275.0,65.0,0.5,0.6191036403348081,0.38089635966519186,833.3333333333333
29,7,1,285.0,65.0,0.5,0.6156302842539616,0.3843697157460384,833.3333333333333
30,7,1,295.0,65.0,0.5,0.6122106137351785,0.3877893862648215,833.3333333333333
31,7,1,305.0,65.0,0.5,0.6088331116334704,0.3911668883665296,833.3333333333333
32,7,1,315.0,65.0,0.5,0.6054935144229174,0.39450648557708257,833.3333333333333
33,7,1,325.0,65.0,0.5,0.6021909635635336,0.39780903643646637,833.3333333333333
34,7,1,335.0,65.0,0.5,0.5989142384812667,0.4010857615187333,833.3333333333333
35,7,1,345.0,65.0,0.5,0.5956583737336136,0.40434162626638637,833.3333333333333
36,7,1,355.0,65.0,0.5,0.5924257852574996,0.40757421474250044,833.3333333333333
37,7,1,365.0,65.0,0.5,0.5891996450734188,0.4108003549265812,833.3333333333333
38,7,1,375.0,65.0,0.5,0.5859704361268083,0.4140295638731917,833.3333333333333
39,7,1,385.0,65.0,0.5,0.5827285319520562,0.4172714680479438,833.3333333333333
40,7,1,395.0,65.0,0.5,0.5794543814728339,0.4205456185271661,833.3333333333333
41,7,1,405.0,65.0,0.5,0.576130693857265,0.423869306142735,833.3333333333333
42,7,1,415.0,65.0,0.5,0.5727272541880033,0.4272727458119967,833.3333333333333
43,7,1,425.0,65.0,0.5,0.5691949382335983,0.43080506176640165,833.3333333333333
44,7,1,435.0,65.0,0.5,0.56545643708088,0.43454356291912,833.3333333333333
45,7,1,445.0,65.0,0.5,0.5613692141294937,0.4386307858705063,833.3333333333333
46,7,1,455.0,65.0,0.5,0.5566531162308984,0.4433468837691016,833.3333333333333
47,7,1,465.0,65.0,0.5,0.5507525241470224,0.44924747585297764,833.3333333333333
48,7,1,475.0,65.0,0.5,0.5425584861639111,0.4574415138360889,833.3333333333333
49,7,1,485.0,65.0,0.5,0.5294036598639918,0.47059634013600815,833.3333333333333
50,7,1,495.0,65.0,0.5,0.4964763546107981,0.5035236453892019,833.3333333333333
1,8,1,5.0,75.0,0.5,0.756436514926602,0.24356348507339798,833.3333333333333
2,8,1,15.0,75.0,0.5,0.7492138773519722,0.2507861226480278,833.3333333333333
3,8,1,25.0,75.0,0.5,0.7408714609954848,0.25912853900451516,833.3333333333333
4,8,1,35.0,75.0,0.5,0.7322643498461686,0.2677356501538314,833.3333333333333
5,8,1,45.0,75.0,0.5,0.7238390460044335,0.2761609539955665,833.3333333333333
6,8,1,55.0,75.0,0.5,0.7158071827949187,0.28419281720508127,833.3333333333333
7,8,1,65.0,75.0,0.5,0.7082502869095472,0.29174971309045283,833.3333333333333
8,8,1,75.0,75.0,0.5,0.7011520034008615,0.2988479965991385,833.3333333333333
9,8,1,85.0,75.0,0.5,0.694496826263202,0.30550317373679803,833.3333333333333
10,8,1,95.0,75.0,0.5,0.688231597811592,0.31176840218840796,833.3333333333333
11,8,1,105.0,75.0,0.5,0.6823159772868234,0.31768402271317664,833.3333333333333
12,8,1,115.0,75.0,0.5,0.6767135893744047,0.32328641062559527,833.3333333333333
13,8,1,125.0,75.0,0.5,0.6713877495920787,0.3286122504079213,833.3333333333333
14,8,1,135.0,75.0,0.5,0.6663076864462518,0.3336923135537482,833.3333333333333
15,8,1,145.0,75.0,0.5,0.661447009893189,0.33855299010681095,833.3333333333333
16,8,1,155.0,75.0,0.5,0.656783388180116,0.34321661181988405,833.3333333333333
17,8,1,165.0,75.0,0.5,0.6522968909799348,0.3477031090200652,833.3333333333333
18,8,1,175.0,75.0,0.5,0.6479702642291832,0.35202973577081675,833.3333333333333
19,8,1,185.0,75.0,0.5,0.6437879328750002,0.35621206712499975,833.3333333333333
20,8,1,195.0,75.0,0.5,0.6397359330297979,0.3602640669702021,833.3333333333333
21,8,1,205.0,75.0,0.5,0.6358042838550119,0.36419571614498814,833.3333333333333
22,8,1,215.0,75.0,0.5,0.6319815391697283,0.3680184608302717,833.3333333333333
23,8,1,225.0,75.0,0.5,0.6282550253917202,0.3717449746082798,833.3333333333333
24,8,1,235.0,75.0,0.5,0.6246145703648199,0.37538542963518007,833.3333333333333
25,8,1,245.0,75.0,0.5,0.621053899620941,0.37894610037905896,833.3333333333333
26,8,1,255.0,75.0,0.5,0.6175658477745407,0.3824341522254593,833.3333333333333
27,8,1,265.0,75.0,0.5,0.6141404475362391,0.3858595524637609,833.3333333333333
28,8,1,275.0,75.0,0.5,0.6107733793627022,0.38922662063729785,833.3333333333333
29,8,1,285.0,75.0,0.5,0.6074624728737895,0.3925375271262105,833.3333333333333
30,8,1,295.0,75.0,0.5,0.6041958572799032,0.3958041427200968,833.3333333333333
31,8,1,305.0,75.0,0.5,0.6009709744549652,0.39902902554503483,833.3333333333333
32,8,1,315.0,75.0,0.5,0.5977847089614812,0.40221529103851883,833.3333333333333
33,8,1,325.0,75.0,0.5,0.5946256328771439,0.4053743671228561,833.3333333333333
34,8,1,335.0,75.0,0.5,0.591492509268162,0.408507490731838,833.3333333333333
35,8,1,345.0,75.0,0.5,0.5883777159304353,0.4116222840695647,833.3333333333333
36,8,1,355.0,75.0,0.5,0.5852707577274749,0.41472924227252506,833.3333333333333
37,8,1,365.0,75.0,0.5,0.5821748475788249,0.41782515242117513,833.3333333333333
38,8,1,375.0,75.0,0.5,0.57906857131303,0.42093142868697,833.3333333333333
39,8,1,385.0,75.0,0.5,0.575935071077471,0.424064928922529,833.3333333333333
40,8,1,395.0,75.0,0.5,0.5727559035128319,0.4272440964871681,833.3333333333333
41,8,1,405.0,75.0,0.5,0.5694964782946971,0.4305035217053029,833.3333333333333
42,8,1,415.0,75.0,0.5,0.566114244525783,0.43388575547421704,833.3333333333333
43,8,1,425.0,75.0,0.5,0.5625360012563287,0.43746399874367126,833.3333333333333
44,8,1,435.0,75.0,0.5,0.558639647576532,0.44136035242346805,833.3333333333333
45,8,1,445.0,75.0,0.5,0.5542210395050956,0.4457789604949044,833.3333333333333
46,8,1,455.0,75.0,0.5,0.5489280961814831,0.4510719038185169,833.3333333333333
47,8,1,465.0,75.0,0.5,0.5421619709858749,0.45783802901412507,833.3333333333333
48,8,1,475.0,75.0,0.5,0.5328698512869146,0.46713014871308545,833.3333333333333
49,8,1,485.0,75.0,0.5,0.5183286591579197,0.4816713408420803,833.3333333333333
50,8,1,495.0,75.0,0.5,0.48055009145878097,0.519449908541219,833.3333333333333
1,9,1,5.0,85.0,0.5,0.7303213651149068,0.26967863488509325,833.3333333333333
2,9,1,15.0,85.0,0.5,0.7242524533651638,0.27574754663483625,833.3333333333333
3,9,1,25.0,85.0,0.5,0.717088183490891,0.282911816509109,833.3333333333333
4,9,1,35.0,85.0,0.5,0.7095712891807037,0.29042871081929633,833.3333333333333
5,9,1,45.0,85.0,0.5,0.7021130715425516,0.29788692845744835,833.3333333333333
6,9,1,55.0,85.0,0.5,0.6949208570355111,0.3050791429644889,833.3333333333333
7,9,1,65.0,85.0,0.5,0.6880803441249674,0.31191965587503256,833.3333333333333
8,9,1,75.0,85.0,0.5,0.681604856117645,0.318395143882355,833.3333333333333
9,9,1,85.0,85.0,0.5,0.6754899280154212,0.3245100719845788,833.3333333333333
10,9,1,95.0,85.0,0.5,0.669707355870204,0.330292644129796,833.3333333333333
11,9,1,105.0,85.0,0.5,0.6642241223904484,0.33577587760955163,833.3333333333333
12,9,1,115.0,85.0,0.5,0.6590121068381973,0.34098789316180267,833.3333333333333
13,9,1,125.0,85.0,0.5,0.6540446187262415,0.34595538127375847,833.3333333333333
14,9,1,135.0,85.0,0.5,0.6492968562364936,0.3507031437635064,833.3333333333333
15,9,1,145.0,85.0,0.5,0.6447468655872403,0.35525313441275974,833.3333333333333
16,9,1,155.0,85.0,0.5,0.640376232253725,0.359623767746275,833.3333333333333
17,9,1,165.0,85.0,0.5,0.6361684667884048,0.3638315332115952,833.3333333333333
18,9,1,175.0,85.0,0.5,0.632108198725545,0.367891801274455,833.3333333333333
19,9,1,185.0,85.0,0.5,0.6281810232303774,0.3718189767696226,833.3333333333333
20,9,1,195.0,85.0,0.5,0.6243746401008208,0.3756253598991792,833.3333333333333
21,9,1,205.0,85.0,0.5,0.6206790284012127,0.3793209715987873,833.3333333333333
22,9,1,215.0,85.0,0.5,0.6170857685608995,0.3829142314391005,833.3333333333333
23,9,1,225.0,85.0,0.5,0.6135802821165189,0.38641971788348106,833.3333333333333
24,9,1,235.0,85.0,0.5,0.6101548112544645,0.38984518874553553,833.3333333333333
25,9,1,245.0,85.0,0.5,0.6068079700630559,0.39319202993694413,833.3333333333333
26,9,1,255.0,85.0,0.5,0.6035284420762312,0.39647155792376876,833.3333333333333
27,9,1,265.0,85.0,0.5,0.6003095655092867,0.3996904344907133,833.3333333333333
28,9,1,275.0,85.0,0.5,0.5971512654805108,0.4028487345194892,833.3333333333333
29,9,1,285.0,85.0,0.5,0.5940421358647713,0.4059578641352287,833.3333333333333
30,9,1,295.0,85.0,0.5,0.5909781865217385,0.4090218134782615,833.3333333333333
31,9,1,305.0,85.0,0.5,0.5879572691455579,0.4120427308544421,833.3333333333333
32,9,1,315.0,85.0,0.5,0.584967628252302,0.415032371747698,833.3333333333333
33,9,1,325.0,85.0,0.5,0.582010314096345,0.41798968590365504,833.3333333333333
34,9,1,335.0,85.0,0.5,0.5790736106014531,0.4209263893985469,833.3333333333333
35,9,1,345.0,85.0,0.5,0.5761520241249951,0.4238479758750049,833.3333333333333
36,9,1,355.0,85.0,0.5,0.573239817110333,0.426760182889667,833.3333333333333
37,9,1,365.0,85.0,0.5,0.570322691999706,0.429677308000294,833.3333333333333
38,9,1,375.0,85.0,0.5,0.5674052175169557,0.4325947824830443,833.3333333333333
39,9,1,385.0,85.0,0.5,0.5644450430082673,0.43555495699173274,833.3333333333333
40,9,1,395.0,85.0,0.5,0.5614174667172894,0.4385825332827106,833.3333333333333
41,9,1,405.0,85.0,0.5,0.5582807297621823,0.44171927023781765,833.3333333333333
42,9,1,415.0,85.0,0.5,0.5549692673334159,0.4450307326665841,833.3333333333333
43,9,1,425.0,85.0,0.5,0.5513896208396645,0.4486103791603355,833.3333333333333
44,9,1,435.0,85.0,0.5,0.5473940198382841,0.45260598016171594,833.3333333333333
45,9,1,445.0,85.0,0.5,0.5427670784475556,0.45723292155244444,833.3333333333333
46,9,1,455.0,85.0,0.5,0.537195389135733,0.46280461086426705,833.3333333333333
47,9,1,465.0,85.0,0.5,0.5302232351704417,0.4697767648295583,833.3333333333333
48,9,1,475.0,85.0,0.5,0.521031877310763,0.47896812268923705,833.3333333333333
49,9,1,485.0,85.0,0.5,0.5068560007939483,0.4931439992060517,833.3333333333333
50,9,1,495.0,85.0,0.5,0.4667863449833407,0.5332136550166593,833.3333333333333
1,10,1,5.0,95.0,0.5,0.6852944022866173,0.3147055977133827,833.3333333333333
2,10,1,15.0,95.0,0.5,0.6806364866762287,0.31936351332377133,833.3333333333333
3,10,1,25.0,95.0,0.5,0.6749502288082301,0.3250497711917699,833.3333333333333
4,10,1,35.0,95.0,0.5,0.6688201223933549,0.33117987760664513,833.3333333333333
5,10,1,45.0,95.0,0.5,0.6625998745314118,0.3374001254685882,833.3333333333333
6,10,1,55.0,95.0,0.5,0.6564888111230133,0.34351118887698673,833.3333333333333
7,10,1,65.0,95.0,0.5,0.6505846771055181,0.34941532289448185,833.3333333333333
8,10,1,75.0,95.0,0.5,0.6449268302363209,0.3550731697636791,833.3333333333333
9,10,1,85.0,95.0,0.5,0.6395219895181292,0.3604780104818708,833.3333333333333
10,10,1,95.0,95.0,0.5,0.6343616541468305,0.36563834585316946,833.3333333333333
11,10,1,105.0,95.0,0.5,0.6294313363362052,0.3705686636637948,833.3333333333333
12,10,1,115.0,95.0,0.5,0.6247129219687327,0.37528707803126726,833.3333333333333
13,10,1,125.0,95.0,0.5,0.6201885250546804,0.37981147494531964,833.3333333333333
14,10,1,135.0,95.0,0.5,0.6158416494262705,0.3841583505737295,833.3333333333333
15,10,1,145.0,95.0,0.5,0.6116565209824408,0.38834347901755917,833.3333333333333
16,10,1,155.0,95.0,0.5,0.6076188960986838,0.3923811039013162,833.3333333333333
17,10,1,165.0,95.0,0.5,0.6037161268333243,0.3962838731666757,833.3333333333333
18,10,1,175.0,95.0,0.5,0.5999364150558684,0.40006358494413163,833.3333333333333
19,10,1,185.0,95.0,0.5,0.5962725776156071,0.40372742238439285,833.3333333333333
20,10,1,195.0,95.0,0.5,0.5927124487533229,0.40728755124667715,833.3333333333333
21,10,1,205.0,95.0,0.5,0.5892451289659094,0.4107548710340906,833.3333333333333
22,10,1,215.0,95.0,0.5,0.5858623518620726,0.4141376481379274,833.3333333333333
23,10,1,225.0,95.0,0.5,0.5825597810013452,0.4174402189986548,833.3333333333333
24,10,1,235.0,95.0,0.5,0.5793273579000553,0.4206726420999447,833.3333333333333
25,10,1,245.0,95.0,0.5,0.5761621819918422,0.4238378180081578,833.3333333333333
26,10,1,255.0,95.0,0.5,0.5730601680424703,0.4269398319575297,833.3333333333333
27,10,1,265.0,95.0,0.5,0.5700127297878806,0.42998727021211935,833.3333333333333
28,10,1,275.0,95.0,0.5,0.5670203634199068,0.4329796365800932,833.3333333333333
29,10,1,285.0,95.0,0.5,0.5640740582372009,0.4359259417627991,833.3333333333333
30,10,1,295.0,95.0,0.5,0.5611709762749025,0.43882902372509747,833.3333333333333
31,10,1,305.0,95.0,0.5,0.5583080021531589,0.4416919978468411,833.3333333333333
32,10,1,315.0,95.0,0.5,0.555476952932562,0.44452304706743795,833.3333333333333
33,10,1,325.0,95.0,0.5,0.5526771243582602,0.4473228756417398,833.3333333333333
34,10,1,335.0,95.0,0.5,0.5498980131866251,0.4501019868133749,833.3333333333333
35,10,1,345.0,95.0,0.5,0.5471369312754929,0.4528630687245071,833.3333333333333
36,10,1,355.0,95.0,0.5,0.5443819432828926,0.4556180567171074,833.3333333333333
37,10,1,365.0,95.0,0.5,0.5416247593080117,0.4583752406919883,833.3333333333333
38,10,1,375.0,95.0,0.5,0.5388513608886802,0.46114863911131976,833.3333333333333
39,10,1,385.0,95.0,0.5,0.536071721609796,0.463928278390204,833.3333333333333
40,10,1,395.0,95.0,0.5,0.5332762320151367,0.46672376798486326,833.3333333333333
41,10,1,405.0,95.0,0.5,0.530447983717274,0.469552016282726,833.3333333333333
42,10,1,415.0,95.0,0.5,0.5275691579757236,0.47243084202427643,833.3333333333333
43,10,1,425.0,95.0,0.5,0.5246077611579484,0.4753922388420516,833.3333333333333
44,10,1,435.0,95.0,0.5,0.521519097203978,0.47848090279602196,833.3333333333333
45,10,1,445.0,95.0,0.5,0.5182239960975588,0.48177600390244124,833.3333333333333
46,10,1,455.0,95.0,0.5,0.5145765813891521,0.4854234186108479,833.3333333333333
47,10,1,465.0,95.0,0.5,0.5102687735798278,0.4897312264201722,833.3333333333333
48,10,1,475.0,95.0,0.5,0.5044805044252777,0.4955194955747223,833.3333333333333
49,10,1,485.0,95.0,0.5,0.49395936513007344,0.5060406348699266,833.3333333333333
50,10,1,495.0,95.0,0.5,0.4547118220759373,0.5452881779240627,833.3333333333333
1,1,2,5.0,5.0,1.5,0.7066845620831702,0.2933154379168298,798.2456140350877
2,1,2,15.0,5.0,1.5,0.7001521247784599,0.2998478752215401,798.2456140350877
3,1,2,25.0,5.0,1.5,0.6925833003869681,0.30741669961303186,798.2456140350877
4,1,2,35.0,5.0,1.5,0.6847476991780521,0.3152523008219479,798.2456140350877
5,1,2,45.0,5.0,1.5,0.677047726442398,0.32295227355760203,798.2456140350877
6,1,2,55.0,5.0,1.5,0.6696661537145022,0.3303338462854978,798.2456140350877
7,1,2,65.0,5.0,1.5,0.6626721041989881,0.33732789580101186,798.2456140350877
8,1,2,75.0,5.0,1.5,0.6560713690694453,0.3439286309305547,798.2456140350877
9,1,2,85.0,5.0,1.5,0.6498500042791441,0.3501499957208559,798.2456140350877
10,1,2,95.0,5.0,1.5,0.6439729680951107,0.35602703190488927,798.2456140350877
11,1,2,105.0,5.0,1.5,0.6384055116275167,0.3615944883724833,798.2456140350877
12,1,2,115.0,5.0,1.5,0.6331175546511763,0.36688244534882375,798.2456140350877
13,1,2,125.0,5.0,1.5,0.6280794158029568,0.3719205841970432,798.2456140350877
14,1,2,135.0,5.0,1.5,0.623264622341365,0.37673537765863496,798.2456140350877
15,1,2,145.0,5.0,1.5,0.6186507053208058,0.3813492946791942,798.2456140350877
16,1,2,155.0,5.0,1.5,0.6142176696436088,0.3857823303563912,798.2456140350877
17,1,2,165.0,5.0,1.5,0.6099483974251821,0.39005160257481786,798.2456140350877
18,1,2,175.0,5.0,1.5,0.6058296423931004,0.39417035760689956,798.2456140350877
19,1,2,185.0,5.0,1.5,0.6018468160188964,0.39815318398110355,798.2456140350877
20,1,2,195.0,5.0,1.5,0.5979874033327174,0.4020125966672826,798.2456140350877
21,1,2,205.0,5.0,1.5,0.5942399658069739,0.4057600341930261,798.2456140350877
22,1,2,215.0,5.0,1.5,0.5905938864568124,0.40940611354318757,798.2456140350877
23,1,2,225.0,5.0,1.5,0.5870408249610525,0.4129591750389475,798.2456140350877
24,1,2,235.0,5.0,1.5,0.5835717077555602,0.4164282922444398,798.2456140350877
25,1,2,245.0,5.0,1.5,0.5801802148132985,0.4198197851867015,798.2456140350877
26,1,2,255.0,5.0,1.5,0.5768643728912979,0.4231356271087021,798.2456140350877
27,1,2,265.0,5.0,1.5,0.5736149146444037,0.42638508535559627,798.2456140350877
28,1,2,275.0,5.0,1.5,0.5704269906394744,0.42957300936052556,798.2456140350877
29,1,2,285.0,5.0,1.5,0.5672998178442438,0.43270018215575623,798.2456140350877
30,1,2,295.0,5.0,1.5,0.564224616479051,0.435775383520949,798.2456140350877
31,1,2,305.0,5.0,1.5,0.5611993390807823,0.43880066091921766,798.2456140350877
32,1,2,315.0,5.0,1.5,0.5582216307595675,0.44177836924043246,798.2456140350877
33,1,2,325.0,5.0,1.5,0.5552845796384641,0.4447154203615359,798.2456140350877
34,1,2,335.0,5.0,1.5,0.5523889432901443,0.4476110567098557,798.2456140350877
35,1,2,345.0,5.0,1.5,0.5495273037083085,0.4504726962916915,798.2456140350877
36,1,2,355.0,5.0,1.5,0.5466996814841543,0.45330031851584573,798.2456140350877
37,1,2,365.0,5.0,1.5,0.5439015031146388,0.4560984968853612,798.2456140350877
38,1,2,375.0,5.0,1.5,0.5411269092444118,0.45887309075558824,798.2456140350877
39,1,2,385.0,5.0,1.5,0.538371757990065,0.461628242009935,798.2456140350877
40,1,2,395.0,5.0,1.5,0.5356241103821499,0.46437588961785015,798.2456140350877
41,1,2,405.0,5.0,1.5,0.5328688142000799,0.4671311857999201,798.2456140350877
42,1,2,415.0,5.0,1.5,0.5300688100595057,0.4699311899404943,798.2456140350877
43,1,2,425.0,5.0,1.5,0.5271809405339677,0.4728190594660323,798.2456140350877
44,1,2,435.0,5.0,1.5,0.524239949029687,0.47576005097031304,798.2456140350877
45,1,2,445.0,5.0,1.5,0.521206107789973,0.478793892210027,798.2456140350877
46,1,2,455.0,5.0,1.5,0.5180013397167128,0.4819986602832872,798.2456140350877
47,1,2,465.0,5.0,1.5,0.5144680709270336,0.4855319290729664,798.2456140350877
48,1,2,475.0,5.0,1.5,0.5102276538414049,0.4897723461585951,798.2456140350877
49,1,2,485.0,5.0,1.5,0.5040120913406225,0.4959879086593775,798.2456140350877
50,1,2,495.0,5.0,1.5,0.48655442677063465,0.5134455732293653,798.2456140350877
1,2,2,5.0,15.0,1.5,0.7481655696480207,0.2518344303519793,798.2456140350877
2,2,2,15.0,15.0,1.5,0.7400611442194843,0.2599388557805157,798.2456140350877
3,2,2,25.0,15.0,1.5,0.7308853939820802,0.2691146060179198,798.2456140350877
4,2,2,35.0,15.0,1.5,0.7215692851312728,0.27843071486872717,798.2456140350877
5,2,2,45.0,15.0,1.5,0.712575653271488,0.287424346728512,798.2456140350877
6,2,2,55.0,15.0,1.5,0.704091852719871,0.29590814728012904,798.2456140350877
7,2,2,65.0,15.0,1.5,0.6961629648727358,0.30383703512726423,798.2456140350877
8,2,2,75.0,15.0,1.5,0.688775145400331,0.311224854599669,798.2456140350877
9,2,2,85.0,15.0,1.5,0.6818706382521856,0.31812936174781437,798.2456140350877
10,2,2,95.0,15.0,1.5,0.6754048932082882,0.3245951067917118,798.2456140350877
11,2,2,105.0,15.0,1.5,0.6693258783018333,0.3306741216981667,798.2456140350877
12,2,2,115.0,15.0,1.5,0.6635820512018269,0.3364179487981731,798.2456140350877
13,2,2,125.0,15.0,1.5,0.6581370366801047,0.3418629633198953,798.2456140350877
14,2,2,135.0,15.0,1.5,0.6529569715005513,0.3470430284994487,798.2456140350877
15,2,2,145.0,15.0,1.5,0.6480121322669816,0.3519878677330184,798.2456140350877
16,2,2,155.0,15.0,1.5,0.6432773875489086,0.3567226124510914,798.2456140350877
17,2,2,165.0,15.0,1.5,0.6387312214905699,0.36126877850943007,798.2456140350877
18,2,2,175.0,15.0,1.5,0.6343549233871695,0.3656450766128305,798.2456140350877
19,2,2,185.0,15.0,1.5,0.6301322775381234,0.3698677224618766,798.2456140350877
20,2,2,195.0,15.0,1.5,0.6260505411733837,0.37394945882661634,798.2456140350877
21,2,2,205.0,15.0,1.5,0.6220949318831653,0.37790506811683466,798.2456140350877
22,2,2,215.0,15.0,1.5,0.6182527495465988,0.3817472504534012,798.2456140350877
23,2,2,225.0,15.0,1.5,0.6145119466699376,0.3854880533300624,798.2456140350877
24,2,2,235.0,15.0,1.5,0.6108640120820896,0.3891359879179104,798.2456140350877
25,2,2,245.0,15.0,1.5,0.6073033473436993,0.3926966526563007,798.2456140350877
26,2,2,255.0,15.0,1.5,0.6038193323400272,0.39618066765997284,798.2456140350877
27,2,2,265.0,15.0,1.5,0.6004060212607033,0.3995939787392967,798.2456140350877
28,2,2,275.0,15.0,1.5,0.5970616746307441,0.4029383253692559,798.2456140350877
29,2,2,285.0,15.0,1.5,0.5937759564865885,0.40622404351341146,798.2456140350877
30,2,2,295.0,15.0,1.5,0.5905435193500085,0.4094564806499915,798.2456140350877
31,2,2,305.0,15.0,1.5,0.5873640055246978,0.4126359944753022,798.2456140350877
32,2,2,315.0,15.0,1.5,0.5842271584231344,0.41577284157686556,798.2456140350877
33,2,2,325.0,15.0,1.5,0.5811308147488915,0.4188691852511085,798.2456140350877
34,2,2,335.0,15.0,1.5,0.5780722889131402,0.4219277110868598,798.2456140350877
35,2,2,345.0,15.0,1.5,0.5750427490527064,0.42495725094729364,798.2456140350877
36,2,2,355.0,15.0,1.5,0.5720441779636496,0.4279558220363504,798.2456140350877
37,2,2,365.0,15.0,1.5,0.5690674104816481,0.4309325895183519,798.2456140350877
38,2,2,375.0,15.0,1.5,0.5661091248641267,0.4338908751358733,798.2456140350877
39,2,2,385.0,15.0,1.5,0.5631658809682129,0.43683411903178715,798.2456140350877
40,2,2,395.0,15.0,1.5,0.560226141867231,0.43977385813276904,798.2456140350877
41,2,2,405.0,15.0,1.5,0.5572830348311985,0.44271696516880155,798.2456140350877
42,2,2,415.0,15.0,1.5,0.5543109157609108,0.44568908423908915,798.2456140350877
43,2,2,425.0,15.0,1.5,0.5512586334350693,0.4487413665649307,798.2456140350877
44,2,2,435.0,15.0,1.5,0.5479921909365509,0.45200780906344906,798.2456140350877
45,2,2,445.0,15.0,1.5,0.5443299202767984,0.4556700797232016,798.2456140350877
46,2,2,455.0,15.0,1.5,0.5399626793957041,0.4600373206042959,798.2456140350877
47,2,2,465.0,15.0,1.5,0.5344353106109493,0.4655646893890507,798.2456140350877
48,2,2,475.0,15.0,1.5,0.5271341068503967,0.47286589314960326,798.2456140350877
49,2,2,485.0,15.0,1.5,0.5169364216182099,0.48306357838179015,798.2456140350877
50,2,2,495.0,15.0,1.5,0.4960856481604626,0.5039143518395375,798.2456140350877
1,3,2,5.0,25.0,1.5,0.7712814297972607,0.22871857020273934,798.2456140350877
2,3,2,15.0,25.0,1.5,0.7623094813175509,0.23769051868244906,798.2456140350877
3,3,2,25.0,25.0,1.5,0.7521293815162291,0.2478706184837709,798.2456140350877
4,3,2,35.0,25.0,1.5,0.7418043575607538,0.2581956424392462,798.2456140350877
5,3,2,45.0,25.0,1.5,0.731900751652881,0.26809924834711896,798.2456140350877
6,3,2,55.0,25.0,1.5,0.7226405059942148,0.2773594940057852,798.2456140350877
7,3,2,65.0,25.0,1.5,0.7140561565786823,0.28594384342131773,798.2456140350877
8,3,2,75.0,25.0,1.5,0.7061049360317173,0.2938950639682827,798.2456140350877
9,3,2,85.0,25.0,1.5,0.6987423845838255,0.30125761541617446,798.2456140350877
10,3,2,95.0,25.0,1.5,0.6918652662006196,0.3081347337993804,798.2456140350877
11,3,2,105.0,25.0,1.5,0.6854142316837686,0.3145857683162314,798.2456140350877
12,3,2,115.0,25.0,1.5,0.6793321680525958,0.3206678319474042,798.2456140350877
13,3,2,125.0,25.0,1.5,0.6735670008078538,0.3264329991921462,798.2456140350877
14,3,2,135.0,25.0,1.5,0.6680864468888037,0.3319135531111963,798.2456140350877
15,3,2,145.0,25.0,1.5,0.6628627244186082,0.33713727558139184,798.2456140350877
16,3,2,155.0,25.0,1.5,0.6578666934946517,0.34213330650534834,798.2456140350877
17,3,2,165.0,25.0,1.5,0.6530731949751042,0.3469268050248958,798.2456140350877
18,3,2,175.0,25.0,1.5,0.6484607877378697,0.35153921226213025,798.2456140350877
19,3,2,185.0,25.0,1.5,0.6440109889150692,0.35598901108493075,798.2456140350877
20,3,2,195.0,25.0,1.5,0.6397076134514447,0.36029238654855533,798.2456140350877
21,3,2,205.0,25.0,1.5,0.6355375272621107,0.36446247273788934,798.2456140350877
22,3,2,215.0,25.0,1.5,0.631488684968481,0.368511315031519,798.2456140350877
23,3,2,225.0,25.0,1.5,0.6275473310222792,0.3724526689777208,798.2456140350877
24,3,2,235.0,25.0,1.5,0.623702656718081,0.376297343281919,798.2456140350877
25,3,2,245.0,25.0,1.5,0.6199438062392788,0.3800561937607212,798.2456140350877
26,3,2,255.0,25.0,1.5,0.6162670008791966,0.3837329991208034,798.2456140350877
27,3,2,265.0,25.0,1.5,0.6126632875008193,0.38733671249918067,798.2456140350877
28,3,2,275.0,25.0,1.5,0.6091248112895219,0.3908751887104781,798.2456140350877
29,3,2,285.0,25.0,1.5,0.6056468261498668,0.39435317385013324,798.2456140350877
30,3,2,295.0,25.0,1.5,0.6022273064187875,0.3977726935812125,798.2456140350877
31,3,2,305.0,25.0,1.5,0.5988557174835358,0.40114428251646417,798.2456140350877
32,3,2,315.0,25.0,1.5,0.5955281923296841,0.4044718076703159,798.2456140350877
33,3,2,325.0,25.0,1.5,0.5922443021720879,0.4077556978279121,798.2456140350877
34,3,2,335.0,25.0,1.5,0.5889944839264628,0.4110055160735372,798.2456140350877
35,3,2,345.0,25.0,1.5,0.5857755616488994,0.41422443835110057,798.2456140350877
36,3,2,355.0,25.0,1.5,0.5825874698253868,0.4174125301746132,798.2456140350877
37,3,2,365.0,25.0,1.5,0.57942078195341,0.42057921804659004,798.2456140350877
38,3,2,375.0,25.0,1.5,0.5762749580368312,0.42372504196316885,798.2456140350877
39,3,2,385.0,25.0,1.5,0.5731461607918796,0.42685383920812037,798.2456140350877
40,3,2,395.0,25.0,1.5,0.5700264143119146,0.4299735856880854,798.2456140350877
41,3,2,405.0,25.0,1.5,0.5669146526549965,0.4330853473450035,798.2456140350877
42,3,2,415.0,25.0,1.5,0.5637962562947251,0.4362037437052749,798.2456140350877
43,3,2,425.0,25.0,1.5,0.5606539864175645,0.4393460135824355,798.2456140350877
44,3,2,435.0,25.0,1.5,0.5573671609855737,0.4426328390144263,798.2456140350877
45,3,2,445.0,25.0,1.5,0.5538489575168324,0.4461510424831676,798.2456140350877
46,3,2,455.0,25.0,1.5,0.549855414829093,0.45014458517090705,798.2456140350877
47,3,2,465.0,25.0,1.5,0.5448953497564085,0.4551046502435915,798.2456140350877
48,3,2,475.0,25.0,1.5,0.5380689125304142,0.4619310874695858,798.2456140350877
49,3,2,485.0,25.0,1.5,0.527793783448542,0.472206216551458,798.2456140350877
50,3,2,495.0,25.0,1.5,0.5072285896808678,0.4927714103191322,798.2456140350877
1,4,2,5.0,35.0,1.5,0.7862107329002179,0.21378926709978208,798.2456140350877
2,4,2,15.0,35.0,1.5,0.7772250670537041,0.2227749329462959,798.2456140350877
3,4,2,25.0,35.0,1.5,0.7665316142834457,0.23346838571655426,798.2456140350877
4,4,2,35.0,35.0,1.5,0.7554879290673714,0.2445120709326286,798.2456140350877
5,4,2,45.0,35.0,1.5,0.744874599864523,0.255125400135477,798.2456140350877
6,4,2,55.0,35.0,1.5,0.7350927195971202,0.2649072804028798,798.2456140350877
7,4,2,65.0,35.0,1.5,0.7261021209338984,0.27389787906610163,798.2456140350877
8,4,2,75.0,35.0,1.5,0.7178113247811426,0.2821886752188574,798.2456140350877
9,4,2,85.0,35.0,1.5,0.7101015279216993,0.28989847207830066,798.2456140350877
10,4,2,95.0,35.0,1.5,0.702921432034992,0.297078567965008,798.2456140350877
11,4,2,105.0,35.0,1.5,0.6961901364414028,0.3038098635585972,798.2456140350877
12,4,2,115.0,35.0,1.5,0.6898600032958899,0.3101399967041101,798.2456140350877
13,4,2,125.0,35.0,1.5,0.6838705693860226,0.31612943061397736,798.2456140350877
14,4,2,135.0,35.0,1.5,0.6781753225005289,0.3218246774994711,798.2456140350877
15,4,2,145.0,35.0,1.5,0.6727385316669641,0.32726146833303593,798.2456140350877
16,4,2,155.0,35.0,1.5,0.6675306474153732,0.33246935258462684,798.2456140350877
17,4,2,165.0,35.0,1.5,0.6625280941294351,0.33747190587056486,798.2456140350877
18,4,2,175.0,35.0,1.5,0.6577101452328173,0.34228985476718266,798.2456140350877
19,4,2,185.0,35.0,1.5,0.6530592099411637,0.34694079005883627,798.2456140350877
20,4,2,195.0,35.0,1.5,0.6485593542280278,0.3514406457719722,798.2456140350877
21,4,2,205.0,35.0,1.5,0.6441968027081577,0.3558031972918423,798.2456140350877
22,4,2,215.0,35.0,1.5,0.6399596501108761,0.3600403498891239,798.2456140350877
23,4,2,225.0,35.0,1.5,0.6358392554910316,0.3641607445089684,798.2456140350877
24,4,2,235.0,35.0,1.5,0.6318228890651678,0.3681771109348322,798.2456140350877
25,4,2,245.0,35.0,1.5,0.6279003192145559,0.3720996807854441,798.2456140350877
26,4,2,255.0,35.0,1.5,0.6240610760265762,0.37593892397342377,798.2456140350877
27,4,2,265.0,35.0,1.5,0.6202973377917295,0.37970266220827054,798.2456140350877
28,4,2,275.0,35.0,1.5,0.6166071212559023,0.38339287874409766,798.2456140350877
29,4,2,285.0,35.0,1.5,0.6129806452517383,0.38701935474826166,798.2456140350877
30,4,2,295.0,35.0,1.5,0.6094115442931816,0.39058845570681844,798.2456140350877
31,4,2,305.0,35.0,1.5,0.6058966880793241,0.39410331192067594,798.2456140350877
32,4,2,315.0,35.0,1.5,0.6024324844271837,0.39756751557281633,798.2456140350877
33,4,2,325.0,35.0,1.5,0.5990101320817642,0.40098986791823577,798.2456140350877
34,4,2,335.0,35.0,1.5,0.5956264899260192,0.4043735100739808,798.2456140350877
35,4,2,345.0,35.0,1.5,0.5922809294919434,0.40771907050805656,798.2456140350877
36,4,2,355.0,35.0,1.5,0.5889648007505544,0.41103519924944565,798.2456140350877
37,4,2,365.0,35.0,1.5,0.5856757863236682,0.41432421367633177,798.2456140350877
38,4,2,375.0,35.0,1.5,0.5824140171341737,0.41758598286582627,798.2456140350877
39,4,2,385.0,35.0,1.5,0.5791717473537328,0.4208282526462672,798.2456140350877
40,4,2,395.0,35.0,1.5,0.5759482669306445,0.4240517330693555,798.2456140350877
41,4,2,405.0,35.0,1.5,0.5727431379762381,0.4272568620237619,798.2456140350877
42,4,2,415.0,35.0,1.5,0.5695497077441988,0.4304502922558012,798.2456140350877
43,4,2,425.0,35.0,1.5,0.5663688116869177,0.43363118831308234,798.2456140350877
44,4,2,435.0,35.0,1.5,0.5631954144384514,0.43680458556154855,798.2456140350877
45,4,2,445.0,35.0,1.5,0.5599095374966814,0.4400904625033186,798.2456140350877
46,4,2,455.0,35.0,1.5,0.5563449600783955,0.4436550399216045,798.2456140350877
47,4,2,465.0,35.0,1.5,0.552230236629088,0.447769763370912,798.2456140350877
48,4,2,475.0,35.0,1.5,0.5467284924369958,0.45327150756300416,798.2456140350877
49,4,2,485.0,35.0,1.5,0.5380307136871728,0.4619692863128272,798.2456140350877
50,4,2,495.0,35.0,1.5,0.5203905414829604,0.4796094585170396,798.2456140350877
1,5,2,5.0,45.0,1.5,0.7960735140167747,0.20392648598322527,798.2456140350877
2,5,2,15.0,45.0,1.5,0.7885590601828891,0.21144093981711087,798.2456140350877
3,5,2,25.0,45.0,1.5,0.778042466140098,0.22195753385990202,798.2456140350877
4,5,2,35.0,45.0,1.5,0.7667379936842004,0.23326200631579963,798.2456140350877
5,5,2,45.0,45.0,1.5,0.7558507414277537,0.24414925857224634,798.2456140350877
6,5,2,55.0,45.0,1.5,0.745628650137167,0.25437134986283305,798.2456140350877
7,5,2,65.0,45.0,1.5,0.736212799696883,0.263787200303117,798.2456140350877
8,5,2,75.0,45.0,1.5,0.7275611370225058,0.2724388629774942,798.2456140350877
9,5,2,85.0,45.0,1.5,0.7195735271062382,0.28042647289376177,798.2456140350877
10,5,2,95.0,45.0,1.5,0.7121589292437713,0.28784107075622867,798.2456140350877
11,5,2,105.0,45.0,1.5,0.7052307447561984,0.2947692552438016,798.2456140350877
12,5,2,115.0,45.0,1.5,0.6987241188657641,0.30127588113423587,798.2456140350877
13,5,2,125.0,45.0,1.5,0.6925695867732836,0.3074304132267164,798.2456140350877
14,5,2,135.0,45.0,1.5,0.6867292186179417,0.3132707813820583,798.2456140350877
15,5,2,145.0,45.0,1.5,0.6811631453825849,0.31883685461741507,798.2456140350877
16,5,2,155.0,45.0,1.5,0.675837687769121,0.324162312230879,798.2456140350877
17,5,2,165.0,45.0,1.5,0.6707259802047306,0.3292740197952694,798.2456140350877
18,5,2,175.0,45.0,1.5,0.6658053416742613,0.3341946583257387,798.2456140350877
19,5,2,185.0,45.0,1.5,0.661056476911881,0.33894352308811904,798.2456140350877
20,5,2,195.0,45.0,1.5,0.6564627076825806,0.34353729231741936,798.2456140350877
21,5,2,205.0,45.0,1.5,0.6520082482238819,0.3479917517761181,798.2456140350877
22,5,2,215.0,45.0,1.5,0.6476790497796473,0.3523209502203527,798.2456140350877
23,5,2,225.0,45.0,1.5,0.6434625866980781,0.3565374133019219,798.2456140350877
24,5,2,235.0,45.0,1.5,0.6393481575569668,0.36065184244303317,798.2456140350877
25,5,2,245.0,45.0,1.5,0.6353264339094351,0.3646735660905649,798.2456140350877
26,5,2,255.0,45.0,1.5,0.6313901442007311,0.36860985579926886,798.2456140350877
27,5,2,265.0,45.0,1.5,0.6275278715215449,0.3724721284784551,798.2456140350877
28,5,2,275.0,45.0,1.5,0.6237326131747235,0.3762673868252765,798.2456140350877
29,5,2,285.0,45.0,1.5,0.6199986974457976,0.3800013025542024,798.2456140350877
30,5,2,295.0,45.0,1.5,0.6163247301013505,0.38367526989864953,798.2456140350877
31,5,2,305.0,45.0,1.5,0.6127018007425827,0.38729819925741726,798.2456140350877
32,5,2,315.0,45.0,1.5,0.6091234795643945,0.3908765204356055,798.2456140350877
33,5,2,325.0,45.0,1.5,0.6055849404874251,0.39441505951257494,798.2456140350877
34,5,2,335.0,45.0,1.5,0.6020828000469597,0.3979171999530403,798.2456140350877
35,5,2,345.0,45.0,1.5,0.5986069397793279,0.4013930602206721,798.2456140350877
36,5,2,355.0,45.0,1.5,0.5951516595093815,0.40484834049061846,798.2456140350877
37,5,2,365.0,45.0,1.5,0.5917150914514359,0.40828490854856414,798.2456140350877
38,5,2,375.0,45.0,1.5,0.5882867165374939,0.41171328346250613,798.2456140350877
39,5,2,385.0,45.0,1.5,0.5848589341094875,0.4151410658905125,798.2456140350877
40,5,2,395.0,45.0,1.5,0.5814281367079448,0.4185718632920552,798.2456140350877
41,5,2,405.0,45.0,1.5,0.5779837050732888,0.4220162949267112,798.2456140350877
42,5,2,415.0,45.0,1.5,0.5745168318107006,0.42548316818929943,798.2456140350877
43,5,2,425.0,45.0,1.5,0.5710223570299817,0.4289776429700183,798.2456140350877
44,5,2,435.0,45.0,1.5,0.5674934605871054,0.43250653941289463,798.2456140350877
45,5,2,445.0,45.0,1.5,0.5639186559883836,0.43608134401161636,798.2456140350877
46,5,2,455.0,45.0,1.5,0.5602691324155088,0.4397308675844912,798.2456140350877
47,5,2,465.0,45.0,1.5,0.5562520224080189,0.44374797759198115,798.2456140350877
48,5,2,475.0,45.0,1.5,0.5510726165294616,0.4489273834705384,798.2456140350877
49,5,2,485.0,45.0,1.5,0.5423797605902374,0.4576202394097626,798.2456140350877
50,5,2,495.0,45.0,1.5,0.52252368204601,0.47747631795399004,798.2456140350877
1,6,2,5.0,55.0,1.5,0.7868514218164213,0.21314857818357869,798.2456140350877
2,6,2,15.0,55.0,1.5,0.7783675774087991,0.22163242259120086,798.2456140350877
3,6,2,25.0,55.0,1.5,0.7682423696643353,0.23175763033566465,798.2456140350877
4,6,2,35.0,55.0,1.5,0.7577026584224928,0.24229734157750715,798.2456140350877
5,6,2,45.0,55.0,1.5,0.747488197580842,0.25251180241915805,798.2456140350877
6,6,2,55.0,55.0,1.5,0.7378974726976051,0.2621025273023949,798.2456140350877
7,6,2,65.0,55.0,1.5,0.7289932032886389,0.2710067967113611,798.2456140350877
8,6,2,75.0,55.0,1.5,0.7207357996543013,0.27926420034569865,798.2456140350877
9,6,2,85.0,55.0,1.5,0.7130660542294808,0.2869339457705192,798.2456140350877
10,6,2,95.0,55.0,1.5,0.7058930038382737,0.2941069961617263,798.2456140350877
11,6,2,105.0,55.0,1.5,0.6991681976565315,0.3008318023434685,798.2456140350877
12,6,2,115.0,55.0,1.5,0.6928186422034383,0.30718135779656175,798.2456140350877
13,6,2,125.0,55.0,1.5,0.6868027865765088,0.31319721342349116,798.2456140350877
14,6,2,135.0,55.0,1.5,0.6810819158813846,0.31891808411861544,798.2456140350877
15,6,2,145.0,55.0,1.5,0.6756196233401052,0.32438037665989483,798.2456140350877
16,6,2,155.0,55.0,1.5,0.6703868714978586,0.3296131285021414,798.2456140350877
17,6,2,165.0,55.0,1.5,0.665359501056869,0.33464049894313097,798.2456140350877
18,6,2,175.0,55.0,1.5,0.6605167483398706,0.3394832516601294,798.2456140350877
19,6,2,185.0,55.0,1.5,0.6558411756815201,0.3441588243184799,798.2456140350877
20,6,2,195.0,55.0,1.5,0.6513160712566106,0.3486839287433894,798.2456140350877
21,6,2,205.0,55.0,1.5,0.6469277424609714,0.3530722575390286,798.2456140350877
22,6,2,215.0,55.0,1.5,0.6426632185594019,0.3573367814405981,798.2456140350877
23,6,2,225.0,55.0,1.5,0.6385106866166796,0.36148931338332035,798.2456140350877
24,6,2,235.0,55.0,1.5,0.6344594437034381,0.3655405562965619,798.2456140350877
25,6,2,245.0,55.0,1.5,0.6305004986159909,0.3694995013840091,798.2456140350877
26,6,2,255.0,55.0,1.5,0.6266260779066826,0.37337392209331743,798.2456140350877
27,6,2,265.0,55.0,1.5,0.6228242091415539,0.3771757908584461,798.2456140350877
28,6,2,275.0,55.0,1.5,0.6190887021105047,0.3809112978894953,798.2456140350877
29,6,2,285.0,55.0,1.5,0.6154145130970502,0.3845854869029498,798.2456140350877
30,6,2,295.0,55.0,1.5,0.6117988021866448,0.38820119781335516,798.2456140350877
31,6,2,305.0,55.0,1.5,0.608231624994365,0.391768375005635,798.2456140350877
32,6,2,315.0,55.0,1.5,0.6047068488053229,0.3952931511946771,798.2456140350877
33,6,2,325.0,55.0,1.5,0.601223101460376,0.39877689853962395,798.2456140350877
34,6,2,335.0,55.0,1.5,0.5977747850930752,0.40222521490692476,798.2456140350877
35,6,2,345.0,55.0,1.5,0.5943542108894379,0.40564578911056215,798.2456140350877
36,6,2,355.0,55.0,1.5,0.5909537962118571,0.40904620378814294,798.2456140350877
37,6,2,365.0,55.0,1.5,0.5875675351289029,0.4124324648710971,798.2456140350877
38,6,2,375.0,55.0,1.5,0.5841838039954411,0.4158161960045589,798.2456140350877
39,6,2,385.0,55.0,1.5,0.580795317081113,0.419204682918887,798.2456140350877
40,6,2,395.0,55.0,1.5,0.5773932230173817,0.4226067769826183,798.2456140350877
41,6,2,405.0,55.0,1.5,0.5739600318716135,0.4260399681283865,798.2456140350877
42,6,2,415.0,55.0,1.5,0.5704794785003321,0.4295205214996679,798.2456140350877
43,6,2,425.0,55.0,1.5,0.5669283084121022,0.4330716915878978,798.2456140350877
44,6,2,435.0,55.0,1.5,0.5632631886889479,0.43673681131105213,798.2456140350877
45,6,2,445.0,55.0,1.5,0.5594070088126396,0.4405929911873604,798.2456140350877
46,6,2,455.0,55.0,1.5,0.5551901405194848,0.4448098594805152,798.2456140350877
47,6,2,465.0,55.0,1.5,0.550193549758373,0.449806450241627,798.2456140350877
48,6,2,475.0,55.0,1.5,0.5433778843905843,0.4566221156094157,798.2456140350877
49,6,2,485.0,55.0,1.5,0.532027074079574,0.46797292592042605,798.2456140350877
50,6,2,495.0,55.0,1.5,0.5034443879295253,0.4965556120704747,798.2456140350877
1,7,2,5.0,65.0,1.5,0.7735338345196949,0.22646616548030507,798.2456140350877
2,7,2,15.0,65.0,1.5,0.7651983772814415,0.23480162271855853,798.2456140350877
3,7,2,25.0,65.0,1.5,0.7556392028317701,0.2443607971682299,798.2456140350877
4,7,2,35.0,65.0,1.5,0.7458047838900614,0.25419521610993856,798.2456140350877
5,7,2,45.0,65.0,1.5,0.7362527554656083,0.2637472445343917,798.2456140350877
6,7,2,55.0,65.0,1.5,0.7272297689471974,0.2727702310528026,798.2456140350877
7,7,2,65.0,65.0,1.5,0.718800166402059,0.281199833597941,798.2456140350877
8,7,2,75.0,65.0,1.5,0.7109425034561732,0.28905749654382684,798.2456140350877
9,7,2,85.0,65.0,1.5,0.7036162977792756,0.2963837022207244,798.2456140350877
10,7,2,95.0,65.0,1.5,0.6967464281509145,0.3032535718490855,798.2456140350877
11,7,2,105.0,65.0,1.5,0.6902891483309604,0.30971085166903956,798.2456140350877
12,7,2,115.0,65.0,1.5,0.6841914534260295,0.3158085465739705,798.2456140350877
13,7,2,125.0,65.0,1.5,0.6784040490562928,0.3215959509437072,798.2456140350877
14,7,2,135.0,65.0,1.5,0.6728950558499519,0.3271049441500481,798.2456140350877
15,7,2,145.0,65.0,1.5,0.6676332151722434,0.3323667848277566,798.2456140350877
16,7,2,155.0,65.0,1.5,0.6625912050192222,0.3374087949807778,798.2456140350877
17,7,2,165.0,65.0,1.5,0.6577461424849469,0.3422538575150531,798.2456140350877
18,7,2,175.0,65.0,1.5,0.653078091237825,0.346921908762175,798.2456140350877
19,7,2,185.0,65.0,1.5,0.6485696296647918,0.3514303703352082,798.2456140350877
20,7,2,195.0,65.0,1.5,0.6442054161788655,0.3557945838211345,798.2456140350877
21,7,2,205.0,65.0,1.5,0.6399716183934098,0.36002838160659023,798.2456140350877
22,7,2,215.0,65.0,1.5,0.6358582788235048,0.36414172117649524,798.2456140350877
23,7,2,225.0,65.0,1.5,0.6318520951285331,0.36814790487146687,798.2456140350877
24,7,2,235.0,65.0,1.5,0.627942444681769,0.37205755531823104,798.2456140350877
25,7,2,245.0,65.0,1.5,0.6241185555210416,0.37588144447895844,798.2456140350877
26,7,2,255.0,65.0,1.5,0.6203714399947776,0.3796285600052224,798.2456140350877
27,7,2,265.0,65.0,1.5,0.6166982975102797,0.3833017024897203,798.2456140350877
28,7,2,275.0,65.0,1.5,0.6130890264238629,0.38691097357613713,798.2456140350877
29,7,2,285.0,65.0,1.5,0.609536759978946,0.39046324002105404,798.2456140350877
30,7,2,295.0,65.0,1.5,0.6060382579100684,0.3939617420899316,798.2456140350877
31,7,2,305.0,65.0,1.5,0.6025880100307455,0.39741198996925453,798.2456140350877
32,7,2,315.0,65.0,1.5,0.5991766417846895,0.40082335821531045,798.2456140350877
33,7,2,325.0,65.0,1.5,0.595800111396521,0.404199888603479,798.2456140350877
34,7,2,335.0,65.0,1.5,0.5924552892321503,0.4075447107678497,798.2456140350877
35,7,2,345.0,65.0,1.5,0.5891308922184146,0.41086910778158536,798.2456140350877
36,7,2,355.0,65.0,1.5,0.585826614233065,0.41417338576693496,798.2456140350877
37,7,2,365.0,65.0,1.5,0.5825341131636393,0.41746588683636066,798.2456140350877
38,7,2,375.0,65.0,1.5,0.5792357868922424,0.4207642131077576,798.2456140350877
39,7,2,385.0,65.0,1.5,0.5759217641682529,0.4240782358317471,798.2456140350877
40,7,2,395.0,65.0,1.5,0.5725778838829484,0.4274221161170516,798.2456140350877
41,7,2,405.0,65.0,1.5,0.5691789477044609,0.43082105229553913,798.2456140350877
42,7,2,415.0,65.0,1.5,0.5656953962215266,0.43430460377847335,798.2456140350877
43,7,2,425.0,65.0,1.5,0.5620797846186738,0.4379202153813262,798.2456140350877
44,7,2,435.0,65.0,1.5,0.5582475865485302,0.44175241345146976,798.2456140350877
45,7,2,445.0,65.0,1.5,0.5540495481327461,0.4459504518672539,798.2456140350877
46,7,2,455.0,65.0,1.5,0.5491934307415602,0.45080656925843976,798.2456140350877
47,7,2,465.0,65.0,1.5,0.5430852805519916,0.45691471944800843,798.2456140350877
48,7,2,475.0,65.0,1.5,0.5345020632651335,0.4654979367348665,798.2456140350877
49,7,2,485.0,65.0,1.5,0.5203606447580744,0.4796393552419256,798.2456140350877
50,7,2,495.0,65.0,1.5,0.4834886073148354,0.5165113926851645,798.2456140350877
1,8,2,5.0,75.0,1.5,0.754696228874249,0.24530377112575097,798.2456140350877
2,8,2,15.0,75.0,1.5,0.7471874170515705,0.25281258294842945,798.2456140350877
3,8,2,25.0,75.0,1.5,0.7385302926118704,0.2614697073881296,798.2456140350877
4,8,2,35.0,75.0,1.5,0.7295930701648665,0.2704069298351335,798.2456140350877
5,8,2,45.0,75.0,1.5,0.7208558008172975,0.2791441991827025,798.2456140350877
6,8,2,55.0,75.0,1.5,0.7125408717085487,0.28745912829145126,798.2456140350877
7,8,2,65.0,75.0,1.5,0.7047126994970117,0.29528730050298835,798.2456140350877
8,8,2,75.0,75.0,1.5,0.6973775046637574,0.30262249533624264,798.2456140350877
9,8,2,85.0,75.0,1.5,0.6904966587189801,0.30950334128101986,798.2456140350877
10,8,2,95.0,75.0,1.5,0.6840343199130732,0.3159656800869268,798.2456140350877
11,8,2,105.0,75.0,1.5,0.67793449107258,0.32206550892742003,798.2456140350877
12,8,2,115.0,75.0,1.5,0.6721621886147139,0.3278378113852861,798.2456140350877
13,8,2,125.0,75.0,1.5,0.6666804479311387,0.3333195520688613,798.2456140350877
14,8,2,135.0,75.0,1.5,0.6614561675106064,0.33854383248939357,798.2456140350877
15,8,2,145.0,75.0,1.5,0.6564615710683485,0.34353842893165154,798.2456140350877
16,8,2,155.0,75.0,1.5,0.6516726803149233,0.3483273196850767,798.2456140350877
17,8,2,165.0,75.0,1.5,0.6470690386959369,0.3529309613040631,798.2456140350877
18,8,2,175.0,75.0,1.5,0.6426322100995612,0.3573677899004388,798.2456140350877
19,8,2,185.0,75.0,1.5,0.6383460608421162,0.3616539391578838,798.2456140350877
20,8,2,195.0,75.0,1.5,0.6341959810517797,0.36580401894822034,798.2456140350877
21,8,2,205.0,75.0,1.5,0.6301691697570492,0.3698308302429508,798.2456140350877
22,8,2,215.0,75.0,1.5,0.6262558864095447,0.37374411359045534,798.2456140350877
23,8,2,225.0,75.0,1.5,0.6224426573339177,0.3775573426660823,798.2456140350877
24,8,2,235.0,75.0,1.5,0.6187176548002904,0.3812823451997096,798.2456140350877
25,8,2,245.0,75.0,1.5,0.6150730885959124,0.38492691140408763,798.2456140350877
26,8,2,255.0,75.0,1.5,0.6115065295297197,0.38849347047028027,798.2456140350877
27,8,2,265.0,75.0,1.5,0.6080072351107851,0.39199276488921486,798.2456140350877
28,8,2,275.0,75.0,1.5,0.6045676177511468,0.39543238224885324,798.2456140350877
29,8,2,285.0,75.0,1.5,0.60118466846159,0.39881533153841,798.2456140350877
30,8,2,295.0,75.0,1.5,0.5978522304272795,0.40214776957272047,798.2456140350877
31,8,2,305.0,75.0,1.5,0.5945608391394849,0.4054391608605151,798.2456140350877
32,8,2,315.0,75.0,1.5,0.5913081643416689,0.4086918356583311,798.2456140350877
33,8,2,325.0,75.0,1.5,0.5880877213870437,0.4119122786129563,798.2456140350877
34,8,2,335.0,75.0,1.5,0.5848895744915414,0.41511042550845856,798.2456140350877
35,8,2,345.0,75.0,1.5,0.5817122022037154,0.41828779779628456,798.2456140350877
36,8,2,355.0,75.0,1.5,0.5785443906896478,0.4214556093103522,798.2456140350877
37,8,2,365.0,75.0,1.5,0.5753818511824964,0.4246181488175036,798.2456140350877
38,8,2,375.0,75.0,1.5,0.572213493981954,0.427786506018046,798.2456140350877
39,8,2,385.0,75.0,1.5,0.5690147709623194,0.43098522903768055,798.2456140350877
40,8,2,395.0,75.0,1.5,0.5657650511603448,0.4342349488396552,798.2456140350877
41,8,2,405.0,75.0,1.5,0.5624354073080287,0.43756459269197134,798.2456140350877
42,8,2,415.0,75.0,1.5,0.558974611586649,0.44102538841335104,798.2456140350877
43,8,2,425.0,75.0,1.5,0.5553082101106543,0.44469178988934566,798.2456140350877
44,8,2,435.0,75.0,1.5,0.5513117507679675,0.44868824923203254,798.2456140350877
45,8,2,445.0,75.0,1.5,0.5467678484257384,0.45323215157426155,798.2456140350877
46,8,2,455.0,75.0,1.5,0.5413016437777886,0.45869835622221145,798.2456140350877
47,8,2,465.0,75.0,1.5,0.534263715667612,0.465736284332388,798.2456140350877
48,8,2,475.0,75.0,1.5,0.5244580870310303,0.47554191296896975,798.2456140350877
49,8,2,485.0,75.0,1.5,0.5086142051665185,0.49138579483348155,798.2456140350877
50,8,2,495.0,75.0,1.5,0.46567607238692615,0.5343239276130738,798.2456140350877
1,9,2,5.0,85.0,1.5,0.7276303012803068,0.2723696987196932,798.2456140350877
2,9,2,15.0,85.0,1.5,0.7213264479033725,0.2786735520966275,798.2456140350877
3,9,2,25.0,85.0,1.5,0.7138969194368022,0.2861030805631978,798.2456140350877
4,9,2,35.0,85.0,1.5,0.7061022168392801,0.2938977831607199,798.2456140350877
5,9,2,45.0,85.0,1.5,0.6983820015893412,0.30161799841065884,798.2456140350877
6,9,2,55.0,85.0,1.5,0.6909368948427869,0.30906310515721314,798.2456140350877
7,9,2,65.0,85.0,1.5,0.6838671625731965,0.31613283742680354,798.2456140350877
8,9,2,75.0,85.0,1.5,0.6771802181132688,0.3228197818867312,798.2456140350877
9,9,2,85.0,85.0,1.5,0.6708701936786798,0.32912980632132016,798.2456140350877
10,9,2,95.0,85.0,1.5,0.6649099406040665,0.3350900593959335,798.2456140350877
11,9,2,105.0,85.0,1.5,0.6592648974851332,0.34073510251486683,798.2456140350877
12,9,2,115.0,85.0,1.5,0.6539030914163048,0.34609690858369524,798.2456140350877
13,9,2,125.0,85.0,1.5,0.648797738984477,0.351202261015523,798.2456140350877
14,9,2,135.0,85.0,1.5,0.6439225497799661,0.3560774502200339,798.2456140350877
15,9,2,145.0,85.0,1.5,0.6392545083585676,0.36074549164143244,798.2456140350877
16,9,2,155.0,85.0,1.5,0.634773313549222,0.36522668645077805,798.2456140350877
17,9,2,165.0,85.0,1.5,0.6304620980196007,0.36953790198039926,798.2456140350877
18,9,2,175.0,85.0,1.5,0.6263052841330474,0.3736947158669526,798.2456140350877
19,9,2,185.0,85.0,1.5,0.6222878785621964,0.37771212143780364,798.2456140350877
20,9,2,195.0,85.0,1.5,0.6183962951843122,0.38160370481568784,798.2456140350877
21,9,2,205.0,85.0,1.5,0.6146178884542358,0.3853821115457642,798.2456140350877
22,9,2,215.0,85.0,1.5,0.6109427409710328,0.38905725902896715,798.2456140350877
23,9,2,225.0,85.0,1.5,0.6073623079387658,0.3926376920612342,798.2456140350877
24,9,2,235.0,85.0,1.5,0.6038665301454446,0.39613346985455544,798.2456140350877
25,9,2,245.0,85.0,1.5,0.6004487242253187,0.3995512757746813,798.2456140350877
26,9,2,255.0,85.0,1.5,0.5971062389677649,0.40289376103223506,798.2456140350877
27,9,2,265.0,85.0,1.5,0.5938278427254366,0.40617215727456335,798.2456140350877
28,9,2,275.0,85.0,1.5,0.5906077362939399,0.4093922637060601,798.2456140350877
29,9,2,285.0,85.0,1.5,0.5874447053084616,0.4125552946915384,798.2456140350877
30,9,2,295.0,85.0,1.5,0.5843268884093754,0.4156731115906246,798.2456140350877
31,9,2,305.0,85.0,1.5,0.5812515136446879,0.41874848635531214,798.2456140350877
32,9,2,315.0,85.0,1.5,0.5782137672329224,0.4217862327670776,798.2456140350877
33,9,2,325.0,85.0,1.5,0.5752031159034671,0.42479688409653293,798.2456140350877
34,9,2,335.0,85.0,1.5,0.5722185857617358,0.4277814142382642,798.2456140350877
35,9,2,345.0,85.0,1.5,0.569247655871851,0.430752344128149,798.2456140350877
36,9,2,355.0,85.0,1.5,0.5662838836869669,0.4337161163130331,798.2456140350877
37,9,2,365.0,85.0,1.5,0.5633180667180331,0.4366819332819669,798.2456140350877
38,9,2,375.0,85.0,1.5,0.5603453531056966,0.43965464689430345,798.2456140350877
39,9,2,385.0,85.0,1.5,0.5573321773540656,0.4426678226459344,798.2456140350877
40,9,2,395.0,85.0,1.5,0.5542444281412705,0.4457555718587295,798.2456140350877
41,9,2,405.0,85.0,1.5,0.5510404059581141,0.4489595940418859,798.2456140350877
42,9,2,415.0,85.0,1.5,0.5476536661783276,0.45234633382167244,798.2456140350877
43,9,2,425.0,85.0,1.5,0.543978852271816,0.45602114772818403,798.2456140350877
44,9,2,435.0,85.0,1.5,0.5398631395769998,0.46013686042300017,798.2456140350877
45,9,2,445.0,85.0,1.5,0.5350764946092939,0.46492350539070615,798.2456140350877
46,9,2,455.0,85.0,1.5,0.529277361860339,0.470722638139661,798.2456140350877
47,9,2,465.0,85.0,1.5,0.5219536774823732,0.4780463225176268,798.2456140350877
48,9,2,475.0,85.0,1.5,0.5121347922427746,0.4878652077572254,798.2456140350877
49,9,2,485.0,85.0,1.5,0.4964053215238728,0.5035946784761272,798.2456140350877
50,9,2,495.0,85.0,1.5,0.4500250435668896,0.5499749564331105,798.2456140350877
1,10,2,5.0,95.0,1.5,0.6810062526553742,0.3189937473446258,798.2456140350877
2,10,2,15.0,95.0,1.5,0.6761704842135976,0.3238295157864024,798.2456140350877
3,10,2,25.0,95.0,1.5,0.6702712617469982,0.32972873825300175,798.2456140350877
4,10,2,35.0,95.0,1.5,0.6639177905041065,0.3360822094958935,798.2456140350877
5,10,2,45.0,95.0,1.5,0.657475628394409,0.342524371605591,798.2456140350877
6,10,2,55.0,95.0,1.5,0.6511516299090183,0.3488483700909817,798.2456140350877
7,10,2,65.0,95.0,1.5,0.64504754964543,0.35495245035457,798.2456140350877
8,10,2,75.0,95.0,1.5,0.6392028108768596,0.3607971891231404,798.2456140350877
9,10,2,85.0,95.0,1.5,0.6336233666910928,0.36637663330890724,798.2456140350877
10,10,2,95.0,95.0,1.5,0.6283022953527574,0.3716977046472426,798.2456140350877
11,10,2,105.0,95.0,1.5,0.6232230715081228,0.37677692849187716,798.2456140350877
12,10,2,115.0,95.0,1.5,0.6183664220715647,0.38163357792843533,798.2456140350877
13,10,2,125.0,95.0,1.5,0.6137131884460658,0.3862868115539342,798.2456140350877
14,10,2,135.0,95.0,1.5,0.6092452492082095,0.39075475079179045,798.2456140350877
15,10,2,145.0,95.0,1.5,0.604946340534874,0.39505365946512605,798.2456140350877
16,10,2,155.0,95.0,1.5,0.6008032879361329,0.3991967120638671,798.2456140350877
17,10,2,165.0,95.0,1.5,0.5968018304671966,0.4031981695328034,798.2456140350877
18,10,2,175.0,95.0,1.5,0.5929294148697265,0.4070705851302735,798.2456140350877
19,10,2,185.0,95.0,1.5,0.5891748380167801,0.41082516198321994,798.2456140350877
20,10,2,195.0,95.0,1.5,0.585527471336928,0.41447252866307205,798.2456140350877
21,10,2,205.0,95.0,1.5,0.5819776508327067,0.4180223491672933,798.2456140350877
22,10,2,215.0,95.0,1.5,0.5785155409174687,0.4214844590825313,798.2456140350877
23,10,2,225.0,95.0,1.5,0.5751345923695815,0.42486540763041847,798.2456140350877
24,10,2,235.0,95.0,1.5,0.5718324949928968,0.4281675050071032,798.2456140350877
25,10,2,245.0,95.0,1.5,0.5685999686978503,0.43140003130214966,798.2456140350877
26,10,2,255.0,95.0,1.5,0.5654316026410263,0.4345683973589737,798.2456140350877
27,10,2,265.0,95.0,1.5,0.562325830106242,0.43767416989375796,798.2456140350877
28,10,2,275.0,95.0,1.5,0.5592737231954157,0.4407262768045843,798.2456140350877
29,10,2,285.0,95.0,1.5,0.5562726865242613,0.4437273134757387,798.2456140350877
30,10,2,295.0,95.0,1.5,0.5533187103588827,0.4466812896411173,798.2456140350877
31,10,2,305.0,95.0,1.5,0.5504039382862418,0.4495960617137582,798.2456140350877
32,10,2,315.0,95.0,1.5,0.547527149751951,0.45247285024804895,798.2456140350877
33,10,2,325.0,95.0,1.5,0.544679346587847,0.455320653412153,798.2456140350877
34,10,2,335.0,95.0,1.5,0.541857271363471,0.45814272863652905,798.2456140350877
35,10,2,345.0,95.0,1.5,0.5390512384989172,0.46094876150108277,798.2456140350877
36,10,2,355.0,95.0,1.5,0.5362526402470308,0.4637473597529692,798.2456140350877
37,10,2,365.0,95.0,1.5,0.5334516805610985,0.4665483194389015,798.2456140350877
38,10,2,375.0,95.0,1.5,0.5306312134267608,0.4693687865732392,798.2456140350877
39,10,2,385.0,95.0,1.5,0.5278035491630595,0.4721964508369405,798.2456140350877
40,10,2,395.0,95.0,1.5,0.5249537316259476,0.4750462683740524,798.2456140350877
41,10,2,405.0,95.0,1.5,0.5220687945355174,0.47793120546448264,798.2456140350877
42,10,2,415.0,95.0,1.5,0.5191234521788761,0.4808765478211239,798.2456140350877
43,10,2,425.0,95.0,1.5,0.5160839067253888,0.48391609327461116,798.2456140350877
44,10,2,435.0,95.0,1.5,0.5128979511023859,0.4871020488976141,798.2456140350877
45,10,2,445.0,95.0,1.5,0.5094765824931877,0.4905234175068123,798.2456140350877
46,10,2,455.0,95.0,1.5,0.5056516217159887,0.49434837828401135,798.2456140350877
47,10,2,465.0,95.0,1.5,0.5010622108484608,0.4989377891515392,798.2456140350877
48,10,2,475.0,95.0,1.5,0.49472414561398614,0.5052758543860139,798.2456140350877
49,10,2,485.0,95.0,1.5,0.48261370390787206,0.5173862960921279,798.2456140350877
50,10,2,495.0,95.0,1.5,0.4359088632773348,0.5640911367226652,798.2456140350877
1,1,3,5.0,5.0,2.5,0.7030547667812138,0.2969452332187862,763.1578947368421
2,1,3,15.0,5.0,2.5,0.6962649804582784,0.30373501954172155,763.1578947368421
3,1,3,25.0,5.0,2.5,0.6884078219777144,0.31159217802228556,763.1578947368421
4,1,3,35.0,5.0,2.5,0.6802782465652382,0.31972175343476184,763.1578947368421
5,1,3,45.0,5.0,2.5,0.6722974459605925,0.3277025540394075,763.1578947368421
6,1,3,55.0,5.0,2.5,0.6646505940107977,0.33534940598920226,763.1578947368421
7,1,3,65.0,5.0,2.5,0.6574119839662979,0.34258801603370215,763.1578947368421
8,1,3,75.0,5.0,2.5,0.6505872393957827,0.34941276060421733,763.1578947368421
9,1,3,85.0,5.0,2.5,0.6441612174908349,0.3558387825091651,763.1578947368421
10,1,3,95.0,5.0,2.5,0.6380942379043439,0.36190576209565606,763.1578947368421
11,1,3,105.0,5.0,2.5,0.63235439499536,0.36764560500464005,763.1578947368421
12,1,3,115.0,5.0,2.5,0.6269078409114769,0.3730921590885231,763.1578947368421
13,1,3,125.0,5.0,2.5,0.6217231339592997,0.3782768660407003,763.1578947368421
14,1,3,135.0,5.0,2.5,0.616772376101752,0.38322762389824805,763.1578947368421
15,1,3,145.0,5.0,2.5,0.6120318060258478,0.38796819397415216,763.1578947368421
16,1,3,155.0,5.0,2.5,0.6074810786221949,0.3925189213778051,763.1578947368421
17,1,3,165.0,5.0,2.5,0.6031017892291581,0.39689821077084186,763.1578947368421
18,1,3,175.0,5.0,2.5,0.5988781658729858,0.4011218341270142,763.1578947368421
19,1,3,185.0,5.0,2.5,0.5947958204060886,0.4052041795939114,763.1578947368421
20,1,3,195.0,5.0,2.5,0.5908430539810295,0.40915694601897046,763.1578947368421
21,1,3,205.0,5.0,2.5,0.5870064792066084,0.4129935207933916,763.1578947368421
22,1,3,215.0,5.0,2.5,0.5832715058351916,0.4167284941648084,763.1578947368421
23,1,3,225.0,5.0,2.5,0.5796319763281724,0.4203680236718276,763.1578947368421
24,1,3,235.0,5.0,2.5,0.5760833237974516,0.42391667620254836,763.1578947368421
25,1,3,245.0,5.0,2.5,0.5726184478912435,0.4273815521087565,763.1578947368421
26,1,3,255.0,5.0,2.5,0.5692289641769258,0.4307710358230742,763.1578947368421
27,1,3,265.0,5.0,2.5,0.5659106596870055,0.4340893403129945,763.1578947368421
28,1,3,275.0,5.0,2.5,0.5626600967645319,0.4373399032354681,763.1578947368421
29,1,3,285.0,5.0,2.5,0.5594690243108198,0.4405309756891802,763.1578947368421
30,1,3,295.0,5.0,2.5,0.5563350337310133,0.44366496626898666,763.1578947368421
31,1,3,305.0,5.0,2.5,0.553253700565351,0.44674629943464905,763.1578947368421
32,1,3,315.0,5.0,2.5,0.5502194618707004,0.44978053812929963,763.1578947368421
33,1,3,325.0,5.0,2.5,0.5472318446899732,0.4527681553100268,763.1578947368421
34,1,3,335.0,5.0,2.5,0.5442829000383759,0.45571709996162413,763.1578947368421
35,1,3,345.0,5.0,2.5,0.5413709091619076,0.45862909083809245,763.1578947368421
36,1,3,355.0,5.0,2.5,0.5384931576600721,0.4615068423399279,763.1578947368421
37,1,3,365.0,5.0,2.5,0.5356436117163894,0.4643563882836106,763.1578947368421
38,1,3,375.0,5.0,2.5,0.5328181273370226,0.4671818726629774,763.1578947368421
39,1,3,385.0,5.0,2.5,0.5300066331407033,0.4699933668592967,763.1578947368421
40,1,3,395.0,5.0,2.5,0.5272023911115233,0.47279760888847666,763.1578947368421
41,1,3,405.0,5.0,2.5,0.5243822882192495,0.4756177117807505,763.1578947368421
42,1,3,415.0,5.0,2.5,0.5215097976185563,0.4784902023814437,763.1578947368421
43,1,3,425.0,5.0,2.5,0.5185307665044349,0.48146923349556514,763.1578947368421
44,1,3,435.0,5.0,2.5,0.5154845257444652,0.48451547425553476,763.1578947368421
45,1,3,445.0,5.0,2.5,0.5123232021104484,0.48767679788955165,763.1578947368421
46,1,3,455.0,5.0,2.5,0.5089527454068031,0.49104725459319687,763.1578947368421
47,1,3,465.0,5.0,2.5,0.5051921407895225,0.49480785921047754,763.1578947368421
48,1,3,475.0,5.0,2.5,0.5005955946524895,0.4994044053475105,763.1578947368421
49,1,3,485.0,5.0,2.5,0.49361339284348515,0.5063866071565148,763.1578947368421
50,1,3,495.0,5.0,2.5,0.47265464759577075,0.5273453524042293,763.1578947368421
1,2,3,5.0,15.0,2.5,0.746040654772908,0.25395934522709196,763.1578947368421
2,2,3,15.0,15.0,2.5,0.7376199420771264,0.26238005792287356,763.1578947368421
3,2,3,25.0,15.0,2.5,0.7280871666405742,0.27191283335942584,763.1578947368421
4,2,3,35.0,15.0,2.5,0.7184166648209094,0.2815833351790906,763.1578947368421
5,2,3,45.0,15.0,2.5,0.7090894950365398,0.29091050496346016,763.1578947368421
6,2,3,55.0,15.0,2.5,0.700299176874617,0.29970082312538304,763.1578947368421
7,2,3,65.0,15.0,2.5,0.6920969979504095,0.30790300204959054,763.1578947368421
8,2,3,75.0,15.0,2.5,0.6844544055115446,0.3155455944884554,763.1578947368421
9,2,3,85.0,15.0,2.5,0.6773252302591951,0.3226747697408049,763.1578947368421
10,2,3,95.0,15.0,2.5,0.6706524657669357,0.3293475342330643,763.1578947368421
11,2,3,105.0,15.0,2.5,0.6643868898939671,0.3356131101060329,763.1578947368421
12,2,3,115.0,15.0,2.5,0.6584730377551068,0.3415269622448932,763.1578947368421
13,2,3,125.0,15.0,2.5,0.6528718226416019,0.34712817735839807,763.1578947368421
14,2,3,135.0,15.0,2.5,0.6475482625857021,0.3524517374142979,763.1578947368421
15,2,3,145.0,15.0,2.5,0.642470871400673,0.35752912859932695,763.1578947368421
16,2,3,155.0,15.0,2.5,0.6376132947838671,0.3623867052161329,763.1578947368421
17,2,3,165.0,15.0,2.5,0.632952809144538,0.367047190855462,763.1578947368421
18,2,3,175.0,15.0,2.5,0.6284700260147892,0.3715299739852108,763.1578947368421
19,2,3,185.0,15.0,2.5,0.6241473108523612,0.3758526891476388,763.1578947368421
20,2,3,195.0,15.0,2.5,0.6199689942087672,0.38003100579123283,763.1578947368421
21,2,3,205.0,15.0,2.5,0.6159231317690876,0.38407686823091236,763.1578947368421
22,2,3,215.0,15.0,2.5,0.611994333007001,0.388005666992999,763.1578947368421
23,2,3,225.0,15.0,2.5,0.6081692537493246,0.3918307462506754,763.1578947368421
24,2,3,235.0,15.0,2.5,0.6044405407575394,0.3955594592424606,763.1578947368421
25,2,3,245.0,15.0,2.5,0.6008021350392024,0.39919786496079757,763.1578947368421
26,2,3,255.0,15.0,2.5,0.5972477900056542,0.4027522099943458,763.1578947368421
27,2,3,265.0,15.0,2.5,0.5937670210691706,0.40623297893082944,763.1578947368421
28,2,3,275.0,15.0,2.5,0.5903539610141968,0.4096460389858032,763.1578947368421
29,2,3,285.0,15.0,2.5,0.5870064609493649,0.4129935390506351,763.1578947368421
30,2,3,295.0,15.0,2.5,0.583714309933088,0.41628569006691196,763.1578947368421
31,2,3,305.0,15.0,2.5,0.5804722600806873,0.4195277399193127,763.1578947368421
32,2,3,315.0,15.0,2.5,0.5772793004776648,0.42272069952233515,763.1578947368421
33,2,3,325.0,15.0,2.5,0.5741259693013111,0.4258740306986889,763.1578947368421
34,2,3,335.0,15.0,2.5,0.571008730070769,0.428991269929231,763.1578947368421
35,2,3,345.0,15.0,2.5,0.5679248947580194,0.43207510524198056,763.1578947368421
36,2,3,355.0,15.0,2.5,0.564865893797577,0.435134106202423,763.1578947368421
37,2,3,365.0,15.0,2.5,0.5618318494131723,0.4381681505868277,763.1578947368421
38,2,3,375.0,15.0,2.5,0.5588137691042367,0.44118623089576325,763.1578947368421
39,2,3,385.0,15.0,2.5,0.5558051413756839,0.44419485862431607,763.1578947368421
40,2,3,395.0,15.0,2.5,0.552801094144402,0.44719890585559796,763.1578947368421
41,2,3,405.0,15.0,2.5,0.5497847370967957,0.45021526290320435,763.1578947368421
42,2,3,415.0,15.0,2.5,0.546736659177983,0.453263340822017,763.1578947368421
43,2,3,425.0,15.0,2.5,0.5436017529007424,0.4563982470992576,763.1578947368421
44,2,3,435.0,15.0,2.5,0.5402340342489247,0.4597659657510753,763.1578947368421
45,2,3,445.0,15.0,2.5,0.5364449503286791,0.4635550496713209,763.1578947368421
46,2,3,455.0,15.0,2.5,0.5318989995435593,0.46810100045644065,763.1578947368421
47,2,3,465.0,15.0,2.5,0.5261015627827811,0.4738984372172189,763.1578947368421
48,2,3,475.0,15.0,2.5,0.5183613964706986,0.48163860352930143,763.1578947368421
49,2,3,485.0,15.0,2.5,0.5072978578287153,0.4927021421712847,763.1578947368421
50,2,3,495.0,15.0,2.5,0.48316350831475086,0.5168364916852491,763.1578947368421
1,3,3,5.0,25.0,2.5,0.7700532455286769,0.22994675447132307,763.1578947368421
2,3,3,15.0,25.0,2.5,0.760709560320868,0.239290439679132,763.1578947368421
3,3,3,25.0,25.0,2.5,0.7501249372436436,0.2498750627563564,763.1578947368421
4,3,3,35.0,25.0,2.5,0.7393972201989971,0.2606027798010029,763.1578947368421
5,3,3,45.0,25.0,2.5,0.7291130047814618,0.2708869952185382,763.1578947368421
6,3,3,55.0,25.0,2.5,0.7195052779974465,0.28049472200255354,763.1578947368421
7,3,3,65.0,25.0,2.5,0.7106080992047871,0.28939190079521293,763.1578947368421
8,3,3,75.0,25.0,2.5,0.702380701178952,0.297619298821048,763.1578947368421
9,3,3,85.0,25.0,2.5,0.6947591761727382,0.3052408238272618,763.1578947368421
10,3,3,95.0,25.0,2.5,0.6876570713070302,0.31234292869296976,763.1578947368421
11,3,3,105.0,25.0,2.5,0.6809950185844611,0.3190049814155389,763.1578947368421
12,3,3,115.0,25.0,2.5,0.6747227894772556,0.3252772105227444,763.1578947368421
13,3,3,125.0,25.0,2.5,0.6687851438903357,0.3312148561096643,763.1578947368421
14,3,3,135.0,25.0,2.5,0.6631444692141267,0.33685553078587327,763.1578947368421
15,3,3,145.0,25.0,2.5,0.6577732004494218,0.3422267995505782,763.1578947368421
16,3,3,155.0,25.0,2.5,0.6526400377827001,0.3473599622172999,763.1578947368421
17,3,3,165.0,25.0,2.5,0.6477182645277264,0.3522817354722736,763.1578947368421
18,3,3,175.0,25.0,2.5,0.6429854784817438,0.3570145215182562,763.1578947368421
19,3,3,185.0,25.0,2.5,0.6384222607546487,0.3615777392453513,763.1578947368421
20,3,3,195.0,25.0,2.5,0.63401166854953,0.36598833145047005,763.1578947368421
21,3,3,205.0,25.0,2.5,0.629738476665977,0.37026152333402296,763.1578947368421
22,3,3,215.0,25.0,2.5,0.6255901423722398,0.37440985762776025,763.1578947368421
23,3,3,225.0,25.0,2.5,0.6215544360989506,0.37844556390104944,763.1578947368421
24,3,3,235.0,25.0,2.5,0.6176172751087425,0.38238272489125746,763.1578947368421
25,3,3,245.0,25.0,2.5,0.6137692011545992,0.3862307988454008,763.1578947368421
26,3,3,255.0,25.0,2.5,0.6100040801704817,0.3899959198295183,763.1578947368421
27,3,3,265.0,25.0,2.5,0.6063182708209702,0.39368172917902977,763.1578947368421
28,3,3,275.0,25.0,2.5,0.6027019827720496,0.39729801722795044,763.1578947368421
29,3,3,285.0,25.0,2.5,0.5991478549876172,0.40085214501238275,763.1578947368421
30,3,3,295.0,25.0,2.5,0.595650924513643,0.404349075486357,763.1578947368421
31,3,3,305.0,25.0,2.5,0.5922084141586259,0.4077915858413741,763.1578947368421
32,3,3,315.0,25.0,2.5,0.5888107565850268,0.4111892434149732,763.1578947368421
33,3,3,325.0,25.0,2.5,0.5854537134984175,0.41454628650158254,763.1578947368421
34,3,3,335.0,25.0,2.5,0.5821360473019501,0.4178639526980499,763.1578947368421
35,3,3,345.0,25.0,2.5,0.5788487010707641,0.42115129892923586,763.1578947368421
36,3,3,355.0,25.0,2.5,0.5755882454059486,0.42441175459405145,763.1578947368421
37,3,3,365.0,25.0,2.5,0.572353765525009,0.42764623447499095,763.1578947368421
38,3,3,375.0,25.0,2.5,0.569136290417838,0.430863709582162,763.1578947368421
39,3,3,385.0,25.0,2.5,0.5659328622602082,0.4340671377397918,763.1578947368421
40,3,3,395.0,25.0,2.5,0.5627403895761417,0.4372596104238583,763.1578947368421
41,3,3,405.0,25.0,2.5,0.5595482513185941,0.4404517486814059,763.1578947368421
42,3,3,415.0,25.0,2.5,0.5563478977301434,0.44365210226985663,763.1578947368421
43,3,3,425.0,25.0,2.5,0.5531190472694534,0.4468809527305466,763.1578947368421
44,3,3,435.0,25.0,2.5,0.5497346251318679,0.4502653748681321,763.1578947368421
45,3,3,445.0,25.0,2.5,0.5461085753236804,0.4538914246763196,763.1578947368421
46,3,3,455.0,25.0,2.5,0.541982167805654,0.458017832194346,763.1578947368421
47,3,3,465.0,25.0,2.5,0.5368314528650474,0.4631685471349526,763.1578947368421
48,3,3,475.0,25.0,2.5,0.5296771958540991,0.4703228041459009,763.1578947368421
49,3,3,485.0,25.0,2.5,0.5187049548736068,0.4812950451263932,763.1578947368421
50,3,3,495.0,25.0,2.5,0.49545327643002657,0.5045467235699734,763.1578947368421
1,4,3,5.0,35.0,2.5,0.7855957483937908,0.21440425160620924,763.1578947368421
2,4,3,15.0,35.0,2.5,0.7762242374724868,0.2237757625275132,763.1578947368421
3,4,3,25.0,35.0,2.5,0.7651000291782448,0.23489997082175518,763.1578947368421
4,4,3,35.0,35.0,2.5,0.7536128795241532,0.24638712047584677,763.1578947368421
5,4,3,45.0,35.0,2.5,0.7425754445451338,0.2574245554548662,763.1578947368421
6,4,3,55.0,35.0,2.5,0.7324202013733196,0.26757979862668035,763.1578947368421
7,4,3,65.0,35.0,2.5,0.7230929572699719,0.2769070427300281,763.1578947368421
8,4,3,75.0,35.0,2.5,0.7144953566483982,0.28550464335160175,763.1578947368421
9,4,3,85.0,35.0,2.5,0.7065149983731123,0.29348500162688773,763.1578947368421
10,4,3,95.0,35.0,2.5,0.6990872020134411,0.3009127979865589,763.1578947368421
11,4,3,105.0,35.0,2.5,0.6921328065981779,0.3078671934018221,763.1578947368421
12,4,3,115.0,35.0,2.5,0.6855941192160041,0.3144058807839959,763.1578947368421
13,4,3,125.0,35.0,2.5,0.6794175449030623,0.3205824550969377,763.1578947368421
14,4,3,135.0,35.0,2.5,0.6735476478048527,0.32645235219514734,763.1578947368421
15,4,3,145.0,35.0,2.5,0.6679467308768319,0.3320532691231681,763.1578947368421
16,4,3,155.0,35.0,2.5,0.6625863244919911,0.33741367550800894,763.1578947368421
17,4,3,165.0,35.0,2.5,0.6574413269277527,0.3425586730722473,763.1578947368421
18,4,3,175.0,35.0,2.5,0.6524897118022825,0.34751028819771745,763.1578947368421
19,4,3,185.0,35.0,2.5,0.6477127436906837,0.35228725630931634,763.1578947368421
20,4,3,195.0,35.0,2.5,0.643094019774186,0.356905980225814,763.1578947368421
21,4,3,205.0,35.0,2.5,0.6386188179093248,0.36138118209067516,763.1578947368421
22,4,3,215.0,35.0,2.5,0.6342747585462685,0.36572524145373153,763.1578947368421
23,4,3,225.0,35.0,2.5,0.630049621622435,0.36995037837756495,763.1578947368421
24,4,3,235.0,35.0,2.5,0.625933754637665,0.374066245362335,763.1578947368421
25,4,3,245.0,35.0,2.5,0.6219137995345212,0.3780862004654788,763.1578947368421
26,4,3,255.0,35.0,2.5,0.6179796826501391,0.38202031734986086,763.1578947368421
27,4,3,265.0,35.0,2.5,0.6141255001010282,0.3858744998989718,763.1578947368421
28,4,3,275.0,35.0,2.5,0.6103453828691092,0.3896546171308908,763.1578947368421
29,4,3,285.0,35.0,2.5,0.606635365828115,0.39336463417188505,763.1578947368421
30,4,3,295.0,35.0,2.5,0.6029860364360141,0.3970139635639859,763.1578947368421
31,4,3,305.0,35.0,2.5,0.5993911299124678,0.4006088700875322,763.1578947368421
32,4,3,315.0,35.0,2.5,0.5958472209418203,0.4041527790581797,763.1578947368421
33,4,3,325.0,35.0,2.5,0.59235049850096,0.40764950149904,763.1578947368421
34,4,3,335.0,35.0,2.5,0.5888924936100146,0.4111075063899854,763.1578947368421
35,4,3,345.0,35.0,2.5,0.5854697617296912,0.41453023827030877,763.1578947368421
36,4,3,355.0,35.0,2.5,0.5820813040898591,0.41791869591014086,763.1578947368421
37,4,3,365.0,35.0,2.5,0.5787191142940288,0.4212808857059712,763.1578947368421
38,4,3,375.0,35.0,2.5,0.5753800356378231,0.42461996436217686,763.1578947368421
39,4,3,385.0,35.0,2.5,0.5720640501029938,0.42793594989700623,763.1578947368421
40,4,3,395.0,35.0,2.5,0.5687641293264992,0.4312358706735008,763.1578947368421
41,4,3,405.0,35.0,2.5,0.5654779654869195,0.43452203451308047,763.1578947368421
42,4,3,415.0,35.0,2.5,0.5622050022635342,0.4377949977364658,763.1578947368421
43,4,3,425.0,35.0,2.5,0.5589383741378876,0.4410616258621124,763.1578947368421
44,4,3,435.0,35.0,2.5,0.5556743570825367,0.44432564291746335,763.1578947368421
45,4,3,445.0,35.0,2.5,0.5522919422105023,0.44770805778949774,763.1578947368421
46,4,3,455.0,35.0,2.5,0.5486108124721162,0.4513891875278838,763.1578947368421
47,4,3,465.0,35.0,2.5,0.5443476354424631,0.4556523645575369,763.1578947368421
48,4,3,475.0,35.0,2.5,0.5386110377793873,0.46138896222061265,763.1578947368421
49,4,3,485.0,35.0,2.5,0.5294098308881916,0.4705901691118084,763.1578947368421
50,4,3,495.0,35.0,2.5,0.5098618501818942,0.4901381498181058,763.1578947368421
1,5,3,5.0,45.0,2.5,0.7958585122424038,0.20414148775759622,763.1578947368421
2,5,3,15.0,45.0,2.5,0.7880369481671934,0.21196305183280661,763.1578947368421
3,5,3,25.0,45.0,2.5,0.7770785224691042,0.22292147753089575,763.1578947368421
4,5,3,35.0,45.0,2.5,0.7653200673352953,0.23467993266470466,763.1578947368421
5,5,3,45.0,45.0,2.5,0.7540002550109941,0.2459997449890059,763.1578947368421
6,5,3,55.0,45.0,2.5,0.7433740946516109,0.25662590534838914,763.1578947368421
7,5,3,65.0,45.0,2.5,0.7336006538284151,0.2663993461715849,763.1578947368421
8,5,3,75.0,45.0,2.5,0.7246259240354698,0.27537407596453023,763.1578947368421
9,5,3,85.0,45.0,2.5,0.716351968693579,0.283648031306421,763.1578947368421
10,5,3,95.0,45.0,2.5,0.7086813305314663,0.2913186694685337,763.1578947368421
11,5,3,105.0,45.0,2.5,0.7015147424333554,0.29848525756664457,763.1578947368421
12,5,3,115.0,45.0,2.5,0.6947916242412415,0.3052083757587585,763.1578947368421
13,5,3,125.0,45.0,2.5,0.6884441194352994,0.3115558805647006,763.1578947368421
14,5,3,135.0,45.0,2.5,0.6824198024124835,0.31758019758751654,763.1578947368421
15,5,3,145.0,45.0,2.5,0.6766837184831407,0.3233162815168593,763.1578947368421
16,5,3,155.0,45.0,2.5,0.6712005392656992,0.3287994607343008,763.1578947368421
17,5,3,165.0,45.0,2.5,0.6659412042550974,0.3340587957449026,763.1578947368421
18,5,3,175.0,45.0,2.5,0.6608818859974548,0.3391181140025452,763.1578947368421
19,5,3,185.0,45.0,2.5,0.6560018683921726,0.34399813160782744,763.1578947368421
20,5,3,195.0,45.0,2.5,0.6512835891008008,0.34871641089919925,763.1578947368421
21,5,3,205.0,45.0,2.5,0.6467106236197447,0.35328937638025526,763.1578947368421
22,5,3,215.0,45.0,2.5,0.6422680822978444,0.3577319177021556,763.1578947368421
23,5,3,225.0,45.0,2.5,0.6379428524258673,0.36205714757413265,763.1578947368421
24,5,3,235.0,45.0,2.5,0.6337234890778016,0.3662765109221984,763.1578947368421
25,5,3,245.0,45.0,2.5,0.6295991429364125,0.3704008570635875,763.1578947368421
26,5,3,255.0,45.0,2.5,0.625560510352332,0.37443948964766804,763.1578947368421
27,5,3,265.0,45.0,2.5,0.6216006003573747,0.37839939964262526,763.1578947368421
28,5,3,275.0,45.0,2.5,0.6177123719414469,0.3822876280585531,763.1578947368421
29,5,3,285.0,45.0,2.5,0.6138895441148808,0.38611045588511916,763.1578947368421
30,5,3,295.0,45.0,2.5,0.6101256130542623,0.3898743869457377,763.1578947368421
31,5,3,305.0,45.0,2.5,0.6064180535023311,0.39358194649766887,763.1578947368421
32,5,3,315.0,45.0,2.5,0.6027582578080266,0.3972417421919734,763.1578947368421
33,5,3,325.0,45.0,2.5,0.5991388476935301,0.4008611523064699,763.1578947368421
34,5,3,335.0,45.0,2.5,0.5955539975098814,0.40444600249011864,763.1578947368421
35,5,3,345.0,45.0,2.5,0.5920002572139307,0.4079997427860693,763.1578947368421
36,5,3,355.0,45.0,2.5,0.5884674726630279,0.4115325273369721,763.1578947368421
37,5,3,365.0,45.0,2.5,0.5849488768926274,0.4150511231073726,763.1578947368421
38,5,3,375.0,45.0,2.5,0.5814414436708781,0.41855855632912187,763.1578947368421
39,5,3,385.0,45.0,2.5,0.5779342263953292,0.4220657736046708,763.1578947368421
40,5,3,395.0,45.0,2.5,0.5744183479337902,0.4255816520662098,763.1578947368421
41,5,3,405.0,45.0,2.5,0.5708870073162317,0.42911299268376835,763.1578947368421
42,5,3,415.0,45.0,2.5,0.5673321995577493,0.4326678004422507,763.1578947368421
43,5,3,425.0,45.0,2.5,0.5637425870586957,0.43625741294130427,763.1578947368421
44,5,3,435.0,45.0,2.5,0.5601102253078768,0.4398897746921232,763.1578947368421
45,5,3,445.0,45.0,2.5,0.5564259380910939,0.44357406190890614,763.1578947368421
46,5,3,455.0,45.0,2.5,0.5526523498702546,0.4473476501297454,763.1578947368421
47,5,3,465.0,45.0,2.5,0.5484756245310558,0.4515243754689442,763.1578947368421
48,5,3,475.0,45.0,2.5,0.5430478874088747,0.45695211259112534,763.1578947368421
49,5,3,485.0,45.0,2.5,0.533762913264803,0.46623708673519704,763.1578947368421
50,5,3,495.0,45.0,2.5,0.5117318255983168,0.48826817440168324,763.1578947368421
1,6,3,5.0,55.0,2.5,0.7862576587413668,0.21374234125863323,763.1578947368421
2,6,3,15.0,55.0,2.5,0.7774151712456983,0.22258482875430174,763.1578947368421
3,6,3,25.0,55.0,2.5,0.7668729906622387,0.23312700933776132,763.1578947368421
4,6,3,35.0,55.0,2.5,0.7559087491211248,0.24409125087887518,763.1578947368421
5,6,3,45.0,55.0,2.5,0.7452915523066834,0.2547084476933166,763.1578947368421
6,6,3,55.0,55.0,2.5,0.7353286290580877,0.2646713709419123,763.1578947368421
7,6,3,65.0,55.0,2.5,0.726088297523428,0.27391170247657204,763.1578947368421
8,6,3,75.0,55.0,2.5,0.7175322821086163,0.2824677178913837,763.1578947368421
9,6,3,85.0,55.0,2.5,0.7095816965926166,0.2904183034073834,763.1578947368421
10,6,3,95.0,55.0,2.5,0.7021640261275184,0.2978359738724816,763.1578947368421
11,6,3,105.0,55.0,2.5,0.6952069150966507,0.30479308490334933,763.1578947368421
12,6,3,115.0,55.0,2.5,0.6886547518979012,0.31134524810209885,763.1578947368421
13,6,3,125.0,55.0,2.5,0.6824465088736356,0.31755349112636444,763.1578947368421
14,6,3,135.0,55.0,2.5,0.6765473829773649,0.32345261702263506,763.1578947368421
15,6,3,145.0,55.0,2.5,0.6709204988681071,0.3290795011318929,763.1578947368421
16,6,3,155.0,55.0,2.5,0.6655342721484798,0.3344657278515202,763.1578947368421
17,6,3,165.0,55.0,2.5,0.6603629606213566,0.3396370393786434,763.1578947368421
18,6,3,175.0,55.0,2.5,0.6553845871028411,0.3446154128971589,763.1578947368421
19,6,3,185.0,55.0,2.5,0.6505804101003442,0.3494195898996558,763.1578947368421
20,6,3,195.0,55.0,2.5,0.6459340224000458,0.3540659775999542,763.1578947368421
21,6,3,205.0,55.0,2.5,0.6414300590322273,0.3585699409677727,763.1578947368421
22,6,3,215.0,55.0,2.5,0.6370551687136049,0.3629448312863951,763.1578947368421
23,6,3,225.0,55.0,2.5,0.6327968592197682,0.36720314078023175,763.1578947368421
24,6,3,235.0,55.0,2.5,0.6286434899060904,0.3713565100939096,763.1578947368421
25,6,3,245.0,55.0,2.5,0.624583977189537,0.37541602281046305,763.1578947368421
26,6,3,255.0,55.0,2.5,0.6206088895503328,0.3793911104496672,763.1578947368421
27,6,3,265.0,55.0,2.5,0.6167125680031499,0.3832874319968501,763.1578947368421
28,6,3,275.0,55.0,2.5,0.612886775269508,0.38711322473049203,763.1578947368421
29,6,3,285.0,55.0,2.5,0.6091248125507284,0.39087518744927163,763.1578947368421
30,6,3,295.0,55.0,2.5,0.6054209115334683,0.39457908846653167,763.1578947368421
31,6,3,305.0,55.0,2.5,0.6017714132765444,0.3982285867234556,763.1578947368421
32,6,3,315.0,55.0,2.5,0.5981667521999973,0.40183324780000274,763.1578947368421
33,6,3,325.0,55.0,2.5,0.594601159620603,0.405398840379397,763.1578947368421
34,6,3,335.0,55.0,2.5,0.5910728983553758,0.4089271016446242,763.1578947368421
35,6,3,345.0,55.0,2.5,0.5875758672833213,0.41242413271667866,763.1578947368421
36,6,3,355.0,55.0,2.5,0.5840973468545333,0.4159026531454667,763.1578947368421
37,6,3,365.0,55.0,2.5,0.5806307179613723,0.41936928203862767,763.1578947368421
38,6,3,375.0,55.0,2.5,0.5771697317551137,0.42283026824488634,763.1578947368421
39,6,3,385.0,55.0,2.5,0.5737010090286374,0.4262989909713626,763.1578947368421
40,6,3,395.0,55.0,2.5,0.570213452380425,0.429786547619575,763.1578947368421
41,6,3,405.0,55.0,2.5,0.5666952874592522,0.43330471254074776,763.1578947368421
42,6,3,415.0,55.0,2.5,0.5631247494678817,0.4368752505321183,763.1578947368421
43,6,3,425.0,55.0,2.5,0.5594747390812629,0.4405252609187371,763.1578947368421
44,6,3,435.0,55.0,2.5,0.5557028671677247,0.44429713283227534,763.1578947368421
45,6,3,445.0,55.0,2.5,0.551726681563545,0.448273318436455,763.1578947368421
46,6,3,455.0,55.0,2.5,0.5473622361028393,0.4526377638971607,763.1578947368421
47,6,3,465.0,55.0,2.5,0.542155605464579,0.45784439453542103,763.1578947368421
48,6,3,475.0,55.0,2.5,0.5349496647118792,0.4650503352881208,763.1578947368421
49,6,3,485.0,55.0,2.5,0.5225548942011146,0.47744510579888544,763.1578947368421
50,6,3,495.0,55.0,2.5,0.4900910366721035,0.5099089633278965,763.1578947368421
1,7,3,5.0,65.0,2.5,0.7723921205740604,0.22760787942593963,763.1578947368421
2,7,3,15.0,65.0,2.5,0.7637205379583627,0.2362794620416373,763.1578947368421
3,7,3,25.0,65.0,2.5,0.7537709355952091,0.24622906440479086,763.1578947368421
4,7,3,35.0,65.0,2.5,0.7435463158176943,0.25645368418230574,763.1578947368421
5,7,3,45.0,65.0,2.5,0.7336241696026607,0.26637583039733925,763.1578947368421
6,7,3,55.0,65.0,2.5,0.7242590925573851,0.2757409074426149,763.1578947368421
7,7,3,65.0,65.0,2.5,0.7155174569529203,0.28448254304707965,763.1578947368421
8,7,3,75.0,65.0,2.5,0.7073851366541755,0.29261486334582454,763.1578947368421
9,7,3,85.0,65.0,2.5,0.6997980351481291,0.3002019648518709,763.1578947368421
10,7,3,95.0,65.0,2.5,0.6927017377254446,0.30729826227455537,763.1578947368421
11,7,3,105.0,65.0,2.5,0.686029881182048,0.313970118817952,763.1578947368421
12,7,3,115.0,65.0,2.5,0.6797385929939549,0.3202614070060451,763.1578947368421
13,7,3,125.0,65.0,2.5,0.6737750151177548,0.32622498488224516,763.1578947368421
14,7,3,135.0,65.0,2.5,0.6681004792325312,0.33189952076746876,763.1578947368421
15,7,3,145.0,65.0,2.5,0.662685000876156,0.337314999123844,763.1578947368421
16,7,3,155.0,65.0,2.5,0.6574998948503616,0.34250010514963836,763.1578947368421
17,7,3,165.0,65.0,2.5,0.6525205768739969,0.3474794231260031,763.1578947368421
18,7,3,175.0,65.0,2.5,0.6477261523392377,0.3522738476607623,763.1578947368421
19,7,3,185.0,65.0,2.5,0.6430985701814285,0.35690142981857154,763.1578947368421
20,7,3,195.0,65.0,2.5,0.6386214242806514,0.3613785757193486,763.1578947368421
21,7,3,205.0,65.0,2.5,0.6342802389583411,0.36571976104165893,763.1578947368421
22,7,3,215.0,65.0,2.5,0.6300618062805661,0.3699381937194339,763.1578947368421
23,7,3,225.0,65.0,2.5,0.6259559520661754,0.3740440479338246,763.1578947368421
24,7,3,235.0,65.0,2.5,0.6219490042929233,0.3780509957070767,763.1578947368421
25,7,3,245.0,65.0,2.5,0.6180296422608952,0.3819703577391048,763.1578947368421
26,7,3,255.0,65.0,2.5,0.6141907981672264,0.38580920183277356,763.1578947368421
27,7,3,265.0,65.0,2.5,0.610426868020506,0.38957313197949395,763.1578947368421
28,7,3,275.0,65.0,2.5,0.6067333785211111,0.3932666214788889,763.1578947368421
29,7,3,285.0,65.0,2.5,0.6031001381763471,0.3968998618236529,763.1578947368421
30,7,3,295.0,65.0,2.5,0.5995202991881344,0.40047970081186557,763.1578947368421
31,7,3,305.0,65.0,2.5,0.5959900878072876,0.40400991219271243,763.1578947368421
32,7,3,315.0,65.0,2.5,0.592503660456862,0.407496339543138,763.1578947368421
33,7,3,325.0,65.0,2.5,0.5890515460210971,0.4109484539789029,763.1578947368421
34,7,3,335.0,65.0,2.5,0.5856286378716914,0.4143713621283086,763.1578947368421
35,7,3,345.0,65.0,2.5,0.58223115280885,0.41776884719115004,763.1578947368421
36,7,3,355.0,65.0,2.5,0.5788520483034335,0.4211479516965665,763.1578947368421
37,7,3,365.0,65.0,2.5,0.5754813728547498,0.42451862714525024,763.1578947368421
38,7,3,375.0,65.0,2.5,0.5721079192706098,0.4278920807293902,763.1578947368421
39,7,3,385.0,65.0,2.5,0.5687151590996185,0.43128484090038155,763.1578947368421
40,7,3,395.0,65.0,2.5,0.5652869219138691,0.4347130780861309,763.1578947368421
41,7,3,405.0,65.0,2.5,0.5618028715302322,0.43819712846976777,763.1578947368421
42,7,3,415.0,65.0,2.5,0.5582273828936043,0.4417726171063957,763.1578947368421
43,7,3,425.0,65.0,2.5,0.554508788150647,0.44549121184935303,763.1578947368421
44,7,3,435.0,65.0,2.5,0.5505615498113888,0.44943845018861117,763.1578947368421
45,7,3,445.0,65.0,2.5,0.5462264296703608,0.45377357032963916,763.1578947368421
46,7,3,455.0,65.0,2.5,0.5411883436852206,0.4588116563147794,763.1578947368421
47,7,3,465.0,65.0,2.5,0.5347944454567047,0.46520555454329526,763.1578947368421
48,7,3,475.0,65.0,2.5,0.5256363488077394,0.47436365119226065,763.1578947368421
49,7,3,485.0,65.0,2.5,0.5099284023119292,0.49007159768807085,763.1578947368421
50,7,3,495.0,65.0,2.5,0.46735188822016543,0.5326481117798345,763.1578947368421
1,8,3,5.0,75.0,2.5,0.7528198602831909,0.24718013971680908,763.1578947368421
2,8,3,15.0,75.0,2.5,0.7450047245765677,0.25499527542343225,763.1578947368421
3,8,3,25.0,75.0,2.5,0.7360071835550732,0.2639928164449268,763.1578947368421
4,8,3,35.0,75.0,2.5,0.7267316298818091,0.27326837011819094,763.1578947368421
5,8,3,45.0,75.0,2.5,0.7176703488667818,0.2823296511332182,763.1578947368421
6,8,3,55.0,75.0,2.5,0.7090499259863552,0.2909500740136448,763.1578947368421
7,8,3,65.0,75.0,2.5,0.7009445912284819,0.29905540877151815,763.1578947368421
8,8,3,75.0,75.0,2.5,0.6933602488985618,0.30663975110143815,763.1578947368421
9,8,3,85.0,75.0,2.5,0.6862491053426475,0.3137508946573525,763.1578947368421
10,8,3,95.0,75.0,2.5,0.679577511932275,0.320422488067725,763.1578947368421
11,8,3,105.0,75.0,2.5,0.6732896610268677,0.3267103389731323,763.1578947368421
12,8,3,115.0,75.0,2.5,0.6673423475094522,0.3326576524905478,763.1578947368421
13,8,3,125.0,75.0,2.5,0.661699943719693,0.338300056280307,763.1578947368421
14,8,3,135.0,75.0,2.5,0.6563275241500577,0.3436724758499423,763.1578947368421
15,8,3,145.0,75.0,2.5,0.6511950811144406,0.3488049188855594,763.1578947368421
16,8,3,155.0,75.0,2.5,0.6462777559101351,0.35372224408986486,763.1578947368421
17,8,3,165.0,75.0,2.5,0.6415536371560595,0.3584463628439405,763.1578947368421
18,8,3,175.0,75.0,2.5,0.6370037076598699,0.3629962923401301,763.1578947368421
19,8,3,185.0,75.0,2.5,0.6326108220529192,0.3673891779470808,763.1578947368421
20,8,3,195.0,75.0,2.5,0.62835959064708,0.37164040935292,763.1578947368421
21,8,3,205.0,75.0,2.5,0.6242357476950837,0.3757642523049163,763.1578947368421
22,8,3,215.0,75.0,2.5,0.6202264041735219,0.37977359582647807,763.1578947368421
23,8,3,225.0,75.0,2.5,0.6163208932572326,0.3836791067427674,763.1578947368421
24,8,3,235.0,75.0,2.5,0.6125075990857868,0.3874924009142132,763.1578947368421
25,8,3,245.0,75.0,2.5,0.6087795603439335,0.39122043965606645,763.1578947368421
26,8,3,255.0,75.0,2.5,0.6051288240965049,0.3948711759034951,763.1578947368421
27,8,3,265.0,75.0,2.5,0.6015519230046431,0.3984480769953569,763.1578947368421
28,8,3,275.0,75.0,2.5,0.5980384053433915,0.4019615946566085,763.1578947368421
29,8,3,285.0,75.0,2.5,0.5945806432364512,0.4054193567635488,763.1578947368421
30,8,3,295.0,75.0,2.5,0.5911751703808829,0.40882482961911715,763.1578947368421
31,8,3,305.0,75.0,2.5,0.5878153941286416,0.4121846058713584,763.1578947368421
32,8,3,315.0,75.0,2.5,0.5844919378105937,0.4155080621894063,763.1578947368421
33,8,3,325.0,75.0,2.5,0.581201250086474,0.41879874991352595,763.1578947368421
34,8,3,335.0,75.0,2.5,0.5779365400989237,0.4220634599010763,763.1578947368421
35,8,3,345.0,75.0,2.5,0.5746874424721582,0.4253125575278418,763.1578947368421
36,8,3,355.0,75.0,2.5,0.5714494370071772,0.4285505629928228,763.1578947368421
37,8,3,365.0,75.0,2.5,0.5682163103767399,0.4317836896232601,763.1578947368421
38,8,3,375.0,75.0,2.5,0.5649721049241456,0.4350278950758544,763.1578947368421
39,8,3,385.0,75.0,2.5,0.5616985293582403,0.4383014706417597,763.1578947368421
40,8,3,395.0,75.0,2.5,0.5583691996717175,0.4416308003282825,763.1578947368421
41,8,3,405.0,75.0,2.5,0.5549505784456168,0.4450494215543832,763.1578947368421
42,8,3,415.0,75.0,2.5,0.551395915397648,0.448604084602352,763.1578947368421
43,8,3,425.0,75.0,2.5,0.5476226566284683,0.4523773433715317,763.1578947368421
44,8,3,435.0,75.0,2.5,0.5434973447718254,0.45650265522817457,763.1578947368421
45,8,3,445.0,75.0,2.5,0.5387897392290207,0.46121026077097926,763.1578947368421
46,8,3,455.0,75.0,2.5,0.5330903764187729,0.4669096235812271,763.1578947368421
47,8,3,465.0,75.0,2.5,0.5256611088658748,0.4743388911341252,763.1578947368421
48,8,3,475.0,75.0,2.5,0.5150578825939575,0.48494211740604254,763.1578947368421
49,8,3,485.0,75.0,2.5,0.4970658618561762,0.5029341381438238,763.1578947368421
50,8,3,495.0,75.0,2.5,0.4464839476946813,0.5535160523053186,763.1578947368421
1,9,3,5.0,85.0,2.5,0.7247580710297693,0.2752419289702307,763.1578947368421
2,9,3,15.0,85.0,2.5,0.7182105704824084,0.28178942951759156,763.1578947368421
3,9,3,25.0,85.0,2.5,0.7104961186227702,0.2895038813772298,763.1578947368421
4,9,3,35.0,85.0,2.5,0.7024193724077528,0.29758062759224724,763.1578947368421
5,9,3,45.0,85.0,2.5,0.6944188847463418,0.30558111525365816,763.1578947368421
6,9,3,55.0,85.0,2.5,0.6867175555814237,0.31328244441857633,763.1578947368421
7,9,3,65.0,85.0,2.5,0.67940723331499,0.32059276668501,763.1578947368421
8,9,3,75.0,85.0,2.5,0.6725036355326551,0.32749636446734487,763.1578947368421
9,9,3,85.0,85.0,2.5,0.6659936357574263,0.3340063642425737,763.1578947368421
10,9,3,95.0,85.0,2.5,0.659851817891361,0.34014818210863895,763.1578947368421
11,9,3,105.0,85.0,2.5,0.6540405174502831,0.34595948254971687,763.1578947368421
12,9,3,115.0,85.0,2.5,0.6485262132232441,0.3514737867767559,763.1578947368421
13,9,3,125.0,85.0,2.5,0.6432806025773131,0.3567193974226869,763.1578947368421
14,9,3,135.0,85.0,2.5,0.6382760450255858,0.36172395497441423,763.1578947368421
15,9,3,145.0,85.0,2.5,0.633488164274055,0.36651183572594503,763.1578947368421
16,9,3,155.0,85.0,2.5,0.6288957597594522,0.3711042402405478,763.1578947368421
17,9,3,165.0,85.0,2.5,0.6244799094532727,0.3755200905467273,763.1578947368421
18,9,3,175.0,85.0,2.5,0.6202242066209599,0.3797757933790401,763.1578947368421
19,9,3,185.0,85.0,2.5,0.6161145161213657,0.3838854838786343,763.1578947368421
20,9,3,195.0,85.0,2.5,0.6121354034075013,0.3878645965924987,763.1578947368421
21,9,3,205.0,85.0,2.5,0.6082723500207549,0.39172764997924514,763.1578947368421
22,9,3,215.0,85.0,2.5,0.6045136016755698,0.3954863983244302,763.1578947368421
23,9,3,225.0,85.0,2.5,0.600854295774292,0.39914570422570805,763.1578947368421
24,9,3,235.0,85.0,2.5,0.597286998646827,0.402713001353173,763.1578947368421
25,9,3,245.0,85.0,2.5,0.5938009380109153,0.40619906198908473,763.1578947368421
26,9,3,255.0,85.0,2.5,0.5903893114560667,0.40961068854393334,763.1578947368421
27,9,3,265.0,85.0,2.5,0.5870490296322031,0.41295097036779693,763.1578947368421
28,9,3,275.0,85.0,2.5,0.5837694203442444,0.4162305796557556,763.1578947368421
29,9,3,285.0,85.0,2.5,0.5805443599472978,0.4194556400527022,763.1578947368421
30,9,3,295.0,85.0,2.5,0.5773715859315035,0.4226284140684965,763.1578947368421
31,9,3,305.0,85.0,2.5,0.5742397782443452,0.42576022175565476,763.1578947368421
32,9,3,315.0,85.0,2.5,0.5711448228874784,0.42885517711252163,763.1578947368421
33,9,3,325.0,85.0,2.5,0.5680814354265045,0.43191856457349553,763.1578947368421
34,9,3,335.0,85.0,2.5,0.5650383967839337,0.43496160321606625,763.1578947368421
35,9,3,345.0,85.0,2.5,0.562012627811834,0.43798737218816597,763.1578947368421
36,9,3,355.0,85.0,2.5,0.5589906019270063,0.44100939807299366,763.1578947368421
37,9,3,365.0,85.0,2.5,0.5559624602526829,0.4440375397473171,763.1578947368421
38,9,3,375.0,85.0,2.5,0.5529266234557524,0.4470733765442476,763.1578947368421
39,9,3,385.0,85.0,2.5,0.5498445514008684,0.4501554485991316,763.1578947368421
40,9,3,395.0,85.0,2.5,0.5466840313416613,0.4533159686583387,763.1578947368421
41,9,3,405.0,85.0,2.5,0.5433965090359999,0.4566034909640001,763.1578947368421
42,9,3,415.0,85.0,2.5,0.539909174090343,0.460090825909657,763.1578947368421
43,9,3,425.0,85.0,2.5,0.5361124814762559,0.4638875185237441,763.1578947368421
44,9,3,435.0,85.0,2.5,0.5318381324790754,0.4681618675209246,763.1578947368421
45,9,3,445.0,85.0,2.5,0.5268329746584745,0.47316702534152555,763.1578947368421
46,9,3,455.0,85.0,2.5,0.5207091514825288,0.47929084851747117,763.1578947368421
47,9,3,465.0,85.0,2.5,0.5128533287134845,0.48714667128651545,763.1578947368421
48,9,3,475.0,85.0,2.5,0.5020045440838486,0.49799545591615135,763.1578947368421
49,9,3,485.0,85.0,2.5,0.4835921587071755,0.5164078412928246,763.1578947368421
50,9,3,495.0,85.0,2.5,0.42742914116357256,0.5725708588364274,763.1578947368421
1,10,3,5.0,95.0,2.5,0.6764898502888399,0.3235101497111601,763.1578947368421
2,10,3,15.0,95.0,2.5,0.6714667337776944,0.3285332662223056,763.1578947368421
3,10,3,25.0,95.0,2.5,0.6653471041827591,0.3346528958172409,763.1578947368421
4,10,3,35.0,95.0,2.5,0.6587615494886634,0.3412384505113366,763.1578947368421
5,10,3,45.0,95.0,2.5,0.6520898039789276,0.3479101960210724,763.1578947368421
6,10,3,55.0,95.0,2.5,0.6455464549572912,0.35445354504270876,763.1578947368421
7,10,3,65.0,95.0,2.5,0.6392367105755008,0.3607632894244992,763.1578947368421
8,10,3,75.0,95.0,2.5,0.6331980594652661,0.3668019405347339,763.1578947368421
9,10,3,85.0,95.0,2.5,0.6274406454299223,0.3725593545700777,763.1578947368421
10,10,3,95.0,95.0,2.5,0.6219549789547417,0.3780450210452583,763.1578947368421
11,10,3,105.0,95.0,2.5,0.6167234119962729,0.3832765880037271,763.1578947368421
12,10,3,115.0,95.0,2.5,0.6117251831726941,0.3882748168273059,763.1578947368421
13,10,3,125.0,95.0,2.5,0.606940159621543,0.393059840378457,763.1578947368421
14,10,3,135.0,95.0,2.5,0.6023496804653768,0.39765031953462315,763.1578947368421
15,10,3,145.0,95.0,2.5,0.5979363421114087,0.40206365788859133,763.1578947368421
16,10,3,155.0,95.0,2.5,0.5936846715723915,0.40631532842760854,763.1578947368421
17,10,3,165.0,95.0,2.5,0.5895804701089628,0.41041952989103725,763.1578947368421
18,10,3,175.0,95.0,2.5,0.5856115933896823,0.4143884066103177,763.1578947368421
19,10,3,185.0,95.0,2.5,0.5817659785929298,0.4182340214070702,763.1578947368421
20,10,3,195.0,95.0,2.5,0.5780283278552157,0.42197167214478426,763.1578947368421
21,10,3,205.0,95.0,2.5,0.5743890038348168,0.42561099616518316,763.1578947368421
22,10,3,215.0,95.0,2.5,0.5708439564303472,0.42915604356965276,763.1578947368421
23,10,3,225.0,95.0,2.5,0.5673870190464617,0.4326129809535383,763.1578947368421
24,10,3,235.0,95.0,2.5,0.5640090533826525,0.4359909466173475,763.1578947368421
25,10,3,245.0,95.0,2.5,0.5607052558731059,0.43929474412689407,763.1578947368421
26,10,3,255.0,95.0,2.5,0.5574722340708449,0.4425277659291551,763.1578947368421
27,10,3,265.0,95.0,2.5,0.5543009814804454,0.4456990185195546,763.1578947368421
28,10,3,275.0,95.0,2.5,0.5511882094834628,0.4488117905165372,763.1578947368421
29,10,3,285.0,95.0,2.5,0.5481298565557596,0.45187014344424037,763.1578947368421
30,10,3,295.0,95.0,2.5,0.5451184272843829,0.45488157271561713,763.1578947368421
31,10,3,305.0,95.0,2.5,0.5421516513736236,0.45784834862637636,763.1578947368421
32,10,3,315.0,95.0,2.5,0.5392207507600001,0.4607792492399999,763.1578947368421
33,10,3,325.0,95.0,2.5,0.5363221825589092,0.4636778174410908,763.1578947368421
34,10,3,335.0,95.0,2.5,0.5334492617689042,0.46655073823109583,763.1578947368421
35,10,3,345.0,95.0,2.5,0.5305911761318162,0.46940882386818383,763.1578947368421
36,10,3,355.0,95.0,2.5,0.5277403597186457,0.47225964028135425,763.1578947368421
37,10,3,365.0,95.0,2.5,0.5248829387953453,0.4751170612046547,763.1578947368421
38,10,3,375.0,95.0,2.5,0.5220043087856446,0.47799569121435537,763.1578947368421
39,10,3,385.0,95.0,2.5,0.5191064815413741,0.48089351845862593,763.1578947368421
40,10,3,395.0,95.0,2.5,0.516179283616693,0.48382071638330704,763.1578947368421
41,10,3,405.0,95.0,2.5,0.5132050078789865,0.4867949921210135,763.1578947368421
42,10,3,415.0,95.0,2.5,0.5101545920001828,0.48984540799981724,763.1578947368421
43,10,3,425.0,95.0,2.5,0.5069849022309495,0.4930150977690505,763.1578947368421
44,10,3,435.0,95.0,2.5,0.503631264433167,0.49636873556683303,763.1578947368421
45,10,3,445.0,95.0,2.5,0.49998652282438355,0.5000134771756164,763.1578947368421
46,10,3,455.0,95.0,2.5,0.49583642887791557,0.5041635711220844,763.1578947368421
47,10,3,465.0,95.0,2.5,0.4907172846698765,0.5092827153301235,763.1578947368421
48,10,3,475.0,95.0,2.5,0.4833237416365734,0.5166762583634266,763.1578947368421
49,10,3,485.0,95.0,2.5,0.4682203884638132,0.5317796115361868,763.1578947368421
50,10,3,495.0,95.0,2.5,0.4089210731675019,0.5910789268324981,763.1578947368421
1,1,4,5.0,5.0,3.5,0.6991747828987989,0.30082521710120114,728.0701754385964
2,1,4,15.0,5.0,3.5,0.6921165220303496,0.30788347796965043,728.0701754385964
3,1,4,25.0,5.0,3.5,0.6839547009918381,0.3160452990081619,728.0701754385964
4,1,4,35.0,5.0,3.5,0.6755181361359262,0.32448186386407385,728.0701754385964
5,1,4,45.0,5.0,3.5,0.6672423447454188,0.33275765525458123,728.0701754385964
6,1,4,55.0,5.0,3.5,0.6593200434449242,0.34067995655507577,728.0701754385964
7,1,4,65.0,5.0,3.5,0.6518259201872946,0.34817407981270543,728.0701754385964
8,1,4,75.0,5.0,3.5,0.6447700479451777,0.35522995205482233,728.0701754385964
9,1,4,85.0,5.0,3.5,0.6381299233676307,0.36187007663236925,728.0701754385964
10,1,4,95.0,5.0,3.5,0.6318682714195437,0.3681317285804563,728.0701754385964
11,1,4,105.0,5.0,3.5,0.625951443259863,0.37404855674013704,728.0701754385964
12,1,4,115.0,5.0,3.5,0.6203421017202556,0.3796578982797444,728.0701754385964
13,1,4,125.0,5.0,3.5,0.6150066585691711,0.38499334143082886,728.0701754385964
14,1,4,135.0,5.0,3.5,0.6099164998523172,0.3900835001476828,728.0701754385964
15,1,4,145.0,5.0,3.5,0.605046268324368,0.39495373167563197,728.0701754385964
16,1,4,155.0,5.0,3.5,0.600374718668807,0.399625281331193,728.0701754385964
17,1,4,165.0,5.0,3.5,0.5958824692709138,0.4041175307290862,728.0701754385964
18,1,4,175.0,5.0,3.5,0.591553074145977,0.408446925854023,728.0701754385964
19,1,4,185.0,5.0,3.5,0.5873707564701749,0.4126292435298251,728.0701754385964
20,1,4,195.0,5.0,3.5,0.5833202759620042,0.4166797240379958,728.0701754385964
21,1,4,205.0,5.0,3.5,0.5793852672421543,0.42061473275784567,728.0701754385964
22,1,4,215.0,5.0,3.5,0.5755576515047736,0.42444234849522644,728.0701754385964
23,1,4,225.0,5.0,3.5,0.5718331795055323,0.42816682049446775,728.0701754385964
24,1,4,235.0,5.0,3.5,0.5682022161516519,0.4317977838483481,728.0701754385964
25,1,4,245.0,5.0,3.5,0.5646577047710438,0.4353422952289562,728.0701754385964
26,1,4,255.0,5.0,3.5,0.5611946844185686,0.43880531558143143,728.0701754385964
27,1,4,265.0,5.0,3.5,0.5578062834771281,0.44219371652287187,728.0701754385964
28,1,4,275.0,5.0,3.5,0.5544859348346377,0.4455140651653623,728.0701754385964
29,1,4,285.0,5.0,3.5,0.5512304216490287,0.4487695783509713,728.0701754385964
30,1,4,295.0,5.0,3.5,0.5480336976198168,0.4519663023801832,728.0701754385964
31,1,4,305.0,5.0,3.5,0.5448892730358726,0.45511072696412735,728.0701754385964
32,1,4,315.0,5.0,3.5,0.5417967180668658,0.4582032819331342,728.0701754385964
33,1,4,325.0,5.0,3.5,0.5387489438277505,0.4612510561722495,728.0701754385964
34,1,4,335.0,5.0,3.5,0.5357403787277284,0.4642596212722716,728.0701754385964
35,1,4,345.0,5.0,3.5,0.5327685730068105,0.46723142699318954,728.0701754385964
36,1,4,355.0,5.0,3.5,0.5298278162310975,0.47017218376890246,728.0701754385964
37,1,4,365.0,5.0,3.5,0.5269148887180845,0.47308511128191555,728.0701754385964
38,1,4,375.0,5.0,3.5,0.5240184038251698,0.47598159617483016,728.0701754385964
39,1,4,385.0,5.0,3.5,0.521130066855713,0.47886993314428705,728.0701754385964
40,1,4,395.0,5.0,3.5,0.5182395968071969,0.4817604031928031,728.0701754385964
41,1,4,405.0,5.0,3.5,0.5153215224271356,0.4846784775728644,728.0701754385964
42,1,4,415.0,5.0,3.5,0.5123319940254557,0.4876680059745443,728.0701754385964
43,1,4,425.0,5.0,3.5,0.5092038142434638,0.49079618575653616,728.0701754385964
44,1,4,435.0,5.0,3.5,0.5059790684618617,0.4940209315381383,728.0701754385964
45,1,4,445.0,5.0,3.5,0.5025941290407292,0.4974058709592708,728.0701754385964
46,1,4,455.0,5.0,3.5,0.4989272095301415,0.5010727904698584,728.0701754385964
47,1,4,465.0,5.0,3.5,0.49474791148344777,0.5052520885165522,728.0701754385964
48,1,4,475.0,5.0,3.5,0.48947690368691404,0.510523096313086,728.0701754385964
49,1,4,485.0,5.0,3.5,0.48100811077471173,0.5189918892252883,728.0701754385964
50,1,4,495.0,5.0,3.5,0.4536764900985815,0.5463235099014185,728.0701754385964
1,2,4,5.0,15.0,3.5,0.743745897057644,0.25625410294235595,728.0701754385964
2,2,4,15.0,15.0,3.5,0.7349789597578966,0.2650210402421034,728.0701754385964
3,2,4,25.0,15.0,3.5,0.7250714349838048,0.2749285650161952,728.0701754385964
4,2,4,35.0,15.0,3.5,0.7150299217824257,0.28497007821757425,728.0701754385964
5,2,4,45.0,15.0,3.5,0.7053531741045247,0.2946468258954753,728.0701754385964
6,2,4,55.0,15.0,3.5,0.6962445163565683,0.30375548364343175,728.0701754385964
7,2,4,65.0,15.0,3.5,0.6877513890173225,0.31224861098267753,728.0701754385964
8,2,4,75.0,15.0,3.5,0.6798461576729717,0.32015384232702826,728.0701754385964
9,2,4,85.0,15.0,3.5,0.6724832164041572,0.3275167835958428,728.0701754385964
10,2,4,95.0,15.0,3.5,0.6655973877796575,0.3344026122203425,728.0701754385964
11,2,4,105.0,15.0,3.5,0.6591396167157356,0.3408603832842644,728.0701754385964
12,2,4,115.0,15.0,3.5,0.6530503308654309,0.34694966913456915,728.0701754385964
13,2,4,125.0,15.0,3.5,0.647289286178349,0.352710713821651,728.0701754385964
14,2,4,135.0,15.0,3.5,0.6418191650946435,0.35818083490535646,728.0701754385964
15,2,4,145.0,15.0,3.5,0.6366066358624247,0.3633933641375753,728.0701754385964
16,2,4,155.0,15.0,3.5,0.631623774169099,0.368376225830901,728.0701754385964
17,2,4,165.0,15.0,3.5,0.6268467721897418,0.37315322781025817,728.0701754385964
18,2,4,175.0,15.0,3.5,0.6222552577319616,0.37774474226803845,728.0701754385964
19,2,4,185.0,15.0,3.5,0.6178303444730908,0.3821696555269092,728.0701754385964
20,2,4,195.0,15.0,3.5,0.6135552664458419,0.3864447335541581,728.0701754385964
21,2,4,205.0,15.0,3.5,0.6094141118703564,0.39058588812964357,728.0701754385964
22,2,4,215.0,15.0,3.5,0.6053916087288559,0.3946083912711441,728.0701754385964
23,2,4,225.0,15.0,3.5,0.6014798870378133,0.3985201129621867,728.0701754385964
24,2,4,235.0,15.0,3.5,0.5976704147857038,0.4023295852142962,728.0701754385964
25,2,4,245.0,15.0,3.5,0.5939541243958978,0.4060458756041022,728.0701754385964
26,2,4,255.0,15.0,3.5,0.5903229616705769,0.40967703832942315,728.0701754385964
27,2,4,265.0,15.0,3.5,0.5867721412961381,0.4132278587038619,728.0701754385964
28,2,4,275.0,15.0,3.5,0.5832916641502872,0.4167083358497128,728.0701754385964
29,2,4,285.0,15.0,3.5,0.5798745643791172,0.4201254356208828,728.0701754385964
30,2,4,295.0,15.0,3.5,0.5765178821668947,0.4234821178331053,728.0701754385964
31,2,4,305.0,15.0,3.5,0.5732131763537834,0.42678682364621656,728.0701754385964
32,2,4,315.0,15.0,3.5,0.5699535139077785,0.4300464860922215,728.0701754385964
33,2,4,325.0,15.0,3.5,0.5667377368088299,0.4332622631911701,728.0701754385964
34,2,4,335.0,15.0,3.5,0.5635566434912599,0.4364433565087401,728.0701754385964
35,2,4,345.0,15.0,3.5,0.5604042575807339,0.43959574241926613,728.0701754385964
36,2,4,355.0,15.0,3.5,0.5572792889632101,0.4427207110367899,728.0701754385964
37,2,4,365.0,15.0,3.5,0.554172797164483,0.445827202835517,728.0701754385964
38,2,4,375.0,15.0,3.5,0.5510790318081406,0.44892096819185945,728.0701754385964
39,2,4,385.0,15.0,3.5,0.5479911113731872,0.45200888862681277,728.0701754385964
40,2,4,395.0,15.0,3.5,0.544897595312609,0.45510240468739105,728.0701754385964
41,2,4,405.0,15.0,3.5,0.5417877800655537,0.4582122199344463,728.0701754385964
42,2,4,415.0,15.0,3.5,0.5386332040724626,0.4613667959275374,728.0701754385964
43,2,4,425.0,15.0,3.5,0.5353821575826356,0.46461784241736437,728.0701754385964
44,2,4,435.0,15.0,3.5,0.531874520038826,0.46812547996117404,728.0701754385964
45,2,4,445.0,15.0,3.5,0.5279027628602145,0.47209723713978546,728.0701754385964
46,2,4,455.0,15.0,3.5,0.5230979024756316,0.4769020975243684,728.0701754385964
47,2,4,465.0,15.0,3.5,0.5168976759443135,0.48310232405568654,728.0701754385964
48,2,4,475.0,15.0,3.5,0.508458423033235,0.49154157696676504,728.0701754385964
49,2,4,485.0,15.0,3.5,0.49589489524561087,0.5041051047543892,728.0701754385964
50,2,4,495.0,15.0,3.5,0.46602010805382965,0.5339798919461703,728.0701754385964
1,3,4,5.0,25.0,3.5,0.7687099452125212,0.23129005478747877,728.0701754385964
2,3,4,15.0,25.0,3.5,0.7589726638023653,0.24102733619763472,728.0701754385964
3,3,4,25.0,25.0,3.5,0.7479489468199034,0.2520510531800966,728.0701754385964
4,3,4,35.0,25.0,3.5,0.7367895013549813,0.26321049864501866,728.0701754385964
5,3,4,45.0,25.0,3.5,0.7261059665776405,0.2738940334223595,728.0701754385964
6,3,4,55.0,25.0,3.5,0.716134411945739,0.283865588054261,728.0701754385964
7,3,4,65.0,25.0,3.5,0.7069102281199636,0.2930897718800364,728.0701754385964
8,3,4,75.0,25.0,3.5,0.6983850805211774,0.3016149194788226,728.0701754385964
9,3,4,85.0,25.0,3.5,0.6904958748065805,0.3095041251934195,728.0701754385964
10,3,4,95.0,25.0,3.5,0.6831560716954671,0.3168439283045329,728.0701754385964
11,3,4,105.0,25.0,3.5,0.6762760021078972,0.3237239978921028,728.0701754385964
12,3,4,115.0,25.0,3.5,0.6698055718977417,0.3301944281022583,728.0701754385964
13,3,4,125.0,25.0,3.5,0.6636883114698482,0.3363116885301518,728.0701754385964
14,3,4,135.0,25.0,3.5,0.6578833411509227,0.34211665884907727,728.0701754385964
15,3,4,145.0,25.0,3.5,0.6523602344336453,0.3476397655663547,728.0701754385964
16,3,4,155.0,25.0,3.5,0.6470856435470415,0.35291435645295854,728.0701754385964
17,3,4,165.0,25.0,3.5,0.6420315857259965,0.3579684142740035,728.0701754385964
18,3,4,175.0,25.0,3.5,0.6371744264951484,0.36282557350485156,728.0701754385964
19,3,4,185.0,25.0,3.5,0.6324938635591606,0.3675061364408394,728.0701754385964
20,3,4,195.0,25.0,3.5,0.6279719996760355,0.37202800032396455,728.0701754385964
21,3,4,205.0,25.0,3.5,0.6235926619137998,0.3764073380862002,728.0701754385964
22,3,4,215.0,25.0,3.5,0.6193407700966588,0.3806592299033412,728.0701754385964
23,3,4,225.0,25.0,3.5,0.6152022556689075,0.3847977443310925,728.0701754385964
24,3,4,235.0,25.0,3.5,0.611166092559324,0.38883390744067603,728.0701754385964
25,3,4,245.0,25.0,3.5,0.6072259224801297,0.39277407751987026,728.0701754385964
26,3,4,255.0,25.0,3.5,0.6033728291793706,0.39662717082062937,728.0701754385964
27,3,4,265.0,25.0,3.5,0.599598748410616,0.400401251589384,728.0701754385964
28,3,4,275.0,25.0,3.5,0.5958982171105393,0.40410178288946075,728.0701754385964
29,3,4,285.0,25.0,3.5,0.5922646007120993,0.4077353992879007,728.0701754385964
30,3,4,295.0,25.0,3.5,0.5886889773677497,0.4113110226322503,728.0701754385964
31,3,4,305.0,25.0,3.5,0.5851654210909132,0.4148345789090868,728.0701754385964
32,3,4,315.0,25.0,3.5,0.5816917784632489,0.41830822153675107,728.0701754385964
33,3,4,325.0,25.0,3.5,0.5782592964097562,0.42174070359024385,728.0701754385964
34,3,4,335.0,25.0,3.5,0.5748617912608004,0.4251382087391996,728.0701754385964
35,3,4,345.0,25.0,3.5,0.5714974946478322,0.42850250535216783,728.0701754385964
36,3,4,355.0,25.0,3.5,0.5681594250238082,0.43184057497619177,728.0701754385964
37,3,4,365.0,25.0,3.5,0.564841604605004,0.435158395394996,728.0701754385964
38,3,4,375.0,25.0,3.5,0.5615417410250115,0.43845825897498847,728.0701754385964
39,3,4,385.0,25.0,3.5,0.5582519652868695,0.4417480347131305,728.0701754385964
40,3,4,395.0,25.0,3.5,0.5549657378725166,0.4450342621274834,728.0701754385964
41,3,4,405.0,25.0,3.5,0.5516784663563674,0.4483215336436326,728.0701754385964
42,3,4,415.0,25.0,3.5,0.5483738757523999,0.45162612424760007,728.0701754385964
43,3,4,425.0,25.0,3.5,0.5450303803645506,0.45496961963544935,728.0701754385964
44,3,4,435.0,25.0,3.5,0.5415219483291926,0.45847805167080735,728.0701754385964
45,3,4,445.0,25.0,3.5,0.5377499513862245,0.4622500486137755,728.0701754385964
46,3,4,455.0,25.0,3.5,0.5334379893866907,0.46656201061330926,728.0701754385964
47,3,4,465.0,25.0,3.5,0.5280132133644021,0.4719867866355979,728.0701754385964
48,3,4,475.0,25.0,3.5,0.5203571740165892,0.4796428259834108,728.0701754385964
49,3,4,485.0,25.0,3.5,0.508221879561436,0.49177812043856395,728.0701754385964
50,3,4,495.0,25.0,3.5,0.48039464601232884,0.5196053539876712,728.0701754385964
1,4,4,5.0,35.0,3.5,0.7849259853419719,0.2150740146580281,728.0701754385964
2,4,4,15.0,35.0,3.5,0.7751312069427687,0.2248687930572313,728.0701754385964
3,4,4,25.0,35.0,3.5,0.763538614369041,0.23646138563095898,728.0701754385964
4,4,4,35.0,35.0,3.5,0.7515653950023621,0.24843460499763792,728.0701754385964
5,4,4,45.0,35.0,3.5,0.7400919382819704,0.2599080617180296,728.0701754385964
6,4,4,55.0,35.0,3.5,0.7295362116234967,0.2704637883765033,728.0701754385964
7,4,4,65.0,35.0,3.5,0.7198463411516504,0.28015365884834964,728.0701754385964
8,4,4,75.0,35.0,3.5,0.7109280464986284,0.2890719535013716,728.0701754385964
9,4,4,85.0,35.0,3.5,0.7026629859187804,0.2973370140812196,728.0701754385964
10,4,4,95.0,35.0,3.5,0.694970151344393,0.305029848655607,728.0701754385964
11,4,4,105.0,35.0,3.5,0.6877845807025987,0.31221541929740126,728.0701754385964
12,4,4,115.0,35.0,3.5,0.6810284182360875,0.3189715817639125,728.0701754385964
13,4,4,125.0,35.0,3.5,0.6746535170588306,0.3253464829411694,728.0701754385964
14,4,4,135.0,35.0,3.5,0.6686002661992198,0.33139973380078025,728.0701754385964
15,4,4,145.0,35.0,3.5,0.6628280573425966,0.33717194265740336,728.0701754385964
16,4,4,155.0,35.0,3.5,0.6573085786499708,0.34269142135002917,728.0701754385964
17,4,4,165.0,35.0,3.5,0.6520150375013039,0.34798496249869615,728.0701754385964
18,4,4,175.0,35.0,3.5,0.6469242532217151,0.3530757467782849,728.0701754385964
19,4,4,185.0,35.0,3.5,0.6420162414755773,0.35798375852442266,728.0701754385964
20,4,4,195.0,35.0,3.5,0.6372734750070124,0.36272652499298763,728.0701754385964
21,4,4,205.0,35.0,3.5,0.6326810316861466,0.36731896831385336,728.0701754385964
22,4,4,215.0,35.0,3.5,0.628225238755353,0.37177476124464703,728.0701754385964
23,4,4,225.0,35.0,3.5,0.6238923669307652,0.3761076330692348,728.0701754385964
24,4,4,235.0,35.0,3.5,0.6196691995738807,0.38033080042611933,728.0701754385964
25,4,4,245.0,35.0,3.5,0.6155441289474106,0.3844558710525894,728.0701754385964
26,4,4,255.0,35.0,3.5,0.611511947251234,0.38848805274876597,728.0701754385964
27,4,4,265.0,35.0,3.5,0.6075644415432354,0.3924355584567646,728.0701754385964
28,4,4,275.0,35.0,3.5,0.6036938447666239,0.3963061552333761,728.0701754385964
29,4,4,285.0,35.0,3.5,0.599892939470676,0.400107060529324,728.0701754385964
30,4,4,295.0,35.0,3.5,0.5961579604490796,0.40384203955092035,728.0701754385964
31,4,4,305.0,35.0,3.5,0.5924804613877033,0.40751953861229673,728.0701754385964
32,4,4,315.0,35.0,3.5,0.5888536454822684,0.4111463545177316,728.0701754385964
33,4,4,325.0,35.0,3.5,0.5852725252084295,0.41472747479157046,728.0701754385964
34,4,4,335.0,35.0,3.5,0.581734512982223,0.418265487017777,728.0701754385964
35,4,4,345.0,35.0,3.5,0.5782314755494414,0.42176852445055857,728.0701754385964
36,4,4,355.0,35.0,3.5,0.5747584682716083,0.42524153172839174,728.0701754385964
37,4,4,365.0,35.0,3.5,0.5713138896704906,0.42868611032950943,728.0701754385964
38,4,4,375.0,35.0,3.5,0.5678917559502978,0.43210824404970216,728.0701754385964
39,4,4,385.0,35.0,3.5,0.5644865947766943,0.4355134052233057,728.0701754385964
40,4,4,395.0,35.0,3.5,0.56109662704436,0.43890337295563997,728.0701754385964
41,4,4,405.0,35.0,3.5,0.5577178875585148,0.4422821124414852,728.0701754385964
42,4,4,415.0,35.0,3.5,0.5543441210698171,0.4456558789301829,728.0701754385964
43,4,4,425.0,35.0,3.5,0.5509721818085852,0.4490278181914148,728.0701754385964
44,4,4,435.0,35.0,3.5,0.5475965959991902,0.4524034040008098,728.0701754385964
45,4,4,445.0,35.0,3.5,0.5440863953387752,0.45591360466122477,728.0701754385964
46,4,4,455.0,35.0,3.5,0.5402541086553551,0.45974589134464494,728.0701754385964
47,4,4,465.0,35.0,3.5,0.5357908750031587,0.4642091249968413,728.0701754385964
48,4,4,475.0,35.0,3.5,0.5297112634791075,0.47028873652089254,728.0701754385964
49,4,4,485.0,35.0,3.5,0.5197050039254634,0.48029499607453663,728.0701754385964
50,4,4,495.0,35.0,3.5,0.4969457144830891,0.5030542855169109,728.0701754385964
1,5,4,5.0,45.0,3.5,0.7956301175728119,0.20436988242718812,728.0701754385964
2,5,4,15.0,45.0,3.5,0.7874573074260595,0.21254269257394054,728.0701754385964
3,5,4,25.0,45.0,3.5,0.7760277000585084,0.2239722999414916,728.0701754385964
4,5,4,35.0,45.0,3.5,0.7637821219228235,0.23621787807717654,728.0701754385964
5,5,4,45.0,45.0,3.5,0.7519804814021636,0.24801951859783644,728.0701754385964
6,5,4,55.0,45.0,3.5,0.7409353728289922,0.25906462717100776,728.0701754385964
7,5,4,65.0,45.0,3.5,0.7307829119976629,0.2692170880023371,728.0701754385964
8,5,4,75.0,45.0,3.5,0.7214692267139683,0.2785307732860317,728.0701754385964
9,5,4,85.0,45.0,3.5,0.7128921140090755,0.2871078859909245,728.0701754385964
10,5,4,95.0,45.0,3.5,0.7049411205487124,0.2950588794512876,728.0701754385964
11,5,4,105.0,45.0,3.5,0.6975326634389073,0.3024673365610927,728.0701754385964
12,5,4,115.0,45.0,3.5,0.690579080261306,0.309420919738694,728.0701754385964
13,5,4,125.0,45.0,3.5,0.6840272809960701,0.31597271900392987,728.0701754385964
14,5,4,135.0,45.0,3.5,0.677812611093357,0.322187388906643,728.0701754385964
15,5,4,145.0,45.0,3.5,0.6718988852653587,0.3281011147346413,728.0701754385964
16,5,4,155.0,45.0,3.5,0.666250937614951,0.333749062385049,728.0701754385964
17,5,4,165.0,45.0,3.5,0.6608376091842683,0.33916239081573174,728.0701754385964
18,5,4,175.0,45.0,3.5,0.6556333636589845,0.3443666363410155,728.0701754385964
19,5,4,185.0,45.0,3.5,0.6506165854472926,0.3493834145527074,728.0701754385964
20,5,4,195.0,45.0,3.5,0.6457684120649749,0.35423158793502507,728.0701754385964
21,5,4,205.0,45.0,3.5,0.6410712658394205,0.35892873416057947,728.0701754385964
22,5,4,215.0,45.0,3.5,0.6365095103419518,0.3634904896580482,728.0701754385964
23,5,4,225.0,45.0,3.5,0.6320693838615475,0.36793061613845246,728.0701754385964
24,5,4,235.0,45.0,3.5,0.6277385562072904,0.37226144379270965,728.0701754385964
25,5,4,245.0,45.0,3.5,0.6235049798039916,0.37649502019600845,728.0701754385964
26,5,4,255.0,45.0,3.5,0.6193582970650684,0.3806417029349316,728.0701754385964
27,5,4,265.0,45.0,3.5,0.615295154829442,0.38470484517055803,728.0701754385964
28,5,4,275.0,45.0,3.5,0.6113096975018963,0.38869030249810366,728.0701754385964
29,5,4,285.0,45.0,3.5,0.6073932152023417,0.3926067847976583,728.0701754385964
30,5,4,295.0,45.0,3.5,0.6035381436212163,0.39646185637878373,728.0701754385964
31,5,4,305.0,45.0,3.5,0.599738271095331,0.40026172890466905,728.0701754385964
32,5,4,315.0,45.0,3.5,0.5959897048833105,0.4040102951166895,728.0701754385964
33,5,4,325.0,45.0,3.5,0.5922845753022564,0.4077154246977436,728.0701754385964
34,5,4,335.0,45.0,3.5,0.5886140604506981,0.4113859395493019,728.0701754385964
35,5,4,345.0,45.0,3.5,0.5849712423236365,0.4150287576763635,728.0701754385964
36,5,4,355.0,45.0,3.5,0.5813527960900372,0.4186472039099628,728.0701754385964
37,5,4,365.0,45.0,3.5,0.5777481848626301,0.42225181513736987,728.0701754385964
38,5,4,375.0,45.0,3.5,0.574149396598385,0.42585060340161496,728.0701754385964
39,5,4,385.0,45.0,3.5,0.5705490632076381,0.4294509367923619,728.0701754385964
40,5,4,395.0,45.0,3.5,0.5669392426357616,0.43306075736423844,728.0701754385964
41,5,4,405.0,45.0,3.5,0.5633077887521101,0.4366922112478899,728.0701754385964
42,5,4,415.0,45.0,3.5,0.5596445787137427,0.44035542128625726,728.0701754385964
43,5,4,425.0,45.0,3.5,0.5559410807633487,0.4440589192366513,728.0701754385964
44,5,4,435.0,45.0,3.5,0.552185616606797,0.447814383393203,728.0701754385964
45,5,4,445.0,45.0,3.5,0.5483619565089135,0.4516380434910865,728.0701754385964
46,5,4,455.0,45.0,3.5,0.5444287092155661,0.4555712907844339,728.0701754385964
47,5,4,465.0,45.0,3.5,0.5400441241567213,0.4599558758432787,728.0701754385964
48,5,4,475.0,45.0,3.5,0.5342571471277008,0.4657428528722992,728.0701754385964
49,5,4,485.0,45.0,3.5,0.5240410015062371,0.4759589984937629,728.0701754385964
50,5,4,495.0,45.0,3.5,0.4987527287839882,0.5012472712160119,728.0701754385964
1,6,4,5.0,55.0,3.5,0.7856076647741922,0.2143923352258078,728.0701754385964
2,6,4,15.0,55.0,3.5,0.7763695862619528,0.22363041373804715,728.0701754385964
3,6,4,25.0,55.0,3.5,0.7653829321053512,0.23461706789464876,728.0701754385964
4,6,4,35.0,55.0,3.5,0.7539652247918708,0.24603477520812922,728.0701754385964
5,6,4,45.0,55.0,3.5,0.742910187523237,0.257089812476763,728.0701754385964
6,6,4,55.0,55.0,3.5,0.7325525307694095,0.2674474692305905,728.0701754385964
7,6,4,65.0,55.0,3.5,0.7229563917009866,0.2770436082990134,728.0701754385964
8,6,4,75.0,55.0,3.5,0.7140766204618052,0.2859233795381948,728.0701754385964
9,6,4,85.0,55.0,3.5,0.7058348541554913,0.2941651458445087,728.0701754385964
10,6,4,95.0,55.0,3.5,0.6981586205488104,0.3018413794511896,728.0701754385964
11,6,4,105.0,55.0,3.5,0.6909599573315149,0.30904004266848506,728.0701754385964
12,6,4,115.0,55.0,3.5,0.6841903185406838,0.3158096814593162,728.0701754385964
13,6,4,125.0,55.0,3.5,0.6777829597016246,0.3222170402983754,728.0701754385964
14,6,4,135.0,55.0,3.5,0.6716979298325726,0.3283020701674274,728.0701754385964
15,6,4,145.0,55.0,3.5,0.6658989357601086,0.3341010642398914,728.0701754385964
16,6,4,155.0,55.0,3.5,0.6603525183480988,0.3396474816519012,728.0701754385964
17,6,4,165.0,55.0,3.5,0.6550308082190136,0.3449691917809864,728.0701754385964
18,6,4,175.0,55.0,3.5,0.6499111709487664,0.3500888290512336,728.0701754385964
19,6,4,185.0,55.0,3.5,0.6449732227502524,0.3550267772497476,728.0701754385964
20,6,4,195.0,55.0,3.5,0.6401999084571625,0.35980009154283754,728.0701754385964
21,6,4,205.0,55.0,3.5,0.6355748216796819,0.36442517832031807,728.0701754385964
22,6,4,215.0,55.0,3.5,0.6310842835283115,0.3689157164716885,728.0701754385964
23,6,4,225.0,55.0,3.5,0.6267143213222925,0.37328567867770746,728.0701754385964
24,6,4,235.0,55.0,3.5,0.6224523581814362,0.3775476418185638,728.0701754385964
25,6,4,245.0,55.0,3.5,0.618285793284206,0.38171420671579404,728.0701754385964
26,6,4,255.0,55.0,3.5,0.6142060889442508,0.38579391105574923,728.0701754385964
27,6,4,265.0,55.0,3.5,0.6102088574612277,0.38979114253877234,728.0701754385964
28,6,4,275.0,55.0,3.5,0.6062882550549978,0.39371174494500216,728.0701754385964
29,6,4,285.0,55.0,3.5,0.6024349337813941,0.3975650662186059,728.0701754385964
30,6,4,295.0,55.0,3.5,0.5986412703362958,0.40135872966370423,728.0701754385964
31,6,4,305.0,55.0,3.5,0.5949007654177152,0.4050992345822848,728.0701754385964
32,6,4,315.0,55.0,3.5,0.5912096019288788,0.40879039807112116,728.0701754385964
33,6,4,325.0,55.0,3.5,0.5875595229737555,0.41244047702624453,728.0701754385964
34,6,4,335.0,55.0,3.5,0.5839447984073362,0.41605520159266385,728.0701754385964
35,6,4,345.0,55.0,3.5,0.5803601302835214,0.4196398697164786,728.0701754385964
36,6,4,355.0,55.0,3.5,0.5767972732223086,0.42320272677769144,728.0701754385964
37,6,4,365.0,55.0,3.5,0.5732442470738265,0.4267557529261735,728.0701754385964
38,6,4,375.0,55.0,3.5,0.5696916976285359,0.4303083023714641,728.0701754385964
39,6,4,385.0,55.0,3.5,0.5661313079781125,0.4338686920218875,728.0701754385964
40,6,4,395.0,55.0,3.5,0.5625488906005225,0.4374511093994775,728.0701754385964
41,6,4,405.0,55.0,3.5,0.5589272121237437,0.44107278787625626,728.0701754385964
42,6,4,415.0,55.0,3.5,0.5552465875331862,0.44475341246681377,728.0701754385964
43,6,4,425.0,55.0,3.5,0.551478580506726,0.44852141949327395,728.0701754385964
44,6,4,435.0,55.0,3.5,0.5475729775184386,0.4524270224815614,728.0701754385964
45,6,4,445.0,55.0,3.5,0.5434398029395566,0.4565601970604434,728.0701754385964
46,6,4,455.0,55.0,3.5,0.5388772746194236,0.4611227253805764,728.0701754385964
47,6,4,465.0,55.0,3.5,0.533370733067484,0.46662926693251605,728.0701754385964
48,6,4,475.0,55.0,3.5,0.525545499506826,0.47445450049317395,728.0701754385964
49,6,4,485.0,55.0,3.5,0.5114052542487819,0.4885947457512181,728.0701754385964
50,6,4,495.0,55.0,3.5,0.4735167979902485,0.5264832020097515,728.0701754385964
1,7,4,5.0,65.0,3.5,0.771141540908553,0.22885845909144698,728.0701754385964
2,7,4,15.0,65.0,3.5,0.7621025859648479,0.23789741403515208,728.0701754385964
3,7,4,25.0,65.0,3.5,0.7517380686995739,0.24826193130042606,728.0701754385964
4,7,4,35.0,65.0,3.5,0.7410981731514114,0.25890182684858865,728.0701754385964
5,7,4,45.0,65.0,3.5,0.7307851200988994,0.2692148799011006,728.0701754385964
6,7,4,55.0,65.0,3.5,0.721059710160487,0.278940289839513,728.0701754385964
7,7,4,65.0,65.0,3.5,0.7119928665934212,0.2880071334065788,728.0701754385964
8,7,4,75.0,65.0,3.5,0.7035614874701461,0.29643851252985387,728.0701754385964
9,7,4,85.0,65.0,3.5,0.6957049286091389,0.3042950713908611,728.0701754385964
10,7,4,95.0,65.0,3.5,0.6883681122411596,0.31163188775884043,728.0701754385964
11,7,4,105.0,65.0,3.5,0.6814745535747246,0.31852544642527536,728.0701754385964
12,7,4,115.0,65.0,3.5,0.6749801577188048,0.3250198422811952,728.0701754385964
13,7,4,125.0,65.0,3.5,0.6688323602838725,0.3311676397161275,728.0701754385964
14,7,4,135.0,65.0,3.5,0.6629860124923299,0.3370139875076701,728.0701754385964
15,7,4,145.0,65.0,3.5,0.6574109907383073,0.34258900926169267,728.0701754385964
16,7,4,155.0,65.0,3.5,0.6520770517624576,0.34792294823754244,728.0701754385964
17,7,4,165.0,65.0,3.5,0.6469584075759324,0.35304159242406763,728.0701754385964
18,7,4,175.0,65.0,3.5,0.642032887284207,0.35796711271579296,728.0701754385964
19,7,4,185.0,65.0,3.5,0.6372812066296786,0.3627187933703214,728.0701754385964
20,7,4,195.0,65.0,3.5,0.6326865235807009,0.3673134764192991,728.0701754385964
21,7,4,205.0,65.0,3.5,0.6282329526384197,0.3717670473615803,728.0701754385964
22,7,4,215.0,65.0,3.5,0.623906227123925,0.37609377287607504,728.0701754385964
23,7,4,225.0,65.0,3.5,0.6196927604832111,0.3803072395167889,728.0701754385964
24,7,4,235.0,65.0,3.5,0.6155803298991795,0.38441967010082045,728.0701754385964
25,7,4,245.0,65.0,3.5,0.611560857986043,0.388439142013957,728.0701754385964
26,7,4,255.0,65.0,3.5,0.6076271875224946,0.39237281247750544,728.0701754385964
27,7,4,265.0,65.0,3.5,0.6037714278542368,0.39622857214576324,728.0701754385964
28,7,4,275.0,65.0,3.5,0.5999855599001991,0.4000144400998009,728.0701754385964
29,7,4,285.0,65.0,3.5,0.5962657604411316,0.40373423955886845,728.0701754385964
30,7,4,295.0,65.0,3.5,0.5926021432359737,0.4073978567640263,728.0701754385964
31,7,4,305.0,65.0,3.5,0.5889874665992636,0.4110125334007364,728.0701754385964
32,7,4,315.0,65.0,3.5,0.5854157134879908,0.4145842865120092,728.0701754385964
33,7,4,325.0,65.0,3.5,0.5818826772018493,0.4181173227981507,728.0701754385964
34,7,4,335.0,65.0,3.5,0.5783781386800104,0.4216218613199896,728.0701754385964
35,7,4,345.0,65.0,3.5,0.5748947401110879,0.4251052598889121,728.0701754385964
36,7,4,355.0,65.0,3.5,0.5714319505146326,0.4285680494853674,728.0701754385964
37,7,4,365.0,65.0,3.5,0.567976862806826,0.432023137193174,728.0701754385964
38,7,4,375.0,65.0,3.5,0.5645127079646957,0.43548729203530434,728.0701754385964
39,7,4,385.0,65.0,3.5,0.5610276941362172,0.4389723058637828,728.0701754385964
40,7,4,395.0,65.0,3.5,0.5575033753406377,0.44249662465936235,728.0701754385964
41,7,4,405.0,65.0,3.5,0.5539130143216326,0.44608698567836735,728.0701754385964
42,7,4,415.0,65.0,3.5,0.5502220150691502,0.44977798493084975,728.0701754385964
43,7,4,425.0,65.0,3.5,0.5463758145830638,0.45362418541693617,728.0701754385964
44,7,4,435.0,65.0,3.5,0.5422782195759358,0.4577217804240642,728.0701754385964
45,7,4,445.0,65.0,3.5,0.5377559763393068,0.46224402366069317,728.0701754385964
46,7,4,455.0,65.0,3.5,0.5324575195433564,0.4675424804566436,728.0701754385964
47,7,4,465.0,65.0,3.5,0.525621465793982,0.47437853420601805,728.0701754385964
48,7,4,475.0,65.0,3.5,0.5154916382105101,0.48450836178948986,728.0701754385964
49,7,4,485.0,65.0,3.5,0.4970621574940895,0.5029378425059106,728.0701754385964
50,7,4,495.0,65.0,3.5,0.4465633544911845,0.5534366455088156,728.0701754385964
1,8,4,5.0,75.0,3.5,0.7507846272168383,0.24921537278316175,728.0701754385964
2,8,4,15.0,75.0,3.5,0.7426507318657124,0.2573492681342876,728.0701754385964
3,8,4,25.0,75.0,3.5,0.7332919558215306,0.2667080441784694,728.0701754385964
4,8,4,35.0,75.0,3.5,0.7236526933857489,0.2763473066142511,728.0701754385964
5,8,4,45.0,75.0,3.5,0.7142458140997828,0.2857541859002172,728.0701754385964
6,8,4,55.0,75.0,3.5,0.7053059128231157,0.2946940871768843,728.0701754385964
7,8,4,65.0,75.0,3.5,0.6969143226857974,0.30308567731420255,728.0701754385964
8,8,4,75.0,75.0,3.5,0.6890636678149157,0.3109363321850843,728.0701754385964
9,8,4,85.0,75.0,3.5,0.6817156630203708,0.3182843369796292,728.0701754385964
10,8,4,95.0,75.0,3.5,0.6748259611114882,0.3251740388885118,728.0701754385964
11,8,4,105.0,75.0,3.5,0.6683422182588085,0.33165778174119154,728.0701754385964
12,8,4,115.0,75.0,3.5,0.662214246531647,0.33778575346835304,728.0701754385964
13,8,4,125.0,75.0,3.5,0.6564061251905855,0.3435938748094145,728.0701754385964
14,8,4,135.0,75.0,3.5,0.6508806817746785,0.3491193182253215,728.0701754385964
15,8,4,145.0,75.0,3.5,0.6456061810738569,0.3543938189261431,728.0701754385964
16,8,4,155.0,75.0,3.5,0.6405562405797638,0.3594437594202362,728.0701754385964
17,8,4,165.0,75.0,3.5,0.6357079721236408,0.36429202787635917,728.0701754385964
18,8,4,175.0,75.0,3.5,0.6310409155712889,0.36895908442871106,728.0701754385964
19,8,4,185.0,75.0,3.5,0.6265372975292354,0.37346270247076463,728.0701754385964
20,8,4,195.0,75.0,3.5,0.6221805011610194,0.3778194988389806,728.0701754385964
21,8,4,205.0,75.0,3.5,0.6179550371801341,0.3820449628198659,728.0701754385964
22,8,4,215.0,75.0,3.5,0.6138457935022659,0.38615420649773413,728.0701754385964
23,8,4,225.0,75.0,3.5,0.6098400777979257,0.3901599222020743,728.0701754385964
24,8,4,235.0,75.0,3.5,0.6059346974003986,0.3940653025996014,728.0701754385964
25,8,4,245.0,75.0,3.5,0.6021194685216453,0.39788053147835467,728.0701754385964
26,8,4,255.0,75.0,3.5,0.5983849276772218,0.40161507232277815,728.0701754385964
27,8,4,265.0,75.0,3.5,0.5947230094746022,0.4052769905253978,728.0701754385964
28,8,4,275.0,75.0,3.5,0.5911289426196303,0.40887105738036966,728.0701754385964
29,8,4,285.0,75.0,3.5,0.5875944446717679,0.4124055553282321,728.0701754385964
30,8,4,295.0,75.0,3.5,0.5841106311299402,0.4158893688700598,728.0701754385964
31,8,4,305.0,75.0,3.5,0.5806720213449666,0.41932797865503335,728.0701754385964
32,8,4,315.0,75.0,3.5,0.5772742476372081,0.42272575236279186,728.0701754385964
33,8,4,325.0,75.0,3.5,0.5739062588634012,0.4260937411365988,728.0701754385964
34,8,4,335.0,75.0,3.5,0.5705617019236193,0.4294382980763807,728.0701754385964
35,8,4,345.0,75.0,3.5,0.5672355701890236,0.4327644298109764,728.0701754385964
36,8,4,355.0,75.0,3.5,0.5639152060797348,0.4360847939202652,728.0701754385964
37,8,4,365.0,75.0,3.5,0.5605949854111175,0.4394050145888825,728.0701754385964
38,8,4,375.0,75.0,3.5,0.5572655403944289,0.4427344596055711,728.0701754385964
39,8,4,385.0,75.0,3.5,0.5538977665503353,0.4461022334496647,728.0701754385964
40,8,4,395.0,75.0,3.5,0.5504674934479504,0.44953250655204957,728.0701754385964
41,8,4,405.0,75.0,3.5,0.5469403680994438,0.4530596319005562,728.0701754385964
42,8,4,415.0,75.0,3.5,0.5432611692742881,0.45673883072571186,728.0701754385964
43,8,4,425.0,75.0,3.5,0.5393436132304092,0.46065638676959075,728.0701754385964
44,8,4,435.0,75.0,3.5,0.5350417322243258,0.46495826777567417,728.0701754385964
45,8,4,445.0,75.0,3.5,0.5300989304059371,0.46990106959406286,728.0701754385964
46,8,4,455.0,75.0,3.5,0.524043153501327,0.475956846498673,728.0701754385964
47,8,4,465.0,75.0,3.5,0.5159693424999241,0.4840306575000759,728.0701754385964
48,8,4,475.0,75.0,3.5,0.5039447012074765,0.4960552987925235,728.0701754385964
49,8,4,485.0,75.0,3.5,0.4820777739286283,0.5179222260713717,728.0701754385964
50,8,4,495.0,75.0,3.5,0.42062928227072527,0.5793707177292747,728.0701754385964
1,9,4,5.0,85.0,3.5,0.7216781923094419,0.27832180769055814,728.0701754385964
2,9,4,15.0,85.0,3.5,0.7148690317230295,0.2851309682769705,728.0701754385964
3,9,4,25.0,85.0,3.5,0.7068603999126639,0.2931396000873361,728.0701754385964
4,9,4,35.0,85.0,3.5,0.6984822551992126,0.3015177448007874,728.0701754385964
5,9,4,45.0,85.0,3.5,0.6901917129559211,0.3098082870440789,728.0701754385964
6,9,4,55.0,85.0,3.5,0.6822236615737467,0.3177763384262533,728.0701754385964
7,9,4,65.0,85.0,3.5,0.6746637777641008,0.3253362222358992,728.0701754385964
8,9,4,75.0,85.0,3.5,0.6675356021534522,0.3324643978465478,728.0701754385964
9,9,4,85.0,85.0,3.5,0.660820065556157,0.339179934443843,728.0701754385964
10,9,4,95.0,85.0,3.5,0.6544915955490406,0.3455084044509594,728.0701754385964
11,9,4,105.0,85.0,3.5,0.6485089477611884,0.3514910522388116,728.0701754385964
12,9,4,115.0,85.0,3.5,0.6428387610106988,0.3571612389893012,728.0701754385964
13,9,4,125.0,85.0,3.5,0.6374502072994376,0.3625497927005624,728.0701754385964
14,9,4,135.0,85.0,3.5,0.6323138238229953,0.3676861761770047,728.0701754385964
15,9,4,145.0,85.0,3.5,0.6274039382466405,0.37259606175335946,728.0701754385964
16,9,4,155.0,85.0,3.5,0.622698230812363,0.377301769187637,728.0701754385964
17,9,4,165.0,85.0,3.5,0.6181765849371873,0.3818234150628127,728.0701754385964
18,9,4,175.0,85.0,3.5,0.6138211388432663,0.3861788611567337,728.0701754385964
19,9,4,185.0,85.0,3.5,0.6096150083500601,0.3903849916499399,728.0701754385964
20,9,4,195.0,85.0,3.5,0.6055427991543086,0.39445720084569136,728.0701754385964
21,9,4,205.0,85.0,3.5,0.6015898296542934,0.3984101703457066,728.0701754385964
22,9,4,215.0,85.0,3.5,0.5977484437422168,0.4022515562577832,728.0701754385964
23,9,4,225.0,85.0,3.5,0.5940095992307398,0.4059904007692602,728.0701754385964
24,9,4,235.0,85.0,3.5,0.5903647234338117,0.40963527656618826,728.0701754385964
25,9,4,245.0,85.0,3.5,0.586808241141237,0.413191758858763,728.0701754385964
26,9,4,255.0,85.0,3.5,0.5833291337063248,0.4166708662936752,728.0701754385964
27,9,4,265.0,85.0,3.5,0.5799194770406129,0.42008052295938714,728.0701754385964
28,9,4,275.0,85.0,3.5,0.5765760758967633,0.4234239241032367,728.0701754385964
29,9,4,285.0,85.0,3.5,0.5732893510661331,0.4267106489338669,728.0701754385964
30,9,4,295.0,85.0,3.5,0.5700511083993197,0.4299488916006803,728.0701754385964
31,9,4,305.0,85.0,3.5,0.5668586890079859,0.43314131099201414,728.0701754385964
32,9,4,315.0,85.0,3.5,0.5637014356598543,0.4362985643401457,728.0701754385964
33,9,4,325.0,85.0,3.5,0.5605722820329586,0.4394277179670414,728.0701754385964
34,9,4,335.0,85.0,3.5,0.5574661308212856,0.4425338691787144,728.0701754385964
35,9,4,345.0,85.0,3.5,0.5543701215655299,0.4456298784344701,728.0701754385964
36,9,4,355.0,85.0,3.5,0.5512762699337056,0.4487237300662944,728.0701754385964
37,9,4,365.0,85.0,3.5,0.5481724292724333,0.45182757072756674,728.0701754385964
38,9,4,375.0,85.0,3.5,0.5450488732360861,0.4549511267639139,728.0701754385964
39,9,4,385.0,85.0,3.5,0.5418811621810733,0.4581188378189267,728.0701754385964
40,9,4,395.0,85.0,3.5,0.5386204354256585,0.4613795645743415,728.0701754385964
41,9,4,405.0,85.0,3.5,0.535216688617031,0.464783311382969,728.0701754385964
42,9,4,415.0,85.0,3.5,0.531591712093729,0.468408287906271,728.0701754385964
43,9,4,425.0,85.0,3.5,0.5276183835893034,0.47238161641069665,728.0701754385964
44,9,4,435.0,85.0,3.5,0.5231090237023988,0.47689097629760124,728.0701754385964
45,9,4,445.0,85.0,3.5,0.5177693158757589,0.4822306841242411,728.0701754385964
46,9,4,455.0,85.0,3.5,0.5111178291394013,0.4888821708605987,728.0701754385964
47,9,4,465.0,85.0,3.5,0.5023263256099145,0.4976736743900855,728.0701754385964
48,9,4,475.0,85.0,3.5,0.48953179358223353,0.5104682064177665,728.0701754385964
49,9,4,485.0,85.0,3.5,0.46600295498750055,0.5339970450124994,728.0701754385964
50,9,4,495.0,85.0,3.5,0.3949849289825946,0.6050150710174054,728.0701754385964
1,10,4,5.0,95.0,3.5,0.6717002457437524,0.3282997542562476,728.0701754385964
2,10,4,15.0,95.0,3.5,0.6664808896783598,0.33351911032164017,728.0701754385964
3,10,4,25.0,95.0,3.5,0.6601298172863235,0.3398701827136765,728.0701754385964
4,10,4,35.0,95.0,3.5,0.6533022301357452,0.3466977698642548,728.0701754385964
5,10,4,45.0,95.0,3.5,0.6463916702018279,0.35360832979817214,728.0701754385964
6,10,4,55.0,95.0,3.5,0.6396215905095123,0.3603784094904877,728.0701754385964
7,10,4,65.0,95.0,3.5,0.6330965209122394,0.36690347908776055,728.0701754385964
8,10,4,75.0,95.0,3.5,0.6268588196134979,0.3731411803865021,728.0701754385964
9,10,4,85.0,95.0,3.5,0.6209184871671135,0.3790815128328865,728.0701754385964
10,10,4,95.0,95.0,3.5,0.6152636850557393,0.38473631494426075,728.0701754385964
11,10,4,105.0,95.0,3.5,0.6098750536965164,0.3901249463034836,728.0701754385964
12,10,4,115.0,95.0,3.5,0.6047313376348366,0.39526866236516345,728.0701754385964
13,10,4,125.0,95.0,3.5,0.5998109503862095,0.40018904961379054,728.0701754385964
14,10,4,135.0,95.0,3.5,0.5950942738060011,0.4049057261939989,728.0701754385964
15,10,4,145.0,95.0,3.5,0.5905634374006994,0.4094365625993006,728.0701754385964
16,10,4,155.0,95.0,3.5,0.5862016780669506,0.41379832193304944,728.0701754385964
17,10,4,165.0,95.0,3.5,0.5819938158011689,0.41800618419883107,728.0701754385964
18,10,4,175.0,95.0,3.5,0.5779253370567599,0.42207466294324014,728.0701754385964
19,10,4,185.0,95.0,3.5,0.5739808057357499,0.42601919426425006,728.0701754385964
20,10,4,195.0,95.0,3.5,0.5701449548909362,0.4298550451090638,728.0701754385964
21,10,4,205.0,95.0,3.5,0.5664167070647983,0.4335832929352017,728.0701754385964
22,10,4,215.0,95.0,3.5,0.5627867668595486,0.43721323314045135,728.0701754385964
23,10,4,225.0,95.0,3.5,0.5592470974011808,0.44075290259881916,728.0701754385964
24,10,4,235.0,95.0,3.5,0.555791692217956,0.444208307782044,728.0701754385964
25,10,4,245.0,95.0,3.5,0.5524158171060258,0.44758418289397417,728.0701754385964
26,10,4,255.0,95.0,3.5,0.5491110683179035,0.45088893168209654,728.0701754385964
27,10,4,265.0,95.0,3.5,0.5458724566057465,0.45412754339425354,728.0701754385964
28,10,4,275.0,95.0,3.5,0.5426955551730769,0.4573044448269231,728.0701754385964
29,10,4,285.0,95.0,3.5,0.539573081763286,0.460426918236714,728.0701754385964
30,10,4,295.0,95.0,3.5,0.5365019598022007,0.4634980401977993,728.0701754385964
31,10,4,305.0,95.0,3.5,0.5334741373296813,0.4665258626703187,728.0701754385964
32,10,4,315.0,95.0,3.5,0.5304826883996969,0.4695173116003031,728.0701754385964
33,10,4,325.0,95.0,3.5,0.5275244764904459,0.47247552350955413,728.0701754385964
34,10,4,335.0,95.0,3.5,0.524588978109639,0.475411021890361,728.0701754385964
35,10,4,345.0,95.0,3.5,0.5216664673163951,0.4783335326836049,728.0701754385964
36,10,4,355.0,95.0,3.5,0.5187441850785149,0.48125581492148506,728.0701754385964
37,10,4,365.0,95.0,3.5,0.5158100007691067,0.48418999923089334,728.0701754385964
38,10,4,375.0,95.0,3.5,0.5128449023224616,0.4871550976775384,728.0701754385964
39,10,4,385.0,95.0,3.5,0.5098392236324838,0.4901607763675162,728.0701754385964
40,10,4,395.0,95.0,3.5,0.5067852602520713,0.49321473974792873,728.0701754385964
41,10,4,405.0,95.0,3.5,0.5036592471891423,0.49634075281085765,728.0701754385964
42,10,4,415.0,95.0,3.5,0.5004226578896075,0.4995773421103925,728.0701754385964
43,10,4,425.0,95.0,3.5,0.4970119828320348,0.5029880171679653,728.0701754385964
44,10,4,435.0,95.0,3.5,0.4933390831890237,0.5066609168109764,728.0701754385964
45,10,4,445.0,95.0,3.5,0.48925368276754133,0.5107463172324587,728.0701754385964
46,10,4,455.0,95.0,3.5,0.48444004469415197,0.5155599553058481,728.0701754385964
47,10,4,465.0,95.0,3.5,0.4782021905513905,0.5217978094486095,728.0701754385964
48,10,4,475.0,95.0,3.5,0.4685291929409376,0.5314708070590624,728.0701754385964
49,10,4,485.0,95.0,3.5,0.44710060634107057,0.5528993936589295,728.0701754385964
50,10,4,495.0,95.0,3.5,0.36519222167088833,0.6348077783291117,728.0701754385964
1,1,5,5.0,5.0,4.5,0.6950069208223614,0.3049930791776386,692.9824561403508
2,1,5,15.0,5.0,4.5,0.6876626797865548,0.3123373202134452,692.9824561403508
3,1,5,25.0,5.0,4.5,0.6791785967355227,0.3208214032644773,692.9824561403508
4,1,5,35.0,5.0,4.5,0.6704188162374654,0.32958118376253465,692.9824561403508
5,1,5,45.0,5.0,4.5,0.6618321391700832,0.3381678608299168,692.9824561403508
6,1,5,55.0,5.0,4.5,0.6536211823996779,0.3463788176003221,692.9824561403508
7,1,5,65.0,5.0,4.5,0.645860264192146,0.35413973580785396,692.9824561403508
8,1,5,75.0,5.0,4.5,0.6385633641251881,0.3614366358748119,692.9824561403508
9,1,5,85.0,5.0,4.5,0.631699732235239,0.368300267764761,692.9824561403508
10,1,5,95.0,5.0,4.5,0.6252385038037435,0.37476149619625654,692.9824561403508
11,1,5,105.0,5.0,4.5,0.6191390831790324,0.38086091682096757,692.9824561403508
12,1,5,115.0,5.0,4.5,0.6133602909949759,0.3866397090050241,692.9824561403508
13,1,5,125.0,5.0,4.5,0.6078694718271345,0.39213052817286553,692.9824561403508
14,1,5,135.0,5.0,4.5,0.602636212669952,0.39736378733004796,692.9824561403508
15,1,5,145.0,5.0,4.5,0.5976336554409519,0.4023663445590481,692.9824561403508
16,1,5,155.0,5.0,4.5,0.5928384276679997,0.40716157233200034,692.9824561403508
17,1,5,165.0,5.0,4.5,0.5882304566133375,0.4117695433866625,692.9824561403508
18,1,5,175.0,5.0,4.5,0.5837913244175964,0.4162086755824036,692.9824561403508
19,1,5,185.0,5.0,4.5,0.5795032378388886,0.4204967621611114,692.9824561403508
20,1,5,195.0,5.0,4.5,0.5753477500473398,0.42465224995266015,692.9824561403508
21,1,5,205.0,5.0,4.5,0.5713106008956151,0.42868939910438486,692.9824561403508
22,1,5,215.0,5.0,4.5,0.5673890863287535,0.4326109136712465,692.9824561403508
23,1,5,225.0,5.0,4.5,0.5635737856301916,0.43642621436980844,692.9824561403508
24,1,5,235.0,5.0,4.5,0.5598565584614997,0.44014344153850027,692.9824561403508
25,1,5,245.0,5.0,4.5,0.5562319934990321,0.4437680065009679,692.9824561403508
26,1,5,255.0,5.0,4.5,0.552690919155675,0.44730908084432497,692.9824561403508
27,1,5,265.0,5.0,4.5,0.5492259969566676,0.45077400304333237,692.9824561403508
28,1,5,275.0,5.0,4.5,0.5458332384993686,0.4541667615006314,692.9824561403508
29,1,5,285.0,5.0,4.5,0.5425077837998737,0.45749221620012626,692.9824561403508
30,1,5,295.0,5.0,4.5,0.5392402556806882,0.46075974431931177,692.9824561403508
31,1,5,305.0,5.0,4.5,0.5360268101425452,0.46397318985745484,692.9824561403508
32,1,5,315.0,5.0,4.5,0.5328644693193003,0.4671355306806997,692.9824561403508
33,1,5,325.0,5.0,4.5,0.5297454028346446,0.47025459716535545,692.9824561403508
34,1,5,335.0,5.0,4.5,0.5266634164555395,0.4733365835444605,692.9824561403508
35,1,5,345.0,5.0,4.5,0.5236115116981996,0.47638848830180036,692.9824561403508
36,1,5,355.0,5.0,4.5,0.5205863005430961,0.47941369945690393,692.9824561403508
37,1,5,365.0,5.0,4.5,0.5175802917504811,0.48241970824951885,692.9824561403508
38,1,5,375.0,5.0,4.5,0.5145769104231759,0.4854230895768241,692.9824561403508
39,1,5,385.0,5.0,4.5,0.5115648927938607,0.48843510720613925,692.9824561403508
40,1,5,395.0,5.0,4.5,0.50853038848327,0.49146961151672997,692.9824561403508
41,1,5,405.0,5.0,4.5,0.505441640620667,0.494558359379333,692.9824561403508
42,1,5,415.0,5.0,4.5,0.5022396562134979,0.49776034378650214,692.9824561403508
43,1,5,425.0,5.0,4.5,0.49883803451401076,0.5011619654859892,692.9824561403508
44,1,5,435.0,5.0,4.5,0.4952734854923028,0.5047265145076971,692.9824561403508
45,1,5,445.0,5.0,4.5,0.4914491155657104,0.5085508844342896,692.9824561403508
46,1,5,455.0,5.0,4.5,0.4871796050378903,0.5128203949621097,692.9824561403508
47,1,5,465.0,5.0,4.5,0.48212092432976383,0.5178790756702362,692.9824561403508
48,1,5,475.0,5.0,4.5,0.47538041478820553,0.5246195852117945,692.9824561403508
49,1,5,485.0,5.0,4.5,0.46358318155611605,0.536416818443884,692.9824561403508
50,1,5,495.0,5.0,4.5,0.4232239705122953,0.5767760294877047,692.9824561403508
1,2,5,5.0,15.0,4.5,0.7412528031717561,0.2587471968282439,692.9824561403508
2,2,5,15.0,15.0,4.5,0.7321215733386451,0.26787842666135486,692.9824561403508
3,2,5,25.0,15.0,4.5,0.7218112746139782,0.2781887253860218,692.9824561403508
4,2,5,35.0,15.0,4.5,0.7113741133500615,0.2886258866499385,692.9824561403508
5,2,5,45.0,15.0,4.5,0.7013289314523764,0.2986710685476236,692.9824561403508
6,2,5,55.0,15.0,4.5,0.691883590892049,0.308116409107951,692.9824561403508
7,2,5,65.0,15.0,4.5,0.6830860391256874,0.31691396087431256,692.9824561403508
8,2,5,75.0,15.0,4.5,0.674907986708292,0.325092013291708,692.9824561403508
9,2,5,85.0,15.0,4.5,0.6673003690929459,0.3326996309070541,692.9824561403508
10,2,5,95.0,15.0,4.5,0.6601948129397155,0.3398051870602845,692.9824561403508
11,2,5,105.0,15.0,4.5,0.6535378123405833,0.3464621876594167,692.9824561403508
12,2,5,115.0,15.0,4.5,0.6472675682656005,0.3527324317343995,692.9824561403508
13,2,5,125.0,15.0,4.5,0.6413430345150034,0.3586569654849966,692.9824561403508
14,2,5,135.0,15.0,4.5,0.6357227740422999,0.36427722595770007,692.9824561403508
15,2,5,145.0,15.0,4.5,0.6303718297901871,0.36962817020981287,692.9824561403508
16,2,5,155.0,15.0,4.5,0.6252606547731733,0.3747393452268267,692.9824561403508
17,2,5,165.0,15.0,4.5,0.620364257298396,0.37963574270160405,692.9824561403508
18,2,5,175.0,15.0,4.5,0.6156606086965387,0.3843393913034613,692.9824561403508
19,2,5,185.0,15.0,4.5,0.6111300776187905,0.38886992238120954,692.9824561403508
20,2,5,195.0,15.0,4.5,0.6067534865855269,0.39324651341447314,692.9824561403508
21,2,5,205.0,15.0,4.5,0.6025126402095018,0.3974873597904982,692.9824561403508
22,2,5,215.0,15.0,4.5,0.5983933371059099,0.4016066628940901,692.9824561403508
23,2,5,225.0,15.0,4.5,0.5943908825498067,0.40560911745019335,692.9824561403508
24,2,5,235.0,15.0,4.5,0.5904955910691517,0.4095044089308483,692.9824561403508
25,2,5,245.0,15.0,4.5,0.5866994365896612,0.41330056341033883,692.9824561403508
26,2,5,255.0,15.0,4.5,0.5829913401514559,0.41700865984854407,692.9824561403508
27,2,5,265.0,15.0,4.5,0.5793627729300417,0.4206372270699583,692.9824561403508
28,2,5,275.0,15.0,4.5,0.5758077024004035,0.42419229759959654,692.9824561403508
29,2,5,285.0,15.0,4.5,0.5723203499774332,0.4276796500225668,692.9824561403508
30,2,5,295.0,15.0,4.5,0.5688904309290318,0.4311095690709682,692.9824561403508
31,2,5,305.0,15.0,4.5,0.5655118382595447,0.43448816174045535,692.9824561403508
32,2,5,315.0,15.0,4.5,0.5621812348168849,0.43781876518311513,692.9824561403508
33,2,5,325.0,15.0,4.5,0.5588894394876941,0.4411105605123059,692.9824561403508
34,2,5,335.0,15.0,4.5,0.5556300194178712,0.44436998058212884,692.9824561403508
35,2,5,345.0,15.0,4.5,0.5523981102700266,0.4476018897299734,692.9824561403508
36,2,5,355.0,15.0,4.5,0.5491852331910626,0.4508147668089374,692.9824561403508
37,2,5,365.0,15.0,4.5,0.5459867081536564,0.45401329184634365,692.9824561403508
38,2,5,375.0,15.0,4.5,0.5427937636720211,0.45720623632797885,692.9824561403508
39,2,5,385.0,15.0,4.5,0.5395935028236482,0.46040649717635185,692.9824561403508
40,2,5,395.0,15.0,4.5,0.5363780929006509,0.46362190709934914,692.9824561403508
41,2,5,405.0,15.0,4.5,0.5331304832568576,0.46686951674314237,692.9824561403508
42,2,5,415.0,15.0,4.5,0.5298187385129133,0.4701812614870867,692.9824561403508
43,2,5,425.0,15.0,4.5,0.5263915864101478,0.4736084135898522,692.9824561403508
44,2,5,435.0,15.0,4.5,0.5226643150037594,0.4773356849962406,692.9824561403508
45,2,5,445.0,15.0,4.5,0.5184057470695291,0.48159425293047087,692.9824561403508
46,2,5,455.0,15.0,4.5,0.5131785056483006,0.4868214943516994,692.9824561403508
47,2,5,465.0,15.0,4.5,0.5062794763719123,0.4937205236280877,692.9824561403508
48,2,5,475.0,15.0,4.5,0.4965264974810288,0.5034735025189712,692.9824561403508
49,2,5,485.0,15.0,4.5,0.48091581329231076,0.5190841867076892,692.9824561403508
50,2,5,495.0,15.0,4.5,0.44013598341265736,0.5598640165873426,692.9824561403508
1,3,5,5.0,25.0,4.5,0.7672308300288267,0.23276916997117325,692.9824561403508
2,3,5,15.0,25.0,4.5,0.7570693738612561,0.24293062613874394,692.9824561403508
3,3,5,25.0,25.0,4.5,0.745580445527114,0.254419554472886,692.9824561403508
4,3,5,35.0,25.0,4.5,0.7339664287105463,0.2660335712894537,692.9824561403508
5,3,5,45.0,25.0,4.5,0.7228510641346861,0.27714893586531386,692.9824561403508
6,3,5,55.0,25.0,4.5,0.7124907801852989,0.2875092198147011,692.9824561403508
7,3,5,65.0,25.0,4.5,0.7029187692824579,0.2970812307175421,692.9824561403508
8,3,5,75.0,25.0,4.5,0.6940817147892522,0.3059182852107478,692.9824561403508
9,3,5,85.0,25.0,4.5,0.6859127016197832,0.31408729838021676,692.9824561403508
10,3,5,95.0,25.0,4.5,0.6783204158560043,0.32167958414399567,692.9824561403508
11,3,5,105.0,25.0,4.5,0.67121345913473,0.32878654086527004,692.9824561403508
12,3,5,115.0,25.0,4.5,0.6645376390164962,0.3354623609835038,692.9824561403508
13,3,5,125.0,25.0,4.5,0.6582325918054086,0.3417674081945914,692.9824561403508
14,3,5,135.0,25.0,4.5,0.6522579906239546,0.3477420093760454,692.9824561403508
15,3,5,145.0,25.0,4.5,0.6465779991191855,0.35342200088081455,692.9824561403508
16,3,5,155.0,25.0,4.5,0.6411569504121765,0.35884304958782354,692.9824561403508
17,3,5,165.0,25.0,4.5,0.6359656340175515,0.36403436598244854,692.9824561403508
18,3,5,175.0,25.0,4.5,0.6309791074509484,0.36902089254905157,692.9824561403508
19,3,5,185.0,25.0,4.5,0.6261759922647715,0.3738240077352285,692.9824561403508
20,3,5,195.0,25.0,4.5,0.6215374784796768,0.3784625215203232,692.9824561403508
21,3,5,205.0,25.0,4.5,0.6170456647307396,0.38295433526926037,692.9824561403508
22,3,5,215.0,25.0,4.5,0.6126840291377628,0.38731597086223724,692.9824561403508
23,3,5,225.0,25.0,4.5,0.6084362157346886,0.39156378426531135,692.9824561403508
24,3,5,235.0,25.0,4.5,0.6042964883696667,0.39570351163033335,692.9824561403508
25,3,5,245.0,25.0,4.5,0.6002573708081057,0.3997426291918943,692.9824561403508
26,3,5,255.0,25.0,4.5,0.5963108454255195,0.4036891545744805,692.9824561403508
27,3,5,265.0,25.0,4.5,0.5924466841063886,0.40755331589361143,692.9824561403508
28,3,5,275.0,25.0,4.5,0.5886564721587285,0.4113435278412715,692.9824561403508
29,3,5,285.0,25.0,4.5,0.5849330977199784,0.41506690228002163,692.9824561403508
30,3,5,295.0,25.0,4.5,0.5812719570415936,0.4187280429584064,692.9824561403508
31,3,5,305.0,25.0,4.5,0.5776639429681644,0.42233605703183563,692.9824561403508
32,3,5,315.0,25.0,4.5,0.5741022738177541,0.42589772618224586,692.9824561403508
33,3,5,325.0,25.0,4.5,0.5705820627588584,0.42941793724114163,692.9824561403508
34,3,5,335.0,25.0,4.5,0.5670985921860509,0.43290140781394915,692.9824561403508
35,3,5,345.0,25.0,4.5,0.5636426017551559,0.4363573982448441,692.9824561403508
36,3,5,355.0,25.0,4.5,0.5602093911884154,0.4397906088115846,692.9824561403508
37,3,5,365.0,25.0,4.5,0.5567960381782843,0.44320396182171573,692.9824561403508
38,3,5,375.0,25.0,4.5,0.5533927281839658,0.4466072718160342,692.9824561403508
39,3,5,385.0,25.0,4.5,0.5499919343046349,0.4500080656953651,692.9824561403508
40,3,5,395.0,25.0,4.5,0.5465899939636744,0.45341000603632564,692.9824561403508
41,3,5,405.0,25.0,4.5,0.5431745709599357,0.4568254290400643,692.9824561403508
42,3,5,415.0,25.0,4.5,0.5397293385747562,0.46027066142524375,692.9824561403508
43,3,5,425.0,25.0,4.5,0.5362308580166515,0.4637691419833485,692.9824561403508
44,3,5,435.0,25.0,4.5,0.5325445054268326,0.4674554945731674,692.9824561403508
45,3,5,445.0,25.0,4.5,0.5285598603185842,0.47144013968141585,692.9824561403508
46,3,5,455.0,25.0,4.5,0.5239653203981067,0.4760346796018933,692.9824561403508
47,3,5,465.0,25.0,4.5,0.5180920784618256,0.4819079215381744,692.9824561403508
48,3,5,475.0,25.0,4.5,0.5095387734117647,0.4904612265882353,692.9824561403508
49,3,5,485.0,25.0,4.5,0.4951175730284458,0.5048824269715542,692.9824561403508
50,3,5,495.0,25.0,4.5,0.4590100013837197,0.5409899986162803,692.9824561403508
1,4,5,5.0,35.0,4.5,0.7841840539284646,0.21581594607153542,692.9824561403508
2,4,5,15.0,35.0,4.5,0.77393491820164,0.22606508179836005,692.9824561403508
3,4,5,25.0,35.0,4.5,0.7618178160613468,0.2381821839386532,692.9824561403508
4,4,5,35.0,35.0,4.5,0.7493471760667438,0.25065282393325616,692.9824561403508
5,4,5,45.0,35.0,4.5,0.7373906044660512,0.2626093955339488,692.9824561403508
6,4,5,55.0,35.0,4.5,0.7264030698692989,0.2735969301307011,692.9824561403508
7,4,5,65.0,35.0,4.5,0.716333621941998,0.283666378058002,692.9824561403508
8,4,5,75.0,35.0,4.5,0.7070738496911336,0.2929261503088664,692.9824561403508
9,4,5,85.0,35.0,4.5,0.6985022938198815,0.3014977061801185,692.9824561403508
10,4,5,95.0,35.0,4.5,0.6905348640030304,0.30946513599696956,692.9824561403508
11,4,5,105.0,35.0,4.5,0.6831019325658493,0.3168980674341507,692.9824561403508
12,4,5,115.0,35.0,4.5,0.6761188827238208,0.3238811172761792,692.9824561403508
13,4,5,125.0,35.0,4.5,0.6695354782916789,0.3304645217083211,692.9824561403508
14,4,5,135.0,35.0,4.5,0.6632882519059845,0.3367117480940155,692.9824561403508
15,4,5,145.0,35.0,4.5,0.6573369043821049,0.3426630956178951,692.9824561403508
16,4,5,155.0,35.0,4.5,0.6516514185900109,0.34834858140998914,692.9824561403508
17,4,5,165.0,35.0,4.5,0.6462031214575257,0.3537968785424743,692.9824561403508
18,4,5,175.0,35.0,4.5,0.6409669999284269,0.3590330000715731,692.9824561403508
19,4,5,185.0,35.0,4.5,0.6359219533381665,0.3640780466618335,692.9824561403508
20,4,5,195.0,35.0,4.5,0.6310495701571276,0.3689504298428724,692.9824561403508
21,4,5,205.0,35.0,4.5,0.6263341587145159,0.3736658412854841,692.9824561403508
22,4,5,215.0,35.0,4.5,0.6217603905318985,0.37823960946810153,692.9824561403508
23,4,5,225.0,35.0,4.5,0.6173126573085748,0.38268734269142524,692.9824561403508
24,4,5,235.0,35.0,4.5,0.6129756748968185,0.3870243251031815,692.9824561403508
25,4,5,245.0,35.0,4.5,0.6087418430285203,0.3912581569714797,692.9824561403508
26,4,5,255.0,35.0,4.5,0.6046054139625278,0.39539458603747224,692.9824561403508
27,4,5,265.0,35.0,4.5,0.6005582441199583,0.3994417558800417,692.9824561403508
28,4,5,275.0,35.0,4.5,0.5965925500714455,0.4034074499285545,692.9824561403508
29,4,5,285.0,35.0,4.5,0.592699199394219,0.407300800605781,692.9824561403508
30,4,5,295.0,35.0,4.5,0.5888707551577286,0.4111292448422714,692.9824561403508
31,4,5,305.0,35.0,4.5,0.5851005441852628,0.4148994558147372,692.9824561403508
32,4,5,315.0,35.0,4.5,0.5813846579154427,0.4186153420845573,692.9824561403508
33,4,5,325.0,35.0,4.5,0.5777146562000302,0.42228534379996985,692.9824561403508
34,4,5,335.0,35.0,4.5,0.5740840696601456,0.4259159303398544,692.9824561403508
35,4,5,345.0,35.0,4.5,0.570488143887694,0.429511856112306,692.9824561403508
36,4,5,355.0,35.0,4.5,0.5669230336935304,0.43307696630646964,692.9824561403508
37,4,5,365.0,35.0,4.5,0.5633810872856034,0.43661891271439657,692.9824561403508
38,4,5,375.0,35.0,4.5,0.5598570937825432,0.4401429062174568,692.9824561403508
39,4,5,385.0,35.0,4.5,0.5563482179407592,0.44365178205924083,692.9824561403508
40,4,5,395.0,35.0,4.5,0.552847213735632,0.44715278626436805,692.9824561403508
41,4,5,405.0,35.0,4.5,0.5493486455364561,0.4506513544635439,692.9824561403508
42,4,5,415.0,35.0,4.5,0.5458478267411643,0.4541521732588357,692.9824561403508
43,4,5,425.0,35.0,4.5,0.5423379150007192,0.45766208499928085,692.9824561403508
44,4,5,435.0,35.0,4.5,0.5388093187638131,0.4611906812361869,692.9824561403508
45,4,5,445.0,35.0,4.5,0.5351248561210187,0.4648751438789813,692.9824561403508
46,4,5,455.0,35.0,4.5,0.531079516472417,0.468920483527583,692.9824561403508
47,4,5,465.0,35.0,4.5,0.5263155042905883,0.47368449570941173,692.9824561403508
48,4,5,475.0,35.0,4.5,0.5196696151899757,0.4803303848100243,692.9824561403508
49,4,5,485.0,35.0,4.5,0.508166659100101,0.49183334089989905,692.9824561403508
50,4,5,495.0,35.0,4.5,0.4796845679184125,0.5203154320815875,692.9824561403508
1,5,5,5.0,45.0,4.5,0.795388207073339,0.20461179292666098,692.9824561403508
2,5,5,15.0,45.0,4.5,0.7868146548204563,0.21318534517954368,692.9824561403508
3,5,5,25.0,45.0,4.5,0.7748843559096673,0.2251156440903327,692.9824561403508
4,5,5,35.0,45.0,4.5,0.7620873609340731,0.23791263906592686,692.9824561403508
5,5,5,45.0,45.0,4.5,0.7497917273692368,0.2502082726307632,692.9824561403508
6,5,5,55.0,45.0,4.5,0.7382922368904107,0.2617077631095893,692.9824561403508
7,5,5,65.0,45.0,4.5,0.7277288352117756,0.27227116478822444,692.9824561403508
8,5,5,75.0,45.0,4.5,0.7180531534593271,0.2819468465406729,692.9824561403508
9,5,5,85.0,45.0,4.5,0.7091509471355144,0.2908490528644856,692.9824561403508
10,5,5,95.0,45.0,4.5,0.7009104223367262,0.2990895776632738,692.9824561403508
11,5,5,105.0,45.0,4.5,0.693241450320537,0.30675854967946303,692.9824561403508
12,5,5,115.0,45.0,4.5,0.6860490681428836,0.3139509318571164,692.9824561403508
13,5,5,125.0,45.0,4.5,0.679279374228051,0.32072062577194904,692.9824561403508
14,5,5,135.0,45.0,4.5,0.6728656055085858,0.32713439449141424,692.9824561403508
15,5,5,145.0,45.0,4.5,0.6667662586518472,0.33323374134815276,692.9824561403508
16,5,5,155.0,45.0,4.5,0.6609457289941901,0.33905427100580987,692.9824561403508
17,5,5,165.0,45.0,4.5,0.6553713398443528,0.3446286601556472,692.9824561403508
18,5,5,175.0,45.0,4.5,0.6500153836845179,0.34998461631548206,692.9824561403508
19,5,5,185.0,45.0,4.5,0.6448554156175567,0.35514458438244334,692.9824561403508
20,5,5,195.0,45.0,4.5,0.6398704406195616,0.36012955938043845,692.9824561403508
21,5,5,205.0,45.0,4.5,0.635041932064144,0.36495806793585595,692.9824561403508
22,5,5,215.0,45.0,4.5,0.6303537745618115,0.3696462254381885,692.9824561403508
23,5,5,225.0,45.0,4.5,0.6257909361698654,0.37420906383013464,692.9824561403508
24,5,5,235.0,45.0,4.5,0.6213399459462203,0.37866005405377967,692.9824561403508
25,5,5,245.0,45.0,4.5,0.6169877739150809,0.38301222608491914,692.9824561403508
26,5,5,255.0,45.0,4.5,0.6127306868982844,0.38726931310171564,692.9824561403508
27,5,5,265.0,45.0,4.5,0.6085610904621763,0.3914389095378237,692.9824561403508
28,5,5,275.0,45.0,4.5,0.6044706522555052,0.3955293477444948,692.9824561403508
29,5,5,285.0,45.0,4.5,0.6004523832571341,0.3995476167428659,692.9824561403508
30,5,5,295.0,45.0,4.5,0.5964997184578306,0.40350028154216944,692.9824561403508
31,5,5,305.0,45.0,4.5,0.5926043867689986,0.4073956132310014,692.9824561403508
32,5,5,315.0,45.0,4.5,0.5887592284317889,0.41124077156821115,692.9824561403508
33,5,5,325.0,45.0,4.5,0.5849570839516293,0.41504291604837074,692.9824561403508
34,5,5,335.0,45.0,4.5,0.5811921779416497,0.4188078220583503,692.9824561403508
35,5,5,345.0,45.0,4.5,0.5774548451583523,0.4225451548416477,692.9824561403508
36,5,5,355.0,45.0,4.5,0.5737373586797857,0.4262626413202143,692.9824561403508
37,5,5,365.0,45.0,4.5,0.5700311121340994,0.4299688878659006,692.9824561403508
38,5,5,375.0,45.0,4.5,0.566329965501923,0.43367003449807695,692.9824561403508
39,5,5,385.0,45.0,4.5,0.5626219515166251,0.4373780484833749,692.9824561403508
40,5,5,395.0,45.0,4.5,0.5588962116253186,0.44110378837468145,692.9824561403508
41,5,5,405.0,45.0,4.5,0.5551411824203203,0.4448588175796797,692.9824561403508
42,5,5,415.0,45.0,4.5,0.55134647962145,0.44865352037855,692.9824561403508
43,5,5,425.0,45.0,4.5,0.5474975419161475,0.4525024580838525,692.9824561403508
44,5,5,435.0,45.0,4.5,0.5435793161720333,0.45642068382796674,692.9824561403508
45,5,5,445.0,45.0,4.5,0.539571347514765,0.460428652485235,692.9824561403508
46,5,5,455.0,45.0,4.5,0.5354215698296855,0.4645784301703145,692.9824561403508
47,5,5,465.0,45.0,4.5,0.5307410942586493,0.46925890574135065,692.9824561403508
48,5,5,475.0,45.0,4.5,0.5243932091751996,0.4756067908248004,692.9824561403508
49,5,5,485.0,45.0,4.5,0.512605667534884,0.487394332465116,692.9824561403508
50,5,5,495.0,45.0,4.5,0.48249896852382235,0.5175010314761777,692.9824561403508
1,6,5,5.0,55.0,4.5,0.7848979285155729,0.21510207148442706,692.9824561403508
2,6,5,15.0,55.0,4.5,0.7752231267831406,0.22477687321685935,692.9824561403508
3,6,5,25.0,55.0,4.5,0.7637544859554969,0.2362455140445031,692.9824561403508
4,6,5,35.0,55.0,4.5,0.7518326784136913,0.24816732158630872,692.9824561403508
5,6,5,45.0,55.0,4.5,0.7403208325039472,0.2596791674960528,692.9824561403508
6,6,5,55.0,55.0,4.5,0.7295430450186435,0.27045695498135647,692.9824561403508
7,6,5,65.0,55.0,4.5,0.7195625419791992,0.2804374580208008,692.9824561403508
8,6,5,75.0,55.0,4.5,0.7103385771184542,0.28966142288154584,692.9824561403508
9,6,5,85.0,55.0,4.5,0.7017926367543542,0.2982073632456458,692.9824561403508
10,6,5,95.0,55.0,4.5,0.6938349955830398,0.30616500441696015,692.9824561403508
11,6,5,105.0,55.0,4.5,0.6863853854795006,0.31361461452049944,692.9824561403508
12,6,5,115.0,55.0,4.5,0.6793850636909173,0.32061493630908267,692.9824561403508
13,6,5,125.0,55.0,4.5,0.6727681602710286,0.3272318397289714,692.9824561403508
14,6,5,135.0,55.0,4.5,0.6664886401468505,0.3335113598531495,692.9824561403508
15,6,5,145.0,55.0,4.5,0.6605096994101046,0.3394903005898954,692.9824561403508
16,6,5,155.0,55.0,4.5,0.6547957177059498,0.3452042822940502,692.9824561403508
17,6,5,165.0,55.0,4.5,0.6493164555683356,0.3506835444316644,692.9824561403508
18,6,5,175.0,55.0,4.5,0.6440481400833306,0.35595185991666944,692.9824561403508
19,6,5,185.0,55.0,4.5,0.6389704940068548,0.3610295059931452,692.9824561403508
20,6,5,195.0,55.0,4.5,0.634064257005771,0.36593574299422904,692.9824561403508
21,6,5,205.0,55.0,4.5,0.6293121791559744,0.37068782084402563,692.9824561403508
22,6,5,215.0,55.0,4.5,0.6246986518042433,0.37530134819575667,692.9824561403508
23,6,5,225.0,55.0,4.5,0.6202091469437353,0.3797908530562647,692.9824561403508
24,6,5,235.0,55.0,4.5,0.6158297382541608,0.38417026174583924,692.9824561403508
25,6,5,245.0,55.0,4.5,0.6115483214751491,0.38845167852485085,692.9824561403508
26,6,5,255.0,55.0,4.5,0.607361658238575,0.392638341761425,692.9824561403508
27,6,5,265.0,55.0,4.5,0.6032609707218983,0.3967390292781017,692.9824561403508
28,6,5,275.0,55.0,4.5,0.5992377706925027,0.4007622293074973,692.9824561403508
29,6,5,285.0,55.0,4.5,0.5952845411211528,0.4047154588788472,692.9824561403508
30,6,5,295.0,55.0,4.5,0.5913952180694169,0.40860478193058314,692.9824561403508
31,6,5,305.0,55.0,4.5,0.5875608787224852,0.4124391212775148,692.9824561403508
32,6,5,315.0,55.0,4.5,0.5837737315141539,0.4162262684858461,692.9824561403508
33,6,5,325.0,55.0,4.5,0.5800272205941139,0.41997277940588607,692.9824561403508
34,6,5,335.0,55.0,4.5,0.5763187768946333,0.4236812231053667,692.9824561403508
35,6,5,345.0,55.0,4.5,0.5726390796197082,0.42736092038029183,692.9824561403508
36,6,5,355.0,55.0,4.5,0.5689771416058089,0.4310228583941911,692.9824561403508
37,6,5,365.0,55.0,4.5,0.5653225386235132,0.4346774613764868,692.9824561403508
38,6,5,375.0,55.0,4.5,0.5616669064043117,0.4383330935956883,692.9824561403508
39,6,5,385.0,55.0,4.5,0.5579962199807925,0.4420037800192075,692.9824561403508
40,6,5,395.0,55.0,4.5,0.5542953432796963,0.4457046567203037,692.9824561403508
41,6,5,405.0,55.0,4.5,0.5505469361856187,0.4494530638143813,692.9824561403508
42,6,5,415.0,55.0,4.5,0.5467281780584281,0.4532718219415719,692.9824561403508
43,6,5,425.0,55.0,4.5,0.5428035784988628,0.45719642150113715,692.9824561403508
44,6,5,435.0,55.0,4.5,0.5387175504558724,0.46128244954412756,692.9824561403508
45,6,5,445.0,55.0,4.5,0.534366584367397,0.46563341563260296,692.9824561403508
46,6,5,455.0,55.0,4.5,0.5295134612401851,0.47048653875981494,692.9824561403508
47,6,5,465.0,55.0,4.5,0.5235288910840635,0.47647110891593647,692.9824561403508
48,6,5,475.0,55.0,4.5,0.5146323802943487,0.48536761970565134,692.9824561403508
49,6,5,485.0,55.0,4.5,0.4975086534800355,0.5024913465199645,692.9824561403508
50,6,5,495.0,55.0,4.5,0.4527911781069234,0.5472088218930766,692.9824561403508
1,7,5,5.0,65.0,4.5,0.7697731779941549,0.2302268220058451,692.9824561403508
2,7,5,15.0,65.0,4.5,0.7603305107571118,0.23966948924288822,692.9824561403508
3,7,5,25.0,65.0,4.5,0.7495253090400735,0.25047469095992647,692.9824561403508
4,7,5,35.0,65.0,4.5,0.7384423262757814,0.26155767372421856,692.9824561403508
5,7,5,45.0,65.0,4.5,0.7277076210682114,0.2722923789317886,692.9824561403508
6,7,5,55.0,65.0,4.5,0.7175975743696168,0.2824024256303832,692.9824561403508
7,7,5,65.0,65.0,4.5,0.7081823252771492,0.2918176747228508,692.9824561403508
8,7,5,75.0,65.0,4.5,0.6994356892809972,0.3005643107190028,692.9824561403508
9,7,5,85.0,65.0,4.5,0.6912982348135419,0.3087017651864581,692.9824561403508
10,7,5,95.0,65.0,4.5,0.6837045593084872,0.31629544069151283,692.9824561403508
11,7,5,105.0,65.0,4.5,0.6765796991500512,0.32342030084994877,692.9824561403508
12,7,5,115.0,65.0,4.5,0.6698736282155001,0.3301263717844999,692.9824561403508
13,7,5,125.0,65.0,4.5,0.663531284004624,0.336468715995376,692.9824561403508
14,7,5,135.0,65.0,4.5,0.6575056931480276,0.34249430685197235,692.9824561403508
15,7,5,145.0,65.0,4.5,0.6517644692556122,0.34823553074438784,692.9824561403508
16,7,5,155.0,65.0,4.5,0.6462755909009774,0.3537244090990226,692.9824561403508
17,7,5,165.0,65.0,4.5,0.6410115331904026,0.3589884668095974,692.9824561403508
18,7,5,175.0,65.0,4.5,0.6359490137805396,0.3640509862194604,692.9824561403508
19,7,5,185.0,65.0,4.5,0.631067531882578,0.368932468117422,692.9824561403508
20,7,5,195.0,65.0,4.5,0.6263490068888495,0.37365099311115046,692.9824561403508
21,7,5,205.0,65.0,4.5,0.6217765985421351,0.3782234014578649,692.9824561403508
22,7,5,215.0,65.0,4.5,0.6173344395688739,0.3826655604311261,692.9824561403508
23,7,5,225.0,65.0,4.5,0.6130070236866215,0.3869929763133785,692.9824561403508
24,7,5,235.0,65.0,4.5,0.6087824195262127,0.3912175804737873,692.9824561403508
25,7,5,245.0,65.0,4.5,0.6046567281944814,0.39534327180551865,692.9824561403508
26,7,5,255.0,65.0,4.5,0.6006217051466165,0.3993782948533835,692.9824561403508
27,7,5,265.0,65.0,4.5,0.5966691828252456,0.4033308171747544,692.9824561403508
28,7,5,275.0,65.0,4.5,0.5927891941631194,0.40721080583688063,692.9824561403508
29,7,5,285.0,65.0,4.5,0.588974010595278,0.411025989404722,692.9824561403508
30,7,5,295.0,65.0,4.5,0.5852163185868399,0.41478368141316013,692.9824561403508
31,7,5,305.0,65.0,4.5,0.5815112208159127,0.41848877918408733,692.9824561403508
32,7,5,315.0,65.0,4.5,0.5778492834662312,0.4221507165337688,692.9824561403508
33,7,5,325.0,65.0,4.5,0.5742222078185615,0.4257777921814385,692.9824561403508
34,7,5,335.0,65.0,4.5,0.5706237149729105,0.42937628502708947,692.9824561403508
35,7,5,345.0,65.0,4.5,0.5670472007076889,0.4329527992923111,692.9824561403508
36,7,5,355.0,65.0,4.5,0.5634847563631734,0.4365152436368266,692.9824561403508
37,7,5,365.0,65.0,4.5,0.559927114987438,0.44007288501256203,692.9824561403508
38,7,5,375.0,65.0,4.5,0.5563579632512565,0.4436420367487435,692.9824561403508
39,7,5,385.0,65.0,4.5,0.552759590528951,0.44724040947104904,692.9824561403508
40,7,5,395.0,65.0,4.5,0.5491113668586985,0.45088863314130145,692.9824561403508
41,7,5,405.0,65.0,4.5,0.5453860271416547,0.45461397285834526,692.9824561403508
42,7,5,415.0,65.0,4.5,0.5415442511812941,0.4584557488187059,692.9824561403508
43,7,5,425.0,65.0,4.5,0.5375214855554272,0.4624785144445728,692.9824561403508
44,7,5,435.0,65.0,4.5,0.5332103083793079,0.46678969162069206,692.9824561403508
45,7,5,445.0,65.0,4.5,0.5284094260693978,0.4715905739306022,692.9824561403508
46,7,5,455.0,65.0,4.5,0.5226944442368583,0.4773055557631417,692.9824561403508
47,7,5,465.0,65.0,4.5,0.5150847553407086,0.48491524465929137,692.9824561403508
48,7,5,475.0,65.0,4.5,0.5031412157954048,0.49685878420459517,692.9824561403508
49,7,5,485.0,65.0,4.5,0.4798548584473899,0.5201451415526102,692.9824561403508
50,7,5,495.0,65.0,4.5,0.41985437189199337,0.5801456281080066,692.9824561403508
1,8,5,5.0,75.0,4.5,0.7485725927464604,0.2514274072535396,692.9824561403508
2,8,5,15.0,75.0,4.5,0.7400894876499413,0.2599105123500587,692.9824561403508
3,8,5,25.0,75.0,4.5,0.7303453349252863,0.2696546650747137,692.9824561403508
4,8,5,35.0,75.0,4.5,0.720321804452182,0.27967819554781803,692.9824561403508
5,8,5,45.0,75.0,4.5,0.7105507631973328,0.2894492368026672,692.9824561403508
6,8,5,55.0,75.0,4.5,0.701276340968251,0.298723659031749,692.9824561403508
7,8,5,65.0,75.0,4.5,0.6925782527133174,0.3074217472866826,692.9824561403508
8,8,5,75.0,75.0,4.5,0.6844497286700638,0.3155502713299362,692.9824561403508
9,8,5,85.0,75.0,4.5,0.6768532985441794,0.3231467014558206,692.9824561403508
10,8,5,95.0,75.0,4.5,0.6697371394755606,0.33026286052443943,692.9824561403508
11,8,5,105.0,75.0,4.5,0.6630478370315686,0.33695216296843145,692.9824561403508
12,8,5,115.0,75.0,4.5,0.6567326955354903,0.3432673044645097,692.9824561403508
13,8,5,125.0,75.0,4.5,0.6507531047444775,0.34924689525552255,692.9824561403508
14,8,5,135.0,75.0,4.5,0.6450692881506819,0.3549307118493181,692.9824561403508
15,8,5,145.0,75.0,4.5,0.6396478005713134,0.36035219942868657,692.9824561403508
16,8,5,155.0,75.0,4.5,0.634460156483185,0.365539843516815,692.9824561403508
17,8,5,165.0,75.0,4.5,0.6294826643771579,0.37051733562284206,692.9824561403508
18,8,5,175.0,75.0,4.5,0.6246936502240626,0.37530634977593735,692.9824561403508
19,8,5,185.0,75.0,4.5,0.6200735828641042,0.3799264171358958,692.9824561403508
20,8,5,195.0,75.0,4.5,0.6156050969961421,0.3843949030038579,692.9824561403508
21,8,5,205.0,75.0,4.5,0.611270436010643,0.388729563989357,692.9824561403508
22,8,5,215.0,75.0,4.5,0.6070529707022366,0.3929470292977634,692.9824561403508
23,8,5,225.0,75.0,4.5,0.6029471538258871,0.39705284617411285,692.9824561403508
24,8,5,235.0,75.0,4.5,0.598943896996867,0.401056103003133,692.9824561403508
25,8,5,245.0,75.0,4.5,0.5950333389758502,0.4049666610241498,692.9824561403508
26,8,5,255.0,75.0,4.5,0.5912088752957373,0.4087911247042627,692.9824561403508
27,8,5,265.0,75.0,4.5,0.5874598588972159,0.41254014110278414,692.9824561403508
28,8,5,275.0,75.0,4.5,0.5837779425297234,0.41622205747027663,692.9824561403508
29,8,5,285.0,75.0,4.5,0.5801553174380389,0.41984468256196106,692.9824561403508
30,8,5,295.0,75.0,4.5,0.5765871489404552,0.42341285105954485,692.9824561403508
31,8,5,305.0,75.0,4.5,0.5730636325684003,0.4269363674315997,692.9824561403508
32,8,5,315.0,75.0,4.5,0.5695768515675584,0.43042314843244156,692.9824561403508
33,8,5,325.0,75.0,4.5,0.5661205984616701,0.43387940153832993,692.9824561403508
34,8,5,335.0,75.0,4.5,0.5626862980829394,0.43731370191706065,692.9824561403508
35,8,5,345.0,75.0,4.5,0.559263848813422,0.44073615118657805,692.9824561403508
36,8,5,355.0,75.0,4.5,0.5558444394961465,0.4441555605038535,692.9824561403508
37,8,5,365.0,75.0,4.5,0.5524194535701422,0.4475805464298578,692.9824561403508
38,8,5,375.0,75.0,4.5,0.5489778842658237,0.4510221157341763,692.9824561403508
39,8,5,385.0,75.0,4.5,0.545489677303402,0.45451032269659797,692.9824561403508
40,8,5,395.0,75.0,4.5,0.5419274375655578,0.45807256243444217,692.9824561403508
41,8,5,405.0,75.0,4.5,0.5382491213994796,0.46175087860052044,692.9824561403508
42,8,5,415.0,75.0,4.5,0.5343954216861883,0.46560457831381175,692.9824561403508
43,8,5,425.0,75.0,4.5,0.530268881063242,0.469731118936758,692.9824561403508
44,8,5,435.0,75.0,4.5,0.5256982849254803,0.4743017150745197,692.9824561403508
45,8,5,445.0,75.0,4.5,0.5203743543528192,0.4796256456471808,692.9824561403508
46,8,5,455.0,75.0,4.5,0.5136949747220413,0.4863050252779587,692.9824561403508
47,8,5,465.0,75.0,4.5,0.5043944165913313,0.49560558340866867,692.9824561403508
48,8,5,475.0,75.0,4.5,0.48953309829961217,0.5104669017003878,692.9824561403508
49,8,5,485.0,75.0,4.5,0.46051742103889853,0.5394825789611015,692.9824561403508
50,8,5,495.0,75.0,4.5,0.3864853245021602,0.6135146754978398,692.9824561403508
1,9,5,5.0,85.0,4.5,0.7183576873455673,0.28164231265443274,692.9824561403508
2,9,5,15.0,85.0,4.5,0.7112716551406252,0.2887283448593748,692.9824561403508
3,9,5,25.0,85.0,4.5,0.7029518082448482,0.29704819175515185,692.9824561403508
4,9,5,35.0,85.0,4.5,0.6942548850539753,0.30574511494602474,692.9824561403508
5,9,5,45.0,85.0,4.5,0.685661894358085,0.314338105641915,692.9824561403508
6,9,5,55.0,85.0,4.5,0.6774118723908027,0.3225881276091973,692.9824561403508
7,9,5,65.0,85.0,4.5,0.6695938639232757,0.3304061360767243,692.9824561403508
8,9,5,75.0,85.0,4.5,0.6622309007975752,0.3377690992024248,692.9824561403508
9,9,5,85.0,85.0,4.5,0.6553035180512057,0.3446964819487943,692.9824561403508
10,9,5,95.0,85.0,4.5,0.6487823923318206,0.35121760766817944,692.9824561403508
11,9,5,105.0,85.0,4.5,0.6426232668934184,0.3573767331065816,692.9824561403508
12,9,5,115.0,85.0,4.5,0.6367934393065211,0.3632065606934789,692.9824561403508
13,9,5,125.0,85.0,4.5,0.631258618348918,0.36874138165108195,692.9824561403508
14,9,5,135.0,85.0,4.5,0.6259874369472713,0.3740125630527287,692.9824561403508
15,9,5,145.0,85.0,4.5,0.6209526191924776,0.3790473808075224,692.9824561403508
16,9,5,155.0,85.0,4.5,0.6161305311730665,0.3838694688269335,692.9824561403508
17,9,5,165.0,85.0,4.5,0.6115000397372538,0.38849996026274625,692.9824561403508
18,9,5,175.0,85.0,4.5,0.6070414076496612,0.3929585923503388,692.9824561403508
19,9,5,185.0,85.0,4.5,0.6027357262725653,0.39726427372743467,692.9824561403508
20,9,5,195.0,85.0,4.5,0.59856358842643,0.40143641157357,692.9824561403508
21,9,5,205.0,85.0,4.5,0.5945166207844614,0.40548337921553856,692.9824561403508
22,9,5,215.0,85.0,4.5,0.5905879594391119,0.4094120405608881,692.9824561403508
23,9,5,225.0,85.0,4.5,0.586768108553631,0.41323189144636896,692.9824561403508
24,9,5,235.0,85.0,4.5,0.5830454547671786,0.4169545452328214,692.9824561403508
25,9,5,245.0,85.0,4.5,0.5794111106640522,0.42058888933594785,692.9824561403508
26,9,5,255.0,85.0,4.5,0.5758578497956433,0.42414215020435675,692.9824561403508
27,9,5,265.0,85.0,4.5,0.5723784956128735,0.42762150438712654,692.9824561403508
28,9,5,275.0,85.0,4.5,0.5689627372134687,0.4310372627865313,692.9824561403508
29,9,5,285.0,85.0,4.5,0.5656040516644871,0.43439594833551287,692.9824561403508
30,9,5,295.0,85.0,4.5,0.5622969641996555,0.43770303580034453,692.9824561403508
31,9,5,305.0,85.0,4.5,0.559030396583869,0.440969603416131,692.9824561403508
32,9,5,315.0,85.0,4.5,0.5557977827353885,0.4442022172646115,692.9824561403508
33,9,5,325.0,85.0,4.5,0.552592831761455,0.447407168238545,692.9824561403508
34,9,5,335.0,85.0,4.5,0.549402555922926,0.450597444077074,692.9824561403508
35,9,5,345.0,85.0,4.5,0.5462188379957826,0.45378116200421736,692.9824561403508
36,9,5,355.0,85.0,4.5,0.5430299424037701,0.4569700575962299,692.9824561403508
37,9,5,365.0,85.0,4.5,0.5398194966895383,0.4601805033104617,692.9824561403508
38,9,5,375.0,85.0,4.5,0.5365767648535693,0.4634232351464307,692.9824561403508
39,9,5,385.0,85.0,4.5,0.533282626472587,0.46671737352741305,692.9824561403508
40,9,5,395.0,85.0,4.5,0.5298738275982361,0.4701261724017639,692.9824561403508
41,9,5,405.0,85.0,4.5,0.5262958175585142,0.4737041824414858,692.9824561403508
42,9,5,415.0,85.0,4.5,0.5224548810896142,0.47754511891038576,692.9824561403508
43,9,5,425.0,85.0,4.5,0.5181996461503906,0.4818003538496094,692.9824561403508
44,9,5,435.0,85.0,4.5,0.5132985799774061,0.48670142002259387,692.9824561403508
45,9,5,445.0,85.0,4.5,0.5073658478469069,0.49263415215309314,692.9824561403508
46,9,5,455.0,85.0,4.5,0.49970295011911847,0.5002970498808815,692.9824561403508
47,9,5,465.0,85.0,4.5,0.48897053094510634,0.5110294690548937,692.9824561403508
48,9,5,475.0,85.0,4.5,0.471955695275422,0.528044304724578,692.9824561403508
49,9,5,485.0,85.0,4.5,0.43808601276635517,0.5619139872336448,692.9824561403508
50,9,5,495.0,85.0,4.5,0.3494564518162334,0.6505435481837666,692.9824561403508
1,10,5,5.0,95.0,4.5,0.6665892309900471,0.3334107690099529,692.9824561403508
2,10,5,15.0,95.0,4.5,0.6611623035099843,0.3388376964900157,692.9824561403508
3,10,5,25.0,95.0,4.5,0.6545682956930675,0.3454317043069325,692.9824561403508
4,10,5,35.0,95.0,4.5,0.6474856936179055,0.35251430638209447,692.9824561403508
5,10,5,45.0,95.0,4.5,0.6403261534585342,0.35967384654146584,692.9824561403508
6,10,5,55.0,95.0,4.5,0.6333186182420025,0.36668138175799747,692.9824561403508
7,10,5,65.0,95.0,4.5,0.6265693151136514,0.37343068488634856,692.9824561403508
8,10,5,75.0,95.0,4.5,0.6201269163982024,0.3798730836017976,692.9824561403508
9,10,5,85.0,95.0,4.5,0.6139972878836523,0.38600271211634773,692.9824561403508
10,10,5,95.0,95.0,4.5,0.6081660049744623,0.39183399502553773,692.9824561403508
11,10,5,105.0,95.0,4.5,0.6026150845107964,0.3973849154892036,692.9824561403508
12,10,5,115.0,95.0,4.5,0.5973215887682188,0.40267841123178116,692.9824561403508
13,10,5,125.0,95.0,4.5,0.5922625915482038,0.4077374084517962,692.9824561403508
14,10,5,135.0,95.0,4.5,0.5874168516689041,0.4125831483310959,692.9824561403508
15,10,5,145.0,95.0,4.5,0.5827649646569947,0.4172350353430053,692.9824561403508
16,10,5,155.0,95.0,4.5,0.5782891981002305,0.4217108018997695,692.9824561403508
17,10,5,165.0,95.0,4.5,0.5739725280108974,0.4260274719891026,692.9824561403508
18,10,5,175.0,95.0,4.5,0.5697975222345338,0.43020247776546616,692.9824561403508
19,10,5,185.0,95.0,4.5,0.5657448050505262,0.43425519494947384,692.9824561403508
20,10,5,195.0,95.0,4.5,0.5618105659849822,0.43818943401501775,692.9824561403508
21,10,5,205.0,95.0,4.5,0.5579874185797141,0.4420125814202859,692.9824561403508
22,10,5,215.0,95.0,4.5,0.5542672668373909,0.4457327331626091,692.9824561403508
23,10,5,225.0,95.0,4.5,0.550642570438468,0.449357429561532,692.9824561403508
24,10,5,235.0,95.0,4.5,0.547106625312551,0.45289337468744895,692.9824561403508
25,10,5,245.0,95.0,4.5,0.5436514156743188,0.45634858432568115,692.9824561403508
26,10,5,255.0,95.0,4.5,0.5402711997861168,0.4597288002138832,692.9824561403508
27,10,5,265.0,95.0,4.5,0.5369605114986115,0.46303948850138854,692.9824561403508
28,10,5,275.0,95.0,4.5,0.5337107086342787,0.4662892913657213,692.9824561403508
29,10,5,285.0,95.0,4.5,0.5305176403022401,0.46948235969775987,692.9824561403508
30,10,5,295.0,95.0,4.5,0.5273766642422906,0.47262333575770943,692.9824561403508
31,10,5,305.0,95.0,4.5,0.5242764073861715,0.47572359261382846,692.9824561403508
32,10,5,315.0,95.0,4.5,0.5212103048355228,0.4787896951644772,692.9824561403508
33,10,5,325.0,95.0,4.5,0.5181730724171543,0.48182692758284573,692.9824561403508
34,10,5,335.0,95.0,4.5,0.5151536349728288,0.48484636502717116,692.9824561403508
35,10,5,345.0,95.0,4.5,0.5121368707195321,0.48786312928046793,692.9824561403508
36,10,5,355.0,95.0,4.5,0.509105793297129,0.490894206702871,692.9824561403508
37,10,5,365.0,95.0,4.5,0.5060471879974258,0.49395281200257424,692.9824561403508
38,10,5,375.0,95.0,4.5,0.5029349887315802,0.49706501126841984,692.9824561403508
39,10,5,385.0,95.0,4.5,0.49973807964356265,0.5002619203564374,692.9824561403508
40,10,5,395.0,95.0,4.5,0.4964475597834458,0.5035524402165542,692.9824561403508
41,10,5,405.0,95.0,4.5,0.4930275140723437,0.5069724859276563,692.9824561403508
42,10,5,415.0,95.0,4.5,0.4894139163840854,0.5105860836159146,692.9824561403508
43,10,5,425.0,95.0,4.5,0.4854969935428121,0.5145030064571878,692.9824561403508
44,10,5,435.0,95.0,4.5,0.4811265995102292,0.5188734004897708,692.9824561403508
45,10,5,445.0,95.0,4.5,0.4760392021245477,0.5239607978754524,692.9824561403508
46,10,5,455.0,95.0,4.5,0.4696483071215821,0.5303516928784179,692.9824561403508
47,10,5,465.0,95.0,4.5,0.4606295957437601,0.5393704042562399,692.9824561403508
48,10,5,475.0,95.0,4.5,0.4451505391945886,0.5548494608054114,692.9824561403508
49,10,5,485.0,95.0,4.5,0.4081859476226708,0.5918140523773292,692.9824561403508
50,10,5,495.0,95.0,4.5,0.2916334104309827,0.7083665895690173,692.9824561403508
1,1,6,5.0,5.0,5.5,0.6905045068837222,0.3094954931162778,657.8947368421052
2,1,6,15.0,5.0,5.5,0.6828553956875771,0.31714460431242286,657.8947368421052
3,1,6,25.0,5.0,5.5,0.6740294595726485,0.3259705404273515,657.8947368421052
4,1,6,35.0,5.0,5.5,0.6649265876200534,0.3350734123799466,657.8947368421052
5,1,6,45.0,5.0,5.5,0.6560113052082444,0.34398869479175564,657.8947368421052
6,1,6,55.0,5.0,5.5,0.6474961963970016,0.3525038036029984,657.8947368421052
7,1,6,65.0,5.0,5.5,0.6394570642900564,0.36054293570994356,657.8947368421052
8,1,6,75.0,5.0,5.5,0.6319040849574442,0.3680959150425558,657.8947368421052
9,1,6,85.0,5.0,5.5,0.6248117285192177,0.37518827148078226,657.8947368421052
10,1,6,95.0,5.0,5.5,0.6181420124396729,0.3818579875603271,657.8947368421052
11,1,6,105.0,5.0,5.5,0.6118495724821428,0.3881504275178572,657.8947368421052
12,1,6,115.0,5.0,5.5,0.6058974065017303,0.3941025934982697,657.8947368421052
13,1,6,125.0,5.0,5.5,0.6002476064336568,0.3997523935663432,657.8947368421052
14,1,6,135.0,5.0,5.5,0.5948671161343796,0.4051328838656204,657.8947368421052
15,1,6,145.0,5.0,5.5,0.5897279581744306,0.4102720418255694,657.8947368421052
16,1,6,155.0,5.0,5.5,0.5848051664245979,0.4151948335754021,657.8947368421052
17,1,6,165.0,5.0,5.5,0.5800771415215477,0.41992285847845234,657.8947368421052
18,1,6,175.0,5.0,5.5,0.5755235487984434,0.42447645120155664,657.8947368421052
19,1,6,185.0,5.0,5.5,0.5711216808800271,0.4288783191199729,657.8947368421052
20,1,6,195.0,5.0,5.5,0.5668493636404265,0.4331506363595735,657.8947368421052
21,1,6,205.0,5.0,5.5,0.5627076611540888,0.43729233884591123,657.8947368421052
22,1,6,215.0,5.0,5.5,0.558686801432263,0.441313198567737,657.8947368421052
23,1,6,225.0,5.0,5.5,0.5547764695689277,0.4452235304310723,657.8947368421052
24,1,6,235.0,5.0,5.5,0.5509698409880359,0.4490301590119641,657.8947368421052
25,1,6,245.0,5.0,5.5,0.5472584211845172,0.4527415788154828,657.8947368421052
26,1,6,255.0,5.0,5.5,0.5436324465243492,0.45636755347565083,657.8947368421052
27,1,6,265.0,5.0,5.5,0.5400844617955621,0.45991553820443787,657.8947368421052
28,1,6,275.0,5.0,5.5,0.5366113155111186,0.4633886844888814,657.8947368421052
29,1,6,285.0,5.0,5.5,0.5332044444152564,0.4667955555847436,657.8947368421052
30,1,6,295.0,5.0,5.5,0.5298540543230521,0.4701459456769479,657.8947368421052
31,1,6,305.0,5.0,5.5,0.5265552095077329,0.47344479049226706,657.8947368421052
32,1,6,315.0,5.0,5.5,0.523303174168566,0.476696825831434,657.8947368421052
33,1,6,325.0,5.0,5.5,0.5200892496026073,0.4799107503973927,657.8947368421052
34,1,6,335.0,5.0,5.5,0.5169012838516573,0.48309871614834266,657.8947368421052
35,1,6,345.0,5.0,5.5,0.5137294479614531,0.48627055203854685,657.8947368421052
36,1,6,355.0,5.0,5.5,0.5105695345073402,0.4894304654926598,657.8947368421052
37,1,6,365.0,5.0,5.5,0.5074068733233785,0.4925931266766215,657.8947368421052
38,1,6,375.0,5.0,5.5,0.5042144964157685,0.49578550358423146,657.8947368421052
39,1,6,385.0,5.0,5.5,0.5009717359954547,0.49902826400454525,657.8947368421052
40,1,6,395.0,5.0,5.5,0.49765881702391074,0.5023411829760893,657.8947368421052
41,1,6,405.0,5.0,5.5,0.49422640679797336,0.5057735932020266,657.8947368421052
42,1,6,415.0,5.0,5.5,0.49058317825477477,0.5094168217452253,657.8947368421052
43,1,6,425.0,5.0,5.5,0.486606438640844,0.513393561359156,657.8947368421052
44,1,6,435.0,5.0,5.5,0.482288834110729,0.517711165889271,657.8947368421052
45,1,6,445.0,5.0,5.5,0.47745425783378187,0.5225457421662181,657.8947368421052
46,1,6,455.0,5.0,5.5,0.47174005952203185,0.5282599404779682,657.8947368421052
47,1,6,465.0,5.0,5.5,0.46446697905643625,0.5355330209435638,657.8947368421052
48,1,6,475.0,5.0,5.5,0.45382479229257,0.54617520770743,657.8947368421052
49,1,6,485.0,5.0,5.5,0.4329639602418598,0.5670360397581402,657.8947368421052
50,1,6,495.0,5.0,5.5,0.3630122531006943,0.6369877468993057,657.8947368421052
1,2,6,5.0,15.0,5.5,0.7385367925154177,0.2614632074845823,657.8947368421052
2,2,6,15.0,15.0,5.5,0.7290078441314198,0.27099215586858016,657.8947368421052
3,2,6,25.0,15.0,5.5,0.7182676962887838,0.28173230371121616,657.8947368421052
4,2,6,35.0,15.0,5.5,0.7074102957703848,0.29258970422961517,657.8947368421052
5,2,6,45.0,15.0,5.5,0.6969731295772179,0.3030268704227821,657.8947368421052
6,2,6,55.0,15.0,5.5,0.6871718112079268,0.3128281887920732,657.8947368421052
7,2,6,65.0,15.0,5.5,0.6780542560136803,0.3219457439863197,657.8947368421052
8,2,6,75.0,15.0,5.5,0.6695912153987558,0.33040878460124423,657.8947368421052
9,2,6,85.0,15.0,5.5,0.661726624129867,0.33827337587013295,657.8947368421052
10,2,6,95.0,15.0,5.5,0.6543943492854517,0.3456056507145483,657.8947368421052
11,2,6,105.0,15.0,5.5,0.6475290780882619,0.3524709219117381,657.8947368421052
12,2,6,115.0,15.0,5.5,0.6410734894009651,0.3589265105990349,657.8947368421052
13,2,6,125.0,15.0,5.5,0.6349809420886783,0.3650190579113217,657.8947368421052
14,2,6,135.0,15.0,5.5,0.6292064192286335,0.3707935807713665,657.8947368421052
15,2,6,145.0,15.0,5.5,0.6237121067526408,0.37628789324735923,657.8947368421052
16,2,6,155.0,15.0,5.5,0.6184688971296028,0.38153110287039715,657.8947368421052
17,2,6,165.0,15.0,5.5,0.613449517762624,0.386550482237376,657.8947368421052
18,2,6,175.0,15.0,5.5,0.6086299627960339,0.3913700372039661,657.8947368421052
19,2,6,185.0,15.0,5.5,0.603987713547033,0.39601228645296704,657.8947368421052
20,2,6,195.0,15.0,5.5,0.5995010714238602,0.4004989285761398,657.8947368421052
21,2,6,205.0,15.0,5.5,0.5951504299899666,0.4048495700100334,657.8947368421052
22,2,6,215.0,15.0,5.5,0.5909335854164819,0.4090664145835181,657.8947368421052
23,2,6,225.0,15.0,5.5,0.5868384542893432,0.4131615457106568,657.8947368421052
24,2,6,235.0,15.0,5.5,0.5828538523646281,0.41714614763537194,657.8947368421052
25,2,6,245.0,15.0,5.5,0.5789698476236822,0.4210301523763178,657.8947368421052
26,2,6,255.0,15.0,5.5,0.5751765130706016,0.4248234869293984,657.8947368421052
27,2,6,265.0,15.0,5.5,0.5714664577826639,0.4285335422173361,657.8947368421052
28,2,6,275.0,15.0,5.5,0.5678298860682128,0.43217011393178717,657.8947368421052
29,2,6,285.0,15.0,5.5,0.56425861710266,0.43574138289734,657.8947368421052
30,2,6,295.0,15.0,5.5,0.560745109696393,0.439254890303607,657.8947368421052
31,2,6,305.0,15.0,5.5,0.5572823422306117,0.4427176577693883,657.8947368421052
32,2,6,315.0,15.0,5.5,0.5538611457005094,0.44613885429949063,657.8947368421052
33,2,6,325.0,15.0,5.5,0.5504755852613585,0.44952441473864146,657.8947368421052
34,2,6,335.0,15.0,5.5,0.547118165246767,0.45288183475323296,657.8947368421052
35,2,6,345.0,15.0,5.5,0.5437769661151282,0.45622303388487184,657.8947368421052
36,2,6,355.0,15.0,5.5,0.5404459073471354,0.4595540926528646,657.8947368421052
37,2,6,365.0,15.0,5.5,0.5371189517612825,0.46288104823871745,657.8947368421052
38,2,6,375.0,15.0,5.5,0.533780257051714,0.46621974294828605,657.8947368421052
39,2,6,385.0,15.0,5.5,0.5304148042738612,0.46958519572613877,657.8947368421052
40,2,6,395.0,15.0,5.5,0.5270105689600028,0.47298943103999724,657.8947368421052
41,2,6,405.0,15.0,5.5,0.5235463146610713,0.47645368533892873,657.8947368421052
42,2,6,415.0,15.0,5.5,0.5199811606297984,0.4800188393702016,657.8947368421052
43,2,6,425.0,15.0,5.5,0.5162504080162782,0.4837495919837218,657.8947368421052
44,2,6,435.0,15.0,5.5,0.5121503103950181,0.4878496896049819,657.8947368421052
45,2,6,445.0,15.0,5.5,0.5073834737167486,0.49261652628325137,657.8947368421052
46,2,6,455.0,15.0,5.5,0.5013526216161401,0.49864737838385986,657.8947368421052
47,2,6,465.0,15.0,5.5,0.49299838020234904,0.507001619797651,657.8947368421052
48,2,6,475.0,15.0,5.5,0.4802553825792971,0.5197446174207029,657.8947368421052
49,2,6,485.0,15.0,5.5,0.45742632419975704,0.542573675800243,657.8947368421052
50,2,6,495.0,15.0,5.5,0.39648035571293094,0.6035196442870691,657.8947368421052
1,3,6,5.0,25.0,5.5,0.7656079185324461,0.23439208146755386,657.8947368421052
2,3,6,15.0,25.0,5.5,0.754986629560059,0.24501337043994098,657.8947368421052
3,3,6,25.0,25.0,5.5,0.7429937824116822,0.25700621758831776,657.8947368421052
4,3,6,35.0,25.0,5.5,0.730877495204703,0.269122504795297,657.8947368421052
5,3,6,45.0,25.0,5.5,0.7193113408173805,0.28068865918261954,657.8947368421052
6,3,6,55.0,25.0,5.5,0.7085361936989399,0.29146380630106006,657.8947368421052
7,3,6,65.0,25.0,5.5,0.698592985362172,0.30140701463782804,657.8947368421052
8,3,6,75.0,25.0,5.5,0.6894261512502565,0.3105738487497435,657.8947368421052
9,3,6,85.0,25.0,5.5,0.6809606905622873,0.31903930943771275,657.8947368421052
10,3,6,95.0,25.0,5.5,0.67310229661632,0.32689770338367996,657.8947368421052
11,3,6,105.0,25.0,5.5,0.6657574097652491,0.3342425902347509,657.8947368421052
12,3,6,115.0,25.0,5.5,0.658867383273141,0.341132616726859,657.8947368421052
13,3,6,125.0,25.0,5.5,0.6523669752375721,0.34763302476242786,657.8947368421052
14,3,6,135.0,25.0,5.5,0.6462166527665347,0.3537833472334653,657.8947368421052
15,3,6,145.0,25.0,5.5,0.6403735420459278,0.3596264579540722,657.8947368421052
16,3,6,155.0,25.0,5.5,0.634799817622297,0.365200182377703,657.8947368421052
17,3,6,165.0,25.0,5.5,0.6294646893753381,0.37053531062466194,657.8947368421052
18,3,6,175.0,25.0,5.5,0.6243423423265101,0.3756576576734899,657.8947368421052
19,3,6,185.0,25.0,5.5,0.6194102434789177,0.3805897565210823,657.8947368421052
20,3,6,195.0,25.0,5.5,0.614647241656378,0.38535275834362204,657.8947368421052
21,3,6,205.0,25.0,5.5,0.6100337044565115,0.3899662955434885,657.8947368421052
22,3,6,215.0,25.0,5.5,0.6055506972748028,0.3944493027251972,657.8947368421052
23,3,6,225.0,25.0,5.5,0.6011887211625407,0.39881127883745926,657.8947368421052
24,3,6,235.0,25.0,5.5,0.5969418809023989,0.40305811909760114,657.8947368421052
25,3,6,245.0,25.0,5.5,0.5927992006974653,0.4072007993025347,657.8947368421052
26,3,6,255.0,25.0,5.5,0.5887504310928824,0.4112495689071176,657.8947368421052
27,3,6,265.0,25.0,5.5,0.5847857044148781,0.4152142955851219,657.8947368421052
28,3,6,275.0,25.0,5.5,0.5808982161673938,0.4191017838326062,657.8947368421052
29,3,6,285.0,25.0,5.5,0.5770795651844118,0.42292043481558816,657.8947368421052
30,3,6,295.0,25.0,5.5,0.5733205579661661,0.4266794420338339,657.8947368421052
31,3,6,305.0,25.0,5.5,0.5696132447625932,0.43038675523740677,657.8947368421052
32,3,6,315.0,25.0,5.5,0.565952536929435,0.43404746307056497,657.8947368421052
33,3,6,325.0,25.0,5.5,0.5623317284943862,0.4376682715056138,657.8947368421052
34,3,6,335.0,25.0,5.5,0.5587412629899366,0.44125873701006335,657.8947368421052
35,3,6,345.0,25.0,5.5,0.5551736609892622,0.44482633901073776,657.8947368421052
36,3,6,355.0,25.0,5.5,0.5516250326832118,0.44837496731678816,657.8947368421052
37,3,6,365.0,25.0,5.5,0.5480864759103135,0.45191352408968655,657.8947368421052
38,3,6,375.0,25.0,5.5,0.5445478409781013,0.45545215902189873,657.8947368421052
39,3,6,385.0,25.0,5.5,0.5410004634045072,0.45899953659549275,657.8947368421052
40,3,6,395.0,25.0,5.5,0.5374358918240952,0.46256410817590476,657.8947368421052
41,3,6,405.0,25.0,5.5,0.53384024376632,0.46615975623368,657.8947368421052
42,3,6,415.0,25.0,5.5,0.530191601177712,0.469808398822288,657.8947368421052
43,3,6,425.0,25.0,5.5,0.5264592631299629,0.47354073687003706,657.8947368421052
44,3,6,435.0,25.0,5.5,0.5224992425163003,0.4775007574836997,657.8947368421052
45,3,6,445.0,25.0,5.5,0.51817193802774,0.48182806197226,657.8947368421052
46,3,6,455.0,25.0,5.5,0.5130907980625342,0.4869092019374658,657.8947368421052
47,3,6,465.0,25.0,5.5,0.5063687117217172,0.49363128827828284,657.8947368421052
48,3,6,475.0,25.0,5.5,0.49593254928795455,0.5040674507120455,657.8947368421052
49,3,6,485.0,25.0,5.5,0.4764473806691391,0.5235526193308608,657.8947368421052
50,3,6,495.0,25.0,5.5,0.42597792080038005,0.57402207919962,657.8947368421052
1,4,6,5.0,35.0,5.5,0.7833487040329483,0.21665129596705168,657.8947368421052
2,4,6,15.0,35.0,5.5,0.7726081798970301,0.22739182010296988,657.8947368421052
3,4,6,25.0,35.0,5.5,0.75993794298717,0.24006205701283,657.8947368421052
4,4,6,35.0,35.0,5.5,0.7469103544615682,0.25308964553843183,657.8947368421052
5,4,6,45.0,35.0,5.5,0.734443406665108,0.265556593334892,657.8947368421052
6,4,6,55.0,35.0,5.5,0.7229945135661007,0.27700548643389933,657.8947368421052
7,4,6,65.0,35.0,5.5,0.712511528036485,0.287488471963515,657.8947368421052
8,4,6,75.0,35.0,5.5,0.7028854260804656,0.29711457391953444,657.8947368421052
9,4,6,85.0,35.0,5.5,0.6939896054472772,0.30601039455272283,657.8947368421052
10,4,6,95.0,35.0,5.5,0.6857320686547909,0.31426793134520914,657.8947368421052
11,4,6,105.0,35.0,5.5,0.6780357203613394,0.3219642796386606,657.8947368421052
12,4,6,115.0,35.0,5.5,0.6708137483502082,0.32918625164979176,657.8947368421052
13,4,6,125.0,35.0,5.5,0.6640102619611906,0.3359897380388094,657.8947368421052
14,4,6,135.0,35.0,5.5,0.6575576042188412,0.34244239578115876,657.8947368421052
15,4,6,145.0,35.0,5.5,0.6514190566676786,0.34858094333232137,657.8947368421052
16,4,6,155.0,35.0,5.5,0.6455601098945455,0.3544398901054545,657.8947368421052
17,4,6,165.0,35.0,5.5,0.6399497110640242,0.3600502889359758,657.8947368421052
18,4,6,175.0,35.0,5.5,0.6345611860150798,0.3654388139849202,657.8947368421052
19,4,6,185.0,35.0,5.5,0.6293718381041361,0.3706281618958639,657.8947368421052
20,4,6,195.0,35.0,5.5,0.6243631558182828,0.37563684418171717,657.8947368421052
21,4,6,205.0,35.0,5.5,0.6195175896094638,0.3804824103905362,657.8947368421052
22,4,6,215.0,35.0,5.5,0.6148169412971453,0.38518305870285474,657.8947368421052
23,4,6,225.0,35.0,5.5,0.6102434623766111,0.3897565376233889,657.8947368421052
24,4,6,235.0,35.0,5.5,0.6057854120322284,0.39421458796777165,657.8947368421052
25,4,6,245.0,35.0,5.5,0.6014396221853419,0.39856037781465814,657.8947368421052
26,4,6,255.0,35.0,5.5,0.5971953257673923,0.4028046742326077,657.8947368421052
27,4,6,265.0,35.0,5.5,0.5930425354629036,0.40695746453709636,657.8947368421052
28,4,6,275.0,35.0,5.5,0.5889721942538493,0.4110278057461507,657.8947368421052
29,4,6,285.0,35.0,5.5,0.5849758905056869,0.4150241094943131,657.8947368421052
30,4,6,295.0,35.0,5.5,0.5810476505044901,0.41895234949550986,657.8947368421052
31,4,6,305.0,35.0,5.5,0.5771779667243179,0.42282203327568213,657.8947368421052
32,4,6,315.0,35.0,5.5,0.5733596641720239,0.4266403358279761,657.8947368421052
33,4,6,325.0,35.0,5.5,0.5695858768190438,0.4304141231809562,657.8947368421052
34,4,6,335.0,35.0,5.5,0.5658508883648568,0.43414911163514325,657.8947368421052
35,4,6,345.0,35.0,5.5,0.5621481165566453,0.4378518834433547,657.8947368421052
36,4,6,355.0,35.0,5.5,0.5584692104433623,0.4415307895566377,657.8947368421052
37,4,6,365.0,35.0,5.5,0.5548081825299359,0.4451918174700641,657.8947368421052
38,4,6,375.0,35.0,5.5,0.5511600623647301,0.44883993763526986,657.8947368421052
39,4,6,385.0,35.0,5.5,0.5475162432618091,0.45248375673819086,657.8947368421052
40,4,6,395.0,35.0,5.5,0.543868672318309,0.45613132768169096,657.8947368421052
41,4,6,405.0,35.0,5.5,0.540210385750227,0.45978961424977305,657.8947368421052
42,4,6,415.0,35.0,5.5,0.5365340325959074,0.4634659674040926,657.8947368421052
43,4,6,425.0,35.0,5.5,0.5328267895591071,0.4671732104408929,657.8947368421052
44,4,6,435.0,35.0,5.5,0.5290759811971794,0.47092401880282064,657.8947368421052
45,4,6,445.0,35.0,5.5,0.5251308311297083,0.47486916887029174,657.8947368421052
46,4,6,455.0,35.0,5.5,0.5207518566752143,0.4792481433247857,657.8947368421052
47,4,6,465.0,35.0,5.5,0.5154821135647647,0.4845178864352353,657.8947368421052
48,4,6,475.0,35.0,5.5,0.5077593757483984,0.49224062425160164,657.8947368421052
49,4,6,485.0,35.0,5.5,0.4931770556395068,0.5068229443604932,657.8947368421052
50,4,6,495.0,35.0,5.5,0.4550715568955133,0.5449284431044867,657.8947368421052
1,5,6,5.0,45.0,5.5,0.7951317128604923,0.20486828713950767,657.8947368421052
2,5,6,15.0,45.0,5.5,0.7861013604323664,0.21389863956763355,657.8947368421052
3,5,6,25.0,45.0,5.5,0.7736223512631848,0.2263776487368152,657.8947368421052
4,5,6,35.0,45.0,5.5,0.7602292282649254,0.23977077173507455,657.8947368421052
5,5,6,45.0,45.0,5.5,0.747396517072807,0.25260348292719303,657.8947368421052
6,5,6,55.0,45.0,5.5,0.7354021116709559,0.2645978883290441,657.8947368421052
7,5,6,65.0,45.0,5.5,0.7244078758303069,0.27559212416969314,657.8947368421052
8,5,6,75.0,45.0,5.5,0.7143412066813477,0.2856587933186523,657.8947368421052
9,5,6,85.0,45.0,5.5,0.7050919466197947,0.2949080533802053,657.8947368421052
10,5,6,95.0,45.0,5.5,0.6965456646918139,0.3034543353081861,657.8947368421052
11,5,6,105.0,45.0,5.5,0.6885966055376114,0.3114033944623886,657.8947368421052
12,5,6,115.0,45.0,5.5,0.6811536175785706,0.3188463824214294,657.8947368421052
13,5,6,125.0,45.0,5.5,0.6741544121075843,0.3258455878924157,657.8947368421052
14,5,6,135.0,45.0,5.5,0.6675297201333958,0.33247027986660416,657.8947368421052
15,5,6,145.0,45.0,5.5,0.6612358571525501,0.33876414284744993,657.8947368421052
16,5,6,155.0,45.0,5.5,0.655234678837583,0.344765321162417,657.8947368421052
17,5,6,165.0,45.0,5.5,0.6494909137761493,0.3505090862238507,657.8947368421052
18,5,6,175.0,45.0,5.5,0.6439747681092657,0.3560252318907343,657.8947368421052
19,5,6,185.0,45.0,5.5,0.638663192364743,0.361336807635257,657.8947368421052
20,5,6,195.0,45.0,5.5,0.6335338176198698,0.3664661823801302,657.8947368421052
21,5,6,205.0,45.0,5.5,0.6285661003841007,0.37143389961589934,657.8947368421052
22,5,6,215.0,45.0,5.5,0.623742603643329,0.376257396356671,657.8947368421052
23,5,6,225.0,45.0,5.5,0.6190470872403752,0.38095291275962484,657.8947368421052
24,5,6,235.0,45.0,5.5,0.6144636674138302,0.3855363325861698,657.8947368421052
25,5,6,245.0,45.0,5.5,0.6099876054688449,0.3900123945311551,657.8947368421052
26,5,6,255.0,45.0,5.5,0.6056133957995686,0.39438660420043137,657.8947368421052
27,5,6,265.0,45.0,5.5,0.6013304455308474,0.39866955446915264,657.8947368421052
28,5,6,275.0,45.0,5.5,0.5971298689682129,0.40287013103178715,657.8947368421052
29,5,6,285.0,45.0,5.5,0.5930031202297328,0.4069968797702672,657.8947368421052
30,5,6,295.0,45.0,5.5,0.588942012614153,0.411057987385847,657.8947368421052
31,5,6,305.0,45.0,5.5,0.5849390440002096,0.4150609559997904,657.8947368421052
32,5,6,315.0,45.0,5.5,0.5809888137531246,0.4190111862468754,657.8947368421052
33,5,6,325.0,45.0,5.5,0.577081551316872,0.422918448683128,657.8947368421052
34,5,6,335.0,45.0,5.5,0.5732073281391221,0.4267926718608779,657.8947368421052
35,5,6,345.0,45.0,5.5,0.5693584007891157,0.4306415992108843,657.8947368421052
36,5,6,355.0,45.0,5.5,0.5655266655075563,0.43447333449244374,657.8947368421052
37,5,6,365.0,45.0,5.5,0.5617025520689303,0.43829744793106973,657.8947368421052
38,5,6,375.0,45.0,5.5,0.5578744749211143,0.4421255250788857,657.8947368421052
39,5,6,385.0,45.0,5.5,0.5540314908964779,0.44596850910352215,657.8947368421052
40,5,6,395.0,45.0,5.5,0.5501603355382382,0.4498396644617618,657.8947368421052
41,5,6,405.0,45.0,5.5,0.546246800071885,0.453753199928115,657.8947368421052
42,5,6,415.0,45.0,5.5,0.5422744291754917,0.45772557082450827,657.8947368421052
43,5,6,425.0,45.0,5.5,0.5382265502748331,0.4617734497251669,657.8947368421052
44,5,6,435.0,45.0,5.5,0.5340810265768361,0.4659189734231639,657.8947368421052
45,5,6,445.0,45.0,5.5,0.5298072571362155,0.47019274286378454,657.8947368421052
46,5,6,455.0,45.0,5.5,0.5253333865331339,0.4746666134668661,657.8947368421052
47,5,6,465.0,45.0,5.5,0.5201872302060184,0.4798127697939816,657.8947368421052
48,5,6,475.0,45.0,5.5,0.5128965224875869,0.4871034775124131,657.8947368421052
49,5,6,485.0,45.0,5.5,0.49848839121208793,0.5015116087879121,657.8947368421052
50,5,6,495.0,45.0,5.5,0.4617387408534327,0.5382612591465673,657.8947368421052
1,6,6,5.0,55.0,5.5,0.7841061650275997,0.21589383497240033,657.8947368421052
2,6,6,15.0,55.0,5.5,0.7739637795718026,0.22603622042819738,657.8947368421052
3,6,6,25.0,55.0,5.5,0.7619497198188978,0.2380502801811022,657.8947368421052
4,6,6,35.0,55.0,5.5,0.7495082410039928,0.2504917589960072,657.8947368421052
5,6,6,45.0,55.0,5.5,0.7374926308280565,0.2625073691719435,657.8947368421052
6,6,6,55.0,55.0,5.5,0.7262553551371803,0.2737446448628197,657.8947368421052
7,6,6,65.0,55.0,5.5,0.7158687352380498,0.28413126476195016,657.8947368421052
8,6,6,75.0,55.0,5.5,0.7062798209255858,0.29372017907441417,657.8947368421052
9,6,6,85.0,55.0,5.5,0.6974038777235129,0.30259612227648713,657.8947368421052
10,6,6,95.0,55.0,5.5,0.6891490876155812,0.31085091238441875,657.8947368421052
11,6,6,105.0,55.0,5.5,0.6814335878492952,0.3185664121507048,657.8947368421052
12,6,6,115.0,55.0,5.5,0.6741905882487905,0.3258094117512095,657.8947368421052
13,6,6,125.0,55.0,5.5,0.6673512870902727,0.3326487129097273,657.8947368421052
14,6,6,135.0,55.0,5.5,0.6608680392397809,0.3391319607602191,657.8947368421052
15,6,6,145.0,55.0,5.5,0.6547006923685489,0.3452993076314511,657.8947368421052
16,6,6,155.0,55.0,5.5,0.6488090149763298,0.3511909850236702,657.8947368421052
17,6,6,165.0,55.0,5.5,0.643163485113529,0.35683651488647095,657.8947368421052
18,6,6,175.0,55.0,5.5,0.6377398335984578,0.36226016640154224,657.8947368421052
19,6,6,185.0,55.0,5.5,0.6325149912597766,0.3674850087402234,657.8947368421052
20,6,6,195.0,55.0,5.5,0.6274685449939508,0.37253145500604923,657.8947368421052
21,6,6,205.0,55.0,5.5,0.6225819276051366,0.37741807239486336,657.8947368421052
22,6,6,215.0,55.0,5.5,0.6178375997608773,0.38216240023912273,657.8947368421052
23,6,6,225.0,55.0,5.5,0.6132186448836052,0.3867813551163948,657.8947368421052
24,6,6,235.0,55.0,5.5,0.6087101576582696,0.39128984234173037,657.8947368421052
25,6,6,245.0,55.0,5.5,0.6043095231830762,0.3956904768169238,657.8947368421052
26,6,6,255.0,55.0,5.5,0.6000077263715834,0.3999922736284166,657.8947368421052
27,6,6,265.0,55.0,5.5,0.5957966477960245,0.4042033522039755,657.8947368421052
28,6,6,275.0,55.0,5.5,0.5916658757609446,0.40833412423905535,657.8947368421052
29,6,6,285.0,55.0,5.5,0.5876065198563964,0.41239348014360355,657.8947368421052
30,6,6,295.0,55.0,5.5,0.5836102849997035,0.41638971500029653,657.8947368421052
31,6,6,305.0,55.0,5.5,0.5796694032353111,0.42033059676468887,657.8947368421052
32,6,6,315.0,55.0,5.5,0.5757770109902918,0.42422298900970823,657.8947368421052
33,6,6,325.0,55.0,5.5,0.5719253255044511,0.4280746744955489,657.8947368421052
34,6,6,335.0,55.0,5.5,0.5681067905863524,0.4318932094136476,657.8947368421052
35,6,6,345.0,55.0,5.5,0.564314262521912,0.43568573747808803,657.8947368421052
36,6,6,355.0,55.0,5.5,0.560536876302025,0.439463123697975,657.8947368421052
37,6,6,365.0,55.0,5.5,0.5567618619709411,0.44323813802905887,657.8947368421052
38,6,6,375.0,55.0,5.5,0.5529762862703932,0.4470237137296068,657.8947368421052
39,6,6,385.0,55.0,5.5,0.5491660768119573,0.4508339231880427,657.8947368421052
40,6,6,395.0,55.0,5.5,0.545313354931008,0.45468664506899203,657.8947368421052
41,6,6,405.0,55.0,5.5,0.5413965545869338,0.4586034454130662,657.8947368421052
42,6,6,415.0,55.0,5.5,0.5373867197226745,0.4626132802773255,657.8947368421052
43,6,6,425.0,55.0,5.5,0.5332417346019133,0.46675826539808674,657.8947368421052
44,6,6,435.0,55.0,5.5,0.528891784374058,0.47110821562594196,657.8947368421052
45,6,6,445.0,55.0,5.5,0.5242068186687882,0.47579318133121185,657.8947368421052
46,6,6,455.0,55.0,5.5,0.5188795708899083,0.4811204291100917,657.8947368421052
47,6,6,465.0,55.0,5.5,0.5120562646000073,0.4879437353999927,657.8947368421052
48,6,6,475.0,55.0,5.5,0.5012559022092258,0.4987440977907742,657.8947368421052
49,6,6,485.0,55.0,5.5,0.4796085614637843,0.5203914385362157,657.8947368421052
50,6,6,495.0,55.0,5.5,0.4277334712296767,0.5722665287703232,657.8947368421052
1,7,6,5.0,65.0,5.5,0.7682650492354524,0.23173495076454764,657.8947368421052
2,7,6,15.0,65.0,5.5,0.7583889416829043,0.24161105831709573,657.8947368421052
3,7,6,25.0,65.0,5.5,0.7470985387000638,0.2529014612999362,657.8947368421052
4,7,6,35.0,65.0,5.5,0.7355371603965015,0.2644628396034985,657.8947368421052
5,7,6,45.0,65.0,5.5,0.7243572458676244,0.2756427541323756,657.8947368421052
6,7,6,55.0,65.0,5.5,0.7138342482334118,0.2861657517665882,657.8947368421052
7,7,6,65.0,65.0,5.5,0.7040459948071547,0.2959540051928453,657.8947368421052
8,7,6,75.0,65.0,5.5,0.694964700634444,0.30503529936555596,657.8947368421052
9,7,6,85.0,65.0,5.5,0.6865290522745512,0.3134709477254488,657.8947368421052
10,7,6,95.0,65.0,5.5,0.6786637661047503,0.3213362338952497,657.8947368421052
11,7,6,105.0,65.0,5.5,0.6712947220246618,0.3287052779753382,657.8947368421052
12,7,6,115.0,65.0,5.5,0.664367237672375,0.33563276232762496,657.8947368421052
13,7,6,125.0,65.0,5.5,0.6578193929521988,0.3421806070478012,657.8947368421052
14,7,6,135.0,65.0,5.5,0.6516065326811078,0.3483934673188922,657.8947368421052
15,7,6,145.0,65.0,5.5,0.6456920111908603,0.3543079888091397,657.8947368421052
16,7,6,155.0,65.0,5.5,0.6400409785359725,0.3599590214640275,657.8947368421052
17,7,6,165.0,65.0,5.5,0.6346246062938306,0.36537539370616945,657.8947368421052
18,7,6,175.0,65.0,5.5,0.6294175856105308,0.37058241438946915,657.8947368421052
19,7,6,185.0,65.0,5.5,0.624398948764026,0.375601051235974,657.8947368421052
20,7,6,195.0,65.0,5.5,0.6195488926281469,0.38045110737185306,657.8947368421052
21,7,6,205.0,65.0,5.5,0.6148486093284713,0.3851513906715287,657.8947368421052
22,7,6,215.0,65.0,5.5,0.6102802388651026,0.38971976113489737,657.8947368421052
23,7,6,225.0,65.0,5.5,0.6058276827256839,0.3941723172743161,657.8947368421052
24,7,6,235.0,65.0,5.5,0.601488413421826,0.398511586578174,657.8947368421052
25,7,6,245.0,65.0,5.5,0.5972523638521571,0.4027476361478429,657.8947368421052
26,7,6,255.0,65.0,5.5,0.5931092359023222,0.40689076409767777,657.8947368421052
27,7,6,265.0,65.0,5.5,0.5890496522049127,0.4109503477950873,657.8947368421052
28,7,6,275.0,65.0,5.5,0.5850647686176365,0.41493523138236355,657.8947368421052
29,7,6,285.0,65.0,5.5,0.581147861203235,0.418852138796765,657.8947368421052
30,7,6,295.0,65.0,5.5,0.577288827737363,0.422711172262637,657.8947368421052
31,7,6,305.0,65.0,5.5,0.5734799446956644,0.42652005530433557,657.8947368421052
32,7,6,315.0,65.0,5.5,0.5697126687706936,0.4302873312293064,657.8947368421052
33,7,6,325.0,65.0,5.5,0.5659801568574746,0.4340198431425254,657.8947368421052
34,7,6,335.0,65.0,5.5,0.5622733485245659,0.4377266514754341,657.8947368421052
35,7,6,345.0,65.0,5.5,0.5585818869423813,0.4414181130576187,657.8947368421052
36,7,6,355.0,65.0,5.5,0.5548986438266179,0.4451013561733821,657.8947368421052
37,7,6,365.0,65.0,5.5,0.5512162222151147,0.4487837777848853,657.8947368421052
38,7,6,375.0,65.0,5.5,0.5475104200513607,0.45248957994863925,657.8947368421052
39,7,6,385.0,65.0,5.5,0.5437630316571648,0.4562369683428352,657.8947368421052
40,7,6,395.0,65.0,5.5,0.5399495128050884,0.4600504871949116,657.8947368421052
41,7,6,405.0,65.0,5.5,0.5360374632890547,0.46396253671094534,657.8947368421052
42,7,6,415.0,65.0,5.5,0.5319773898238018,0.4680226101761982,657.8947368421052
43,7,6,425.0,65.0,5.5,0.5276918636683352,0.4723081363316648,657.8947368421052
44,7,6,435.0,65.0,5.5,0.5230470587445148,0.47695294125548515,657.8947368421052
45,7,6,445.0,65.0,5.5,0.5177831652194268,0.4822168347805732,657.8947368421052
46,7,6,455.0,65.0,5.5,0.5113193598716121,0.48868064012838786,657.8947368421052
47,7,6,465.0,65.0,5.5,0.5022260833394567,0.49777391666054327,657.8947368421052
48,7,6,475.0,65.0,5.5,0.4868935737614844,0.5131064262385157,657.8947368421052
49,7,6,485.0,65.0,5.5,0.4563871565065138,0.5436128434934862,657.8947368421052
50,7,6,495.0,65.0,5.5,0.3873479663115051,0.6126520336884949,657.8947368421052
1,8,6,5.0,75.0,5.5,0.746150842488537,0.253849157511463,657.8947368421052
2,8,6,15.0,75.0,5.5,0.7372975918598104,0.26270240814018964,657.8947368421052
3,8,6,25.0,75.0,5.5,0.7271401187314999,0.27285988126850014,657.8947368421052
4,8,6,35.0,75.0,5.5,0.7167045165049549,0.2832954834950451,657.8947368421052
5,8,6,45.0,75.0,5.5,0.7065446233969153,0.29345537660308474,657.8947368421052
6,8,6,55.0,75.0,5.5,0.6969135147821037,0.3030864852178963,657.8947368421052
7,8,6,65.0,75.0,5.5,0.6878914062491406,0.3121085937508594,657.8947368421052
8,8,6,75.0,75.0,5.5,0.6794715859996308,0.32052841400036924,657.8947368421052
9,8,6,85.0,75.0,5.5,0.6716129144477668,0.32838708555223317,657.8947368421052
10,8,6,95.0,75.0,5.5,0.6642609027017935,0.3357390972982065,657.8947368421052
11,8,6,105.0,75.0,5.5,0.6573554825657588,0.3426445174342412,657.8947368421052
12,8,6,115.0,75.0,5.5,0.6508459060309295,0.3491540939690705,657.8947368421052
13,8,6,125.0,75.0,5.5,0.6446884336697166,0.3553115663302834,657.8947368421052
14,8,6,135.0,75.0,5.5,0.6388388511425455,0.36116114885745454,657.8947368421052
15,8,6,145.0,75.0,5.5,0.6332628114698783,0.3667371885301217,657.8947368421052
16,8,6,155.0,75.0,5.5,0.6279319429570005,0.3720680570429995,657.8947368421052
17,8,6,165.0,75.0,5.5,0.6228200115719585,0.37717998842804146,657.8947368421052
18,8,6,175.0,75.0,5.5,0.6179032366967597,0.38209676330324027,657.8947368421052
19,8,6,185.0,75.0,5.5,0.6131601379643252,0.3868398620356748,657.8947368421052
20,8,6,195.0,75.0,5.5,0.6085706996794271,0.3914293003205729,657.8947368421052
21,8,6,205.0,75.0,5.5,0.6041143040713504,0.39588569592864964,657.8947368421052
22,8,6,215.0,75.0,5.5,0.5997828177097131,0.4002171822902869,657.8947368421052
23,8,6,225.0,75.0,5.5,0.5955699236269498,0.4044300763730502,657.8947368421052
24,8,6,235.0,75.0,5.5,0.5914641522511143,0.40853584774888574,657.8947368421052
25,8,6,245.0,75.0,5.5,0.5874541562158178,0.41254584378418224,657.8947368421052
26,8,6,255.0,75.0,5.5,0.5835295915960874,0.4164704084039126,657.8947368421052
27,8,6,265.0,75.0,5.5,0.5796817066853959,0.42031829331460413,657.8947368421052
28,8,6,275.0,75.0,5.5,0.5759033655353686,0.4240966344646314,657.8947368421052
29,8,6,285.0,75.0,5.5,0.5721852621180137,0.4278147378819863,657.8947368421052
30,8,6,295.0,75.0,5.5,0.5685176192697292,0.4314823807302708,657.8947368421052
31,8,6,305.0,75.0,5.5,0.564892810245331,0.435107189754669,657.8947368421052
32,8,6,315.0,75.0,5.5,0.5613048156983801,0.4386951843016199,657.8947368421052
33,8,6,325.0,75.0,5.5,0.5577417914799632,0.44225820852003683,657.8947368421052
34,8,6,335.0,75.0,5.5,0.5541938375415378,0.44580616245846216,657.8947368421052
35,8,6,345.0,75.0,5.5,0.5506527652944964,0.44934723470550364,657.8947368421052
36,8,6,355.0,75.0,5.5,0.547106977356329,0.45289302264367104,657.8947368421052
37,8,6,365.0,75.0,5.5,0.5435402690017698,0.45645973099823023,657.8947368421052
38,8,6,375.0,75.0,5.5,0.5399474432212747,0.46005255677872525,657.8947368421052
39,8,6,385.0,75.0,5.5,0.5362919821252207,0.46370801787477933,657.8947368421052
40,8,6,395.0,75.0,5.5,0.5325378784142438,0.4674621215857562,657.8947368421052
41,8,6,405.0,75.0,5.5,0.5286352972222595,0.47136470277774045,657.8947368421052
42,8,6,415.0,75.0,5.5,0.5245128885452937,0.47548711145470635,657.8947368421052
43,8,6,425.0,75.0,5.5,0.5200486555308371,0.4799513444691629,657.8947368421052
44,8,6,435.0,75.0,5.5,0.515018125074256,0.48498187492574396,657.8947368421052
45,8,6,445.0,75.0,5.5,0.5089933277085652,0.4910066722914348,657.8947368421052
46,8,6,455.0,75.0,5.5,0.5010663860792305,0.4989336139207695,657.8947368421052
47,8,6,465.0,75.0,5.5,0.4891806956781641,0.5108193043218359,657.8947368421052
48,8,6,475.0,75.0,5.5,0.4686431035445799,0.5313568964554201,657.8947368421052
49,8,6,485.0,75.0,5.5,0.42892289586555565,0.5710771041344443,657.8947368421052
50,8,6,495.0,75.0,5.5,0.3448748612622525,0.6551251387377475,657.8947368421052
1,9,6,5.0,85.0,5.5,0.7147620132541411,0.2852379867458589,657.8947368421052
2,9,6,15.0,85.0,5.5,0.7073796243195584,0.29262037568044164,657.8947368421052
3,9,6,25.0,85.0,5.5,0.698725320484234,0.30127467951576603,657.8947368421052
4,9,6,35.0,85.0,5.5,0.6896928330261426,0.3103071669738574,657.8947368421052
5,9,6,45.0,85.0,5.5,0.680780950475504,0.319219049524496,657.8947368421052
6,9,6,55.0,85.0,5.5,0.6722344708322568,0.32776552916774315,657.8947368421052
7,9,6,65.0,85.0,5.5,0.6641473387328538,0.3358526612671462,657.8947368421052
8,9,6,75.0,85.0,5.5,0.6565390417988503,0.34346095820114975,657.8947368421052
9,9,6,85.0,85.0,5.5,0.6493932102930237,0.35060678970697634,657.8947368421052
10,9,6,95.0,85.0,5.5,0.6426703704563977,0.35732962954360226,657.8947368421052
11,9,6,105.0,85.0,5.5,0.6363307987735702,0.36366920122642976,657.8947368421052
12,9,6,115.0,85.0,5.5,0.630337543439592,0.36966245656040797,657.8947368421052
13,9,6,125.0,85.0,5.5,0.6246524709363049,0.37534752906369506,657.8947368421052
14,9,6,135.0,85.0,5.5,0.6192421180545505,0.38075788194544946,657.8947368421052
15,9,6,145.0,85.0,5.5,0.6140784770022792,0.38592152299772076,657.8947368421052
16,9,6,155.0,85.0,5.5,0.6091362269133721,0.3908637730866279,657.8947368421052
17,9,6,165.0,85.0,5.5,0.6043918795390362,0.39560812046096383,657.8947368421052
18,9,6,175.0,85.0,5.5,0.5998230922934334,0.40017690770656655,657.8947368421052
19,9,6,185.0,85.0,5.5,0.5954076091215695,0.40459239087843046,657.8947368421052
20,9,6,195.0,85.0,5.5,0.591131017444453,0.40886898255554704,657.8947368421052
21,9,6,205.0,85.0,5.5,0.5869892233908282,0.41301077660917185,657.8947368421052
22,9,6,215.0,85.0,5.5,0.582969778933709,0.41703022106629095,657.8947368421052
23,9,6,225.0,85.0,5.5,0.5790609431882643,0.4209390568117357,657.8947368421052
24,9,6,235.0,85.0,5.5,0.5752526642139476,0.4247473357860524,657.8947368421052
25,9,6,245.0,85.0,5.5,0.5715371188597071,0.42846288114029285,657.8947368421052
26,9,6,255.0,85.0,5.5,0.5679029381734096,0.43209706182659036,657.8947368421052
27,9,6,265.0,85.0,5.5,0.5643406127725736,0.43565938722742636,657.8947368421052
28,9,6,275.0,85.0,5.5,0.5608429769637606,0.4391570230362394,657.8947368421052
29,9,6,285.0,85.0,5.5,0.5574025870969497,0.4425974129030503,657.8947368421052
30,9,6,295.0,85.0,5.5,0.5540078283297036,0.44599217167029637,657.8947368421052
31,9,6,305.0,85.0,5.5,0.5506506652208595,0.4493493347791405,657.8947368421052
32,9,6,315.0,85.0,5.5,0.5473239235493556,0.45267607645064445,657.8947368421052
33,9,6,325.0,85.0,5.5,0.5440148397016562,0.4559851602983438,657.8947368421052
34,9,6,335.0,85.0,5.5,0.5407124435172757,0.45928755648272435,657.8947368421052
35,9,6,345.0,85.0,5.5,0.5374054523741586,0.4625945476258414,657.8947368421052
36,9,6,355.0,85.0,5.5,0.5340772483006637,0.4659227516993363,657.8947368421052
37,9,6,365.0,85.0,5.5,0.5307099322207727,0.4692900677792273,657.8947368421052
38,9,6,375.0,85.0,5.5,0.5272820644022674,0.47271793559773256,657.8947368421052
39,9,6,385.0,85.0,5.5,0.5237865694672903,0.4762134305327097,657.8947368421052
40,9,6,395.0,85.0,5.5,0.5201356146366086,0.4798643853633914,657.8947368421052
41,9,6,405.0,85.0,5.5,0.5162629009224853,0.4837370990775147,657.8947368421052
42,9,6,415.0,85.0,5.5,0.5120483026906733,0.48795169730932675,657.8947368421052
43,9,6,425.0,85.0,5.5,0.5072812265986086,0.49271877340139136,657.8947368421052
44,9,6,435.0,85.0,5.5,0.5016213284618748,0.4983786715381252,657.8947368421052
45,9,6,445.0,85.0,5.5,0.4944416395155648,0.5055583604844351,657.8947368421052
46,9,6,455.0,85.0,5.5,0.48446559253064253,0.5155344074693575,657.8947368421052
47,9,6,465.0,85.0,5.5,0.4690769278924684,0.5309230721075315,657.8947368421052
48,9,6,475.0,85.0,5.5,0.4424335529782634,0.5575664470217365,657.8947368421052
49,9,6,485.0,85.0,5.5,0.39175351545038334,0.6082464845496167,657.8947368421052
50,9,6,495.0,85.0,5.5,0.29311180413288657,0.7068881958671134,657.8947368421052
1,10,6,5.0,95.0,5.5,0.6611038411594669,0.33889615884053315,657.8947368421052
2,10,6,15.0,95.0,5.5,0.6554556212119628,0.34454437878803723,657.8947368421052
3,10,6,25.0,95.0,5.5,0.6486043258837216,0.35139567411627837,657.8947368421052
4,10,6,35.0,95.0,5.5,0.6412528100127474,0.35874718998725263,657.8947368421052
5,10,6,45.0,95.0,5.5,0.633832595500466,0.366167404499534,657.8947368421052
6,10,6,55.0,95.0,5.5,0.6265731027613867,0.37342689723861333,657.8947368421052
7,10,6,65.0,95.0,5.5,0.6195934425523996,0.38040655744760044,657.8947368421052
8,10,6,75.0,95.0,5.5,0.6129363045696845,0.3870636954303155,657.8947368421052
9,10,6,85.0,95.0,5.5,0.6066070085056608,0.39339299149433915,657.8947368421052
10,10,6,95.0,95.0,5.5,0.6005948681649091,0.39940513183509085,657.8947368421052
11,10,6,105.0,95.0,5.5,0.594877374668697,0.40512262533130305,657.8947368421052
12,10,6,115.0,95.0,5.5,0.5894293511077051,0.4105706488922949,657.8947368421052
13,10,6,125.0,95.0,5.5,0.5842265833747219,0.4157734166252781,657.8947368421052
14,10,6,135.0,95.0,5.5,0.5792469440065937,0.4207530559934063,657.8947368421052
15,10,6,145.0,95.0,5.5,0.5744696422133697,0.4255303577866303,657.8947368421052
16,10,6,155.0,95.0,5.5,0.5698748758456832,0.4301251241543168,657.8947368421052
17,10,6,165.0,95.0,5.5,0.5654425285778742,0.43455747142212575,657.8947368421052
18,10,6,175.0,95.0,5.5,0.5611480131022418,0.4388519868977582,657.8947368421052
19,10,6,185.0,95.0,5.5,0.5569822103195455,0.44301778968045447,657.8947368421052
20,10,6,195.0,95.0,5.5,0.552942616835696,0.447057383164304,657.8947368421052
21,10,6,205.0,95.0,5.5,0.5490193306220778,0.45098066937792225,657.8947368421052
22,10,6,215.0,95.0,5.5,0.545204140609864,0.454795859390136,657.8947368421052
23,10,6,225.0,95.0,5.5,0.5414889377703244,0.45851106222967564,657.8947368421052
24,10,6,235.0,95.0,5.5,0.5378637302070536,0.4621362697929464,657.8947368421052
25,10,6,245.0,95.0,5.5,0.5343221105067438,0.46567788949325617,657.8947368421052
26,10,6,255.0,95.0,5.5,0.5308583815472119,0.4691416184527881,657.8947368421052
27,10,6,265.0,95.0,5.5,0.5274636358563984,0.47253636414360156,657.8947368421052
28,10,6,275.0,95.0,5.5,0.5241282602431833,0.47587173975681674,657.8947368421052
29,10,6,285.0,95.0,5.5,0.5208485326975042,0.4791514673024958,657.8947368421052
30,10,6,295.0,95.0,5.5,0.5176174831007618,0.48238251689923817,657.8947368421052
31,10,6,305.0,95.0,5.5,0.5144200433798579,0.4855799566201421,657.8947368421052
32,10,6,315.0,95.0,5.5,0.5112457951949996,0.4887542048050004,657.8947368421052
33,10,6,325.0,95.0,5.5,0.5080885202373133,0.4919114797626867,657.8947368421052
34,10,6,335.0,95.0,5.5,0.5049333296577952,0.49506667034220475,657.8947368421052
35,10,6,345.0,95.0,5.5,0.5017534408318738,0.4982465591681262,657.8947368421052
36,10,6,355.0,95.0,5.5,0.4985236574344265,0.5014763425655735,657.8947368421052
37,10,6,365.0,95.0,5.5,0.49522464487550716,0.5047753551244929,657.8947368421052
38,10,6,375.0,95.0,5.5,0.491815208096097,0.508184791903903,657.8947368421052
39,10,6,385.0,95.0,5.5,0.4882207657305659,0.5117792342694341,657.8947368421052
40,10,6,395.0,95.0,5.5,0.4844163019822788,0.5155836980177212,657.8947368421052
41,10,6,405.0,95.0,5.5,0.4803269674580728,0.5196730325419272,657.8947368421052
42,10,6,415.0,95.0,5.5,0.47581661107492745,0.5241833889250725,657.8947368421052
43,10,6,425.0,95.0,5.5,0.47064028712081496,0.529359712879185,657.8947368421052
44,10,6,435.0,95.0,5.5,0.46444157414384246,0.5355584258561575,657.8947368421052
45,10,6,445.0,95.0,5.5,0.4565639122602802,0.5434360877397197,657.8947368421052
46,10,6,455.0,95.0,5.5,0.44548014678597425,0.5545198532140257,657.8947368421052
47,10,6,465.0,95.0,5.5,0.427721313282235,0.5722786867177649,657.8947368421052
48,10,6,475.0,95.0,5.5,0.39391742781811573,0.6060825721818843,657.8947368421052
49,10,6,485.0,95.0,5.5,0.31817316321092626,0.6818268367890737,657.8947368421052
50,10,6,495.0,95.0,5.5,0.21557440364149916,0.7844255963585008,657.8947368421052
1,1,7,5.0,5.0,6.5,0.6856195536605298,0.31438044633947015,622.8070175438596
2,1,7,15.0,5.0,6.5,0.6776419778381326,0.3223580221618674,622.8070175438596
3,1,7,25.0,5.0,6.5,0.6684505678673942,0.3315494321326058,622.8070175438596
4,1,7,35.0,5.0,6.5,0.6589822654752125,0.34101773452478745,622.8070175438596
5,1,7,45.0,5.0,6.5,0.6497179930669842,0.3502820069330158,622.8070175438596
6,1,7,55.0,5.0,6.5,0.6408796938722265,0.35912030612777346,622.8070175438596
7,1,7,65.0,5.0,6.5,0.6325480818183838,0.36745191818161616,622.8070175438596
8,1,7,75.0,5.0,6.5,0.6247277875421431,0.3752722124578569,622.8070175438596
9,1,7,85.0,5.0,6.5,0.6173953026719838,0.38260469732801616,622.8070175438596
10,1,7,95.0,5.0,6.5,0.6105057220471919,0.3894942779528081,622.8070175438596
11,1,7,105.0,5.0,6.5,0.6040181592148953,0.3959818407851047,622.8070175438596
12,1,7,115.0,5.0,6.5,0.5978848854799601,0.4021151145200399,622.8070175438596
13,1,7,125.0,5.0,6.5,0.5920688903716481,0.4079311096283519,622.8070175438596
14,1,7,135.0,5.0,6.5,0.5865359587991974,0.4134640412008026,622.8070175438596
15,1,7,145.0,5.0,6.5,0.5812557889863742,0.4187442110136258,622.8070175438596
16,1,7,155.0,5.0,6.5,0.5762007929221938,0.42379920707780616,622.8070175438596
17,1,7,165.0,5.0,6.5,0.5713463953191008,0.4286536046808992,622.8070175438596
18,1,7,175.0,5.0,6.5,0.5666671756999172,0.4333328243000828,622.8070175438596
19,1,7,185.0,5.0,6.5,0.5621325060170052,0.43786749398299485,622.8070175438596
20,1,7,195.0,5.0,6.5,0.5577419533245954,0.4422580466754046,622.8070175438596
21,1,7,205.0,5.0,6.5,0.5534896460937065,0.44651035390629346,622.8070175438596
22,1,7,215.0,5.0,6.5,0.5493630639415223,0.45063693605847766,622.8070175438596
23,1,7,225.0,5.0,6.5,0.5453508677886514,0.4546491322113486,622.8070175438596
24,1,7,235.0,5.0,6.5,0.5414452698731779,0.45855473012682213,622.8070175438596
25,1,7,245.0,5.0,6.5,0.537637033230224,0.46236296676977595,622.8070175438596
26,1,7,255.0,5.0,6.5,0.5339147131877964,0.4660852868122036,622.8070175438596
27,1,7,265.0,5.0,6.5,0.5302692730705127,0.46973072692948725,622.8070175438596
28,1,7,275.0,5.0,6.5,0.5266967780496584,0.4733032219503416,622.8070175438596
29,1,7,285.0,5.0,6.5,0.5231874148891333,0.47681258511086666,622.8070175438596
30,1,7,295.0,5.0,6.5,0.519726468217801,0.480273531782199,622.8070175438596
31,1,7,305.0,5.0,6.5,0.5163053141168659,0.48369468588313413,622.8070175438596
32,1,7,315.0,5.0,6.5,0.5129193843181493,0.4870806156818507,622.8070175438596
33,1,7,325.0,5.0,6.5,0.5095543332861212,0.4904456667138788,622.8070175438596
34,1,7,335.0,5.0,6.5,0.506185864364816,0.49381413563518395,622.8070175438596
35,1,7,345.0,5.0,6.5,0.5027979840377282,0.49720201596227176,622.8070175438596
36,1,7,355.0,5.0,6.5,0.49938156221371865,0.5006184377862813,622.8070175438596
37,1,7,365.0,5.0,6.5,0.4959057175450381,0.5040942824549619,622.8070175438596
38,1,7,375.0,5.0,6.5,0.4923165994645923,0.5076834005354077,622.8070175438596
39,1,7,385.0,5.0,6.5,0.48856980873886396,0.5114301912611361,622.8070175438596
40,1,7,395.0,5.0,6.5,0.4846235856423451,0.5153764143576549,622.8070175438596
41,1,7,405.0,5.0,6.5,0.4803777095985528,0.5196222904014471,622.8070175438596
42,1,7,415.0,5.0,6.5,0.47565012031101994,0.5243498796889801,622.8070175438596
43,1,7,425.0,5.0,6.5,0.4702060891182315,0.5297939108817685,622.8070175438596
44,1,7,435.0,5.0,6.5,0.4638642332758313,0.5361357667241686,622.8070175438596
45,1,7,445.0,5.0,6.5,0.4561471595876595,0.5438528404123405,622.8070175438596
46,1,7,455.0,5.0,6.5,0.4459966876531869,0.5540033123468131,622.8070175438596
47,1,7,465.0,5.0,6.5,0.4313783942050181,0.5686216057949819,622.8070175438596
48,1,7,475.0,5.0,6.5,0.40703684069558066,0.5929631593044193,622.8070175438596
49,1,7,485.0,5.0,6.5,0.35646718390660076,0.6435328160933993,622.8070175438596
50,1,7,495.0,5.0,6.5,0.25135205357188684,0.7486479464281132,622.8070175438596
1,2,7,5.0,15.0,6.5,0.7355537546617913,0.2644462453382087,622.8070175438596
2,2,7,15.0,15.0,6.5,0.7255997992254651,0.27440020077453486,622.8070175438596
3,2,7,25.0,15.0,6.5,0.7144007065613656,0.28559929343863444,622.8070175438596
4,2,7,35.0,15.0,6.5,0.7030924896408597,0.2969075103591403,622.8070175438596
5,2,7,45.0,15.0,6.5,0.6922373080730441,0.30776269192695593,622.8070175438596
6,2,7,55.0,15.0,6.5,0.6820579746462718,0.3179420253537282,622.8070175438596
7,2,7,65.0,15.0,6.5,0.672602608144402,0.327397391855598,622.8070175438596
8,2,7,75.0,15.0,6.5,0.6638397420797301,0.33616025792026993,622.8070175438596
9,2,7,85.0,15.0,6.5,0.6557061642113357,0.34429383578866435,622.8070175438596
10,2,7,95.0,15.0,6.5,0.6481368544941571,0.35186314550584286,622.8070175438596
11,2,7,105.0,15.0,6.5,0.6410558061744365,0.35894419382556353,622.8070175438596
12,2,7,115.0,15.0,6.5,0.6344104659659144,0.36558953403408556,622.8070175438596
13,2,7,125.0,15.0,6.5,0.6281416797274896,0.3718583202725104,622.8070175438596
14,2,7,135.0,15.0,6.5,0.6222054797029496,0.3777945202970504,622.8070175438596
15,2,7,145.0,15.0,6.5,0.6165647174531981,0.3834352825468019,622.8070175438596
16,2,7,155.0,15.0,6.5,0.611185203421157,0.388814796578843,622.8070175438596
17,2,7,165.0,15.0,6.5,0.6060374248642325,0.3939625751357675,622.8070175438596
18,2,7,175.0,15.0,6.5,0.6010948424703301,0.39890515752966993,622.8070175438596
19,2,7,185.0,15.0,6.5,0.5963315216540468,0.4036684783459532,622.8070175438596
20,2,7,195.0,15.0,6.5,0.591721586603503,0.40827841339649695,622.8070175438596
21,2,7,205.0,15.0,6.5,0.5872604478755926,0.4127395521244074,622.8070175438596
22,2,7,215.0,15.0,6.5,0.582938875777949,0.417061124222051,622.8070175438596
23,2,7,225.0,15.0,6.5,0.5787427822759331,0.4212572177240669,622.8070175438596
24,2,7,235.0,15.0,6.5,0.5746600116843947,0.42533998831560527,622.8070175438596
25,2,7,245.0,15.0,6.5,0.5706807239529024,0.42931927604709763,622.8070175438596
26,2,7,255.0,15.0,6.5,0.5667941351892041,0.4332058648107959,622.8070175438596
27,2,7,265.0,15.0,6.5,0.5629879676931203,0.4370120323068797,622.8070175438596
28,2,7,275.0,15.0,6.5,0.5592535939429807,0.4407464060570193,622.8070175438596
29,2,7,285.0,15.0,6.5,0.5555832996701259,0.4444167003298741,622.8070175438596
30,2,7,295.0,15.0,6.5,0.5519676602335407,0.4480323397664593,622.8070175438596
31,2,7,305.0,15.0,6.5,0.548393939120219,0.45160606087978095,622.8070175438596
32,2,7,315.0,15.0,6.5,0.5448544139957334,0.4551455860042666,622.8070175438596
33,2,7,325.0,15.0,6.5,0.5413429179064695,0.4586570820935305,622.8070175438596
34,2,7,335.0,15.0,6.5,0.5378451437076728,0.4621548562923272,622.8070175438596
35,2,7,345.0,15.0,6.5,0.534346525657877,0.465653474342123,622.8070175438596
36,2,7,355.0,15.0,6.5,0.5308383541122917,0.46916164588770826,622.8070175438596
37,2,7,365.0,15.0,6.5,0.5273104664127473,0.47268953358725274,622.8070175438596
38,2,7,375.0,15.0,6.5,0.5237403692808393,0.47625963071916066,622.8070175438596
39,2,7,385.0,15.0,6.5,0.5201019565833763,0.4798980434166237,622.8070175438596
40,2,7,395.0,15.0,6.5,0.5163751055664987,0.4836248944335013,622.8070175438596
41,2,7,405.0,15.0,6.5,0.5125305858638337,0.4874694141361663,622.8070175438596
42,2,7,415.0,15.0,6.5,0.5085059484731799,0.49149405152682013,622.8070175438596
43,2,7,425.0,15.0,6.5,0.5042004003498688,0.4957995996501312,622.8070175438596
44,2,7,435.0,15.0,6.5,0.4993759671716347,0.5006240328283653,622.8070175438596
45,2,7,445.0,15.0,6.5,0.4935520378608028,0.5064479621391972,622.8070175438596
46,2,7,455.0,15.0,6.5,0.48567565508275856,0.5143243449172414,622.8070175438596
47,2,7,465.0,15.0,6.5,0.47364141429972517,0.5263585857002748,622.8070175438596
48,2,7,475.0,15.0,6.5,0.4530358719426621,0.5469641280573379,622.8070175438596
49,2,7,485.0,15.0,6.5,0.4136676997973263,0.5863323002026737,622.8070175438596
50,2,7,495.0,15.0,6.5,0.3341186469823708,0.6658813530176292,622.8070175438596
1,3,7,5.0,25.0,6.5,0.7638260745588641,0.2361739254411359,622.8070175438596
2,3,7,15.0,25.0,6.5,0.7526917118004776,0.24730828819952244,622.8070175438596
3,3,7,25.0,25.0,6.5,0.7401453040434217,0.2598546959565783,622.8070175438596
4,3,7,35.0,25.0,6.5,0.7275020763543265,0.2724979236456735,622.8070175438596
5,3,7,45.0,25.0,6.5,0.7154374624121612,0.2845625375878388,622.8070175438596
6,3,7,55.0,25.0,6.5,0.7042230621071922,0.2957769378928078,622.8070175438596
7,3,7,65.0,25.0,6.5,0.6938840432192582,0.30611595678074177,622.8070175438596
8,3,7,75.0,25.0,6.5,0.6843660806359281,0.3156339193640719,622.8070175438596
9,3,7,85.0,25.0,6.5,0.6755850300173674,0.32441496998263264,622.8070175438596
10,3,7,95.0,25.0,6.5,0.6674457473744544,0.3325542526255456,622.8070175438596
11,3,7,105.0,25.0,6.5,0.6598516744827005,0.34014832551729945,622.8070175438596
12,3,7,115.0,25.0,6.5,0.652735813747154,0.34726418625284605,622.8070175438596
13,3,7,125.0,25.0,6.5,0.6460340589529495,0.3539659410470505,622.8070175438596
14,3,7,135.0,25.0,6.5,0.6397004396205077,0.3602995603794923,622.8070175438596
15,3,7,145.0,25.0,6.5,0.6336846295867595,0.36631537041324047,622.8070175438596
16,3,7,155.0,25.0,6.5,0.6279484571303606,0.3720515428696394,622.8070175438596
17,3,7,165.0,25.0,6.5,0.622461724034504,0.37753827596549605,622.8070175438596
18,3,7,175.0,25.0,6.5,0.6171964536129678,0.3828035463870322,622.8070175438596
19,3,7,185.0,25.0,6.5,0.6121268844338799,0.38787311556612014,622.8070175438596
20,3,7,195.0,25.0,6.5,0.6072293794319449,0.3927706205680551,622.8070175438596
21,3,7,205.0,25.0,6.5,0.602481011114036,0.39751898888596404,622.8070175438596
22,3,7,215.0,25.0,6.5,0.5978671056343713,0.4021328943656287,622.8070175438596
23,3,7,225.0,25.0,6.5,0.593384781440882,0.406615218559118,622.8070175438596
24,3,7,235.0,25.0,6.5,0.5890210402477777,0.4109789597522223,622.8070175438596
25,3,7,245.0,25.0,6.5,0.5847643361933355,0.41523566380666455,622.8070175438596
26,3,7,255.0,25.0,6.5,0.5806043763436682,0.41939562365633176,622.8070175438596
27,3,7,265.0,25.0,6.5,0.576530119024856,0.42346988097514404,622.8070175438596
28,3,7,275.0,25.0,6.5,0.5725318754820153,0.42746812451798466,622.8070175438596
29,3,7,285.0,25.0,6.5,0.5686011031342268,0.43139889686577315,622.8070175438596
30,3,7,295.0,25.0,6.5,0.5647282669456425,0.4352717330543575,622.8070175438596
31,3,7,305.0,25.0,6.5,0.5609051110928092,0.43909488890719084,622.8070175438596
32,3,7,315.0,25.0,6.5,0.5571237241803599,0.44287627581964006,622.8070175438596
33,3,7,325.0,25.0,6.5,0.5533755594910585,0.44662444050894146,622.8070175438596
34,3,7,335.0,25.0,6.5,0.5496503714113459,0.4503496285886541,622.8070175438596
35,3,7,345.0,25.0,6.5,0.5459386242983569,0.45406137570164307,622.8070175438596
36,3,7,355.0,25.0,6.5,0.5422325404793381,0.4577674595206619,622.8070175438596
37,3,7,365.0,25.0,6.5,0.5385220796718193,0.4614779203281807,622.8070175438596
38,3,7,375.0,25.0,6.5,0.5347923789525518,0.46520762104744817,622.8070175438596
39,3,7,385.0,25.0,6.5,0.5310290255568254,0.4689709744431746,622.8070175438596
40,3,7,395.0,25.0,6.5,0.5272193930025816,0.4727806069974184,622.8070175438596
41,3,7,405.0,25.0,6.5,0.5233439728593396,0.47665602714066035,622.8070175438596
42,3,7,415.0,25.0,6.5,0.5193679927760421,0.48063200722395794,622.8070175438596
43,3,7,425.0,25.0,6.5,0.5152462706112969,0.4847537293887031,622.8070175438596
44,3,7,435.0,25.0,6.5,0.5108133563685594,0.4891866436314406,622.8070175438596
45,3,7,445.0,25.0,6.5,0.505859041433869,0.49414095856613105,622.8070175438596
46,3,7,455.0,25.0,6.5,0.499812274145687,0.500187725854313,622.8070175438596
47,3,7,465.0,25.0,6.5,0.49123250717305156,0.5087674928269484,622.8070175438596
48,3,7,475.0,25.0,6.5,0.47647115827036524,0.5235288417296348,622.8070175438596
49,3,7,485.0,25.0,6.5,0.4467839675118761,0.5532160324881239,622.8070175438596
50,3,7,495.0,25.0,6.5,0.3815597248193932,0.6184402751806068,622.8070175438596
1,4,7,5.0,35.0,6.5,0.7824103513977076,0.21758964860229235,622.8070175438596
2,4,7,15.0,35.0,6.5,0.7711378725848929,0.22886212741510714,622.8070175438596
3,4,7,25.0,35.0,6.5,0.7578674972003044,0.24213250279969556,622.8070175438596
4,4,7,35.0,35.0,6.5,0.7442330632296781,0.2557669367703219,622.8070175438596
5,4,7,45.0,35.0,6.5,0.7312061564069098,0.2687938435930902,622.8070175438596
6,4,7,55.0,35.0,6.5,0.719262867138803,0.28073713286119695,622.8070175438596
7,4,7,65.0,35.0,6.5,0.7083365113862574,0.2916634886137426,622.8070175438596
8,4,7,75.0,35.0,6.5,0.6983153840600425,0.30168461593995755,622.8070175438596
9,4,7,85.0,35.0,6.5,0.6890729755914818,0.31092702440851816,622.8070175438596
10,4,7,95.0,35.0,6.5,0.6805050928960884,0.3194949071039116,622.8070175438596
11,4,7,105.0,35.0,6.5,0.6725284517952709,0.3274715482047291,622.8070175438596
12,4,7,115.0,35.0,6.5,0.6650533092712799,0.3349466907287201,622.8070175438596
13,4,7,125.0,35.0,6.5,0.6580147239203381,0.3419852760796619,622.8070175438596
14,4,7,135.0,35.0,6.5,0.6513472113417144,0.34865278865828564,622.8070175438596
15,4,7,145.0,35.0,6.5,0.6450132740278689,0.3549867259721311,622.8070175438596
16,4,7,155.0,35.0,6.5,0.6389721427228737,0.3610278572771263,622.8070175438596
17,4,7,165.0,35.0,6.5,0.6331888652843537,0.3668111347156463,622.8070175438596
18,4,7,175.0,35.0,6.5,0.6276389320972419,0.37236106790275814,622.8070175438596
19,4,7,185.0,35.0,6.5,0.6222982105306591,0.37770178946934085,622.8070175438596
20,4,7,195.0,35.0,6.5,0.6171457121636127,0.3828542878363873,622.8070175438596
21,4,7,205.0,35.0,6.5,0.612160393719491,0.38783960628050895,622.8070175438596
22,4,7,215.0,35.0,6.5,0.6073210085599736,0.3926789914400264,622.8070175438596
23,4,7,225.0,35.0,6.5,0.6026103955977289,0.3973896044022711,622.8070175438596
24,4,7,235.0,35.0,6.5,0.598027802601608,0.40197219739839196,622.8070175438596
25,4,7,245.0,35.0,6.5,0.5935611784630449,0.4064388215369551,622.8070175438596
26,4,7,255.0,35.0,6.5,0.5891990706271725,0.41080092937282753,622.8070175438596
27,4,7,265.0,35.0,6.5,0.5849305433210622,0.4150694566789378,622.8070175438596
28,4,7,275.0,35.0,6.5,0.5807469282344294,0.4192530717655706,622.8070175438596
29,4,7,285.0,35.0,6.5,0.5766383407425149,0.42336165925748515,622.8070175438596
30,4,7,295.0,35.0,6.5,0.5725953707997966,0.4274046292002034,622.8070175438596
31,4,7,305.0,35.0,6.5,0.5686094377802489,0.43139056221975114,622.8070175438596
32,4,7,315.0,35.0,6.5,0.5646723210831989,0.43532767891680113,622.8070175438596
33,4,7,325.0,35.0,6.5,0.5607770322468206,0.43922296775317937,622.8070175438596
34,4,7,335.0,35.0,6.5,0.5569151520001546,0.4430848479998454,622.8070175438596
35,4,7,345.0,35.0,6.5,0.5530771414903694,0.44692285850963065,622.8070175438596
36,4,7,355.0,35.0,6.5,0.5492544781893922,0.4507455218106078,622.8070175438596
37,4,7,365.0,35.0,6.5,0.545439131894396,0.45456086810560403,622.8070175438596
38,4,7,375.0,35.0,6.5,0.5416223738997861,0.45837762610021393,622.8070175438596
39,4,7,385.0,35.0,6.5,0.5377922164404964,0.46220778355950365,622.8070175438596
40,4,7,395.0,35.0,6.5,0.5339366165151944,0.4660633834848056,622.8070175438596
41,4,7,405.0,35.0,6.5,0.5300438175881834,0.4699561824118166,622.8070175438596
42,4,7,415.0,35.0,6.5,0.5261005508535461,0.4738994491464539,622.8070175438596
43,4,7,425.0,35.0,6.5,0.5220861194113243,0.4779138805886757,622.8070175438596
44,4,7,435.0,35.0,6.5,0.5179771599906091,0.4820228400093909,622.8070175438596
45,4,7,445.0,35.0,6.5,0.51359606138261,0.48640393861738995,622.8070175438596
46,4,7,455.0,35.0,6.5,0.5086290683707544,0.4913709316292456,622.8070175438596
47,4,7,465.0,35.0,6.5,0.502386995060278,0.49761300493972205,622.8070175438596
48,4,7,475.0,35.0,6.5,0.4924308102844782,0.5075691897155218,622.8070175438596
49,4,7,485.0,35.0,6.5,0.47183501754936275,0.5281649824506373,622.8070175438596
50,4,7,495.0,35.0,6.5,0.42295979448340654,0.5770402055165935,622.8070175438596
1,5,7,5.0,45.0,6.5,0.7948580275197948,0.20514197248020516,622.8070175438596
2,5,7,15.0,45.0,6.5,0.7853122143815088,0.21468778561849122,622.8070175438596
3,5,7,25.0,45.0,6.5,0.7722126700815768,0.2277873299184232,622.8070175438596
4,5,7,35.0,45.0,6.5,0.7581926834227349,0.24180731657726506,622.8070175438596
5,5,7,45.0,45.0,6.5,0.7447607506715695,0.25523924932843045,622.8070175438596
6,5,7,55.0,45.0,6.5,0.7322398966559525,0.26776010334404754,622.8070175438596
7,5,7,65.0,45.0,6.5,0.7207690548039336,0.2792309451960664,622.8070175438596
8,5,7,75.0,45.0,6.5,0.710288110711592,0.28971188928840796,622.8070175438596
9,5,7,85.0,45.0,6.5,0.7006692643544675,0.2993307356455325,622.8070175438596
10,5,7,95.0,45.0,6.5,0.6917920830784071,0.3082079169215929,622.8070175438596
11,5,7,105.0,45.0,6.5,0.6835467669245622,0.3164532330754378,622.8070175438596
12,5,7,115.0,45.0,6.5,0.6758374453473127,0.3241625546526873,622.8070175438596
13,5,7,125.0,45.0,6.5,0.6685960649634892,0.3314039350365108,622.8070175438596
14,5,7,135.0,45.0,6.5,0.6617480148887249,0.3382519851112751,622.8070175438596
15,5,7,145.0,45.0,6.5,0.6552498137491418,0.3447501862508582,622.8070175438596
16,5,7,155.0,45.0,6.5,0.6490579517603556,0.35094204823964437,622.8070175438596
17,5,7,165.0,45.0,6.5,0.6431328086089835,0.3568671913910165,622.8070175438596
18,5,7,175.0,45.0,6.5,0.6374475671875356,0.3625524328124644,622.8070175438596
19,5,7,185.0,45.0,6.5,0.631975493867759,0.368024506132241,622.8070175438596
20,5,7,195.0,45.0,6.5,0.6266910953619491,0.3733089046380509,622.8070175438596
21,5,7,205.0,45.0,6.5,0.6215732928081422,0.3784267071918578,622.8070175438596
22,5,7,215.0,45.0,6.5,0.6166026171809456,0.38339738281905444,622.8070175438596
23,5,7,225.0,45.0,6.5,0.6117601012874665,0.3882398987125335,622.8070175438596
24,5,7,235.0,45.0,6.5,0.6070381950077146,0.3929618049922854,622.8070175438596
25,5,7,245.0,45.0,6.5,0.6024328122933595,0.39756718770664046,622.8070175438596
26,5,7,255.0,45.0,6.5,0.5979318019323737,0.4020681980676263,622.8070175438596
27,5,7,265.0,45.0,6.5,0.5935249678599896,0.40647503214001035,622.8070175438596
28,5,7,275.0,45.0,6.5,0.5892027110130532,0.4107972889869468,622.8070175438596
29,5,7,285.0,45.0,6.5,0.5849555750630743,0.4150444249369257,622.8070175438596
30,5,7,295.0,45.0,6.5,0.5807757742626934,0.41922422573730656,622.8070175438596
31,5,7,305.0,45.0,6.5,0.5766541383944774,0.42334586160552257,622.8070175438596
32,5,7,315.0,45.0,6.5,0.5725821316455129,0.42741786835448714,622.8070175438596
33,5,7,325.0,45.0,6.5,0.5685504528989744,0.43144954710102557,622.8070175438596
34,5,7,335.0,45.0,6.5,0.5645478701401611,0.43545212985983894,622.8070175438596
35,5,7,345.0,45.0,6.5,0.5605661051918324,0.43943389480816764,622.8070175438596
36,5,7,355.0,45.0,6.5,0.5565944049891265,0.4434055950108735,622.8070175438596
37,5,7,365.0,45.0,6.5,0.5526192031444126,0.4473807968555874,622.8070175438596
38,5,7,375.0,45.0,6.5,0.5486276879851235,0.4513723120148765,622.8070175438596
39,5,7,385.0,45.0,6.5,0.5446063000189926,0.4553936999810074,622.8070175438596
40,5,7,395.0,45.0,6.5,0.5405374166912766,0.45946258330872336,622.8070175438596
41,5,7,405.0,45.0,6.5,0.5363989590896839,0.46360104091031606,622.8070175438596
42,5,7,415.0,45.0,6.5,0.5321695842016195,0.4678304157983805,622.8070175438596
43,5,7,425.0,45.0,6.5,0.527824763830033,0.47217523616996704,622.8070175438596
44,5,7,435.0,45.0,6.5,0.5233279580210994,0.47667204197890056,622.8070175438596
45,5,7,445.0,45.0,6.5,0.5186274816779115,0.4813725183220885,622.8070175438596
46,5,7,455.0,45.0,6.5,0.5136118172892439,0.4863881827107561,622.8070175438596
47,5,7,465.0,45.0,6.5,0.5076517510418022,0.49234824895819784,622.8070175438596
48,5,7,475.0,45.0,6.5,0.498690471046145,0.5013095289538549,622.8070175438596
49,5,7,485.0,45.0,6.5,0.4800074355712629,0.5199925644287371,622.8070175438596
50,5,7,495.0,45.0,6.5,0.43562115919676453,0.5643788408032355,622.8070175438596
1,6,7,5.0,55.0,6.5,0.7832112843238402,0.21678871567615976,622.8070175438596
2,6,7,15.0,55.0,6.5,0.7725599616037545,0.2274400383962455,622.8070175438596
3,6,7,25.0,55.0,6.5,0.7599694772529539,0.24003052274704606,622.8070175438596
4,6,7,35.0,55.0,6.5,0.7469440146892541,0.2530559853107459,622.8070175438596
5,6,7,45.0,55.0,6.5,0.7343885854743935,0.26561141452560655,622.8070175438596
6,6,7,55.0,55.0,6.5,0.7226593345387979,0.27734066546120206,622.8070175438596
7,6,7,65.0,55.0,6.5,0.7118289852764058,0.2881710147235942,622.8070175438596
8,6,7,75.0,55.0,6.5,0.70184622841508,0.29815377158491996,622.8070175438596
9,6,7,85.0,55.0,6.5,0.6926175158282107,0.30738248417178926,622.8070175438596
10,6,7,95.0,55.0,6.5,0.6840472662098904,0.3159527337901096,622.8070175438596
11,6,7,105.0,55.0,6.5,0.6760477633528619,0.3239522366471381,622.8070175438596
12,6,7,115.0,55.0,6.5,0.6685483465087343,0.3314516534912657,622.8070175438596
13,6,7,125.0,55.0,6.5,0.6614736191231647,0.3385263808768353,622.8070175438596
14,6,7,135.0,55.0,6.5,0.6547771374641599,0.3452228625358401,622.8070175438596
15,6,7,145.0,55.0,6.5,0.6484088810126387,0.3515911189873613,622.8070175438596
16,6,7,155.0,55.0,6.5,0.6423292237221737,0.3576707762778263,622.8070175438596
17,6,7,165.0,55.0,6.5,0.6365098985920513,0.3634901014079487,622.8070175438596
18,6,7,175.0,55.0,6.5,0.6309222163248258,0.3690777836751742,622.8070175438596
19,6,7,185.0,55.0,6.5,0.6255411576313387,0.37445884236866134,622.8070175438596
20,6,7,195.0,55.0,6.5,0.6203449720561415,0.3796550279438585,622.8070175438596
21,6,7,205.0,55.0,6.5,0.6153126644360392,0.38468733556396084,622.8070175438596
22,6,7,215.0,55.0,6.5,0.6104245542863795,0.38957544571362046,622.8070175438596
23,6,7,225.0,55.0,6.5,0.6056615143649283,0.3943384856350717,622.8070175438596
24,6,7,235.0,55.0,6.5,0.6010208644845091,0.3989791355154909,622.8070175438596
25,6,7,245.0,55.0,6.5,0.5964938488574464,0.4035061511425536,622.8070175438596
26,6,7,255.0,55.0,6.5,0.59206935880584,0.40793064119416,622.8070175438596
27,6,7,265.0,55.0,6.5,0.5877368183465932,0.4122631816534068,622.8070175438596
28,6,7,275.0,55.0,6.5,0.5834861987781438,0.4165138012218562,622.8070175438596
29,6,7,285.0,55.0,6.5,0.579307694522161,0.420692305477839,622.8070175438596
30,6,7,295.0,55.0,6.5,0.5751924882839122,0.42480751171608777,622.8070175438596
31,6,7,305.0,55.0,6.5,0.5711330069337327,0.4288669930662673,622.8070175438596
32,6,7,315.0,55.0,6.5,0.56711873672137,0.43288126327862997,622.8070175438596
33,6,7,325.0,55.0,6.5,0.5631400920301537,0.4368599079698463,622.8070175438596
34,6,7,335.0,55.0,6.5,0.5591902374427041,0.44080976255729587,622.8070175438596
35,6,7,345.0,55.0,6.5,0.5552608001685082,0.4447391998314918,622.8070175438596
36,6,7,355.0,55.0,6.5,0.5513391915036875,0.4486608084963125,622.8070175438596
37,6,7,365.0,55.0,6.5,0.5474069604271393,0.4525930395728607,622.8070175438596
38,6,7,375.0,55.0,6.5,0.5434500104879221,0.4565499895120779,622.8070175438596
39,6,7,385.0,55.0,6.5,0.5394507035085697,0.4605492964914303,622.8070175438596
40,6,7,395.0,55.0,6.5,0.5353846580099182,0.4646153419900818,622.8070175438596
41,6,7,405.0,55.0,6.5,0.5312220223902323,0.4687779776097677,622.8070175438596
42,6,7,415.0,55.0,6.5,0.526925685280115,0.47307431471988504,622.8070175438596
43,6,7,425.0,55.0,6.5,0.5224367508431863,0.4775632491568137,622.8070175438596
44,6,7,435.0,55.0,6.5,0.5176556961468419,0.4823443038531581,622.8070175438596
45,6,7,445.0,55.0,6.5,0.5123952468072638,0.4876047531927362,622.8070175438596
46,6,7,455.0,55.0,6.5,0.5062018209213293,0.49379817907867074,622.8070175438596
47,6,7,465.0,55.0,6.5,0.49781398762148504,0.5021860123785149,622.8070175438596
48,6,7,475.0,55.0,6.5,0.48378445061423075,0.5162155493857692,622.8070175438596
49,6,7,485.0,55.0,6.5,0.4557400607608926,0.5442599392391074,622.8070175438596
50,6,7,495.0,55.0,6.5,0.39728047649693865,0.6027195235030613,622.8070175438596
1,7,7,5.0,65.0,6.5,0.7665969129638517,0.23340308703614832,622.8070175438596
2,7,7,15.0,65.0,6.5,0.7562460099650629,0.24375399003493714,622.8070175438596
3,7,7,25.0,65.0,6.5,0.7444368810110491,0.2555631189889509,622.8070175438596
4,7,7,35.0,65.0,6.5,0.7323542653038434,0.2676457346961566,622.8070175438596
5,7,7,45.0,65.0,6.5,0.72068467864477,0.27931532135522996,622.8070175438596
6,7,7,55.0,65.0,6.5,0.7097228030748566,0.2902771969251434,622.8070175438596
7,7,7,65.0,65.0,6.5,0.6995358893084492,0.30046411069155077,622.8070175438596
8,7,7,75.0,65.0,6.5,0.69009737129896,0.30990262870104,622.8070175438596
9,7,7,85.0,65.0,6.5,0.6813415027754053,0.3186584972245947,622.8070175438596
10,7,7,95.0,65.0,6.5,0.6731894349870132,0.3268105650129868,622.8070175438596
11,7,7,105.0,65.0,6.5,0.6655619485416353,0.3344380514583647,622.8070175438596
12,7,7,115.0,65.0,6.5,0.6584007254944675,0.3415992745055325,622.8070175438596
13,7,7,125.0,65.0,6.5,0.6516367644252862,0.3483632355747138,622.8070175438596
14,7,7,135.0,65.0,6.5,0.6452283383356568,0.35477166166434315,622.8070175438596
15,7,7,145.0,65.0,6.5,0.6391314475397649,0.3608685524602351,622.8070175438596
16,7,7,155.0,65.0,6.5,0.6333077325492582,0.3666922674507418,622.8070175438596
17,7,7,165.0,65.0,6.5,0.6277295240578016,0.3722704759421984,622.8070175438596
18,7,7,175.0,65.0,6.5,0.6223703462803658,0.3776296537196342,622.8070175438596
19,7,7,185.0,65.0,6.5,0.6172061830105451,0.3827938169894549,622.8070175438596
20,7,7,195.0,65.0,6.5,0.6122148412650799,0.38778515873492014,622.8070175438596
21,7,7,205.0,65.0,6.5,0.6073748918521459,0.3926251081478541,622.8070175438596
22,7,7,215.0,65.0,6.5,0.602665484114167,0.397334515885833,622.8070175438596
23,7,7,225.0,65.0,6.5,0.5980836631484138,0.40191633685158623,622.8070175438596
24,7,7,235.0,65.0,6.5,0.5936203097204842,0.4063796902795158,622.8070175438596
25,7,7,245.0,65.0,6.5,0.5892633049185506,0.4107366950814494,622.8070175438596
26,7,7,255.0,65.0,6.5,0.5850015646418865,0.41499843535811354,622.8070175438596
27,7,7,265.0,65.0,6.5,0.5808263490898706,0.41917365091012937,622.8070175438596
28,7,7,275.0,65.0,6.5,0.5767266735898533,0.4232733264101467,622.8070175438596
29,7,7,285.0,65.0,6.5,0.5726927464319379,0.4273072535680621,622.8070175438596
30,7,7,295.0,65.0,6.5,0.5687155169886889,0.43128448301131106,622.8070175438596
31,7,7,305.0,65.0,6.5,0.5647861279696482,0.4352138720303518,622.8070175438596
32,7,7,315.0,65.0,6.5,0.560896298653066,0.439103701346934,622.8070175438596
33,7,7,325.0,65.0,6.5,0.5570353461000161,0.44296465389998385,622.8070175438596
34,7,7,335.0,65.0,6.5,0.5531924214382625,0.4468075785617375,622.8070175438596
35,7,7,345.0,65.0,6.5,0.5493565251441724,0.45064347485582756,622.8070175438596
36,7,7,355.0,65.0,6.5,0.545517414647437,0.45448258535256303,622.8070175438596
37,7,7,365.0,65.0,6.5,0.5416654407887505,0.45833455921124955,622.8070175438596
38,7,7,375.0,65.0,6.5,0.5377717237098205,0.4622282762901795,622.8070175438596
39,7,7,385.0,65.0,6.5,0.533812989698293,0.46618701030170695,622.8070175438596
40,7,7,395.0,65.0,6.5,0.5297565666083098,0.47024343339169017,622.8070175438596
41,7,7,405.0,65.0,6.5,0.5255580703328412,0.4744419296671588,622.8070175438596
42,7,7,415.0,65.0,6.5,0.5211511957883666,0.47884880421163345,622.8070175438596
43,7,7,425.0,65.0,6.5,0.5164280994564324,0.4835719005435676,622.8070175438596
44,7,7,435.0,65.0,6.5,0.5111959141236243,0.4888040858763757,622.8070175438596
45,7,7,445.0,65.0,6.5,0.5050621958512557,0.49493780414874433,622.8070175438596
46,7,7,455.0,65.0,6.5,0.49711667305823254,0.5028833269417674,622.8070175438596
47,7,7,465.0,65.0,6.5,0.4851807241579611,0.5148192758420389,622.8070175438596
48,7,7,475.0,65.0,6.5,0.4644104967725453,0.5355895032274547,622.8070175438596
49,7,7,485.0,65.0,6.5,0.42485342014686484,0.5751465798531352,622.8070175438596
50,7,7,495.0,65.0,6.5,0.348834367049704,0.651165632950296,622.8070175438596
1,8,7,5.0,75.0,6.5,0.7435018410591733,0.2564981589408267,622.8070175438596
2,8,7,15.0,75.0,6.5,0.734239889480462,0.26576011051953796,622.8070175438596
3,8,7,25.0,75.0,6.5,0.7236348579040017,0.2763651420959983,622.8070175438596
4,8,7,35.0,75.0,6.5,0.7127558562022429,0.2872441437977571,622.8070175438596
5,8,7,45.0,75.0,6.5,0.7021800656724244,0.2978199343275756,622.8070175438596
6,8,7,55.0,75.0,6.5,0.6921680574523821,0.3078319425476179,622.8070175438596
7,8,7,65.0,75.0,6.5,0.6828020676720529,0.31719793232794713,622.8070175438596
8,8,7,75.0,75.0,6.5,0.674074142495696,0.32592585750430403,622.8070175438596
9,8,7,85.0,75.0,6.5,0.6659377762081563,0.3340622237918437,622.8070175438596
10,8,7,95.0,75.0,6.5,0.65833811371362,0.34166188628637995,622.8070175438596
11,8,7,105.0,75.0,6.5,0.6512063402339429,0.34879365976605714,622.8070175438596
12,8,7,115.0,75.0,6.5,0.6444948961299412,0.35550510387005885,622.8070175438596
13,8,7,125.0,75.0,6.5,0.638148473331444,0.361851526668556,622.8070175438596
14,8,7,135.0,75.0,6.5,0.6321246598641683,0.3678753401358317,622.8070175438596
15,8,7,145.0,75.0,6.5,0.6263885316331309,0.3736114683668691,622.8070175438596
16,8,7,155.0,75.0,6.5,0.6209074771019457,0.3790925228980543,622.8070175438596
17,8,7,165.0,75.0,6.5,0.6156527633068589,0.3843472366931411,622.8070175438596
18,8,7,175.0,75.0,6.5,0.6105989304855421,0.38940106951445785,622.8070175438596
19,8,7,185.0,75.0,6.5,0.605721681333063,0.39427831866693697,622.8070175438596
20,8,7,195.0,75.0,6.5,0.6009972943224521,0.3990027056775479,622.8070175438596
21,8,7,205.0,75.0,6.5,0.5964115433107791,0.40358845668922094,622.8070175438596
22,8,7,215.0,75.0,6.5,0.5919609346326045,0.40803906536739554,622.8070175438596
23,8,7,225.0,75.0,6.5,0.5876317682265402,0.4123682317734598,622.8070175438596
24,8,7,235.0,75.0,6.5,0.5834118828321606,0.4165881171678394,622.8070175438596
25,8,7,245.0,75.0,6.5,0.5792894246974517,0.4207105753025483,622.8070175438596
26,8,7,255.0,75.0,6.5,0.5752535851048574,0.42474641489514264,622.8070175438596
27,8,7,265.0,75.0,6.5,0.57129595033084,0.42870404966916,622.8070175438596
28,8,7,275.0,75.0,6.5,0.5674058369677382,0.43259416303226184,622.8070175438596
29,8,7,285.0,75.0,6.5,0.563572576884175,0.43642742311582505,622.8070175438596
30,8,7,295.0,75.0,6.5,0.5597862121547543,0.4402137878452457,622.8070175438596
31,8,7,305.0,75.0,6.5,0.556040175196225,0.44395982480377505,622.8070175438596
32,8,7,315.0,75.0,6.5,0.5523234449777279,0.4476765550222721,622.8070175438596
33,8,7,325.0,75.0,6.5,0.5486225241668736,0.4513774758331264,622.8070175438596
34,8,7,335.0,75.0,6.5,0.5449260413272299,0.4550739586727701,622.8070175438596
35,8,7,345.0,75.0,6.5,0.5412249123517062,0.4587750876482938,622.8070175438596
36,8,7,355.0,75.0,6.5,0.5375011810894679,0.46249881891053213,622.8070175438596
37,8,7,365.0,75.0,6.5,0.5337327676057295,0.4662672323942705,622.8070175438596
38,8,7,375.0,75.0,6.5,0.5299127225451656,0.47008727745483436,622.8070175438596
39,8,7,385.0,75.0,6.5,0.5259999081910678,0.4740000918089322,622.8070175438596
40,8,7,395.0,75.0,6.5,0.52194237553302,0.47805762446697997,622.8070175438596
41,8,7,405.0,75.0,6.5,0.5176688667984235,0.4823311332015765,622.8070175438596
42,8,7,415.0,75.0,6.5,0.5130804857587363,0.4869195142412637,622.8070175438596
43,8,7,425.0,75.0,6.5,0.5079989970667541,0.4920010029332459,622.8070175438596
44,8,7,435.0,75.0,6.5,0.5020694722031711,0.4979305277968289,622.8070175438596
45,8,7,445.0,75.0,6.5,0.49457493185287255,0.5054250681471275,622.8070175438596
46,8,7,455.0,75.0,6.5,0.4839648640753597,0.5160351359246402,622.8070175438596
47,8,7,465.0,75.0,6.5,0.46701698341169146,0.5329830165883085,622.8070175438596
48,8,7,475.0,75.0,6.5,0.4380483857591523,0.5619516142408477,622.8070175438596
49,8,7,485.0,75.0,6.5,0.38677884923582817,0.6132211507641718,622.8070175438596
50,8,7,495.0,75.0,6.5,0.2964803621592835,0.7035196378407165,622.8070175438596
1,9,7,5.0,85.0,6.5,0.7108456183379374,0.28915438166206264,622.8070175438596
2,9,7,15.0,85.0,6.5,0.7031465398427837,0.29685346015721625,622.8070175438596
3,9,7,25.0,85.0,6.5,0.6941349331098569,0.30586506689014314,622.8070175438596
4,9,7,35.0,85.0,6.5,0.6847457499181552,0.3152542500818448,622.8070175438596
5,9,7,45.0,85.0,6.5,0.675495166907789,0.324504833092211,622.8070175438596
6,9,7,55.0,85.0,6.5,0.6666361017091229,0.3333638982908771,622.8070175438596
7,9,7,65.0,85.0,6.5,0.6582667041481021,0.34173329585189793,622.8070175438596
8,9,7,75.0,85.0,6.5,0.6504026272238137,0.3495973727761863,622.8070175438596
9,9,7,85.0,85.0,6.5,0.6430281650281872,0.35697183497181284,622.8070175438596
10,9,7,95.0,85.0,6.5,0.6360968865461617,0.3639031134538383,622.8070175438596
11,9,7,105.0,85.0,6.5,0.6295729284930458,0.3704270715069542,622.8070175438596
12,9,7,115.0,85.0,6.5,0.6234089711171404,0.37659102888285956,622.8070175438596
13,9,7,125.0,85.0,6.5,0.6175665832115549,0.3824334167884451,622.8070175438596
14,9,7,135.0,85.0,6.5,0.6120128903441638,0.38798710965583616,622.8070175438596
15,9,7,145.0,85.0,6.5,0.606716232530615,0.393283767469385,622.8070175438596
16,9,7,155.0,85.0,6.5,0.6016482375972814,0.39835176240271863,622.8070175438596
17,9,7,165.0,85.0,6.5,0.5967825358519002,0.4032174641480998,622.8070175438596
18,9,7,175.0,85.0,6.5,0.5920924224122132,0.40790757758778684,622.8070175438596
19,9,7,185.0,85.0,6.5,0.587555638610456,0.412444361389544,622.8070175438596
20,9,7,195.0,85.0,6.5,0.583171813146468,0.41682818685353196,622.8070175438596
21,9,7,205.0,85.0,6.5,0.5789271981535471,0.4210728018464529,622.8070175438596
22,9,7,215.0,85.0,6.5,0.5748083741520913,0.4251916258479087,622.8070175438596
23,9,7,225.0,85.0,6.5,0.5708037494193672,0.4291962505806328,622.8070175438596
24,9,7,235.0,85.0,6.5,0.566901802629436,0.433098197370564,622.8070175438596
25,9,7,245.0,85.0,6.5,0.563091118000174,0.436908881999826,622.8070175438596
26,9,7,255.0,85.0,6.5,0.5593608073241602,0.44063919267583984,622.8070175438596
27,9,7,265.0,85.0,6.5,0.555701067656018,0.444298932343982,622.8070175438596
28,9,7,275.0,85.0,6.5,0.552103439872241,0.447896560127759,622.8070175438596
29,9,7,285.0,85.0,6.5,0.5485560242489972,0.4514439757510028,622.8070175438596
30,9,7,295.0,85.0,6.5,0.5450474298543375,0.4549525701456625,622.8070175438596
31,9,7,305.0,85.0,6.5,0.5415685748528353,0.45843142514716473,622.8070175438596
32,9,7,315.0,85.0,6.5,0.5381067513607704,0.46189324863922965,622.8070175438596
33,9,7,325.0,85.0,6.5,0.5346480712456894,0.46535192875431064,622.8070175438596
34,9,7,335.0,85.0,6.5,0.5311772537833802,0.4688227462166198,622.8070175438596
35,9,7,345.0,85.0,6.5,0.5276769533876196,0.47232304661238045,622.8070175438596
36,9,7,355.0,85.0,6.5,0.5241266165612255,0.4758733834387745,622.8070175438596
37,9,7,365.0,85.0,6.5,0.5204980698965754,0.47950193010342457,622.8070175438596
38,9,7,375.0,85.0,6.5,0.5167562477795615,0.48324375222043847,622.8070175438596
39,9,7,385.0,85.0,6.5,0.5128814233067466,0.4871185766932534,622.8070175438596
40,9,7,395.0,85.0,6.5,0.5087916931114126,0.4912083068885874,622.8070175438596
41,9,7,405.0,85.0,6.5,0.504360803864088,0.495639196135912,622.8070175438596
42,9,7,415.0,85.0,6.5,0.4994039590034198,0.5005960409965802,622.8070175438596
43,9,7,425.0,85.0,6.5,0.49355312766377324,0.5064468723362268,622.8070175438596
44,9,7,435.0,85.0,6.5,0.48615205022232183,0.5138479497776782,622.8070175438596
45,9,7,445.0,85.0,6.5,0.47589314343534767,0.5241068565646523,622.8070175438596
46,9,7,455.0,85.0,6.5,0.4601286845693569,0.5398713154306432,622.8070175438596
47,9,7,465.0,85.0,6.5,0.43461892546842384,0.5653810745315762,622.8070175438596
48,9,7,475.0,85.0,6.5,0.39470943001613823,0.6052905699838618,622.8070175438596
49,9,7,485.0,85.0,6.5,0.33223663761709543,0.6677633623829046,622.8070175438596
50,9,7,495.0,85.0,6.5,0.231398678820758,0.768601321179242,622.8070175438596
1,10,7,5.0,95.0,6.5,0.655183260362254,0.34481673963774595,622.8070175438596
2,10,7,15.0,95.0,6.5,0.6492986097914063,0.3507013902085937,622.8070175438596
3,10,7,25.0,95.0,6.5,0.6421718321989625,0.35782816780103754,622.8070175438596
4,10,7,35.0,95.0,6.5,0.6345375725280007,0.3654624274719993,622.8070175438596
5,10,7,45.0,95.0,6.5,0.6268385068639285,0.3731614931360715,622.8070175438596
6,10,7,55.0,95.0,6.5,0.6193182461802879,0.38068175381971214,622.8070175438596
7,10,7,65.0,95.0,6.5,0.6120938392837463,0.3879061607162537,622.8070175438596
8,10,7,75.0,95.0,6.5,0.6052118237535883,0.3947881762464117,622.8070175438596
9,10,7,85.0,95.0,6.5,0.5986786787910982,0.40132132120890185,622.8070175438596
10,10,7,95.0,95.0,6.5,0.5924766168330711,0.40752338316692893,622.8070175438596
11,10,7,105.0,95.0,6.5,0.5865843998783417,0.41341560012165834,622.8070175438596
12,10,7,115.0,95.0,6.5,0.5809759073450581,0.4190240926549419,622.8070175438596
13,10,7,125.0,95.0,6.5,0.5756246934600884,0.4243753065399116,622.8070175438596
14,10,7,135.0,95.0,6.5,0.5705061778005169,0.42949382219948307,622.8070175438596
15,10,7,145.0,95.0,6.5,0.5655974512973636,0.4344025487026364,622.8070175438596
16,10,7,155.0,95.0,6.5,0.5608749355533247,0.4391250644466753,622.8070175438596
17,10,7,165.0,95.0,6.5,0.5563094753857034,0.4436905246142966,622.8070175438596
18,10,7,175.0,95.0,6.5,0.5518819743185928,0.44811802568140724,622.8070175438596
19,10,7,185.0,95.0,6.5,0.5475983503531017,0.45240164964689833,622.8070175438596
20,10,7,195.0,95.0,6.5,0.5434458493962979,0.4565541506037021,622.8070175438596
21,10,7,205.0,95.0,6.5,0.5394140129650576,0.46058598703494236,622.8070175438596
22,10,7,215.0,95.0,6.5,0.5354946216538485,0.46450537834615147,622.8070175438596
23,10,7,225.0,95.0,6.5,0.5316770680448669,0.4683229319551331,622.8070175438596
24,10,7,235.0,95.0,6.5,0.5279500099301397,0.47204999006986026,622.8070175438596
25,10,7,245.0,95.0,6.5,0.5243069610286648,0.4756930389713352,622.8070175438596
26,10,7,255.0,95.0,6.5,0.5207411528213369,0.47925884717866307,622.8070175438596
27,10,7,265.0,95.0,6.5,0.5172392841814003,0.4827607158185997,622.8070175438596
28,10,7,275.0,95.0,6.5,0.5137887713511078,0.4862112286488922,622.8070175438596
29,10,7,285.0,95.0,6.5,0.5103850177733229,0.4896149822266771,622.8070175438596
30,10,7,295.0,95.0,6.5,0.5070174264824073,0.49298257351759267,622.8070175438596
31,10,7,305.0,95.0,6.5,0.5036617344757828,0.4963382655242172,622.8070175438596
32,10,7,315.0,95.0,6.5,0.5002981749862563,0.4997018250137437,622.8070175438596
33,10,7,325.0,95.0,6.5,0.4969171213336088,0.5030828786663912,622.8070175438596
34,10,7,335.0,95.0,6.5,0.4934924248071142,0.5065075751928858,622.8070175438596
35,10,7,345.0,95.0,6.5,0.4899707772361782,0.5100292227638218,622.8070175438596
36,10,7,355.0,95.0,6.5,0.48630153270809956,0.5136984672919005,622.8070175438596
37,10,7,365.0,95.0,6.5,0.4824447899064785,0.5175552100935215,622.8070175438596
38,10,7,375.0,95.0,6.5,0.4783147506502164,0.5216852493497837,622.8070175438596
39,10,7,385.0,95.0,6.5,0.47374694291234165,0.5262530570876583,622.8070175438596
40,10,7,395.0,95.0,6.5,0.4685834483503507,0.5314165516496493,622.8070175438596
41,10,7,405.0,95.0,6.5,0.4626348156954106,0.5373651843045895,622.8070175438596
42,10,7,415.0,95.0,6.5,0.4554817877092037,0.5445182122907963,622.8070175438596
43,10,7,425.0,95.0,6.5,0.446302940465252,0.553697059534748,622.8070175438596
44,10,7,435.0,95.0,6.5,0.4337649451540793,0.5662350548459207,622.8070175438596
45,10,7,445.0,95.0,6.5,0.4153371972436657,0.5846628027563343,622.8070175438596
46,10,7,455.0,95.0,6.5,0.3854043150415194,0.6145956849584806,622.8070175438596
47,10,7,465.0,95.0,6.5,0.33500495487822546,0.6649950451217745,622.8070175438596
48,10,7,475.0,95.0,6.5,0.2640534099120274,0.7359465900879726,622.8070175438596
49,10,7,485.0,95.0,6.5,0.2100015118224446,0.7899984881775555,622.8070175438596
50,10,7,495.0,95.0,6.5,0.20011300704558727,0.7998869929544128,622.8070175438596
1,1,8,5.0,5.0,7.5,0.6802903890010769,0.31970961099892314,587.719298245614
2,1,8,15.0,5.0,7.5,0.6719583773234257,0.32804162267657433,587.719298245614
3,1,8,25.0,5.0,7.5,0.6623743615245784,0.3376256384754216,587.719298245614
4,1,8,35.0,5.0,7.5,0.6525138996658985,0.34748610033410154,587.719298245614
5,1,8,45.0,5.0,7.5,0.6428787523112703,0.35712124768872966,587.719298245614
6,1,8,55.0,5.0,7.5,0.6336981485131258,0.3663018514868742,587.719298245614
7,1,8,65.0,5.0,7.5,0.6250537160603937,0.3749462839396063,587.719298245614
8,1,8,75.0,5.0,7.5,0.6169548155649933,0.3830451844350067,587.719298245614
9,1,8,85.0,5.0,7.5,0.6093693088811922,0.39063069111880777,587.719298245614
10,1,8,95.0,5.0,7.5,0.6022532104910737,0.3977467895089263,587.719298245614
11,1,8,105.0,5.0,7.5,0.595557723754658,0.404442276245342,587.719298245614
12,1,8,115.0,5.0,7.5,0.5892389562278127,0.41076104377218725,587.719298245614
13,1,8,125.0,5.0,7.5,0.5832513289400054,0.4167486710599946,587.719298245614
14,1,8,135.0,5.0,7.5,0.5775594735340817,0.42244052646591834,587.719298245614
15,1,8,145.0,5.0,7.5,0.5721313239345648,0.4278686760654352,587.719298245614
16,1,8,155.0,5.0,7.5,0.5669353376515223,0.43306466234847774,587.719298245614
17,1,8,165.0,5.0,7.5,0.5619406885145792,0.43805931148542077,587.719298245614
18,1,8,175.0,5.0,7.5,0.5571105382064604,0.4428894617935396,587.719298245614
19,1,8,185.0,5.0,7.5,0.5524375730629416,0.4475624269370584,587.719298245614
20,1,8,195.0,5.0,7.5,0.5479208718854407,0.4520791281145593,587.719298245614
21,1,8,205.0,5.0,7.5,0.5435476588490598,0.45645234115094024,587.719298245614
22,1,8,215.0,5.0,7.5,0.5393035375008703,0.46069646249912966,587.719298245614
23,1,8,225.0,5.0,7.5,0.5351745527239639,0.46482544727603614,587.719298245614
24,1,8,235.0,5.0,7.5,0.5311526958028312,0.4688473041971688,587.719298245614
25,1,8,245.0,5.0,7.5,0.527227851667112,0.47277214833288805,587.719298245614
26,1,8,255.0,5.0,7.5,0.5233837671884037,0.47661623281159626,587.719298245614
27,1,8,265.0,5.0,7.5,0.5196078141087289,0.4803921858912711,587.719298245614
28,1,8,275.0,5.0,7.5,0.5158952650979474,0.48410473490205264,587.719298245614
29,1,8,285.0,5.0,7.5,0.512232563466807,0.487767436533193,587.719298245614
30,1,8,295.0,5.0,7.5,0.5085938321655717,0.49140616783442825,587.719298245614
31,1,8,305.0,5.0,7.5,0.5049622258273186,0.49503777417268136,587.719298245614
32,1,8,315.0,5.0,7.5,0.5013306636440953,0.4986693363559047,587.719298245614
33,1,8,325.0,5.0,7.5,0.49767006981880235,0.5023299301811976,587.719298245614
34,1,8,335.0,5.0,7.5,0.4939284208502323,0.5060715791497676,587.719298245614
35,1,8,345.0,5.0,7.5,0.4900683457439668,0.5099316542560333,587.719298245614
36,1,8,355.0,5.0,7.5,0.4860621987978487,0.5139378012021514,587.719298245614
37,1,8,365.0,5.0,7.5,0.4818319932929245,0.5181680067070755,587.719298245614
38,1,8,375.0,5.0,7.5,0.4772423989725924,0.5227576010274075,587.719298245614
39,1,8,385.0,5.0,7.5,0.47216577656598047,0.5278342234340195,587.719298245614
40,1,8,395.0,5.0,7.5,0.46646395695848414,0.5335360430415159,587.719298245614
41,1,8,405.0,5.0,7.5,0.4598386704401488,0.5401613295598512,587.719298245614
42,1,8,415.0,5.0,7.5,0.45174312469131056,0.5482568753086894,587.719298245614
43,1,8,425.0,5.0,7.5,0.44141484586407176,0.5585851541359282,587.719298245614
44,1,8,435.0,5.0,7.5,0.4277370301105871,0.5722629698894128,587.719298245614
45,1,8,445.0,5.0,7.5,0.40849060481534005,0.59150939518466,587.719298245614
46,1,8,455.0,5.0,7.5,0.37906564105176815,0.6209343589482319,587.719298245614
47,1,8,465.0,5.0,7.5,0.33373178696519,0.66626821303481,587.719298245614
48,1,8,475.0,5.0,7.5,0.2735128044093752,0.7264871955906248,587.719298245614
49,1,8,485.0,5.0,7.5,0.22036476757774268,0.7796352324222573,587.719298245614
50,1,8,495.0,5.0,7.5,0.20079109096619527,0.7992089090338047,587.719298245614
1,2,8,5.0,15.0,7.5,0.7322753735413021,0.2677246264586979,587.719298245614
2,2,8,15.0,15.0,7.5,0.7218557803187542,0.2781442196812458,587.719298245614
3,2,8,25.0,15.0,7.5,0.7101553161852256,0.28984468381477435,587.719298245614
4,2,8,35.0,15.0,7.5,0.698365395431695,0.30163460456830504,587.719298245614
5,2,8,45.0,15.0,7.5,0.6870621390319354,0.31293786096806464,587.719298245614
6,2,8,55.0,15.0,7.5,0.676479949311131,0.323520050688869,587.719298245614
7,2,8,65.0,15.0,7.5,0.666666168438839,0.33333383156116103,587.719298245614
8,2,8,75.0,15.0,7.5,0.6575864616281083,0.3424135383718917,587.719298245614
9,2,8,85.0,15.0,7.5,0.6491732004741416,0.3508267995258584,587.719298245614
10,2,8,95.0,15.0,7.5,0.6413514343488271,0.35864856565117287,587.719298245614
11,2,8,105.0,15.0,7.5,0.6340513219452171,0.3659486780547829,587.719298245614
12,2,8,115.0,15.0,7.5,0.6272031211268412,0.3727968788731588,587.719298245614
13,2,8,125.0,15.0,7.5,0.6207523542117223,0.37924764578827774,587.719298245614
14,2,8,135.0,15.0,7.5,0.6146519326104328,0.3853480673895672,587.719298245614
15,2,8,145.0,15.0,7.5,0.6088576416880696,0.39114235831193045,587.719298245614
16,2,8,155.0,15.0,7.5,0.603333432687065,0.39666656731293504,587.719298245614
17,2,8,165.0,15.0,7.5,0.5980476648082047,0.4019523351917953,587.719298245614
18,2,8,175.0,15.0,7.5,0.5929694643792783,0.40703053562072167,587.719298245614
19,2,8,185.0,15.0,7.5,0.5880658827382175,0.41193411726178253,587.719298245614
20,2,8,195.0,15.0,7.5,0.5833269779663705,0.41667302203362955,587.719298245614
21,2,8,205.0,15.0,7.5,0.5787476475187274,0.4212523524812726,587.719298245614
22,2,8,215.0,15.0,7.5,0.5743116815892381,0.42568831841076193,587.719298245614
23,2,8,225.0,15.0,7.5,0.5700033377078363,0.4299966622921637,587.719298245614
24,2,8,235.0,15.0,7.5,0.5658101373819727,0.4341898626180273,587.719298245614
25,2,8,245.0,15.0,7.5,0.5617197918161702,0.43828020818382984,587.719298245614
26,2,8,255.0,15.0,7.5,0.5577195093431174,0.4422804906568826,587.719298245614
27,2,8,265.0,15.0,7.5,0.5537957440621213,0.4462042559378787,587.719298245614
28,2,8,275.0,15.0,7.5,0.5499379692045445,0.4500620307954555,587.719298245614
29,2,8,285.0,15.0,7.5,0.5461383158372407,0.4538616841627593,587.719298245614
30,2,8,295.0,15.0,7.5,0.5423819199512682,0.45761808004873183,587.719298245614
31,2,8,305.0,15.0,7.5,0.5386531568608053,0.4613468431391947,587.719298245614
32,2,8,315.0,15.0,7.5,0.5349412396303711,0.4650587603696289,587.719298245614
33,2,8,325.0,15.0,7.5,0.5312371372359469,0.4687628627640531,587.719298245614
34,2,8,335.0,15.0,7.5,0.5275201988253959,0.4724798011746041,587.719298245614
35,2,8,345.0,15.0,7.5,0.523765932535835,0.47623406746416497,587.719298245614
36,2,8,355.0,15.0,7.5,0.5199577036851416,0.4800422963148584,587.719298245614
37,2,8,365.0,15.0,7.5,0.5160791697803132,0.4839208302196868,587.719298245614
38,2,8,375.0,15.0,7.5,0.5120915725348633,0.48790842746513674,587.719298245614
39,2,8,385.0,15.0,7.5,0.5079417308802295,0.49205826911977046,587.719298245614
40,2,8,395.0,15.0,7.5,0.5035859129199511,0.49641408708004886,587.719298245614
41,2,8,405.0,15.0,7.5,0.4989708261901057,0.5010291738098943,587.719298245614
42,2,8,415.0,15.0,7.5,0.49397541543633106,0.5060245845636689,587.719298245614
43,2,8,425.0,15.0,7.5,0.4883948749661923,0.5116051250338076,587.719298245614
44,2,8,435.0,15.0,7.5,0.48189809114953913,0.5181019088504608,587.719298245614
45,2,8,445.0,15.0,7.5,0.4734074426480404,0.5265925573519596,587.719298245614
46,2,8,455.0,15.0,7.5,0.4605379928958796,0.5394620071041204,587.719298245614
47,2,8,465.0,15.0,7.5,0.4391620048235904,0.5608379951764095,587.719298245614
48,2,8,475.0,15.0,7.5,0.404262552613479,0.595737447386521,587.719298245614
49,2,8,485.0,15.0,7.5,0.3508586498880835,0.6491413501119165,587.719298245614
50,2,8,495.0,15.0,7.5,0.26183339380371723,0.7381666061962828,587.719298245614
1,3,8,5.0,25.0,7.5,0.7618406101444316,0.2381593898555684,587.719298245614
2,3,8,15.0,25.0,7.5,0.7501472180459753,0.24985278195402472,587.719298245614
3,3,8,25.0,25.0,7.5,0.7370067577042522,0.26299324229574783,587.719298245614
4,3,8,35.0,25.0,7.5,0.7237828603850717,0.27621713961492833,587.719298245614
5,3,8,45.0,25.0,7.5,0.711185157658901,0.288814842341099,587.719298245614
6,3,8,55.0,25.0,7.5,0.6994927310162115,0.30050726898378854,587.719298245614
7,3,8,65.0,25.0,7.5,0.688730430572234,0.31126956942776596,587.719298245614
8,3,8,75.0,25.0,7.5,0.678837356785408,0.321162643214592,587.719298245614
9,3,8,85.0,25.0,7.5,0.6697206938741052,0.33027930612589484,587.719298245614
10,3,8,95.0,25.0,7.5,0.6612827323585088,0.33871726764149124,587.719298245614
11,3,8,105.0,25.0,7.5,0.6534278232004415,0.34657217679955854,587.719298245614
12,3,8,115.0,25.0,7.5,0.6460741551077466,0.3539258448922534,587.719298245614
13,3,8,125.0,25.0,7.5,0.6391638323841925,0.3608361676158075,587.719298245614
14,3,8,135.0,25.0,7.5,0.632631614835424,0.36736838516457604,587.719298245614
15,3,8,145.0,25.0,7.5,0.6264322873390838,0.37356771266091615,587.719298245614
16,3,8,155.0,25.0,7.5,0.6205266540390542,0.37947334596094584,587.719298245614
17,3,8,165.0,25.0,7.5,0.6148793204889885,0.3851206795110115,587.719298245614
18,3,8,175.0,25.0,7.5,0.609459474141977,0.390540525858023,587.719298245614
19,3,8,185.0,25.0,7.5,0.6042386557072129,0.3957613442927871,587.719298245614
20,3,8,195.0,25.0,7.5,0.599189209276763,0.400810790723237,587.719298245614
21,3,8,205.0,25.0,7.5,0.5942893602719651,0.4057106397280349,587.719298245614
22,3,8,215.0,25.0,7.5,0.5895400498679718,0.4104599501320282,587.719298245614
23,3,8,225.0,25.0,7.5,0.5849259319074208,0.4150740680925792,587.719298245614
24,3,8,235.0,25.0,7.5,0.5804334243394649,0.4195665756605351,587.719298245614
25,3,8,245.0,25.0,7.5,0.5760498344688021,0.4239501655311979,587.719298245614
26,3,8,255.0,25.0,7.5,0.5717628775094435,0.42823712249055645,587.719298245614
27,3,8,265.0,25.0,7.5,0.5675597299296578,0.43244027007034225,587.719298245614
28,3,8,275.0,25.0,7.5,0.5634301374410118,0.4365698625589882,587.719298245614
29,3,8,285.0,25.0,7.5,0.5593650447805157,0.44063495521948426,587.719298245614
30,3,8,295.0,25.0,7.5,0.5553530387881013,0.44464696121189873,587.719298245614
31,3,8,305.0,25.0,7.5,0.5513820596098348,0.4486179403901652,587.719298245614
32,3,8,315.0,25.0,7.5,0.5474423408176365,0.45255765918236346,587.719298245614
33,3,8,325.0,25.0,7.5,0.5435248441519467,0.4564751558480533,587.719298245614
34,3,8,335.0,25.0,7.5,0.5396143822562667,0.4603856177437333,587.719298245614
35,3,8,345.0,25.0,7.5,0.5356955679565225,0.4643044320434775,587.719298245614
36,3,8,355.0,25.0,7.5,0.5317576339938204,0.46824236600617963,587.719298245614
37,3,8,365.0,25.0,7.5,0.5277862719842227,0.4722137280157773,587.719298245614
38,3,8,375.0,25.0,7.5,0.5237554184893195,0.4762445815106805,587.719298245614
39,3,8,385.0,25.0,7.5,0.5196379969877274,0.4803620030122726,587.719298245614
40,3,8,395.0,25.0,7.5,0.5154133972157743,0.4845866027842257,587.719298245614
41,3,8,405.0,25.0,7.5,0.5110456487752669,0.4889543512247331,587.719298245614
42,3,8,415.0,25.0,7.5,0.5064693669414829,0.4935306330585171,587.719298245614
43,3,8,425.0,25.0,7.5,0.5016044836437895,0.4983955163562105,587.719298245614
44,3,8,435.0,25.0,7.5,0.4962206360352063,0.5037793639647937,587.719298245614
45,3,8,445.0,25.0,7.5,0.4899157190545585,0.5100842809454416,587.719298245614
46,3,8,455.0,25.0,7.5,0.481626617060071,0.5183733829399291,587.719298245614
47,3,8,465.0,25.0,7.5,0.4687635910146415,0.5312364089853585,587.719298245614
48,3,8,475.0,25.0,7.5,0.44594772877625244,0.5540522712237476,587.719298245614
49,3,8,485.0,25.0,7.5,0.4042505000655458,0.5957494999344541,587.719298245614
50,3,8,495.0,25.0,7.5,0.3292650188826903,0.6707349811173098,587.719298245614
1,4,8,5.0,35.0,7.5,0.7813636965875093,0.21863630341249074,587.719298245614
2,4,8,15.0,35.0,7.5,0.7695112855469601,0.23048871445303987,587.719298245614
3,4,8,25.0,35.0,7.5,0.7555592139566477,0.2444407860433523,587.719298245614
4,4,8,35.0,35.0,7.5,0.7412729325025168,0.2587270674974832,587.719298245614
5,4,8,45.0,35.0,7.5,0.7276441263460921,0.2723558736539079,587.719298245614
6,4,8,55.0,35.0,7.5,0.7151530332196102,0.2848469667803898,587.719298245614
7,4,8,65.0,35.0,7.5,0.703750470666919,0.296249529333081,587.719298245614
8,4,8,75.0,35.0,7.5,0.6933027365496615,0.30669726345033854,587.719298245614
9,4,8,85.0,35.0,7.5,0.6836866370506466,0.3163133629493534,587.719298245614
10,4,8,95.0,35.0,7.5,0.6747859586578973,0.32521404134210274,587.719298245614
11,4,8,105.0,35.0,7.5,0.6665084421669484,0.3334915578330516,587.719298245614
12,4,8,115.0,35.0,7.5,0.6587648781727188,0.3412351218272812,587.719298245614
13,4,8,125.0,35.0,7.5,0.6514753139203816,0.3485246860796184,587.719298245614
14,4,8,135.0,35.0,7.5,0.6445860702406243,0.3554139297593757,587.719298245614
15,4,8,145.0,35.0,7.5,0.6380437380609999,0.3619562619390001,587.719298245614
16,4,8,155.0,35.0,7.5,0.6318066371821323,0.36819336281786774,587.719298245614
17,4,8,165.0,35.0,7.5,0.6258436927927018,0.3741563072072982,587.719298245614
18,4,8,175.0,35.0,7.5,0.6201239454110582,0.3798760545889418,587.719298245614
19,4,8,185.0,35.0,7.5,0.6146218431868983,0.3853781568131017,587.719298245614
20,4,8,195.0,35.0,7.5,0.6093127314301677,0.39068726856983227,587.719298245614
21,4,8,205.0,35.0,7.5,0.6041718439530386,0.3958281560469614,587.719298245614
22,4,8,215.0,35.0,7.5,0.5991763066102398,0.4008236933897602,587.719298245614
23,4,8,225.0,35.0,7.5,0.5943257187743618,0.4056742812256382,587.719298245614
24,4,8,235.0,35.0,7.5,0.5896080882412331,0.4103919117587669,587.719298245614
25,4,8,245.0,35.0,7.5,0.5850094885847116,0.4149905114152884,587.719298245614
26,4,8,255.0,35.0,7.5,0.5805178891703551,0.4194821108296449,587.719298245614
27,4,8,265.0,35.0,7.5,0.5761205777353379,0.42387942226466213,587.719298245614
28,4,8,275.0,35.0,7.5,0.5718068084645246,0.4281931915354754,587.719298245614
29,4,8,285.0,35.0,7.5,0.5675660500767523,0.4324339499232477,587.719298245614
30,4,8,295.0,35.0,7.5,0.5633879599882637,0.43661204001173626,587.719298245614
31,4,8,305.0,35.0,7.5,0.5592623279977422,0.4407376720022578,587.719298245614
32,4,8,315.0,35.0,7.5,0.5551792260906443,0.4448207739093557,587.719298245614
33,4,8,325.0,35.0,7.5,0.5511292274917957,0.4488707725082043,587.719298245614
34,4,8,335.0,35.0,7.5,0.5471008736567633,0.4528991263432367,587.719298245614
35,4,8,345.0,35.0,7.5,0.5430825652046876,0.45691743479531244,587.719298245614
36,4,8,355.0,35.0,7.5,0.5390614611139574,0.46093853888604264,587.719298245614
37,4,8,365.0,35.0,7.5,0.5350247311764081,0.46497526882359186,587.719298245614
38,4,8,375.0,35.0,7.5,0.5309591052069863,0.4690408947930137,587.719298245614
39,4,8,385.0,35.0,7.5,0.5268450709709481,0.4731549290290519,587.719298245614
40,4,8,395.0,35.0,7.5,0.5226599606821828,0.4773400393178172,587.719298245614
41,4,8,405.0,35.0,7.5,0.5183819099197691,0.48161809008023093,587.719298245614
42,4,8,415.0,35.0,7.5,0.5139846213531847,0.4860153786468153,587.719298245614
43,4,8,425.0,35.0,7.5,0.5094271560068634,0.4905728439931366,587.719298245614
44,4,8,435.0,35.0,7.5,0.5046591246420329,0.4953408753579671,587.719298245614
45,4,8,445.0,35.0,7.5,0.49943664865405313,0.5005633513459469,587.719298245614
46,4,8,455.0,35.0,7.5,0.49325987363925716,0.5067401263607428,587.719298245614
47,4,8,465.0,35.0,7.5,0.4849099666544292,0.5150900333455708,587.719298245614
48,4,8,475.0,35.0,7.5,0.4705771057943197,0.5294228942056802,587.719298245614
49,4,8,485.0,35.0,7.5,0.4415374658676838,0.5584625341323162,587.719298245614
50,4,8,495.0,35.0,7.5,0.38314964383768024,0.6168503561623198,587.719298245614
1,5,8,5.0,45.0,7.5,0.7945408650363447,0.2054591349636553,587.719298245614
2,5,8,15.0,45.0,7.5,0.7844434052043799,0.21555659479562006,587.719298245614
3,5,8,25.0,45.0,7.5,0.7706401368055052,0.22935986319449475,587.719298245614
4,5,8,35.0,45.0,7.5,0.7559286820286172,0.24407131797138282,587.719298245614
5,5,8,45.0,45.0,7.5,0.7418541545228461,0.2581458454771539,587.719298245614
6,5,8,55.0,45.0,7.5,0.7287557790032045,0.27124422099679546,587.719298245614
7,5,8,65.0,45.0,7.5,0.716771405727825,0.28322859427217495,587.719298245614
8,5,8,75.0,45.0,7.5,0.7058375517593954,0.29416244824060456,587.719298245614
9,5,8,85.0,45.0,7.5,0.6958202155861997,0.30417978441380034,587.719298245614
10,5,8,95.0,45.0,7.5,0.6865885252693698,0.31341147473063025,587.719298245614
11,5,8,105.0,45.0,7.5,0.6780274084845676,0.32197259151543245,587.719298245614
12,5,8,115.0,45.0,7.5,0.6700352000660759,0.32996479993392414,587.719298245614
13,5,8,125.0,45.0,7.5,0.6625357385688342,0.3374642614311658,587.719298245614
14,5,8,135.0,45.0,7.5,0.655452694140975,0.34454730585902504,587.719298245614
15,5,8,145.0,45.0,7.5,0.6487387947747758,0.3512612052252242,587.719298245614
16,5,8,155.0,45.0,7.5,0.642340400902498,0.357659599097502,587.719298245614
17,5,8,165.0,45.0,7.5,0.6362254720029941,0.36377452799700594,587.719298245614
18,5,8,175.0,45.0,7.5,0.6303611799594839,0.36963882004051607,587.719298245614
19,5,8,185.0,45.0,7.5,0.6247160501785728,0.3752839498214272,587.719298245614
20,5,8,195.0,45.0,7.5,0.6192631764031085,0.38073682359689154,587.719298245614
21,5,8,205.0,45.0,7.5,0.6139801532810025,0.3860198467189975,587.719298245614
22,5,8,215.0,45.0,7.5,0.6088446053934427,0.39115539460655735,587.719298245614
23,5,8,225.0,45.0,7.5,0.6038434598098377,0.39615654019016233,587.719298245614
24,5,8,235.0,45.0,7.5,0.5989762249949221,0.4010237750050779,587.719298245614
25,5,8,245.0,45.0,7.5,0.5942291046853221,0.4057708953146779,587.719298245614
26,5,8,255.0,45.0,7.5,0.5895894176510152,0.41041058234898475,587.719298245614
27,5,8,265.0,45.0,7.5,0.5850457824677101,0.4149542175322899,587.719298245614
28,5,8,275.0,45.0,7.5,0.5805883358115912,0.4194116641884088,587.719298245614
29,5,8,285.0,45.0,7.5,0.5762058125151364,0.42379418748486364,587.719298245614
30,5,8,295.0,45.0,7.5,0.5718878093062424,0.4281121906937576,587.719298245614
31,5,8,305.0,45.0,7.5,0.5676249208623847,0.4323750791376153,587.719298245614
32,5,8,315.0,45.0,7.5,0.5634076254515505,0.43659237454844946,587.719298245614
33,5,8,325.0,45.0,7.5,0.5592244754134326,0.44077552458656744,587.719298245614
34,5,8,335.0,45.0,7.5,0.5550614969818507,0.4449385030181493,587.719298245614
35,5,8,345.0,45.0,7.5,0.5509084398697545,0.44909156013024554,587.719298245614
36,5,8,355.0,45.0,7.5,0.5467506744785622,0.4532493255214378,587.719298245614
37,5,8,365.0,45.0,7.5,0.5425701151480777,0.45742988485192226,587.719298245614
38,5,8,375.0,45.0,7.5,0.5383488736946305,0.46165112630536953,587.719298245614
39,5,8,385.0,45.0,7.5,0.5340685172415905,0.46593148275840945,587.719298245614
40,5,8,395.0,45.0,7.5,0.5297015683998748,0.4702984316001252,587.719298245614
41,5,8,405.0,45.0,7.5,0.5252128987688554,0.47478710123114465,587.719298245614
42,5,8,415.0,45.0,7.5,0.5205679077003668,0.47943209229963324,587.719298245614
43,5,8,425.0,45.0,7.5,0.5157241673080512,0.48427583269194885,587.719298245614
44,5,8,435.0,45.0,7.5,0.5106120195036924,0.4893879804963076,587.719298245614
45,5,8,445.0,45.0,7.5,0.5051283624669161,0.49487163753308394,587.719298245614
46,5,8,455.0,45.0,7.5,0.49907297686284835,0.5009270231371517,587.719298245614
47,5,8,465.0,45.0,7.5,0.4915001024337482,0.5084998975662518,587.719298245614
48,5,8,475.0,45.0,7.5,0.4793674918071837,0.5206325081928163,587.719298245614
49,5,8,485.0,45.0,7.5,0.4540240762963654,0.5459759237036346,587.719298245614
50,5,8,495.0,45.0,7.5,0.40219200005755845,0.5978079999424415,587.719298245614
1,6,8,5.0,55.0,7.5,0.7822073912692339,0.2177926087307661,587.719298245614
2,6,8,15.0,55.0,7.5,0.7709947712327978,0.2290052287672022,587.719298245614
3,6,8,25.0,55.0,7.5,0.7577756602678665,0.24222433973213353,587.719298245614
4,6,8,35.0,55.0,7.5,0.744110013085516,0.25588998691448395,587.719298245614
5,6,8,45.0,55.0,7.5,0.7309586773498262,0.2690413226501738,587.719298245614
6,6,8,55.0,55.0,7.5,0.7186995882100103,0.28130041178998966,587.719298245614
7,6,8,65.0,55.0,7.5,0.707388873936865,0.292611126063135,587.719298245614
8,6,8,75.0,55.0,7.5,0.6969788416038669,0.3030211583961331,587.719298245614
9,6,8,85.0,55.0,7.5,0.6873704280491463,0.3126295719508537,587.719298245614
10,6,8,95.0,55.0,7.5,0.6784622146893087,0.3215377853106913,587.719298245614
11,6,8,105.0,55.0,7.5,0.670159789490767,0.32984021050923296,587.719298245614
12,6,8,115.0,55.0,7.5,0.6623868956995717,0.33761310430042835,587.719298245614
13,6,8,125.0,55.0,7.5,0.6550649413890413,0.34493505861095874,587.719298245614
14,6,8,135.0,55.0,7.5,0.6481409980845904,0.35185900191540964,587.719298245614
15,6,8,145.0,55.0,7.5,0.6415583704502116,0.3584416295497884,587.719298245614
16,6,8,155.0,55.0,7.5,0.6352835239308893,0.36471647606911073,587.719298245614
17,6,8,165.0,55.0,7.5,0.6292802661362834,0.3707197338637166,587.719298245614
18,6,8,175.0,55.0,7.5,0.6235162480900219,0.37648375190997807,587.719298245614
19,6,8,185.0,55.0,7.5,0.6179668018276425,0.3820331981723575,587.719298245614
20,6,8,195.0,55.0,7.5,0.612607908437009,0.38739209156299104,587.719298245614
21,6,8,205.0,55.0,7.5,0.607415684674351,0.39258431532564897,587.719298245614
22,6,8,215.0,55.0,7.5,0.6023656195311915,0.3976343804688085,587.719298245614
23,6,8,225.0,55.0,7.5,0.5974519295163166,0.40254807048368335,587.719298245614
24,6,8,235.0,55.0,7.5,0.5926695069514409,0.40733049304855906,587.719298245614
25,6,8,245.0,55.0,7.5,0.5880041833739914,0.4119958166260086,587.719298245614
26,6,8,255.0,55.0,7.5,0.5834432783839373,0.4165567216160627,587.719298245614
27,6,8,265.0,55.0,7.5,0.5789755232515155,0.42102447674848453,587.719298245614
28,6,8,275.0,55.0,7.5,0.5745899362309657,0.42541006376903434,587.719298245614
29,6,8,285.0,55.0,7.5,0.5702755214685001,0.42972447853149986,587.719298245614
30,6,8,295.0,55.0,7.5,0.5660220030722335,0.4339779969277665,587.719298245614
31,6,8,305.0,55.0,7.5,0.5618193034230974,0.4381806965769026,587.719298245614
32,6,8,315.0,55.0,7.5,0.557656146324194,0.442343853675806,587.719298245614
33,6,8,325.0,55.0,7.5,0.5535200739606742,0.44647992603932585,587.719298245614
34,6,8,335.0,55.0,7.5,0.549402568269603,0.450597431730397,587.719298245614
35,6,8,345.0,55.0,7.5,0.5452927800425978,0.45470721995740215,587.719298245614
36,6,8,355.0,55.0,7.5,0.5411738612777014,0.4588261387222986,587.719298245614
37,6,8,365.0,55.0,7.5,0.5370212875856942,0.46297871241430577,587.719298245614
38,6,8,375.0,55.0,7.5,0.5328161453258385,0.46718385467416146,587.719298245614
39,6,8,385.0,55.0,7.5,0.5285329156955682,0.47146708430443185,587.719298245614
40,6,8,395.0,55.0,7.5,0.5241334535820507,0.47586654641794934,587.719298245614
41,6,8,405.0,55.0,7.5,0.5195715141162953,0.4804284858837047,587.719298245614
42,6,8,415.0,55.0,7.5,0.5147897634491043,0.4852102365508957,587.719298245614
43,6,8,425.0,55.0,7.5,0.5096906807011924,0.4903093192988076,587.719298245614
44,6,8,435.0,55.0,7.5,0.5041020741206093,0.49589792587939074,587.719298245614
45,6,8,445.0,55.0,7.5,0.49769975365970653,0.5023002463402935,587.719298245614
46,6,8,455.0,55.0,7.5,0.4897121695897652,0.5102878304102347,587.719298245614
47,6,8,465.0,55.0,7.5,0.47813358603682143,0.5218664139631786,587.719298245614
48,6,8,475.0,55.0,7.5,0.4582186628407341,0.5417813371592659,587.719298245614
49,6,8,485.0,55.0,7.5,0.42129821942145956,0.5787017805785404,587.719298245614
50,6,8,495.0,55.0,7.5,0.3581922453198715,0.6418077546801285,587.719298245614
1,7,8,5.0,65.0,7.5,0.7647541200149637,0.23524587998503632,587.719298245614
2,7,8,15.0,65.0,7.5,0.7538782834219417,0.24612171657805826,587.719298245614
3,7,8,25.0,65.0,7.5,0.7414856119399249,0.2585143880600751,587.719298245614
4,7,8,35.0,65.0,7.5,0.7288460707407293,0.27115392925927073,587.719298245614
5,7,8,45.0,65.0,7.5,0.7166480290816439,0.28335197091835607,587.719298245614
6,7,8,55.0,65.0,7.5,0.7052057001848421,0.2947942998151579,587.719298245614
7,7,8,65.0,65.0,7.5,0.6945906162535765,0.30540938374642346,587.719298245614
8,7,8,75.0,65.0,7.5,0.6847684559322869,0.31523154406771314,587.719298245614
9,7,8,85.0,65.0,7.5,0.6756692410430745,0.32433075895692554,587.719298245614
10,7,8,95.0,65.0,7.5,0.6672117233489088,0.33278827665109123,587.719298245614
11,7,8,105.0,65.0,7.5,0.6593122790924821,0.34068772090751787,587.719298245614
12,7,8,115.0,65.0,7.5,0.6518998684246531,0.3481001315753469,587.719298245614
13,7,8,125.0,65.0,7.5,0.6449120269344503,0.35508797306554973,587.719298245614
14,7,8,135.0,65.0,7.5,0.6382957960780109,0.3617042039219891,587.719298245614
15,7,8,145.0,65.0,7.5,0.6320020265188023,0.36799797348119767,587.719298245614
16,7,8,155.0,65.0,7.5,0.6259976489991174,0.37400235100088264,587.719298245614
17,7,8,165.0,65.0,7.5,0.6202492408924216,0.3797507591075784,587.719298245614
18,7,8,175.0,65.0,7.5,0.6147270384859993,0.3852729615140007,587.719298245614
19,7,8,185.0,65.0,7.5,0.6094043158025167,0.39059568419748325,587.719298245614
20,7,8,195.0,65.0,7.5,0.6042561383245755,0.3957438616754245,587.719298245614
21,7,8,205.0,65.0,7.5,0.599256829380576,0.400743170619424,587.719298245614
22,7,8,215.0,65.0,7.5,0.5943996270153962,0.40560037298460383,587.719298245614
23,7,8,225.0,65.0,7.5,0.5896786517906893,0.41032134820931065,587.719298245614
24,7,8,235.0,65.0,7.5,0.5850795520785895,0.4149204479214105,587.719298245614
25,7,8,245.0,65.0,7.5,0.5805894245727671,0.4194105754272329,587.719298245614
26,7,8,255.0,65.0,7.5,0.5761956352046668,0.42380436479533323,587.719298245614
27,7,8,265.0,65.0,7.5,0.5718871748227944,0.4281128251772056,587.719298245614
28,7,8,275.0,65.0,7.5,0.5676528862920237,0.4323471137079763,587.719298245614
29,7,8,285.0,65.0,7.5,0.5634815645286732,0.43651843547132685,587.719298245614
30,7,8,295.0,65.0,7.5,0.5593628097763736,0.44063719022362635,587.719298245614
31,7,8,305.0,65.0,7.5,0.5552863653743979,0.4447136346256021,587.719298245614
32,7,8,315.0,65.0,7.5,0.551240722765973,0.448759277234027,587.719298245614
33,7,8,325.0,65.0,7.5,0.5472125447356586,0.4527874552643414,587.719298245614
34,7,8,335.0,65.0,7.5,0.5431889970646575,0.4568110029353425,587.719298245614
35,7,8,345.0,65.0,7.5,0.5391546962586639,0.46084530374133614,587.719298245614
36,7,8,355.0,65.0,7.5,0.5350927825287846,0.46490721747121544,587.719298245614
37,7,8,365.0,65.0,7.5,0.530989764710759,0.469010235289241,587.719298245614
38,7,8,375.0,65.0,7.5,0.5268102943831424,0.4731897056168576,587.719298245614
39,7,8,385.0,65.0,7.5,0.5225162838592876,0.4774837161407124,587.719298245614
40,7,8,395.0,65.0,7.5,0.5180579098511167,0.48194209014888334,587.719298245614
41,7,8,405.0,65.0,7.5,0.5133650981281038,0.4866349018718962,587.719298245614
42,7,8,415.0,65.0,7.5,0.508329854090001,0.491670145909999,587.719298245614
43,7,8,425.0,65.0,7.5,0.5027673279673466,0.4972326720326534,587.719298245614
44,7,8,435.0,65.0,7.5,0.49633654473667965,0.5036634552633203,587.719298245614
45,7,8,445.0,65.0,7.5,0.48832905057878057,0.5116709494212195,587.719298245614
46,7,8,455.0,65.0,7.5,0.47717667533400976,0.5228233246659902,587.719298245614
47,7,8,465.0,65.0,7.5,0.45955312937346904,0.540446870626531,587.719298245614
48,7,8,475.0,65.0,7.5,0.4293341716125803,0.5706658283874197,587.719298245614
49,7,8,485.0,65.0,7.5,0.3781835324514472,0.6218164675485528,587.719298245614
50,7,8,495.0,65.0,7.5,0.30099564781425536,0.6990043521857446,587.719298245614
1,8,8,5.0,75.0,7.5,0.7405716450182945,0.25942835498170547,587.719298245614
2,8,8,15.0,75.0,7.5,0.7308673605936342,0.2691326394063658,587.719298245614
3,8,8,25.0,75.0,7.5,0.7197808665620483,0.2802191334379517,587.719298245614
4,8,8,35.0,75.0,7.5,0.7084246061495457,0.2915753938504543,587.719298245614
5,8,8,45.0,75.0,7.5,0.6973997692649033,0.3026002307350967,587.719298245614
6,8,8,55.0,75.0,7.5,0.6869790449766626,0.3130209550233374,587.719298245614
7,8,8,65.0,75.0,7.5,0.6772458873652473,0.32275411263475273,587.719298245614
8,8,8,75.0,75.0,7.5,0.66819028078981,0.33180971921019,587.719298245614
9,8,8,85.0,75.0,7.5,0.6597609775547106,0.34023902244528936,587.719298245614
10,8,8,95.0,75.0,7.5,0.6518969655251378,0.34810303447486224,587.719298245614
11,8,8,105.0,75.0,7.5,0.6445310298580422,0.3554689701419578,587.719298245614
12,8,8,115.0,75.0,7.5,0.6376031413840347,0.36239685861596527,587.719298245614
13,8,8,125.0,75.0,7.5,0.6310584853731471,0.3689415146268529,587.719298245614
14,8,8,135.0,75.0,7.5,0.6248546762661553,0.3751453237338447,587.719298245614
15,8,8,145.0,75.0,7.5,0.6189490025674544,0.38105099743254556,587.719298245614
16,8,8,155.0,75.0,7.5,0.613306203104523,0.386693796895477,587.719298245614
17,8,8,165.0,75.0,7.5,0.6078973947706019,0.3921026052293981,587.719298245614
18,8,8,175.0,75.0,7.5,0.6026929608646184,0.39730703913538157,587.719298245614
19,8,8,185.0,75.0,7.5,0.597663948137952,0.402336051862048,587.719298245614
20,8,8,195.0,75.0,7.5,0.5927888018159027,0.40721119818409734,587.719298245614
21,8,8,205.0,75.0,7.5,0.5880680339683909,0.4119319660316091,587.719298245614
22,8,8,215.0,75.0,7.5,0.5834852212566303,0.41651477874336973,587.719298245614
23,8,8,225.0,75.0,7.5,0.5790261470184906,0.42097385298150936,587.719298245614
24,8,8,235.0,75.0,7.5,0.5746779021420876,0.4253220978579124,587.719298245614
25,8,8,245.0,75.0,7.5,0.5704276323313281,0.4295723676686719,587.719298245614
26,8,8,255.0,75.0,7.5,0.5662625724714705,0.4337374275285295,587.719298245614
27,8,8,265.0,75.0,7.5,0.5621720726306594,0.4378279273693406,587.719298245614
28,8,8,275.0,75.0,7.5,0.5581455535559379,0.44185444644406213,587.719298245614
29,8,8,285.0,75.0,7.5,0.554169648923148,0.445830351076852,587.719298245614
30,8,8,295.0,75.0,7.5,0.5502324602977477,0.44976753970225225,587.719298245614
31,8,8,305.0,75.0,7.5,0.5463256172501506,0.4536743827498494,587.719298245614
32,8,8,315.0,75.0,7.5,0.5424351364345978,0.45756486356540216,587.719298245614
33,8,8,325.0,75.0,7.5,0.5385425571990939,0.46145744280090606,587.719298245614
34,8,8,335.0,75.0,7.5,0.534632217688909,0.465367782311091,587.719298245614
35,8,8,345.0,75.0,7.5,0.530691218568126,0.46930878143187404,587.719298245614
36,8,8,355.0,75.0,7.5,0.5266944109271969,0.47330558907280307,587.719298245614
37,8,8,365.0,75.0,7.5,0.5226053928078094,0.4773946071921906,587.719298245614
38,8,8,375.0,75.0,7.5,0.5184049306173965,0.48159506938260355,587.719298245614
39,8,8,385.0,75.0,7.5,0.5140480540778823,0.48595194592211766,587.719298245614
40,8,8,395.0,75.0,7.5,0.5094421020263806,0.4905578979736194,587.719298245614
41,8,8,405.0,75.0,7.5,0.5044629836556289,0.4955370163443711,587.719298245614
42,8,8,415.0,75.0,7.5,0.49893770867371023,0.5010622913262898,587.719298245614
43,8,8,425.0,75.0,7.5,0.4925351480238998,0.5074648519761003,587.719298245614
44,8,8,435.0,75.0,7.5,0.48456131184354717,0.5154386881564528,587.719298245614
45,8,8,445.0,75.0,7.5,0.47368665078789207,0.5263133492121079,587.719298245614
46,8,8,455.0,75.0,7.5,0.45743779056499523,0.5425622094350048,587.719298245614
47,8,8,465.0,75.0,7.5,0.4313954489853456,0.5686045510146545,587.719298245614
48,8,8,475.0,75.0,7.5,0.3887158404643622,0.6112841595356377,587.719298245614
49,8,8,485.0,75.0,7.5,0.32349325970188114,0.6765067402981189,587.719298245614
50,8,8,495.0,75.0,7.5,0.23513561531711752,0.7648643846828824,587.719298245614
1,9,8,5.0,85.0,7.5,0.7065624785110589,0.2934375214889411,587.719298245614
2,9,8,15.0,85.0,7.5,0.6985183768457245,0.3014816231542755,587.719298245614
3,9,8,25.0,85.0,7.5,0.6891233417196005,0.31087665828039945,587.719298245614
4,9,8,35.0,85.0,7.5,0.6793521347062047,0.3206478652937953,587.719298245614
5,9,8,45.0,85.0,7.5,0.669740850519879,0.33025914948012103,587.719298245614
6,9,8,55.0,85.0,7.5,0.6605501727533332,0.33944982724666684,587.719298245614
7,9,8,65.0,85.0,7.5,0.6518829993998722,0.34811700060012785,587.719298245614
8,9,8,75.0,85.0,7.5,0.6437536253123726,0.35624637468762743,587.719298245614
9,9,8,85.0,85.0,7.5,0.6361361187868443,0.3638638812131557,587.719298245614
10,9,8,95.0,85.0,7.5,0.6289934483460383,0.3710065516539617,587.719298245614
11,9,8,105.0,85.0,7.5,0.6222728123287972,0.37772718767120284,587.719298245614
12,9,8,115.0,85.0,7.5,0.6159315951159814,0.3840684048840186,587.719298245614
13,9,8,125.0,85.0,7.5,0.6099288405658521,0.39007115943414794,587.719298245614
14,9,8,135.0,85.0,7.5,0.6042256449282066,0.39577435507179337,587.719298245614
15,9,8,145.0,85.0,7.5,0.5987870736538844,0.4012129263461156,587.719298245614
16,9,8,155.0,85.0,7.5,0.593582490901676,0.40641750909832397,587.719298245614
17,9,8,165.0,85.0,7.5,0.5885800620977767,0.4114199379022233,587.719298245614
18,9,8,175.0,85.0,7.5,0.5837487813765967,0.4162512186234033,587.719298245614
19,9,8,185.0,85.0,7.5,0.5790891421058018,0.42091085789419824,587.719298245614
20,9,8,195.0,85.0,7.5,0.5745878887225195,0.42541211127748046,587.719298245614
21,9,8,205.0,85.0,7.5,0.5702296288247385,0.4297703711752615,587.719298245614
22,9,8,215.0,85.0,7.5,0.5659997377080921,0.4340002622919079,587.719298245614
23,9,8,225.0,85.0,7.5,0.5618833719067632,0.4381166280932368,587.719298245614
24,9,8,235.0,85.0,7.5,0.5578680096745727,0.44213199032542727,587.719298245614
25,9,8,245.0,85.0,7.5,0.553941620202751,0.44605837979724905,587.719298245614
26,9,8,255.0,85.0,7.5,0.5500908168852384,0.4499091831147616,587.719298245614
27,9,8,265.0,85.0,7.5,0.5463040977787531,0.4536959022212469,587.719298245614
28,9,8,275.0,85.0,7.5,0.5425690521347539,0.4574309478652461,587.719298245614
29,9,8,285.0,85.0,7.5,0.5388726775685795,0.4611273224314205,587.719298245614
30,9,8,295.0,85.0,7.5,0.5351988226570294,0.46480117734297055,587.719298245614
31,9,8,305.0,85.0,7.5,0.5315335556880694,0.46846644431193063,587.719298245614
32,9,8,315.0,85.0,7.5,0.527861000295639,0.472138999704361,587.719298245614
33,9,8,325.0,85.0,7.5,0.5241594872216195,0.47584051277838046,587.719298245614
34,9,8,335.0,85.0,7.5,0.5204022121576121,0.47959778784238793,587.719298245614
35,9,8,345.0,85.0,7.5,0.5165638315943708,0.4834361684056292,587.719298245614
36,9,8,355.0,85.0,7.5,0.5126105763171388,0.4873894236828612,587.719298245614
37,9,8,365.0,85.0,7.5,0.508488766589198,0.49151123341080205,587.719298245614
38,9,8,375.0,85.0,7.5,0.5041322551199652,0.4958677448800348,587.719298245614
39,9,8,385.0,85.0,7.5,0.49948108582223316,0.5005189141777668,587.719298245614
40,9,8,395.0,85.0,7.5,0.4944378045345886,0.5055621954654115,587.719298245614
41,9,8,405.0,85.0,7.5,0.4887544417831623,0.5112455582168377,587.719298245614
42,9,8,415.0,85.0,7.5,0.4820608674801713,0.5179391325198287,587.719298245614
43,9,8,425.0,85.0,7.5,0.47349484821924553,0.5265051517807544,587.719298245614
44,9,8,435.0,85.0,7.5,0.46161892582769154,0.5383810741723085,587.719298245614
45,9,8,445.0,85.0,7.5,0.4443326076441327,0.5556673923558673,587.719298245614
46,9,8,455.0,85.0,7.5,0.4186193183577577,0.5813806816422423,587.719298245614
47,9,8,465.0,85.0,7.5,0.38052208073165583,0.6194779192683442,587.719298245614
48,9,8,475.0,85.0,7.5,0.3216913126635833,0.6783086873364167,587.719298245614
49,9,8,485.0,85.0,7.5,0.24031993111267796,0.759680068887322,587.719298245614
50,9,8,495.0,85.0,7.5,0.20135550986457407,0.7986444901354259,587.719298245614
1,10,8,5.0,95.0,7.5,0.6487557093313142,0.3512442906686858,587.719298245614
2,10,8,15.0,95.0,7.5,0.6426156931855238,0.3573843068144762,587.719298245614
3,10,8,25.0,95.0,7.5,0.635194788677352,0.364805211322648,587.719298245614
4,10,8,35.0,95.0,7.5,0.6272584387608764,0.3727415612391236,587.719298245614
5,10,8,45.0,95.0,7.5,0.6192650372544637,0.3807349627455363,587.719298245614
6,10,8,55.0,95.0,7.5,0.6114668180360033,0.38853318196399667,587.719298245614
7,10,8,65.0,95.0,7.5,0.6039873566512188,0.39601264334878117,587.719298245614
8,10,8,75.0,95.0,7.5,0.5968698501233394,0.4031301498766606,587.719298245614
9,10,8,85.0,95.0,7.5,0.5901203796393032,0.4098796203606968,587.719298245614
10,10,8,95.0,95.0,7.5,0.5837229691735879,0.4162770308264121,587.719298245614
11,10,8,105.0,95.0,7.5,0.577649247876077,0.42235075212392303,587.719298245614
12,10,8,115.0,95.0,7.5,0.5718729571872393,0.4281270428127607,587.719298245614
13,10,8,125.0,95.0,7.5,0.5663657812601242,0.43363421873987584,587.719298245614
14,10,8,135.0,95.0,7.5,0.5611000088075835,0.4388999911924165,587.719298245614
15,10,8,145.0,95.0,7.5,0.5560482564478063,0.4439517435521937,587.719298245614
16,10,8,155.0,95.0,7.5,0.5511765909558248,0.44882340904417517,587.719298245614
17,10,8,165.0,95.0,7.5,0.5464520451487437,0.4535479548512563,587.719298245614
18,10,8,175.0,95.0,7.5,0.5418892024308585,0.4581107975691415,587.719298245614
19,10,8,185.0,95.0,7.5,0.537475768624911,0.462524231375089,587.719298245614
20,10,8,195.0,95.0,7.5,0.5331966856781069,0.46680331432189315,587.719298245614
21,10,8,205.0,95.0,7.5,0.5290403398470256,0.4709596601529744,587.719298245614
22,10,8,215.0,95.0,7.5,0.5249981098516184,0.47500189014838157,587.719298245614
23,10,8,225.0,95.0,7.5,0.5210565553147657,0.4789434446852343,587.719298245614
24,10,8,235.0,95.0,7.5,0.5171998189887668,0.48280018101123323,587.719298245614
25,10,8,245.0,95.0,7.5,0.5134208037469682,0.4865791962530318,587.719298245614
26,10,8,255.0,95.0,7.5,0.5097102250883143,0.4902897749116857,587.719298245614
27,10,8,265.0,95.0,7.5,0.5060455590029839,0.49395444099701613,587.719298245614
28,10,8,275.0,95.0,7.5,0.50240579674033,0.49759420325966996,587.719298245614
29,10,8,285.0,95.0,7.5,0.4987828259557575,0.5012171740442425,587.719298245614
30,10,8,295.0,95.0,7.5,0.4951562422108266,0.5048437577891733,587.719298245614
31,10,8,305.0,95.0,7.5,0.49147763388407073,0.5085223661159293,587.719298245614
32,10,8,315.0,95.0,7.5,0.4877026417182882,0.5122973582817119,587.719298245614
33,10,8,325.0,95.0,7.5,0.4838049142466757,0.5161950857533243,587.719298245614
34,10,8,335.0,95.0,7.5,0.4797217155417654,0.5202782844582345,587.719298245614
35,10,8,345.0,95.0,7.5,0.47532310490800916,0.5246768950919909,587.719298245614
36,10,8,355.0,95.0,7.5,0.4704696670936843,0.5295303329063157,587.719298245614
37,10,8,365.0,95.0,7.5,0.46502928843284236,0.5349707115671576,587.719298245614
38,10,8,375.0,95.0,7.5,0.45873570335077474,0.5412642966492253,587.719298245614
39,10,8,385.0,95.0,7.5,0.4510682823341654,0.5489317176658346,587.719298245614
40,10,8,395.0,95.0,7.5,0.4413047932064595,0.5586952067935405,587.719298245614
41,10,8,405.0,95.0,7.5,0.4284808497299477,0.5715191502700523,587.719298245614
42,10,8,415.0,95.0,7.5,0.4105019229663133,0.5894980770336866,587.719298245614
43,10,8,425.0,95.0,7.5,0.38320064173237794,0.6167993582676221,587.719298245614
44,10,8,435.0,95.0,7.5,0.34154509125142773,0.6584549087485723,587.719298245614
45,10,8,445.0,95.0,7.5,0.2867158023383369,0.7132841976616631,587.719298245614
46,10,8,455.0,95.0,7.5,0.23603920047215093,0.763960799527849,587.719298245614
47,10,8,465.0,95.0,7.5,0.2085211628430199,0.7914788371569801,587.719298245614
48,10,8,475.0,95.0,7.5,0.2007847640157634,0.7992152359842366,587.719298245614
49,10,8,485.0,95.0,7.5,0.20004658910728548,0.7999534108927145,587.719298245614
50,10,8,495.0,95.0,7.5,0.20003306646345412,0.7999669335365459,587.719298245614
1,1,9,5.0,5.0,8.5,0.67444699193574,0.32555300806426,552.6315789473683
2,1,9,15.0,5.0,8.5,0.6657289374690996,0.33427106253090044,552.6315789473683
3,1,9,25.0,5.0,8.5,0.6557198261277799,0.3442801738722201,552.6315789473683
4,1,9,35.0,5.0,8.5,0.6454369568181382,0.3545630431818618,552.6315789473683
5,1,9,45.0,5.0,8.5,0.6354034291549885,0.3645965708450115,552.6315789473683
6,1,9,55.0,5.0,8.5,0.6258579962798388,0.37414200372016115,552.6315789473683
7,1,9,65.0,5.0,8.5,0.6168852435315376,0.3831147564684624,552.6315789473683
8,1,9,75.0,5.0,8.5,0.6084899649375545,0.3915100350624455,552.6315789473683
9,1,9,85.0,5.0,8.5,0.6006389172032063,0.3993610827967937,552.6315789473683
10,1,9,95.0,5.0,8.5,0.5932865430269393,0.4067134569730607,552.6315789473683
11,1,9,105.0,5.0,8.5,0.5863755877358823,0.4136244122641177,552.6315789473683
12,1,9,115.0,5.0,8.5,0.5798607426884329,0.4201392573115671,552.6315789473683
13,1,9,125.0,5.0,8.5,0.5736941592079439,0.42630584079205613,552.6315789473683
14,1,9,135.0,5.0,8.5,0.5678350104281373,0.43216498957186267,552.6315789473683
15,1,9,145.0,5.0,8.5,0.5622480698136229,0.43775193018637715,552.6315789473683
16,1,9,155.0,5.0,8.5,0.5568932378564847,0.4431067621435153,552.6315789473683
17,1,9,165.0,5.0,8.5,0.5517246010224105,0.4482753989775895,552.6315789473683
18,1,9,175.0,5.0,8.5,0.5467277467273316,0.4532722532726684,552.6315789473683
19,1,9,185.0,5.0,8.5,0.5419075342224906,0.4580924657775094,552.6315789473683
20,1,9,195.0,5.0,8.5,0.5372466430476351,0.46275335695236486,552.6315789473683
21,1,9,205.0,5.0,8.5,0.5327323995120797,0.46726760048792026,552.6315789473683
22,1,9,215.0,5.0,8.5,0.5283465228452776,0.4716534771547224,552.6315789473683
23,1,9,225.0,5.0,8.5,0.524069948564336,0.475930051435664,552.6315789473683
24,1,9,235.0,5.0,8.5,0.5198936021598574,0.48010639784014264,552.6315789473683
25,1,9,245.0,5.0,8.5,0.515805448703743,0.484194551296257,552.6315789473683
26,1,9,255.0,5.0,8.5,0.5117782859118939,0.4882217140881061,552.6315789473683
27,1,9,265.0,5.0,8.5,0.5077908594037237,0.4922091405962763,552.6315789473683
28,1,9,275.0,5.0,8.5,0.5038354470960764,0.4961645529039236,552.6315789473683
29,1,9,285.0,5.0,8.5,0.49988584256827556,0.5001141574317245,552.6315789473683
30,1,9,295.0,5.0,8.5,0.4958893579264959,0.5041106420735041,552.6315789473683
31,1,9,305.0,5.0,8.5,0.4918070106191792,0.5081929893808208,552.6315789473683
32,1,9,315.0,5.0,8.5,0.4876147308495732,0.5123852691504268,552.6315789473683
33,1,9,325.0,5.0,8.5,0.4832385992770886,0.5167614007229113,552.6315789473683
34,1,9,335.0,5.0,8.5,0.4785448439622525,0.5214551560377475,552.6315789473683
35,1,9,345.0,5.0,8.5,0.47341530713622904,0.526584692863771,552.6315789473683
36,1,9,355.0,5.0,8.5,0.46773296190657293,0.5322670380934271,552.6315789473683
37,1,9,365.0,5.0,8.5,0.4612312062462314,0.5387687937537686,552.6315789473683
38,1,9,375.0,5.0,8.5,0.45343815809987115,0.5465618419001288,552.6315789473683
39,1,9,385.0,5.0,8.5,0.4437999692518625,0.5562000307481375,552.6315789473683
40,1,9,395.0,5.0,8.5,0.43159724284558376,0.5684027571544162,552.6315789473683
41,1,9,405.0,5.0,8.5,0.41540601728671084,0.5845939827132891,552.6315789473683
42,1,9,415.0,5.0,8.5,0.3926089399521605,0.6073910600478395,552.6315789473683
43,1,9,425.0,5.0,8.5,0.35988950863191177,0.6401104913680882,552.6315789473683
44,1,9,435.0,5.0,8.5,0.315082441362885,0.684917558637115,552.6315789473683
45,1,9,445.0,5.0,8.5,0.2648582735130433,0.7351417264869566,552.6315789473683
46,1,9,455.0,5.0,8.5,0.22621491218554865,0.7737850878144513,552.6315789473683
47,1,9,465.0,5.0,8.5,0.20698851492070436,0.7930114850792956,552.6315789473683
48,1,9,475.0,5.0,8.5,0.20097398235205235,0.7990260176479477,552.6315789473683
49,1,9,485.0,5.0,8.5,0.20007953095747927,0.7999204690425208,552.6315789473683
50,1,9,495.0,5.0,8.5,0.20003382979528528,0.7999661702047147,552.6315789473683
1,2,9,5.0,15.0,8.5,0.7286451444465176,0.2713548555534824,552.6315789473683
2,2,9,15.0,15.0,8.5,0.7177180065500628,0.2822819934499372,552.6315789473683
3,2,9,25.0,15.0,8.5,0.7054740751235368,0.29452592487646323,552.6315789473683
4,2,9,35.0,15.0,8.5,0.6931611010255371,0.3068388989744629,552.6315789473683
5,2,9,45.0,15.0,8.5,0.6813758891604049,0.3186241108395951,552.6315789473683
6,2,9,55.0,15.0,8.5,0.6703626184503031,0.3296373815496969,552.6315789473683
7,2,9,65.0,15.0,8.5,0.6601668085448769,0.33983319145512314,552.6315789473683
8,2,9,75.0,15.0,8.5,0.6507504061096248,0.34924959389037524,552.6315789473683
9,2,9,85.0,15.0,8.5,0.6420426250621567,0.3579573749378433,552.6315789473683
10,2,9,95.0,15.0,8.5,0.6339605088695379,0.3660394911304621,552.6315789473683
11,2,9,105.0,15.0,8.5,0.6264252091029616,0.3735747908970384,552.6315789473683
12,2,9,115.0,15.0,8.5,0.6193698161089013,0.3806301838910987,552.6315789473683
13,2,9,125.0,15.0,8.5,0.612729375422987,0.387270624577013,552.6315789473683
14,2,9,135.0,15.0,8.5,0.6064519115342871,0.3935480884657129,552.6315789473683
15,2,9,145.0,15.0,8.5,0.6004947566047552,0.39950524339524485,552.6315789473683
16,2,9,155.0,15.0,8.5,0.5948157993440142,0.4051842006559858,552.6315789473683
17,2,9,165.0,15.0,8.5,0.5893760732840012,0.4106239267159988,552.6315789473683
18,2,9,175.0,15.0,8.5,0.5841371515302906,0.41586284846970945,552.6315789473683
19,2,9,185.0,15.0,8.5,0.579079876696337,0.420920123303663,552.6315789473683
20,2,9,195.0,15.0,8.5,0.5742041193324005,0.42579588066759955,552.6315789473683
21,2,9,205.0,15.0,8.5,0.5694911460194874,0.43050885398051264,552.6315789473683
22,2,9,215.0,15.0,8.5,0.5649234255411394,0.4350765744588606,552.6315789473683
23,2,9,225.0,15.0,8.5,0.560482872510517,0.439517127489483,552.6315789473683
24,2,9,235.0,15.0,8.5,0.556153327338308,0.443846672661692,552.6315789473683
25,2,9,245.0,15.0,8.5,0.5519223935547539,0.4480776064452461,552.6315789473683
26,2,9,255.0,15.0,8.5,0.5477747727458674,0.4522252272541326,552.6315789473683
27,2,9,265.0,15.0,8.5,0.5436922154110893,0.45630778458891075,552.6315789473683
28,2,9,275.0,15.0,8.5,0.5396607079214212,0.4603392920785788,552.6315789473683
29,2,9,285.0,15.0,8.5,0.5356695941546149,0.4643304058453851,552.6315789473683
30,2,9,295.0,15.0,8.5,0.5316996031571066,0.4683003968428934,552.6315789473683
31,2,9,305.0,15.0,8.5,0.5277248267906655,0.47227517320933454,552.6315789473683
32,2,9,315.0,15.0,8.5,0.523727013520509,0.476272986479491,552.6315789473683
33,2,9,325.0,15.0,8.5,0.51969061627014,0.48030938372986,552.6315789473683
34,2,9,335.0,15.0,8.5,0.5155819723816221,0.48441802761837793,552.6315789473683
35,2,9,345.0,15.0,8.5,0.5113510542819378,0.48864894571806217,552.6315789473683
36,2,9,355.0,15.0,8.5,0.5069591740756678,0.4930408259243322,552.6315789473683
37,2,9,365.0,15.0,8.5,0.5023696228343055,0.49763037716569447,552.6315789473683
38,2,9,375.0,15.0,8.5,0.49749849179701977,0.5025015082029802,552.6315789473683
39,2,9,385.0,15.0,8.5,0.4922121953201416,0.5077878046798584,552.6315789473683
40,2,9,395.0,15.0,8.5,0.48638181574111944,0.5136181842588805,552.6315789473683
41,2,9,405.0,15.0,8.5,0.4798541436426114,0.5201458563573886,552.6315789473683
42,2,9,415.0,15.0,8.5,0.47229243133976584,0.5277075686602342,552.6315789473683
43,2,9,425.0,15.0,8.5,0.4630717762167688,0.5369282237832311,552.6315789473683
44,2,9,435.0,15.0,8.5,0.4514046595074903,0.5485953404925097,552.6315789473683
45,2,9,445.0,15.0,8.5,0.4348045414711578,0.5651954585288421,552.6315789473683
46,2,9,455.0,15.0,8.5,0.4091231798969525,0.5908768201030474,552.6315789473683
47,2,9,465.0,15.0,8.5,0.37006940703866903,0.629930592961331,552.6315789473683
48,2,9,475.0,15.0,8.5,0.31395871797980024,0.6860412820201998,552.6315789473683
49,2,9,485.0,15.0,8.5,0.245265839153127,0.754734160846873,552.6315789473683
50,2,9,495.0,15.0,8.5,0.20335770471394085,0.7966422952860591,552.6315789473683
1,3,9,5.0,25.0,8.5,0.7596270533056535,0.2403729466943465,552.6315789473683
2,3,9,15.0,25.0,8.5,0.7473178283084407,0.25268217169155927,552.6315789473683
3,3,9,25.0,25.0,8.5,0.7335214220285285,0.26647857797147145,552.6315789473683
4,3,9,35.0,25.0,8.5,0.7196635399044167,0.28033646009558333,552.6315789473683
5,3,9,45.0,25.0,8.5,0.7064895718180775,0.2935104281819225,552.6315789473683
6,3,9,55.0,25.0,8.5,0.6942781971030715,0.3057218028969285,552.6315789473683
7,3,9,65.0,25.0,8.5,0.6830574863871453,0.31694251361285475,552.6315789473683
8,3,9,75.0,25.0,8.5,0.6727610469308566,0.3272389530691434,552.6315789473683
9,3,9,85.0,25.0,8.5,0.6632882683542048,0.33671173164579515,552.6315789473683
10,3,9,95.0,25.0,8.5,0.6545335865282078,0.3454664134717922,552.6315789473683
11,3,9,105.0,25.0,8.5,0.6463990160075299,0.3536009839924701,552.6315789473683
12,3,9,115.0,25.0,8.5,0.6388009805397241,0.3611990194602759,552.6315789473683
13,3,9,125.0,25.0,8.5,0.6316605396911913,0.3683394603088087,552.6315789473683
14,3,9,135.0,25.0,8.5,0.6249204923142346,0.37507950768576537,552.6315789473683
15,3,9,145.0,25.0,8.5,0.6185287339645434,0.38147126603545656,552.6315789473683
16,3,9,155.0,25.0,8.5,0.6124383245799181,0.3875616754200819,552.6315789473683
17,3,9,165.0,25.0,8.5,0.6066148193798466,0.3933851806201534,552.6315789473683
18,3,9,175.0,25.0,8.5,0.6010241257604538,0.39897587423954617,552.6315789473683
19,3,9,185.0,25.0,8.5,0.5956316489015953,0.40436835109840474,552.6315789473683
20,3,9,195.0,25.0,8.5,0.5904061344502534,0.40959386554974664,552.6315789473683
21,3,9,205.0,25.0,8.5,0.5853501698003792,0.41464983019962076,552.6315789473683
22,3,9,215.0,25.0,8.5,0.5804501119114333,0.41954988808856675,552.6315789473683
23,3,9,225.0,25.0,8.5,0.5756871274410956,0.4243128725589044,552.6315789473683
24,3,9,235.0,25.0,8.5,0.5710456040380518,0.4289543959619482,552.6315789473683
25,3,9,245.0,25.0,8.5,0.5665123736776231,0.4334876263223769,552.6315789473683
26,3,9,255.0,25.0,8.5,0.5620733616667035,0.4379266383332965,552.6315789473683
27,3,9,265.0,25.0,8.5,0.5577123384013818,0.4422876615986182,552.6315789473683
28,3,9,275.0,25.0,8.5,0.553417520907338,0.446582479092662,552.6315789473683
29,3,9,285.0,25.0,8.5,0.5491788364062725,0.4508211635937275,552.6315789473683
30,3,9,295.0,25.0,8.5,0.5449803114338846,0.4550196885661154,552.6315789473683
31,3,9,305.0,25.0,8.5,0.5408043688113529,0.45919563118864715,552.6315789473683
32,3,9,315.0,25.0,8.5,0.5366386829586018,0.46336131704139816,552.6315789473683
33,3,9,325.0,25.0,8.5,0.5324707209454482,0.46752927905455177,552.6315789473683
34,3,9,335.0,25.0,8.5,0.5282752422392586,0.4717247577607414,552.6315789473683
35,3,9,345.0,25.0,8.5,0.5240245537056996,0.47597544629430044,552.6315789473683
36,3,9,355.0,25.0,8.5,0.5197006788276499,0.4802993211723501,552.6315789473683
37,3,9,365.0,25.0,8.5,0.5152771916225413,0.48472280837745874,552.6315789473683
38,3,9,375.0,25.0,8.5,0.5107007358966241,0.4892992641033759,552.6315789473683
39,3,9,385.0,25.0,8.5,0.5059140285352668,0.4940859714647332,552.6315789473683
40,3,9,395.0,25.0,8.5,0.5008685402522757,0.4991314597477243,552.6315789473683
41,3,9,405.0,25.0,8.5,0.4954771731948682,0.5045228268051318,552.6315789473683
42,3,9,415.0,25.0,8.5,0.4895817608310743,0.5104182391689257,552.6315789473683
43,3,9,425.0,25.0,8.5,0.4829866319713668,0.5170133680286332,552.6315789473683
44,3,9,435.0,25.0,8.5,0.47523697167851847,0.5247630283214815,552.6315789473683
45,3,9,445.0,25.0,8.5,0.4652853126484143,0.5347146873515858,552.6315789473683
46,3,9,455.0,25.0,8.5,0.4507976175005269,0.5492023824994732,552.6315789473683
47,3,9,465.0,25.0,8.5,0.42746394068392696,0.5725360593160731,552.6315789473683
48,3,9,475.0,25.0,8.5,0.38943423294098184,0.6105657670590181,552.6315789473683
49,3,9,485.0,25.0,8.5,0.3330000131192145,0.6669999868807854,552.6315789473683
50,3,9,495.0,25.0,8.5,0.2591352814706656,0.7408647185293344,552.6315789473683
1,4,9,5.0,35.0,8.5,0.7802003961368186,0.21979960386318143,552.6315789473683
2,4,9,15.0,35.0,8.5,0.7676833424502978,0.2323166575497022,552.6315789473683
3,4,9,25.0,35.0,8.5,0.7529951504460819,0.2470048495539181,552.6315789473683
4,4,9,35.0,35.0,8.5,0.7379835281837543,0.26201647181624566,552.6315789473683
5,4,9,45.0,35.0,8.5,0.7236907058698908,0.2763092941301092,552.6315789473683
6,4,9,55.0,35.0,8.5,0.7106077963622109,0.28939220363778906,552.6315789473683
7,4,9,65.0,35.0,8.5,0.6986822222635275,0.3013177777364725,552.6315789473683
8,4,9,75.0,35.0,8.5,0.6877715180059171,0.31222848199408293,552.6315789473683
9,4,9,85.0,35.0,8.5,0.6777487508776674,0.3222512491223326,552.6315789473683
10,4,9,95.0,35.0,8.5,0.6684900500422735,0.33150994995772654,552.6315789473683
11,4,9,105.0,35.0,8.5,0.6598895216255527,0.3401104783744473,552.6315789473683
12,4,9,115.0,35.0,8.5,0.6518566777047873,0.3481433222952127,552.6315789473683
13,4,9,125.0,35.0,8.5,0.6443092731873088,0.3556907268126912,552.6315789473683
14,4,9,135.0,35.0,8.5,0.6371805143910882,0.36281948560891175,552.6315789473683
15,4,9,145.0,35.0,8.5,0.6304172157953316,0.3695827842046684,552.6315789473683
16,4,9,155.0,35.0,8.5,0.623977701493018,0.376022298506982,552.6315789473683
17,4,9,165.0,35.0,8.5,0.6178200811053619,0.3821799188946381,552.6315789473683
18,4,9,175.0,35.0,8.5,0.6119159980715165,0.38808400192848347,552.6315789473683
19,4,9,185.0,35.0,8.5,0.6062378909095668,0.3937621090904332,552.6315789473683
20,4,9,195.0,35.0,8.5,0.6007545294758129,0.39924547052418713,552.6315789473683
21,4,9,205.0,35.0,8.5,0.5954357681645275,0.4045642318354725,552.6315789473683
22,4,9,215.0,35.0,8.5,0.5902795758893292,0.4097204241106708,552.6315789473683
23,4,9,225.0,35.0,8.5,0.5852760636020261,0.4147239363979739,552.6315789473683
24,4,9,235.0,35.0,8.5,0.5804080900529596,0.41959190994704043,552.6315789473683
25,4,9,245.0,35.0,8.5,0.5756603472674081,0.4243396527325919,552.6315789473683
26,4,9,255.0,35.0,8.5,0.5710187906855638,0.4289812093144362,552.6315789473683
27,4,9,265.0,35.0,8.5,0.5664695088784462,0.43353049112155384,552.6315789473683
28,4,9,275.0,35.0,8.5,0.5619999180080764,0.43800008199192364,552.6315789473683
29,4,9,285.0,35.0,8.5,0.5575972145690372,0.4424027854309628,552.6315789473683
30,4,9,295.0,35.0,8.5,0.5532491758540649,0.44675082414593514,552.6315789473683
31,4,9,305.0,35.0,8.5,0.5489427656320792,0.4510572343679208,552.6315789473683
32,4,9,315.0,35.0,8.5,0.5446639331840951,0.4553360668159049,552.6315789473683
33,4,9,325.0,35.0,8.5,0.540398808102056,0.459601191897944,552.6315789473683
34,4,9,335.0,35.0,8.5,0.5361325763908451,0.4638674236091549,552.6315789473683
35,4,9,345.0,35.0,8.5,0.5318471112440195,0.4681528887559805,552.6315789473683
36,4,9,355.0,35.0,8.5,0.5275198159504011,0.4724801840495989,552.6315789473683
37,4,9,365.0,35.0,8.5,0.5231278857910819,0.47687211420891806,552.6315789473683
38,4,9,375.0,35.0,8.5,0.5186466971637046,0.4813533028362954,552.6315789473683
39,4,9,385.0,35.0,8.5,0.5140389060540778,0.48596109394592224,552.6315789473683
40,4,9,395.0,35.0,8.5,0.5092541768455718,0.49074582315442816,552.6315789473683
41,4,9,405.0,35.0,8.5,0.5042427114714173,0.4957572885285827,552.6315789473683
42,4,9,415.0,35.0,8.5,0.4989432572993155,0.5010567427006845,552.6315789473683
43,4,9,425.0,35.0,8.5,0.49325098088697994,0.5067490191130201,552.6315789473683
44,4,9,435.0,35.0,8.5,0.48702722573989343,0.5129727742601066,552.6315789473683
45,4,9,445.0,35.0,8.5,0.479822594194975,0.520177405805025,552.6315789473683
46,4,9,455.0,35.0,8.5,0.4705881387411354,0.5294118612588645,552.6315789473683
47,4,9,465.0,35.0,8.5,0.45691743852431693,0.5430825614756831,552.6315789473683
48,4,9,475.0,35.0,8.5,0.4332330358269752,0.5667669641730249,552.6315789473683
49,4,9,485.0,35.0,8.5,0.3916906393043152,0.6083093606956849,552.6315789473683
50,4,9,495.0,35.0,8.5,0.32843901598902125,0.6715609840109787,552.6315789473683
1,5,9,5.0,45.0,8.5,0.7941681707657314,0.20583182923426857,552.6315789473683
2,5,9,15.0,45.0,8.5,0.783458496494074,0.21654150350592605,552.6315789473683
3,5,9,25.0,45.0,8.5,0.768898752493161,0.23110124750683902,552.6315789473683
4,5,9,35.0,45.0,8.5,0.7534086947860266,0.24659130521397343,552.6315789473683
5,5,9,45.0,45.0,8.5,0.7386223471178627,0.2613776528821373,552.6315789473683
6,5,9,55.0,45.0,8.5,0.7248897583972709,0.2751102416027291,552.6315789473683
7,5,9,65.0,45.0,8.5,0.7123511840669402,0.2876488159330598,552.6315789473683
8,5,9,75.0,45.0,8.5,0.700923221664513,0.29907677833548696,552.6315789473683
9,5,9,85.0,45.0,8.5,0.6904729095010199,0.3095270904989801,552.6315789473683
10,5,9,95.0,45.0,8.5,0.6808585904294049,0.3191414095705951,552.6315789473683
11,5,9,105.0,45.0,8.5,0.6719588179944482,0.32804118200555177,552.6315789473683
12,5,9,115.0,45.0,8.5,0.6636666734188892,0.3363333265811108,552.6315789473683
13,5,9,125.0,45.0,8.5,0.6558900673725782,0.34410993262742184,552.6315789473683
14,5,9,135.0,45.0,8.5,0.6485610442179516,0.3514389557820484,552.6315789473683
15,5,9,145.0,45.0,8.5,0.6416108170034218,0.3583891829965782,552.6315789473683
16,5,9,155.0,45.0,8.5,0.6349981529333746,0.3650018470666254,552.6315789473683
17,5,9,165.0,45.0,8.5,0.6286808096435536,0.37131919035644645,552.6315789473683
18,5,9,175.0,45.0,8.5,0.6226190623166841,0.37738093768331593,552.6315789473683
19,5,9,185.0,45.0,8.5,0.6167828590691526,0.38321714093084736,552.6315789473683
20,5,9,195.0,45.0,8.5,0.611144322409893,0.388855677590107,552.6315789473683
21,5,9,205.0,45.0,8.5,0.605675840778936,0.394324159221064,552.6315789473683
22,5,9,215.0,45.0,8.5,0.6003574454462107,0.3996425545537893,552.6315789473683
23,5,9,225.0,45.0,8.5,0.5951919778608173,0.40480802213918265,552.6315789473683
24,5,9,235.0,45.0,8.5,0.5901645112540501,0.4098354887459499,552.6315789473683
25,5,9,245.0,45.0,8.5,0.5852600033772942,0.4147399966227058,552.6315789473683
26,5,9,255.0,45.0,8.5,0.5804640726533766,0.41953592734662337,552.6315789473683
27,5,9,265.0,45.0,8.5,0.5757640102011717,0.42423598979882826,552.6315789473683
28,5,9,275.0,45.0,8.5,0.5711484856183863,0.42885151438161373,552.6315789473683
29,5,9,285.0,45.0,8.5,0.5666042311950484,0.43339576880495156,552.6315789473683
30,5,9,295.0,45.0,8.5,0.5621188257209001,0.4378811742790999,552.6315789473683
31,5,9,305.0,45.0,8.5,0.5576805972304472,0.44231940276955284,552.6315789473683
32,5,9,315.0,45.0,8.5,0.5532780327536035,0.44672196724639646,552.6315789473683
33,5,9,325.0,45.0,8.5,0.5488955409471129,0.4511044590528871,552.6315789473683
34,5,9,335.0,45.0,8.5,0.5445140541298772,0.4554859458701228,552.6315789473683
35,5,9,345.0,45.0,8.5,0.5401190017202948,0.4598809982797052,552.6315789473683
36,5,9,355.0,45.0,8.5,0.5356907554084365,0.46430924459156353,552.6315789473683
37,5,9,365.0,45.0,8.5,0.5311998735381614,0.46880012646183855,552.6315789473683
38,5,9,375.0,45.0,8.5,0.5266173166142459,0.47338268338575407,552.6315789473683
39,5,9,385.0,45.0,8.5,0.5219133198917478,0.47808668010825217,552.6315789473683
40,5,9,395.0,45.0,8.5,0.5170397156852559,0.48296028431474414,552.6315789473683
41,5,9,405.0,45.0,8.5,0.5119275466824922,0.4880724533175078,552.6315789473683
42,5,9,415.0,45.0,8.5,0.506506138259052,0.493493861740948,552.6315789473683
43,5,9,425.0,45.0,8.5,0.5006852585578138,0.49931474144218624,552.6315789473683
44,5,9,435.0,45.0,8.5,0.4943024807739059,0.5056975192260942,552.6315789473683
45,5,9,445.0,45.0,8.5,0.48710864515030683,0.5128913548496932,552.6315789473683
46,5,9,455.0,45.0,8.5,0.47868587844351324,0.5213141215564867,552.6315789473683
47,5,9,465.0,45.0,8.5,0.46745617362653336,0.5325438263734666,552.6315789473683
48,5,9,475.0,45.0,8.5,0.4489643328979772,0.5510356671020228,552.6315789473683
49,5,9,485.0,45.0,8.5,0.4138043440360375,0.5861956559639625,552.6315789473683
50,5,9,495.0,45.0,8.5,0.3560967061972138,0.6439032938027862,552.6315789473683
1,6,9,5.0,55.0,8.5,0.7810845974776461,0.21891540252235386,552.6315789473683
2,6,9,15.0,55.0,8.5,0.7692579560985574,0.2307420439014426,552.6315789473683
3,6,9,25.0,55.0,8.5,0.7553143968260907,0.2446856031739093,552.6315789473683
4,6,9,35.0,55.0,8.5,0.7409548926722257,0.2590451073277743,552.6315789473683
5,6,9,45.0,55.0,8.5,0.7271592195426269,0.27284078045737314,552.6315789473683
6,6,9,55.0,55.0,8.5,0.7143104027984015,0.2856895972015985,552.6315789473683
7,6,9,65.0,55.0,8.5,0.7024790063788149,0.2975209936211851,552.6315789473683
8,6,9,75.0,55.0,8.5,0.6916040710687275,0.30839592893127254,552.6315789473683
9,6,9,85.0,55.0,8.5,0.6815841035030815,0.3184158964969185,552.6315789473683
10,6,9,95.0,55.0,8.5,0.6723112976738903,0.3276887023261097,552.6315789473683
11,6,9,105.0,55.0,8.5,0.663686339283036,0.336313660716964,552.6315789473683
12,6,9,115.0,55.0,8.5,0.6556191777933564,0.34438082220664357,552.6315789473683
13,6,9,125.0,55.0,8.5,0.6480376377060258,0.35196236229397415,552.6315789473683
14,6,9,135.0,55.0,8.5,0.6408674799707991,0.35913252002920093,552.6315789473683
15,6,9,145.0,55.0,8.5,0.6340641047329666,0.3659358952670334,552.6315789473683
16,6,9,155.0,55.0,8.5,0.6275773748569734,0.3724226251430266,552.6315789473683
17,6,9,165.0,55.0,8.5,0.621373745941511,0.37862625405848904,552.6315789473683
18,6,9,175.0,55.0,8.5,0.6154216474832779,0.3845783525167221,552.6315789473683
19,6,9,185.0,55.0,8.5,0.6096903297373941,0.3903096702626059,552.6315789473683
20,6,9,195.0,55.0,8.5,0.6041510395681126,0.39584896043188744,552.6315789473683
21,6,9,205.0,55.0,8.5,0.5987747542917861,0.40122524570821394,552.6315789473683
22,6,9,215.0,55.0,8.5,0.5935498018113269,0.4064501981886731,552.6315789473683
23,6,9,225.0,55.0,8.5,0.5884758807657432,0.4115241192342568,552.6315789473683
24,6,9,235.0,55.0,8.5,0.5835363949733021,0.4164636050266979,552.6315789473683
25,6,9,245.0,55.0,8.5,0.5787155205857044,0.4212844794142956,552.6315789473683
26,6,9,255.0,55.0,8.5,0.5739991295545878,0.42600087044541224,552.6315789473683
27,6,9,265.0,55.0,8.5,0.5693749414904808,0.43062505850951915,552.6315789473683
28,6,9,275.0,55.0,8.5,0.5648301081136927,0.4351698918863073,552.6315789473683
29,6,9,285.0,55.0,8.5,0.5603510940877048,0.4396489059122952,552.6315789473683
30,6,9,295.0,55.0,8.5,0.5559249342767231,0.44407506572327693,552.6315789473683
31,6,9,305.0,55.0,8.5,0.5515405178417949,0.4484594821582051,552.6315789473683
32,6,9,315.0,55.0,8.5,0.5471826297969674,0.4528173702030326,552.6315789473683
33,6,9,325.0,55.0,8.5,0.5428333703508692,0.4571666296491308,552.6315789473683
34,6,9,335.0,55.0,8.5,0.5384806992318842,0.46151930076811576,552.6315789473683
35,6,9,345.0,55.0,8.5,0.5341086154492364,0.4658913845507636,552.6315789473683
36,6,9,355.0,55.0,8.5,0.5296916137867117,0.4703083862132883,552.6315789473683
37,6,9,365.0,55.0,8.5,0.5251923465066628,0.4748076534933372,552.6315789473683
38,6,9,375.0,55.0,8.5,0.5205803993192898,0.4794196006807102,552.6315789473683
39,6,9,385.0,55.0,8.5,0.5158118923640211,0.48418810763597886,552.6315789473683
40,6,9,395.0,55.0,8.5,0.5108156490073166,0.4891843509926834,552.6315789473683
41,6,9,405.0,55.0,8.5,0.5055030593204747,0.4944969406795253,552.6315789473683
42,6,9,415.0,55.0,8.5,0.49975998710668235,0.5002400128933177,552.6315789473683
43,6,9,425.0,55.0,8.5,0.4933797247123053,0.5066202752876947,552.6315789473683
44,6,9,435.0,55.0,8.5,0.4859866411585623,0.5140133588414377,552.6315789473683
45,6,9,445.0,55.0,8.5,0.4768997991535209,0.5231002008464791,552.6315789473683
46,6,9,455.0,55.0,8.5,0.4646687617698427,0.5353312382301574,552.6315789473683
47,6,9,465.0,55.0,8.5,0.4461702059273805,0.5538297940726196,552.6315789473683
48,6,9,475.0,55.0,8.5,0.4160369341222313,0.5839630658777687,552.6315789473683
49,6,9,485.0,55.0,8.5,0.36924184604719634,0.6307581539528037,552.6315789473683
50,6,9,495.0,55.0,8.5,0.30732038242895937,0.6926796175710406,552.6315789473683
1,7,9,5.0,65.0,8.5,0.7626945719664254,0.23730542803357457,552.6315789473683
2,7,9,15.0,65.0,8.5,0.7512277995829896,0.24877220041701043,552.6315789473683
3,7,9,25.0,65.0,8.5,0.7382159671728963,0.2617840328271037,552.6315789473683
4,7,9,35.0,65.0,8.5,0.7249518660756975,0.2750481339243025,552.6315789473683
5,7,9,45.0,65.0,8.5,0.7121830142339743,0.28781698576602566,552.6315789473683
6,7,9,55.0,65.0,8.5,0.7002175949498192,0.29978240505018083,552.6315789473683
7,7,9,65.0,65.0,8.5,0.6891367083873355,0.31086329161266446,552.6315789473683
8,7,9,75.0,65.0,8.5,0.6788996349693956,0.32110036503060435,552.6315789473683
9,7,9,85.0,65.0,8.5,0.669432284134547,0.33056771586545297,552.6315789473683
10,7,9,95.0,65.0,8.5,0.6606457750486432,0.3393542249513568,552.6315789473683
11,7,9,105.0,65.0,8.5,0.6524565882329538,0.3475434117670462,552.6315789473683
12,7,9,115.0,65.0,8.5,0.6447807822331508,0.35521921776684917,552.6315789473683
13,7,9,125.0,65.0,8.5,0.6375539303362597,0.36244606966374027,552.6315789473683
14,7,9,135.0,65.0,8.5,0.6307136701508703,0.3692863298491297,552.6315789473683
15,7,9,145.0,65.0,8.5,0.6242169806876426,0.37578301931235736,552.6315789473683
16,7,9,155.0,65.0,8.5,0.6180179551838686,0.3819820448161314,552.6315789473683
17,7,9,165.0,65.0,8.5,0.6120834794820703,0.3879165205179297,552.6315789473683
18,7,9,175.0,65.0,8.5,0.6063820938910532,0.39361790610894676,552.6315789473683
19,7,9,185.0,65.0,8.5,0.6008829250643843,0.39911707493561566,552.6315789473683
20,7,9,195.0,65.0,8.5,0.5955543558653422,0.4044456441346578,552.6315789473683
21,7,9,205.0,65.0,8.5,0.5903831232450494,0.4096168767549506,552.6315789473683
22,7,9,215.0,65.0,8.5,0.5853679690825728,0.4146320309174272,552.6315789473683
23,7,9,225.0,65.0,8.5,0.5804919519242311,0.4195080480757689,552.6315789473683
24,7,9,235.0,65.0,8.5,0.575739309765967,0.424260690234033,552.6315789473683
25,7,9,245.0,65.0,8.5,0.5710952911758594,0.42890470882414056,552.6315789473683
26,7,9,255.0,65.0,8.5,0.5665458315185349,0.4334541684814651,552.6315789473683
27,7,9,265.0,65.0,8.5,0.5620787387262183,0.4379212612737817,552.6315789473683
28,7,9,275.0,65.0,8.5,0.557680193692296,0.44231980630770396,552.6315789473683
29,7,9,285.0,65.0,8.5,0.5533367973600756,0.44666320263992443,552.6315789473683
30,7,9,295.0,65.0,8.5,0.5490358264446236,0.45096417355537644,552.6315789473683
31,7,9,305.0,65.0,8.5,0.544763071539607,0.455236928460393,552.6315789473683
32,7,9,315.0,65.0,8.5,0.5405023900451874,0.4594976099548126,552.6315789473683
33,7,9,325.0,65.0,8.5,0.5362363585249134,0.46376364147508664,552.6315789473683
34,7,9,335.0,65.0,8.5,0.53194602336364,0.46805397663635995,552.6315789473683
35,7,9,345.0,65.0,8.5,0.5276064506540556,0.47239354934594435,552.6315789473683
36,7,9,355.0,65.0,8.5,0.5231881824221558,0.4768118175778442,552.6315789473683
37,7,9,365.0,65.0,8.5,0.5186660485108453,0.4813339514891547,552.6315789473683
38,7,9,375.0,65.0,8.5,0.5139878272598541,0.48601217274014585,552.6315789473683
39,7,9,385.0,65.0,8.5,0.5090795508621676,0.4909204491378324,552.6315789473683
40,7,9,395.0,65.0,8.5,0.5038470948058441,0.4961529051941559,552.6315789473683
41,7,9,405.0,65.0,8.5,0.49815186155662106,0.5018481384433789,552.6315789473683
42,7,9,415.0,65.0,8.5,0.49176112625772983,0.5082388737422702,552.6315789473683
43,7,9,425.0,65.0,8.5,0.4842615170509984,0.5157384829490016,552.6315789473683
44,7,9,435.0,65.0,8.5,0.47489233021355176,0.5251076697864483,552.6315789473683
45,7,9,445.0,65.0,8.5,0.46217012425591375,0.5378298757440862,552.6315789473683
46,7,9,455.0,65.0,8.5,0.44330899272647206,0.5566910072735279,552.6315789473683
47,7,9,465.0,65.0,8.5,0.41388084798515246,0.5861191520148475,552.6315789473683
48,7,9,475.0,65.0,8.5,0.36901463920961247,0.6309853607903875,552.6315789473683
49,7,9,485.0,65.0,8.5,0.3086743164604157,0.6913256835395842,552.6315789473683
50,7,9,495.0,65.0,8.5,0.23872861189319397,0.7612713881068061,552.6315789473683
1,8,9,5.0,75.0,8.5,0.7373254861199086,0.26267451388009144,552.6315789473683
2,8,9,15.0,75.0,8.5,0.727136881422523,0.272863118577477,552.6315789473683
3,8,9,25.0,75.0,8.5,0.7155182885724793,0.28448171142752066,552.6315789473683
4,8,9,35.0,75.0,8.5,0.7036447723729043,0.29635522762709565,552.6315789473683
5,8,9,45.0,75.0,8.5,0.6921338905161517,0.3078661094838483,552.6315789473683
6,8,9,55.0,75.0,8.5,0.681272389028446,0.318727610971554,552.6315789473683
7,8,9,65.0,75.0,8.5,0.6711444093970111,0.32885559060298886,552.6315789473683
8,8,9,75.0,75.0,8.5,0.6617378897758938,0.33826211022410624,552.6315789473683
9,8,9,85.0,75.0,8.5,0.6529982575597824,0.34700174244021764,552.6315789473683
10,8,9,95.0,75.0,8.5,0.6448543026334284,0.35514569736657164,552.6315789473683
11,8,9,105.0,75.0,8.5,0.637238971903467,0.362761028096533,552.6315789473683
12,8,9,115.0,75.0,8.5,0.6300827312285344,0.3699172687714656,552.6315789473683
13,8,9,125.0,75.0,8.5,0.6233320558699201,0.37666794413007987,552.6315789473683
14,8,9,135.0,75.0,8.5,0.6169317904331599,0.38306820956684007,552.6315789473683
15,8,9,145.0,75.0,8.5,0.6108428465169992,0.38915715348300084,552.6315789473683
16,8,9,155.0,75.0,8.5,0.6050266633176086,0.39497333668239143,552.6315789473683
17,8,9,165.0,75.0,8.5,0.5994480327604041,0.40055196723959585,552.6315789473683
18,8,9,175.0,75.0,8.5,0.5940706917619333,0.4059293082380667,552.6315789473683
19,8,9,185.0,75.0,8.5,0.5888644915356392,0.41113550846436075,552.6315789473683
20,8,9,195.0,75.0,8.5,0.5838328691064673,0.41616713089353274,552.6315789473683
21,8,9,205.0,75.0,8.5,0.5789599205554936,0.4210400794445064,552.6315789473683
22,8,9,215.0,75.0,8.5,0.5742264536719054,0.4257735463280946,552.6315789473683
23,8,9,225.0,75.0,8.5,0.569616839640576,0.43038316035942403,552.6315789473683
24,8,9,235.0,75.0,8.5,0.5651174756703603,0.4348825243296397,552.6315789473683
25,8,9,245.0,75.0,8.5,0.5607124955451073,0.43928750445489273,552.6315789473683
26,8,9,255.0,75.0,8.5,0.5563860462594452,0.4436139537405548,552.6315789473683
27,8,9,265.0,75.0,8.5,0.5521269133903591,0.44787308660964087,552.6315789473683
28,8,9,275.0,75.0,8.5,0.5479226584493352,0.4520773415506648,552.6315789473683
29,8,9,285.0,75.0,8.5,0.5437545197666612,0.4562454802333388,552.6315789473683
30,8,9,295.0,75.0,8.5,0.5396058269468872,0.4603941730531128,552.6315789473683
31,8,9,305.0,75.0,8.5,0.5354660712548559,0.4645339287451441,552.6315789473683
32,8,9,315.0,75.0,8.5,0.5313163399839214,0.46868366001607864,552.6315789473683
33,8,9,325.0,75.0,8.5,0.5271252881868697,0.47287471181313034,552.6315789473683
34,8,9,335.0,75.0,8.5,0.5228676571638038,0.4771323428361962,552.6315789473683
35,8,9,345.0,75.0,8.5,0.5185228609173298,0.4814771390826702,552.6315789473683
36,8,9,355.0,75.0,8.5,0.5140456557330049,0.48595434426699513,552.6315789473683
37,8,9,365.0,75.0,8.5,0.5093655866254434,0.4906344133745566,552.6315789473683
38,8,9,375.0,75.0,8.5,0.5044305566653308,0.49556944333466924,552.6315789473683
39,8,9,385.0,75.0,8.5,0.499170976038662,0.500829023961338,552.6315789473683
40,8,9,395.0,75.0,8.5,0.4933870156146316,0.5066129843853684,552.6315789473683
41,8,9,405.0,75.0,8.5,0.48679002763076157,0.5132099723692385,552.6315789473683
42,8,9,415.0,75.0,8.5,0.47895606900246723,0.5210439309975328,552.6315789473683
43,8,9,425.0,75.0,8.5,0.4690575304160211,0.5309424695839788,552.6315789473683
44,8,9,435.0,75.0,8.5,0.4554201195603336,0.5445798804396664,552.6315789473683
45,8,9,445.0,75.0,8.5,0.43534631779595595,0.564653682204044,552.6315789473683
46,8,9,455.0,75.0,8.5,0.4052778645987492,0.5947221354012509,552.6315789473683
47,8,9,465.0,75.0,8.5,0.36133462414996576,0.6386653758500342,552.6315789473683
48,8,9,475.0,75.0,8.5,0.300491286286123,0.699508713713877,552.6315789473683
49,8,9,485.0,75.0,8.5,0.2318872259154242,0.7681127740845758,552.6315789473683
50,8,9,495.0,75.0,8.5,0.2012945153787175,0.7987054846212824,552.6315789473683
1,9,9,5.0,85.0,8.5,0.7018475135062274,0.2981524864937726,552.6315789473683
2,9,9,15.0,85.0,8.5,0.6934284002294276,0.30657159977057236,552.6315789473683
3,9,9,25.0,85.0,8.5,0.6836194588375902,0.31638054116240977,552.6315789473683
4,9,9,35.0,85.0,8.5,0.6734369963289938,0.3265630036710062,552.6315789473683
5,9,9,45.0,85.0,8.5,0.6634399860630573,0.3365600139369427,552.6315789473683
6,9,9,55.0,85.0,8.5,0.653897887627727,0.34610211237227295,552.6315789473683
7,9,9,65.0,85.0,8.5,0.6449135668609979,0.3550864331390021,552.6315789473683
8,9,9,75.0,85.0,8.5,0.6365034545634152,0.36349654543658483,552.6315789473683
9,9,9,85.0,85.0,8.5,0.628637401357003,0.37136259864299703,552.6315789473683
10,9,9,95.0,85.0,8.5,0.6212669476063156,0.3787330523936844,552.6315789473683
11,9,9,105.0,85.0,8.5,0.6143455596331348,0.38565444036686525,552.6315789473683
12,9,9,115.0,85.0,8.5,0.6078194779821045,0.39218052201789555,552.6315789473683
13,9,9,125.0,85.0,8.5,0.6016441943767857,0.39835580562321427,552.6315789473683
14,9,9,135.0,85.0,8.5,0.5957801675536805,0.40421983244631954,552.6315789473683
15,9,9,145.0,85.0,8.5,0.5901877836437581,0.4098122163562419,552.6315789473683
16,9,9,155.0,85.0,8.5,0.5848276895389717,0.4151723104610283,552.6315789473683
17,9,9,165.0,85.0,8.5,0.5796598413329404,0.42034015866705965,552.6315789473683
18,9,9,175.0,85.0,8.5,0.5746825416254315,0.42531745837456847,552.6315789473683
19,9,9,185.0,85.0,8.5,0.5698857956883171,0.4301142043116829,552.6315789473683
20,9,9,195.0,85.0,8.5,0.5652501383121102,0.43474986168788976,552.6315789473683
21,9,9,205.0,85.0,8.5,0.560758198388831,0.439241801611169,552.6315789473683
22,9,9,215.0,85.0,8.5,0.5563926277153596,0.4436073722846404,552.6315789473683
23,9,9,225.0,85.0,8.5,0.552136026784034,0.44786397321596605,552.6315789473683
24,9,9,235.0,85.0,8.5,0.5479742499823456,0.45202575001765444,552.6315789473683
25,9,9,245.0,85.0,8.5,0.5438926411971212,0.4561073588028788,552.6315789473683
26,9,9,255.0,85.0,8.5,0.5398729500980832,0.4601270499019168,552.6315789473683
27,9,9,265.0,85.0,8.5,0.5358989978499016,0.4641010021500984,552.6315789473683
28,9,9,275.0,85.0,8.5,0.5319561113812685,0.4680438886187315,552.6315789473683
29,9,9,285.0,85.0,8.5,0.5280240870051756,0.47197591299482444,552.6315789473683
30,9,9,295.0,85.0,8.5,0.5240764086495211,0.4759235913504789,552.6315789473683
31,9,9,305.0,85.0,8.5,0.5200899173747824,0.4799100826252176,552.6315789473683
32,9,9,315.0,85.0,8.5,0.5160405859851652,0.4839594140148348,552.6315789473683
33,9,9,325.0,85.0,8.5,0.5118854904921285,0.4881145095078715,552.6315789473683
34,9,9,335.0,85.0,8.5,0.5075702346880442,0.4924297653119558,552.6315789473683
35,9,9,345.0,85.0,8.5,0.5030445198274894,0.49695548017251057,552.6315789473683
36,9,9,355.0,85.0,8.5,0.4982357490946585,0.5017642509053415,552.6315789473683
37,9,9,365.0,85.0,8.5,0.4930127892999264,0.5069872107000736,552.6315789473683
38,9,9,375.0,85.0,8.5,0.48720636315709925,0.5127936368429007,552.6315789473683
39,9,9,385.0,85.0,8.5,0.4806231010683946,0.5193768989316054,552.6315789473683
40,9,9,395.0,85.0,8.5,0.47295066237941,0.52704933762059,552.6315789473683
41,9,9,405.0,85.0,8.5,0.46356599168936613,0.5364340083106338,552.6315789473683
42,9,9,415.0,85.0,8.5,0.4515604051099583,0.5484395948900417,552.6315789473683
43,9,9,425.0,85.0,8.5,0.43460488941925535,0.5653951105807447,552.6315789473683
44,9,9,435.0,85.0,8.5,0.4090975053926977,0.5909024946073023,552.6315789473683
45,9,9,445.0,85.0,8.5,0.37121182866499447,0.6287881713350055,552.6315789473683
46,9,9,455.0,85.0,8.5,0.31749923653023465,0.6825007634697653,552.6315789473683
47,9,9,465.0,85.0,8.5,0.25524707979697986,0.7447529202030201,552.6315789473683
48,9,9,475.0,85.0,8.5,0.2118789711084219,0.7881210288915781,552.6315789473683
49,9,9,485.0,85.0,8.5,0.20048255502867224,0.7995174449713278,552.6315789473683
50,9,9,495.0,85.0,8.5,0.2000351079807101,0.7999648920192899,552.6315789473683
1,10,9,5.0,95.0,8.5,0.6417340191248123,0.3582659808751877,552.6315789473683
2,10,9,15.0,95.0,8.5,0.6353174572558208,0.3646825427441792,552.6315789473683
3,10,9,25.0,95.0,8.5,0.627580615753704,0.37241938424629595,552.6315789473683
4,10,9,35.0,95.0,8.5,0.6193189820743342,0.3806810179256658,552.6315789473683
5,10,9,45.0,95.0,8.5,0.611011767149595,0.38898823285040496,552.6315789473683
6,10,9,55.0,95.0,8.5,0.6029211600923136,0.39707883990768644,552.6315789473683
7,10,9,65.0,95.0,8.5,0.5951697339087537,0.4048302660912463,552.6315789473683
8,10,9,75.0,95.0,8.5,0.5878068866441761,0.41219311335582387,552.6315789473683
9,10,9,85.0,95.0,8.5,0.5808310745614371,0.4191689254385629,552.6315789473683
10,10,9,95.0,95.0,8.5,0.5742271693418488,0.4257728306581512,552.6315789473683
11,10,9,105.0,95.0,8.5,0.5679634881816621,0.4320365118183379,552.6315789473683
12,10,9,115.0,95.0,8.5,0.5620103787147073,0.43798962128529273,552.6315789473683
13,10,9,125.0,95.0,8.5,0.5563365201217039,0.44366347987829613,552.6315789473683
14,10,9,135.0,95.0,8.5,0.5509076320979633,0.44909236790203666,552.6315789473683
15,10,9,145.0,95.0,8.5,0.5456846816915466,0.4543153183084534,552.6315789473683
16,10,9,155.0,95.0,8.5,0.5406213002917444,0.4593786997082556,552.6315789473683
17,10,9,165.0,95.0,8.5,0.5357346830685923,0.4642653169314077,552.6315789473683
18,10,9,175.0,95.0,8.5,0.5310161351078428,0.46898386489215715,552.6315789473683
19,10,9,185.0,95.0,8.5,0.5264504242967102,0.4735495757032898,552.6315789473683
20,10,9,195.0,95.0,8.5,0.5220174922874562,0.4779825077125438,552.6315789473683
21,10,9,205.0,95.0,8.5,0.5177031159702012,0.48229688402979876,552.6315789473683
22,10,9,215.0,95.0,8.5,0.5134982093623619,0.4865017906376381,552.6315789473683
23,10,9,225.0,95.0,8.5,0.5093814365095952,0.4906185634904048,552.6315789473683
24,10,9,235.0,95.0,8.5,0.5053270095636361,0.4946729904363639,552.6315789473683
25,10,9,245.0,95.0,8.5,0.5013239020053231,0.49867609799467694,552.6315789473683
26,10,9,255.0,95.0,8.5,0.4973560746992878,0.5026439253007122,552.6315789473683
27,10,9,265.0,95.0,8.5,0.4933774523988045,0.5066225476011955,552.6315789473683
28,10,9,275.0,95.0,8.5,0.4893413561990488,0.5106586438009513,552.6315789473683
29,10,9,285.0,95.0,8.5,0.48522425646931105,0.514775743530689,552.6315789473683
30,10,9,295.0,95.0,8.5,0.4809732454690628,0.5190267545309373,552.6315789473683
31,10,9,305.0,95.0,8.5,0.47646643806160127,0.5235335619383987,552.6315789473683
32,10,9,315.0,95.0,8.5,0.47157413597047754,0.5284258640295225,552.6315789473683
33,10,9,325.0,95.0,8.5,0.46618853026300744,0.5338114697369926,552.6315789473683
34,10,9,335.0,95.0,8.5,0.46009238116755263,0.5399076188324474,552.6315789473683
35,10,9,345.0,95.0,8.5,0.45284732925123816,0.5471526707487618,552.6315789473683
36,10,9,355.0,95.0,8.5,0.44388596461830315,0.5561140353816969,552.6315789473683
37,10,9,365.0,95.0,8.5,0.43251551747186356,0.5674844825281364,552.6315789473683
38,10,9,375.0,95.0,8.5,0.41741714606342156,0.5825828539365785,552.6315789473683
39,10,9,385.0,95.0,8.5,0.3959952621003073,0.6040047378996927,552.6315789473683
40,10,9,395.0,95.0,8.5,0.3646932611434446,0.6353067388565554,552.6315789473683
41,10,9,405.0,95.0,8.5,0.32134794816193996,0.6786520518380601,552.6315789473683
42,10,9,415.0,95.0,8.5,0.2704806898908639,0.7295193101091362,552.6315789473683
43,10,9,425.0,95.0,8.5,0.22892604981335274,0.7710739501866473,552.6315789473683
44,10,9,435.0,95.0,8.5,0.2080509297657142,0.7919490702342857,552.6315789473683
45,10,9,445.0,95.0,8.5,0.20134121337622213,0.7986587866237779,552.6315789473683
46,10,9,455.0,95.0,8.5,0.20015788016939492,0.799842119830605,552.6315789473683
47,10,9,465.0,95.0,8.5,0.20003988468271344,0.7999601153172866,552.6315789473683
48,10,9,475.0,95.0,8.5,0.20003276282819096,0.7999672371718091,552.6315789473683
49,10,9,485.0,95.0,8.5,0.20003261786594545,0.7999673821340545,552.6315789473683
50,10,9,495.0,95.0,8.5,0.20003279681258576,0.7999672031874142,552.6315789473683
1,1,10,5.0,5.0,9.5,0.6680019682152143,0.3319980317847857,517.5438596491229
2,1,10,15.0,5.0,9.5,0.658862168827601,0.34113783117239904,517.5438596491229
3,1,10,25.0,5.0,9.5,0.6483887555115174,0.3516112444884826,517.5438596491229
4,1,10,35.0,5.0,9.5,0.6376470081738276,0.3623529918261724,517.5438596491229
5,1,10,45.0,5.0,9.5,0.6271841157626068,0.3728158842373932,517.5438596491229
6,1,10,55.0,5.0,9.5,0.6172484800922322,0.3827515199077678,517.5438596491229
7,1,10,65.0,5.0,9.5,0.607925556996739,0.392074443003261,517.5438596491229
8,1,10,75.0,5.0,9.5,0.5992178046280257,0.40078219537197435,517.5438596491229
9,1,10,85.0,5.0,9.5,0.591089502514059,0.408910497485941,517.5438596491229
10,1,10,95.0,5.0,9.5,0.5834873977185867,0.4165126022814133,517.5438596491229
11,1,10,105.0,5.0,9.5,0.57635122897328,0.42364877102672005,517.5438596491229
12,1,10,115.0,5.0,9.5,0.5696307104388506,0.4303692895611494,517.5438596491229
13,1,10,125.0,5.0,9.5,0.5632723674624797,0.43672763253752034,517.5438596491229
14,1,10,135.0,5.0,9.5,0.5572310075030019,0.4427689924969981,517.5438596491229
15,1,10,145.0,5.0,9.5,0.5514619853349509,0.44853801466504906,517.5438596491229
16,1,10,155.0,5.0,9.5,0.5459013042068385,0.45409869579316153,517.5438596491229
17,1,10,165.0,5.0,9.5,0.5405244348736313,0.45947556512636867,517.5438596491229
18,1,10,175.0,5.0,9.5,0.5353508203502682,0.46464917964973185,517.5438596491229
19,1,10,185.0,5.0,9.5,0.5303533198937779,0.4696466801062221,517.5438596491229
20,1,10,195.0,5.0,9.5,0.525511590381407,0.47448840961859295,517.5438596491229
21,1,10,205.0,5.0,9.5,0.5208123366788392,0.4791876633211608,517.5438596491229
22,1,10,215.0,5.0,9.5,0.5162287448639382,0.4837712551360618,517.5438596491229
23,1,10,225.0,5.0,9.5,0.5117302609983567,0.4882697390016433,517.5438596491229
24,1,10,235.0,5.0,9.5,0.5073047990011513,0.49269520099884867,517.5438596491229
25,1,10,245.0,5.0,9.5,0.5029309807288163,0.49706901927118374,517.5438596491229
26,1,10,255.0,5.0,9.5,0.4985550807467876,0.5014449192532124,517.5438596491229
27,1,10,265.0,5.0,9.5,0.49413113986619706,0.5058688601338029,517.5438596491229
28,1,10,275.0,5.0,9.5,0.48963660451098345,0.5103633954890165,517.5438596491229
29,1,10,285.0,5.0,9.5,0.48500357601656097,0.514996423983439,517.5438596491229
30,1,10,295.0,5.0,9.5,0.4800965471696522,0.5199034528303478,517.5438596491229
31,1,10,305.0,5.0,9.5,0.4747945687578463,0.5252054312421537,517.5438596491229
32,1,10,315.0,5.0,9.5,0.4689874615523904,0.5310125384476096,517.5438596491229
33,1,10,325.0,5.0,9.5,0.46241482491947583,0.5375851750805242,517.5438596491229
34,1,10,335.0,5.0,9.5,0.4546026663620117,0.5453973336379883,517.5438596491229
35,1,10,345.0,5.0,9.5,0.4450055047914896,0.5549944952085104,517.5438596491229
36,1,10,355.0,5.0,9.5,0.43293529482206455,0.5670647051779354,517.5438596491229
37,1,10,365.0,5.0,9.5,0.4170055837442547,0.5829944162557452,517.5438596491229
38,1,10,375.0,5.0,9.5,0.394770232611,0.6052297673889999,517.5438596491229
39,1,10,385.0,5.0,9.5,0.3635831569796467,0.6364168430203533,517.5438596491229
40,1,10,395.0,5.0,9.5,0.3230292807086765,0.6769707192913235,517.5438596491229
41,1,10,405.0,5.0,9.5,0.2782814832173603,0.7217185167826397,517.5438596491229
42,1,10,415.0,5.0,9.5,0.23995020708757395,0.760049792912426,517.5438596491229
43,1,10,425.0,5.0,9.5,0.21535050993785285,0.7846494900621471,517.5438596491229
44,1,10,435.0,5.0,9.5,0.20355443251483646,0.7964455674851636,517.5438596491229
45,1,10,445.0,5.0,9.5,0.2005517458597044,0.7994482541402956,517.5438596491229
46,1,10,455.0,5.0,9.5,0.2000927337068062,0.7999072662931939,517.5438596491229
47,1,10,465.0,5.0,9.5,0.2000374909739374,0.7999625090260626,517.5438596491229
48,1,10,475.0,5.0,9.5,0.20003293558048613,0.7999670644195138,517.5438596491229
49,1,10,485.0,5.0,9.5,0.200032818516543,0.799967181483457,517.5438596491229
50,1,10,495.0,5.0,9.5,0.20003305945420677,0.7999669405457932,517.5438596491229
1,2,10,5.0,15.0,9.5,0.7246046519339424,0.2753953480660576,517.5438596491229
2,2,10,15.0,15.0,9.5,0.71311979626643,0.28688020373357004,517.5438596491229
3,2,10,25.0,15.0,9.5,0.7002818079938203,0.29971819200617966,517.5438596491229
4,2,10,35.0,15.0,9.5,0.6873975060827827,0.3126024939172173,517.5438596491229
5,2,10,45.0,15.0,9.5,0.6750911427216675,0.3249088572783325,517.5438596491229
6,2,10,55.0,15.0,9.5,0.6636135950624719,0.33638640493752814,517.5438596491229
7,2,10,65.0,15.0,9.5,0.6530075477797106,0.3469924522202894,517.5438596491229
8,2,10,75.0,15.0,9.5,0.6432341180117213,0.35676588198827874,517.5438596491229
9,2,10,85.0,15.0,9.5,0.6342134263723255,0.3657865736276745,517.5438596491229
10,2,10,95.0,15.0,9.5,0.6258559810522829,0.3741440189477171,517.5438596491229
11,2,10,105.0,15.0,9.5,0.6180786120284486,0.3819213879715514,517.5438596491229
12,2,10,115.0,15.0,9.5,0.6108007901996627,0.3891992098003373,517.5438596491229
13,2,10,125.0,15.0,9.5,0.6039605076835151,0.39603949231648494,517.5438596491229
14,2,10,135.0,15.0,9.5,0.5974954286092159,0.4025045713907841,517.5438596491229
15,2,10,145.0,15.0,9.5,0.591358833141863,0.408641166858137,517.5438596491229
16,2,10,155.0,15.0,9.5,0.5855026045537425,0.4144973954462575,517.5438596491229
17,2,10,165.0,15.0,9.5,0.5798762541013236,0.4201237458986764,517.5438596491229
18,2,10,175.0,15.0,9.5,0.5744495254045658,0.42555047459543416,517.5438596491229
19,2,10,185.0,15.0,9.5,0.5692306544977686,0.43076934550223145,517.5438596491229
20,2,10,195.0,15.0,9.5,0.5641943023301551,0.4358056976698449,517.5438596491229
21,2,10,205.0,15.0,9.5,0.5593199954247533,0.4406800045752467,517.5438596491229
22,2,10,215.0,15.0,9.5,0.5545882655831941,0.4454117344168059,517.5438596491229
23,2,10,225.0,15.0,9.5,0.5499759346357963,0.4500240653642037,517.5438596491229
24,2,10,235.0,15.0,9.5,0.5454630343200324,0.4545369656799676,517.5438596491229
25,2,10,245.0,15.0,9.5,0.5410346261239607,0.4589653738760393,517.5438596491229
26,2,10,255.0,15.0,9.5,0.5366713553994655,0.46332864460053447,517.5438596491229
27,2,10,265.0,15.0,9.5,0.5323453064626473,0.4676546935373527,517.5438596491229
28,2,10,275.0,15.0,9.5,0.5280337906657285,0.47196620933427147,517.5438596491229
29,2,10,285.0,15.0,9.5,0.5237210071858683,0.47627899281413166,517.5438596491229
30,2,10,295.0,15.0,9.5,0.5193758491623471,0.48062415083765286,517.5438596491229
31,2,10,305.0,15.0,9.5,0.5149484453006674,0.4850515546993326,517.5438596491229
32,2,10,315.0,15.0,9.5,0.5103981465863773,0.4896018534136227,517.5438596491229
33,2,10,325.0,15.0,9.5,0.5056919119826767,0.4943080880173233,517.5438596491229
34,2,10,335.0,15.0,9.5,0.5007560758973469,0.49924392410265306,517.5438596491229
35,2,10,345.0,15.0,9.5,0.49546497246450055,0.5045350275354994,517.5438596491229
36,2,10,355.0,15.0,9.5,0.48969841484669596,0.510301585153304,517.5438596491229
37,2,10,365.0,15.0,9.5,0.4833358069598223,0.5166641930401776,517.5438596491229
38,2,10,375.0,15.0,9.5,0.476120102980439,0.5238798970195611,517.5438596491229
39,2,10,385.0,15.0,9.5,0.4675844820048613,0.5324155179951386,517.5438596491229
40,2,10,395.0,15.0,9.5,0.4571591766771644,0.5428408233228357,517.5438596491229
41,2,10,405.0,15.0,9.5,0.4441009879776935,0.5558990120223065,517.5438596491229
42,2,10,415.0,15.0,9.5,0.4268609452519509,0.573139054748049,517.5438596491229
43,2,10,425.0,15.0,9.5,0.4023570307955122,0.5976429692044878,517.5438596491229
44,2,10,435.0,15.0,9.5,0.366502185052366,0.633497814947634,517.5438596491229
45,2,10,445.0,15.0,9.5,0.317872521339409,0.682127478660591,517.5438596491229
46,2,10,455.0,15.0,9.5,0.2653260548302802,0.7346739451697197,517.5438596491229
47,2,10,465.0,15.0,9.5,0.2255837775340613,0.7744162224659387,517.5438596491229
48,2,10,475.0,15.0,9.5,0.20592679585424595,0.7940732041457541,517.5438596491229
49,2,10,485.0,15.0,9.5,0.20046424255739398,0.7995357574426061,517.5438596491229
50,2,10,495.0,15.0,9.5,0.2000375989611945,0.7999624010388056,517.5438596491229
1,3,10,5.0,25.0,9.5,0.7571363191128977,0.2428636808871023,517.5438596491229
2,3,10,15.0,25.0,9.5,0.7441531762814986,0.2558468237185014,517.5438596491229
3,3,10,25.0,25.0,9.5,0.7296294816580269,0.2703705183419731,517.5438596491229
4,3,10,35.0,25.0,9.5,0.7150779349195845,0.2849220650804155,517.5438596491229
5,3,10,45.0,25.0,9.5,0.7012704594067973,0.29872954059320267,517.5438596491229
6,3,10,55.0,25.0,9.5,0.6884937237680103,0.3115062762319897,517.5438596491229
7,3,10,65.0,25.0,9.5,0.6767732661055921,0.3232267338944079,517.5438596491229
8,3,10,75.0,25.0,9.5,0.6660403776807647,0.33395962231923526,517.5438596491229
9,3,10,85.0,25.0,9.5,0.6561853924957753,0.34381460750422466,517.5438596491229
10,3,10,95.0,25.0,9.5,0.6470954378483379,0.3529045621516621,517.5438596491229
11,3,10,105.0,25.0,9.5,0.6386649446976468,0.3613350553023532,517.5438596491229
12,3,10,115.0,25.0,9.5,0.6307984727555381,0.36920152724446187,517.5438596491229
13,3,10,125.0,25.0,9.5,0.6234190643288846,0.3765809356711154,517.5438596491229
14,3,10,135.0,25.0,9.5,0.6164531793559533,0.38354682064404666,517.5438596491229
15,3,10,145.0,25.0,9.5,0.6098512192400971,0.3901487807599029,517.5438596491229
16,3,10,155.0,25.0,9.5,0.6035623538651638,0.39643764613483623,517.5438596491229
17,3,10,165.0,25.0,9.5,0.5975419870675873,0.4024580129324127,517.5438596491229
18,3,10,175.0,25.0,9.5,0.5917530713049044,0.4082469286950956,517.5438596491229
19,3,10,185.0,25.0,9.5,0.5861536700569799,0.41384632994302006,517.5438596491229
20,3,10,195.0,25.0,9.5,0.580743041346263,0.419256958653737,517.5438596491229
21,3,10,205.0,25.0,9.5,0.5755107486648713,0.4244892513351287,517.5438596491229
22,3,10,215.0,25.0,9.5,0.5704355391946496,0.4295644608053504,517.5438596491229
23,3,10,225.0,25.0,9.5,0.5654954305796415,0.43450456942035853,517.5438596491229
24,3,10,235.0,25.0,9.5,0.5606721212647469,0.43932787873525314,517.5438596491229
25,3,10,245.0,25.0,9.5,0.5559520769725148,0.4440479230274852,517.5438596491229
26,3,10,255.0,25.0,9.5,0.5513173033889489,0.4486826966110511,517.5438596491229
27,3,10,265.0,25.0,9.5,0.5467458598194767,0.45325414018052335,517.5438596491229
28,3,10,275.0,25.0,9.5,0.5422228339369326,0.4577771660630674,517.5438596491229
29,3,10,285.0,25.0,9.5,0.5377356182235415,0.46226438177645846,517.5438596491229
30,3,10,295.0,25.0,9.5,0.5332596568891259,0.4667403431108741,517.5438596491229
31,3,10,305.0,25.0,9.5,0.5287643593679761,0.47123564063202394,517.5438596491229
32,3,10,315.0,25.0,9.5,0.5242313701700008,0.47576862982999923,517.5438596491229
33,3,10,325.0,25.0,9.5,0.5196386282569395,0.4803613717430605,517.5438596491229
34,3,10,335.0,25.0,9.5,0.5149362854052973,0.48506371459470266,517.5438596491229
35,3,10,345.0,25.0,9.5,0.5100666738278605,0.48993332617213947,517.5438596491229
36,3,10,355.0,25.0,9.5,0.5049880573789401,0.49501194262105985,517.5438596491229
37,3,10,365.0,25.0,9.5,0.49963276139656143,0.5003672386034386,517.5438596491229
38,3,10,375.0,25.0,9.5,0.4938650562450537,0.5061349437549463,517.5438596491229
39,3,10,385.0,25.0,9.5,0.4875273917310215,0.5124726082689786,517.5438596491229
40,3,10,395.0,25.0,9.5,0.480457749661067,0.519542250338933,517.5438596491229
41,3,10,405.0,25.0,9.5,0.4723537905083329,0.5276462094916671,517.5438596491229
42,3,10,415.0,25.0,9.5,0.462659370810072,0.537340629189928,517.5438596491229
43,3,10,425.0,25.0,9.5,0.45061392459720856,0.5493860754027915,517.5438596491229
44,3,10,435.0,25.0,9.5,0.43472916845793097,0.565270831542069,517.5438596491229
45,3,10,445.0,25.0,9.5,0.4116627845784658,0.5883372154215343,517.5438596491229
46,3,10,455.0,25.0,9.5,0.37722951908929575,0.6227704809107042,517.5438596491229
47,3,10,465.0,25.0,9.5,0.329165838801542,0.6708341611984581,517.5438596491229
48,3,10,475.0,25.0,9.5,0.27279948844773727,0.7272005115522627,517.5438596491229
49,3,10,485.0,25.0,9.5,0.22477337291657484,0.7752266270834252,517.5438596491229
50,3,10,495.0,25.0,9.5,0.20239490332648039,0.7976050966735196,517.5438596491229
1,4,10,5.0,35.0,9.5,0.7788966620993182,0.22110333790068182,517.5438596491229
2,4,10,15.0,35.0,9.5,0.765619306979119,0.23438069302088105,517.5438596491229
3,4,10,25.0,35.0,9.5,0.7501167108673652,0.2498832891326348,517.5438596491229
4,4,10,35.0,35.0,9.5,0.7343073459665966,0.26569265403340336,517.5438596491229
5,4,10,45.0,35.0,9.5,0.7192819757037552,0.2807180242962448,517.5438596491229
6,4,10,55.0,35.0,9.5,0.7055475351662022,0.29445246483379783,517.5438596491229
7,4,10,65.0,35.0,9.5,0.6930461949885636,0.30695380501143643,517.5438596491229
8,4,10,75.0,35.0,9.5,0.6816284035090822,0.31837159649091784,517.5438596491229
9,4,10,85.0,35.0,9.5,0.6711600871942308,0.3288399128057692,517.5438596491229
10,4,10,95.0,35.0,9.5,0.6615104677862014,0.3384895322137986,517.5438596491229
11,4,10,105.0,35.0,9.5,0.6525664895989782,0.3474335104010218,517.5438596491229
12,4,10,115.0,35.0,9.5,0.6442263111841747,0.3557736888158253,517.5438596491229
13,4,10,125.0,35.0,9.5,0.6364020809869713,0.36359791901302874,517.5438596491229
14,4,10,135.0,35.0,9.5,0.6290221270803424,0.37097787291965756,517.5438596491229
15,4,10,145.0,35.0,9.5,0.6220233516210815,0.37797664837891853,517.5438596491229
16,4,10,155.0,35.0,9.5,0.6153612638759491,0.38463873612405086,517.5438596491229
17,4,10,165.0,35.0,9.5,0.608996809925223,0.391003190074777,517.5438596491229
18,4,10,175.0,35.0,9.5,0.6028924552394987,0.39710754476050125,517.5438596491229
19,4,10,185.0,35.0,9.5,0.597014748296494,0.40298525170350596,517.5438596491229
20,4,10,195.0,35.0,9.5,0.5913256359218394,0.4086743640781606,517.5438596491229
21,4,10,205.0,35.0,9.5,0.5858181796284244,0.4141818203715756,517.5438596491229
22,4,10,215.0,35.0,9.5,0.5804863519481506,0.41951364805184943,517.5438596491229
23,4,10,225.0,35.0,9.5,0.5753085583883987,0.42469144161160133,517.5438596491229
24,4,10,235.0,35.0,9.5,0.5702658201370272,0.4297341798629728,517.5438596491229
25,4,10,245.0,35.0,9.5,0.5653406569903215,0.43465934300967846,517.5438596491229
26,4,10,255.0,35.0,9.5,0.5605165794150434,0.4394834205849566,517.5438596491229
27,4,10,265.0,35.0,9.5,0.5557774391306635,0.44422256086933654,517.5438596491229
28,4,10,275.0,35.0,9.5,0.5511069587374906,0.4488930412625094,517.5438596491229
29,4,10,285.0,35.0,9.5,0.5464882047915162,0.45351179520848384,517.5438596491229
30,4,10,295.0,35.0,9.5,0.5419050970080456,0.45809490299195443,517.5438596491229
31,4,10,305.0,35.0,9.5,0.5373393760782326,0.46266062392176743,517.5438596491229
32,4,10,315.0,35.0,9.5,0.5327682576813593,0.46723174231864073,517.5438596491229
33,4,10,325.0,35.0,9.5,0.5281679048060464,0.47183209519395364,517.5438596491229
34,4,10,335.0,35.0,9.5,0.5235147201673175,0.4764852798326825,517.5438596491229
35,4,10,345.0,35.0,9.5,0.5187752136727712,0.48122478632722876,517.5438596491229
36,4,10,355.0,35.0,9.5,0.5139014979534652,0.4860985020465348,517.5438596491229
37,4,10,365.0,35.0,9.5,0.5088437524424859,0.4911562475575141,517.5438596491229
38,4,10,375.0,35.0,9.5,0.5035471044229033,0.4964528955770967,517.5438596491229
39,4,10,385.0,35.0,9.5,0.4979178333430085,0.5020821666569915,517.5438596491229
40,4,10,395.0,35.0,9.5,0.4918169614267905,0.5081830385732096,517.5438596491229
41,4,10,405.0,35.0,9.5,0.4850945792248485,0.5149054207751516,517.5438596491229
42,4,10,415.0,35.0,9.5,0.4775519889009227,0.5224480110990772,517.5438596491229
43,4,10,425.0,35.0,9.5,0.46882237968740814,0.5311776203125919,517.5438596491229
44,4,10,435.0,35.0,9.5,0.4583599600441387,0.5416400399558613,517.5438596491229
45,4,10,445.0,35.0,9.5,0.4448826872583277,0.5551173127416723,517.5438596491229
46,4,10,455.0,35.0,9.5,0.4256524336340261,0.5743475663659738,517.5438596491229
47,4,10,465.0,35.0,9.5,0.3967828686714962,0.6032171313285037,517.5438596491229
48,4,10,475.0,35.0,9.5,0.35496935066769425,0.6450306493323057,517.5438596491229
49,4,10,485.0,35.0,9.5,0.30367329836314405,0.696326701636856,517.5438596491229
50,4,10,495.0,35.0,9.5,0.25234423551065716,0.7476557644893429,517.5438596491229
1,5,10,5.0,45.0,9.5,0.7937306889264967,0.20626931107350333,517.5438596491229
2,5,10,15.0,45.0,9.5,0.7823389170149943,0.21766108298500575,517.5438596491229
3,5,10,25.0,45.0,9.5,0.7669326681103493,0.23306733188965068,517.5438596491229
4,5,10,35.0,45.0,9.5,0.7505825199669975,0.24941748003300246,517.5438596491229
5,5,10,45.0,45.0,9.5,0.7350110462251791,0.2649889537748209,517.5438596491229
6,5,10,55.0,45.0,9.5,0.7205812532256581,0.27941874677434186,517.5438596491229
7,5,10,65.0,45.0,9.5,0.7074280072615942,0.29257199273840584,517.5438596491229
8,5,10,75.0,45.0,9.5,0.6954600878190688,0.30453991218093124,517.5438596491229
9,5,10,85.0,45.0,9.5,0.684537639585462,0.315462360414538,517.5438596491229
10,5,10,95.0,45.0,9.5,0.6745073889932008,0.32549261100679916,517.5438596491229
11,5,10,105.0,45.0,9.5,0.6652411315522521,0.33475886844774794,517.5438596491229
12,5,10,115.0,45.0,9.5,0.6566259545863316,0.34337404541366845,517.5438596491229
13,5,10,125.0,45.0,9.5,0.6485609039193577,0.3514390960806423,517.5438596491229
14,5,10,135.0,45.0,9.5,0.6409609627930648,0.3590390372069352,517.5438596491229
15,5,10,145.0,45.0,9.5,0.6337667518119661,0.36623324818803393,517.5438596491229
16,5,10,155.0,45.0,9.5,0.626918969383245,0.373081030616755,517.5438596491229
17,5,10,165.0,45.0,9.5,0.6203783085769173,0.37962169142308266,517.5438596491229
18,5,10,175.0,45.0,9.5,0.6141032925289762,0.3858967074710238,517.5438596491229
19,5,10,185.0,45.0,9.5,0.6080549001725879,0.3919450998274121,517.5438596491229
20,5,10,195.0,45.0,9.5,0.6022032138926408,0.39779678610735925,517.5438596491229
21,5,10,205.0,45.0,9.5,0.5965210626633894,0.40347893733661055,517.5438596491229
22,5,10,215.0,45.0,9.5,0.5910136024981367,0.4089863975018633,517.5438596491229
23,5,10,225.0,45.0,9.5,0.5856639938045595,0.41433600619544053,517.5438596491229
24,5,10,235.0,45.0,9.5,0.5804547229198618,0.4195452770801382,517.5438596491229
25,5,10,245.0,45.0,9.5,0.5753684532326958,0.4246315467673042,517.5438596491229
26,5,10,255.0,45.0,9.5,0.5703884719554528,0.42961152804454716,517.5438596491229
27,5,10,265.0,45.0,9.5,0.5654998778487675,0.43450012215123246,517.5438596491229
28,5,10,275.0,45.0,9.5,0.5606891792791104,0.43931082072088956,517.5438596491229
29,5,10,285.0,45.0,9.5,0.5559402563528609,0.44405974364713907,517.5438596491229
30,5,10,295.0,45.0,9.5,0.5512351883758805,0.4487648116241195,517.5438596491229
31,5,10,305.0,45.0,9.5,0.5465590578467215,0.45344094215327846,517.5438596491229
32,5,10,315.0,45.0,9.5,0.5418962680575908,0.45810373194240916,517.5438596491229
33,5,10,325.0,45.0,9.5,0.5372226988587627,0.4627773011412373,517.5438596491229
34,5,10,335.0,45.0,9.5,0.5325083503340144,0.46749164966598555,517.5438596491229
35,5,10,345.0,45.0,9.5,0.5277299245400986,0.4722700754599014,517.5438596491229
36,5,10,355.0,45.0,9.5,0.522853912233655,0.47714608776634504,517.5438596491229
37,5,10,365.0,45.0,9.5,0.517825338319021,0.482174661680979,517.5438596491229
38,5,10,375.0,45.0,9.5,0.5125845693634624,0.4874154306365376,517.5438596491229
39,5,10,385.0,45.0,9.5,0.507071010229588,0.492928989770412,517.5438596491229
40,5,10,395.0,45.0,9.5,0.5011786249423211,0.4988213750576789,517.5438596491229
41,5,10,405.0,45.0,9.5,0.49473782995633114,0.5052621700436688,517.5438596491229
42,5,10,415.0,45.0,9.5,0.48755399133677446,0.5124460086632255,517.5438596491229
43,5,10,425.0,45.0,9.5,0.47936608481571696,0.520633915184283,517.5438596491229
44,5,10,435.0,45.0,9.5,0.46968686404171467,0.5303131359582853,517.5438596491229
45,5,10,445.0,45.0,9.5,0.45775423887422,0.54224576112578,517.5438596491229
46,5,10,455.0,45.0,9.5,0.4425477724147189,0.5574522275852811,517.5438596491229
47,5,10,465.0,45.0,9.5,0.4213699204438484,0.5786300795561516,517.5438596491229
48,5,10,475.0,45.0,9.5,0.3893328109502324,0.6106671890497676,517.5438596491229
49,5,10,485.0,45.0,9.5,0.3424562731349688,0.6575437268650313,517.5438596491229
50,5,10,495.0,45.0,9.5,0.2880209944007349,0.7119790055992651,517.5438596491229
1,6,10,5.0,55.0,9.5,0.7798321363803012,0.22016786361969876,517.5438596491229
2,6,10,15.0,55.0,9.5,0.7672878211291848,0.2327121788708152,517.5438596491229
3,6,10,25.0,55.0,9.5,0.7525627033222755,0.24743729667772452,517.5438596491229
4,6,10,35.0,55.0,9.5,0.7374258193474523,0.2625741806525477,517.5438596491229
5,6,10,45.0,55.0,9.5,0.722912855548354,0.27708714445164595,517.5438596491229
6,6,10,55.0,55.0,9.5,0.7094187983371472,0.29058120166285284,517.5438596491229
7,6,10,65.0,55.0,9.5,0.6970134467835087,0.30298655321649126,517.5438596491229
8,6,10,75.0,55.0,9.5,0.6856298122474069,0.31437018775259307,517.5438596491229
9,6,10,85.0,55.0,9.5,0.675160786794896,0.324839213205104,517.5438596491229
10,6,10,95.0,55.0,9.5,0.6654914261833892,0.3345085738166108,517.5438596491229
11,6,10,105.0,55.0,9.5,0.6565179374328763,0.34348206256712366,517.5438596491229
12,6,10,115.0,55.0,9.5,0.6481427952929759,0.3518572047070241,517.5438596491229
13,6,10,125.0,55.0,9.5,0.6402768757705196,0.3597231242294804,517.5438596491229
14,6,10,135.0,55.0,9.5,0.6328528034132096,0.3671471965867904,517.5438596491229
15,6,10,145.0,55.0,9.5,0.6258053986821385,0.37419460131786153,517.5438596491229
16,6,10,155.0,55.0,9.5,0.6190952229638114,0.38090477703618864,517.5438596491229
17,6,10,165.0,55.0,9.5,0.6126766126804738,0.3873233873195262,517.5438596491229
18,6,10,175.0,55.0,9.5,0.6065153802861603,0.39348461971383975,517.5438596491229
19,6,10,185.0,55.0,9.5,0.600577955343705,0.39942204465629505,517.5438596491229
20,6,10,195.0,55.0,9.5,0.5948295639660043,0.4051704360339957,517.5438596491229
21,6,10,205.0,55.0,9.5,0.5892484665401115,0.41075153345988846,517.5438596491229
22,6,10,215.0,55.0,9.5,0.583839493081666,0.41616050691833395,517.5438596491229
23,6,10,225.0,55.0,9.5,0.5785839073919811,0.42141609260801893,517.5438596491229
24,6,10,235.0,55.0,9.5,0.5734637801754555,0.4265362198245445,517.5438596491229
25,6,10,245.0,55.0,9.5,0.5684605762393042,0.43153942376069576,517.5438596491229
26,6,10,255.0,55.0,9.5,0.5635575715671095,0.4364424284328905,517.5438596491229
27,6,10,265.0,55.0,9.5,0.5587409574002232,0.4412590425997768,517.5438596491229
28,6,10,275.0,55.0,9.5,0.5539949817585729,0.44600501824142713,517.5438596491229
29,6,10,285.0,55.0,9.5,0.5493005285546644,0.4506994714453356,517.5438596491229
30,6,10,295.0,55.0,9.5,0.5446410993515183,0.4553589006484817,517.5438596491229
31,6,10,305.0,55.0,9.5,0.5400020060776689,0.4599979939223311,517.5438596491229
32,6,10,315.0,55.0,9.5,0.5353607358563409,0.4646392641436591,517.5438596491229
33,6,10,325.0,55.0,9.5,0.5306874218586467,0.4693125781413533,517.5438596491229
34,6,10,335.0,55.0,9.5,0.5259607149922227,0.47403928500777726,517.5438596491229
35,6,10,345.0,55.0,9.5,0.5211539547580311,0.47884604524196894,517.5438596491229
36,6,10,355.0,55.0,9.5,0.5162184617298952,0.48378153827010484,517.5438596491229
37,6,10,365.0,55.0,9.5,0.5110851602369347,0.48891483976306527,517.5438596491229
38,6,10,375.0,55.0,9.5,0.5056907940764637,0.49430920592353633,517.5438596491229
39,6,10,385.0,55.0,9.5,0.49993792294568606,0.5000620770543139,517.5438596491229
40,6,10,395.0,55.0,9.5,0.4936565136587449,0.506343486341255,517.5438596491229
41,6,10,405.0,55.0,9.5,0.48661994412944926,0.5133800558705508,517.5438596491229
42,6,10,415.0,55.0,9.5,0.47851409406593604,0.521485905934064,517.5438596491229
43,6,10,425.0,55.0,9.5,0.4687516369579022,0.5312483630420979,517.5438596491229
44,6,10,435.0,55.0,9.5,0.4562798900226938,0.5437201099773061,517.5438596491229
45,6,10,445.0,55.0,9.5,0.4394269938503883,0.5605730061496117,517.5438596491229
46,6,10,455.0,55.0,9.5,0.4155164928453702,0.5844835071546298,517.5438596491229
47,6,10,465.0,55.0,9.5,0.38104031821058887,0.6189596817894112,517.5438596491229
48,6,10,475.0,55.0,9.5,0.33484289739803236,0.6651571026019676,517.5438596491229
49,6,10,485.0,55.0,9.5,0.28352887088682627,0.7164711291131738,517.5438596491229
50,6,10,495.0,55.0,9.5,0.23676341811802834,0.7632365818819716,517.5438596491229
1,7,10,5.0,65.0,9.5,0.7603707455146397,0.23962925448536032,517.5438596491229
2,7,10,15.0,65.0,9.5,0.7482679361084615,0.25173206389153846,517.5438596491229
3,7,10,25.0,65.0,9.5,0.7345524839719193,0.2654475160280807,517.5438596491229
4,7,10,35.0,65.0,9.5,0.7206102052891388,0.27938979471086123,517.5438596491229
5,7,10,45.0,65.0,9.5,0.7072102753366317,0.2927897246633683,517.5438596491229
6,7,10,55.0,65.0,9.5,0.6946736400335978,0.3053263599664022,517.5438596491229
7,7,10,65.0,65.0,9.5,0.683081544730376,0.31691845526962403,517.5438596491229
8,7,10,75.0,65.0,9.5,0.6723926704861362,0.32760732951386384,517.5438596491229
9,7,10,85.0,65.0,9.5,0.6625275246237291,0.3374724753762709,517.5438596491229
10,7,10,95.0,65.0,9.5,0.6533904935783833,0.3466095064216167,517.5438596491229
11,7,10,105.0,65.0,9.5,0.6448869258095901,0.35511307419040994,517.5438596491229
12,7,10,115.0,65.0,9.5,0.636933111393247,0.36306688860675296,517.5438596491229
13,7,10,125.0,65.0,9.5,0.62945004320624,0.37054995679376,517.5438596491229
14,7,10,135.0,65.0,9.5,0.6223746119290037,0.3776253880709963,517.5438596491229
15,7,10,145.0,65.0,9.5,0.615653605919744,0.38434639408025595,517.5438596491229
16,7,10,155.0,65.0,9.5,0.609246057465648,0.39075394253435203,517.5438596491229
17,7,10,165.0,65.0,9.5,0.6031080888031054,0.3968919111968946,517.5438596491229
18,7,10,175.0,65.0,9.5,0.5972042742673254,0.40279572573267464,517.5438596491229
19,7,10,185.0,65.0,9.5,0.5914974926726257,0.40850250732737425,517.5438596491229
20,7,10,195.0,65.0,9.5,0.5859647108883326,0.4140352891116674,517.5438596491229
21,7,10,205.0,65.0,9.5,0.5806109908387265,0.41938900916127353,517.5438596491229
22,7,10,215.0,65.0,9.5,0.5754155064557533,0.42458449354424666,517.5438596491229
23,7,10,225.0,65.0,9.5,0.5703592995960564,0.42964070040394364,517.5438596491229
24,7,10,235.0,65.0,9.5,0.5654245421516324,0.4345754578483676,517.5438596491229
25,7,10,245.0,65.0,9.5,0.5605936146842373,0.4394063853157627,517.5438596491229
26,7,10,255.0,65.0,9.5,0.5558506662013859,0.4441493337986141,517.5438596491229
27,7,10,265.0,65.0,9.5,0.5511800509792457,0.4488199490207543,517.5438596491229
28,7,10,275.0,65.0,9.5,0.5465636073274487,0.4534363926725513,517.5438596491229
29,7,10,285.0,65.0,9.5,0.5419837201314764,0.45801627986852356,517.5438596491229
30,7,10,295.0,65.0,9.5,0.5374227379388924,0.4625772620611076,517.5438596491229
31,7,10,305.0,65.0,9.5,0.5328583726765934,0.4671416273234066,517.5438596491229
32,7,10,315.0,65.0,9.5,0.5282637384298526,0.47173626157014736,517.5438596491229
33,7,10,325.0,65.0,9.5,0.5236117738515095,0.4763882261484905,517.5438596491229
34,7,10,335.0,65.0,9.5,0.5188687328776422,0.48113126712235776,517.5438596491229
35,7,10,345.0,65.0,9.5,0.5139838693283829,0.4860161306716171,517.5438596491229
36,7,10,355.0,65.0,9.5,0.5088972776402781,0.49110272235972185,517.5438596491229
37,7,10,365.0,65.0,9.5,0.5035490394415609,0.49645096055843907,517.5438596491229
38,7,10,375.0,65.0,9.5,0.49782935940695594,0.5021706405930441,517.5438596491229
39,7,10,385.0,65.0,9.5,0.4915571002910424,0.5084428997089576,517.5438596491229
40,7,10,395.0,65.0,9.5,0.4844918611690915,0.5155081388309085,517.5438596491229
41,7,10,405.0,65.0,9.5,0.47624953197364694,0.523750468026353,517.5438596491229
42,7,10,415.0,65.0,9.5,0.4661402465661043,0.5338597534338957,517.5438596491229
43,7,10,425.0,65.0,9.5,0.452957584105541,0.547042415894459,517.5438596491229
44,7,10,435.0,65.0,9.5,0.4347151084091492,0.5652848915908508,517.5438596491229
45,7,10,445.0,65.0,9.5,0.4083240253094323,0.5916759746905678,517.5438596491229
46,7,10,455.0,65.0,9.5,0.3700302656443469,0.6299697343556532,517.5438596491229
47,7,10,465.0,65.0,9.5,0.3184228566646004,0.6815771433353996,517.5438596491229
48,7,10,475.0,65.0,9.5,0.26049888781308883,0.7395011121869112,517.5438596491229
49,7,10,485.0,65.0,9.5,0.21637282610504005,0.78362717389496,517.5438596491229
50,7,10,495.0,65.0,9.5,0.20097934054527783,0.7990206594547222,517.5438596491229
1,8,10,5.0,75.0,9.5,0.7337048741327873,0.2662951258672127,517.5438596491229
2,8,10,15.0,75.0,9.5,0.7229777637640064,0.27702223623599365,517.5438596491229
3,8,10,25.0,75.0,9.5,0.7107785682884111,0.28922143171158887,517.5438596491229
4,8,10,35.0,75.0,9.5,0.698336291661323,0.30166370833867695,517.5438596491229
5,8,10,45.0,75.0,9.5,0.6862956998767694,0.3137043001232306,517.5438596491229
6,8,10,55.0,75.0,9.5,0.6749561503587812,0.3250438496412188,517.5438596491229
7,8,10,65.0,75.0,9.5,0.6644016313135787,0.33559836868642134,517.5438596491229
8,8,10,75.0,75.0,9.5,0.6546165614078949,0.3453834385921051,517.5438596491229
9,8,10,85.0,75.0,9.5,0.6455424314635527,0.3544575685364473,517.5438596491229
10,8,10,95.0,75.0,9.5,0.6371047472881978,0.36289525271180223,517.5438596491229
11,8,10,105.0,75.0,9.5,0.6292226557661322,0.37077734423386777,517.5438596491229
12,8,10,115.0,75.0,9.5,0.6218246574973888,0.3781753425026112,517.5438596491229
13,8,10,125.0,75.0,9.5,0.6148493077878356,0.38515069221216436,517.5438596491229
14,8,10,135.0,75.0,9.5,0.6082420137614742,0.39175798623852576,517.5438596491229
15,8,10,145.0,75.0,9.5,0.6019516348777214,0.3980483651222786,517.5438596491229
16,8,10,155.0,75.0,9.5,0.5959386586447799,0.4040613413552201,517.5438596491229
17,8,10,165.0,75.0,9.5,0.5901610549324223,0.4098389450675777,517.5438596491229
18,8,10,175.0,75.0,9.5,0.5845754274785429,0.41542457252145715,517.5438596491229
19,8,10,185.0,75.0,9.5,0.5791832087408046,0.42081679125919536,517.5438596491229
20,8,10,195.0,75.0,9.5,0.5739728777288245,0.42602712227117545,517.5438596491229
21,8,10,205.0,75.0,9.5,0.5689219389858033,0.43107806101419666,517.5438596491229
22,8,10,215.0,75.0,9.5,0.5640076761779,0.43599232382209996,517.5438596491229
23,8,10,225.0,75.0,9.5,0.5592128114510652,0.44078718854893484,517.5438596491229
24,8,10,235.0,75.0,9.5,0.554522409717482,0.445477590282518,517.5438596491229
25,8,10,245.0,75.0,9.5,0.5499154822414615,0.4500845177585385,517.5438596491229
26,8,10,255.0,75.0,9.5,0.5453713091951592,0.4546286908048408,517.5438596491229
27,8,10,265.0,75.0,9.5,0.5408767835451209,0.4591232164548791,517.5438596491229
28,8,10,275.0,75.0,9.5,0.5364157772414474,0.4635842227585526,517.5438596491229
29,8,10,285.0,75.0,9.5,0.5319575416416142,0.46804245835838576,517.5438596491229
30,8,10,295.0,75.0,9.5,0.5274753629023569,0.47252463709764314,517.5438596491229
31,8,10,305.0,75.0,9.5,0.5229535458260227,0.4770464541739773,517.5438596491229
32,8,10,315.0,75.0,9.5,0.518358516195773,0.481641483804227,517.5438596491229
33,8,10,325.0,75.0,9.5,0.5136284074191508,0.48637159258084917,517.5438596491229
34,8,10,335.0,75.0,9.5,0.5087111080341428,0.49128889196585723,517.5438596491229
35,8,10,345.0,75.0,9.5,0.5035620702725729,0.49643792972742706,517.5438596491229
36,8,10,355.0,75.0,9.5,0.4980747572512542,0.5019252427487457,517.5438596491229
37,8,10,365.0,75.0,9.5,0.4920732606757854,0.5079267393242146,517.5438596491229
38,8,10,375.0,75.0,9.5,0.485391638067602,0.514608361932398,517.5438596491229
39,8,10,385.0,75.0,9.5,0.477813062646324,0.522186937353676,517.5438596491229
40,8,10,395.0,75.0,9.5,0.4688023061833801,0.5311976938166199,517.5438596491229
41,8,10,405.0,75.0,9.5,0.45735913832682035,0.5426408616731797,517.5438596491229
42,8,10,415.0,75.0,9.5,0.4420313646422916,0.5579686353577085,517.5438596491229
43,8,10,425.0,75.0,9.5,0.4205446218930197,0.5794553781069802,517.5438596491229
44,8,10,435.0,75.0,9.5,0.3891458986655643,0.6108541013344357,517.5438596491229
45,8,10,445.0,75.0,9.5,0.3438050902762696,0.6561949097237304,517.5438596491229
46,8,10,455.0,75.0,9.5,0.2862375424684521,0.7137624575315479,517.5438596491229
47,8,10,465.0,75.0,9.5,0.2333305873991658,0.7666694126008342,517.5438596491229
48,8,10,475.0,75.0,9.5,0.20607152483553773,0.7939284751644623,517.5438596491229
49,8,10,485.0,75.0,9.5,0.20028836111145795,0.799711638888542,517.5438596491229
50,8,10,495.0,75.0,9.5,0.20003498658799296,0.7999650134120071,517.5438596491229
1,9,10,5.0,85.0,9.5,0.6966259431510656,0.30337405684893437,517.5438596491229
2,9,10,15.0,85.0,9.5,0.6877958988729421,0.3122041011270579,517.5438596491229
3,9,10,25.0,85.0,9.5,0.677535409941624,0.322464590058376,517.5438596491229
4,9,10,35.0,85.0,9.5,0.666907300383225,0.333092699616775,517.5438596491229
5,9,10,45.0,85.0,9.5,0.6564946334705333,0.3435053665294667,517.5438596491229
6,9,10,55.0,85.0,9.5,0.6465766704180365,0.35342332958196354,517.5438596491229
7,9,10,65.0,85.0,9.5,0.6372584915363021,0.3627415084636979,517.5438596491229
8,9,10,75.0,85.0,9.5,0.6285512278226196,0.37144877217738037,517.5438596491229
9,9,10,85.0,85.0,9.5,0.6204195858847542,0.3795804141152458,517.5438596491229
10,9,10,95.0,85.0,9.5,0.6128154947181714,0.3871845052818286,517.5438596491229
11,9,10,105.0,85.0,9.5,0.6056775272538892,0.39432247274611076,517.5438596491229
12,9,10,115.0,85.0,9.5,0.5989559867001969,0.4010440132998031,517.5438596491229
13,9,10,125.0,85.0,9.5,0.5925958606982524,0.40740413930174757,517.5438596491229
14,9,10,135.0,85.0,9.5,0.5865529801306573,0.41344701986934274,517.5438596491229
15,9,10,145.0,85.0,9.5,0.5807797111725784,0.41922028882742157,517.5438596491229
16,9,10,155.0,85.0,9.5,0.5752232700742175,0.4247767299257825,517.5438596491229
17,9,10,165.0,85.0,9.5,0.5698759005042194,0.43012409949578057,517.5438596491229
18,9,10,175.0,85.0,9.5,0.5647349022052534,0.43526509779474665,517.5438596491229
19,9,10,185.0,85.0,9.5,0.5597742683960936,0.44022573160390643,517.5438596491229
20,9,10,195.0,85.0,9.5,0.5549720148237991,0.4450279851762009,517.5438596491229
21,9,10,205.0,85.0,9.5,0.5503087981457123,0.4496912018542877,517.5438596491229
22,9,10,215.0,85.0,9.5,0.5457620609683663,0.4542379390316337,517.5438596491229
23,9,10,225.0,85.0,9.5,0.5413101020259194,0.45868989797408055,517.5438596491229
24,9,10,235.0,85.0,9.5,0.5369352502516519,0.4630647497483481,517.5438596491229
25,9,10,245.0,85.0,9.5,0.5326172809514319,0.4673827190485681,517.5438596491229
26,9,10,255.0,85.0,9.5,0.5283274482582629,0.47167255174173706,517.5438596491229
27,9,10,265.0,85.0,9.5,0.5240399859568963,0.47596001404310373,517.5438596491229
28,9,10,275.0,85.0,9.5,0.5197329989871797,0.48026700101282027,517.5438596491229
29,9,10,285.0,85.0,9.5,0.5153687567755297,0.48463124322447027,517.5438596491229
30,9,10,295.0,85.0,9.5,0.5108935438241322,0.4891064561758678,517.5438596491229
31,9,10,305.0,85.0,9.5,0.5062613460461727,0.4937386539538273,517.5438596491229
32,9,10,315.0,85.0,9.5,0.5014173492445194,0.4985826507554806,517.5438596491229
33,9,10,325.0,85.0,9.5,0.4962543413818327,0.5037456586181672,517.5438596491229
34,9,10,335.0,85.0,9.5,0.4906275570628121,0.509372442937188,517.5438596491229
35,9,10,345.0,85.0,9.5,0.48439262589023213,0.5156073741097679,517.5438596491229
36,9,10,355.0,85.0,9.5,0.4773185996619531,0.5226814003380469,517.5438596491229
37,9,10,365.0,85.0,9.5,0.468950811525103,0.531049188474897,517.5438596491229
38,9,10,375.0,85.0,9.5,0.4586300492790648,0.5413699507209352,517.5438596491229
39,9,10,385.0,85.0,9.5,0.4454753736584732,0.5545246263415269,517.5438596491229
40,9,10,395.0,85.0,9.5,0.4278159136558559,0.5721840863441441,517.5438596491229
41,9,10,405.0,85.0,9.5,0.4023623722800721,0.5976376277199279,517.5438596491229
42,9,10,415.0,85.0,9.5,0.36468622332389955,0.6353137766761005,517.5438596491229
43,9,10,425.0,85.0,9.5,0.31373782877975614,0.6862621712202439,517.5438596491229
44,9,10,435.0,85.0,9.5,0.2599000536436232,0.7400999463563769,517.5438596491229
45,9,10,445.0,85.0,9.5,0.2218669697528518,0.7781330302471482,517.5438596491229
46,9,10,455.0,85.0,9.5,0.20499069510581586,0.7950093048941842,517.5438596491229
47,9,10,465.0,85.0,9.5,0.2005533599064955,0.7994466400935045,517.5438596491229
48,9,10,475.0,85.0,9.5,0.2000512366711256,0.7999487633288744,517.5438596491229
49,9,10,485.0,85.0,9.5,0.20003285023080505,0.7999671497691949,517.5438596491229
50,9,10,495.0,85.0,9.5,0.20003270604691925,0.7999672939530807,517.5438596491229
1,10,10,5.0,95.0,9.5,0.6340122088020467,0.3659877911979533,517.5438596491229
2,10,10,15.0,95.0,9.5,0.6272931242808097,0.37270687571919026,517.5438596491229
3,10,10,25.0,95.0,9.5,0.6192121800467456,0.3807878199532544,517.5438596491229
4,10,10,35.0,95.0,9.5,0.6106006818478562,0.3893993181521438,517.5438596491229
5,10,10,45.0,95.0,9.5,0.6019589763540389,0.39804102364596106,517.5438596491229
6,10,10,55.0,95.0,9.5,0.5935553059346521,0.4064446940653479,517.5438596491229
7,10,10,65.0,95.0,9.5,0.5855179545767337,0.4144820454232663,517.5438596491229
8,10,10,75.0,95.0,9.5,0.577894429208898,0.422105570791102,517.5438596491229
9,10,10,85.0,95.0,9.5,0.570680938341539,0.429319061658461,517.5438596491229
10,10,10,95.0,95.0,9.5,0.5638585147421006,0.4361414852578994,517.5438596491229
11,10,10,105.0,95.0,9.5,0.5573918296889808,0.4426081703110192,517.5438596491229
12,10,10,115.0,95.0,9.5,0.551247171163476,0.448752828836524,517.5438596491229
13,10,10,125.0,95.0,9.5,0.5453854083931287,0.45461459160687134,517.5438596491229
14,10,10,135.0,95.0,9.5,0.5397550425463601,0.4602449574536399,517.5438596491229
15,10,10,145.0,95.0,9.5,0.5342955844374636,0.4657044155625364,517.5438596491229
16,10,10,155.0,95.0,9.5,0.5290299881346453,0.4709700118653547,517.5438596491229
17,10,10,165.0,95.0,9.5,0.5239483962643262,0.4760516037356738,517.5438596491229
18,10,10,175.0,95.0,9.5,0.5190335300052756,0.48096646999472437,517.5438596491229
19,10,10,185.0,95.0,9.5,0.5142670648390563,0.48573293516094374,517.5438596491229
20,10,10,195.0,95.0,9.5,0.509617929578726,0.490382070421274,517.5438596491229
21,10,10,205.0,95.0,9.5,0.5050640880585447,0.49493591194145525,517.5438596491229
22,10,10,215.0,95.0,9.5,0.5005929054138689,0.4994070945861311,517.5438596491229
23,10,10,225.0,95.0,9.5,0.4961643421055406,0.5038356578944594,517.5438596491229
24,10,10,235.0,95.0,9.5,0.49172320802745756,0.5082767919725424,517.5438596491229
25,10,10,245.0,95.0,9.5,0.48724068168928547,0.5127593183107145,517.5438596491229
26,10,10,255.0,95.0,9.5,0.4826744308948068,0.5173255691051932,517.5438596491229
27,10,10,265.0,95.0,9.5,0.4779084136207446,0.5220915863792555,517.5438596491229
28,10,10,275.0,95.0,9.5,0.4728065794879663,0.5271934205120337,517.5438596491229
29,10,10,285.0,95.0,9.5,0.46726514846942435,0.5327348515305756,517.5438596491229
30,10,10,295.0,95.0,9.5,0.4610885479666205,0.5389114520333795,517.5438596491229
31,10,10,305.0,95.0,9.5,0.45385771355174176,0.5461422864482582,517.5438596491229
32,10,10,315.0,95.0,9.5,0.44503071584206166,0.5549692841579383,517.5438596491229
33,10,10,325.0,95.0,9.5,0.4339849754091786,0.5660150245908214,517.5438596491229
34,10,10,335.0,95.0,9.5,0.4195782911238135,0.5804217088761865,517.5438596491229
35,10,10,345.0,95.0,9.5,0.39956798705587177,0.6004320129441283,517.5438596491229
36,10,10,355.0,95.0,9.5,0.37103326141310644,0.6289667385868936,517.5438596491229
37,10,10,365.0,95.0,9.5,0.3324159917278228,0.6675840082721771,517.5438596491229
38,10,10,375.0,95.0,9.5,0.28712221554803463,0.7128777844519654,517.5438596491229
39,10,10,385.0,95.0,9.5,0.24559926278943822,0.7544007372105618,517.5438596491229
40,10,10,395.0,95.0,9.5,0.21791288841313852,0.7820871115868615,517.5438596491229
41,10,10,405.0,95.0,9.5,0.20464225573498998,0.79535774426501,517.5438596491229
42,10,10,415.0,95.0,9.5,0.20063787477036643,0.7993621252296336,517.5438596491229
43,10,10,425.0,95.0,9.5,0.20009328272418814,0.7999067172758119,517.5438596491229
44,10,10,435.0,95.0,9.5,0.20003645220146585,0.7999635477985342,517.5438596491229
45,10,10,445.0,95.0,9.5,0.20003160897817512,0.7999683910218249,517.5438596491229
46,10,10,455.0,95.0,9.5,0.200031442650462,0.799968557349538,517.5438596491229
47,10,10,465.0,95.0,9.5,0.2000317812435237,0.7999682187564763,517.5438596491229
48,10,10,475.0,95.0,9.5,0.20003213176908768,0.7999678682309124,517.5438596491229
49,10,10,485.0,95.0,9.5,0.2000324217425556,0.7999675782574445,517.5438596491229
50,10,10,495.0,95.0,9.5,0.2000326054524963,0.7999673945475037,517.5438596491229
1,1,11,5.0,5.0,10.5,0.6608448911412882,0.3391551088587118,482.45614035087715
2,1,11,15.0,5.0,10.5,0.6512385098760416,0.3487614901239584,482.45614035087715
3,1,11,25.0,5.0,10.5,0.6402547840653549,0.35974521593464515,482.45614035087715
4,1,11,35.0,5.0,10.5,0.6290124000379141,0.37098759996208586,482.45614035087715
5,1,11,45.0,5.0,10.5,0.6180834772663345,0.3819165227336655,482.45614035087715
6,1,11,55.0,5.0,10.5,0.6077285456035397,0.3922714543964603,482.45614035087715
7,1,11,65.0,5.0,10.5,0.5980328959000556,0.4019671040999444,482.45614035087715
8,1,11,75.0,5.0,10.5,0.5889948115636892,0.41100518843631084,482.45614035087715
9,1,11,85.0,5.0,10.5,0.58057351509317,0.41942648490683,482.45614035087715
10,1,11,95.0,5.0,10.5,0.5727084610349673,0.4272915389650327,482.45614035087715
11,1,11,105.0,5.0,10.5,0.5653329350753895,0.4346670649246105,482.45614035087715
12,1,11,115.0,5.0,10.5,0.5583912622287296,0.4416087377712704,482.45614035087715
13,1,11,125.0,5.0,10.5,0.5518188518732104,0.44818114812678955,482.45614035087715
14,1,11,135.0,5.0,10.5,0.5455603453365468,0.45443965466345315,482.45614035087715
15,1,11,145.0,5.0,10.5,0.5395403218193758,0.46045967818062417,482.45614035087715
16,1,11,155.0,5.0,10.5,0.533711971760022,0.46628802823997795,482.45614035087715
17,1,11,165.0,5.0,10.5,0.5281088715758572,0.4718911284241428,482.45614035087715
18,1,11,175.0,5.0,10.5,0.522706564620679,0.477293435379321,482.45614035087715
19,1,11,185.0,5.0,10.5,0.5174647091339182,0.4825352908660818,482.45614035087715
20,1,11,195.0,5.0,10.5,0.5123546716317726,0.4876453283682274,482.45614035087715
21,1,11,205.0,5.0,10.5,0.5073594186222684,0.4926405813777316,482.45614035087715
22,1,11,215.0,5.0,10.5,0.502429776814049,0.497570223185951,482.45614035087715
23,1,11,225.0,5.0,10.5,0.4975046212625496,0.5024953787374504,482.45614035087715
24,1,11,235.0,5.0,10.5,0.4925557469042302,0.5074442530957698,482.45614035087715
25,1,11,245.0,5.0,10.5,0.48752877264256883,0.5124712273574312,482.45614035087715
26,1,11,255.0,5.0,10.5,0.48228834344125615,0.5177116565587438,482.45614035087715
27,1,11,265.0,5.0,10.5,0.4766988677810689,0.5233011322189312,482.45614035087715
28,1,11,275.0,5.0,10.5,0.47065482936212705,0.5293451706378729,482.45614035087715
29,1,11,285.0,5.0,10.5,0.4639101287092513,0.5360898712907487,482.45614035087715
30,1,11,295.0,5.0,10.5,0.4559857402028005,0.5440142597971995,482.45614035087715
31,1,11,305.0,5.0,10.5,0.44632386608456315,0.5536761339154368,482.45614035087715
32,1,11,315.0,5.0,10.5,0.434241075983184,0.5657589240168159,482.45614035087715
33,1,11,325.0,5.0,10.5,0.4183401863446873,0.5816598136553127,482.45614035087715
34,1,11,335.0,5.0,10.5,0.39609109704883977,0.6039089029511602,482.45614035087715
35,1,11,345.0,5.0,10.5,0.3647241565570973,0.6352758434429027,482.45614035087715
36,1,11,355.0,5.0,10.5,0.32380546999127285,0.6761945300087271,482.45614035087715
37,1,11,365.0,5.0,10.5,0.27885842054121623,0.7211415794587838,482.45614035087715
38,1,11,375.0,5.0,10.5,0.24102212833929668,0.7589778716607033,482.45614035087715
39,1,11,385.0,5.0,10.5,0.21733804591128475,0.7826619540887152,482.45614035087715
40,1,11,395.0,5.0,10.5,0.2057957350889297,0.7942042649110703,482.45614035087715
41,1,11,405.0,5.0,10.5,0.2014370788127971,0.798562921187203,482.45614035087715
42,1,11,415.0,5.0,10.5,0.2002575400307132,0.7997424599692868,482.45614035087715
43,1,11,425.0,5.0,10.5,0.20005014766464388,0.7999498523353561,482.45614035087715
44,1,11,435.0,5.0,10.5,0.20003224071157966,0.7999677592884203,482.45614035087715
45,1,11,445.0,5.0,10.5,0.20003113284360827,0.7999688671563917,482.45614035087715
46,1,11,455.0,5.0,10.5,0.20003139421110952,0.7999686057888905,482.45614035087715
47,1,11,465.0,5.0,10.5,0.20003181782826915,0.7999681821717308,482.45614035087715
48,1,11,475.0,5.0,10.5,0.20003223910867343,0.7999677608913266,482.45614035087715
49,1,11,485.0,5.0,10.5,0.2000326107398641,0.7999673892601359,482.45614035087715
50,1,11,495.0,5.0,10.5,0.20003286969640655,0.7999671303035935,482.45614035087715
1,2,11,5.0,15.0,10.5,0.7200776828719063,0.2799223171280937,482.45614035087715
2,2,11,15.0,15.0,10.5,0.7079762275183815,0.2920237724816185,482.45614035087715
3,2,11,25.0,15.0,10.5,0.694483905397963,0.305516094602037,482.45614035087715
4,2,11,35.0,15.0,10.5,0.6809707105405494,0.31902928945945064,482.45614035087715
5,2,11,45.0,15.0,10.5,0.668096948818867,0.33190305118113295,482.45614035087715
6,2,11,55.0,15.0,10.5,0.6561110283126278,0.3438889716873722,482.45614035087715
7,2,11,65.0,15.0,10.5,0.6450657976480857,0.3549342023519143,482.45614035087715
8,2,11,75.0,15.0,10.5,0.63491014379506,0.36508985620494006,482.45614035087715
9,2,11,85.0,15.0,10.5,0.6255581185632958,0.3744418814367042,482.45614035087715
10,2,11,95.0,15.0,10.5,0.6169112025833173,0.38308879741668267,482.45614035087715
11,2,11,105.0,15.0,10.5,0.6088734193890408,0.3911265806109592,482.45614035087715
12,2,11,115.0,15.0,10.5,0.6013614867062794,0.3986385132937206,482.45614035087715
13,2,11,125.0,15.0,10.5,0.5943024444263949,0.4056975555736051,482.45614035087715
14,2,11,135.0,15.0,10.5,0.5876284771413172,0.41237152285868284,482.45614035087715
15,2,11,145.0,15.0,10.5,0.5812838810525307,0.4187161189474693,482.45614035087715
16,2,11,155.0,15.0,10.5,0.5752053145524406,0.4247946854475594,482.45614035087715
17,2,11,165.0,15.0,10.5,0.5693437753962728,0.4306562246037272,482.45614035087715
18,2,11,175.0,15.0,10.5,0.5637187931195212,0.4362812068804788,482.45614035087715
19,2,11,185.0,15.0,10.5,0.5583021127154131,0.4416978872845869,482.45614035087715
20,2,11,195.0,15.0,10.5,0.5530610410874439,0.4469389589125561,482.45614035087715
21,2,11,205.0,15.0,10.5,0.5479719325411854,0.45202806745881463,482.45614035087715
22,2,11,215.0,15.0,10.5,0.5430124342376861,0.4569875657623139,482.45614035087715
23,2,11,225.0,15.0,10.5,0.5381503108081809,0.4618496891918191,482.45614035087715
24,2,11,235.0,15.0,10.5,0.5333548144103396,0.4666451855896604,482.45614035087715
25,2,11,245.0,15.0,10.5,0.5286065648351804,0.4713934351648196,482.45614035087715
26,2,11,255.0,15.0,10.5,0.5238768816079642,0.4761231183920358,482.45614035087715
27,2,11,265.0,15.0,10.5,0.5191146679409417,0.48088533205905826,482.45614035087715
28,2,11,275.0,15.0,10.5,0.5142728599005302,0.4857271400994698,482.45614035087715
29,2,11,285.0,15.0,10.5,0.5093196574610556,0.49068034253894444,482.45614035087715
30,2,11,295.0,15.0,10.5,0.5041904875824136,0.4958095124175864,482.45614035087715
31,2,11,305.0,15.0,10.5,0.49876329628136956,0.5012367037186305,482.45614035087715
32,2,11,315.0,15.0,10.5,0.49291509221728147,0.5070849077827185,482.45614035087715
33,2,11,325.0,15.0,10.5,0.4865364271584995,0.5134635728415005,482.45614035087715
34,2,11,335.0,15.0,10.5,0.4794010057556208,0.5205989942443792,482.45614035087715
35,2,11,345.0,15.0,10.5,0.47107158288096773,0.5289284171190323,482.45614035087715
36,2,11,355.0,15.0,10.5,0.4610066369371081,0.5389933630628919,482.45614035087715
37,2,11,365.0,15.0,10.5,0.4485597676972416,0.5514402323027584,482.45614035087715
38,2,11,375.0,15.0,10.5,0.43245231189479566,0.5675476881052044,482.45614035087715
39,2,11,385.0,15.0,10.5,0.4101586581819672,0.5898413418180328,482.45614035087715
40,2,11,395.0,15.0,10.5,0.37836277625454134,0.6216372237454586,482.45614035087715
41,2,11,405.0,15.0,10.5,0.33535526930864573,0.6646447306913543,482.45614035087715
42,2,11,415.0,15.0,10.5,0.28541423520552506,0.7145857647944749,482.45614035087715
43,2,11,425.0,15.0,10.5,0.24139276731604595,0.758607232683954,482.45614035087715
44,2,11,435.0,15.0,10.5,0.21465919483803242,0.7853408051619676,482.45614035087715
45,2,11,445.0,15.0,10.5,0.2037102248019372,0.7962897751980628,482.45614035087715
46,2,11,455.0,15.0,10.5,0.2006400007998,0.7993599992002001,482.45614035087715
47,2,11,465.0,15.0,10.5,0.2001034444739833,0.7998965555260167,482.45614035087715
48,2,11,475.0,15.0,10.5,0.20003738956902434,0.7999626104309756,482.45614035087715
49,2,11,485.0,15.0,10.5,0.20003297580719723,0.7999670241928027,482.45614035087715
50,2,11,495.0,15.0,10.5,0.20003299087058843,0.7999670091294115,482.45614035087715
1,3,11,5.0,25.0,10.5,0.7543312732474181,0.2456687267525819,482.45614035087715
2,3,11,15.0,25.0,10.5,0.7405793418437692,0.25942065815623083,482.45614035087715
3,3,11,25.0,25.0,10.5,0.725256427511431,0.27474357248856895,482.45614035087715
4,3,11,35.0,25.0,10.5,0.7099378400628088,0.2900621599371912,482.45614035087715
5,3,11,45.0,25.0,10.5,0.6954294655014575,0.30457053449854254,482.45614035087715
6,3,11,55.0,25.0,10.5,0.682029741399248,0.317970258600752,482.45614035087715
7,3,11,65.0,25.0,10.5,0.6697635880602091,0.3302364119397909,482.45614035087715
8,3,11,75.0,25.0,10.5,0.6585538135578045,0.3414461864421955,482.45614035087715
9,3,11,85.0,25.0,10.5,0.6482827399623565,0.3517172600376435,482.45614035087715
10,3,11,95.0,25.0,10.5,0.6388312631453769,0.36116873685462314,482.45614035087715
11,3,11,105.0,25.0,10.5,0.6300823408138397,0.36991765918616026,482.45614035087715
12,3,11,115.0,25.0,10.5,0.6219340115579244,0.3780659884420756,482.45614035087715
13,3,11,125.0,25.0,10.5,0.6142925536075835,0.3857074463924165,482.45614035087715
14,3,11,135.0,25.0,10.5,0.6070847887842156,0.39291521121578443,482.45614035087715
15,3,11,145.0,25.0,10.5,0.6002506689877743,0.39974933101222565,482.45614035087715
16,3,11,155.0,25.0,10.5,0.5937353185006146,0.40626468149938544,482.45614035087715
17,3,11,165.0,25.0,10.5,0.5874838838997888,0.4125161161002112,482.45614035087715
18,3,11,175.0,25.0,10.5,0.58144924745274,0.41855075254726004,482.45614035087715
19,3,11,185.0,25.0,10.5,0.5756257318211706,0.4243742681788294,482.45614035087715
20,3,11,195.0,25.0,10.5,0.570003429857505,0.42999657014249504,482.45614035087715
21,3,11,205.0,25.0,10.5,0.5645579265717162,0.4354420734282838,482.45614035087715
22,3,11,215.0,25.0,10.5,0.5592658749324118,0.44073412506758824,482.45614035087715
23,3,11,225.0,25.0,10.5,0.5540992358073213,0.44590076419267866,482.45614035087715
24,3,11,235.0,25.0,10.5,0.549035060048607,0.450964939951393,482.45614035087715
25,3,11,245.0,25.0,10.5,0.5440581335332452,0.45594186646675483,482.45614035087715
26,3,11,255.0,25.0,10.5,0.5391435923540403,0.4608564076459597,482.45614035087715
27,3,11,265.0,25.0,10.5,0.534256760680157,0.46574323931984296,482.45614035087715
28,3,11,275.0,25.0,10.5,0.5293748770188609,0.4706251229811391,482.45614035087715
29,3,11,285.0,25.0,10.5,0.5244790103598546,0.47552098964014544,482.45614035087715
30,3,11,295.0,25.0,10.5,0.5195228559858254,0.48047714401417463,482.45614035087715
31,3,11,305.0,25.0,10.5,0.5144452747455128,0.4855547252544872,482.45614035087715
32,3,11,315.0,25.0,10.5,0.5092061317579942,0.49079386824200577,482.45614035087715
33,3,11,325.0,25.0,10.5,0.5037509802060368,0.4962490197939632,482.45614035087715
34,3,11,335.0,25.0,10.5,0.4979550325613384,0.5020449674386616,482.45614035087715
35,3,11,345.0,25.0,10.5,0.49166271795602445,0.5083372820439755,482.45614035087715
36,3,11,355.0,25.0,10.5,0.48473354555039655,0.5152664544496035,482.45614035087715
37,3,11,365.0,25.0,10.5,0.47692248210207794,0.5230775178979221,482.45614035087715
38,3,11,375.0,25.0,10.5,0.46774250782246735,0.5322574921775327,482.45614035087715
39,3,11,385.0,25.0,10.5,0.45654086883957123,0.5434591311604288,482.45614035087715
40,3,11,395.0,25.0,10.5,0.44247481400902117,0.5575251859909789,482.45614035087715
41,3,11,405.0,25.0,10.5,0.42391719961567137,0.5760828003843286,482.45614035087715
42,3,11,415.0,25.0,10.5,0.3978631294834351,0.6021368705165648,482.45614035087715
43,3,11,425.0,25.0,10.5,0.360861777179251,0.639138222820749,482.45614035087715
44,3,11,435.0,25.0,10.5,0.3122321835550047,0.6877678164449953,482.45614035087715
45,3,11,445.0,25.0,10.5,0.2614899791671925,0.7385100208328075,482.45614035087715
46,3,11,455.0,25.0,10.5,0.22532129855630356,0.7746787014436964,482.45614035087715
47,3,11,465.0,25.0,10.5,0.20757683405322536,0.7924231659467746,482.45614035087715
48,3,11,475.0,25.0,10.5,0.20140055320790684,0.7985994467920932,482.45614035087715
49,3,11,485.0,25.0,10.5,0.20014912707451868,0.7998508729254813,482.45614035087715
50,3,11,495.0,25.0,10.5,0.20003644321526326,0.7999635567847367,482.45614035087715
1,4,11,5.0,35.0,10.5,0.777401497753532,0.22259850224646804,482.45614035087715
2,4,11,15.0,35.0,10.5,0.7632953807690422,0.23670461923095776,482.45614035087715
3,4,11,25.0,35.0,10.5,0.7468621417818959,0.2531378582181041,482.45614035087715
4,4,11,35.0,35.0,10.5,0.7301648094249782,0.2698351905750218,482.45614035087715
5,4,11,45.0,35.0,10.5,0.7143318501812257,0.2856681498187743,482.45614035087715
6,4,11,55.0,35.0,10.5,0.6998734997298942,0.3001265002701058,482.45614035087715
7,4,11,65.0,35.0,10.5,0.686732737110584,0.313267262889416,482.45614035087715
8,4,11,75.0,35.0,10.5,0.6747569093925859,0.3252430906074141,482.45614035087715
9,4,11,85.0,35.0,10.5,0.6637980571814021,0.33620194281859794,482.45614035087715
10,4,11,95.0,35.0,10.5,0.6537198664142451,0.34628013358575493,482.45614035087715
11,4,11,105.0,35.0,10.5,0.6444026262176895,0.3555973737823105,482.45614035087715
12,4,11,115.0,35.0,10.5,0.6357348569843584,0.3642651430156416,482.45614035087715
13,4,11,125.0,35.0,10.5,0.6276183820890529,0.37238161791094715,482.45614035087715
14,4,11,135.0,35.0,10.5,0.6199651865404097,0.38003481345959034,482.45614035087715
15,4,11,145.0,35.0,10.5,0.6127150730297577,0.3872849269702423,482.45614035087715
16,4,11,155.0,35.0,10.5,0.6058116259383444,0.39418837406165563,482.45614035087715
17,4,11,165.0,35.0,10.5,0.5992164812023156,0.40078351879768437,482.45614035087715
18,4,11,175.0,35.0,10.5,0.592883140527602,0.40711685947239795,482.45614035087715
19,4,11,185.0,35.0,10.5,0.5867657137532912,0.41323428624670877,482.45614035087715
20,4,11,195.0,35.0,10.5,0.5808503919803181,0.41914960801968193,482.45614035087715
21,4,11,205.0,35.0,10.5,0.5751367154876358,0.4248632845123642,482.45614035087715
22,4,11,215.0,35.0,10.5,0.5695979764164697,0.4304020235835303,482.45614035087715
23,4,11,225.0,35.0,10.5,0.5642102097406793,0.43578979025932074,482.45614035087715
24,4,11,235.0,35.0,10.5,0.5589508810645416,0.4410491189354584,482.45614035087715
25,4,11,245.0,35.0,10.5,0.5537983721579166,0.4462016278420834,482.45614035087715
26,4,11,255.0,35.0,10.5,0.5487323165056712,0.4512676834943288,482.45614035087715
27,4,11,265.0,35.0,10.5,0.5437320019437727,0.4562679980562273,482.45614035087715
28,4,11,275.0,35.0,10.5,0.5387730760236897,0.46122692397631027,482.45614035087715
29,4,11,285.0,35.0,10.5,0.5338293196199666,0.4661706803800334,482.45614035087715
30,4,11,295.0,35.0,10.5,0.5288763716874767,0.4711236283125233,482.45614035087715
31,4,11,305.0,35.0,10.5,0.5238834167385461,0.4761165832614539,482.45614035087715
32,4,11,315.0,35.0,10.5,0.5188051123617358,0.48119488763826423,482.45614035087715
33,4,11,325.0,35.0,10.5,0.5135910735405371,0.4864089264594629,482.45614035087715
34,4,11,335.0,35.0,10.5,0.5081920198329909,0.4918079801670091,482.45614035087715
35,4,11,345.0,35.0,10.5,0.5025285669422653,0.49747143305773467,482.45614035087715
36,4,11,355.0,35.0,10.5,0.49647189731836533,0.5035281026816347,482.45614035087715
37,4,11,365.0,35.0,10.5,0.48987640441842195,0.510123595581578,482.45614035087715
38,4,11,375.0,35.0,10.5,0.4825691554783591,0.5174308445216409,482.45614035087715
39,4,11,385.0,35.0,10.5,0.4742291996643608,0.5257708003356392,482.45614035087715
40,4,11,395.0,35.0,10.5,0.4643218252228636,0.5356781747771364,482.45614035087715
41,4,11,405.0,35.0,10.5,0.45217139578635956,0.5478286042136404,482.45614035087715
42,4,11,415.0,35.0,10.5,0.436769765713953,0.563230234286047,482.45614035087715
43,4,11,425.0,35.0,10.5,0.4161620486759976,0.5838379513240024,482.45614035087715
44,4,11,435.0,35.0,10.5,0.387311559505677,0.6126884404943229,482.45614035087715
45,4,11,445.0,35.0,10.5,0.34713651389208267,0.6528634861079173,482.45614035087715
46,4,11,455.0,35.0,10.5,0.29743511125293876,0.7025648887470612,482.45614035087715
47,4,11,465.0,35.0,10.5,0.25131655176885404,0.748683448231146,482.45614035087715
48,4,11,475.0,35.0,10.5,0.22140250497936262,0.7785974950206374,482.45614035087715
49,4,11,485.0,35.0,10.5,0.20726632410691698,0.792733675893083,482.45614035087715
50,4,11,495.0,35.0,10.5,0.2015288530582451,0.7984711469417549,482.45614035087715
1,5,11,5.0,45.0,10.5,0.7932177086117519,0.2067822913882481,482.45614035087715
2,5,11,15.0,45.0,10.5,0.7810673884209465,0.21893261157905353,482.45614035087715
3,5,11,25.0,45.0,10.5,0.7647105281380802,0.23528947186191984,482.45614035087715
4,5,11,35.0,45.0,10.5,0.747392846296884,0.25260715370311604,482.45614035087715
5,5,11,45.0,45.0,10.5,0.7309413016220785,0.2690586983779215,482.45614035087715
6,5,11,55.0,45.0,10.5,0.7157400218049688,0.28425997819503124,482.45614035087715
7,5,11,65.0,45.0,10.5,0.7019045742976683,0.2980954257023317,482.45614035087715
8,5,11,75.0,45.0,10.5,0.6893417515455877,0.31065824845441226,482.45614035087715
9,5,11,85.0,45.0,10.5,0.6778956265896419,0.32210437341035814,482.45614035087715
10,5,11,95.0,45.0,10.5,0.6674116085981681,0.33258839140183194,482.45614035087715
11,5,11,105.0,45.0,10.5,0.6577509680834037,0.3422490319165963,482.45614035087715
12,5,11,115.0,45.0,10.5,0.6487873161917357,0.3512126838082643,482.45614035087715
13,5,11,125.0,45.0,10.5,0.6404091611474466,0.3595908388525534,482.45614035087715
14,5,11,135.0,45.0,10.5,0.6325270616614754,0.36747293833852457,482.45614035087715
15,5,11,145.0,45.0,10.5,0.6250621524576064,0.37493784754239357,482.45614035087715
16,5,11,155.0,45.0,10.5,0.617962831273793,0.38203716872620697,482.45614035087715
17,5,11,165.0,45.0,10.5,0.6111738883457212,0.3888261116542788,482.45614035087715
18,5,11,175.0,45.0,10.5,0.6046552435397569,0.39534475646024314,482.45614035087715
19,5,11,185.0,45.0,10.5,0.5983625200321456,0.40163747996785437,482.45614035087715
20,5,11,195.0,45.0,10.5,0.5922593348878331,0.4077406651121669,482.45614035087715
21,5,11,205.0,45.0,10.5,0.5863547779545576,0.4136452220454424,482.45614035087715
22,5,11,215.0,45.0,10.5,0.5806325068453885,0.4193674931546115,482.45614035087715
23,5,11,225.0,45.0,10.5,0.575068063451713,0.424931936548287,482.45614035087715
24,5,11,235.0,45.0,10.5,0.5696417914350218,0.4303582085649782,482.45614035087715
25,5,11,245.0,45.0,10.5,0.5643336996926678,0.4356663003073322,482.45614035087715
26,5,11,255.0,45.0,10.5,0.5591220011103825,0.44087799888961754,482.45614035087715
27,5,11,265.0,45.0,10.5,0.5539878200145077,0.44601217998549225,482.45614035087715
28,5,11,275.0,45.0,10.5,0.5489144959629864,0.45108550403701364,482.45614035087715
29,5,11,285.0,45.0,10.5,0.5438788424201795,0.4561211575798205,482.45614035087715
30,5,11,295.0,45.0,10.5,0.5388522722106224,0.4611477277893776,482.45614035087715
31,5,11,305.0,45.0,10.5,0.5338116396025859,0.46618836039741407,482.45614035087715
32,5,11,315.0,45.0,10.5,0.5287323300079373,0.4712676699920627,482.45614035087715
33,5,11,325.0,45.0,10.5,0.5235696190019425,0.47643038099805746,482.45614035087715
34,5,11,335.0,45.0,10.5,0.5182659275298472,0.48173407247015276,482.45614035087715
35,5,11,345.0,45.0,10.5,0.5127727972115775,0.48722720278842246,482.45614035087715
36,5,11,355.0,45.0,10.5,0.5070186545776202,0.4929813454223798,482.45614035087715
37,5,11,365.0,45.0,10.5,0.500872209114154,0.499127790885846,482.45614035087715
38,5,11,375.0,45.0,10.5,0.4941726854791609,0.5058273145208392,482.45614035087715
39,5,11,385.0,45.0,10.5,0.4867425473429893,0.5132574526570107,482.45614035087715
40,5,11,395.0,45.0,10.5,0.4782608708433385,0.5217391291566615,482.45614035087715
41,5,11,405.0,45.0,10.5,0.4681533976021073,0.5318466023978927,482.45614035087715
42,5,11,415.0,45.0,10.5,0.45564874934719585,0.5443512506528041,482.45614035087715
43,5,11,425.0,45.0,10.5,0.43964970191797936,0.5603502980820206,482.45614035087715
44,5,11,435.0,45.0,10.5,0.4181382976755526,0.5818617023244474,482.45614035087715
45,5,11,445.0,45.0,10.5,0.38819113958341106,0.611808860416589,482.45614035087715
46,5,11,455.0,45.0,10.5,0.34813151815039606,0.6518684818496039,482.45614035087715
47,5,11,465.0,45.0,10.5,0.3006183747490155,0.6993816252509846,482.45614035087715
48,5,11,475.0,45.0,10.5,0.2567381208714223,0.7432618791285777,482.45614035087715
49,5,11,485.0,45.0,10.5,0.22739202009009418,0.7726079799099058,482.45614035087715
50,5,11,495.0,45.0,10.5,0.2117464367206849,0.7882535632793151,482.45614035087715
1,6,11,5.0,55.0,10.5,0.7784071028965963,0.22159289710340369,482.45614035087715
2,6,11,15.0,55.0,10.5,0.7650547033026887,0.23494529669731135,482.45614035087715
3,6,11,25.0,55.0,10.5,0.7494495121266601,0.2505504878733399,482.45614035087715
4,6,11,35.0,55.0,10.5,0.7334482555414539,0.2665517444585461,482.45614035087715
5,6,11,45.0,55.0,10.5,0.7181378076539758,0.28186219234602417,482.45614035087715
6,6,11,55.0,55.0,10.5,0.7039280698758859,0.29607193012411415,482.45614035087715
7,6,11,65.0,55.0,10.5,0.6908844746827416,0.3091155253172584,482.45614035087715
8,6,11,75.0,55.0,10.5,0.678940522839911,0.321059477160089,482.45614035087715
9,6,11,85.0,55.0,10.5,0.6679747391984745,0.3320252608015255,482.45614035087715
10,6,11,95.0,55.0,10.5,0.6578733106155301,0.3421266893844699,482.45614035087715
11,6,11,105.0,55.0,10.5,0.6485222929269664,0.3514777070730336,482.45614035087715
12,6,11,115.0,55.0,10.5,0.6398133936364145,0.36018660636358546,482.45614035087715
13,6,11,125.0,55.0,10.5,0.6316506816033249,0.36834931839667506,482.45614035087715
14,6,11,135.0,55.0,10.5,0.6239495692268788,0.37605043077312117,482.45614035087715
15,6,11,145.0,55.0,10.5,0.6166435459064327,0.38335645409356733,482.45614035087715
16,6,11,155.0,55.0,10.5,0.6096858029601233,0.3903141970398767,482.45614035087715
17,6,11,165.0,55.0,10.5,0.6030305352673521,0.39696946473264794,482.45614035087715
18,6,11,175.0,55.0,10.5,0.5966327393809711,0.40336726061902894,482.45614035087715
19,6,11,185.0,55.0,10.5,0.590452404023854,0.409547595976146,482.45614035087715
20,6,11,195.0,55.0,10.5,0.5844590287819053,0.41554097121809475,482.45614035087715
21,6,11,205.0,55.0,10.5,0.5786625122180552,0.4213374877819448,482.45614035087715
22,6,11,215.0,55.0,10.5,0.5730391668462733,0.4269608331537267,482.45614035087715
23,6,11,225.0,55.0,10.5,0.5675678617815985,0.43243213821840154,482.45614035087715
24,6,11,235.0,55.0,10.5,0.5622278900719602,0.43777210992803983,482.45614035087715
25,6,11,245.0,55.0,10.5,0.5569960256908337,0.44300397430916627,482.45614035087715
26,6,11,255.0,55.0,10.5,0.5518507348021741,0.44814926519782594,482.45614035087715
27,6,11,265.0,55.0,10.5,0.5467754947202368,0.4532245052797632,482.45614035087715
28,6,11,275.0,55.0,10.5,0.5417485331173278,0.45825146688267215,482.45614035087715
29,6,11,285.0,55.0,10.5,0.5367397773860608,0.4632602226139392,482.45614035087715
30,6,11,295.0,55.0,10.5,0.5317234645498833,0.4682765354501167,482.45614035087715
31,6,11,305.0,55.0,10.5,0.5266768672678391,0.47332313273216087,482.45614035087715
32,6,11,315.0,55.0,10.5,0.5215581930985893,0.4784418069014107,482.45614035087715
33,6,11,325.0,55.0,10.5,0.5163087303832604,0.4836912696167396,482.45614035087715
34,6,11,335.0,55.0,10.5,0.5108803865381235,0.4891196134618765,482.45614035087715
35,6,11,345.0,55.0,10.5,0.5052129039786629,0.4947870960213371,482.45614035087715
36,6,11,355.0,55.0,10.5,0.49918667744232764,0.5008133225576723,482.45614035087715
37,6,11,365.0,55.0,10.5,0.4926329476516408,0.5073670523483592,482.45614035087715
38,6,11,375.0,55.0,10.5,0.48536503822226185,0.5146349617777382,482.45614035087715
39,6,11,385.0,55.0,10.5,0.4770753653819906,0.5229246346180094,482.45614035087715
40,6,11,395.0,55.0,10.5,0.46719396438155525,0.5328060356184448,482.45614035087715
41,6,11,405.0,55.0,10.5,0.45487833653160825,0.5451216634683917,482.45614035087715
42,6,11,415.0,55.0,10.5,0.4388718962829577,0.5611281037170424,482.45614035087715
43,6,11,425.0,55.0,10.5,0.4169190856204865,0.5830809143795135,482.45614035087715
44,6,11,435.0,55.0,10.5,0.3855415470782667,0.6144584529217333,482.45614035087715
45,6,11,445.0,55.0,10.5,0.3420349844568594,0.6579650155431406,482.45614035087715
46,6,11,455.0,55.0,10.5,0.2898969641729487,0.7101030358270513,482.45614035087715
47,6,11,465.0,55.0,10.5,0.24317967062801063,0.7568203293719894,482.45614035087715
48,6,11,475.0,55.0,10.5,0.21543252550085204,0.784567474499148,482.45614035087715
49,6,11,485.0,55.0,10.5,0.20427877823422508,0.795721221765775,482.45614035087715
50,6,11,495.0,55.0,10.5,0.2006914328349046,0.7993085671650955,482.45614035087715
1,7,11,5.0,65.0,10.5,0.7577477059611326,0.2422522940388674,482.45614035087715
2,7,11,15.0,65.0,10.5,0.7449202846731994,0.2550797153268006,482.45614035087715
3,7,11,25.0,65.0,10.5,0.7304304038930173,0.2695695961069827,482.45614035087715
4,7,11,35.0,65.0,10.5,0.7157343523831787,0.28426564761682127,482.45614035087715
5,7,11,45.0,65.0,10.5,0.7016335126497942,0.29836648735020577,482.45614035087715
6,7,11,55.0,65.0,10.5,0.6884661590404673,0.31153384095953274,482.45614035087715
7,7,11,65.0,65.0,10.5,0.6763086327674532,0.32369136723254677,482.45614035087715
8,7,11,75.0,65.0,10.5,0.665125094220647,0.33487490577935297,482.45614035087715
9,7,11,85.0,65.0,10.5,0.6548249302687943,0.3451750697312057,482.45614035087715
10,7,11,95.0,65.0,10.5,0.6453069131023944,0.3546930868976056,482.45614035087715
11,7,11,105.0,65.0,10.5,0.6364704891050423,0.36352951089495766,482.45614035087715
12,7,11,115.0,65.0,10.5,0.6282174354995713,0.3717825645004287,482.45614035087715
13,7,11,125.0,65.0,10.5,0.6204595357257238,0.37954046427427623,482.45614035087715
14,7,11,135.0,65.0,10.5,0.6131306593407543,0.3868693406592457,482.45614035087715
15,7,11,145.0,65.0,10.5,0.6061671654002564,0.3938328345997436,482.45614035087715
16,7,11,155.0,65.0,10.5,0.5995250546881015,0.40047494531189853,482.45614035087715
17,7,11,165.0,65.0,10.5,0.5931547480302799,0.4068452519697201,482.45614035087715
18,7,11,175.0,65.0,10.5,0.5870094446052105,0.41299055539478946,482.45614035087715
19,7,11,185.0,65.0,10.5,0.581056704993834,0.418943295006166,482.45614035087715
20,7,11,195.0,65.0,10.5,0.5753087123562473,0.42469128764375275,482.45614035087715
21,7,11,205.0,65.0,10.5,0.5697404844381052,0.4302595155618948,482.45614035087715
22,7,11,215.0,65.0,10.5,0.5643278407436387,0.43567215925636127,482.45614035087715
23,7,11,225.0,65.0,10.5,0.5590490990237137,0.4409509009762863,482.45614035087715
24,7,11,235.0,65.0,10.5,0.5538821223427007,0.44611787765729927,482.45614035087715
25,7,11,245.0,65.0,10.5,0.5488047700316949,0.4511952299683051,482.45614035087715
26,7,11,255.0,65.0,10.5,0.5437969067809514,0.4562030932190486,482.45614035087715
27,7,11,265.0,65.0,10.5,0.538835780178106,0.46116421982189404,482.45614035087715
28,7,11,275.0,65.0,10.5,0.5338933603933801,0.4661066396066199,482.45614035087715
29,7,11,285.0,65.0,10.5,0.5289427153750179,0.4710572846249821,482.45614035087715
30,7,11,295.0,65.0,10.5,0.5239546760284931,0.4760453239715069,482.45614035087715
31,7,11,305.0,65.0,10.5,0.5188850622573606,0.48111493774263936,482.45614035087715
32,7,11,315.0,65.0,10.5,0.5136790212279049,0.4863209787720951,482.45614035087715
33,7,11,325.0,65.0,10.5,0.5082822084449566,0.49171779155504336,482.45614035087715
34,7,11,335.0,65.0,10.5,0.5026148142188882,0.4973851857811118,482.45614035087715
35,7,11,345.0,65.0,10.5,0.49654303612507705,0.5034569638749229,482.45614035087715
36,7,11,355.0,65.0,10.5,0.48990364902148936,0.5100963509785106,482.45614035087715
37,7,11,365.0,65.0,10.5,0.4825010045189504,0.5174989954810496,482.45614035087715
38,7,11,375.0,65.0,10.5,0.4739827869316582,0.5260172130683418,482.45614035087715
39,7,11,385.0,65.0,10.5,0.4637220054276287,0.5362779945723712,482.45614035087715
40,7,11,395.0,65.0,10.5,0.45077655010944034,0.5492234498905597,482.45614035087715
41,7,11,405.0,65.0,10.5,0.4335614895667305,0.5664385104332694,482.45614035087715
42,7,11,415.0,65.0,10.5,0.40936549460948524,0.5906345053905148,482.45614035087715
43,7,11,425.0,65.0,10.5,0.3743714490301693,0.6256285509698307,482.45614035087715
44,7,11,435.0,65.0,10.5,0.3262166401461081,0.6737833598538919,482.45614035087715
45,7,11,445.0,65.0,10.5,0.27144112244865276,0.7285588775513472,482.45614035087715
46,7,11,455.0,65.0,10.5,0.22831944883542116,0.7716805511645788,482.45614035087715
47,7,11,465.0,65.0,10.5,0.20726819630042462,0.7927318036995754,482.45614035087715
48,7,11,475.0,65.0,10.5,0.20103774716602407,0.7989622528339759,482.45614035087715
49,7,11,485.0,65.0,10.5,0.20009075423194858,0.7999092457680514,482.45614035087715
50,7,11,495.0,65.0,10.5,0.2000343972384288,0.7999656027615711,482.45614035087715
1,8,11,5.0,75.0,10.5,0.7296336016386048,0.2703663983613952,482.45614035087715
2,8,11,15.0,75.0,10.5,0.7183134214585944,0.28168657854140555,482.45614035087715
3,8,11,25.0,75.0,10.5,0.7054701784538372,0.2945298215461628,482.45614035087715
4,8,11,35.0,75.0,10.5,0.6923990301499492,0.3076009698500508,482.45614035087715
5,8,11,45.0,75.0,10.5,0.6797772456807334,0.3202227543192666,482.45614035087715
6,8,11,55.0,75.0,10.5,0.6679121355239467,0.3320878644760533,482.45614035087715
7,8,11,65.0,75.0,10.5,0.6568904508424905,0.34310954915750946,482.45614035087715
8,8,11,75.0,75.0,10.5,0.6466973560820692,0.35330264391793076,482.45614035087715
9,8,11,85.0,75.0,10.5,0.6372653630128099,0.3627346369871901,482.45614035087715
10,8,11,95.0,75.0,10.5,0.6285099675699477,0.3714900324300523,482.45614035087715
11,8,11,105.0,75.0,10.5,0.62034285756774,0.37965714243226,482.45614035087715
12,8,11,115.0,75.0,10.5,0.6126863864174609,0.38731361358253913,482.45614035087715
13,8,11,125.0,75.0,10.5,0.6054668674040524,0.3945331325959476,482.45614035087715
14,8,11,135.0,75.0,10.5,0.5986287904562433,0.4013712095437567,482.45614035087715
15,8,11,145.0,75.0,10.5,0.5921106923373493,0.40788930766265075,482.45614035087715
16,8,11,155.0,75.0,10.5,0.5858644585379533,0.4141355414620467,482.45614035087715
17,8,11,165.0,75.0,10.5,0.5798378705970859,0.4201621294029141,482.45614035087715
18,8,11,175.0,75.0,10.5,0.5740255746487017,0.42597442535129826,482.45614035087715
19,8,11,185.0,75.0,10.5,0.5684172128740661,0.4315827871259339,482.45614035087715
20,8,11,195.0,75.0,10.5,0.5629894480610634,0.43701055193893656,482.45614035087715
21,8,11,205.0,75.0,10.5,0.5577161569388384,0.44228384306116164,482.45614035087715
22,8,11,215.0,75.0,10.5,0.5525677383871517,0.4474322616128483,482.45614035087715
23,8,11,225.0,75.0,10.5,0.5475242302111917,0.4524757697888083,482.45614035087715
24,8,11,235.0,75.0,10.5,0.5425687641692017,0.45743123583079826,482.45614035087715
25,8,11,245.0,75.0,10.5,0.5376699319091328,0.4623300680908672,482.45614035087715
26,8,11,255.0,75.0,10.5,0.5327944730130962,0.46720552698690376,482.45614035087715
27,8,11,265.0,75.0,10.5,0.5279257994116754,0.4720742005883246,482.45614035087715
28,8,11,275.0,75.0,10.5,0.5230371600061956,0.4769628399938044,482.45614035087715
29,8,11,285.0,75.0,10.5,0.5180692911904015,0.48193070880959854,482.45614035087715
30,8,11,295.0,75.0,10.5,0.5129677021278165,0.4870322978721835,482.45614035087715
31,8,11,305.0,75.0,10.5,0.5076991946703266,0.49230080532967335,482.45614035087715
32,8,11,315.0,75.0,10.5,0.5021838519176773,0.49781614808232266,482.45614035087715
33,8,11,325.0,75.0,10.5,0.49626648211151486,0.5037335178884852,482.45614035087715
34,8,11,335.0,75.0,10.5,0.4897983769442625,0.5102016230557376,482.45614035087715
35,8,11,345.0,75.0,10.5,0.48262548703352015,0.5173745129664798,482.45614035087715
36,8,11,355.0,75.0,10.5,0.4743932500982666,0.5256067499017334,482.45614035087715
37,8,11,365.0,75.0,10.5,0.46447113058606737,0.5355288694139326,482.45614035087715
38,8,11,375.0,75.0,10.5,0.45209319195808256,0.5479068080419174,482.45614035087715
39,8,11,385.0,75.0,10.5,0.43607876952880625,0.5639212304711938,482.45614035087715
40,8,11,395.0,75.0,10.5,0.4139078408030134,0.5860921591969865,482.45614035087715
41,8,11,405.0,75.0,10.5,0.3814003966696151,0.6185996033303849,482.45614035087715
42,8,11,415.0,75.0,10.5,0.33521762073310923,0.6647823792668908,482.45614035087715
43,8,11,425.0,75.0,10.5,0.2807086307736215,0.7192913692263785,482.45614035087715
44,8,11,435.0,75.0,10.5,0.23512929495483292,0.7648707050451671,482.45614035087715
45,8,11,445.0,75.0,10.5,0.21047253508250444,0.7895274649174956,482.45614035087715
46,8,11,455.0,75.0,10.5,0.20183938153060288,0.7981606184693971,482.45614035087715
47,8,11,465.0,75.0,10.5,0.20018590576511575,0.7998140942348843,482.45614035087715
48,8,11,475.0,75.0,10.5,0.20003845519387714,0.7999615448061228,482.45614035087715
49,8,11,485.0,75.0,10.5,0.20003266092656385,0.7999673390734361,482.45614035087715
50,8,11,495.0,75.0,10.5,0.2000327040267833,0.7999672959732167,482.45614035087715
1,9,11,5.0,85.0,10.5,0.6908027826157505,0.30919721738424955,482.45614035087715
2,9,11,15.0,85.0,10.5,0.6815178816214241,0.3184821183785759,482.45614035087715
3,9,11,25.0,85.0,10.5,0.6707614486478426,0.3292385513521574,482.45614035087715
4,9,11,35.0,85.0,10.5,0.6596476411545373,0.34035235884546267,482.45614035087715
5,9,11,45.0,85.0,10.5,0.6487839621456886,0.35121603785431144,482.45614035087715
6,9,11,55.0,85.0,10.5,0.6384602856734172,0.36153971432658283,482.45614035087715
7,9,11,65.0,85.0,10.5,0.6287841497355716,0.3712158502644284,482.45614035087715
8,9,11,75.0,85.0,10.5,0.6197616061243042,0.3802383938756958,482.45614035087715
9,9,11,85.0,85.0,10.5,0.6113517173040923,0.3886482826959077,482.45614035087715
10,9,11,95.0,85.0,10.5,0.6034958320512952,0.3965041679487048,482.45614035087715
11,9,11,105.0,85.0,10.5,0.596128546116287,0.40387145388371304,482.45614035087715
12,9,11,115.0,85.0,10.5,0.5891908088255563,0.4108091911744437,482.45614035087715
13,9,11,125.0,85.0,10.5,0.5826216052419071,0.4173783947580929,482.45614035087715
14,9,11,135.0,85.0,10.5,0.5763648716336356,0.4236351283663644,482.45614035087715
15,9,11,145.0,85.0,10.5,0.5703540187780857,0.42964598122191433,482.45614035087715
16,9,11,155.0,85.0,10.5,0.5645698839885759,0.4354301160114241,482.45614035087715
17,9,11,165.0,85.0,10.5,0.5590195223686167,0.44098047763138326,482.45614035087715
18,9,11,175.0,85.0,10.5,0.5536720605572316,0.4463279394427684,482.45614035087715
19,9,11,185.0,85.0,10.5,0.5484959811516645,0.45150401884833546,482.45614035087715
20,9,11,195.0,85.0,10.5,0.5434648410549415,0.4565351589450585,482.45614035087715
21,9,11,205.0,85.0,10.5,0.5385545687884304,0.46144543121156956,482.45614035087715
22,9,11,215.0,85.0,10.5,0.533732968012833,0.466267031987167,482.45614035087715
23,9,11,225.0,85.0,10.5,0.5289671767975095,0.4710328232024905,482.45614035087715
24,9,11,235.0,85.0,10.5,0.5242328853406267,0.47576711465937327,482.45614035087715
25,9,11,245.0,85.0,10.5,0.5194949342191341,0.48050506578086594,482.45614035087715
26,9,11,255.0,85.0,10.5,0.5146972439327038,0.4853027560672962,482.45614035087715
27,9,11,265.0,85.0,10.5,0.5097901870103613,0.4902098129896387,482.45614035087715
28,9,11,275.0,85.0,10.5,0.5047269105383714,0.4952730894616286,482.45614035087715
29,9,11,285.0,85.0,10.5,0.4994123512552898,0.5005876487447102,482.45614035087715
30,9,11,295.0,85.0,10.5,0.49370523205424705,0.506294767945753,482.45614035087715
31,9,11,305.0,85.0,10.5,0.48747291296626977,0.5125270870337302,482.45614035087715
32,9,11,315.0,85.0,10.5,0.4805328662335688,0.5194671337664312,482.45614035087715
33,9,11,325.0,85.0,10.5,0.47250435965615717,0.5274956403438429,482.45614035087715
34,9,11,335.0,85.0,10.5,0.4628173635689917,0.5371826364310083,482.45614035087715
35,9,11,345.0,85.0,10.5,0.45078767579569606,0.5492123242043039,482.45614035087715
36,9,11,355.0,85.0,10.5,0.43522604820740823,0.5647739517925918,482.45614035087715
37,9,11,365.0,85.0,10.5,0.4136588672056707,0.5863411327943293,482.45614035087715
38,9,11,375.0,85.0,10.5,0.3823891109145283,0.6176108890854717,482.45614035087715
39,9,11,385.0,85.0,10.5,0.3387438283998281,0.6612561716001719,482.45614035087715
40,9,11,395.0,85.0,10.5,0.2863426946963841,0.7136573053036159,482.45614035087715
41,9,11,405.0,85.0,10.5,0.24004027875694978,0.7599597212430502,482.45614035087715
42,9,11,415.0,85.0,10.5,0.21344013152739616,0.7865598684726038,482.45614035087715
43,9,11,425.0,85.0,10.5,0.20308563516702513,0.7969143648329748,482.45614035087715
44,9,11,435.0,85.0,10.5,0.20046157837166062,0.7995384216283394,482.45614035087715
45,9,11,445.0,85.0,10.5,0.20007404267186937,0.7999259573281307,482.45614035087715
46,9,11,455.0,85.0,10.5,0.20003427910240146,0.7999657208975985,482.45614035087715
47,9,11,465.0,85.0,10.5,0.20003190418351713,0.7999680958164829,482.45614035087715
48,9,11,475.0,85.0,10.5,0.2000320111126419,0.7999679888873581,482.45614035087715
49,9,11,485.0,85.0,10.5,0.2000323107171438,0.7999676892828562,482.45614035087715
50,9,11,495.0,85.0,10.5,0.20003251455278845,0.7999674854472115,482.45614035087715
1,10,11,5.0,95.0,10.5,0.6254537627085461,0.37454623729145387,482.45614035087715
2,10,11,15.0,95.0,10.5,0.618401189364328,0.381598810635672,482.45614035087715
3,10,11,25.0,95.0,10.5,0.609943355521416,0.390056644478584,482.45614035087715
4,10,11,35.0,95.0,10.5,0.6009534105366948,0.3990465894633052,482.45614035087715
5,10,11,45.0,95.0,10.5,0.5919504811130337,0.4080495188869663,482.45614035087715
6,10,11,55.0,95.0,10.5,0.5832131451315047,0.4167868548684953,482.45614035087715
7,10,11,65.0,95.0,10.5,0.5748717346902423,0.42512826530975767,482.45614035087715
8,10,11,75.0,95.0,10.5,0.5669710097265753,0.4330289902734247,482.45614035087715
9,10,11,85.0,95.0,10.5,0.559504306109474,0.440495693890526,482.45614035087715
10,10,11,95.0,95.0,10.5,0.552445366679234,0.44755463332076595,482.45614035087715
11,10,11,105.0,95.0,10.5,0.5457542944234423,0.45424570557655775,482.45614035087715
12,10,11,115.0,95.0,10.5,0.5393870446796948,0.4606129553203052,482.45614035087715
13,10,11,125.0,95.0,10.5,0.5332816673319957,0.46671833266800433,482.45614035087715
14,10,11,135.0,95.0,10.5,0.5273480166703708,0.4726519833296292,482.45614035087715
15,10,11,145.0,95.0,10.5,0.521621944808214,0.478378055191786,482.45614035087715
16,10,11,155.0,95.0,10.5,0.516102594467613,0.483897405532387,482.45614035087715
17,10,11,165.0,95.0,10.5,0.5107509657672443,0.4892490342327557,482.45614035087715
18,10,11,175.0,95.0,10.5,0.5055443515329883,0.49445564846701173,482.45614035087715
19,10,11,185.0,95.0,10.5,0.5004549889107038,0.49954501108929616,482.45614035087715
20,10,11,195.0,95.0,10.5,0.49542265634214727,0.5045773436578527,482.45614035087715
21,10,11,205.0,95.0,10.5,0.49039924889246983,0.5096007511075302,482.45614035087715
22,10,11,215.0,95.0,10.5,0.48535221074093154,0.5146477892590684,482.45614035087715
23,10,11,225.0,95.0,10.5,0.4801822572372131,0.5198177427627869,482.45614035087715
24,10,11,235.0,95.0,10.5,0.4747375858855638,0.5252624141144362,482.45614035087715
25,10,11,245.0,95.0,10.5,0.46890335799993577,0.5310966420000642,482.45614035087715
26,10,11,255.0,95.0,10.5,0.46250875550359194,0.5374912444964081,482.45614035087715
27,10,11,265.0,95.0,10.5,0.4551520714169463,0.5448479285830536,482.45614035087715
28,10,11,275.0,95.0,10.5,0.4462744012367967,0.5537255987632033,482.45614035087715
29,10,11,285.0,95.0,10.5,0.4352654972171255,0.5647345027828745,482.45614035087715
30,10,11,295.0,95.0,10.5,0.42104158898516214,0.5789584110148378,482.45614035087715
31,10,11,305.0,95.0,10.5,0.40144453792650436,0.5985554620734956,482.45614035087715
32,10,11,315.0,95.0,10.5,0.3736072536414882,0.6263927463585117,482.45614035087715
33,10,11,325.0,95.0,10.5,0.3360124866650237,0.6639875133349763,482.45614035087715
34,10,11,335.0,95.0,10.5,0.29188082117611347,0.7081191788238865,482.45614035087715
35,10,11,345.0,95.0,10.5,0.25099813360046486,0.7490018663995351,482.45614035087715
36,10,11,355.0,95.0,10.5,0.22286082273688132,0.7771391772631187,482.45614035087715
37,10,11,365.0,95.0,10.5,0.20823673908649806,0.7917632609135019,482.45614035087715
38,10,11,375.0,95.0,10.5,0.20236223319074037,0.7976377668092596,482.45614035087715
39,10,11,385.0,95.0,10.5,0.2005012036917103,0.7994987963082897,482.45614035087715
40,10,11,395.0,95.0,10.5,0.20005860334719316,0.7999413966528068,482.45614035087715
41,10,11,405.0,95.0,10.5,0.20003145410948242,0.7999685458905176,482.45614035087715
42,10,11,415.0,95.0,10.5,0.2000297600719302,0.7999702399280698,482.45614035087715
43,10,11,425.0,95.0,10.5,0.2000299718310113,0.7999700281689888,482.45614035087715
44,10,11,435.0,95.0,10.5,0.2000303787224492,0.7999696212775508,482.45614035087715
45,10,11,445.0,95.0,10.5,0.20003079820374434,0.7999692017962556,482.45614035087715
46,10,11,455.0,95.0,10.5,0.2000312082067014,0.7999687917932986,482.45614035087715
47,10,11,465.0,95.0,10.5,0.20003159713357646,0.7999684028664236,482.45614035087715
48,10,11,475.0,95.0,10.5,0.2000319483305899,0.7999680516694101,482.45614035087715
49,10,11,485.0,95.0,10.5,0.20003223442449175,0.7999677655755082,482.45614035087715
50,10,11,495.0,95.0,10.5,0.20003241396005783,0.7999675860399422,482.45614035087715
1,1,12,5.0,5.0,11.5,0.652838161747975,0.34716183825202496,447.3684210526315
2,1,12,15.0,5.0,11.5,0.6427103602853286,0.3572896397146714,447.3684210526315
3,1,12,25.0,5.0,11.5,0.6311579349516897,0.3688420650483103,447.3684210526315
4,1,12,35.0,5.0,11.5,0.6193611233479578,0.3806388766520422,447.3684210526315
5,1,12,45.0,5.0,11.5,0.607923480299821,0.392076519700179,447.3684210526315
6,1,12,55.0,5.0,11.5,0.5971164883517518,0.4028835116482482,447.3684210526315
7,1,12,65.0,5.0,11.5,0.5870229550502711,0.41297704494972887,447.3684210526315
8,1,12,75.0,5.0,11.5,0.5776337074872087,0.42236629251279134,447.3684210526315
9,1,12,85.0,5.0,11.5,0.5689019245163413,0.43109807548365875,447.3684210526315
10,1,12,95.0,5.0,11.5,0.5607539966669307,0.4392460033330693,447.3684210526315
11,1,12,105.0,5.0,11.5,0.5531171342198355,0.44688286578016445,447.3684210526315
12,1,12,115.0,5.0,11.5,0.5459218916816843,0.45407810831831574,447.3684210526315
13,1,12,125.0,5.0,11.5,0.5390840982629306,0.4609159017370694,447.3684210526315
14,1,12,135.0,5.0,11.5,0.5325054232276605,0.4674945767723395,447.3684210526315
15,1,12,145.0,5.0,11.5,0.5261293384393888,0.4738706615606112,447.3684210526315
16,1,12,155.0,5.0,11.5,0.5199922790685766,0.4800077209314234,447.3684210526315
17,1,12,165.0,5.0,11.5,0.5140608096518994,0.4859391903481006,447.3684210526315
18,1,12,175.0,5.0,11.5,0.508299088020826,0.491700911979174,447.3684210526315
19,1,12,185.0,5.0,11.5,0.5026337914614093,0.4973662085385907,447.3684210526315
20,1,12,195.0,5.0,11.5,0.4970097536366731,0.5029902463633269,447.3684210526315
21,1,12,205.0,5.0,11.5,0.49138871974386933,0.5086112802561307,447.3684210526315
22,1,12,215.0,5.0,11.5,0.48565118771112786,0.5143488122888722,447.3684210526315
23,1,12,225.0,5.0,11.5,0.47963301051049123,0.5203669894895088,447.3684210526315
24,1,12,235.0,5.0,11.5,0.4732202647259777,0.5267797352740222,447.3684210526315
25,1,12,245.0,5.0,11.5,0.4662037466531143,0.5337962533468856,447.3684210526315
26,1,12,255.0,5.0,11.5,0.4581096045618258,0.5418903954381742,447.3684210526315
27,1,12,265.0,5.0,11.5,0.44834590158220977,0.5516540984177902,447.3684210526315
28,1,12,275.0,5.0,11.5,0.4362367660887761,0.563763233911224,447.3684210526315
29,1,12,285.0,5.0,11.5,0.4204221195407772,0.5795778804592229,447.3684210526315
30,1,12,295.0,5.0,11.5,0.3983086852386225,0.6016913147613775,447.3684210526315
31,1,12,305.0,5.0,11.5,0.3669254743775501,0.6330745256224499,447.3684210526315
32,1,12,315.0,5.0,11.5,0.3256027754160758,0.6743972245839243,447.3684210526315
33,1,12,325.0,5.0,11.5,0.27985968412719503,0.720140315872805,447.3684210526315
34,1,12,335.0,5.0,11.5,0.2412924070208426,0.7587075929791574,447.3684210526315
35,1,12,345.0,5.0,11.5,0.21733646306216048,0.7826635369378395,447.3684210526315
36,1,12,355.0,5.0,11.5,0.205819184499885,0.794180815500115,447.3684210526315
37,1,12,365.0,5.0,11.5,0.2015148516262223,0.7984851483737777,447.3684210526315
38,1,12,375.0,5.0,11.5,0.20031702753611869,0.7996829724638813,447.3684210526315
39,1,12,385.0,5.0,11.5,0.20006934740620488,0.7999306525937951,447.3684210526315
40,1,12,395.0,5.0,11.5,0.20003386291051586,0.7999661370894842,447.3684210526315
41,1,12,405.0,5.0,11.5,0.20002976720212426,0.7999702327978757,447.3684210526315
42,1,12,415.0,5.0,11.5,0.20002949006541837,0.7999705099345816,447.3684210526315
43,1,12,425.0,5.0,11.5,0.20002984571898952,0.7999701542810105,447.3684210526315
44,1,12,435.0,5.0,11.5,0.2000302901272757,0.7999697098727243,447.3684210526315
45,1,12,445.0,5.0,11.5,0.20003074308795266,0.7999692569120473,447.3684210526315
46,1,12,455.0,5.0,11.5,0.20003119564288888,0.7999688043571112,447.3684210526315
47,1,12,465.0,5.0,11.5,0.200031639660187,0.799968360339813,447.3684210526315
48,1,12,475.0,5.0,11.5,0.20003206051018996,0.79996793948981,447.3684210526315
49,1,12,485.0,5.0,11.5,0.20003242750101188,0.7999675724989881,447.3684210526315
50,1,12,495.0,5.0,11.5,0.20003268007732727,0.7999673199226727,447.3684210526315
1,2,12,5.0,15.0,11.5,0.7149715942965923,0.2850284057034077,447.3684210526315
2,2,12,15.0,15.0,11.5,0.7021788189335578,0.2978211810664422,447.3684210526315
3,2,12,25.0,15.0,11.5,0.6879594535839113,0.3120405464160887,447.3684210526315
4,2,12,35.0,15.0,11.5,0.6737520763197993,0.3262479236802007,447.3684210526315
5,2,12,45.0,15.0,11.5,0.6602460961999446,0.33975390380005543,447.3684210526315
6,2,12,55.0,15.0,11.5,0.6477087201445678,0.3522912798554322,447.3684210526315
7,2,12,65.0,15.0,11.5,0.6361812635769654,0.36381873642303464,447.3684210526315
8,2,12,75.0,15.0,11.5,0.6256141389343346,0.3743858610656654,447.3684210526315
9,2,12,85.0,15.0,11.5,0.6159090704485256,0.3840909295514744,447.3684210526315
10,2,12,95.0,15.0,11.5,0.6069518980774073,0.39304810192259265,447.3684210526315
11,2,12,105.0,15.0,11.5,0.5986350113557681,0.40136498864423187,447.3684210526315
12,2,12,115.0,15.0,11.5,0.5908662282998346,0.4091337717001654,447.3684210526315
13,2,12,125.0,15.0,11.5,0.5835604113654187,0.4164395886345813,447.3684210526315
14,2,12,135.0,15.0,11.5,0.5766351376627158,0.4233648623372842,447.3684210526315
15,2,12,145.0,15.0,11.5,0.5700196376582237,0.4299803623417763,447.3684210526315
16,2,12,155.0,15.0,11.5,0.5636429140341668,0.4363570859658332,447.3684210526315
17,2,12,165.0,15.0,11.5,0.5575264650568361,0.4424735349431639,447.3684210526315
18,2,12,175.0,15.0,11.5,0.5516443342715214,0.4483556657284786,447.3684210526315
19,2,12,185.0,15.0,11.5,0.5459577722342416,0.4540422277657584,447.3684210526315
20,2,12,195.0,15.0,11.5,0.5404213066548744,0.4595786933451256,447.3684210526315
21,2,12,205.0,15.0,11.5,0.5350031760181402,0.4649968239818598,447.3684210526315
22,2,12,215.0,15.0,11.5,0.5296757187615475,0.4703242812384525,447.3684210526315
23,2,12,225.0,15.0,11.5,0.5243862752403302,0.4756137247596698,447.3684210526315
24,2,12,235.0,15.0,11.5,0.5190762212887018,0.4809237787112982,447.3684210526315
25,2,12,245.0,15.0,11.5,0.5137088352022608,0.48629116479773915,447.3684210526315
26,2,12,255.0,15.0,11.5,0.5082295114033041,0.4917704885966959,447.3684210526315
27,2,12,265.0,15.0,11.5,0.502520260226118,0.49747973977388205,447.3684210526315
28,2,12,275.0,15.0,11.5,0.4964478810379476,0.5035521189620524,447.3684210526315
29,2,12,285.0,15.0,11.5,0.48990725498131565,0.5100927450186843,447.3684210526315
30,2,12,295.0,15.0,11.5,0.4827017552661062,0.5172982447338939,447.3684210526315
31,2,12,305.0,15.0,11.5,0.4744175887528916,0.5255824112471084,447.3684210526315
32,2,12,315.0,15.0,11.5,0.46451586663651345,0.5354841333634865,447.3684210526315
33,2,12,325.0,15.0,11.5,0.4523920769593803,0.5476079230406197,447.3684210526315
34,2,12,335.0,15.0,11.5,0.43689306164665476,0.5631069383533452,447.3684210526315
35,2,12,345.0,15.0,11.5,0.41561546703042007,0.5843845329695799,447.3684210526315
36,2,12,355.0,15.0,11.5,0.38518899884970326,0.6148110011502967,447.3684210526315
37,2,12,365.0,15.0,11.5,0.3434704457766022,0.6565295542233978,447.3684210526315
38,2,12,375.0,15.0,11.5,0.2938519323173117,0.7061480676826883,447.3684210526315
39,2,12,385.0,15.0,11.5,0.24852338526876572,0.7514766147312343,447.3684210526315
40,2,12,395.0,15.0,11.5,0.21925495391941793,0.780745046080582,447.3684210526315
41,2,12,405.0,15.0,11.5,0.20563414970866195,0.794365850291338,447.3684210526315
42,2,12,415.0,15.0,11.5,0.2011081201134571,0.7988918798865429,447.3684210526315
43,2,12,425.0,15.0,11.5,0.20017445980405574,0.7998255401959442,447.3684210526315
44,2,12,435.0,15.0,11.5,0.20004621118349114,0.7999537888165089,447.3684210526315
45,2,12,445.0,15.0,11.5,0.20003247999931476,0.7999675200006853,447.3684210526315
46,2,12,455.0,15.0,11.5,0.20003145997504712,0.7999685400249529,447.3684210526315
47,2,12,465.0,15.0,11.5,0.2000316931363779,0.7999683068636221,447.3684210526315
48,2,12,475.0,15.0,11.5,0.20003210689468193,0.799967893105318,447.3684210526315
49,2,12,485.0,15.0,11.5,0.2000325050638787,0.7999674949361213,447.3684210526315
50,2,12,495.0,15.0,11.5,0.2000328017038859,0.7999671982961141,447.3684210526315
1,3,12,5.0,25.0,11.5,0.7511345894825381,0.24886541051746192,447.3684210526315
2,3,12,15.0,25.0,11.5,0.7365297710426533,0.26347022895734673,447.3684210526315
3,3,12,25.0,25.0,11.5,0.7203053851626596,0.27969461483734037,447.3684210526315
4,3,12,35.0,25.0,11.5,0.7041315929873968,0.2958684070126032,447.3684210526315
5,3,12,45.0,25.0,11.5,0.6888432612338595,0.3111567387661405,447.3684210526315
6,3,12,55.0,25.0,11.5,0.6747487859950019,0.3252512140049981,447.3684210526315
7,3,12,65.0,25.0,11.5,0.6618757289291843,0.33812427107081566,447.3684210526315
8,3,12,75.0,25.0,11.5,0.6501374050726448,0.34986259492735516,447.3684210526315
9,3,12,85.0,25.0,11.5,0.639413368462898,0.360586631537102,447.3684210526315
10,3,12,95.0,25.0,11.5,0.629569306787702,0.37043069321229805,447.3684210526315
11,3,12,105.0,25.0,11.5,0.6204786509128499,0.3795213490871501,447.3684210526315
12,3,12,115.0,25.0,11.5,0.6120237044366565,0.38797629556334345,447.3684210526315
13,3,12,125.0,25.0,11.5,0.6040979477878972,0.39590205221210284,447.3684210526315
14,3,12,135.0,25.0,11.5,0.5966192098992588,0.40338079010074124,447.3684210526315
15,3,12,145.0,25.0,11.5,0.5895209957714921,0.4104790042285079,447.3684210526315
16,3,12,155.0,25.0,11.5,0.5827318774925805,0.4172681225074195,447.3684210526315
17,3,12,165.0,25.0,11.5,0.5761828282811485,0.42381717171885147,447.3684210526315
18,3,12,175.0,25.0,11.5,0.569868450757941,0.430131549242059,447.3684210526315
19,3,12,185.0,25.0,11.5,0.5637860338100318,0.4362139661899682,447.3684210526315
20,3,12,195.0,25.0,11.5,0.5578948530049183,0.44210514699508174,447.3684210526315
21,3,12,205.0,25.0,11.5,0.5521695792489939,0.4478304207510061,447.3684210526315
22,3,12,215.0,25.0,11.5,0.5465828687759636,0.4534171312240364,447.3684210526315
23,3,12,225.0,25.0,11.5,0.5410933595968858,0.45890664040311424,447.3684210526315
24,3,12,235.0,25.0,11.5,0.5356676296970735,0.4643323703029265,447.3684210526315
25,3,12,245.0,25.0,11.5,0.530286192326317,0.469713807673683,447.3684210526315
26,3,12,255.0,25.0,11.5,0.5249068359784983,0.4750931640215017,447.3684210526315
27,3,12,265.0,25.0,11.5,0.5194632063361951,0.48053679366380486,447.3684210526315
28,3,12,275.0,25.0,11.5,0.513909742854717,0.486090257145283,447.3684210526315
29,3,12,285.0,25.0,11.5,0.5082032819767502,0.49179671802324976,447.3684210526315
30,3,12,295.0,25.0,11.5,0.5022313223330176,0.4977686776669824,447.3684210526315
31,3,12,305.0,25.0,11.5,0.4958349734151682,0.5041650265848319,447.3684210526315
32,3,12,315.0,25.0,11.5,0.48888378342793676,0.5111162165720633,447.3684210526315
33,3,12,325.0,25.0,11.5,0.48117753798014834,0.5188224620198516,447.3684210526315
34,3,12,335.0,25.0,11.5,0.47227479112417653,0.5277252088758235,447.3684210526315
35,3,12,345.0,25.0,11.5,0.46155083014705633,0.5384491698529437,447.3684210526315
36,3,12,355.0,25.0,11.5,0.4482619552861729,0.5517380447138271,447.3684210526315
37,3,12,365.0,25.0,11.5,0.4310273701901524,0.5689726298098476,447.3684210526315
38,3,12,375.0,25.0,11.5,0.4071125049343861,0.5928874950656139,447.3684210526315
39,3,12,385.0,25.0,11.5,0.37298854988197644,0.6270114501180235,447.3684210526315
40,3,12,395.0,25.0,11.5,0.3272925144218328,0.6727074855781672,447.3684210526315
41,3,12,405.0,25.0,11.5,0.2763667351202018,0.7236332648797982,447.3684210526315
42,3,12,415.0,25.0,11.5,0.23521822920556856,0.7647817707944314,447.3684210526315
43,3,12,425.0,25.0,11.5,0.21229655072322634,0.7877034492767736,447.3684210526315
44,3,12,435.0,25.0,11.5,0.20299931571382052,0.7970006842861794,447.3684210526315
45,3,12,445.0,25.0,11.5,0.20049853682314087,0.7995014631768591,447.3684210526315
46,3,12,455.0,25.0,11.5,0.20009143813671992,0.7999085618632801,447.3684210526315
47,3,12,465.0,25.0,11.5,0.20003828772715943,0.7999617122728406,447.3684210526315
48,3,12,475.0,25.0,11.5,0.20003308093515132,0.7999669190648486,447.3684210526315
49,3,12,485.0,25.0,11.5,0.20003271288399757,0.7999672871160024,447.3684210526315
50,3,12,495.0,25.0,11.5,0.20003301085843522,0.7999669891415648,447.3684210526315
1,4,12,5.0,35.0,11.5,0.7756881910665696,0.2243118089334304,447.3684210526315
2,4,12,15.0,35.0,11.5,0.7606270385455535,0.23937296145444653,447.3684210526315
3,4,12,25.0,35.0,11.5,0.7431661230189603,0.25683387698103965,447.3684210526315
4,4,12,35.0,35.0,11.5,0.7254674411821997,0.27453255881780025,447.3684210526315
5,4,12,45.0,35.0,11.5,0.7087288468090278,0.2912711531909722,447.3684210526315
6,4,12,55.0,35.0,11.5,0.693460869066162,0.306539130933838,447.3684210526315
7,4,12,65.0,35.0,11.5,0.6796048458087585,0.32039515419124154,447.3684210526315
8,4,12,75.0,35.0,11.5,0.6670018702156592,0.33299812978434085,447.3684210526315
9,4,12,85.0,35.0,11.5,0.6554958010945329,0.34450419890546713,447.3684210526315
10,4,12,95.0,35.0,11.5,0.6449473561639889,0.3550526438360111,447.3684210526315
11,4,12,105.0,35.0,11.5,0.635224676486361,0.36477532351363895,447.3684210526315
12,4,12,115.0,35.0,11.5,0.626205168118746,0.37379483188125395,447.3684210526315
13,4,12,125.0,35.0,11.5,0.61777275918858,0.38222724081142,447.3684210526315
14,4,12,135.0,35.0,11.5,0.6098273982346006,0.39017260176539936,447.3684210526315
15,4,12,145.0,35.0,11.5,0.6022989553099761,0.3977010446900239,447.3684210526315
16,4,12,155.0,35.0,11.5,0.5951280269502809,0.4048719730497191,447.3684210526315
17,4,12,165.0,35.0,11.5,0.5882656980443352,0.41173430195566485,447.3684210526315
18,4,12,175.0,35.0,11.5,0.5816477792826373,0.41835222071736267,447.3684210526315
19,4,12,185.0,35.0,11.5,0.5752537090820369,0.4247462909179631,447.3684210526315
20,4,12,195.0,35.0,11.5,0.5690912303189963,0.43090876968100367,447.3684210526315
21,4,12,205.0,35.0,11.5,0.5631238114186704,0.4368761885813296,447.3684210526315
22,4,12,215.0,35.0,11.5,0.5573222155165094,0.4426777844834906,447.3684210526315
23,4,12,225.0,35.0,11.5,0.5516589014216358,0.44834109857836424,447.3684210526315
24,4,12,235.0,35.0,11.5,0.5461038933877629,0.4538961066122371,447.3684210526315
25,4,12,245.0,35.0,11.5,0.5406252749154686,0.45937472508453137,447.3684210526315
26,4,12,255.0,35.0,11.5,0.5351947091651202,0.46480529083487976,447.3684210526315
27,4,12,265.0,35.0,11.5,0.5297814102926462,0.47021858970735375,447.3684210526315
28,4,12,275.0,35.0,11.5,0.5243409910910596,0.4756590089089404,447.3684210526315
29,4,12,285.0,35.0,11.5,0.5188207759210438,0.4811792240789562,447.3684210526315
30,4,12,295.0,35.0,11.5,0.5131732742784534,0.4868267257215466,447.3684210526315
31,4,12,305.0,35.0,11.5,0.5073309231628019,0.49266907683719807,447.3684210526315
32,4,12,315.0,35.0,11.5,0.5011763516248179,0.4988236483751821,447.3684210526315
33,4,12,325.0,35.0,11.5,0.4945673223451978,0.5054326776548022,447.3684210526315
34,4,12,335.0,35.0,11.5,0.4873533791837282,0.5126466208162719,447.3684210526315
35,4,12,345.0,35.0,11.5,0.4792693032381053,0.5207306967618948,447.3684210526315
36,4,12,355.0,35.0,11.5,0.46983355130483,0.53016644869517,447.3684210526315
37,4,12,365.0,35.0,11.5,0.4584112589554553,0.5415887410445447,447.3684210526315
38,4,12,375.0,35.0,11.5,0.4441331297656473,0.5558668702343528,447.3684210526315
39,4,12,385.0,35.0,11.5,0.42528758521669235,0.5747124147833076,447.3684210526315
40,4,12,395.0,35.0,11.5,0.3988397363058341,0.601160263694166,447.3684210526315
41,4,12,405.0,35.0,11.5,0.36149150354659754,0.6385084964534025,447.3684210526315
42,4,12,415.0,35.0,11.5,0.3132890357044911,0.6867109642955089,447.3684210526315
43,4,12,425.0,35.0,11.5,0.26346387558164747,0.7365361244183526,447.3684210526315
44,4,12,435.0,35.0,11.5,0.22729107844439783,0.7727089215556022,447.3684210526315
45,4,12,445.0,35.0,11.5,0.20895911845504006,0.7910408815449599,447.3684210526315
46,4,12,455.0,35.0,11.5,0.2021099835252142,0.7978900164747857,447.3684210526315
47,4,12,465.0,35.0,11.5,0.20040162878800133,0.7995983712119987,447.3684210526315
48,4,12,475.0,35.0,11.5,0.20009649235699983,0.7999035076430001,447.3684210526315
49,4,12,485.0,35.0,11.5,0.20004422213394082,0.7999557778660592,447.3684210526315
50,4,12,495.0,35.0,11.5,0.20003535229427513,0.7999646477057248,447.3684210526315
1,5,12,5.0,45.0,11.5,0.792617141304116,0.20738285869588402,447.3684210526315
2,5,12,15.0,45.0,11.5,0.7796272724740915,0.22037272752590853,447.3684210526315
3,5,12,25.0,45.0,11.5,0.7621595669818,0.23784043301820001,447.3684210526315
4,5,12,35.0,45.0,11.5,0.7437633164722077,0.2562366835277923,447.3684210526315
5,5,12,45.0,45.0,11.5,0.7263252666013227,0.2736747333986773,447.3684210526315
6,5,12,55.0,45.0,11.5,0.7102558219925029,0.2897441780074971,447.3684210526315
7,5,12,65.0,45.0,11.5,0.695656195951592,0.304343804048408,447.3684210526315
8,5,12,75.0,45.0,11.5,0.6824263211112254,0.31757367888877464,447.3684210526315
9,5,12,85.0,45.0,11.5,0.6703980617469864,0.32960193825301365,447.3684210526315
10,5,12,95.0,45.0,11.5,0.6594136273401637,0.34058637265983627,447.3684210526315
11,5,12,105.0,45.0,11.5,0.6493190835301293,0.35068091646987065,447.3684210526315
12,5,12,115.0,45.0,11.5,0.639979446840221,0.360020553159779,447.3684210526315
13,5,12,125.0,45.0,11.5,0.6312693777058078,0.3687306222941922,447.3684210526315
14,5,12,135.0,45.0,11.5,0.6230791397989583,0.37692086020104165,447.3684210526315
15,5,12,145.0,45.0,11.5,0.6153222117385655,0.3846777882614345,447.3684210526315
16,5,12,155.0,45.0,11.5,0.6079383056082378,0.3920616943917622,447.3684210526315
17,5,12,165.0,45.0,11.5,0.6008668510050766,0.39913314899492336,447.3684210526315
18,5,12,175.0,45.0,11.5,0.5940619352468616,0.40593806475313843,447.3684210526315
19,5,12,185.0,45.0,11.5,0.5874684903640568,0.4125315096359432,447.3684210526315
20,5,12,195.0,45.0,11.5,0.5810977567504455,0.4189022432495545,447.3684210526315
21,5,12,205.0,45.0,11.5,0.5749383801010588,0.4250616198989412,447.3684210526315
22,5,12,215.0,45.0,11.5,0.5689571336276075,0.43104286637239253,447.3684210526315
23,5,12,225.0,45.0,11.5,0.5631243598750266,0.4368756401249734,447.3684210526315
24,5,12,235.0,45.0,11.5,0.557418589091305,0.44258141090869496,447.3684210526315
25,5,12,245.0,45.0,11.5,0.5518147251244846,0.4481852748755154,447.3684210526315
26,5,12,255.0,45.0,11.5,0.5462803682311387,0.4537196317688613,447.3684210526315
27,5,12,265.0,45.0,11.5,0.5407868462822032,0.4592131537177968,447.3684210526315
28,5,12,275.0,45.0,11.5,0.535310858170862,0.464689141829138,447.3684210526315
29,5,12,285.0,45.0,11.5,0.5298132732924814,0.4701867267075186,447.3684210526315
30,5,12,295.0,45.0,11.5,0.5242385594962942,0.47576144050370583,447.3684210526315
31,5,12,305.0,45.0,11.5,0.5185390827874194,0.48146091721258055,447.3684210526315
32,5,12,315.0,45.0,11.5,0.5126645489771169,0.4873354510228831,447.3684210526315
33,5,12,325.0,45.0,11.5,0.5065115297445546,0.4934884702554454,447.3684210526315
34,5,12,335.0,45.0,11.5,0.49993142210066754,0.5000685778993325,447.3684210526315
35,5,12,345.0,45.0,11.5,0.492782109293083,0.5072178907069169,447.3684210526315
36,5,12,355.0,45.0,11.5,0.48484614875756393,0.5151538512424361,447.3684210526315
37,5,12,365.0,45.0,11.5,0.47569010475553397,0.524309895244466,447.3684210526315
38,5,12,375.0,45.0,11.5,0.4646850729650128,0.5353149270349872,447.3684210526315
39,5,12,385.0,45.0,11.5,0.45101424039016696,0.5489857596098331,447.3684210526315
40,5,12,395.0,45.0,11.5,0.4331772033284075,0.5668227966715925,447.3684210526315
41,5,12,405.0,45.0,11.5,0.40831776989474805,0.591682230105252,447.3684210526315
42,5,12,415.0,45.0,11.5,0.3727472133675411,0.6272527866324589,447.3684210526315
43,5,12,425.0,45.0,11.5,0.32501408068399656,0.6749859193160035,447.3684210526315
44,5,12,435.0,45.0,11.5,0.27229733330813183,0.7277026666918682,447.3684210526315
45,5,12,445.0,45.0,11.5,0.23133596176894028,0.7686640382310597,447.3684210526315
46,5,12,455.0,45.0,11.5,0.21031398469197046,0.7896860153080295,447.3684210526315
47,5,12,465.0,45.0,11.5,0.20268339291249962,0.7973166070875004,447.3684210526315
48,5,12,475.0,45.0,11.5,0.20066929538372316,0.7993307046162769,447.3684210526315
49,5,12,485.0,45.0,11.5,0.2002155612668602,0.7997844387331399,447.3684210526315
50,5,12,495.0,45.0,11.5,0.2000820852937407,0.7999179147062593,447.3684210526315
1,6,12,5.0,55.0,11.5,0.7767613168960981,0.22323868310390194,447.3684210526315
2,6,12,15.0,55.0,11.5,0.7625055545078321,0.23749444549216792,447.3684210526315
3,6,12,25.0,55.0,11.5,0.7458980309197888,0.2541019690802112,447.3684210526315
4,6,12,35.0,55.0,11.5,0.7289328076854739,0.27106719231452614,447.3684210526315
5,6,12,45.0,55.0,11.5,0.7127277102995236,0.28727228970047636,447.3684210526315
6,6,12,55.0,55.0,11.5,0.6977145816025475,0.3022854183974525,447.3684210526315
7,6,12,65.0,55.0,11.5,0.6839580539144012,0.31604194608559877,447.3684210526315
8,6,12,75.0,55.0,11.5,0.6713794987405473,0.32862050125945275,447.3684210526315
9,6,12,85.0,55.0,11.5,0.6598639406116944,0.3401360593883056,447.3684210526315
10,6,12,95.0,55.0,11.5,0.6492853231400544,0.3507146768599456,447.3684210526315
11,6,12,105.0,55.0,11.5,0.6395222436167511,0.36047775638324886,447.3684210526315
12,6,12,115.0,55.0,11.5,0.6304565271087375,0.36954347289126255,447.3684210526315
13,6,12,125.0,55.0,11.5,0.6219745334421642,0.37802546655783575,447.3684210526315
14,6,12,135.0,55.0,11.5,0.6139755948149149,0.3860244051850851,447.3684210526315
15,6,12,145.0,55.0,11.5,0.606385808649498,0.393614191350502,447.3684210526315
16,6,12,155.0,55.0,11.5,0.5991532557886368,0.40084674421136324,447.3684210526315
17,6,12,165.0,55.0,11.5,0.5922233303368354,0.4077766696631646,447.3684210526315
18,6,12,175.0,55.0,11.5,0.5855404378243095,0.41445956217569047,447.3684210526315
19,6,12,185.0,55.0,11.5,0.5790632157218509,0.42093678427814907,447.3684210526315
20,6,12,195.0,55.0,11.5,0.5728102978048918,0.4271897021951082,447.3684210526315
21,6,12,205.0,55.0,11.5,0.5667556625235596,0.4332443374764404,447.3684210526315
22,6,12,215.0,55.0,11.5,0.5608667253366166,0.43913327466338337,447.3684210526315
23,6,12,225.0,55.0,11.5,0.5551187323480506,0.44488126765194935,447.3684210526315
24,6,12,235.0,55.0,11.5,0.549486611833819,0.45051338816618103,447.3684210526315
25,6,12,245.0,55.0,11.5,0.5439364581171572,0.4560635418828428,447.3684210526315
26,6,12,255.0,55.0,11.5,0.538436874557507,0.461563125442493,447.3684210526315
27,6,12,265.0,55.0,11.5,0.5329648461003489,0.4670351538996511,447.3684210526315
28,6,12,275.0,55.0,11.5,0.5274840518931547,0.4725159481068453,447.3684210526315
29,6,12,285.0,55.0,11.5,0.5219367219369078,0.47806327806309223,447.3684210526315
30,6,12,295.0,55.0,11.5,0.5162714904749167,0.4837285095250833,447.3684210526315
31,6,12,305.0,55.0,11.5,0.5104405211378091,0.48955947886219087,447.3684210526315
32,6,12,315.0,55.0,11.5,0.5043447927478621,0.49565520725213785,447.3684210526315
33,6,12,325.0,55.0,11.5,0.4978319971600859,0.502168002839914,447.3684210526315
34,6,12,335.0,55.0,11.5,0.4907557638727948,0.5092442361272052,447.3684210526315
35,6,12,345.0,55.0,11.5,0.48291503739170044,0.5170849626082996,447.3684210526315
36,6,12,355.0,55.0,11.5,0.47389766674883754,0.5261023332511625,447.3684210526315
37,6,12,365.0,55.0,11.5,0.4630650718944338,0.5369349281055662,447.3684210526315
38,6,12,375.0,55.0,11.5,0.4495841567808583,0.5504158432191417,447.3684210526315
39,6,12,385.0,55.0,11.5,0.431935933808663,0.568064066191337,447.3684210526315
40,6,12,395.0,55.0,11.5,0.40728275790641955,0.5927172420935805,447.3684210526315
41,6,12,405.0,55.0,11.5,0.37181737922709013,0.6281826207729099,447.3684210526315
42,6,12,415.0,55.0,11.5,0.32383449619348115,0.6761655038065189,447.3684210526315
43,6,12,425.0,55.0,11.5,0.2708277246097797,0.7291722753902203,447.3684210526315
44,6,12,435.0,55.0,11.5,0.22995711553992665,0.7700428844600733,447.3684210526315
45,6,12,445.0,55.0,11.5,0.20911337739926278,0.7908866226007372,447.3684210526315
46,6,12,455.0,55.0,11.5,0.20188167354651404,0.7981183264534859,447.3684210526315
47,6,12,465.0,55.0,11.5,0.20030042639019707,0.7996995736098029,447.3684210526315
48,6,12,475.0,55.0,11.5,0.2000678801692095,0.7999321198307905,447.3684210526315
49,6,12,485.0,55.0,11.5,0.2000381622344114,0.7999618377655886,447.3684210526315
50,6,12,495.0,55.0,11.5,0.20003400392410442,0.7999659960758956,447.3684210526315
1,7,12,5.0,65.0,11.5,0.7547602770591378,0.24523972294086216,447.3684210526315
2,7,12,15.0,65.0,11.5,0.7411144909224942,0.25888550907750585,447.3684210526315
3,7,12,25.0,65.0,11.5,0.7257570316094298,0.27424296839057016,447.3684210526315
4,7,12,35.0,65.0,11.5,0.7102154676810852,0.28978453231891477,447.3684210526315
5,7,12,45.0,65.0,11.5,0.6953310968105413,0.3046689031894587,447.3684210526315
6,7,12,55.0,65.0,11.5,0.6814562798249268,0.31854372017507315,447.3684210526315
7,7,12,65.0,65.0,11.5,0.6686729194076203,0.3313270805923797,447.3684210526315
8,7,12,75.0,65.0,11.5,0.6569350568850421,0.34306494311495794,447.3684210526315
9,7,12,85.0,65.0,11.5,0.6461547611205464,0.3538452388794536,447.3684210526315
10,7,12,95.0,65.0,11.5,0.636223275707142,0.363776724292858,447.3684210526315
11,7,12,105.0,65.0,11.5,0.6270265926257169,0.3729734073742831,447.3684210526315
12,7,12,115.0,65.0,11.5,0.618452164650406,0.381547835349594,447.3684210526315
13,7,12,125.0,65.0,11.5,0.6103990918319953,0.38960090816800474,447.3684210526315
14,7,12,135.0,65.0,11.5,0.6027899326437131,0.39721006735628694,447.3684210526315
15,7,12,145.0,65.0,11.5,0.595555162555287,0.40444483744471305,447.3684210526315
16,7,12,155.0,65.0,11.5,0.5886413824602628,0.41135861753973724,447.3684210526315
17,7,12,165.0,65.0,11.5,0.5819844652643521,0.4180155347356479,447.3684210526315
18,7,12,175.0,65.0,11.5,0.5755388837819821,0.42446111621801785,447.3684210526315
19,7,12,185.0,65.0,11.5,0.5693251388878605,0.4306748611121395,447.3684210526315
20,7,12,195.0,65.0,11.5,0.563314485857968,0.43668551414203205,447.3684210526315
21,7,12,205.0,65.0,11.5,0.5574749286791241,0.44252507132087593,447.3684210526315
22,7,12,215.0,65.0,11.5,0.5517787945665978,0.44822120543340216,447.3684210526315
23,7,12,225.0,65.0,11.5,0.5461982694332997,0.45380173056670026,447.3684210526315
24,7,12,235.0,65.0,11.5,0.5407005842837022,0.45929941571629784,447.3684210526315
25,7,12,245.0,65.0,11.5,0.5352543594373873,0.4647456405626127,447.3684210526315
26,7,12,255.0,65.0,11.5,0.5298298767135589,0.47017012328644114,447.3684210526315
27,7,12,265.0,65.0,11.5,0.5243857122233307,0.47561428777666925,447.3684210526315
28,7,12,275.0,65.0,11.5,0.518866357030889,0.481133642969111,447.3684210526315
29,7,12,285.0,65.0,11.5,0.5132202509483553,0.4867797490516447,447.3684210526315
30,7,12,295.0,65.0,11.5,0.5073823300168364,0.4926176699831636,447.3684210526315
31,7,12,305.0,65.0,11.5,0.5012370639109958,0.49876293608900424,447.3684210526315
32,7,12,315.0,65.0,11.5,0.4946350082003975,0.5053649917996025,447.3684210526315
33,7,12,325.0,65.0,11.5,0.48741629128323655,0.5125837087167635,447.3684210526315
34,7,12,335.0,65.0,11.5,0.47931033682333285,0.5206896631766671,447.3684210526315
35,7,12,345.0,65.0,11.5,0.4698174090152264,0.5301825909847736,447.3684210526315
36,7,12,355.0,65.0,11.5,0.45825472881239776,0.5417452711876023,447.3684210526315
37,7,12,365.0,65.0,11.5,0.44365779012656575,0.5563422098734343,447.3684210526315
38,7,12,375.0,65.0,11.5,0.4241303868185463,0.5758696131814537,447.3684210526315
39,7,12,385.0,65.0,11.5,0.3963265308723257,0.6036734691276743,447.3684210526315
40,7,12,395.0,65.0,11.5,0.3565036768872224,0.6434963231127776,447.3684210526315
41,7,12,405.0,65.0,11.5,0.30498153857247495,0.695018461427525,447.3684210526315
42,7,12,415.0,65.0,11.5,0.2541305897375236,0.7458694102624763,447.3684210526315
43,7,12,425.0,65.0,11.5,0.22043865068248367,0.7795613493175163,447.3684210526315
44,7,12,435.0,65.0,11.5,0.2053596334989568,0.7946403665010432,447.3684210526315
45,7,12,445.0,65.0,11.5,0.20086774146560638,0.7991322585343936,447.3684210526315
46,7,12,455.0,65.0,11.5,0.20011743159047599,0.799882568409524,447.3684210526315
47,7,12,465.0,65.0,11.5,0.2000385135540618,0.7999614864459382,447.3684210526315
48,7,12,475.0,65.0,11.5,0.20003278122063956,0.7999672187793605,447.3684210526315
49,7,12,485.0,65.0,11.5,0.20003250310800524,0.7999674968919948,447.3684210526315
50,7,12,495.0,65.0,11.5,0.20003279067043964,0.7999672093295603,447.3684210526315
1,8,12,5.0,75.0,11.5,0.7250273721284352,0.27497262787156485,447.3684210526315
2,8,12,15.0,75.0,11.5,0.7130399765952876,0.2869600234047124,447.3684210526315
3,8,12,25.0,75.0,11.5,0.6994791605076376,0.3005208394923624,447.3684210526315
4,8,12,35.0,75.0,11.5,0.6857052309727185,0.3142947690272815,447.3684210526315
5,8,12,45.0,75.0,11.5,0.6724369171340778,0.3275630828659222,447.3684210526315
6,8,12,55.0,75.0,11.5,0.6599872300877943,0.34001276991220575,447.3684210526315
7,8,12,65.0,75.0,11.5,0.6484538240299462,0.3515461759700538,447.3684210526315
8,8,12,75.0,75.0,11.5,0.6378119525646169,0.36218804743538313,447.3684210526315
9,8,12,85.0,75.0,11.5,0.6279904920042283,0.3720095079957717,447.3684210526315
10,8,12,95.0,75.0,11.5,0.6188936252971851,0.38110637470281494,447.3684210526315
11,8,12,105.0,75.0,11.5,0.6104201021054043,0.3895798978945957,447.3684210526315
12,8,12,115.0,75.0,11.5,0.602478465942451,0.397521534057549,447.3684210526315
13,8,12,125.0,75.0,11.5,0.5949883758915294,0.4050116241084706,447.3684210526315
14,8,12,135.0,75.0,11.5,0.5878838858741539,0.41211611412584614,447.3684210526315
15,8,12,145.0,75.0,11.5,0.5810900011929029,0.4189099988070971,447.3684210526315
16,8,12,155.0,75.0,11.5,0.5745415501482949,0.4254584498517051,447.3684210526315
17,8,12,165.0,75.0,11.5,0.5682298232242828,0.43177017677571716,447.3684210526315
18,8,12,175.0,75.0,11.5,0.5621499251804112,0.4378500748195888,447.3684210526315
19,8,12,185.0,75.0,11.5,0.556264918939125,0.443735081060875,447.3684210526315
20,8,12,195.0,75.0,11.5,0.5505494252867835,0.4494505747132165,447.3684210526315
21,8,12,205.0,75.0,11.5,0.5449696385725489,0.4550303614274511,447.3684210526315
22,8,12,215.0,75.0,11.5,0.5394821637585614,0.4605178362414386,447.3684210526315
23,8,12,225.0,75.0,11.5,0.534060302263694,0.46593969773630595,447.3684210526315
24,8,12,235.0,75.0,11.5,0.5286818668596172,0.47131813314038284,447.3684210526315
25,8,12,245.0,75.0,11.5,0.5232900777365498,0.4767099222634502,447.3684210526315
26,8,12,255.0,75.0,11.5,0.5178203284126847,0.48217967158731534,447.3684210526315
27,8,12,265.0,75.0,11.5,0.5122403674780347,0.4877596325219653,447.3684210526315
28,8,12,275.0,75.0,11.5,0.5064892443002492,0.4935107556997508,447.3684210526315
29,8,12,285.0,75.0,11.5,0.500421486001756,0.49957851399824404,447.3684210526315
30,8,12,295.0,75.0,11.5,0.4938869320825394,0.5061130679174606,447.3684210526315
31,8,12,305.0,75.0,11.5,0.48676498916815497,0.5132350108318451,447.3684210526315
32,8,12,315.0,75.0,11.5,0.47878037488362646,0.5212196251163735,447.3684210526315
33,8,12,325.0,75.0,11.5,0.4693842878362679,0.530615712163732,447.3684210526315
34,8,12,335.0,75.0,11.5,0.4579169941608834,0.5420830058391166,447.3684210526315
35,8,12,345.0,75.0,11.5,0.44350843489176905,0.556491565108231,447.3684210526315
36,8,12,355.0,75.0,11.5,0.4242582973681038,0.5757417026318963,447.3684210526315
37,8,12,365.0,75.0,11.5,0.3966761037004782,0.6033238962995218,447.3684210526315
38,8,12,375.0,75.0,11.5,0.3571010675117458,0.6428989324882541,447.3684210526315
39,8,12,385.0,75.0,11.5,0.30617533530785684,0.6938246646921431,447.3684210526315
40,8,12,395.0,75.0,11.5,0.25546162858000976,0.7445383714199902,447.3684210526315
41,8,12,405.0,75.0,11.5,0.22156468788552472,0.7784353121144753,447.3684210526315
42,8,12,415.0,75.0,11.5,0.20600498481154958,0.7939950151884504,447.3684210526315
43,8,12,425.0,75.0,11.5,0.20104385096460003,0.7989561490354,447.3684210526315
44,8,12,435.0,75.0,11.5,0.20014422429234915,0.7998557757076509,447.3684210526315
45,8,12,445.0,75.0,11.5,0.2000406443503029,0.7999593556496971,447.3684210526315
46,8,12,455.0,75.0,11.5,0.20003205569301,0.79996794430699,447.3684210526315
47,8,12,465.0,75.0,11.5,0.20003159199738893,0.799968408002611,447.3684210526315
48,8,12,475.0,75.0,11.5,0.20003191921272534,0.7999680807872747,447.3684210526315
49,8,12,485.0,75.0,11.5,0.20003226764062768,0.7999677323593724,447.3684210526315
50,8,12,495.0,75.0,11.5,0.2000325187720434,0.7999674812279566,447.3684210526315
1,9,12,5.0,85.0,11.5,0.6842566275529786,0.31574337244702144,447.3684210526315
2,9,12,15.0,85.0,11.5,0.674464344062468,0.325535655937532,447.3684210526315
3,9,12,25.0,85.0,11.5,0.6631567515706841,0.3368432484293159,447.3684210526315
4,9,12,35.0,85.0,11.5,0.6515042551504839,0.34849574484951606,447.3684210526315
5,9,12,45.0,85.0,11.5,0.6401457488110902,0.3598542511889098,447.3684210526315
6,9,12,55.0,85.0,11.5,0.6293825726131326,0.3706174273868674,447.3684210526315
7,9,12,65.0,85.0,11.5,0.6193210969890842,0.3806789030109158,447.3684210526315
8,9,12,75.0,85.0,11.5,0.6099618623537942,0.39003813764620576,447.3684210526315
9,9,12,85.0,85.0,11.5,0.6012524200059464,0.39874757999405364,447.3684210526315
10,9,12,95.0,85.0,11.5,0.5931239573048875,0.40687604269511246,447.3684210526315
11,9,12,105.0,85.0,11.5,0.585502420487475,0.41449757951252497,447.3684210526315
12,9,12,115.0,85.0,11.5,0.5783153642276376,0.42168463577236237,447.3684210526315
13,9,12,125.0,85.0,11.5,0.571486443825785,0.42851355617421505,447.3684210526315
14,9,12,135.0,85.0,11.5,0.5649364296827101,0.4350635703172899,447.3684210526315
15,9,12,145.0,85.0,11.5,0.5586293993103003,0.4413706006896997,447.3684210526315
16,9,12,155.0,85.0,11.5,0.5525818202687207,0.4474181797312793,447.3684210526315
17,9,12,165.0,85.0,11.5,0.5467579060586577,0.4532420939413423,447.3684210526315
18,9,12,175.0,85.0,11.5,0.54111840011187,0.45888159988813004,447.3684210526315
19,9,12,185.0,85.0,11.5,0.5356183409240944,0.46438165907590556,447.3684210526315
20,9,12,195.0,85.0,11.5,0.5302225645403199,0.4697774354596801,447.3684210526315
21,9,12,205.0,85.0,11.5,0.5248961942061968,0.4751038057938032,447.3684210526315
22,9,12,215.0,85.0,11.5,0.5195811438361579,0.48041885616384206,447.3684210526315
23,9,12,225.0,85.0,11.5,0.5142161464449121,0.4857838535550879,447.3684210526315
24,9,12,235.0,85.0,11.5,0.5087549935022609,0.49124500649773906,447.3684210526315
25,9,12,245.0,85.0,11.5,0.503114683090823,0.49688531690917703,447.3684210526315
26,9,12,255.0,85.0,11.5,0.4971514072052874,0.5028485927947126,447.3684210526315
27,9,12,265.0,85.0,11.5,0.4907271757668765,0.5092728242331235,447.3684210526315
28,9,12,275.0,85.0,11.5,0.4836851955769028,0.5163148044230972,447.3684210526315
29,9,12,285.0,85.0,11.5,0.47568848873836894,0.524311511261631,447.3684210526315
30,9,12,295.0,85.0,11.5,0.4661902228027054,0.5338097771972946,447.3684210526315
31,9,12,305.0,85.0,11.5,0.45455985495545115,0.5454401450445489,447.3684210526315
32,9,12,315.0,85.0,11.5,0.43980221248325413,0.5601977875167459,447.3684210526315
33,9,12,325.0,85.0,11.5,0.4197970403867463,0.5802029596132536,447.3684210526315
34,9,12,335.0,85.0,11.5,0.39117148604720736,0.6088285139527927,447.3684210526315
35,9,12,345.0,85.0,11.5,0.35110320861766203,0.648896791382338,447.3684210526315
36,9,12,355.0,85.0,11.5,0.30147843457146434,0.6985215654285357,447.3684210526315
37,9,12,365.0,85.0,11.5,0.2535682917120314,0.7464317082879686,447.3684210526315
38,9,12,375.0,85.0,11.5,0.22115239523826088,0.7788476047617391,447.3684210526315
39,9,12,385.0,85.0,11.5,0.205939572635583,0.794060427364417,447.3684210526315
40,9,12,395.0,85.0,11.5,0.20108605265693455,0.7989139473430654,447.3684210526315
41,9,12,405.0,85.0,11.5,0.20015593869551782,0.7998440613044822,447.3684210526315
42,9,12,415.0,85.0,11.5,0.20004233888729334,0.7999576611127066,447.3684210526315
43,9,12,425.0,85.0,11.5,0.20003110543961466,0.7999688945603853,447.3684210526315
44,9,12,435.0,85.0,11.5,0.20003036760280726,0.7999696323971928,447.3684210526315
45,9,12,445.0,85.0,11.5,0.20003065115248728,0.7999693488475127,447.3684210526315
46,9,12,455.0,85.0,11.5,0.20003105365687995,0.7999689463431201,447.3684210526315
47,9,12,465.0,85.0,11.5,0.20003145216376242,0.7999685478362376,447.3684210526315
48,9,12,475.0,85.0,11.5,0.20003181899747313,0.7999681810025269,447.3684210526315
49,9,12,485.0,85.0,11.5,0.20003212540111046,0.7999678745988895,447.3684210526315
50,9,12,495.0,85.0,11.5,0.2000323251171415,0.7999676748828585,447.3684210526315
1,10,12,5.0,95.0,11.5,0.6158834111718071,0.3841165888281929,447.3684210526315
2,10,12,15.0,95.0,11.5,0.6084574186317344,0.3915425813682656,447.3684210526315
3,10,12,25.0,95.0,11.5,0.5995836500418167,0.4004163499581833,447.3684210526315
4,10,12,35.0,95.0,11.5,0.5901789994342868,0.40982100056571324,447.3684210526315
5,10,12,45.0,95.0,11.5,0.5807853809776037,0.4192146190223963,447.3684210526315
6,10,12,55.0,95.0,11.5,0.5716890291291363,0.42831097087086367,447.3684210526315
7,10,12,65.0,95.0,11.5,0.5630213798142027,0.43697862018579725,447.3684210526315
8,10,12,75.0,95.0,11.5,0.5548208382308891,0.4451791617691109,447.3684210526315
9,10,12,85.0,95.0,11.5,0.547075454350499,0.452924545649501,447.3684210526315
10,10,12,95.0,95.0,11.5,0.5397485335642552,0.46025146643574477,447.3684210526315
11,10,12,105.0,95.0,11.5,0.5327842546843168,0.4672157453156832,447.3684210526315
12,10,12,115.0,95.0,11.5,0.5261046515271085,0.4738953484728915,447.3684210526315
13,10,12,125.0,95.0,11.5,0.519593440083903,0.48040655991609704,447.3684210526315
14,10,12,135.0,95.0,11.5,0.5132895055026793,0.48671049449732073,447.3684210526315
15,10,12,145.0,95.0,11.5,0.5072020869688633,0.49279791303113674,447.3684210526315
16,10,12,155.0,95.0,11.5,0.5012855011066033,0.4987144988933967,447.3684210526315
17,10,12,165.0,95.0,11.5,0.49546645200714895,0.504533547992851,447.3684210526315
18,10,12,175.0,95.0,11.5,0.48969812753690184,0.5103018724630981,447.3684210526315
19,10,12,185.0,95.0,11.5,0.4839154982414973,0.5160845017585027,447.3684210526315
20,10,12,195.0,95.0,11.5,0.47796480141203784,0.5220351985879621,447.3684210526315
21,10,12,205.0,95.0,11.5,0.471693460363156,0.528306539636844,447.3684210526315
22,10,12,215.0,95.0,11.5,0.4649574919879116,0.5350425080120884,447.3684210526315
23,10,12,225.0,95.0,11.5,0.45740509489027664,0.5425949051097234,447.3684210526315
24,10,12,235.0,95.0,11.5,0.44845244983793875,0.5515475501620613,447.3684210526315
25,10,12,245.0,95.0,11.5,0.4374613111323922,0.5625386888676078,447.3684210526315
26,10,12,255.0,95.0,11.5,0.42342806773687186,0.5765719322631282,447.3684210526315
27,10,12,265.0,95.0,11.5,0.4042630814944634,0.5957369185055366,447.3684210526315
28,10,12,275.0,95.0,11.5,0.37698169829631933,0.6230183017036807,447.3684210526315
29,10,12,285.0,95.0,11.5,0.339769001817457,0.6602309981825429,447.3684210526315
30,10,12,295.0,95.0,11.5,0.2955176915670609,0.704482308432939,447.3684210526315
31,10,12,305.0,95.0,11.5,0.2539701124405825,0.7460298875594176,447.3684210526315
32,10,12,315.0,95.0,11.5,0.2249961590150568,0.7750038409849432,447.3684210526315
33,10,12,325.0,95.0,11.5,0.2096451098686308,0.7903548901313692,447.3684210526315
34,10,12,335.0,95.0,11.5,0.2032148211880725,0.7967851788119276,447.3684210526315
35,10,12,345.0,95.0,11.5,0.2009357716841903,0.7990642283158097,447.3684210526315
36,10,12,355.0,95.0,11.5,0.20018560988899656,0.7998143901110034,447.3684210526315
37,10,12,365.0,95.0,11.5,0.20003701025431142,0.7999629897456886,447.3684210526315
38,10,12,375.0,95.0,11.5,0.2000288223444332,0.7999711776555668,447.3684210526315
39,10,12,385.0,95.0,11.5,0.20002822045474242,0.7999717795452576,447.3684210526315
40,10,12,395.0,95.0,11.5,0.20002849580753557,0.7999715041924644,447.3684210526315
41,10,12,405.0,95.0,11.5,0.20002891512088458,0.7999710848791154,447.3684210526315
42,10,12,415.0,95.0,11.5,0.2000293440964379,0.7999706559035621,447.3684210526315
43,10,12,425.0,95.0,11.5,0.20002977358895324,0.7999702264110468,447.3684210526315
44,10,12,435.0,95.0,11.5,0.20003020045186146,0.7999697995481385,447.3684210526315
45,10,12,445.0,95.0,11.5,0.20003062118839746,0.7999693788116026,447.3684210526315
46,10,12,455.0,95.0,11.5,0.20003102998407368,0.7999689700159263,447.3684210526315
47,10,12,465.0,95.0,11.5,0.20003141678945663,0.7999685832105434,447.3684210526315
48,10,12,475.0,95.0,11.5,0.20003176487276303,0.799968235127237,447.3684210526315
49,10,12,485.0,95.0,11.5,0.20003204686932308,0.7999679531306769,447.3684210526315
50,10,12,495.0,95.0,11.5,0.200032222239759,0.799967777760241,447.3684210526315
1,1,13,5.0,5.0,12.5,0.6438004607380027,0.3561995392619973,412.2807017543859
2,1,13,15.0,5.0,12.5,0.6330814271780197,0.36691857282198026,412.2807017543859
3,1,13,25.0,5.0,12.5,0.6208865868024468,0.3791134131975532,412.2807017543859
4,1,13,35.0,5.0,12.5,0.6084677348914508,0.3915322651085492,412.2807017543859
5,1,13,45.0,5.0,12.5,0.5964666532672056,0.4035333467327944,412.2807017543859
6,1,13,55.0,5.0,12.5,0.5851699110250702,0.4148300889749298,412.2807017543859
7,1,13,65.0,5.0,12.5,0.5746494802004551,0.42535051979954486,412.2807017543859
8,1,13,75.0,5.0,12.5,0.5648821456854566,0.4351178543145434,412.2807017543859
9,1,13,85.0,5.0,12.5,0.5558138244082326,0.44418617559176743,412.2807017543859
10,1,13,95.0,5.0,12.5,0.5473515189746766,0.4526484810253234,412.2807017543859
11,1,13,105.0,5.0,12.5,0.539401147738402,0.460598852261598,412.2807017543859
12,1,13,115.0,5.0,12.5,0.531872647115176,0.468127352884824,412.2807017543859
13,1,13,125.0,5.0,12.5,0.5245985979401036,0.47540140205989645,412.2807017543859
14,1,13,135.0,5.0,12.5,0.517516636620621,0.482483363379379,412.2807017543859
15,1,13,145.0,5.0,12.5,0.5106945905171214,0.4893054094828786,412.2807017543859
16,1,13,155.0,5.0,12.5,0.5040411518669632,0.4959588481330368,412.2807017543859
17,1,13,165.0,5.0,12.5,0.497496046419289,0.502503953580711,412.2807017543859
18,1,13,175.0,5.0,12.5,0.490984321734089,0.509015678265911,412.2807017543859
19,1,13,185.0,5.0,12.5,0.4843265368261796,0.5156734631738205,412.2807017543859
20,1,13,195.0,5.0,12.5,0.4773592903915071,0.5226407096084928,412.2807017543859
21,1,13,205.0,5.0,12.5,0.46992308972205404,0.5300769102779459,412.2807017543859
22,1,13,215.0,5.0,12.5,0.46160063972449883,0.5383993602755012,412.2807017543859
23,1,13,225.0,5.0,12.5,0.45174586961730523,0.5482541303826948,412.2807017543859
24,1,13,235.0,5.0,12.5,0.4396722435889666,0.5603277564110334,412.2807017543859
25,1,13,245.0,5.0,12.5,0.42415111381251347,0.5758488861874865,412.2807017543859
26,1,13,255.0,5.0,12.5,0.4026214467536281,0.5973785532463719,412.2807017543859
27,1,13,265.0,5.0,12.5,0.3717846461815329,0.6282153538184672,412.2807017543859
28,1,13,275.0,5.0,12.5,0.3303863138373618,0.6696136861626383,412.2807017543859
29,1,13,285.0,5.0,12.5,0.28350715909668417,0.7164928409033158,412.2807017543859
30,1,13,295.0,5.0,12.5,0.2432394758563324,0.7567605241436676,412.2807017543859
31,1,13,305.0,5.0,12.5,0.21807329581867757,0.7819267041813225,412.2807017543859
32,1,13,315.0,5.0,12.5,0.2060492189422499,0.7939507810577501,412.2807017543859
33,1,13,325.0,5.0,12.5,0.20158195673771875,0.7984180432622813,412.2807017543859
34,1,13,335.0,5.0,12.5,0.20032795565599998,0.799672044344,412.2807017543859
35,1,13,345.0,5.0,12.5,0.20006687206693677,0.7999331279330633,412.2807017543859
36,1,13,355.0,5.0,12.5,0.20003190382090022,0.7999680961790998,412.2807017543859
37,1,13,365.0,5.0,12.5,0.20002794240413327,0.7999720575958668,412.2807017543859
38,1,13,375.0,5.0,12.5,0.2000276117911283,0.7999723882088717,412.2807017543859
39,1,13,385.0,5.0,12.5,0.2000279193718055,0.7999720806281945,412.2807017543859
40,1,13,395.0,5.0,12.5,0.2000283370997387,0.7999716629002613,412.2807017543859
41,1,13,405.0,5.0,12.5,0.20002877367483435,0.7999712263251657,412.2807017543859
42,1,13,415.0,5.0,12.5,0.20002921695910286,0.7999707830408971,412.2807017543859
43,1,13,425.0,5.0,12.5,0.2000296646549729,0.7999703353450272,412.2807017543859
44,1,13,435.0,5.0,12.5,0.20003011583043362,0.7999698841695664,412.2807017543859
45,1,13,445.0,5.0,12.5,0.20003056920667434,0.7999694307933256,412.2807017543859
46,1,13,455.0,5.0,12.5,0.2000310211589729,0.7999689788410271,412.2807017543859
47,1,13,465.0,5.0,12.5,0.20003146383482867,0.7999685361651714,412.2807017543859
48,1,13,475.0,5.0,12.5,0.2000318818927428,0.7999681181072572,412.2807017543859
49,1,13,485.0,5.0,12.5,0.20003224399229666,0.7999677560077033,412.2807017543859
50,1,13,495.0,5.0,12.5,0.20003249017953792,0.799967509820462,412.2807017543859
1,2,13,5.0,15.0,12.5,0.7091627770004396,0.2908372229995604,412.2807017543859
2,2,13,15.0,15.0,12.5,0.6955914758588877,0.3044085241411123,412.2807017543859
3,2,13,25.0,15.0,12.5,0.680553203488581,0.31944679651141905,412.2807017543859
4,2,13,35.0,15.0,12.5,0.6655659195698823,0.3344340804301177,412.2807017543859
5,2,13,45.0,15.0,12.5,0.6513557269070991,0.3486442730929009,412.2807017543859
6,2,13,55.0,15.0,12.5,0.6381995541912059,0.3618004458087941,412.2807017543859
7,2,13,65.0,15.0,12.5,0.6261414691174123,0.3738585308825877,412.2807017543859
8,2,13,75.0,15.0,12.5,0.6151246681809008,0.38487533181909916,412.2807017543859
9,2,13,85.0,15.0,12.5,0.6050380347943705,0.39496196520562954,412.2807017543859
10,2,13,95.0,15.0,12.5,0.5957446789330709,0.4042553210669291,412.2807017543859
11,2,13,105.0,15.0,12.5,0.5871176546063475,0.41288234539365254,412.2807017543859
12,2,13,115.0,15.0,12.5,0.5790541260500583,0.42094587394994165,412.2807017543859
13,2,13,125.0,15.0,12.5,0.5714439739721762,0.42855602602782383,412.2807017543859
14,2,13,135.0,15.0,12.5,0.5641784813030788,0.4358215186969212,412.2807017543859
15,2,13,145.0,15.0,12.5,0.5571722606891022,0.4428277393108978,412.2807017543859
16,2,13,155.0,15.0,12.5,0.5504563147901478,0.4495436852098522,412.2807017543859
17,2,13,165.0,15.0,12.5,0.5439849917998519,0.45601500820014806,412.2807017543859
18,2,13,175.0,15.0,12.5,0.5377157605858485,0.46228423941415153,412.2807017543859
19,2,13,185.0,15.0,12.5,0.531598064641461,0.468401935358539,412.2807017543859
20,2,13,195.0,15.0,12.5,0.5255559575051552,0.47444404249484484,412.2807017543859
21,2,13,205.0,15.0,12.5,0.5195333576676191,0.4804666423323809,412.2807017543859
22,2,13,215.0,15.0,12.5,0.513483924896949,0.48651607510305095,412.2807017543859
23,2,13,225.0,15.0,12.5,0.5072990772418091,0.4927009227581909,412.2807017543859
24,2,13,235.0,15.0,12.5,0.5008280649423628,0.49917193505763724,412.2807017543859
25,2,13,245.0,15.0,12.5,0.493956643246789,0.506043356753211,412.2807017543859
26,2,13,255.0,15.0,12.5,0.4865217440750539,0.5134782559249461,412.2807017543859
27,2,13,265.0,15.0,12.5,0.47813848243750934,0.5218615175624907,412.2807017543859
28,2,13,275.0,15.0,12.5,0.4682572275580111,0.531742772441989,412.2807017543859
29,2,13,285.0,15.0,12.5,0.45629481955524065,0.5437051804447594,412.2807017543859
30,2,13,295.0,15.0,12.5,0.44122178735130535,0.5587782126486946,412.2807017543859
31,2,13,305.0,15.0,12.5,0.42076487156757586,0.5792351284324242,412.2807017543859
32,2,13,315.0,15.0,12.5,0.391472900910386,0.608527099089614,412.2807017543859
33,2,13,325.0,15.0,12.5,0.3507294431590401,0.6492705568409599,412.2807017543859
34,2,13,335.0,15.0,12.5,0.3009325093056784,0.6990674906943216,412.2807017543859
35,2,13,345.0,15.0,12.5,0.2536822142188919,0.7463177857811081,412.2807017543859
36,2,13,355.0,15.0,12.5,0.2219880688087661,0.7780119311912339,412.2807017543859
37,2,13,365.0,15.0,12.5,0.2067491665885501,0.7932508334114499,412.2807017543859
38,2,13,375.0,15.0,12.5,0.20142368275993422,0.7985763172400657,412.2807017543859
39,2,13,385.0,15.0,12.5,0.2002333688928151,0.7997666311071849,412.2807017543859
40,2,13,395.0,15.0,12.5,0.20005399038092142,0.7999460096190786,412.2807017543859
41,2,13,405.0,15.0,12.5,0.20003147366152743,0.7999685263384726,412.2807017543859
42,2,13,415.0,15.0,12.5,0.20002959131765546,0.7999704086823445,412.2807017543859
43,2,13,425.0,15.0,12.5,0.20002970815963417,0.7999702918403658,412.2807017543859
44,2,13,435.0,15.0,12.5,0.20003012193016484,0.7999698780698352,412.2807017543859
45,2,13,445.0,15.0,12.5,0.2000305742764624,0.7999694257235376,412.2807017543859
46,2,13,455.0,15.0,12.5,0.200031032587589,0.799968967412411,412.2807017543859
47,2,13,465.0,15.0,12.5,0.2000314881307169,0.7999685118692831,412.2807017543859
48,2,13,475.0,15.0,12.5,0.20003192847628218,0.7999680715237178,412.2807017543859
49,2,13,485.0,15.0,12.5,0.20003232564247647,0.7999676743575235,412.2807017543859
50,2,13,495.0,15.0,12.5,0.20003261628300076,0.7999673837169993,412.2807017543859
1,3,13,5.0,25.0,12.5,0.7474641352461939,0.25253586475380607,412.2807017543859
2,3,13,15.0,25.0,12.5,0.7318918955894871,0.2681081044105129,412.2807017543859
3,3,13,25.0,25.0,12.5,0.7146561897542517,0.2853438102457483,412.2807017543859
4,3,13,35.0,25.0,12.5,0.6975155547381028,0.3024844452618972,412.2807017543859
5,3,13,45.0,25.0,12.5,0.6813477892922539,0.3186522107077461,412.2807017543859
6,3,13,55.0,25.0,12.5,0.6664717073055364,0.3335282926944636,412.2807017543859
7,3,13,65.0,25.0,12.5,0.6529122288012994,0.3470877711987006,412.2807017543859
8,3,13,75.0,25.0,12.5,0.6405796059956792,0.3594203940043208,412.2807017543859
9,3,13,85.0,25.0,12.5,0.629350265204704,0.37064973479529595,412.2807017543859
10,3,13,95.0,25.0,12.5,0.6190766293274278,0.3809233706725722,412.2807017543859
11,3,13,105.0,25.0,12.5,0.6096141888309949,0.39038581116900506,412.2807017543859
12,3,13,115.0,25.0,12.5,0.6008232202082585,0.3991767797917415,412.2807017543859
13,3,13,125.0,25.0,12.5,0.5925788355753656,0.4074211644246344,412.2807017543859
14,3,13,135.0,25.0,12.5,0.584783588109144,0.415216411890856,412.2807017543859
15,3,13,145.0,25.0,12.5,0.5773575803812883,0.42264241961871174,412.2807017543859
16,3,13,155.0,25.0,12.5,0.5701973851513382,0.4298026148486618,412.2807017543859
17,3,13,165.0,25.0,12.5,0.5632888735059316,0.4367111264940684,412.2807017543859
18,3,13,175.0,25.0,12.5,0.5566442961749398,0.4433557038250602,412.2807017543859
19,3,13,185.0,25.0,12.5,0.5502147204417553,0.44978527955824466,412.2807017543859
20,3,13,195.0,25.0,12.5,0.5439454879104724,0.45605451208952763,412.2807017543859
21,3,13,205.0,25.0,12.5,0.537804470582975,0.462195529417025,412.2807017543859
22,3,13,215.0,25.0,12.5,0.5317546025222709,0.4682453974777291,412.2807017543859
23,3,13,225.0,25.0,12.5,0.5257231617627609,0.4742768382372391,412.2807017543859
24,3,13,235.0,25.0,12.5,0.5196491969385286,0.4803508030614714,412.2807017543859
25,3,13,245.0,25.0,12.5,0.5134949900927331,0.48650500990726686,412.2807017543859
26,3,13,255.0,25.0,12.5,0.5071638188311857,0.49283618116881434,412.2807017543859
27,3,13,265.0,25.0,12.5,0.5004908125996238,0.4995091874003762,412.2807017543859
28,3,13,275.0,25.0,12.5,0.4933414281418919,0.506658571858108,412.2807017543859
29,3,13,285.0,25.0,12.5,0.48555401477429294,0.5144459852257071,412.2807017543859
30,3,13,295.0,25.0,12.5,0.4767360314588765,0.5232639685411236,412.2807017543859
31,3,13,305.0,25.0,12.5,0.4662776274123319,0.5337223725876681,412.2807017543859
32,3,13,315.0,25.0,12.5,0.4534962632997511,0.5465037367002489,412.2807017543859
33,3,13,325.0,25.0,12.5,0.4372171519944984,0.5627828480055016,412.2807017543859
34,3,13,335.0,25.0,12.5,0.4149401024195337,0.5850598975804663,412.2807017543859
35,3,13,345.0,25.0,12.5,0.3830147395604033,0.6169852604395967,412.2807017543859
36,3,13,355.0,25.0,12.5,0.3391481428531139,0.6608518571468861,412.2807017543859
37,3,13,365.0,25.0,12.5,0.2876694832350058,0.7123305167649943,412.2807017543859
38,3,13,375.0,25.0,12.5,0.24289028192224146,0.7571097180777585,412.2807017543859
39,3,13,385.0,25.0,12.5,0.21610275104746943,0.7838972489525305,412.2807017543859
40,3,13,395.0,25.0,12.5,0.20440272811988172,0.7955972718801183,412.2807017543859
41,3,13,405.0,25.0,12.5,0.20078482393213432,0.7992151760678656,412.2807017543859
42,3,13,415.0,25.0,12.5,0.20012540826712738,0.7998745917328727,412.2807017543859
43,3,13,425.0,25.0,12.5,0.20004066991381628,0.7999593300861837,412.2807017543859
44,3,13,435.0,25.0,12.5,0.20003137946454644,0.7999686205354536,412.2807017543859
45,3,13,445.0,25.0,12.5,0.20003075058986355,0.7999692494101365,412.2807017543859
46,3,13,455.0,25.0,12.5,0.20003107148843535,0.7999689285115646,412.2807017543859
47,3,13,465.0,25.0,12.5,0.2000315286443971,0.7999684713556029,412.2807017543859
48,3,13,475.0,25.0,12.5,0.200032003459712,0.7999679965402879,412.2807017543859
49,3,13,485.0,25.0,12.5,0.2000324594567299,0.7999675405432701,412.2807017543859
50,3,13,495.0,25.0,12.5,0.20003283531533647,0.7999671646846636,412.2807017543859
1,4,13,5.0,35.0,12.5,0.7737191825620184,0.22628081743798156,412.2807017543859
2,4,13,15.0,35.0,12.5,0.7575540974174205,0.24244590258257948,412.2807017543859
3,4,13,25.0,35.0,12.5,0.7389195835399944,0.26108041646000557,412.2807017543859
4,4,13,35.0,35.0,12.5,0.7200976096174184,0.2799023903825816,412.2807017543859
5,4,13,45.0,35.0,12.5,0.7023326659184682,0.2976673340815318,412.2807017543859
6,4,13,55.0,35.0,12.5,0.6861467640917683,0.31385323590823166,412.2807017543859
7,4,13,65.0,35.0,12.5,0.6714806076528488,0.3285193923471512,412.2807017543859
8,4,13,75.0,35.0,12.5,0.6581650295314974,0.34183497046850264,412.2807017543859
9,4,13,85.0,35.0,12.5,0.6460386925646296,0.35396130743537035,412.2807017543859
10,4,13,95.0,35.0,12.5,0.6349615191168382,0.3650384808831618,412.2807017543859
11,4,13,105.0,35.0,12.5,0.6247931645441868,0.37520683545581324,412.2807017543859
12,4,13,115.0,35.0,12.5,0.6153925866472942,0.38460741335270576,412.2807017543859
13,4,13,125.0,35.0,12.5,0.6066197114894656,0.3933802885105344,412.2807017543859
14,4,13,135.0,35.0,12.5,0.5983541486954761,0.4016458513045239,412.2807017543859
15,4,13,145.0,35.0,12.5,0.5905099331381308,0.4094900668618692,412.2807017543859
16,4,13,155.0,35.0,12.5,0.5830252937477636,0.4169747062522364,412.2807017543859
17,4,13,165.0,35.0,12.5,0.57581770123542,0.42418229876458,412.2807017543859
18,4,13,175.0,35.0,12.5,0.568853479008824,0.431146520991176,412.2807017543859
19,4,13,185.0,35.0,12.5,0.5621508180970304,0.4378491819029696,412.2807017543859
20,4,13,195.0,35.0,12.5,0.5556673997295781,0.4443326002704219,412.2807017543859
21,4,13,205.0,35.0,12.5,0.5493586762712247,0.4506413237287753,412.2807017543859
22,4,13,215.0,35.0,12.5,0.5431836872708299,0.4568163127291701,412.2807017543859
23,4,13,225.0,35.0,12.5,0.5371074227393221,0.4628925772606779,412.2807017543859
24,4,13,235.0,35.0,12.5,0.5310831337762105,0.4689168662237895,412.2807017543859
25,4,13,245.0,35.0,12.5,0.5250523040623172,0.4749476959376828,412.2807017543859
26,4,13,255.0,35.0,12.5,0.5189637554075216,0.4810362445924784,412.2807017543859
27,4,13,265.0,35.0,12.5,0.512757245773485,0.487242754226515,412.2807017543859
28,4,13,275.0,35.0,12.5,0.5063256391223037,0.49367436087769634,412.2807017543859
29,4,13,285.0,35.0,12.5,0.4995264213798681,0.500473578620132,412.2807017543859
30,4,13,295.0,35.0,12.5,0.49222144001920853,0.5077785599807915,412.2807017543859
31,4,13,305.0,35.0,12.5,0.4841925140983741,0.515807485901626,412.2807017543859
32,4,13,315.0,35.0,12.5,0.475013169485658,0.5249868305143419,412.2807017543859
33,4,13,325.0,35.0,12.5,0.46408540056983827,0.5359145994301617,412.2807017543859
34,4,13,335.0,35.0,12.5,0.4506576911671754,0.5493423088328246,412.2807017543859
35,4,13,345.0,35.0,12.5,0.43330863613287357,0.5666913638671265,412.2807017543859
36,4,13,355.0,35.0,12.5,0.4092744381097569,0.5907255618902432,412.2807017543859
37,4,13,365.0,35.0,12.5,0.3749491979161629,0.6250508020838371,412.2807017543859
38,4,13,375.0,35.0,12.5,0.32875769181435044,0.6712423081856496,412.2807017543859
39,4,13,385.0,35.0,12.5,0.2770145410845616,0.7229854589154384,412.2807017543859
40,4,13,395.0,35.0,12.5,0.2352888691158083,0.7647111308841917,412.2807017543859
41,4,13,405.0,35.0,12.5,0.21223692482345932,0.7877630751765407,412.2807017543859
42,4,13,415.0,35.0,12.5,0.20296848868802342,0.7970315113119766,412.2807017543859
43,4,13,425.0,35.0,12.5,0.20048611406804406,0.7995138859319559,412.2807017543859
44,4,13,435.0,35.0,12.5,0.2000878158647567,0.7999121841352432,412.2807017543859
45,4,13,445.0,35.0,12.5,0.20003724597159556,0.7999627540284044,412.2807017543859
46,4,13,455.0,35.0,12.5,0.2000320356431973,0.7999679643568027,412.2807017543859
47,4,13,465.0,35.0,12.5,0.20003172991025403,0.7999682700897459,412.2807017543859
48,4,13,475.0,35.0,12.5,0.2000321136121179,0.7999678863878821,412.2807017543859
49,4,13,485.0,35.0,12.5,0.20003260863888062,0.7999673913611194,412.2807017543859
50,4,13,495.0,35.0,12.5,0.20003306548505748,0.7999669345149425,412.2807017543859
1,5,13,5.0,45.0,12.5,0.7919151519397531,0.20808484806024685,412.2807017543859
2,5,13,15.0,45.0,12.5,0.7779490570931132,0.22205094290688676,412.2807017543859
3,5,13,25.0,45.0,12.5,0.7592245253189671,0.24077547468103289,412.2807017543859
4,5,13,35.0,45.0,12.5,0.7395938716394223,0.26040612836057775,412.2807017543859
5,5,13,45.0,45.0,12.5,0.7210409511765774,0.2789590488234226,412.2807017543859
6,5,13,55.0,45.0,12.5,0.7039887314097774,0.29601126859022264,412.2807017543859
7,5,13,65.0,45.0,12.5,0.688521555339439,0.31147844466056096,412.2807017543859
8,5,13,75.0,45.0,12.5,0.674531660054081,0.32546833994591895,412.2807017543859
9,5,13,85.0,45.0,12.5,0.6618459443047541,0.3381540556952459,412.2807017543859
10,5,13,95.0,45.0,12.5,0.6502946920387381,0.34970530796126187,412.2807017543859
11,5,13,105.0,45.0,12.5,0.6397220796132617,0.36027792038673834,412.2807017543859
12,5,13,115.0,45.0,12.5,0.6299744744762013,0.37002552552379875,412.2807017543859
13,5,13,125.0,45.0,12.5,0.620905033352679,0.379094966647321,412.2807017543859
14,5,13,135.0,45.0,12.5,0.6123810734347971,0.3876189265652029,412.2807017543859
15,5,13,145.0,45.0,12.5,0.6042987853537859,0.3957012146462141,412.2807017543859
16,5,13,155.0,45.0,12.5,0.5965821326618577,0.40341786733814233,412.2807017543859
17,5,13,165.0,45.0,12.5,0.5891728868329256,0.41082711316707443,412.2807017543859
18,5,13,175.0,45.0,12.5,0.5820038093063434,0.41799619069365657,412.2807017543859
19,5,13,185.0,45.0,12.5,0.5750811913997637,0.42491880860023634,412.2807017543859
20,5,13,195.0,45.0,12.5,0.5683970595559256,0.43160294044407443,412.2807017543859
21,5,13,205.0,45.0,12.5,0.5619127576420812,0.43808724235791885,412.2807017543859
22,5,13,215.0,45.0,12.5,0.5555895276917111,0.4444104723082889,412.2807017543859
23,5,13,225.0,45.0,12.5,0.5493876844122423,0.4506123155877577,412.2807017543859
24,5,13,235.0,45.0,12.5,0.5432766142836175,0.4567233857163825,412.2807017543859
25,5,13,245.0,45.0,12.5,0.5372205051574638,0.4627794948425362,412.2807017543859
26,5,13,255.0,45.0,12.5,0.5311624174873271,0.46883758251267293,412.2807017543859
27,5,13,265.0,45.0,12.5,0.5250473907593948,0.47495260924060523,412.2807017543859
28,5,13,275.0,45.0,12.5,0.5188312915523277,0.48116870844767234,412.2807017543859
29,5,13,285.0,45.0,12.5,0.5124301230349891,0.48756987696501086,412.2807017543859
30,5,13,295.0,45.0,12.5,0.5057049106096009,0.4942950893903991,412.2807017543859
31,5,13,305.0,45.0,12.5,0.49851802821332103,0.501481971786679,412.2807017543859
32,5,13,315.0,45.0,12.5,0.49071335530765303,0.509286644692347,412.2807017543859
33,5,13,325.0,45.0,12.5,0.4819578945717723,0.5180421054282277,412.2807017543859
34,5,13,335.0,45.0,12.5,0.47169775493322874,0.5283022450667713,412.2807017543859
35,5,13,345.0,45.0,12.5,0.4592715339720286,0.5407284660279714,412.2807017543859
36,5,13,355.0,45.0,12.5,0.4436158273289299,0.5563841726710701,412.2807017543859
37,5,13,365.0,45.0,12.5,0.42247524664802766,0.5775247533519723,412.2807017543859
38,5,13,375.0,45.0,12.5,0.3922955796493909,0.6077044203506091,412.2807017543859
39,5,13,385.0,45.0,12.5,0.3498440171916837,0.6501559828083163,412.2807017543859
40,5,13,395.0,45.0,12.5,0.2971643986838447,0.7028356013161553,412.2807017543859
41,5,13,405.0,45.0,12.5,0.24796863247869022,0.7520313675213097,412.2807017543859
42,5,13,415.0,45.0,12.5,0.21730499753023114,0.7826950024697689,412.2807017543859
43,5,13,425.0,45.0,12.5,0.20434746914137925,0.7956525308586208,412.2807017543859
44,5,13,435.0,45.0,12.5,0.20070916478043682,0.7992908352195631,412.2807017543859
45,5,13,445.0,45.0,12.5,0.20011248899362932,0.7998875110063707,412.2807017543859
46,5,13,455.0,45.0,12.5,0.20004022247480052,0.7999597775251994,412.2807017543859
47,5,13,465.0,45.0,12.5,0.20003303010238202,0.799966969897618,412.2807017543859
48,5,13,475.0,45.0,12.5,0.2000324883481496,0.7999675116518504,412.2807017543859
49,5,13,485.0,45.0,12.5,0.20003276945813642,0.7999672305418636,412.2807017543859
50,5,13,495.0,45.0,12.5,0.20003300842449043,0.7999669915755095,412.2807017543859
1,6,13,5.0,55.0,12.5,0.7748656699459022,0.22513433005409778,412.2807017543859
2,6,13,15.0,55.0,12.5,0.75956056039922,0.24043943960077996,412.2807017543859
3,6,13,25.0,55.0,12.5,0.7418236074709128,0.2581763925290872,412.2807017543859
4,6,13,35.0,55.0,12.5,0.7237601011889437,0.27623989881105626,412.2807017543859
5,6,13,45.0,55.0,12.5,0.706543896745086,0.293456103254914,412.2807017543859
6,6,13,55.0,55.0,12.5,0.6906201022384936,0.30937989776150643,412.2807017543859
7,6,13,65.0,55.0,12.5,0.6760507708060236,0.3239492291939764,412.2807017543859
8,6,13,75.0,55.0,12.5,0.6627555010380864,0.33724449896191355,412.2807017543859
9,6,13,85.0,55.0,12.5,0.650610917885943,0.34938908211405695,412.2807017543859
10,6,13,95.0,55.0,12.5,0.6394965856863843,0.36050341431361566,412.2807017543859
11,6,13,105.0,55.0,12.5,0.6292808421300061,0.3707191578699939,412.2807017543859
12,6,13,115.0,55.0,12.5,0.6198295609179783,0.38017043908202175,412.2807017543859
13,6,13,125.0,55.0,12.5,0.6110037956445457,0.38899620435545434,412.2807017543859
14,6,13,135.0,55.0,12.5,0.602680820712726,0.397319179287274,412.2807017543859
15,6,13,145.0,55.0,12.5,0.5947710807476078,0.40522891925239224,412.2807017543859
16,6,13,155.0,55.0,12.5,0.5872153662656515,0.4127846337343485,412.2807017543859
17,6,13,165.0,55.0,12.5,0.5799442582021991,0.4200557417978009,412.2807017543859
18,6,13,175.0,55.0,12.5,0.5728949687314586,0.4271050312685414,412.2807017543859
19,6,13,185.0,55.0,12.5,0.5660948638810694,0.43390513611893056,412.2807017543859
20,6,13,195.0,55.0,12.5,0.5595212382870185,0.4404787617129815,412.2807017543859
21,6,13,205.0,55.0,12.5,0.5531282608463386,0.4468717391536614,412.2807017543859
22,6,13,215.0,55.0,12.5,0.5468716954136653,0.4531283045863347,412.2807017543859
23,6,13,225.0,55.0,12.5,0.5407215083551684,0.4592784916448316,412.2807017543859
24,6,13,235.0,55.0,12.5,0.5346422603446945,0.46535773965530547,412.2807017543859
25,6,13,245.0,55.0,12.5,0.5285745551523755,0.4714254448476245,412.2807017543859
26,6,13,255.0,55.0,12.5,0.5224590151477629,0.47754098485223706,412.2807017543859
27,6,13,265.0,55.0,12.5,0.516252410791483,0.483747589208517,412.2807017543859
28,6,13,275.0,55.0,12.5,0.5098741555949555,0.4901258444050445,412.2807017543859
29,6,13,285.0,55.0,12.5,0.5031804790005953,0.49681952099940474,412.2807017543859
30,6,13,295.0,55.0,12.5,0.4960267719380166,0.5039732280619834,412.2807017543859
31,6,13,305.0,55.0,12.5,0.48825716980178047,0.5117428301982195,412.2807017543859
32,6,13,315.0,55.0,12.5,0.4795385725006935,0.5204614274993065,412.2807017543859
33,6,13,325.0,55.0,12.5,0.46930270626857357,0.5306972937314265,412.2807017543859
34,6,13,335.0,55.0,12.5,0.45686354921735345,0.5431364507826466,412.2807017543859
35,6,13,345.0,55.0,12.5,0.4411484371264557,0.5588515628735443,412.2807017543859
36,6,13,355.0,55.0,12.5,0.41991988759912136,0.5800801124008786,412.2807017543859
37,6,13,365.0,55.0,12.5,0.3895543859869844,0.6104456140130157,412.2807017543859
38,6,13,375.0,55.0,12.5,0.34690152235416727,0.6530984776458327,412.2807017543859
39,6,13,385.0,55.0,12.5,0.29456949385016845,0.7054305061498316,412.2807017543859
40,6,13,395.0,55.0,12.5,0.24668391150665675,0.7533160884933432,412.2807017543859
41,6,13,405.0,55.0,12.5,0.21710647575041936,0.7828935242495807,412.2807017543859
42,6,13,415.0,55.0,12.5,0.20435281311031608,0.7956471868896839,412.2807017543859
43,6,13,425.0,55.0,12.5,0.20070070648722835,0.7992992935127716,412.2807017543859
44,6,13,435.0,55.0,12.5,0.20010610361248218,0.7998938963875178,412.2807017543859
45,6,13,445.0,55.0,12.5,0.20003787019874586,0.7999621298012541,412.2807017543859
46,6,13,455.0,55.0,12.5,0.2000319409448368,0.7999680590551632,412.2807017543859
47,6,13,465.0,55.0,12.5,0.20003163409396418,0.7999683659060358,412.2807017543859
48,6,13,475.0,55.0,12.5,0.20003202254279284,0.7999679774572072,412.2807017543859
49,6,13,485.0,55.0,12.5,0.20003249535713155,0.7999675046428685,412.2807017543859
50,6,13,495.0,55.0,12.5,0.20003291096957074,0.7999670890304292,412.2807017543859
1,7,13,5.0,65.0,12.5,0.7513201469677544,0.2486798530322456,412.2807017543859
2,7,13,15.0,65.0,12.5,0.7367533855274748,0.2632466144725252,412.2807017543859
3,7,13,25.0,65.0,12.5,0.7204112965792459,0.27958870342075415,412.2807017543859
4,7,13,35.0,65.0,12.5,0.7039167241078768,0.29608327589212324,412.2807017543859
5,7,13,45.0,65.0,12.5,0.6881458706968385,0.3118541293031615,412.2807017543859
6,7,13,55.0,65.0,12.5,0.6734693030643294,0.3265306969356706,412.2807017543859
7,7,13,65.0,65.0,12.5,0.6599708010003973,0.3400291989996027,412.2807017543859
8,7,13,75.0,65.0,12.5,0.6476105098446542,0.3523894901553458,412.2807017543859
9,7,13,85.0,65.0,12.5,0.6362914013170495,0.36370859868295047,412.2807017543859
10,7,13,95.0,65.0,12.5,0.6259031120038396,0.37409688799616037,412.2807017543859
11,7,13,105.0,65.0,12.5,0.6163156489768219,0.3836843510231781,412.2807017543859
12,7,13,115.0,65.0,12.5,0.6073946631815667,0.39260533681843335,412.2807017543859
13,7,13,125.0,65.0,12.5,0.5990176514073743,0.4009823485926257,412.2807017543859
14,7,13,135.0,65.0,12.5,0.5910893607167889,0.40891063928321114,412.2807017543859
15,7,13,145.0,65.0,12.5,0.5835352657710132,0.4164647342289868,412.2807017543859
16,7,13,155.0,65.0,12.5,0.5762753965421477,0.42372460345785234,412.2807017543859
17,7,13,165.0,65.0,12.5,0.5692438662866852,0.4307561337133148,412.2807017543859
18,7,13,175.0,65.0,12.5,0.5624685606467077,0.4375314393532923,412.2807017543859
19,7,13,185.0,65.0,12.5,0.5559214768100207,0.4440785231899793,412.2807017543859
20,7,13,195.0,65.0,12.5,0.5495591175648799,0.45044088243512015,412.2807017543859
21,7,13,205.0,65.0,12.5,0.5433369705641119,0.4566630294358881,412.2807017543859
22,7,13,215.0,65.0,12.5,0.5372188833293406,0.46278111667065935,412.2807017543859
23,7,13,225.0,65.0,12.5,0.5311622484873789,0.4688377515126211,412.2807017543859
24,7,13,235.0,65.0,12.5,0.5251072264825833,0.47489277351741666,412.2807017543859
25,7,13,245.0,65.0,12.5,0.5189973048775852,0.4810026951224148,412.2807017543859
26,7,13,255.0,65.0,12.5,0.5127739133104142,0.4872260866895858,412.2807017543859
27,7,13,265.0,65.0,12.5,0.5063343204964046,0.4936656795035954,412.2807017543859
28,7,13,275.0,65.0,12.5,0.4995313187553508,0.5004686812446493,412.2807017543859
29,7,13,285.0,65.0,12.5,0.4922193415637913,0.5077806584362087,412.2807017543859
30,7,13,295.0,65.0,12.5,0.4841816825179423,0.5158183174820576,412.2807017543859
31,7,13,305.0,65.0,12.5,0.47499037773255054,0.5250096222674494,412.2807017543859
32,7,13,315.0,65.0,12.5,0.4640298838503422,0.5359701161496577,412.2807017543859
33,7,13,325.0,65.0,12.5,0.45051754274318584,0.5494824572568142,412.2807017543859
34,7,13,335.0,65.0,12.5,0.4329793065173296,0.5670206934826705,412.2807017543859
35,7,13,345.0,65.0,12.5,0.40853003012546885,0.5914699698745312,412.2807017543859
36,7,13,355.0,65.0,12.5,0.37338505245564046,0.6266149475443595,412.2807017543859
37,7,13,365.0,65.0,12.5,0.325974190521035,0.6740258094789651,412.2807017543859
38,7,13,375.0,65.0,12.5,0.2733728570543207,0.7266271429456793,412.2807017543859
39,7,13,385.0,65.0,12.5,0.232287890705547,0.767712109294453,412.2807017543859
40,7,13,395.0,65.0,12.5,0.21055067625271262,0.7894493237472874,412.2807017543859
41,7,13,405.0,65.0,12.5,0.202294458565324,0.797705541434676,412.2807017543859
42,7,13,415.0,65.0,12.5,0.20033249251828855,0.7996675074817114,412.2807017543859
43,7,13,425.0,65.0,12.5,0.2000613724463894,0.7999386275536106,412.2807017543859
44,7,13,435.0,65.0,12.5,0.20003289127664048,0.7999671087233595,412.2807017543859
45,7,13,445.0,65.0,12.5,0.20003087164830027,0.7999691283516998,412.2807017543859
46,7,13,455.0,65.0,12.5,0.20003100367278914,0.7999689963272109,412.2807017543859
47,7,13,465.0,65.0,12.5,0.20003142477262711,0.7999685752273729,412.2807017543859
48,7,13,475.0,65.0,12.5,0.20003186853979968,0.7999681314602003,412.2807017543859
49,7,13,485.0,65.0,12.5,0.20003228598617168,0.7999677140138284,412.2807017543859
50,7,13,495.0,65.0,12.5,0.20003262025288523,0.7999673797471147,412.2807017543859
1,8,13,5.0,75.0,12.5,0.719770577594561,0.280229422405439,412.2807017543859
2,8,13,15.0,75.0,12.5,0.7070269676563438,0.29297303234365624,412.2807017543859
3,8,13,25.0,75.0,12.5,0.6926562054289551,0.3073437945710449,412.2807017543859
4,8,13,35.0,75.0,12.5,0.6780919195628228,0.3219080804371772,412.2807017543859
5,8,13,45.0,75.0,12.5,0.6640897138563145,0.33591028614368545,412.2807017543859
6,8,13,55.0,75.0,12.5,0.6509825653704833,0.34901743462951673,412.2807017543859
7,8,13,65.0,75.0,12.5,0.6388726969457319,0.3611273030542681,412.2807017543859
8,8,13,75.0,75.0,12.5,0.6277334864962383,0.3722665135037617,412.2807017543859
9,8,13,85.0,75.0,12.5,0.6174849636449856,0.3825150363550144,412.2807017543859
10,8,13,95.0,75.0,12.5,0.6080168727338018,0.3919831272661982,412.2807017543859
11,8,13,105.0,75.0,12.5,0.5992073736207194,0.4007926263792806,412.2807017543859
12,8,13,115.0,75.0,12.5,0.5909430449691355,0.4090569550308645,412.2807017543859
13,8,13,125.0,75.0,12.5,0.5831366785263624,0.4168633214736376,412.2807017543859
14,8,13,135.0,75.0,12.5,0.5756992027394614,0.4243007972605386,412.2807017543859
15,8,13,145.0,75.0,12.5,0.5685283312068493,0.4314716687931507,412.2807017543859
16,8,13,155.0,75.0,12.5,0.561608437442015,0.43839156255798495,412.2807017543859
17,8,13,165.0,75.0,12.5,0.5549569664102756,0.4450430335897244,412.2807017543859
18,8,13,175.0,75.0,12.5,0.5485157726498736,0.4514842273501264,412.2807017543859
19,8,13,185.0,75.0,12.5,0.5422335590182511,0.4577664409817489,412.2807017543859
20,8,13,195.0,75.0,12.5,0.536084142308445,0.46391585769155497,412.2807017543859
21,8,13,205.0,75.0,12.5,0.5300159310792669,0.4699840689207331,412.2807017543859
22,8,13,215.0,75.0,12.5,0.5239496552432563,0.4760503447567437,412.2807017543859
23,8,13,225.0,75.0,12.5,0.517838716035063,0.48216128396493696,412.2807017543859
24,8,13,235.0,75.0,12.5,0.5116393588508225,0.48836064114917754,412.2807017543859
25,8,13,245.0,75.0,12.5,0.5052184775098971,0.4947815224901029,412.2807017543859
26,8,13,255.0,75.0,12.5,0.4984093841572333,0.5015906158427668,412.2807017543859
27,8,13,265.0,75.0,12.5,0.4911008230107826,0.5088991769892174,412.2807017543859
28,8,13,275.0,75.0,12.5,0.48307684855793936,0.5169231514420607,412.2807017543859
29,8,13,285.0,75.0,12.5,0.4738362972317093,0.5261637027682907,412.2807017543859
30,8,13,295.0,75.0,12.5,0.46274321096823173,0.5372567890317683,412.2807017543859
31,8,13,305.0,75.0,12.5,0.44907124559259637,0.5509287544074036,412.2807017543859
32,8,13,315.0,75.0,12.5,0.4312783100498075,0.5687216899501926,412.2807017543859
33,8,13,325.0,75.0,12.5,0.4062617433434147,0.5937382566565853,412.2807017543859
34,8,13,335.0,75.0,12.5,0.3702725341618798,0.6297274658381202,412.2807017543859
35,8,13,345.0,75.0,12.5,0.3224147784065062,0.6775852215934939,412.2807017543859
36,8,13,355.0,75.0,12.5,0.27064556043388227,0.7293544395661178,412.2807017543859
37,8,13,365.0,75.0,12.5,0.2309565914279482,0.7690434085720518,412.2807017543859
38,8,13,375.0,75.0,12.5,0.21012200490106978,0.7898779950989302,412.2807017543859
39,8,13,385.0,75.0,12.5,0.20221752830224532,0.7977824716977546,412.2807017543859
40,8,13,395.0,75.0,12.5,0.2003231540484,0.7996768459515999,412.2807017543859
41,8,13,405.0,75.0,12.5,0.20006158378850492,0.7999384162114951,412.2807017543859
42,8,13,415.0,75.0,12.5,0.2000322805556751,0.7999677194443249,412.2807017543859
43,8,13,425.0,75.0,12.5,0.20002999096278185,0.7999700090372182,412.2807017543859
44,8,13,435.0,75.0,12.5,0.20003008833481475,0.7999699116651853,412.2807017543859
45,8,13,445.0,75.0,12.5,0.2000304887065633,0.7999695112934367,412.2807017543859
46,8,13,455.0,75.0,12.5,0.20003091697183487,0.7999690830281652,412.2807017543859
47,8,13,465.0,75.0,12.5,0.2000313386917093,0.7999686613082907,412.2807017543859
48,8,13,475.0,75.0,12.5,0.2000317380922039,0.7999682619077961,412.2807017543859
49,8,13,485.0,75.0,12.5,0.20003208821115018,0.7999679117888499,412.2807017543859
50,8,13,495.0,75.0,12.5,0.2000323356168608,0.7999676643831393,412.2807017543859
1,9,13,5.0,85.0,12.5,0.6768270462362871,0.3231729537637129,412.2807017543859
2,9,13,15.0,85.0,12.5,0.6664622038088607,0.3335377961911393,412.2807017543859
3,9,13,25.0,85.0,12.5,0.65453378019908,0.34546621980091996,412.2807017543859
4,9,13,35.0,85.0,12.5,0.6422784284880679,0.35772157151193207,412.2807017543859
5,9,13,45.0,85.0,12.5,0.6303676024714939,0.3696323975285061,412.2807017543859
6,9,13,55.0,85.0,12.5,0.6191186553515337,0.38088134464846635,412.2807017543859
7,9,13,65.0,85.0,12.5,0.6086375892875557,0.39136241071244426,412.2807017543859
8,9,13,75.0,85.0,12.5,0.598913987181529,0.401086012818471,412.2807017543859
9,9,13,85.0,85.0,12.5,0.5898753405689202,0.4101246594310798,412.2807017543859
10,9,13,95.0,85.0,12.5,0.581439502639395,0.41856049736060497,412.2807017543859
11,9,13,105.0,85.0,12.5,0.5735193221012628,0.4264806778987372,412.2807017543859
12,9,13,115.0,85.0,12.5,0.5660119484585847,0.4339880515414153,412.2807017543859
13,9,13,125.0,85.0,12.5,0.5588097222180595,0.44119027778194053,412.2807017543859
14,9,13,135.0,85.0,12.5,0.5518596809927251,0.4481403190072749,412.2807017543859
15,9,13,145.0,85.0,12.5,0.5451977315208707,0.4548022684791293,412.2807017543859
16,9,13,155.0,85.0,12.5,0.5387650796308282,0.4612349203691718,412.2807017543859
17,9,13,165.0,85.0,12.5,0.532514202208561,0.46748579779143895,412.2807017543859
18,9,13,175.0,85.0,12.5,0.526387012240119,0.47361298775988103,412.2807017543859
19,9,13,185.0,85.0,12.5,0.5203051402340002,0.4796948597659998,412.2807017543859
20,9,13,195.0,85.0,12.5,0.5142083805183656,0.4857916194816344,412.2807017543859
21,9,13,205.0,85.0,12.5,0.5080263359336121,0.4919736640663879,412.2807017543859
22,9,13,215.0,85.0,12.5,0.5016185122327204,0.49838148776727964,412.2807017543859
23,9,13,225.0,85.0,12.5,0.49482515182170517,0.5051748481782948,412.2807017543859
24,9,13,235.0,85.0,12.5,0.48750221422068213,0.5124977857793178,412.2807017543859
25,9,13,245.0,85.0,12.5,0.47935953358750166,0.5206404664124984,412.2807017543859
26,9,13,255.0,85.0,12.5,0.46985991084980916,0.5301400891501908,412.2807017543859
27,9,13,265.0,85.0,12.5,0.45837310673450066,0.5416268932654993,412.2807017543859
28,9,13,275.0,85.0,12.5,0.4440192437983058,0.5559807562016942,412.2807017543859
29,9,13,285.0,85.0,12.5,0.4248941612879679,0.575105838712032,412.2807017543859
30,9,13,295.0,85.0,12.5,0.39770761301579716,0.6022923869842028,412.2807017543859
31,9,13,305.0,85.0,12.5,0.3593484432358059,0.6406515567641942,412.2807017543859
32,9,13,315.0,85.0,12.5,0.31068686553593,0.6893131344640699,412.2807017543859
33,9,13,325.0,85.0,12.5,0.26160047720697904,0.7383995227930209,412.2807017543859
34,9,13,335.0,85.0,12.5,0.22629713230153395,0.7737028676984661,412.2807017543859
35,9,13,345.0,85.0,12.5,0.20834486818138068,0.7916551318186194,412.2807017543859
36,9,13,355.0,85.0,12.5,0.201793767897849,0.798206232102151,412.2807017543859
37,9,13,365.0,85.0,12.5,0.20027857235151206,0.799721427648488,412.2807017543859
38,9,13,375.0,85.0,12.5,0.20005688175844322,0.7999431182415568,412.2807017543859
39,9,13,385.0,85.0,12.5,0.20003071675986545,0.7999692832401346,412.2807017543859
40,9,13,395.0,85.0,12.5,0.20002866405743341,0.7999713359425666,412.2807017543859
41,9,13,405.0,85.0,12.5,0.20002877812558914,0.7999712218744108,412.2807017543859
42,9,13,415.0,85.0,12.5,0.2000291760594278,0.7999708239405722,412.2807017543859
43,9,13,425.0,85.0,12.5,0.20002960383741195,0.799970396162588,412.2807017543859
44,9,13,435.0,85.0,12.5,0.20003003347192214,0.7999699665280778,412.2807017543859
45,9,13,445.0,85.0,12.5,0.20003045895096638,0.7999695410490336,412.2807017543859
46,9,13,455.0,85.0,12.5,0.20003087497255,0.79996912502745,412.2807017543859
47,9,13,465.0,85.0,12.5,0.20003127304606527,0.7999687269539347,412.2807017543859
48,9,13,475.0,85.0,12.5,0.2000316373316455,0.7999683626683545,412.2807017543859
49,9,13,485.0,85.0,12.5,0.20003194001951505,0.7999680599804849,412.2807017543859
50,9,13,495.0,85.0,12.5,0.2000321354080949,0.799967864591905,412.2807017543859
1,10,13,5.0,95.0,12.5,0.6050667411861455,0.39493325881385455,412.2807017543859
2,10,13,15.0,95.0,12.5,0.5972158355212185,0.4027841644787815,412.2807017543859
3,10,13,25.0,95.0,12.5,0.5878752538596239,0.4121247461403761,412.2807017543859
4,10,13,35.0,95.0,12.5,0.5780117766433378,0.4219882233566622,412.2807017543859
5,10,13,45.0,95.0,12.5,0.5681907218101175,0.43180927818988246,412.2807017543859
6,10,13,55.0,95.0,12.5,0.5587024544742135,0.4412975455257865,412.2807017543859
7,10,13,65.0,95.0,12.5,0.5496753248787714,0.45032467512122865,412.2807017543859
8,10,13,75.0,95.0,12.5,0.5411390297458633,0.45886097025413675,412.2807017543859
9,10,13,85.0,95.0,12.5,0.533063791369737,0.46693620863026297,412.2807017543859
10,10,13,95.0,95.0,12.5,0.5253915532311109,0.47460844676888914,412.2807017543859
11,10,13,105.0,95.0,12.5,0.5180082736202706,0.4819917263797294,412.2807017543859
12,10,13,115.0,95.0,12.5,0.5107519068683039,0.48924809313169615,412.2807017543859
13,10,13,125.0,95.0,12.5,0.5036995359282278,0.4963004640717722,412.2807017543859
14,10,13,135.0,95.0,12.5,0.49682610922906817,0.5031738907709318,412.2807017543859
15,10,13,145.0,95.0,12.5,0.49006875165766095,0.509931248342339,412.2807017543859
16,10,13,155.0,95.0,12.5,0.48332349721700313,0.5166765027829969,412.2807017543859
17,10,13,165.0,95.0,12.5,0.4763982124135468,0.5236017875864531,412.2807017543859
18,10,13,175.0,95.0,12.5,0.4691279086649523,0.5308720913350478,412.2807017543859
19,10,13,185.0,95.0,12.5,0.46126401080104157,0.5387359891989585,412.2807017543859
20,10,13,195.0,95.0,12.5,0.45224896236245,0.5477510376375501,412.2807017543859
21,10,13,205.0,95.0,12.5,0.44137219359629276,0.5586278064037072,412.2807017543859
22,10,13,215.0,95.0,12.5,0.4277384085096004,0.5722615914903997,412.2807017543859
23,10,13,225.0,95.0,12.5,0.40947795912897383,0.5905220408710261,412.2807017543859
24,10,13,235.0,95.0,12.5,0.3834581329475973,0.6165418670524028,412.2807017543859
25,10,13,245.0,95.0,12.5,0.34716002027032855,0.6528399797296714,412.2807017543859
26,10,13,255.0,95.0,12.5,0.3025053737414779,0.6974946262585221,412.2807017543859
27,10,13,265.0,95.0,12.5,0.2589681295128307,0.7410318704871692,412.2807017543859
28,10,13,275.0,95.0,12.5,0.22770818947479834,0.7722918105252017,412.2807017543859
29,10,13,285.0,95.0,12.5,0.21092732919970758,0.7890726708002924,412.2807017543859
30,10,13,295.0,95.0,12.5,0.20380997050879698,0.796190029491203,412.2807017543859
31,10,13,305.0,95.0,12.5,0.20121309182145772,0.7987869081785423,412.2807017543859
32,10,13,315.0,95.0,12.5,0.20028352676033434,0.7997164732396657,412.2807017543859
33,10,13,325.0,95.0,12.5,0.20005488568684698,0.7999451143131531,412.2807017543859
34,10,13,335.0,95.0,12.5,0.20002962612602676,0.7999703738739732,412.2807017543859
35,10,13,345.0,95.0,12.5,0.2000268625306352,0.7999731374693648,412.2807017543859
36,10,13,355.0,95.0,12.5,0.20002669486866798,0.799973305131332,412.2807017543859
37,10,13,365.0,95.0,12.5,0.2000270420922249,0.7999729579077751,412.2807017543859
38,10,13,375.0,95.0,12.5,0.20002745997051727,0.7999725400294827,412.2807017543859
39,10,13,385.0,95.0,12.5,0.20002788382900208,0.799972116170998,412.2807017543859
40,10,13,395.0,95.0,12.5,0.20002831058598283,0.7999716894140172,412.2807017543859
41,10,13,405.0,95.0,12.5,0.20002873922740752,0.7999712607725925,412.2807017543859
42,10,13,415.0,95.0,12.5,0.20002916883798236,0.7999708311620176,412.2807017543859
43,10,13,425.0,95.0,12.5,0.2000295980132306,0.7999704019867694,412.2807017543859
44,10,13,435.0,95.0,12.5,0.20003002435863707,0.799969975641363,412.2807017543859
45,10,13,445.0,95.0,12.5,0.20003044422660896,0.799969555773391,412.2807017543859
46,10,13,455.0,95.0,12.5,0.20003085158448788,0.7999691484155121,412.2807017543859
47,10,13,465.0,95.0,12.5,0.20003123621355579,0.7999687637864442,412.2807017543859
48,10,13,475.0,95.0,12.5,0.20003158113605213,0.7999684188639479,412.2807017543859
49,10,13,485.0,95.0,12.5,0.20003185903598913,0.7999681409640109,412.2807017543859
50,10,13,495.0,95.0,12.5,0.2000320302689421,0.7999679697310579,412.2807017543859
1,1,14,5.0,5.0,13.5,0.6334953838460606,0.36650461615393937,377.19298245614027
2,1,14,15.0,5.0,13.5,0.6220911720591144,0.37790882794088565,377.19298245614027
3,1,14,25.0,5.0,13.5,0.6091547738364745,0.39084522616352546,377.19298245614027
4,1,14,35.0,5.0,13.5,0.5960204927406292,0.4039795072593708,377.19298245614027
5,1,14,45.0,5.0,13.5,0.583386837496934,0.416613162503066,377.19298245614027
6,1,14,55.0,5.0,13.5,0.5715512621762555,0.4284487378237445,377.19298245614027
7,1,14,65.0,5.0,13.5,0.5605666494448629,0.4394333505551371,377.19298245614027
8,1,14,75.0,5.0,13.5,0.5503809888323156,0.44961901116768443,377.19298245614027
9,1,14,85.0,5.0,13.5,0.5409261222571765,0.4590738777428235,377.19298245614027
10,1,14,95.0,5.0,13.5,0.5320684287669144,0.4679315712330856,377.19298245614027
11,1,14,105.0,5.0,13.5,0.5236578204955604,0.4763421795044396,377.19298245614027
12,1,14,115.0,5.0,13.5,0.5154896763965521,0.4845103236034479,377.19298245614027
13,1,14,125.0,5.0,13.5,0.5074604263867999,0.4925395736132001,377.19298245614027
14,1,14,135.0,5.0,13.5,0.499647606123903,0.500352393876097,377.19298245614027
15,1,14,145.0,5.0,13.5,0.4919394642783829,0.508060535721617,377.19298245614027
16,1,14,155.0,5.0,13.5,0.48410788110679115,0.5158921188932089,377.19298245614027
17,1,14,165.0,5.0,13.5,0.47596884116254123,0.5240311588374588,377.19298245614027
18,1,14,175.0,5.0,13.5,0.4672468332646713,0.5327531667353287,377.19298245614027
19,1,14,185.0,5.0,13.5,0.4573047331059193,0.5426952668940808,377.19298245614027
20,1,14,195.0,5.0,13.5,0.44536955673022244,0.5546304432697775,377.19298245614027
21,1,14,205.0,5.0,13.5,0.4304203868716783,0.5695796131283217,377.19298245614027
22,1,14,215.0,5.0,13.5,0.41017851903101415,0.5898214809689859,377.19298245614027
23,1,14,225.0,5.0,13.5,0.3809992801194341,0.6190007198805658,377.19298245614027
24,1,14,235.0,5.0,13.5,0.34046731317311235,0.6595326868268876,377.19298245614027
25,1,14,245.0,5.0,13.5,0.2922173553997341,0.707782644600266,377.19298245614027
26,1,14,255.0,5.0,13.5,0.24855446871400821,0.7514455312859918,377.19298245614027
27,1,14,265.0,5.0,13.5,0.2203868695688273,0.7796131304311726,377.19298245614027
28,1,14,275.0,5.0,13.5,0.20685341221129366,0.7931465877887063,377.19298245614027
29,1,14,285.0,5.0,13.5,0.20181734627335485,0.7981826537266452,377.19298245614027
30,1,14,295.0,5.0,13.5,0.20037941697556494,0.7996205830244351,377.19298245614027
31,1,14,305.0,5.0,13.5,0.20007060837115365,0.7999293916288464,377.19298245614027
32,1,14,315.0,5.0,13.5,0.20003036865178125,0.7999696313482187,377.19298245614027
33,1,14,325.0,5.0,13.5,0.20002615074216007,0.7999738492578399,377.19298245614027
34,1,14,335.0,5.0,13.5,0.2000257614764838,0.7999742385235162,377.19298245614027
35,1,14,345.0,5.0,13.5,0.2000260511754194,0.7999739488245806,377.19298245614027
36,1,14,355.0,5.0,13.5,0.2000264525199247,0.7999735474800753,377.19298245614027
37,1,14,365.0,5.0,13.5,0.20002687130894076,0.7999731286910592,377.19298245614027
38,1,14,375.0,5.0,13.5,0.20002729648771778,0.7999727035122822,377.19298245614027
39,1,14,385.0,5.0,13.5,0.20002772624553705,0.799972273754463,377.19298245614027
40,1,14,395.0,5.0,13.5,0.20002816041007812,0.7999718395899219,377.19298245614027
41,1,14,405.0,5.0,13.5,0.20002859932688535,0.7999714006731147,377.19298245614027
42,1,14,415.0,5.0,13.5,0.2000290429747488,0.7999709570252512,377.19298245614027
43,1,14,425.0,5.0,13.5,0.20002949080216734,0.7999705091978326,377.19298245614027
44,1,14,435.0,5.0,13.5,0.20002994204921765,0.7999700579507824,377.19298245614027
45,1,14,445.0,5.0,13.5,0.20003039522394517,0.7999696047760548,377.19298245614027
46,1,14,455.0,5.0,13.5,0.20003084651348454,0.7999691534865154,377.19298245614027
47,1,14,465.0,5.0,13.5,0.20003128777899548,0.7999687122210045,377.19298245614027
48,1,14,475.0,5.0,13.5,0.20003170298276318,0.7999682970172368,377.19298245614027
49,1,14,485.0,5.0,13.5,0.2000320601597915,0.7999679398402085,377.19298245614027
50,1,14,495.0,5.0,13.5,0.20003229996988742,0.7999677000301126,377.19298245614027
1,2,14,5.0,15.0,13.5,0.7024957093748538,0.29750429062514616,377.19298245614027
2,2,14,15.0,15.0,13.5,0.6880393530418517,0.3119606469581483,377.19298245614027
3,2,14,25.0,15.0,13.5,0.6720659378463059,0.32793406215369414,377.19298245614027
4,2,14,35.0,15.0,13.5,0.6561863701883187,0.3438136298116813,377.19298245614027
5,2,14,45.0,15.0,13.5,0.6411685666605287,0.3588314333394713,377.19298245614027
6,2,14,55.0,15.0,13.5,0.6273067740762325,0.3726932259237675,377.19298245614027
7,2,14,65.0,15.0,13.5,0.6146479398762063,0.38535206012379375,377.19298245614027
8,2,14,75.0,15.0,13.5,0.6031290370327761,0.3968709629672239,377.19298245614027
9,2,14,85.0,15.0,13.5,0.5926224891181215,0.40737751088187846,377.19298245614027
10,2,14,95.0,15.0,13.5,0.5829534583830512,0.41704654161694876,377.19298245614027
11,2,14,105.0,15.0,13.5,0.5739583575980314,0.4260416424019686,377.19298245614027
12,2,14,115.0,15.0,13.5,0.5655167342560687,0.43448326574393126,377.19298245614027
13,2,14,125.0,15.0,13.5,0.5574680202389278,0.44253197976107217,377.19298245614027
14,2,14,135.0,15.0,13.5,0.5496646451226779,0.4503353548773221,377.19298245614027
15,2,14,145.0,15.0,13.5,0.542180707831891,0.457819292168109,377.19298245614027
16,2,14,155.0,15.0,13.5,0.5349549146928803,0.46504508530711974,377.19298245614027
17,2,14,165.0,15.0,13.5,0.5278858705283163,0.47211412947168374,377.19298245614027
18,2,14,175.0,15.0,13.5,0.5209125587015553,0.4790874412984447,377.19298245614027
19,2,14,185.0,15.0,13.5,0.5139499629124925,0.4860500370875075,377.19298245614027
20,2,14,195.0,15.0,13.5,0.5068291778096842,0.4931708221903158,377.19298245614027
21,2,14,205.0,15.0,13.5,0.49939947872517954,0.5006005212748205,377.19298245614027
22,2,14,215.0,15.0,13.5,0.4915282111625754,0.5084717888374246,377.19298245614027
23,2,14,225.0,15.0,13.5,0.48288539961326604,0.517114600386734,377.19298245614027
24,2,14,235.0,15.0,13.5,0.4729041434705265,0.5270958565294734,377.19298245614027
25,2,14,245.0,15.0,13.5,0.46098569629567376,0.5390143037043262,377.19298245614027
26,2,14,255.0,15.0,13.5,0.44624036218551727,0.5537596378144827,377.19298245614027
27,2,14,265.0,15.0,13.5,0.4265848952068214,0.5734151047931786,377.19298245614027
28,2,14,275.0,15.0,13.5,0.3985057184441374,0.6014942815558626,377.19298245614027
29,2,14,285.0,15.0,13.5,0.3588394059142983,0.6411605940857017,377.19298245614027
30,2,14,295.0,15.0,13.5,0.30889820946976143,0.6911017905302386,377.19298245614027
31,2,14,305.0,15.0,13.5,0.2594896825597612,0.7405103174402388,377.19298245614027
32,2,14,315.0,15.0,13.5,0.22497569733793982,0.7750243026620602,377.19298245614027
33,2,14,325.0,15.0,13.5,0.20788088184273332,0.7921191181572667,377.19298245614027
34,2,14,335.0,15.0,13.5,0.20171805534509427,0.7982819446549058,377.19298245614027
35,2,14,345.0,15.0,13.5,0.20027853715062818,0.7997214628493718,377.19298245614027
36,2,14,355.0,15.0,13.5,0.2000586190532965,0.7999413809467035,377.19298245614027
37,2,14,365.0,15.0,13.5,0.20003029221136354,0.7999697077886365,377.19298245614027
38,2,14,375.0,15.0,13.5,0.20002776815425383,0.7999722318457462,377.19298245614027
39,2,14,385.0,15.0,13.5,0.20002778418472889,0.7999722158152711,377.19298245614027
40,2,14,395.0,15.0,13.5,0.2000281663401095,0.7999718336598904,377.19298245614027
41,2,14,405.0,15.0,13.5,0.20002859879120286,0.7999714012087972,377.19298245614027
42,2,14,415.0,15.0,13.5,0.2000290419083056,0.7999709580916944,377.19298245614027
43,2,14,425.0,15.0,13.5,0.2000294904617126,0.7999705095382874,377.19298245614027
44,2,14,435.0,15.0,13.5,0.20002994343886252,0.7999700565611375,377.19298245614027
45,2,14,445.0,15.0,13.5,0.20003040025605448,0.7999695997439455,377.19298245614027
46,2,14,455.0,15.0,13.5,0.20003085890475467,0.7999691410952453,377.19298245614027
47,2,14,465.0,15.0,13.5,0.20003131386724537,0.7999686861327546,377.19298245614027
48,2,14,475.0,15.0,13.5,0.2000317525596384,0.7999682474403615,377.19298245614027
49,2,14,485.0,15.0,13.5,0.20003214606179429,0.7999678539382057,377.19298245614027
50,2,14,495.0,15.0,13.5,0.20003243053240055,0.7999675694675994,377.19298245614027
1,3,14,5.0,25.0,13.5,0.7432185097204592,0.2567814902795408,377.19298245614027
2,3,14,15.0,25.0,13.5,0.7265382405567394,0.27346175944326057,377.19298245614027
3,3,14,25.0,25.0,13.5,0.7081509178039785,0.29184908219602146,377.19298245614027
4,3,14,35.0,25.0,13.5,0.6899085484977294,0.3100914515022706,377.19298245614027
5,3,14,45.0,25.0,13.5,0.6727355658691089,0.3272644341308911,377.19298245614027
6,3,14,55.0,25.0,13.5,0.6569560954586288,0.34304390454137124,377.19298245614027
7,3,14,65.0,25.0,13.5,0.6426023501087225,0.35739764989127754,377.19298245614027
8,3,14,75.0,25.0,13.5,0.6295858786384702,0.37041412136152985,377.19298245614027
9,3,14,85.0,25.0,13.5,0.6177792707531912,0.38222072924680883,377.19298245614027
10,3,14,95.0,25.0,13.5,0.6070254859843683,0.39297451401563166,377.19298245614027
11,3,14,105.0,25.0,13.5,0.597153401562929,0.40284659843707105,377.19298245614027
12,3,14,115.0,25.0,13.5,0.5879862553127185,0.41201374468728147,377.19298245614027
13,3,14,125.0,25.0,13.5,0.579361682994135,0.42063831700586496,377.19298245614027
14,3,14,135.0,25.0,13.5,0.5711607138778296,0.42883928612217037,377.19298245614027
15,3,14,145.0,25.0,13.5,0.5632651279160084,0.43673487208399164,377.19298245614027
16,3,14,155.0,25.0,13.5,0.555630839174182,0.444369160825818,377.19298245614027
17,3,14,165.0,25.0,13.5,0.5482748124627187,0.4517251875372813,377.19298245614027
18,3,14,175.0,25.0,13.5,0.54114840608684,0.45885159391316,377.19298245614027
19,3,14,185.0,25.0,13.5,0.5341775099647347,0.4658224900352653,377.19298245614027
20,3,14,195.0,25.0,13.5,0.5272708461645389,0.4727291538354611,377.19298245614027
21,3,14,205.0,25.0,13.5,0.520380557668416,0.47961944233158404,377.19298245614027
22,3,14,215.0,25.0,13.5,0.5134318322361049,0.4865681677638951,377.19298245614027
23,3,14,225.0,25.0,13.5,0.5062555325933468,0.49374446740665323,377.19298245614027
24,3,14,235.0,25.0,13.5,0.49869299976691756,0.5013070002330824,377.19298245614027
25,3,14,245.0,25.0,13.5,0.4906111675651261,0.5093888324348739,377.19298245614027
26,3,14,255.0,25.0,13.5,0.4816773511635489,0.5183226488364512,377.19298245614027
27,3,14,265.0,25.0,13.5,0.4712900315568636,0.5287099684431364,377.19298245614027
28,3,14,275.0,25.0,13.5,0.45878852792241726,0.5412114720775827,377.19298245614027
29,3,14,285.0,25.0,13.5,0.4431787341594735,0.5568212658405265,377.19298245614027
30,3,14,295.0,25.0,13.5,0.42221295953941945,0.5777870404605805,377.19298245614027
31,3,14,305.0,25.0,13.5,0.39221465514221604,0.6077853448577839,377.19298245614027
32,3,14,315.0,25.0,13.5,0.35016437749760937,0.6498356225023907,377.19298245614027
33,3,14,325.0,25.0,13.5,0.29859277612176877,0.7014072238782312,377.19298245614027
34,3,14,335.0,25.0,13.5,0.2506673940632313,0.7493326059367686,377.19298245614027
35,3,14,345.0,25.0,13.5,0.22002571857501718,0.7799742814249828,377.19298245614027
36,3,14,355.0,25.0,13.5,0.20588812662875602,0.794111873371244,377.19298245614027
37,3,14,365.0,25.0,13.5,0.20113457685930397,0.798865423140696,377.19298245614027
38,3,14,375.0,25.0,13.5,0.20017349260714354,0.7998265073928564,377.19298245614027
39,3,14,385.0,25.0,13.5,0.20004509248356664,0.7999549075164334,377.19298245614027
40,3,14,395.0,25.0,13.5,0.2000299657609392,0.7999700342390608,377.19298245614027
41,3,14,405.0,25.0,13.5,0.2000288402407148,0.7999711597592852,377.19298245614027
42,3,14,415.0,25.0,13.5,0.20002906674672224,0.7999709332532777,377.19298245614027
43,3,14,425.0,25.0,13.5,0.2000294919518666,0.7999705080481334,377.19298245614027
44,3,14,435.0,25.0,13.5,0.20002994463780627,0.7999700553621938,377.19298245614027
45,3,14,445.0,25.0,13.5,0.20003040691610324,0.7999695930838968,377.19298245614027
46,3,14,455.0,25.0,13.5,0.20003087728242874,0.7999691227175713,377.19298245614027
47,3,14,465.0,25.0,13.5,0.2000313546889209,0.7999686453110791,377.19298245614027
48,3,14,475.0,25.0,13.5,0.20003183307436123,0.7999681669256388,377.19298245614027
49,3,14,485.0,25.0,13.5,0.20003228987664312,0.7999677101233569,377.19298245614027
50,3,14,495.0,25.0,13.5,0.20003266293808733,0.7999673370619127,377.19298245614027
1,4,14,5.0,35.0,13.5,0.7713982127625394,0.2286017872374606,377.19298245614027
2,4,14,15.0,35.0,13.5,0.7539846355555453,0.2460153644444547,377.19298245614027
3,4,14,25.0,35.0,13.5,0.7340053883284061,0.2659946116715939,377.19298245614027
4,4,14,35.0,35.0,13.5,0.7139025202782477,0.28609747972175226,377.19298245614027
5,4,14,45.0,35.0,13.5,0.6949643715545732,0.30503562844542675,377.19298245614027
6,4,14,55.0,35.0,13.5,0.6777261632723346,0.3222738367276654,377.19298245614027
7,4,14,65.0,35.0,13.5,0.6621199889720941,0.3378800110279059,377.19298245614027
8,4,14,75.0,35.0,13.5,0.6479746303361805,0.3520253696638195,377.19298245614027
9,4,14,85.0,35.0,13.5,0.6351286708828815,0.3648713291171185,377.19298245614027
10,4,14,95.0,35.0,13.5,0.6234443088812363,0.37655569111876375,377.19298245614027
11,4,14,105.0,35.0,13.5,0.6127753029454635,0.38722469705453655,377.19298245614027
12,4,14,115.0,35.0,13.5,0.6029596306276545,0.39704036937234555,377.19298245614027
13,4,14,125.0,35.0,13.5,0.5938146039929858,0.4061853960070142,377.19298245614027
14,4,14,135.0,35.0,13.5,0.5851822516401785,0.41481774835982155,377.19298245614027
15,4,14,145.0,35.0,13.5,0.5769589437978881,0.42304105620211185,377.19298245614027
16,4,14,155.0,35.0,13.5,0.5690499173889377,0.43095008261106227,377.19298245614027
17,4,14,165.0,35.0,13.5,0.5613964423121175,0.4386035576878825,377.19298245614027
18,4,14,175.0,35.0,13.5,0.5540296726291457,0.4459703273708543,377.19298245614027
19,4,14,185.0,35.0,13.5,0.5468963483520097,0.45310365164799027,377.19298245614027
20,4,14,195.0,35.0,13.5,0.539939408391133,0.46006059160886703,377.19298245614027
21,4,14,205.0,35.0,13.5,0.5330877644353269,0.4669122355646731,377.19298245614027
22,4,14,215.0,35.0,13.5,0.5262759553181408,0.47372404468185925,377.19298245614027
23,4,14,225.0,35.0,13.5,0.5194474840074729,0.48055251599252713,377.19298245614027
24,4,14,235.0,35.0,13.5,0.5125018153627816,0.4874981846372184,377.19298245614027
25,4,14,245.0,35.0,13.5,0.5052914993618431,0.49470850063815686,377.19298245614027
26,4,14,255.0,35.0,13.5,0.4976782510822123,0.5023217489177877,377.19298245614027
27,4,14,265.0,35.0,13.5,0.4894817728858014,0.5105182271141986,377.19298245614027
28,4,14,275.0,35.0,13.5,0.4803276813877816,0.5196723186122184,377.19298245614027
29,4,14,285.0,35.0,13.5,0.4696429105523131,0.5303570894476869,377.19298245614027
30,4,14,295.0,35.0,13.5,0.45675118856262514,0.5432488114373748,377.19298245614027
31,4,14,305.0,35.0,13.5,0.44047758687638283,0.5595224131236172,377.19298245614027
32,4,14,315.0,35.0,13.5,0.4183671155648679,0.5816328844351322,377.19298245614027
33,4,14,325.0,35.0,13.5,0.3867582851291678,0.6132417148708322,377.19298245614027
34,4,14,335.0,35.0,13.5,0.34302936452937877,0.6569706354706213,377.19298245614027
35,4,14,345.0,35.0,13.5,0.29085658224205707,0.709143417757943,377.19298245614027
36,4,14,355.0,35.0,13.5,0.24464729813258843,0.7553527018674115,377.19298245614027
37,4,14,365.0,35.0,13.5,0.21671637283292405,0.783283627167076,377.19298245614027
38,4,14,375.0,35.0,13.5,0.20451801279529191,0.7954819872047081,377.19298245614027
39,4,14,385.0,35.0,13.5,0.20079017243033923,0.7992098275696607,377.19298245614027
40,4,14,395.0,35.0,13.5,0.20012366303104068,0.7998763369689593,377.19298245614027
41,4,14,405.0,35.0,13.5,0.20003908439060686,0.7999609156093932,377.19298245614027
42,4,14,415.0,35.0,13.5,0.20003019822114435,0.7999698017788557,377.19298245614027
43,4,14,425.0,35.0,13.5,0.20002963061249154,0.7999703693875084,377.19298245614027
44,4,14,435.0,35.0,13.5,0.2000299589443257,0.7999700410556743,377.19298245614027
45,4,14,445.0,35.0,13.5,0.200030411160773,0.799969588839227,377.19298245614027
46,4,14,455.0,35.0,13.5,0.20003089065904986,0.7999691093409501,377.19298245614027
47,4,14,465.0,35.0,13.5,0.20003139168429918,0.7999686083157008,377.19298245614027
48,4,14,475.0,35.0,13.5,0.20003191585848862,0.7999680841415113,377.19298245614027
49,4,14,485.0,35.0,13.5,0.20003244618615768,0.7999675538138423,377.19298245614027
50,4,14,495.0,35.0,13.5,0.20003291943324472,0.7999670805667553,377.19298245614027
1,5,14,5.0,45.0,13.5,0.7910962974203565,0.20890370257964352,377.19298245614027
2,5,14,15.0,45.0,13.5,0.7759682753080785,0.22403172469192145,377.19298245614027
3,5,14,25.0,45.0,13.5,0.7558053568106269,0.24419464318937312,377.19298245614027
4,5,14,35.0,45.0,13.5,0.7347650914568177,0.2652349085431823,377.19298245614027
5,5,14,45.0,45.0,13.5,0.7149337514752866,0.2850662485247134,377.19298245614027
6,5,14,55.0,45.0,13.5,0.6967508641083696,0.3032491358916304,377.19298245614027
7,5,14,65.0,45.0,13.5,0.6802856215709321,0.3197143784290679,377.19298245614027
8,5,14,75.0,45.0,13.5,0.6654170917724884,0.3345829082275116,377.19298245614027
9,5,14,85.0,45.0,13.5,0.6519666572380638,0.3480333427619362,377.19298245614027
10,5,14,95.0,45.0,13.5,0.6397625606892784,0.3602374393107216,377.19298245614027
11,5,14,105.0,45.0,13.5,0.6286461879951747,0.3713538120048253,377.19298245614027
12,5,14,115.0,45.0,13.5,0.6184484091133174,0.38155159088668256,377.19298245614027
13,5,14,125.0,45.0,13.5,0.6089893376282501,0.39101066237174986,377.19298245614027
14,5,14,135.0,45.0,13.5,0.6000961204898514,0.3999038795101486,377.19298245614027
15,5,14,145.0,45.0,13.5,0.5916341560896657,0.40836584391033426,377.19298245614027
16,5,14,155.0,45.0,13.5,0.5835095932137327,0.41649040678626725,377.19298245614027
17,5,14,165.0,45.0,13.5,0.5756517962633958,0.4243482037366042,377.19298245614027
18,5,14,175.0,45.0,13.5,0.5680681973604053,0.43193180263959474,377.19298245614027
19,5,14,185.0,45.0,13.5,0.5607425656333181,0.43925743436668185,377.19298245614027
20,5,14,195.0,45.0,13.5,0.5536288457667862,0.44637115423321383,377.19298245614027
21,5,14,205.0,45.0,13.5,0.5466818442957645,0.4533181557042355,377.19298245614027
22,5,14,215.0,45.0,13.5,0.5398411918704781,0.4601588081295219,377.19298245614027
23,5,14,225.0,45.0,13.5,0.5330374594170894,0.46696254058291065,377.19298245614027
24,5,14,235.0,45.0,13.5,0.5262204815325175,0.47377951846748245,377.19298245614027
25,5,14,245.0,45.0,13.5,0.5193236140424072,0.48067638595759277,377.19298245614027
26,5,14,255.0,45.0,13.5,0.5122144868132201,0.4877855131867799,377.19298245614027
27,5,14,265.0,45.0,13.5,0.5047461919432877,0.49525380805671226,377.19298245614027
28,5,14,275.0,45.0,13.5,0.4967872707529798,0.5032127292470202,377.19298245614027
29,5,14,285.0,45.0,13.5,0.48808008088321914,0.5119199191167809,377.19298245614027
30,5,14,295.0,45.0,13.5,0.4781309689019336,0.5218690310980665,377.19298245614027
31,5,14,305.0,45.0,13.5,0.4663243439988105,0.5336756560011895,377.19298245614027
32,5,14,315.0,45.0,13.5,0.45184522117198445,0.5481547788280156,377.19298245614027
33,5,14,325.0,45.0,13.5,0.43296354941631693,0.5670364505836831,377.19298245614027
34,5,14,335.0,45.0,13.5,0.4064519026195035,0.5935480973804965,377.19298245614027
35,5,14,345.0,45.0,13.5,0.3685644816770583,0.6314355183229416,377.19298245614027
36,5,14,355.0,45.0,13.5,0.3186328121082864,0.6813671878917136,377.19298245614027
37,5,14,365.0,45.0,13.5,0.2658458265248712,0.7341541734751288,377.19298245614027
38,5,14,375.0,45.0,13.5,0.22727376696163618,0.7727262330383639,377.19298245614027
39,5,14,385.0,45.0,13.5,0.20819971208169097,0.791800287918309,377.19298245614027
40,5,14,395.0,45.0,13.5,0.20160059731449873,0.7983994026855012,377.19298245614027
41,5,14,405.0,45.0,13.5,0.20022473462861268,0.7997752653713873,377.19298245614027
42,5,14,415.0,45.0,13.5,0.20004931708013637,0.7999506829198636,377.19298245614027
43,5,14,425.0,45.0,13.5,0.2000312817119384,0.7999687182880616,377.19298245614027
44,5,14,435.0,45.0,13.5,0.20003015892031725,0.7999698410796827,377.19298245614027
45,5,14,445.0,45.0,13.5,0.20003042520987374,0.7999695747901263,377.19298245614027
46,5,14,455.0,45.0,13.5,0.20003088618564124,0.7999691138143588,377.19298245614027
47,5,14,465.0,45.0,13.5,0.20003139347685522,0.7999686065231448,377.19298245614027
48,5,14,475.0,45.0,13.5,0.20003193892877144,0.7999680610712285,377.19298245614027
49,5,14,485.0,45.0,13.5,0.20003247954596698,0.7999675204540331,377.19298245614027
50,5,14,495.0,45.0,13.5,0.20003283360558063,0.7999671663944193,377.19298245614027
1,6,14,5.0,55.0,13.5,0.7726429193594575,0.2273570806405425,377.19298245614027
2,6,14,15.0,55.0,13.5,0.7561280924994547,0.24387190750054533,377.19298245614027
3,6,14,25.0,55.0,13.5,0.7371025229315791,0.2628974770684209,377.19298245614027
4,6,14,35.0,55.0,13.5,0.7177841389741878,0.2822158610258122,377.19298245614027
5,6,14,45.0,55.0,13.5,0.6994132802590166,0.3005867197409834,377.19298245614027
6,6,14,55.0,55.0,13.5,0.6824409852160549,0.3175590147839451,377.19298245614027
7,6,14,65.0,55.0,13.5,0.6669298702795312,0.3330701297204688,377.19298245614027
8,6,14,75.0,55.0,13.5,0.6527970268825568,0.3472029731174432,377.19298245614027
9,6,14,85.0,55.0,13.5,0.6399222428511233,0.3600777571488767,377.19298245614027
10,6,14,95.0,55.0,13.5,0.6281885040891069,0.37181149591089313,377.19298245614027
11,6,14,105.0,55.0,13.5,0.6174632807510411,0.38253671924895893,377.19298245614027
12,6,14,115.0,55.0,13.5,0.6075927534822072,0.3924072465177928,377.19298245614027
13,6,14,125.0,55.0,13.5,0.5983959219243817,0.40160407807561826,377.19298245614027
14,6,14,135.0,55.0,13.5,0.5897076972884847,0.4102923027115153,377.19298245614027
15,6,14,145.0,55.0,13.5,0.5814158638696173,0.4185841361303827,377.19298245614027
16,6,14,155.0,55.0,13.5,0.5734434315997408,0.42655656840025924,377.19298245614027
17,6,14,165.0,55.0,13.5,0.5657097339069409,0.4342902660930591,377.19298245614027
18,6,14,175.0,55.0,13.5,0.5582477784957321,0.44175222150426785,377.19298245614027
19,6,14,185.0,55.0,13.5,0.5510200781512251,0.4489799218487749,377.19298245614027
20,6,14,195.0,55.0,13.5,0.5439854865724809,0.4560145134275191,377.19298245614027
21,6,14,205.0,55.0,13.5,0.5370772788175434,0.4629227211824566,377.19298245614027
22,6,14,215.0,55.0,13.5,0.5302212977771829,0.46977870222281715,377.19298245614027
23,6,14,225.0,55.0,13.5,0.5233673695280159,0.4766326304719841,377.19298245614027
24,6,14,235.0,55.0,13.5,0.5164472945036236,0.4835527054963764,377.19298245614027
25,6,14,245.0,55.0,13.5,0.509325268762329,0.490674731237671,377.19298245614027
26,6,14,255.0,55.0,13.5,0.5018466729971732,0.4981533270028268,377.19298245614027
27,6,14,265.0,55.0,13.5,0.4938778907258393,0.5061221092741607,377.19298245614027
28,6,14,275.0,55.0,13.5,0.485153908177295,0.514846091822705,377.19298245614027
29,6,14,285.0,55.0,13.5,0.4751600489113844,0.5248399510886156,377.19298245614027
30,6,14,295.0,55.0,13.5,0.4632592740865078,0.5367407259134922,377.19298245614027
31,6,14,305.0,55.0,13.5,0.44859991859906556,0.5514000814009344,377.19298245614027
32,6,14,315.0,55.0,13.5,0.42936934213572703,0.570630657864273,377.19298245614027
33,6,14,325.0,55.0,13.5,0.4022370483858334,0.5977629516141666,377.19298245614027
34,6,14,335.0,55.0,13.5,0.363579147190726,0.6364208528092741,377.19298245614027
35,6,14,345.0,55.0,13.5,0.31341692799527904,0.686583072004721,377.19298245614027
36,6,14,355.0,55.0,13.5,0.2620459444103952,0.7379540555896048,377.19298245614027
37,6,14,365.0,55.0,13.5,0.22569012515159367,0.7743098748484063,377.19298245614027
38,6,14,375.0,55.0,13.5,0.20779349524991905,0.7922065047500809,377.19298245614027
39,6,14,385.0,55.0,13.5,0.2015319897778515,0.7984680102221485,377.19298245614027
40,6,14,395.0,55.0,13.5,0.2002205469212041,0.7997794530787958,377.19298245614027
41,6,14,405.0,55.0,13.5,0.20004918593594698,0.799950814064053,377.19298245614027
42,6,14,415.0,55.0,13.5,0.20003089773847393,0.7999691022615261,377.19298245614027
43,6,14,425.0,55.0,13.5,0.2000296971900107,0.7999703028099893,377.19298245614027
44,6,14,435.0,55.0,13.5,0.20002994061796114,0.7999700593820389,377.19298245614027
45,6,14,445.0,55.0,13.5,0.2000303786648844,0.7999696213351156,377.19298245614027
46,6,14,455.0,55.0,13.5,0.2000308476867219,0.7999691523132781,377.19298245614027
47,6,14,465.0,55.0,13.5,0.20003133504700504,0.7999686649529949,377.19298245614027
48,6,14,475.0,55.0,13.5,0.20003183917331727,0.7999681608266828,377.19298245614027
49,6,14,485.0,55.0,13.5,0.20003233877301937,0.7999676612269806,377.19298245614027
50,6,14,495.0,55.0,13.5,0.2000327698569947,0.7999672301430053,377.19298245614027
1,7,14,5.0,65.0,13.5,0.7473304209176103,0.25266957908238974,377.19298245614027
2,7,14,15.0,65.0,13.5,0.7317075874727068,0.2682924125272932,377.19298245614027
3,7,14,25.0,65.0,13.5,0.7142450742368446,0.2857549257631554,377.19298245614027
4,7,14,35.0,65.0,13.5,0.6966573541406771,0.3033426458593229,377.19298245614027
5,7,14,45.0,65.0,13.5,0.6798720696437636,0.32012793035623643,377.19298245614027
6,7,14,55.0,65.0,13.5,0.6642700395427699,0.33572996045723014,377.19298245614027
7,7,14,65.0,65.0,13.5,0.6499429642120074,0.35005703578799263,377.19298245614027
8,7,14,75.0,65.0,13.5,0.6368562131893531,0.36314378681064685,377.19298245614027
9,7,14,85.0,65.0,13.5,0.6249195643495935,0.3750804356504065,377.19298245614027
10,7,14,95.0,65.0,13.5,0.6140181869461996,0.3859818130538004,377.19298245614027
11,7,14,105.0,65.0,13.5,0.6040021391124317,0.3959978608875683,377.19298245614027
12,7,14,115.0,65.0,13.5,0.5947008180570594,0.40529918194294057,377.19298245614027
13,7,14,125.0,65.0,13.5,0.5859545965330359,0.41404540346696406,377.19298245614027
14,7,14,135.0,65.0,13.5,0.5776426200113438,0.4223573799886562,377.19298245614027
15,7,14,145.0,65.0,13.5,0.5696633073556819,0.43033669264431806,377.19298245614027
16,7,14,155.0,65.0,13.5,0.561922607371208,0.438077392628792,377.19298245614027
17,7,14,165.0,65.0,13.5,0.5544584190465748,0.4455415809534252,377.19298245614027
18,7,14,175.0,65.0,13.5,0.5472362399209784,0.45276376007902164,377.19298245614027
19,7,14,185.0,65.0,13.5,0.540201039430018,0.45979896056998204,377.19298245614027
20,7,14,195.0,65.0,13.5,0.5332844013843833,0.46671559861561673,377.19298245614027
21,7,14,205.0,65.0,13.5,0.5264139728792228,0.47358602712077724,377.19298245614027
22,7,14,215.0,65.0,13.5,0.5195313514606075,0.48046864853939253,377.19298245614027
23,7,14,225.0,65.0,13.5,0.5125425833448348,0.4874574166551652,377.19298245614027
24,7,14,235.0,65.0,13.5,0.5052975111113873,0.4947024888886127,377.19298245614027
25,7,14,245.0,65.0,13.5,0.49764805639154625,0.5023519436084538,377.19298245614027
26,7,14,255.0,65.0,13.5,0.4894140265672318,0.5105859734327682,377.19298245614027
27,7,14,265.0,65.0,13.5,0.4802239406021481,0.5197760593978519,377.19298245614027
28,7,14,275.0,65.0,13.5,0.46949173093721375,0.5305082690627863,377.19298245614027
29,7,14,285.0,65.0,13.5,0.45651916168159806,0.543480838318402,377.19298245614027
30,7,14,295.0,65.0,13.5,0.44010574646446926,0.5598942535355307,377.19298245614027
31,7,14,305.0,65.0,13.5,0.41773812731631504,0.582261872683685,377.19298245614027
32,7,14,315.0,65.0,13.5,0.3856725719541934,0.6143274280458066,377.19298245614027
33,7,14,325.0,65.0,13.5,0.34129470714175336,0.6587052928582466,377.19298245614027
34,7,14,335.0,65.0,13.5,0.28869054321946247,0.7113094567805376,377.19298245614027
35,7,14,345.0,65.0,13.5,0.2428582670519467,0.7571417329480533,377.19298245614027
36,7,14,355.0,65.0,13.5,0.2157215413920005,0.7842784586079995,377.19298245614027
37,7,14,365.0,65.0,13.5,0.2040996099862524,0.7959003900137476,377.19298245614027
38,7,14,375.0,65.0,13.5,0.2006786733858003,0.7993213266141996,377.19298245614027
39,7,14,385.0,65.0,13.5,0.20010450886586031,0.7998954911341397,377.19298245614027
40,7,14,395.0,65.0,13.5,0.20003588283718957,0.7999641171628105,377.19298245614027
41,7,14,405.0,65.0,13.5,0.200029440782319,0.799970559217681,377.19298245614027
42,7,14,415.0,65.0,13.5,0.20002910749071878,0.7999708925092812,377.19298245614027
43,7,14,425.0,65.0,13.5,0.20002946159562243,0.7999705384043776,377.19298245614027
44,7,14,435.0,65.0,13.5,0.2000298967988159,0.7999701032011841,377.19298245614027
45,7,14,445.0,65.0,13.5,0.20003034362275932,0.7999696563772407,377.19298245614027
46,7,14,455.0,65.0,13.5,0.2000307953120292,0.7999692046879708,377.19298245614027
47,7,14,465.0,65.0,13.5,0.2000312493281307,0.7999687506718693,377.19298245614027
48,7,14,475.0,65.0,13.5,0.20003169792992073,0.7999683020700793,377.19298245614027
49,7,14,485.0,65.0,13.5,0.20003211765166262,0.7999678823483374,377.19298245614027
50,7,14,495.0,65.0,13.5,0.20003245150767646,0.7999675484923235,377.19298245614027
1,8,14,5.0,75.0,13.5,0.7137147297210077,0.2862852702789923,377.19298245614027
2,8,14,15.0,75.0,13.5,0.7001085364049578,0.29989146359504215,377.19298245614027
3,8,14,25.0,75.0,13.5,0.6848105101942704,0.3151894898057296,377.19298245614027
4,8,14,35.0,75.0,13.5,0.6693395029443309,0.33066049705566913,377.19298245614027
5,8,14,45.0,75.0,13.5,0.6544920743665545,0.34550792563344546,377.19298245614027
6,8,14,55.0,75.0,13.5,0.6406247229200794,0.35937527707992056,377.19298245614027
7,8,14,65.0,75.0,13.5,0.6278502752609493,0.3721497247390507,377.19298245614027
8,8,14,75.0,75.0,13.5,0.6161448022463074,0.3838551977536926,377.19298245614027
9,8,14,85.0,75.0,13.5,0.6054196940058983,0.39458030599410165,377.19298245614027
10,8,14,95.0,75.0,13.5,0.5955405446845191,0.4044594553154809,377.19298245614027
11,8,14,105.0,75.0,13.5,0.5863514069189063,0.4136485930810937,377.19298245614027
12,8,14,115.0,75.0,13.5,0.5777029430737834,0.42229705692621655,377.19298245614027
13,8,14,125.0,75.0,13.5,0.5694834266335044,0.4305165733664956,377.19298245614027
14,8,14,135.0,75.0,13.5,0.5615638380030297,0.43843616199697033,377.19298245614027
15,8,14,145.0,75.0,13.5,0.5539006683035368,0.4460993316964632,377.19298245614027
16,8,14,155.0,75.0,13.5,0.5465167266128745,0.45348327338712546,377.19298245614027
17,8,14,165.0,75.0,13.5,0.5393625723094959,0.4606374276905041,377.19298245614027
18,8,14,175.0,75.0,13.5,0.5323469170323364,0.4676530829676636,377.19298245614027
19,8,14,185.0,75.0,13.5,0.5253877448307703,0.47461225516922967,377.19298245614027
20,8,14,195.0,75.0,13.5,0.518445033089533,0.48155496691046695,377.19298245614027
21,8,14,205.0,75.0,13.5,0.5114108137588338,0.4885891862411662,377.19298245614027
22,8,14,215.0,75.0,13.5,0.5040970515819719,0.49590294841802807,377.19298245614027
23,8,14,225.0,75.0,13.5,0.4963712895263954,0.5036287104736046,377.19298245614027
24,8,14,235.0,75.0,13.5,0.4880746301255541,0.5119253698744459,377.19298245614027
25,8,14,245.0,75.0,13.5,0.47876150742055523,0.5212384925794448,377.19298245614027
26,8,14,255.0,75.0,13.5,0.4677809347419976,0.5322190652580023,377.19298245614027
27,8,14,265.0,75.0,13.5,0.45446998267863375,0.5455300173213662,377.19298245614027
28,8,14,275.0,75.0,13.5,0.437553334951776,0.562446665048224,377.19298245614027
29,8,14,285.0,75.0,13.5,0.4141927432816518,0.5858072567183482,377.19298245614027
30,8,14,295.0,75.0,13.5,0.38049271160590553,0.6195072883940944,377.19298245614027
31,8,14,305.0,75.0,13.5,0.3345395933789364,0.6654604066210636,377.19298245614027
32,8,14,315.0,75.0,13.5,0.28209229808671515,0.7179077019132849,377.19298245614027
33,8,14,325.0,75.0,13.5,0.2385923794194939,0.761407620580506,377.19298245614027
34,8,14,335.0,75.0,13.5,0.21382214501325533,0.7861778549867446,377.19298245614027
35,8,14,345.0,75.0,13.5,0.20350574686528694,0.796494253134713,377.19298245614027
36,8,14,355.0,75.0,13.5,0.20057405050243715,0.7994259494975628,377.19298245614027
37,8,14,365.0,75.0,13.5,0.20009258740195926,0.7999074125980408,377.19298245614027
38,8,14,375.0,75.0,13.5,0.20003414176092438,0.7999658582390756,377.19298245614027
39,8,14,385.0,75.0,13.5,0.20002849785918264,0.7999715021408174,377.19298245614027
40,8,14,395.0,75.0,13.5,0.2000282249686614,0.7999717750313386,377.19298245614027
41,8,14,405.0,75.0,13.5,0.20002857914081673,0.7999714208591833,377.19298245614027
42,8,14,415.0,75.0,13.5,0.200029004362317,0.799970995637683,377.19298245614027
43,8,14,425.0,75.0,13.5,0.20002943873718282,0.7999705612628172,377.19298245614027
44,8,14,435.0,75.0,13.5,0.20002987473487743,0.7999701252651226,377.19298245614027
45,8,14,445.0,75.0,13.5,0.2000303098139613,0.7999696901860387,377.19298245614027
46,8,14,455.0,75.0,13.5,0.2000307410716876,0.7999692589283124,377.19298245614027
47,8,14,465.0,75.0,13.5,0.2000311624739436,0.7999688375260564,377.19298245614027
48,8,14,475.0,75.0,13.5,0.20003156075660317,0.7999684392433968,377.19298245614027
49,8,14,485.0,75.0,13.5,0.2000319086700332,0.7999680913299668,377.19298245614027
50,8,14,495.0,75.0,13.5,0.20003215220072243,0.7999678477992775,377.19298245614027
1,9,14,5.0,85.0,13.5,0.6683078828074556,0.33169211719254443,377.19298245614027
2,9,14,15.0,85.0,13.5,0.6572846182270722,0.3427153817729278,377.19298245614027
3,9,14,25.0,85.0,13.5,0.644642268976503,0.355357731023497,377.19298245614027
4,9,14,35.0,85.0,13.5,0.6316944066670638,0.3683055933329362,377.19298245614027
5,9,14,45.0,85.0,13.5,0.6191536855837484,0.3808463144162516,377.19298245614027
6,9,14,55.0,85.0,13.5,0.6073535685149212,0.39264643148507883,377.19298245614027
7,9,14,65.0,85.0,13.5,0.5964050273877132,0.40359497261228683,377.19298245614027
8,9,14,75.0,85.0,13.5,0.5862771751789806,0.4137228248210194,377.19298245614027
9,9,14,85.0,85.0,13.5,0.5768626617103524,0.4231373382896476,377.19298245614027
10,9,14,95.0,85.0,13.5,0.5680517813197998,0.43194821868020017,377.19298245614027
11,9,14,105.0,85.0,13.5,0.55972953043223,0.44027046956777005,377.19298245614027
12,9,14,115.0,85.0,13.5,0.5517254939111116,0.4482745060888884,377.19298245614027
13,9,14,125.0,85.0,13.5,0.5439612520109406,0.4560387479890594,377.19298245614027
14,9,14,135.0,85.0,13.5,0.5365077392163273,0.46349226078367267,377.19298245614027
15,9,14,145.0,85.0,13.5,0.5292733283380096,0.47072667166199045,377.19298245614027
16,9,14,155.0,85.0,13.5,0.5221611245679376,0.4778388754320624,377.19298245614027
17,9,14,165.0,85.0,13.5,0.5150984121187213,0.4849015878812787,377.19298245614027
18,9,14,175.0,85.0,13.5,0.507963731159974,0.49203626884002605,377.19298245614027
19,9,14,185.0,85.0,13.5,0.5005681161877498,0.49943188381225023,377.19298245614027
20,9,14,195.0,85.0,13.5,0.49275111239206754,0.5072488876079324,377.19298245614027
21,9,14,205.0,85.0,13.5,0.48428370504019663,0.5157162949598033,377.19298245614027
22,9,14,215.0,85.0,13.5,0.47466411164238753,0.5253358883576125,377.19298245614027
23,9,14,225.0,85.0,13.5,0.46322378743139464,0.5367762125686053,377.19298245614027
24,9,14,235.0,85.0,13.5,0.4491675744240967,0.5508324255759033,377.19298245614027
25,9,14,245.0,85.0,13.5,0.43083561988635105,0.569164380113649,377.19298245614027
26,9,14,255.0,85.0,13.5,0.4050197004100073,0.5949802995899927,377.19298245614027
27,9,14,265.0,85.0,13.5,0.3681412316481804,0.6318587683518195,377.19298245614027
28,9,14,275.0,85.0,13.5,0.31998236689746207,0.6800176331025379,377.19298245614027
29,9,14,285.0,85.0,13.5,0.26914559287050144,0.7308544071294986,377.19298245614027
30,9,14,295.0,85.0,13.5,0.2306873323255069,0.7693126676744931,377.19298245614027
31,9,14,305.0,85.0,13.5,0.21025051586851368,0.7897494841314863,377.19298245614027
32,9,14,315.0,85.0,13.5,0.20237095667826846,0.7976290433217316,377.19298245614027
33,9,14,325.0,85.0,13.5,0.20038643341501797,0.7996135665849821,377.19298245614027
34,9,14,335.0,85.0,13.5,0.20007124509403862,0.7999287549059614,377.19298245614027
35,9,14,345.0,85.0,13.5,0.20003086569014406,0.799969134309856,377.19298245614027
36,9,14,355.0,85.0,13.5,0.20002704674576707,0.7999729532542329,377.19298245614027
37,9,14,365.0,85.0,13.5,0.20002693297822613,0.7999730670217738,377.19298245614027
38,9,14,375.0,85.0,13.5,0.2000272924830351,0.7999727075169649,377.19298245614027
39,9,14,385.0,85.0,13.5,0.20002770995302913,0.7999722900469709,377.19298245614027
40,9,14,395.0,85.0,13.5,0.20002813663952096,0.7999718633604791,377.19298245614027
41,9,14,405.0,85.0,13.5,0.2000285662364275,0.7999714337635725,377.19298245614027
42,9,14,415.0,85.0,13.5,0.2000289970413562,0.7999710029586438,377.19298245614027
43,9,14,425.0,85.0,13.5,0.20002942807499116,0.7999705719250089,377.19298245614027
44,9,14,435.0,85.0,13.5,0.20002985763037395,0.799970142369626,377.19298245614027
45,9,14,445.0,85.0,13.5,0.20003028246353155,0.7999697175364684,377.19298245614027
46,9,14,455.0,85.0,13.5,0.2000306974480787,0.7999693025519213,377.19298245614027
47,9,14,465.0,85.0,13.5,0.20003109377072187,0.7999689062292781,377.19298245614027
48,9,14,475.0,85.0,13.5,0.20003145537720776,0.7999685446227922,377.19298245614027
49,9,14,485.0,85.0,13.5,0.20003175432072812,0.7999682456792718,377.19298245614027
50,9,14,495.0,85.0,13.5,0.20003194540247593,0.7999680545975241,377.19298245614027
1,10,14,5.0,95.0,13.5,0.5926828503454233,0.40731714965457666,377.19298245614027
2,10,14,15.0,95.0,13.5,0.5843365656650089,0.4156634343349911,377.19298245614027
3,10,14,25.0,95.0,13.5,0.5744590131880792,0.42554098681192076,377.19298245614027
4,10,14,35.0,95.0,13.5,0.5640771419714238,0.4359228580285762,377.19298245614027
5,10,14,45.0,95.0,13.5,0.5537786981553418,0.44622130184465825,377.19298245614027
6,10,14,55.0,95.0,13.5,0.5438490481030782,0.4561509518969218,377.19298245614027
7,10,14,65.0,95.0,13.5,0.5344042946311802,0.4655957053688198,377.19298245614027
8,10,14,75.0,95.0,13.5,0.5254499314510285,0.4745500685489715,377.19298245614027
9,10,14,85.0,95.0,13.5,0.5169097337803802,0.4830902662196198,377.19298245614027
10,10,14,95.0,95.0,13.5,0.5086326512611344,0.49136734873886556,377.19298245614027
11,10,14,105.0,95.0,13.5,0.5003620255786545,0.4996379744213455,377.19298245614027
12,10,14,115.0,95.0,13.5,0.49224465752464625,0.5077553424753538,377.19298245614027
13,10,14,125.0,95.0,13.5,0.48422249889091923,0.5157775011090808,377.19298245614027
14,10,14,135.0,95.0,13.5,0.47606843664562637,0.5239315633543736,377.19298245614027
15,10,14,145.0,95.0,13.5,0.467570911458789,0.5324290885412111,377.19298245614027
16,10,14,155.0,95.0,13.5,0.4583526964891316,0.5416473035108684,377.19298245614027
17,10,14,165.0,95.0,13.5,0.44767285411723284,0.5523271458827672,377.19298245614027
18,10,14,175.0,95.0,13.5,0.4346494044842465,0.5653505955157535,377.19298245614027
19,10,14,185.0,95.0,13.5,0.41784273742799183,0.5821572625720082,377.19298245614027
20,10,14,195.0,95.0,13.5,0.39430664704490687,0.6056933529550932,377.19298245614027
21,10,14,205.0,95.0,13.5,0.3605082481631391,0.6394917518368609,377.19298245614027
22,10,14,215.0,95.0,13.5,0.31627186553905173,0.6837281344609483,377.19298245614027
23,10,14,225.0,95.0,13.5,0.2695360759352266,0.7304639240647735,377.19298245614027
24,10,14,235.0,95.0,13.5,0.23347651808413047,0.7665234819158695,377.19298245614027
25,10,14,245.0,95.0,13.5,0.2133571282148002,0.7866428717851998,377.19298245614027
26,10,14,255.0,95.0,13.5,0.20471420191320575,0.7952857980867942,377.19298245614027
27,10,14,265.0,95.0,13.5,0.20155457302706517,0.7984454269729349,377.19298245614027
28,10,14,275.0,95.0,13.5,0.20039682773985326,0.7996031722601468,377.19298245614027
29,10,14,285.0,95.0,13.5,0.2000740755653095,0.7999259244346905,377.19298245614027
30,10,14,295.0,95.0,13.5,0.2000304951347262,0.7999695048652737,377.19298245614027
31,10,14,305.0,95.0,13.5,0.20002549764900557,0.7999745023509944,377.19298245614027
32,10,14,315.0,95.0,13.5,0.2000249614861176,0.7999750385138824,377.19298245614027
33,10,14,325.0,95.0,13.5,0.20002522977240095,0.799974770227599,377.19298245614027
34,10,14,335.0,95.0,13.5,0.2000256229431376,0.7999743770568624,377.19298245614027
35,10,14,345.0,95.0,13.5,0.2000260316899416,0.7999739683100584,377.19298245614027
36,10,14,355.0,95.0,13.5,0.200026445650849,0.799973554349151,377.19298245614027
37,10,14,365.0,95.0,13.5,0.2000268634131862,0.7999731365868138,377.19298245614027
38,10,14,375.0,95.0,13.5,0.20002728457589367,0.7999727154241063,377.19298245614027
39,10,14,385.0,95.0,13.5,0.2000277087865381,0.7999722912134619,377.19298245614027
40,10,14,395.0,95.0,13.5,0.20002813552732826,0.7999718644726718,377.19298245614027
41,10,14,405.0,95.0,13.5,0.20002856408291894,0.7999714359170811,377.19298245614027
42,10,14,415.0,95.0,13.5,0.20002899348802777,0.7999710065119723,377.19298245614027
43,10,14,425.0,95.0,13.5,0.2000294222923825,0.7999705777076175,377.19298245614027
44,10,14,435.0,95.0,13.5,0.20002984808384947,0.7999701519161505,377.19298245614027
45,10,14,445.0,95.0,13.5,0.20003026705408516,0.7999697329459148,377.19298245614027
46,10,14,455.0,95.0,13.5,0.20003067296077365,0.7999693270392263,377.19298245614027
47,10,14,465.0,95.0,13.5,0.20003105537666774,0.7999689446233322,377.19298245614027
48,10,14,475.0,95.0,13.5,0.2000313971081718,0.7999686028918283,377.19298245614027
49,10,14,485.0,95.0,13.5,0.2000316709022185,0.7999683290977815,377.19298245614027
50,10,14,495.0,95.0,13.5,0.20003183803181143,0.7999681619681885,377.19298245614027
1,1,15,5.0,5.0,14.5,0.6216080658849173,0.37839193411508265,342.10526315789474
2,1,15,15.0,5.0,14.5,0.6093892524412396,0.39061074755876035,342.10526315789474
3,1,15,25.0,5.0,14.5,0.5955649440616083,0.4044350559383917,342.10526315789474
4,1,15,35.0,5.0,14.5,0.5815808599929375,0.4184191400070625,342.10526315789474
5,1,15,45.0,5.0,14.5,0.5682080205710915,0.43179197942890846,342.10526315789474
6,1,15,55.0,5.0,14.5,0.5557664839773034,0.44423351602269656,342.10526315789474
7,1,15,65.0,5.0,14.5,0.5442580967221636,0.45574190327783637,342.10526315789474
8,1,15,75.0,5.0,14.5,0.5335663484535141,0.46643365154648586,342.10526315789474
9,1,15,85.0,5.0,14.5,0.5235915130114168,0.4764084869885832,342.10526315789474
10,1,15,95.0,5.0,14.5,0.5140828740025739,0.4859171259974261,342.10526315789474
11,1,15,105.0,5.0,14.5,0.5046599138914774,0.49534008610852265,342.10526315789474
12,1,15,115.0,5.0,14.5,0.49527645681876664,0.5047235431812334,342.10526315789474
13,1,15,125.0,5.0,14.5,0.48588997756989627,0.5141100224301037,342.10526315789474
14,1,15,135.0,5.0,14.5,0.4762552041497013,0.5237447958502988,342.10526315789474
15,1,15,145.0,5.0,14.5,0.4659729281809444,0.5340270718190556,342.10526315789474
16,1,15,155.0,5.0,14.5,0.4542020436211363,0.5457979563788637,342.10526315789474
17,1,15,165.0,5.0,14.5,0.43997091347610723,0.5600290865238928,342.10526315789474
18,1,15,175.0,5.0,14.5,0.4216413864833874,0.5783586135166126,342.10526315789474
19,1,15,185.0,5.0,14.5,0.3957092223356468,0.6042907776643531,342.10526315789474
20,1,15,195.0,5.0,14.5,0.35815120329537814,0.6418487967046218,342.10526315789474
21,1,15,205.0,5.0,14.5,0.30951183714420993,0.6904881628557901,342.10526315789474
22,1,15,215.0,5.0,14.5,0.2605253173178663,0.7394746826821337,342.10526315789474
23,1,15,225.0,5.0,14.5,0.2260454577621151,0.7739545422378848,342.10526315789474
24,1,15,235.0,5.0,14.5,0.20887437624788055,0.7911256237521195,342.10526315789474
25,1,15,245.0,5.0,14.5,0.20239309721949827,0.7976069027805017,342.10526315789474
26,1,15,255.0,5.0,14.5,0.2005115150580917,0.7994884849419083,342.10526315789474
27,1,15,265.0,5.0,14.5,0.2000878940263049,0.7999121059736951,342.10526315789474
28,1,15,275.0,5.0,14.5,0.20003028914642698,0.799969710853573,342.10526315789474
29,1,15,285.0,5.0,14.5,0.20002458343541857,0.7999754165645814,342.10526315789474
30,1,15,295.0,5.0,14.5,0.2000240050354879,0.7999759949645121,342.10526315789474
31,1,15,305.0,5.0,14.5,0.20002425556937173,0.7999757444306282,342.10526315789474
32,1,15,315.0,5.0,14.5,0.2000246379053169,0.7999753620946831,342.10526315789474
33,1,15,325.0,5.0,14.5,0.20002503909463962,0.7999749609053604,342.10526315789474
34,1,15,335.0,5.0,14.5,0.20002544670372327,0.7999745532962768,342.10526315789474
35,1,15,345.0,5.0,14.5,0.200025858849623,0.799974141150377,342.10526315789474
36,1,15,355.0,5.0,14.5,0.20002627526232417,0.7999737247376758,342.10526315789474
37,1,15,365.0,5.0,14.5,0.20002669621711072,0.7999733037828893,342.10526315789474
38,1,15,375.0,5.0,14.5,0.20002712177372925,0.7999728782262707,342.10526315789474
39,1,15,385.0,5.0,14.5,0.20002755171886785,0.7999724482811321,342.10526315789474
40,1,15,395.0,5.0,14.5,0.2000279860857563,0.7999720139142437,342.10526315789474
41,1,15,405.0,5.0,14.5,0.20002842514059482,0.7999715748594052,342.10526315789474
42,1,15,415.0,5.0,14.5,0.20002886886728433,0.7999711311327157,342.10526315789474
43,1,15,425.0,5.0,14.5,0.2000293167869766,0.7999706832130233,342.10526315789474
44,1,15,435.0,5.0,14.5,0.20002976807909845,0.7999702319209016,342.10526315789474
45,1,15,445.0,5.0,14.5,0.20003022104964752,0.7999697789503525,342.10526315789474
46,1,15,455.0,5.0,14.5,0.20003067167144553,0.7999693283285545,342.10526315789474
47,1,15,465.0,5.0,14.5,0.20003111147214012,0.7999688885278599,342.10526315789474
48,1,15,475.0,5.0,14.5,0.20003152375632283,0.7999684762436772,342.10526315789474
49,1,15,485.0,5.0,14.5,0.20003187597083413,0.7999681240291658,342.10526315789474
50,1,15,495.0,5.0,14.5,0.20003210942081032,0.7999678905791897,342.10526315789474
1,2,15,5.0,15.0,14.5,0.6947703139673695,0.30522968603263045,342.10526315789474
2,2,15,15.0,15.0,14.5,0.6792910753097445,0.32070892469025547,342.10526315789474
3,2,15,25.0,15.0,14.5,0.6622336649435887,0.3377663350564113,342.10526315789474
4,2,15,35.0,15.0,14.5,0.6453088634375121,0.35469113656248785,342.10526315789474
5,2,15,45.0,15.0,14.5,0.6293367922616684,0.3706632077383316,342.10526315789474
6,2,15,55.0,15.0,14.5,0.6146354507243154,0.38536454927568464,342.10526315789474
7,2,15,65.0,15.0,14.5,0.6012645488821681,0.39873545111783193,342.10526315789474
8,2,15,75.0,15.0,14.5,0.5891613783469642,0.41083862165303575,342.10526315789474
9,2,15,85.0,15.0,14.5,0.5781757043719961,0.42182429562800394,342.10526315789474
10,2,15,95.0,15.0,14.5,0.5680573089991218,0.43194269100087823,342.10526315789474
11,2,15,105.0,15.0,14.5,0.5585661651289096,0.44143383487109045,342.10526315789474
12,2,15,115.0,15.0,14.5,0.5495283375292336,0.4504716624707664,342.10526315789474
13,2,15,125.0,15.0,14.5,0.54071681286785,0.45928318713215,342.10526315789474
14,2,15,135.0,15.0,14.5,0.5321921126973432,0.46780788730265677,342.10526315789474
15,2,15,145.0,15.0,14.5,0.5238996541008976,0.47610034589910244,342.10526315789474
16,2,15,155.0,15.0,14.5,0.5156891303102751,0.4843108696897249,342.10526315789474
17,2,15,165.0,15.0,14.5,0.5073399674104367,0.49266003258956326,342.10526315789474
18,2,15,175.0,15.0,14.5,0.4987016867218345,0.5012983132781654,342.10526315789474
19,2,15,185.0,15.0,14.5,0.4895419656606988,0.5104580343393013,342.10526315789474
20,2,15,195.0,15.0,14.5,0.47931365032800693,0.5206863496719931,342.10526315789474
21,2,15,205.0,15.0,14.5,0.4673443930922722,0.5326556069077277,342.10526315789474
22,2,15,215.0,15.0,14.5,0.45287486235081753,0.5471251376491825,342.10526315789474
23,2,15,225.0,15.0,14.5,0.43415604266663166,0.5658439573333683,342.10526315789474
24,2,15,235.0,15.0,14.5,0.407707390256067,0.5922926097439329,342.10526315789474
25,2,15,245.0,15.0,14.5,0.3696762838727352,0.6303237161272648,342.10526315789474
26,2,15,255.0,15.0,14.5,0.3198747548043452,0.6801252451956548,342.10526315789474
27,2,15,265.0,15.0,14.5,0.26771587297469396,0.732284127025306,342.10526315789474
28,2,15,275.0,15.0,14.5,0.22918733351852744,0.7708126664814725,342.10526315789474
29,2,15,285.0,15.0,14.5,0.20943705284215888,0.7905629471578411,342.10526315789474
30,2,15,295.0,15.0,14.5,0.20211059917412205,0.7978894008258779,342.10526315789474
31,2,15,305.0,15.0,14.5,0.20033607162633674,0.7996639283736633,342.10526315789474
32,2,15,315.0,15.0,14.5,0.20006371329499528,0.7999362867050047,342.10526315789474
33,2,15,325.0,15.0,14.5,0.20002924885984605,0.7999707511401539,342.10526315789474
34,2,15,335.0,15.0,14.5,0.20002599562569898,0.799974004374301,342.10526315789474
35,2,15,345.0,15.0,14.5,0.2000259259814017,0.7999740740185983,342.10526315789474
36,2,15,355.0,15.0,14.5,0.2000262826591582,0.7999737173408418,342.10526315789474
37,2,15,365.0,15.0,14.5,0.20002669609823615,0.7999733039017638,342.10526315789474
38,2,15,375.0,15.0,14.5,0.20002712069917383,0.7999728793008262,342.10526315789474
39,2,15,385.0,15.0,14.5,0.20002755055673244,0.7999724494432676,342.10526315789474
40,2,15,395.0,15.0,14.5,0.2000279848644361,0.7999720151355639,342.10526315789474
41,2,15,405.0,15.0,14.5,0.20002842385952643,0.7999715761404735,342.10526315789474
42,2,15,415.0,15.0,14.5,0.2000288678253875,0.7999711321746125,342.10526315789474
43,2,15,425.0,15.0,14.5,0.2000293165771424,0.7999706834228576,342.10526315789474
44,2,15,435.0,15.0,14.5,0.20002976974029735,0.7999702302597027,342.10526315789474
45,2,15,445.0,15.0,14.5,0.2000302266471671,0.7999697733528329,342.10526315789474
46,2,15,455.0,15.0,14.5,0.20003068510104619,0.7999693148989538,342.10526315789474
47,2,15,465.0,15.0,14.5,0.20003113938065745,0.7999688606193426,342.10526315789474
48,2,15,475.0,15.0,14.5,0.20003157634216642,0.7999684236578336,342.10526315789474
49,2,15,485.0,15.0,14.5,0.20003196613291413,0.7999680338670858,342.10526315789474
50,2,15,495.0,15.0,14.5,0.20003224442221806,0.799967755577782,342.10526315789474
1,3,15,5.0,25.0,14.5,0.7382474319065345,0.2617525680934655,342.10526315789474
2,3,15,15.0,25.0,14.5,0.7202998911323555,0.2797001088676445,342.10526315789474
3,3,15,25.0,25.0,14.5,0.7005871517875379,0.29941284821246206,342.10526315789474
4,3,15,35.0,25.0,14.5,0.6810759161565779,0.3189240838434221,342.10526315789474
5,3,15,45.0,25.0,14.5,0.6627270076117118,0.33727299238828823,342.10526315789474
6,3,15,55.0,25.0,14.5,0.645879308865108,0.354120691134892,342.10526315789474
7,3,15,65.0,25.0,14.5,0.6305727972540466,0.3694272027459534,342.10526315789474
8,3,15,75.0,25.0,14.5,0.6167322303045847,0.3832677696954153,342.10526315789474
9,3,15,85.0,25.0,14.5,0.6042404238055057,0.3957595761944943,342.10526315789474
10,3,15,95.0,25.0,14.5,0.5929323689164789,0.40706763108352106,342.10526315789474
11,3,15,105.0,25.0,14.5,0.582593637986531,0.41740636201346903,342.10526315789474
12,3,15,115.0,25.0,14.5,0.5729802151780381,0.4270197848219619,342.10526315789474
13,3,15,125.0,25.0,14.5,0.5638545122346085,0.4361454877653915,342.10526315789474
14,3,15,135.0,25.0,14.5,0.5550374591974144,0.44496254080258557,342.10526315789474
15,3,15,145.0,25.0,14.5,0.5464877772541336,0.45351222274586644,342.10526315789474
16,3,15,155.0,25.0,14.5,0.5382112409151484,0.4617887590848516,342.10526315789474
17,3,15,165.0,25.0,14.5,0.5301086849451185,0.46989131505488146,342.10526315789474
18,3,15,175.0,25.0,14.5,0.5221165210333885,0.47788347896661154,342.10526315789474
19,3,15,185.0,25.0,14.5,0.5140811098095728,0.4859188901904272,342.10526315789474
20,3,15,195.0,25.0,14.5,0.5057970426383008,0.49420295736169917,342.10526315789474
21,3,15,205.0,25.0,14.5,0.4971287253971556,0.5028712746028444,342.10526315789474
22,3,15,215.0,25.0,14.5,0.4878242908038777,0.5121757091961223,342.10526315789474
23,3,15,225.0,25.0,14.5,0.47730730483806394,0.5226926951619361,342.10526315789474
24,3,15,235.0,25.0,14.5,0.4648890931661991,0.5351109068338009,342.10526315789474
25,3,15,245.0,25.0,14.5,0.4497279964311334,0.5502720035688666,342.10526315789474
26,3,15,255.0,25.0,14.5,0.42988747112116554,0.5701125288788345,342.10526315789474
27,3,15,265.0,25.0,14.5,0.40172842644667994,0.5982715735533201,342.10526315789474
28,3,15,275.0,25.0,14.5,0.36156390554172796,0.6384360944582721,342.10526315789474
29,3,15,285.0,25.0,14.5,0.3102088150708392,0.6897911849291608,342.10526315789474
30,3,15,295.0,25.0,14.5,0.2592272751085649,0.7407727248914351,342.10526315789474
31,3,15,305.0,25.0,14.5,0.22442065254820717,0.7755793474517928,342.10526315789474
32,3,15,315.0,25.0,14.5,0.20760178080023825,0.7923982191997617,342.10526315789474
33,3,15,325.0,25.0,14.5,0.20157288484795774,0.7984271151520422,342.10526315789474
34,3,15,335.0,25.0,14.5,0.20023551451156335,0.7997644854884367,342.10526315789474
35,3,15,345.0,25.0,14.5,0.20005109289818204,0.799948907101818,342.10526315789474
36,3,15,355.0,25.0,14.5,0.20002890234404813,0.7999710976559519,342.10526315789474
37,3,15,365.0,25.0,14.5,0.20002704296405843,0.7999729570359415,342.10526315789474
38,3,15,375.0,25.0,14.5,0.20002715776862756,0.7999728422313724,342.10526315789474
39,3,15,385.0,25.0,14.5,0.20002755278883813,0.7999724472111619,342.10526315789474
40,3,15,395.0,25.0,14.5,0.20002798282440104,0.799972017175599,342.10526315789474
41,3,15,405.0,25.0,14.5,0.2000284213352411,0.7999715786647589,342.10526315789474
42,3,15,415.0,25.0,14.5,0.20002886549489615,0.7999711345051038,342.10526315789474
43,3,15,425.0,25.0,14.5,0.20002931516366335,0.7999706848363366,342.10526315789474
44,3,15,435.0,25.0,14.5,0.20002977102918262,0.7999702289708174,342.10526315789474
45,3,15,445.0,25.0,14.5,0.20003023410664256,0.7999697658933574,342.10526315789474
46,3,15,455.0,25.0,14.5,0.2000307051519108,0.7999692948480892,342.10526315789474
47,3,15,465.0,25.0,14.5,0.2000311835098633,0.7999688164901367,342.10526315789474
48,3,15,475.0,25.0,14.5,0.20003166298525113,0.7999683370147489,342.10526315789474
49,3,15,485.0,25.0,14.5,0.20003212025463668,0.7999678797453633,342.10526315789474
50,3,15,495.0,25.0,14.5,0.20003249049408275,0.7999675095059172,342.10526315789474
1,4,15,5.0,35.0,14.5,0.7686560649449523,0.2313439350550477,342.10526315789474
2,4,15,15.0,35.0,14.5,0.7497774118057668,0.25022258819423315,342.10526315789474
3,4,15,25.0,35.0,14.5,0.7282624568649593,0.2717375431350407,342.10526315789474
4,4,15,35.0,35.0,14.5,0.7066838854184858,0.2933161145815142,342.10526315789474
5,4,15,45.0,35.0,14.5,0.6863946123358284,0.31360538766417156,342.10526315789474
6,4,15,55.0,35.0,14.5,0.6679243893180722,0.3320756106819278,342.10526315789474
7,4,15,65.0,35.0,14.5,0.651205687426124,0.34879431257387605,342.10526315789474
8,4,15,75.0,35.0,14.5,0.6360625391806839,0.3639374608193161,342.10526315789474
9,4,15,85.0,35.0,14.5,0.6223450924498414,0.3776549075501586,342.10526315789474
10,4,15,95.0,35.0,14.5,0.6099296565285649,0.3900703434714351,342.10526315789474
11,4,15,105.0,35.0,14.5,0.5986817145519479,0.40131828544805215,342.10526315789474
12,4,15,115.0,35.0,14.5,0.58840143757313,0.41159856242687,342.10526315789474
13,4,15,125.0,35.0,14.5,0.5788355148861638,0.4211644851138362,342.10526315789474
14,4,15,135.0,35.0,14.5,0.5697497395959272,0.43025026040407277,342.10526315789474
15,4,15,145.0,35.0,14.5,0.5609859559501547,0.43901404404984534,342.10526315789474
16,4,15,155.0,35.0,14.5,0.5524824191088761,0.4475175808911239,342.10526315789474
17,4,15,165.0,35.0,14.5,0.5442781454040498,0.45572185459595016,342.10526315789474
18,4,15,175.0,35.0,14.5,0.536279058246272,0.463720941753728,342.10526315789474
19,4,15,185.0,35.0,14.5,0.5284160184070361,0.4715839815929639,342.10526315789474
20,4,15,195.0,35.0,14.5,0.5205919534435693,0.47940804655643066,342.10526315789474
21,4,15,205.0,35.0,14.5,0.5126508590889094,0.4873491409110906,342.10526315789474
22,4,15,215.0,35.0,14.5,0.5044360011137576,0.49556399888624236,342.10526315789474
23,4,15,225.0,35.0,14.5,0.4957944846256932,0.5042055153743068,342.10526315789474
24,4,15,235.0,35.0,14.5,0.48640628793417023,0.5135937120658298,342.10526315789474
25,4,15,245.0,35.0,14.5,0.47571594013885254,0.5242840598611475,342.10526315789474
26,4,15,255.0,35.0,14.5,0.4630796699333643,0.5369203300666356,342.10526315789474
27,4,15,265.0,35.0,14.5,0.44752716122102365,0.5524728387789763,342.10526315789474
28,4,15,275.0,35.0,14.5,0.42692197449691754,0.5730780255030825,342.10526315789474
29,4,15,285.0,35.0,14.5,0.39765164275617265,0.6023483572438273,342.10526315789474
30,4,15,295.0,35.0,14.5,0.3563495135523357,0.6436504864476643,342.10526315789474
31,4,15,305.0,35.0,14.5,0.3044930138993646,0.6955069861006353,342.10526315789474
32,4,15,315.0,35.0,14.5,0.254596419830495,0.7454035801695049,342.10526315789474
33,4,15,325.0,35.0,14.5,0.22179653379941977,0.7782034662005802,342.10526315789474
34,4,15,335.0,35.0,14.5,0.2064639961091014,0.7935360038908986,342.10526315789474
35,4,15,345.0,35.0,14.5,0.2012486397634477,0.7987513602365524,342.10526315789474
36,4,15,355.0,35.0,14.5,0.2001854263990586,0.7998145736009414,342.10526315789474
37,4,15,365.0,35.0,14.5,0.20004484637180506,0.7999551536281949,342.10526315789474
38,4,15,375.0,35.0,14.5,0.20002891031292355,0.7999710896870764,342.10526315789474
39,4,15,385.0,35.0,14.5,0.20002778146337197,0.799972218536628,342.10526315789474
40,4,15,395.0,35.0,14.5,0.20002800479804445,0.7999719952019555,342.10526315789474
41,4,15,405.0,35.0,14.5,0.20002842029724208,0.7999715797027579,342.10526315789474
42,4,15,415.0,35.0,14.5,0.2000288614474141,0.7999711385525858,342.10526315789474
43,4,15,425.0,35.0,14.5,0.2000293111533486,0.7999706888466513,342.10526315789474
44,4,15,435.0,35.0,14.5,0.20002976890556287,0.7999702310944371,342.10526315789474
45,4,15,445.0,35.0,14.5,0.20003023696154854,0.7999697630384515,342.10526315789474
46,4,15,455.0,35.0,14.5,0.20003071987674304,0.799969280123257,342.10526315789474
47,4,15,465.0,35.0,14.5,0.20003122401256174,0.7999687759874383,342.10526315789474
48,4,15,475.0,35.0,14.5,0.20003175364732043,0.7999682463526796,342.10526315789474
49,4,15,485.0,35.0,14.5,0.20003229354577515,0.7999677064542249,342.10526315789474
50,4,15,495.0,35.0,14.5,0.20003277734070604,0.799967222659294,342.10526315789474
1,5,15,5.0,45.0,14.5,0.7901439159243113,0.20985608407568868,342.10526315789474
2,5,15,15.0,45.0,14.5,0.7736237794164758,0.22637622058352425,342.10526315789474
3,5,15,25.0,45.0,14.5,0.7517757125247366,0.24822428747526337,342.10526315789474
4,5,15,35.0,45.0,14.5,0.7291096475716621,0.2708903524283379,342.10526315789474
5,5,15,45.0,45.0,14.5,0.7078021790012694,0.2921978209987306,342.10526315789474
6,5,15,55.0,45.0,14.5,0.6883077118212572,0.31169228817874284,342.10526315789474
7,5,15,65.0,45.0,14.5,0.6706678451855017,0.3293321548144983,342.10526315789474
8,5,15,75.0,45.0,14.5,0.6547537145726615,0.3452462854273385,342.10526315789474
9,5,15,85.0,45.0,14.5,0.6403814760625456,0.3596185239374544,342.10526315789474
10,5,15,95.0,45.0,14.5,0.6273915795771255,0.37260842042287445,342.10526315789474
11,5,15,105.0,45.0,14.5,0.6156297059505533,0.38437029404944667,342.10526315789474
12,5,15,115.0,45.0,14.5,0.604918922898445,0.39508107710155504,342.10526315789474
13,5,15,125.0,45.0,14.5,0.5950271193565319,0.40497288064346815,342.10526315789474
14,5,15,135.0,45.0,14.5,0.5857102806445312,0.41428971935546877,342.10526315789474
15,5,15,145.0,45.0,14.5,0.5767662066203535,0.4232337933796465,342.10526315789474
16,5,15,155.0,45.0,14.5,0.5680705851177758,0.43192941488222425,342.10526315789474
17,5,15,165.0,45.0,14.5,0.559666330721669,0.44033366927833095,342.10526315789474
18,5,15,175.0,45.0,14.5,0.5515501935468211,0.4484498064531789,342.10526315789474
19,5,15,185.0,45.0,14.5,0.543624895243754,0.456375104756246,342.10526315789474
20,5,15,195.0,45.0,14.5,0.5358187106828319,0.46418128931716807,342.10526315789474
21,5,15,205.0,45.0,14.5,0.5280717290633372,0.4719282709366628,342.10526315789474
22,5,15,215.0,45.0,14.5,0.520258965821788,0.479741034178212,342.10526315789474
23,5,15,225.0,45.0,14.5,0.5122171361053309,0.48778286389466907,342.10526315789474
24,5,15,235.0,45.0,14.5,0.5038138365943238,0.49618616340567623,342.10526315789474
25,5,15,245.0,45.0,14.5,0.4948536270580103,0.5051463729419897,342.10526315789474
26,5,15,255.0,45.0,14.5,0.48490446073009835,0.5150955392699017,342.10526315789474
27,5,15,265.0,45.0,14.5,0.4733652418986895,0.5266347581013104,342.10526315789474
28,5,15,275.0,45.0,14.5,0.4595467973772549,0.5404532026227451,342.10526315789474
29,5,15,285.0,45.0,14.5,0.4421027127275983,0.5578972872724017,342.10526315789474
30,5,15,295.0,45.0,14.5,0.4182105220010442,0.5817894779989559,342.10526315789474
31,5,15,305.0,45.0,14.5,0.38395315772828176,0.6160468422717182,342.10526315789474
32,5,15,315.0,45.0,14.5,0.33701581782824774,0.6629841821717523,342.10526315789474
33,5,15,325.0,45.0,14.5,0.2828528399744813,0.7171471600255187,342.10526315789474
34,5,15,335.0,45.0,14.5,0.23796848757477387,0.7620315124252262,342.10526315789474
35,5,15,345.0,45.0,14.5,0.21294862898149172,0.7870513710185083,342.10526315789474
36,5,15,355.0,45.0,14.5,0.20302163659496544,0.7969783634050346,342.10526315789474
37,5,15,365.0,45.0,14.5,0.2004583699742748,0.7995416300257252,342.10526315789474
38,5,15,375.0,45.0,14.5,0.20007573332943607,0.7999242666705639,342.10526315789474
39,5,15,385.0,45.0,14.5,0.20003210317359266,0.7999678968264073,342.10526315789474
40,5,15,395.0,45.0,14.5,0.20002848487745695,0.799971515122543,342.10526315789474
41,5,15,405.0,45.0,14.5,0.20002846519523948,0.7999715348047605,342.10526315789474
42,5,15,415.0,45.0,14.5,0.20002886017337823,0.7999711398266218,342.10526315789474
43,5,15,425.0,45.0,14.5,0.20002930380312733,0.7999706961968727,342.10526315789474
44,5,15,435.0,45.0,14.5,0.20002975991349448,0.7999702400865055,342.10526315789474
45,5,15,445.0,45.0,14.5,0.2000302277618774,0.7999697722381226,342.10526315789474
46,5,15,455.0,45.0,14.5,0.20003071312506396,0.7999692868749361,342.10526315789474
47,5,15,465.0,45.0,14.5,0.20003122723255296,0.799968772767447,342.10526315789474
48,5,15,475.0,45.0,14.5,0.2000317825036437,0.7999682174963563,342.10526315789474
49,5,15,485.0,45.0,14.5,0.20003234400562367,0.7999676559943764,342.10526315789474
50,5,15,495.0,45.0,14.5,0.2000327126443219,0.7999672873556781,342.10526315789474
1,6,15,5.0,55.0,14.5,0.769997662117239,0.23000233788276103,342.10526315789474
2,6,15,15.0,55.0,14.5,0.7520903247861604,0.24790967521383955,342.10526315789474
3,6,15,25.0,55.0,14.5,0.7315724850480795,0.2684275149519205,342.10526315789474
4,6,15,35.0,55.0,14.5,0.710813668064296,0.289186331935704,342.10526315789474
5,6,15,45.0,55.0,14.5,0.6911069906494148,0.30889300935058517,342.10526315789474
6,6,15,55.0,55.0,14.5,0.6729121223705867,0.32708787762941327,342.10526315789474
7,6,15,65.0,55.0,14.5,0.6562843061148326,0.34371569388516743,342.10526315789474
8,6,15,75.0,55.0,14.5,0.6411434477994804,0.3588565522005196,342.10526315789474
9,6,15,85.0,55.0,14.5,0.6273815908917001,0.3726184091082999,342.10526315789474
10,6,15,95.0,55.0,14.5,0.6148986239047691,0.3851013760952309,342.10526315789474
11,6,15,105.0,55.0,14.5,0.6035795162556264,0.39642048374437355,342.10526315789474
12,6,15,115.0,55.0,14.5,0.593240492313943,0.40675950768605695,342.10526315789474
13,6,15,125.0,55.0,14.5,0.5836329838416088,0.4163670161583912,342.10526315789474
14,6,15,135.0,55.0,14.5,0.5745086899114168,0.4254913100885832,342.10526315789474
15,6,15,145.0,55.0,14.5,0.5656978896314016,0.43430211036859845,342.10526315789474
16,6,15,155.0,55.0,14.5,0.557118270983901,0.442881729016099,342.10526315789474
17,6,15,165.0,55.0,14.5,0.5488308273042541,0.45116917269574586,342.10526315789474
18,6,15,175.0,55.0,14.5,0.5407646127728637,0.4592353872271363,342.10526315789474
19,6,15,185.0,55.0,14.5,0.532843387448618,0.46715661255138197,342.10526315789474
20,6,15,195.0,55.0,14.5,0.525003371051886,0.474996628948114,342.10526315789474
21,6,15,205.0,55.0,14.5,0.5171162105000856,0.4828837894999144,342.10526315789474
22,6,15,215.0,55.0,14.5,0.5090053594153776,0.4909946405846224,342.10526315789474
23,6,15,225.0,55.0,14.5,0.5005377758188636,0.4994622241811364,342.10526315789474
24,6,15,235.0,55.0,14.5,0.49150732884969156,0.5084926711503084,342.10526315789474
25,6,15,245.0,55.0,14.5,0.4814510240693216,0.5185489759306784,342.10526315789474
26,6,15,255.0,55.0,14.5,0.46974141421516974,0.5302585857848303,342.10526315789474
27,6,15,265.0,55.0,14.5,0.45565252850169224,0.5443474714983078,342.10526315789474
28,6,15,275.0,55.0,14.5,0.437719570630617,0.562280429369383,342.10526315789474
29,6,15,285.0,55.0,14.5,0.41293700139215184,0.5870629986078482,342.10526315789474
30,6,15,295.0,55.0,14.5,0.3774045740630251,0.6225954259369749,342.10526315789474
31,6,15,305.0,55.0,14.5,0.32949340743778704,0.6705065925622129,342.10526315789474
32,6,15,315.0,55.0,14.5,0.27627436244344367,0.7237256375565564,342.10526315789474
33,6,15,325.0,55.0,14.5,0.23435110832415423,0.7656488916758457,342.10526315789474
34,6,15,335.0,55.0,14.5,0.21166128360767172,0.7883387163923283,342.10526315789474
35,6,15,345.0,55.0,14.5,0.20269087289708326,0.7973091271029167,342.10526315789474
36,6,15,355.0,55.0,14.5,0.20041065672896624,0.7995893432710337,342.10526315789474
37,6,15,365.0,55.0,14.5,0.20007133169743574,0.7999286683025643,342.10526315789474
38,6,15,375.0,55.0,14.5,0.20003146202911726,0.7999685379708827,342.10526315789474
39,6,15,385.0,55.0,14.5,0.20002804856428488,0.7999719514357151,342.10526315789474
40,6,15,395.0,55.0,14.5,0.20002802488081298,0.799971975119187,342.10526315789474
41,6,15,405.0,55.0,14.5,0.2000284121513881,0.7999715878486119,342.10526315789474
42,6,15,415.0,55.0,14.5,0.20002884704821583,0.7999711529517841,342.10526315789474
43,6,15,425.0,55.0,14.5,0.2000292916966315,0.7999707083033685,342.10526315789474
44,6,15,435.0,55.0,14.5,0.2000297433330256,0.7999702566669744,342.10526315789474
45,6,15,445.0,55.0,14.5,0.20003020359342508,0.799969796406575,342.10526315789474
46,6,15,455.0,55.0,14.5,0.20003067645739617,0.7999693235426039,342.10526315789474
47,6,15,465.0,55.0,14.5,0.20003116719952915,0.7999688328004708,342.10526315789474
48,6,15,475.0,55.0,14.5,0.200031677489199,0.799968322510801,342.10526315789474
49,6,15,485.0,55.0,14.5,0.2000321880586477,0.7999678119413522,342.10526315789474
50,6,15,495.0,55.0,14.5,0.20003263186775902,0.799967368132241,342.10526315789474
1,7,15,5.0,65.0,14.5,0.7426552139183,0.25734478608169997,342.10526315789474
2,7,15,15.0,65.0,14.5,0.7258125379385427,0.2741874620614573,342.10526315789474
3,7,15,25.0,65.0,14.5,0.7070610631539983,0.2929389368460017,342.10526315789474
4,7,15,35.0,65.0,14.5,0.6882160411498328,0.3117839588501672,342.10526315789474
5,7,15,45.0,65.0,14.5,0.6702438794389712,0.32975612056102876,342.10526315789474
6,7,15,55.0,65.0,14.5,0.6535479210587706,0.3464520789412294,342.10526315789474
7,7,15,65.0,65.0,14.5,0.6382271295840475,0.3617728704159525,342.10526315789474
8,7,15,75.0,65.0,14.5,0.6242617355633843,0.37573826443661573,342.10526315789474
9,7,15,85.0,65.0,14.5,0.611582273824454,0.38841772617554604,342.10526315789474
10,7,15,95.0,65.0,14.5,0.6000818602568039,0.3999181397431961,342.10526315789474
11,7,15,105.0,65.0,14.5,0.5895863592804214,0.41041364071957864,342.10526315789474
12,7,15,115.0,65.0,14.5,0.5798561694062644,0.4201438305937356,342.10526315789474
13,7,15,125.0,65.0,14.5,0.5706554669354665,0.42934453306453346,342.10526315789474
14,7,15,135.0,65.0,14.5,0.5618061672132874,0.43819383278671264,342.10526315789474
15,7,15,145.0,65.0,14.5,0.5531851574314194,0.4468148425685806,342.10526315789474
16,7,15,155.0,65.0,14.5,0.5448505196210673,0.45514948037893266,342.10526315789474
17,7,15,165.0,65.0,14.5,0.5367364814812066,0.46326351851879344,342.10526315789474
18,7,15,175.0,65.0,14.5,0.5287633342850598,0.47123666571494016,342.10526315789474
19,7,15,185.0,65.0,14.5,0.5208418103857558,0.47915818961424417,342.10526315789474
20,7,15,195.0,65.0,14.5,0.5128191463804106,0.4871808536195894,342.10526315789474
21,7,15,205.0,65.0,14.5,0.50452571937367,0.49547428062633003,342.10526315789474
22,7,15,215.0,65.0,14.5,0.4958026366158485,0.5041973633841514,342.10526315789474
23,7,15,225.0,65.0,14.5,0.48633705557515544,0.5136629444248446,342.10526315789474
24,7,15,235.0,65.0,14.5,0.47556322637313564,0.5244367736268644,342.10526315789474
25,7,15,245.0,65.0,14.5,0.4628107870291428,0.5371892129708572,342.10526315789474
26,7,15,255.0,65.0,14.5,0.44708403076739356,0.5529159692326064,342.10526315789474
27,7,15,265.0,65.0,14.5,0.42619905341954517,0.5738009465804548,342.10526315789474
28,7,15,275.0,65.0,14.5,0.39645954368100705,0.603540456318993,342.10526315789474
29,7,15,285.0,65.0,14.5,0.3544997013025022,0.6455002986974978,342.10526315789474
30,7,15,295.0,65.0,14.5,0.30217189953964163,0.6978281004603584,342.10526315789474
31,7,15,305.0,65.0,14.5,0.2526529648320082,0.7473470351679918,342.10526315789474
32,7,15,315.0,65.0,14.5,0.22075283248946956,0.7792471675105305,342.10526315789474
33,7,15,325.0,65.0,14.5,0.20604737239686638,0.7939526276031337,342.10526315789474
34,7,15,335.0,65.0,14.5,0.20113586595280686,0.7988641340471931,342.10526315789474
35,7,15,345.0,65.0,14.5,0.20016671289718585,0.7998332871028142,342.10526315789474
36,7,15,355.0,65.0,14.5,0.20004198695540595,0.799958013044594,342.10526315789474
37,7,15,365.0,65.0,14.5,0.20002826823620493,0.7999717317637951,342.10526315789474
38,7,15,375.0,65.0,14.5,0.20002730763077287,0.7999726923692272,342.10526315789474
39,7,15,385.0,65.0,14.5,0.20002755750278914,0.7999724424972109,342.10526315789474
40,7,15,395.0,65.0,14.5,0.2000279692148708,0.7999720307851292,342.10526315789474
41,7,15,405.0,65.0,14.5,0.20002840068953248,0.7999715993104675,342.10526315789474
42,7,15,415.0,65.0,14.5,0.20002883733362556,0.7999711626663745,342.10526315789474
43,7,15,425.0,65.0,14.5,0.2000292776745373,0.7999707223254627,342.10526315789474
44,7,15,435.0,65.0,14.5,0.20002972163356017,0.7999702783664399,342.10526315789474
45,7,15,445.0,65.0,14.5,0.20003016967195333,0.7999698303280467,342.10526315789474
46,7,15,455.0,65.0,14.5,0.2000306220423517,0.7999693779576483,342.10526315789474
47,7,15,465.0,65.0,14.5,0.20003107720140348,0.7999689227985965,342.10526315789474
48,7,15,475.0,65.0,14.5,0.20003152762340584,0.7999684723765942,342.10526315789474
49,7,15,485.0,65.0,14.5,0.20003194937616003,0.79996805062384,342.10526315789474
50,7,15,495.0,65.0,14.5,0.20003228287054148,0.7999677171294586,342.10526315789474
1,8,15,5.0,75.0,14.5,0.7066694847289082,0.2933305152710918,342.10526315789474
2,8,15,15.0,75.0,14.5,0.6920696181833814,0.3079303818166186,342.10526315789474
3,8,15,25.0,75.0,14.5,0.6756950297116592,0.3243049702883408,342.10526315789474
4,8,15,35.0,75.0,14.5,0.6591617478193514,0.34083825218064856,342.10526315789474
5,8,15,45.0,75.0,14.5,0.6433123217836678,0.3566876782163322,342.10526315789474
6,8,15,55.0,75.0,14.5,0.6285334656195934,0.37146653438040655,342.10526315789474
7,8,15,65.0,75.0,14.5,0.6149590853157247,0.38504091468427526,342.10526315789474
8,8,15,75.0,75.0,14.5,0.6025836948301104,0.39741630516988957,342.10526315789474
9,8,15,85.0,75.0,14.5,0.591305822290254,0.40869417770974603,342.10526315789474
10,8,15,95.0,75.0,14.5,0.5809579979915642,0.4190420020084358,342.10526315789474
11,8,15,105.0,75.0,14.5,0.5713143049621158,0.42868569503788423,342.10526315789474
12,8,15,115.0,75.0,14.5,0.562150475329584,0.43784952467041605,342.10526315789474
13,8,15,125.0,75.0,14.5,0.5532985016829519,0.4467014983170481,342.10526315789474
14,8,15,135.0,75.0,14.5,0.5446976711859812,0.4553023288140188,342.10526315789474
15,8,15,145.0,75.0,14.5,0.5363551488416985,0.46364485115830145,342.10526315789474
16,8,15,155.0,75.0,14.5,0.5281856441666309,0.47181435583336906,342.10526315789474
17,8,15,165.0,75.0,14.5,0.5201132017998643,0.4798867982001357,342.10526315789474
18,8,15,175.0,75.0,14.5,0.5119491986843696,0.4880508013156304,342.10526315789474
19,8,15,185.0,75.0,14.5,0.5034969902051986,0.49650300979480144,342.10526315789474
20,8,15,195.0,75.0,14.5,0.4946313135192658,0.5053686864807342,342.10526315789474
21,8,15,205.0,75.0,14.5,0.48500613798346714,0.5149938620165329,342.10526315789474
22,8,15,215.0,75.0,14.5,0.47395273235157453,0.5260472676484255,342.10526315789474
23,8,15,225.0,75.0,14.5,0.46079348264287306,0.539206517357127,342.10526315789474
24,8,15,235.0,75.0,14.5,0.4445078433288594,0.5554921566711406,342.10526315789474
25,8,15,245.0,75.0,14.5,0.4225840875536969,0.5774159124463031,342.10526315789474
26,8,15,255.0,75.0,14.5,0.3909741558841468,0.6090258441158531,342.10526315789474
27,8,15,265.0,75.0,14.5,0.34674144925929984,0.6532585507407002,342.10526315789474
28,8,15,275.0,75.0,14.5,0.2935899186764483,0.7064100813235517,342.10526315789474
29,8,15,285.0,75.0,14.5,0.24620704776228716,0.7537929522377128,342.10526315789474
30,8,15,295.0,75.0,14.5,0.2174139170714738,0.7825860829285262,342.10526315789474
31,8,15,305.0,75.0,14.5,0.20478469405826955,0.7952153059417304,342.10526315789474
32,8,15,315.0,75.0,14.5,0.20084605291823548,0.7991539470817646,342.10526315789474
33,8,15,325.0,75.0,14.5,0.20012839647942074,0.7998716035205793,342.10526315789474
34,8,15,335.0,75.0,14.5,0.20003726170223474,0.7999627382977652,342.10526315789474
35,8,15,345.0,75.0,14.5,0.20002712748937532,0.7999728725106247,342.10526315789474
36,8,15,355.0,75.0,14.5,0.20002642446165383,0.7999735755383461,342.10526315789474
37,8,15,365.0,75.0,14.5,0.20002670457623736,0.7999732954237626,342.10526315789474
38,8,15,375.0,75.0,14.5,0.20002711168034995,0.7999728883196501,342.10526315789474
39,8,15,385.0,75.0,14.5,0.20002753542954493,0.7999724645704551,342.10526315789474
40,8,15,395.0,75.0,14.5,0.20002796388471897,0.799972036115281,342.10526315789474
41,8,15,405.0,75.0,14.5,0.20002839514374887,0.7999716048562511,342.10526315789474
42,8,15,415.0,75.0,14.5,0.20002882853116327,0.7999711714688367,342.10526315789474
43,8,15,425.0,75.0,14.5,0.20002926365806586,0.7999707363419342,342.10526315789474
44,8,15,435.0,75.0,14.5,0.20002969954290145,0.7999703004570986,342.10526315789474
45,8,15,445.0,75.0,14.5,0.20003013441000372,0.7999698655899963,342.10526315789474
46,8,15,455.0,75.0,14.5,0.20003056530820745,0.7999694346917925,342.10526315789474
47,8,15,465.0,75.0,14.5,0.20003098603879388,0.7999690139612061,342.10526315789474
48,8,15,475.0,75.0,14.5,0.20003138315685165,0.7999686168431484,342.10526315789474
49,8,15,485.0,75.0,14.5,0.20003172885577783,0.7999682711442222,342.10526315789474
50,8,15,495.0,75.0,14.5,0.20003196850861513,0.7999680314913848,342.10526315789474
1,9,15,5.0,85.0,14.5,0.6584231718224817,0.34157682817751833,342.10526315789474
2,9,15,15.0,85.0,14.5,0.6466256642781508,0.3533743357218492,342.10526315789474
3,9,15,25.0,85.0,14.5,0.6331400951426135,0.3668599048573865,342.10526315789474
4,9,15,35.0,85.0,14.5,0.6193678643732697,0.38063213562673026,342.10526315789474
5,9,15,45.0,85.0,14.5,0.6060746572638745,0.39392534273612545,342.10526315789474
6,9,15,55.0,85.0,14.5,0.5936248680074335,0.4063751319925665,342.10526315789474
7,9,15,65.0,85.0,14.5,0.5821330458969411,0.41786695410305885,342.10526315789474
8,9,15,75.0,85.0,14.5,0.571533542858079,0.428466457141921,342.10526315789474
9,9,15,85.0,85.0,14.5,0.5616470793202836,0.43835292067971643,342.10526315789474
10,9,15,95.0,85.0,14.5,0.5523014567786647,0.4476985432213353,342.10526315789474
11,9,15,105.0,85.0,14.5,0.5432944079902983,0.45670559200970173,342.10526315789474
12,9,15,115.0,85.0,14.5,0.5344776554346418,0.46552234456535824,342.10526315789474
13,9,15,125.0,85.0,14.5,0.5259315233811921,0.4740684766188079,342.10526315789474
14,9,15,135.0,85.0,14.5,0.5175510471732739,0.48244895282672606,342.10526315789474
15,9,15,145.0,85.0,14.5,0.5091477848660466,0.4908522151339534,342.10526315789474
16,9,15,155.0,85.0,14.5,0.5004985125226113,0.49950148747738865,342.10526315789474
17,9,15,165.0,85.0,14.5,0.49141112279791077,0.5085888772020892,342.10526315789474
18,9,15,175.0,85.0,14.5,0.48149114392354886,0.5185088560764511,342.10526315789474
19,9,15,185.0,85.0,14.5,0.47003632056030686,0.5299636794396931,342.10526315789474
20,9,15,195.0,85.0,14.5,0.45626223133172217,0.5437377686682778,342.10526315789474
21,9,15,205.0,85.0,14.5,0.4388530905846302,0.5611469094153698,342.10526315789474
22,9,15,215.0,85.0,14.5,0.41487578008198644,0.5851242199180136,342.10526315789474
23,9,15,225.0,85.0,14.5,0.3802195229612535,0.6197804770387465,342.10526315789474
24,9,15,235.0,85.0,14.5,0.3330733153162035,0.6669266846837965,342.10526315789474
25,9,15,245.0,85.0,14.5,0.27997996519646373,0.7200200348035363,342.10526315789474
26,9,15,255.0,85.0,14.5,0.23683087596944927,0.7631691240305507,342.10526315789474
27,9,15,265.0,85.0,14.5,0.21273076596522833,0.7872692340347717,342.10526315789474
28,9,15,275.0,85.0,14.5,0.2030737086626423,0.7969262913373577,342.10526315789474
29,9,15,285.0,85.0,14.5,0.20050429337183423,0.7994957066281658,342.10526315789474
30,9,15,295.0,85.0,14.5,0.20008459433626277,0.7999154056637372,342.10526315789474
31,9,15,305.0,85.0,14.5,0.20003080305464524,0.7999691969453547,342.10526315789474
32,9,15,315.0,85.0,14.5,0.20002543447450807,0.799974565525492,342.10526315789474
33,9,15,325.0,85.0,14.5,0.2000251362026211,0.7999748637973789,342.10526315789474
34,9,15,335.0,85.0,14.5,0.20002545642964678,0.7999745435703532,342.10526315789474
35,9,15,345.0,85.0,14.5,0.20002585669236908,0.799974143307631,342.10526315789474
36,9,15,355.0,85.0,14.5,0.20002626999277512,0.7999737300072249,342.10526315789474
37,9,15,365.0,85.0,14.5,0.20002668814292596,0.799973311857074,342.10526315789474
38,9,15,375.0,85.0,14.5,0.2000271096348224,0.7999728903651776,342.10526315789474
39,9,15,385.0,85.0,14.5,0.20002753413457453,0.7999724658654255,342.10526315789474
40,9,15,395.0,85.0,14.5,0.20002796150348823,0.7999720384965118,342.10526315789474
41,9,15,405.0,85.0,14.5,0.2000283910365427,0.7999716089634573,342.10526315789474
42,9,15,415.0,85.0,14.5,0.2000288217308701,0.7999711782691299,342.10526315789474
43,9,15,425.0,85.0,14.5,0.2000292525376968,0.7999707474623032,342.10526315789474
44,9,15,435.0,85.0,14.5,0.20002968163262122,0.7999703183673788,342.10526315789474
45,9,15,445.0,85.0,14.5,0.20003010576592,0.79996989423408,342.10526315789474
46,9,15,455.0,85.0,14.5,0.20003051966201646,0.7999694803379835,342.10526315789474
47,9,15,465.0,85.0,14.5,0.20003091420748867,0.7999690857925114,342.10526315789474
48,9,15,475.0,85.0,14.5,0.20003127310944122,0.7999687268905588,342.10526315789474
49,9,15,485.0,85.0,14.5,0.20003156828680113,0.7999684317131989,342.10526315789474
50,9,15,495.0,85.0,14.5,0.20003175508048324,0.7999682449195168,342.10526315789474
1,10,15,5.0,95.0,14.5,0.5782795249872118,0.4217204750127882,342.10526315789474
2,10,15,15.0,95.0,14.5,0.5693320579618113,0.4306679420381887,342.10526315789474
3,10,15,25.0,95.0,14.5,0.5588116006485847,0.4411883993514153,342.10526315789474
4,10,15,35.0,95.0,14.5,0.5478195549656076,0.45218044503439236,342.10526315789474
5,10,15,45.0,95.0,14.5,0.5369618416718268,0.4630381583281732,342.10526315789474
6,10,15,55.0,95.0,14.5,0.52649437548998,0.47350562451002,342.10526315789474
7,10,15,65.0,95.0,14.5,0.5164910855147125,0.48350891448528754,342.10526315789474
8,10,15,75.0,95.0,14.5,0.5068771258953745,0.4931228741046255,342.10526315789474
9,10,15,85.0,95.0,14.5,0.4973640588919917,0.5026359411080084,342.10526315789474
10,10,15,95.0,95.0,14.5,0.4876368344366632,0.5123631655633367,342.10526315789474
11,10,15,105.0,95.0,14.5,0.47786627716458707,0.5221337228354129,342.10526315789474
12,10,15,115.0,95.0,14.5,0.46782754084226547,0.5321724591577346,342.10526315789474
13,10,15,125.0,95.0,14.5,0.4570521915596015,0.5429478084403985,342.10526315789474
14,10,15,135.0,95.0,14.5,0.44463696199289576,0.5553630380071042,342.10526315789474
15,10,15,145.0,95.0,14.5,0.4294313911435411,0.5705686088564589,342.10526315789474
16,10,15,155.0,95.0,14.5,0.4093416836878443,0.5906583163121557,342.10526315789474
17,10,15,165.0,95.0,14.5,0.38046025652916166,0.6195397434708383,342.10526315789474
18,10,15,175.0,95.0,14.5,0.3395736522262098,0.6604263477737902,342.10526315789474
19,10,15,185.0,95.0,14.5,0.29031634569382586,0.7096836543061742,342.10526315789474
20,10,15,195.0,95.0,14.5,0.24624762918729431,0.7537523708127056,342.10526315789474
21,10,15,205.0,95.0,14.5,0.2189447502318063,0.7810552497681937,342.10526315789474
22,10,15,215.0,95.0,14.5,0.2066673555785633,0.7933326444214367,342.10526315789474
23,10,15,225.0,95.0,14.5,0.20220982194489748,0.7977901780551026,342.10526315789474
24,10,15,235.0,95.0,14.5,0.20061185027041525,0.7993881497295847,342.10526315789474
25,10,15,245.0,95.0,14.5,0.2001133590121355,0.7998866409878644,342.10526315789474
26,10,15,255.0,95.0,14.5,0.20003314880418374,0.7999668511958162,342.10526315789474
27,10,15,265.0,95.0,14.5,0.20002437205132106,0.7999756279486789,342.10526315789474
28,10,15,275.0,95.0,14.5,0.20002330251739794,0.799976697482602,342.10526315789474
29,10,15,285.0,95.0,14.5,0.20002348249959775,0.7999765175004022,342.10526315789474
30,10,15,295.0,95.0,14.5,0.20002384856123148,0.7999761514387685,342.10526315789474
31,10,15,305.0,95.0,14.5,0.20002423939255756,0.7999757606074425,342.10526315789474
32,10,15,315.0,95.0,14.5,0.20002463699408485,0.7999753630059152,342.10526315789474
33,10,15,325.0,95.0,14.5,0.20002503921544285,0.7999749607845572,342.10526315789474
34,10,15,335.0,95.0,14.5,0.20002544566350142,0.7999745543364986,342.10526315789474
35,10,15,345.0,95.0,14.5,0.2000258561238529,0.7999741438761471,342.10526315789474
36,10,15,355.0,95.0,14.5,0.2000262703943871,0.7999737296056129,342.10526315789474
37,10,15,365.0,95.0,14.5,0.20002668826051123,0.7999733117394887,342.10526315789474
38,10,15,375.0,95.0,14.5,0.2000271094530359,0.7999728905469641,342.10526315789474
39,10,15,385.0,95.0,14.5,0.200027533634324,0.799972466365676,342.10526315789474
40,10,15,395.0,95.0,14.5,0.2000279603141196,0.7999720396858804,342.10526315789474
41,10,15,405.0,95.0,14.5,0.2000283887626056,0.7999716112373945,342.10526315789474
42,10,15,415.0,95.0,14.5,0.20002881795953176,0.7999711820404682,342.10526315789474
43,10,15,425.0,95.0,14.5,0.2000292463977287,0.7999707536022713,342.10526315789474
44,10,15,435.0,95.0,14.5,0.20002967161427332,0.7999703283857267,342.10526315789474
45,10,15,445.0,95.0,14.5,0.20003008966063746,0.7999699103393625,342.10526315789474
46,10,15,455.0,95.0,14.5,0.20003049409462448,0.7999695059053755,342.10526315789474
47,10,15,465.0,95.0,14.5,0.20003087426265562,0.7999691257373444,342.10526315789474
48,10,15,475.0,95.0,14.5,0.2000312127671274,0.7999687872328726,342.10526315789474
49,10,15,485.0,95.0,14.5,0.20003148245149216,0.7999685175485078,342.10526315789474
50,10,15,495.0,95.0,14.5,0.20003164550271924,0.7999683544972808,342.10526315789474
1,1,16,5.0,5.0,15.5,0.6077205408195671,0.39227945918043294,307.0175438596491
2,1,16,15.0,5.0,15.5,0.5944927115437784,0.40550728845622164,307.0175438596491
3,1,16,25.0,5.0,15.5,0.5795539469076473,0.4204460530923527,307.0175438596491
4,1,16,35.0,5.0,15.5,0.5644928460643979,0.43550715393560213,307.0175438596491
5,1,16,45.0,5.0,15.5,0.5501994788218704,0.44980052117812963,307.0175438596491
6,1,16,55.0,5.0,15.5,0.5370276276132179,0.4629723723867821,307.0175438596491
7,1,16,65.0,5.0,15.5,0.5248580482095788,0.4751419517904212,307.0175438596491
8,1,16,75.0,5.0,15.5,0.5133994483820734,0.4866005516179266,307.0175438596491
9,1,16,85.0,5.0,15.5,0.5023852879558108,0.49761471204418917,307.0175438596491
10,1,16,95.0,5.0,15.5,0.49107620179017664,0.5089237982098234,307.0175438596491
11,1,16,105.0,5.0,15.5,0.47944779430845136,0.5205522056915486,307.0175438596491
12,1,16,115.0,5.0,15.5,0.4672926901846399,0.5327073098153601,307.0175438596491
13,1,16,125.0,5.0,15.5,0.4535831050403345,0.5464168949596655,307.0175438596491
14,1,16,135.0,5.0,15.5,0.4370469169085589,0.5629530830914411,307.0175438596491
15,1,16,145.0,5.0,15.5,0.4153878785641432,0.5846121214358568,307.0175438596491
16,1,16,155.0,5.0,15.5,0.38396750461433776,0.6160324953856622,307.0175438596491
17,1,16,165.0,5.0,15.5,0.3389233214848507,0.6610766785151493,307.0175438596491
18,1,16,175.0,5.0,15.5,0.28512983169645006,0.7148701683035499,307.0175438596491
19,1,16,185.0,5.0,15.5,0.23953194793553742,0.7604680520644626,307.0175438596491
20,1,16,195.0,5.0,15.5,0.21397544606338617,0.7860245539366139,307.0175438596491
21,1,16,205.0,5.0,15.5,0.20386044390076594,0.796139556099234,307.0175438596491
22,1,16,215.0,5.0,15.5,0.20084816325497637,0.7991518367450237,307.0175438596491
23,1,16,225.0,5.0,15.5,0.2001414712254725,0.7998585287745275,307.0175438596491
24,1,16,235.0,5.0,15.5,0.20003362902710106,0.7999663709728989,307.0175438596491
25,1,16,245.0,5.0,15.5,0.20002341860852538,0.7999765813914747,307.0175438596491
26,1,16,255.0,5.0,15.5,0.20002236348640257,0.7999776365135974,307.0175438596491
27,1,16,265.0,5.0,15.5,0.2000225373177829,0.7999774626822171,307.0175438596491
28,1,16,275.0,5.0,15.5,0.20002289493194683,0.7999771050680532,307.0175438596491
29,1,16,285.0,5.0,15.5,0.20002327729468328,0.7999767227053167,307.0175438596491
30,1,16,295.0,5.0,15.5,0.2000236667928951,0.7999763332071049,307.0175438596491
31,1,16,305.0,5.0,15.5,0.2000240611291015,0.7999759388708985,307.0175438596491
32,1,16,315.0,5.0,15.5,0.20002445989681084,0.7999755401031892,307.0175438596491
33,1,16,325.0,5.0,15.5,0.20002486327590577,0.7999751367240943,307.0175438596491
34,1,16,335.0,5.0,15.5,0.20002527126933026,0.7999747287306698,307.0175438596491
35,1,16,345.0,5.0,15.5,0.20002568359817394,0.799974316401826,307.0175438596491
36,1,16,355.0,5.0,15.5,0.20002610020216358,0.7999738997978364,307.0175438596491
37,1,16,365.0,5.0,15.5,0.20002652129067433,0.7999734787093257,307.0175438596491
38,1,16,375.0,5.0,15.5,0.20002694693797135,0.7999730530620286,307.0175438596491
39,1,16,385.0,5.0,15.5,0.20002737701963175,0.7999726229803683,307.0175438596491
40,1,16,395.0,5.0,15.5,0.20002781156406296,0.799972188435937,307.0175438596491
41,1,16,405.0,5.0,15.5,0.20002825076164352,0.7999717492383565,307.0175438596491
42,1,16,415.0,5.0,15.5,0.20002869458539013,0.7999713054146098,307.0175438596491
43,1,16,425.0,5.0,15.5,0.20002914259485027,0.7999708574051497,307.0175438596491
44,1,16,435.0,5.0,15.5,0.2000295939136338,0.7999704060863662,307.0175438596491
45,1,16,445.0,5.0,15.5,0.20003004667096724,0.7999699533290328,307.0175438596491
46,1,16,455.0,5.0,15.5,0.20003049661030886,0.7999695033896912,307.0175438596491
47,1,16,465.0,5.0,15.5,0.20003093489362045,0.7999690651063796,307.0175438596491
48,1,16,475.0,5.0,15.5,0.20003134419001312,0.7999686558099869,307.0175438596491
49,1,16,485.0,5.0,15.5,0.2000316913940525,0.7999683086059475,307.0175438596491
50,1,16,495.0,5.0,15.5,0.20003191850364765,0.7999680814963523,307.0175438596491
1,2,16,5.0,15.0,15.5,0.6857309527070248,0.3142690472929752,307.0175438596491
2,2,16,15.0,15.0,15.5,0.6690541268796515,0.3309458731203485,307.0175438596491
3,2,16,25.0,15.0,15.5,0.6507113522096526,0.3492886477903474,307.0175438596491
4,2,16,35.0,15.0,15.5,0.632523252700847,0.36747674729915303,307.0175438596491
5,2,16,45.0,15.0,15.5,0.6153660985341876,0.38463390146581244,307.0175438596491
6,2,16,55.0,15.0,15.5,0.5996019810958416,0.4003980189041584,307.0175438596491
7,2,16,65.0,15.0,15.5,0.5853175581665211,0.4146824418334789,307.0175438596491
8,2,16,75.0,15.0,15.5,0.572474797676087,0.427525202323913,307.0175438596491
9,2,16,85.0,15.0,15.5,0.5608921274589883,0.4391078725410117,307.0175438596491
10,2,16,95.0,15.0,15.5,0.5501575496331154,0.44984245036688464,307.0175438596491
11,2,16,105.0,15.0,15.5,0.5398283860358636,0.4601716139641364,307.0175438596491
12,2,16,115.0,15.0,15.5,0.529646052267466,0.47035394773253403,307.0175438596491
13,2,16,125.0,15.0,15.5,0.5196706278505596,0.4803293721494404,307.0175438596491
14,2,16,135.0,15.0,15.5,0.5096693310330436,0.49033066896695643,307.0175438596491
15,2,16,145.0,15.0,15.5,0.4994610225717398,0.5005389774282603,307.0175438596491
16,2,16,155.0,15.0,15.5,0.48864953124298904,0.511350468757011,307.0175438596491
17,2,16,165.0,15.0,15.5,0.47647381886242385,0.5235261811375762,307.0175438596491
18,2,16,175.0,15.0,15.5,0.4621697838234981,0.5378302161765018,307.0175438596491
19,2,16,185.0,15.0,15.5,0.4444902567977641,0.5555097432022359,307.0175438596491
20,2,16,195.0,15.0,15.5,0.4203539627750245,0.5796460372249754,307.0175438596491
21,2,16,205.0,15.0,15.5,0.3852026647597663,0.6147973352402337,307.0175438596491
22,2,16,215.0,15.0,15.5,0.3366981540815933,0.6633018459184067,307.0175438596491
23,2,16,225.0,15.0,15.5,0.2814096900140756,0.7185903099859243,307.0175438596491
24,2,16,235.0,15.0,15.5,0.23655610338792535,0.7634438966120747,307.0175438596491
25,2,16,245.0,15.0,15.5,0.21216970999840806,0.7878302900015919,307.0175438596491
26,2,16,255.0,15.0,15.5,0.20280832240573243,0.7971916775942676,307.0175438596491
27,2,16,265.0,15.0,15.5,0.20043680094629432,0.7995631990537057,307.0175438596491
28,2,16,275.0,15.0,15.5,0.2000727645002615,0.7999272354997384,307.0175438596491
29,2,16,285.0,15.0,15.5,0.20002852308317176,0.7999714769168282,307.0175438596491
30,2,16,295.0,15.0,15.5,0.2000243077583932,0.7999756922416068,307.0175438596491
31,2,16,305.0,15.0,15.5,0.20002413736231803,0.799975862637682,307.0175438596491
32,2,16,315.0,15.0,15.5,0.2000244682557788,0.7999755317442212,307.0175438596491
33,2,16,325.0,15.0,15.5,0.2000248634377618,0.7999751365622382,307.0175438596491
34,2,16,335.0,15.0,15.5,0.2000252704528678,0.7999747295471322,307.0175438596491
35,2,16,345.0,15.0,15.5,0.2000256827703145,0.7999743172296855,307.0175438596491
36,2,16,355.0,15.0,15.5,0.20002609935849303,0.799973900641507,307.0175438596491
37,2,16,365.0,15.0,15.5,0.20002652029381995,0.79997347970618,307.0175438596491
38,2,16,375.0,15.0,15.5,0.2000269458312701,0.7999730541687299,307.0175438596491
39,2,16,385.0,15.0,15.5,0.20002737587472635,0.7999726241252736,307.0175438596491
40,2,16,395.0,15.0,15.5,0.20002781036133463,0.7999721896386653,307.0175438596491
41,2,16,405.0,15.0,15.5,0.20002824954783555,0.7999717504521644,307.0175438596491
42,2,16,415.0,15.0,15.5,0.20002869364591006,0.79997130635409,307.0175438596491
43,2,16,425.0,15.0,15.5,0.20002914252804518,0.7999708574719548,307.0175438596491
44,2,16,435.0,15.0,15.5,0.20002959585176716,0.7999704041482328,307.0175438596491
45,2,16,445.0,15.0,15.5,0.20003005282430275,0.7999699471756972,307.0175438596491
46,2,16,455.0,15.0,15.5,0.20003051107538383,0.7999694889246162,307.0175438596491
47,2,16,465.0,15.0,15.5,0.2000309646390685,0.7999690353609314,307.0175438596491
48,2,16,475.0,15.0,15.5,0.2000313998064374,0.7999686001935626,307.0175438596491
49,2,16,485.0,15.0,15.5,0.20003178583355816,0.7999682141664418,307.0175438596491
50,2,16,495.0,15.0,15.5,0.2000320579297858,0.7999679420702142,307.0175438596491
1,3,16,5.0,25.0,15.5,0.7323791003556506,0.26762089964434943,307.0175438596491
2,3,16,15.0,25.0,15.5,0.7129603472173817,0.28703965278261834,307.0175438596491
3,3,16,25.0,25.0,15.5,0.6917117175085471,0.3082882824914529,307.0175438596491
4,3,16,35.0,25.0,15.5,0.670713188181467,0.32928681181853303,307.0175438596491
5,3,16,45.0,25.0,15.5,0.6509608318146275,0.3490391681853725,307.0175438596491
6,3,16,55.0,25.0,15.5,0.6328042631760147,0.3671957368239853,307.0175438596491
7,3,16,65.0,25.0,15.5,0.616292335902376,0.383707664097624,307.0175438596491
8,3,16,75.0,25.0,15.5,0.60138752809341,0.39861247190659,307.0175438596491
9,3,16,85.0,25.0,15.5,0.5880160242764486,0.4119839757235514,307.0175438596491
10,3,16,95.0,25.0,15.5,0.5760194397348148,0.42398056026518516,307.0175438596491
11,3,16,105.0,25.0,15.5,0.5651106752649651,0.43488932473503494,307.0175438596491
12,3,16,115.0,25.0,15.5,0.5548868602221726,0.4451131397778274,307.0175438596491
13,3,16,125.0,25.0,15.5,0.5449034281464818,0.45509657185351815,307.0175438596491
14,3,16,135.0,25.0,15.5,0.5351086114845254,0.4648913885154746,307.0175438596491
15,3,16,145.0,25.0,15.5,0.5255681701568855,0.4744318298431145,307.0175438596491
16,3,16,155.0,25.0,15.5,0.5160409793487066,0.48395902065129337,307.0175438596491
17,3,16,165.0,25.0,15.5,0.5063187198657588,0.4936812801342412,307.0175438596491
18,3,16,175.0,25.0,15.5,0.49622605786958746,0.5037739421304126,307.0175438596491
19,3,16,185.0,25.0,15.5,0.48527946419959495,0.514720535800405,307.0175438596491
20,3,16,195.0,25.0,15.5,0.4727242795127789,0.5272757204872212,307.0175438596491
21,3,16,205.0,25.0,15.5,0.45779724061694826,0.5422027593830517,307.0175438596491
22,3,16,215.0,25.0,15.5,0.43896923469015525,0.5610307653098447,307.0175438596491
23,3,16,225.0,25.0,15.5,0.41281813370364,0.5871818662963599,307.0175438596491
24,3,16,235.0,25.0,15.5,0.3749923512928408,0.6250076487071592,307.0175438596491
25,3,16,245.0,25.0,15.5,0.3243702344880445,0.6756297655119555,307.0175438596491
26,3,16,255.0,25.0,15.5,0.2701774571455336,0.7298225428544665,307.0175438596491
27,3,16,265.0,25.0,15.5,0.2301064740361983,0.7698935259638017,307.0175438596491
28,3,16,275.0,25.0,15.5,0.20979988721675263,0.7902001127832474,307.0175438596491
29,3,16,285.0,25.0,15.5,0.20215880990855475,0.7978411900914453,307.0175438596491
30,3,16,295.0,25.0,15.5,0.20031951680849708,0.799680483191503,307.0175438596491
31,3,16,305.0,25.0,15.5,0.2000593892602198,0.7999406107397802,307.0175438596491
32,3,16,315.0,25.0,15.5,0.20002820654842987,0.7999717934515701,307.0175438596491
33,3,16,325.0,25.0,15.5,0.20002533219652233,0.7999746678034777,307.0175438596491
34,3,16,335.0,25.0,15.5,0.20002532132698206,0.799974678673018,307.0175438596491
35,3,16,345.0,25.0,15.5,0.2000256872462195,0.7999743127537805,307.0175438596491
36,3,16,355.0,25.0,15.5,0.2000260983729756,0.7999739016270244,307.0175438596491
37,3,16,365.0,25.0,15.5,0.20002651863985044,0.7999734813601496,307.0175438596491
38,3,16,375.0,25.0,15.5,0.2000269439704368,0.7999730560295633,307.0175438596491
39,3,16,385.0,25.0,15.5,0.20002737369928944,0.7999726263007105,307.0175438596491
40,3,16,395.0,25.0,15.5,0.20002780792411015,0.7999721920758899,307.0175438596491
41,3,16,405.0,25.0,15.5,0.20002824705108546,0.7999717529489145,307.0175438596491
42,3,16,415.0,25.0,15.5,0.20002869140802967,0.7999713085919703,307.0175438596491
43,3,16,425.0,25.0,15.5,0.20002914134826527,0.7999708586517347,307.0175438596491
44,3,16,435.0,25.0,15.5,0.2000295975933861,0.7999704024066139,307.0175438596491
45,3,16,445.0,25.0,15.5,0.20003006114068622,0.7999699388593138,307.0175438596491
46,3,16,455.0,25.0,15.5,0.20003053283888772,0.7999694671611123,307.0175438596491
47,3,16,465.0,25.0,15.5,0.20003101213070085,0.7999689878692992,307.0175438596491
48,3,16,475.0,25.0,15.5,0.20003149271272935,0.7999685072872706,307.0175438596491
49,3,16,485.0,25.0,15.5,0.20003195053174186,0.7999680494682582,307.0175438596491
50,3,16,495.0,25.0,15.5,0.20003231799848398,0.799967682001516,307.0175438596491
1,4,16,5.0,35.0,15.5,0.7653524025608404,0.23464759743915964,307.0175438596491
2,4,16,15.0,35.0,15.5,0.744786152897007,0.255213847102993,307.0175438596491
3,4,16,25.0,35.0,15.5,0.7214813246965182,0.27851867530348184,307.0175438596491
4,4,16,35.0,35.0,15.5,0.6981982945791744,0.30180170542082563,307.0175438596491
5,4,16,45.0,35.0,15.5,0.6763261095718899,0.3236738904281101,307.0175438596491
6,4,16,55.0,35.0,15.5,0.6563909015914897,0.3436090984085103,307.0175438596491
7,4,16,65.0,35.0,15.5,0.6383156494810999,0.36168435051890013,307.0175438596491
8,4,16,75.0,35.0,15.5,0.6219149789997168,0.3780850210002832,307.0175438596491
9,4,16,85.0,35.0,15.5,0.6070703823088736,0.39292961769112644,307.0175438596491
10,4,16,95.0,35.0,15.5,0.5937110964101823,0.40628890358981773,307.0175438596491
11,4,16,105.0,35.0,15.5,0.581738006518287,0.418261993481713,307.0175438596491
12,4,16,115.0,35.0,15.5,0.5709100867997823,0.4290899132002177,307.0175438596491
13,4,16,125.0,35.0,15.5,0.5608208454643098,0.43917915453569023,307.0175438596491
14,4,16,135.0,35.0,15.5,0.5510210297427127,0.4489789702572873,307.0175438596491
15,4,16,145.0,35.0,15.5,0.5414109679376501,0.4585890320623499,307.0175438596491
16,4,16,155.0,35.0,15.5,0.5320864927655652,0.4679135072344348,307.0175438596491
17,4,16,165.0,35.0,15.5,0.5228808343025124,0.4771191656974876,307.0175438596491
18,4,16,175.0,35.0,15.5,0.5135966700300283,0.4864033299699717,307.0175438596491
19,4,16,185.0,35.0,15.5,0.5040882324278775,0.4959117675721225,307.0175438596491
20,4,16,195.0,35.0,15.5,0.49409755609220163,0.5059024439077984,307.0175438596491
21,4,16,205.0,35.0,15.5,0.483093297772754,0.516906702227246,307.0175438596491
22,4,16,215.0,35.0,15.5,0.47042220278077806,0.5295777972192219,307.0175438596491
23,4,16,225.0,35.0,15.5,0.4552775235289924,0.5447224764710076,307.0175438596491
24,4,16,235.0,35.0,15.5,0.4358736747913711,0.5641263252086288,307.0175438596491
25,4,16,245.0,35.0,15.5,0.4087409031701616,0.5912590968298383,307.0175438596491
26,4,16,255.0,35.0,15.5,0.36991224372352605,0.630087756276474,307.0175438596491
27,4,16,265.0,35.0,15.5,0.3188963135636209,0.6811036864363791,307.0175438596491
28,4,16,275.0,35.0,15.5,0.265746020627364,0.7342539793726359,307.0175438596491
29,4,16,285.0,35.0,15.5,0.2276826237674637,0.7723173762325363,307.0175438596491
30,4,16,295.0,35.0,15.5,0.20880348059780296,0.791196519402197,307.0175438596491
31,4,16,305.0,35.0,15.5,0.20186729741183118,0.7981327025881688,307.0175438596491
32,4,16,315.0,35.0,15.5,0.20027442495537473,0.7997255750446253,307.0175438596491
33,4,16,325.0,35.0,15.5,0.20005410477402868,0.7999458952259713,307.0175438596491
34,4,16,335.0,35.0,15.5,0.20002815890791575,0.7999718410920842,307.0175438596491
35,4,16,345.0,35.0,15.5,0.20002605003024088,0.7999739499697591,307.0175438596491
36,4,16,355.0,35.0,15.5,0.2000261362437668,0.7999738637562332,307.0175438596491
37,4,16,365.0,35.0,15.5,0.20002652107142496,0.7999734789285751,307.0175438596491
38,4,16,375.0,35.0,15.5,0.20002694198392384,0.7999730580160762,307.0175438596491
39,4,16,385.0,35.0,15.5,0.20002737082598734,0.7999726291740127,307.0175438596491
40,4,16,395.0,35.0,15.5,0.20002780467590317,0.7999721953240968,307.0175438596491
41,4,16,405.0,35.0,15.5,0.200028243274659,0.799971756725341,307.0175438596491
42,4,16,415.0,35.0,15.5,0.200028687178879,0.799971312821121,307.0175438596491
43,4,16,425.0,35.0,15.5,0.20002913747696704,0.799970862523033,307.0175438596491
44,4,16,435.0,35.0,15.5,0.20002959574902826,0.7999704042509718,307.0175438596491
45,4,16,445.0,35.0,15.5,0.20003006473119062,0.7999699352688094,307.0175438596491
46,4,16,455.0,35.0,15.5,0.20003054925208755,0.7999694507479125,307.0175438596491
47,4,16,465.0,35.0,15.5,0.20003105630187912,0.7999689436981209,307.0175438596491
48,4,16,475.0,35.0,15.5,0.2000315915583352,0.7999684084416648,307.0175438596491
49,4,16,485.0,35.0,15.5,0.20003214164718966,0.7999678583528104,307.0175438596491
50,4,16,495.0,35.0,15.5,0.20003263741073843,0.7999673625892616,307.0175438596491
1,5,16,5.0,45.0,15.5,0.7889973335483975,0.21100266645160248,307.0175438596491
2,5,16,15.0,45.0,15.5,0.7707758222496877,0.22922417775031234,307.0175438596491
3,5,16,25.0,45.0,15.5,0.7469840384668331,0.25301596153316686,307.0175438596491
4,5,16,35.0,45.0,15.5,0.7224172245459555,0.27758277545404453,307.0175438596491
5,5,16,45.0,45.0,15.5,0.6993905165758416,0.3006094834241584,307.0175438596491
6,5,16,55.0,45.0,15.5,0.6783512343846227,0.32164876561537725,307.0175438596491
7,5,16,65.0,45.0,15.5,0.6593036602398578,0.34069633976014224,307.0175438596491
8,5,16,75.0,45.0,15.5,0.6421002965554301,0.3578997034445699,307.0175438596491
9,5,16,85.0,45.0,15.5,0.6265625752208585,0.37343742477914155,307.0175438596491
10,5,16,95.0,45.0,15.5,0.6125544823878809,0.3874455176121191,307.0175438596491
11,5,16,105.0,45.0,15.5,0.5999613498685266,0.40003865013147344,307.0175438596491
12,5,16,115.0,45.0,15.5,0.5886126466932331,0.4113873533067669,307.0175438596491
13,5,16,125.0,45.0,15.5,0.5781995120657215,0.4218004879342785,307.0175438596491
14,5,16,135.0,45.0,15.5,0.5683321671671665,0.4316678328328335,307.0175438596491
15,5,16,145.0,45.0,15.5,0.5586548462456234,0.44134515375437655,307.0175438596491
16,5,16,155.0,45.0,15.5,0.5492220873387964,0.4507779126612036,307.0175438596491
17,5,16,165.0,45.0,15.5,0.5400561360107012,0.45994386398929876,307.0175438596491
18,5,16,175.0,45.0,15.5,0.531039451773419,0.46896054822658095,307.0175438596491
19,5,16,185.0,45.0,15.5,0.5219829677018207,0.47801703229817927,307.0175438596491
20,5,16,195.0,45.0,15.5,0.5127312864418863,0.48726871355811374,307.0175438596491
21,5,16,205.0,45.0,15.5,0.503136343844026,0.49686365615597405,307.0175438596491
22,5,16,215.0,45.0,15.5,0.49283654037791497,0.5071634596220851,307.0175438596491
23,5,16,225.0,45.0,15.5,0.4812339545480378,0.5187660454519623,307.0175438596491
24,5,16,235.0,45.0,15.5,0.4676885691114556,0.5323114308885444,307.0175438596491
25,5,16,245.0,45.0,15.5,0.4511673568542617,0.5488326431457383,307.0175438596491
26,5,16,255.0,45.0,15.5,0.42928212512330055,0.5707178748766994,307.0175438596491
27,5,16,265.0,45.0,15.5,0.3981212614830035,0.6018787385169966,307.0175438596491
28,5,16,275.0,45.0,15.5,0.35425568283680897,0.645744317163191,307.0175438596491
29,5,16,285.0,45.0,15.5,0.29994719084005417,0.7000528091599458,307.0175438596491
30,5,16,295.0,45.0,15.5,0.2496964997990313,0.7503035002009687,307.0175438596491
31,5,16,305.0,45.0,15.5,0.21852736305908585,0.7814726369409142,307.0175438596491
32,5,16,315.0,45.0,15.5,0.2049290429774686,0.7950709570225314,307.0175438596491
33,5,16,325.0,45.0,15.5,0.20083071297916716,0.7991692870208329,307.0175438596491
34,5,16,335.0,45.0,15.5,0.20012086000227525,0.7998791399977248,307.0175438596491
35,5,16,345.0,45.0,15.5,0.20003547054307802,0.799964529456922,307.0175438596491
36,5,16,355.0,45.0,15.5,0.2000270868086639,0.7999729131913361,307.0175438596491
37,5,16,365.0,45.0,15.5,0.20002662586645234,0.7999733741335476,307.0175438596491
38,5,16,375.0,45.0,15.5,0.20002695063477235,0.7999730493652276,307.0175438596491
39,5,16,385.0,45.0,15.5,0.2000273688250972,0.7999726311749028,307.0175438596491
40,5,16,395.0,45.0,15.5,0.20002780072044798,0.799972199279552,307.0175438596491
41,5,16,405.0,45.0,15.5,0.20002823823615457,0.7999717617638454,307.0175438596491
42,5,16,415.0,45.0,15.5,0.20002868082046105,0.799971319179539,307.0175438596491
43,5,16,425.0,45.0,15.5,0.20002912960244665,0.7999708703975533,307.0175438596491
44,5,16,435.0,45.0,15.5,0.2000295867308995,0.7999704132691006,307.0175438596491
45,5,16,445.0,45.0,15.5,0.2000300556669375,0.7999699443330626,307.0175438596491
46,5,16,455.0,45.0,15.5,0.2000305431511654,0.7999694568488346,307.0175438596491
47,5,16,465.0,45.0,15.5,0.2000310615522984,0.7999689384477016,307.0175438596491
48,5,16,475.0,45.0,15.5,0.20003162664442015,0.7999683733555798,307.0175438596491
49,5,16,485.0,45.0,15.5,0.20003221116551673,0.7999677888344833,307.0175438596491
50,5,16,495.0,45.0,15.5,0.20003259876509336,0.7999674012349066,307.0175438596491
1,6,16,5.0,55.0,15.5,0.7668179729300204,0.2331820270699796,307.0175438596491
2,6,16,15.0,55.0,15.5,0.7472855801439084,0.25271441985609155,307.0175438596491
3,6,16,25.0,55.0,15.5,0.7250365488779531,0.2749634511220469,307.0175438596491
4,6,16,35.0,55.0,15.5,0.7026084103176481,0.2973915896823519,307.0175438596491
5,6,16,45.0,55.0,15.5,0.6813396248246764,0.31866037517532364,307.0175438596491
6,6,16,55.0,55.0,15.5,0.6616919295956951,0.3383080704043049,307.0175438596491
7,6,16,65.0,55.0,15.5,0.6437070110406509,0.35629298895934913,307.0175438596491
8,6,16,75.0,55.0,15.5,0.6272989115404527,0.3727010884595473,307.0175438596491
9,6,16,85.0,55.0,15.5,0.6123882011300921,0.38761179886990793,307.0175438596491
10,6,16,95.0,55.0,15.5,0.5989287508491744,0.4010712491508256,307.0175438596491
11,6,16,105.0,55.0,15.5,0.5868531816297554,0.4131468183702446,307.0175438596491
12,6,16,115.0,55.0,15.5,0.5759586165818573,0.4240413834181427,307.0175438596491
13,6,16,125.0,55.0,15.5,0.5658554872465076,0.4341445127534924,307.0175438596491
14,6,16,135.0,55.0,15.5,0.5560857054157474,0.4439142945842526,307.0175438596491
15,6,16,145.0,55.0,15.5,0.5464329242584215,0.4535670757415785,307.0175438596491
16,6,16,155.0,55.0,15.5,0.5370507905987968,0.4629492094012032,307.0175438596491
17,6,16,165.0,55.0,15.5,0.527855596080538,0.472144403919462,307.0175438596491
18,6,16,175.0,55.0,15.5,0.5186391963841864,0.48136080361581357,307.0175438596491
19,6,16,185.0,55.0,15.5,0.5092408700753871,0.4907591299246129,307.0175438596491
20,6,16,195.0,55.0,15.5,0.49950585075577664,0.5004941492442234,307.0175438596491
21,6,16,205.0,55.0,15.5,0.4890356722959533,0.5109643277040468,307.0175438596491
22,6,16,215.0,55.0,15.5,0.47719138751495677,0.5228086124850433,307.0175438596491
23,6,16,225.0,55.0,15.5,0.46330643306234504,0.5366935669376549,307.0175438596491
24,6,16,235.0,55.0,15.5,0.4462227674027661,0.5537772325972339,307.0175438596491
25,6,16,245.0,55.0,15.5,0.423289839490896,0.5767101605091041,307.0175438596491
26,6,16,255.0,55.0,15.5,0.39045557308796675,0.6095444269120333,307.0175438596491
27,6,16,265.0,55.0,15.5,0.34483339196191287,0.6551666080380871,307.0175438596491
28,6,16,275.0,55.0,15.5,0.29058544701185046,0.7094145529881495,307.0175438596491
29,6,16,285.0,55.0,15.5,0.24355861800318113,0.7564413819968189,307.0175438596491
30,6,16,295.0,55.0,15.5,0.21594037820570638,0.7840596217942937,307.0175438596491
31,6,16,305.0,55.0,15.5,0.20412923410863568,0.7958707658913643,307.0175438596491
32,6,16,315.0,55.0,15.5,0.20068125764768935,0.7993187423523107,307.0175438596491
33,6,16,325.0,55.0,15.5,0.20010433777131437,0.7998956622286857,307.0175438596491
34,6,16,335.0,55.0,15.5,0.20003366872158768,0.7999663312784123,307.0175438596491
35,6,16,345.0,55.0,15.5,0.2000265885428263,0.7999734114571737,307.0175438596491
36,6,16,355.0,55.0,15.5,0.20002619688627435,0.7999738031137257,307.0175438596491
37,6,16,365.0,55.0,15.5,0.2000265244511175,0.7999734755488825,307.0175438596491
38,6,16,375.0,55.0,15.5,0.20002693829318308,0.7999730617068169,307.0175438596491
39,6,16,385.0,55.0,15.5,0.20002736484023348,0.7999726351597665,307.0175438596491
40,6,16,395.0,55.0,15.5,0.20002779644920451,0.7999722035507955,307.0175438596491
41,6,16,405.0,55.0,15.5,0.20002823216474688,0.7999717678352531,307.0175438596491
42,6,16,415.0,55.0,15.5,0.20002867222766027,0.7999713277723397,307.0175438596491
43,6,16,425.0,55.0,15.5,0.20002911762234596,0.799970882377654,307.0175438596491
44,6,16,435.0,55.0,15.5,0.20002956971210759,0.7999704302878924,307.0175438596491
45,6,16,445.0,55.0,15.5,0.20003003085339013,0.7999699691466099,307.0175438596491
46,6,16,455.0,55.0,15.5,0.20003050538405645,0.7999694946159436,307.0175438596491
47,6,16,465.0,55.0,15.5,0.2000309993221672,0.7999690006778328,307.0175438596491
48,6,16,475.0,55.0,15.5,0.20003151599334731,0.7999684840066527,307.0175438596491
49,6,16,485.0,55.0,15.5,0.20003203827140303,0.799967961728597,307.0175438596491
50,6,16,495.0,55.0,15.5,0.2000324964044723,0.7999675035955277,307.0175438596491
1,7,16,5.0,65.0,15.5,0.7371161621988611,0.2628838378011389,307.0175438596491
2,7,16,15.0,65.0,15.5,0.7188630168639208,0.28113698313607915,307.0175438596491
3,7,16,25.0,65.0,15.5,0.6986147276125146,0.30138527238748536,307.0175438596491
4,7,16,35.0,65.0,15.5,0.6782994311586962,0.3217005688413038,307.0175438596491
5,7,16,45.0,65.0,15.5,0.6589215469045985,0.3410784530954015,307.0175438596491
6,7,16,55.0,65.0,15.5,0.6408906020885659,0.35910939791143415,307.0175438596491
7,7,16,65.0,65.0,15.5,0.6243236528432565,0.3756763471567435,307.0175438596491
8,7,16,75.0,65.0,15.5,0.609226992603432,0.39077300739656795,307.0175438596491
9,7,16,85.0,65.0,15.5,0.5955838015549741,0.40441619844502585,307.0175438596491
10,7,16,95.0,65.0,15.5,0.5833304622890672,0.41666953771093285,307.0175438596491
11,7,16,105.0,65.0,15.5,0.5722603306833108,0.42773966931668916,307.0175438596491
12,7,16,115.0,65.0,15.5,0.5619986157620752,0.4380013842379248,307.0175438596491
13,7,16,125.0,65.0,15.5,0.552113252725511,0.44788674727448896,307.0175438596491
14,7,16,135.0,65.0,15.5,0.5423483193268915,0.45765168067310846,307.0175438596491
15,7,16,145.0,65.0,15.5,0.5328427648807816,0.46715723511921836,307.0175438596491
16,7,16,155.0,65.0,15.5,0.5234848743766489,0.4765151256233511,307.0175438596491
17,7,16,165.0,65.0,15.5,0.5140642354660961,0.48593576453390386,307.0175438596491
18,7,16,175.0,65.0,15.5,0.5044158618650253,0.4955841381349747,307.0175438596491
19,7,16,185.0,65.0,15.5,0.4942924009894068,0.5057075990105933,307.0175438596491
20,7,16,195.0,65.0,15.5,0.4831652470963243,0.5168347529036756,307.0175438596491
21,7,16,205.0,65.0,15.5,0.47034817621826136,0.5296518237817387,307.0175438596491
22,7,16,215.0,65.0,15.5,0.4550016281723728,0.5449983718276272,307.0175438596491
23,7,16,225.0,65.0,15.5,0.4353082940388062,0.5646917059611938,307.0175438596491
24,7,16,235.0,65.0,15.5,0.407707086319472,0.5922929136805279,307.0175438596491
25,7,16,245.0,65.0,15.5,0.36816355771945597,0.631836442280544,307.0175438596491
26,7,16,255.0,65.0,15.5,0.3164535434838426,0.6835464565161574,307.0175438596491
27,7,16,265.0,65.0,15.5,0.2634222540542798,0.7365777459457201,307.0175438596491
28,7,16,275.0,65.0,15.5,0.22631095788791786,0.7736890421120821,307.0175438596491
29,7,16,285.0,65.0,15.5,0.2082263714433082,0.7917736285566919,307.0175438596491
30,7,16,295.0,65.0,15.5,0.2016971964617477,0.7983028035382523,307.0175438596491
31,7,16,305.0,65.0,15.5,0.20024559450197518,0.7997544054980248,307.0175438596491
32,7,16,315.0,65.0,15.5,0.20005022347686383,0.7999497765231361,307.0175438596491
33,7,16,325.0,65.0,15.5,0.20002742524424996,0.79997257475575,307.0175438596491
34,7,16,335.0,65.0,15.5,0.2000255956377684,0.7999744043622317,307.0175438596491
35,7,16,345.0,65.0,15.5,0.20002571337990013,0.7999742866200998,307.0175438596491
36,7,16,355.0,65.0,15.5,0.20002609751081063,0.7999739024891894,307.0175438596491
37,7,16,365.0,65.0,15.5,0.2000265132257249,0.7999734867742752,307.0175438596491
38,7,16,375.0,65.0,15.5,0.20002693573624353,0.7999730642637565,307.0175438596491
39,7,16,385.0,65.0,15.5,0.20002736230425425,0.7999726376957458,307.0175438596491
40,7,16,395.0,65.0,15.5,0.20002779234164042,0.7999722076583595,307.0175438596491
41,7,16,405.0,65.0,15.5,0.2000282257570603,0.7999717742429397,307.0175438596491
42,7,16,415.0,65.0,15.5,0.2000286626416536,0.7999713373583464,307.0175438596491
43,7,16,425.0,65.0,15.5,0.20002910306415667,0.7999708969358433,307.0175438596491
44,7,16,435.0,65.0,15.5,0.2000295472193563,0.7999704527806437,307.0175438596491
45,7,16,445.0,65.0,15.5,0.20002999559833193,0.7999700044016681,307.0175438596491
46,7,16,455.0,65.0,15.5,0.20003044857814398,0.799969551421856,307.0175438596491
47,7,16,465.0,65.0,15.5,0.20003090488892564,0.7999690951110744,307.0175438596491
48,7,16,475.0,65.0,15.5,0.20003135719165002,0.79996864280835,307.0175438596491
49,7,16,485.0,65.0,15.5,0.20003178113225845,0.7999682188677415,307.0175438596491
50,7,16,495.0,65.0,15.5,0.20003211437850027,0.7999678856214998,307.0175438596491
1,8,16,5.0,75.0,15.5,0.6983963133755018,0.3016036866244982,307.0175438596491
2,8,16,15.0,75.0,15.5,0.6826333831065794,0.3173666168934206,307.0175438596491
3,8,16,25.0,75.0,15.5,0.6649913672597013,0.3350086327402987,307.0175438596491
4,8,16,35.0,75.0,15.5,0.6471817042507846,0.3528182957492154,307.0175438596491
5,8,16,45.0,75.0,15.5,0.6300974738125036,0.3699025261874964,307.0175438596491
6,8,16,55.0,75.0,15.5,0.6141651626773886,0.38583483732261137,307.0175438596491
7,8,16,65.0,75.0,15.5,0.5995620088215144,0.40043799117848555,307.0175438596491
8,8,16,75.0,75.0,15.5,0.5863247416975723,0.4136752583024277,307.0175438596491
9,8,16,85.0,75.0,15.5,0.5743614258224028,0.4256385741775972,307.0175438596491
10,8,16,95.0,75.0,15.5,0.5634354938280105,0.4365645061719895,307.0175438596491
11,8,16,105.0,75.0,15.5,0.5531660278026315,0.44683397219736853,307.0175438596491
12,8,16,115.0,75.0,15.5,0.5431199564495155,0.4568800435504845,307.0175438596491
13,8,16,125.0,75.0,15.5,0.5332363391080023,0.4667636608919977,307.0175438596491
14,8,16,135.0,75.0,15.5,0.5235839907124644,0.4764160092875356,307.0175438596491
15,8,16,145.0,75.0,15.5,0.5138957146231771,0.48610428537682293,307.0175438596491
16,8,16,155.0,75.0,15.5,0.5039866073682229,0.49601339263177713,307.0175438596491
17,8,16,165.0,75.0,15.5,0.49364524659918135,0.5063547534008186,307.0175438596491
18,8,16,175.0,75.0,15.5,0.48226682752232614,0.5177331724776739,307.0175438596491
19,8,16,185.0,75.0,15.5,0.4690679417428907,0.5309320582571093,307.0175438596491
20,8,16,195.0,75.0,15.5,0.45322841891649684,0.5467715810835032,307.0175438596491
21,8,16,205.0,75.0,15.5,0.43276015951078123,0.5672398404892187,307.0175438596491
22,8,16,215.0,75.0,15.5,0.40363393940118303,0.596366060598817,307.0175438596491
23,8,16,225.0,75.0,15.5,0.36176943310842263,0.6382305668915773,307.0175438596491
24,8,16,235.0,75.0,15.5,0.3083321184545366,0.6916678815454633,307.0175438596491
25,8,16,245.0,75.0,15.5,0.25631429146184964,0.7436857085381503,307.0175438596491
26,8,16,255.0,75.0,15.5,0.2221085704666304,0.7778914295333696,307.0175438596491
27,8,16,265.0,75.0,15.5,0.20641200120763017,0.7935879987923699,307.0175438596491
28,8,16,275.0,75.0,15.5,0.20120253191347923,0.7987974680865207,307.0175438596491
29,8,16,285.0,75.0,15.5,0.20017140859161142,0.7998285914083886,307.0175438596491
30,8,16,295.0,75.0,15.5,0.200040886600653,0.799959113399347,307.0175438596491
31,8,16,305.0,75.0,15.5,0.20002577454874276,0.7999742254512572,307.0175438596491
32,8,16,315.0,75.0,15.5,0.20002468226995088,0.7999753177300492,307.0175438596491
33,8,16,325.0,75.0,15.5,0.20002488571481986,0.7999751142851801,307.0175438596491
34,8,16,335.0,75.0,15.5,0.2000252710795459,0.7999747289204541,307.0175438596491
35,8,16,345.0,75.0,15.5,0.2000256794327486,0.7999743205672514,307.0175438596491
36,8,16,355.0,75.0,15.5,0.20002609409412206,0.7999739059058779,307.0175438596491
37,8,16,365.0,75.0,15.5,0.200026512772985,0.799973487227015,307.0175438596491
38,8,16,375.0,75.0,15.5,0.20002693482960018,0.7999730651703998,307.0175438596491
39,8,16,385.0,75.0,15.5,0.20002736024164294,0.7999726397583571,307.0175438596491
40,8,16,395.0,75.0,15.5,0.20002778882820788,0.7999722111717922,307.0175438596491
41,8,16,405.0,75.0,15.5,0.20002822005887644,0.7999717799411236,307.0175438596491
42,8,16,415.0,75.0,15.5,0.20002865343145892,0.7999713465685411,307.0175438596491
43,8,16,425.0,75.0,15.5,0.20002908845495887,0.7999709115450411,307.0175438596491
44,8,16,435.0,75.0,15.5,0.20002952414602754,0.7999704758539725,307.0175438596491
45,8,16,445.0,75.0,15.5,0.20002995877084126,0.7999700412291587,307.0175438596491
46,8,16,455.0,75.0,15.5,0.2000303892832128,0.7999696107167872,307.0175438596491
47,8,16,465.0,75.0,15.5,0.2000308093384816,0.7999691906615184,307.0175438596491
48,8,16,475.0,75.0,15.5,0.2000312052767518,0.7999687947232482,307.0175438596491
49,8,16,485.0,75.0,15.5,0.20003154875495927,0.7999684512450407,307.0175438596491
50,8,16,495.0,75.0,15.5,0.20003178452956868,0.7999682154704313,307.0175438596491
1,9,16,5.0,85.0,15.5,0.6468089484339243,0.35319105156607566,307.0175438596491
2,9,16,15.0,85.0,15.5,0.6340762895994331,0.3659237104005669,307.0175438596491
3,9,16,25.0,85.0,15.5,0.6195505115586095,0.3804494884413905,307.0175438596491
4,9,16,35.0,85.0,15.5,0.6047419065951926,0.39525809340480744,307.0175438596491
5,9,16,45.0,85.0,15.5,0.5904870759320807,0.4095129240679193,307.0175438596491
6,9,16,55.0,85.0,15.5,0.5772022628788389,0.4227977371211611,307.0175438596491
7,9,16,65.0,85.0,15.5,0.5650239222377601,0.4349760777622399,307.0175438596491
8,9,16,75.0,85.0,15.5,0.5538156129121999,0.44618438708780006,307.0175438596491
9,9,16,85.0,85.0,15.5,0.5432242223128081,0.4567757776871919,307.0175438596491
10,9,16,95.0,85.0,15.5,0.532887848211262,0.467112151788738,307.0175438596491
11,9,16,105.0,85.0,15.5,0.5226288852119346,0.4773711147880654,307.0175438596491
12,9,16,115.0,85.0,15.5,0.5124957346212954,0.4875042653787046,307.0175438596491
13,9,16,125.0,85.0,15.5,0.5022165100475406,0.49778348995245936,307.0175438596491
14,9,16,135.0,85.0,15.5,0.49153065226183795,0.5084693477381621,307.0175438596491
15,9,16,145.0,85.0,15.5,0.4798436686730049,0.5201563313269951,307.0175438596491
16,9,16,155.0,85.0,15.5,0.4662790956268627,0.5337209043731372,307.0175438596491
17,9,16,165.0,85.0,15.5,0.44981867763929423,0.5501813223607057,307.0175438596491
18,9,16,175.0,85.0,15.5,0.4282302750114265,0.5717697249885735,307.0175438596491
19,9,16,185.0,85.0,15.5,0.3972262453087627,0.6027737546912373,307.0175438596491
20,9,16,195.0,85.0,15.5,0.3529320314534401,0.6470679685465599,307.0175438596491
21,9,16,205.0,85.0,15.5,0.2981692199934584,0.7018307800065415,307.0175438596491
22,9,16,215.0,85.0,15.5,0.2480498635135691,0.7519501364864309,307.0175438596491
23,9,16,225.0,85.0,15.5,0.21735535689584068,0.7826446431041594,307.0175438596491
24,9,16,235.0,85.0,15.5,0.2043987791065264,0.7956012208934736,307.0175438596491
25,9,16,245.0,85.0,15.5,0.20072405061618162,0.7992759493838184,307.0175438596491
26,9,16,255.0,85.0,15.5,0.20010733324686691,0.7998926667531331,307.0175438596491
27,9,16,265.0,85.0,15.5,0.2000316325849871,0.7999683674150129,307.0175438596491
28,9,16,275.0,85.0,15.5,0.20002390359296401,0.7999760964070359,307.0175438596491
29,9,16,285.0,85.0,15.5,0.20002340180276976,0.7999765981972302,307.0175438596491
30,9,16,295.0,85.0,15.5,0.20002368228320694,0.7999763177167931,307.0175438596491
31,9,16,305.0,85.0,15.5,0.20002406350460059,0.7999759364953994,307.0175438596491
32,9,16,315.0,85.0,15.5,0.20002446027159562,0.7999755397284044,307.0175438596491
33,9,16,325.0,85.0,15.5,0.20002486281121473,0.7999751371887853,307.0175438596491
34,9,16,335.0,85.0,15.5,0.20002526951193217,0.7999747304880678,307.0175438596491
35,9,16,345.0,85.0,15.5,0.2000256800568375,0.7999743199431625,307.0175438596491
36,9,16,355.0,85.0,15.5,0.20002609457556084,0.7999739054244391,307.0175438596491
37,9,16,365.0,85.0,15.5,0.20002651284829095,0.799973487151709,307.0175438596491
38,9,16,375.0,85.0,15.5,0.20002693438800007,0.7999730656119999,307.0175438596491
39,9,16,385.0,85.0,15.5,0.20002735894241766,0.7999726410575824,307.0175438596491
40,9,16,395.0,85.0,15.5,0.20002778626061582,0.7999722137393842,307.0175438596491
41,9,16,405.0,85.0,15.5,0.20002821567137957,0.7999717843286205,307.0175438596491
42,9,16,415.0,85.0,15.5,0.2000286462287508,0.7999713537712492,307.0175438596491
43,9,16,425.0,85.0,15.5,0.20002907678459586,0.7999709232154042,307.0175438596491
44,9,16,435.0,85.0,15.5,0.20002950541893263,0.7999704945810674,307.0175438596491
45,9,16,445.0,85.0,15.5,0.2000299288362948,0.7999700711637052,307.0175438596491
46,9,16,455.0,85.0,15.5,0.20003034160501793,0.799969658394982,307.0175438596491
47,9,16,465.0,85.0,15.5,0.20003073434385257,0.7999692656561475,307.0175438596491
48,9,16,475.0,85.0,15.5,0.20003109050973486,0.7999689094902651,307.0175438596491
49,9,16,485.0,85.0,15.5,0.200031381899057,0.799968618100943,307.0175438596491
50,9,16,495.0,85.0,15.5,0.20003156442319883,0.7999684355768012,307.0175438596491
1,10,16,5.0,95.0,15.5,0.5611983690400087,0.43880163095999125,307.0175438596491
2,10,16,15.0,95.0,15.5,0.5514724101515002,0.44852758984849983,307.0175438596491
3,10,16,25.0,95.0,15.5,0.5401231061533329,0.4598768938466671,307.0175438596491
4,10,16,35.0,95.0,15.5,0.5283502291525114,0.4716497708474886,307.0175438596491
5,10,16,45.0,95.0,15.5,0.5167589176549928,0.4832410823450072,307.0175438596491
6,10,16,55.0,95.0,15.5,0.5054985654891575,0.4945014345108425,307.0175438596491
7,10,16,65.0,95.0,15.5,0.4944727346397177,0.5055272653602823,307.0175438596491
8,10,16,75.0,95.0,15.5,0.48311571043048723,0.5168842895695127,307.0175438596491
9,10,16,85.0,95.0,15.5,0.47106699841281124,0.5289330015871887,307.0175438596491
10,10,16,95.0,95.0,15.5,0.4584486367384679,0.5415513632615321,307.0175438596491
11,10,16,105.0,95.0,15.5,0.44429958420224924,0.5557004157977508,307.0175438596491
12,10,16,115.0,95.0,15.5,0.4271834314698465,0.5728165685301535,307.0175438596491
13,10,16,125.0,95.0,15.5,0.4045274640934776,0.5954725359065224,307.0175438596491
14,10,16,135.0,95.0,15.5,0.37166394905888167,0.6283360509411183,307.0175438596491
15,10,16,145.0,95.0,15.5,0.325647770087698,0.6743522299123019,307.0175438596491
16,10,16,155.0,95.0,15.5,0.2736495831748296,0.7263504168251704,307.0175438596491
17,10,16,165.0,95.0,15.5,0.2329307315406365,0.7670692684593635,307.0175438596491
18,10,16,175.0,95.0,15.5,0.2117695854291399,0.7882304145708601,307.0175438596491
19,10,16,185.0,95.0,15.5,0.20379243494415544,0.7962075650558446,307.0175438596491
20,10,16,195.0,95.0,15.5,0.2011251713525727,0.7988748286474273,307.0175438596491
21,10,16,205.0,95.0,15.5,0.20022812671238216,0.7997718732876178,307.0175438596491
22,10,16,215.0,95.0,15.5,0.20004428166303898,0.799955718336961,307.0175438596491
23,10,16,225.0,95.0,15.5,0.20002413023760993,0.7999758697623901,307.0175438596491
24,10,16,235.0,95.0,15.5,0.20002179279058163,0.7999782072094184,307.0175438596491
25,10,16,245.0,95.0,15.5,0.20002181753669185,0.7999781824633081,307.0175438596491
26,10,16,255.0,95.0,15.5,0.20002214607997335,0.7999778539200266,307.0175438596491
27,10,16,265.0,95.0,15.5,0.20002251647246938,0.7999774835275306,307.0175438596491
28,10,16,275.0,95.0,15.5,0.2000228956259603,0.7999771043740397,307.0175438596491
29,10,16,285.0,95.0,15.5,0.2000232800538506,0.7999767199461494,307.0175438596491
30,10,16,295.0,95.0,15.5,0.20002366925216644,0.7999763307478336,307.0175438596491
31,10,16,305.0,95.0,15.5,0.20002406299190525,0.7999759370080948,307.0175438596491
32,10,16,315.0,95.0,15.5,0.20002446112395209,0.7999755388760479,307.0175438596491
33,10,16,325.0,95.0,15.5,0.20002486354639687,0.7999751364536032,307.0175438596491
34,10,16,335.0,95.0,15.5,0.20002527011244983,0.7999747298875501,307.0175438596491
35,10,16,345.0,95.0,15.5,0.20002568065101473,0.7999743193489852,307.0175438596491
36,10,16,355.0,95.0,15.5,0.2000260949957551,0.7999739050042449,307.0175438596491
37,10,16,365.0,95.0,15.5,0.20002651292615986,0.7999734870738402,307.0175438596491
38,10,16,375.0,95.0,15.5,0.2000269341468665,0.7999730658531334,307.0175438596491
39,10,16,385.0,95.0,15.5,0.20002735831026155,0.7999726416897385,307.0175438596491
40,10,16,395.0,95.0,15.5,0.20002778492872755,0.7999722150712725,307.0175438596491
41,10,16,405.0,95.0,15.5,0.20002821325988432,0.7999717867401157,307.0175438596491
42,10,16,415.0,95.0,15.5,0.2000286422436556,0.7999713577563444,307.0175438596491
43,10,16,425.0,95.0,15.5,0.20002907031286815,0.7999709296871318,307.0175438596491
44,10,16,435.0,95.0,15.5,0.20002949493648045,0.7999705050635195,307.0175438596491
45,10,16,445.0,95.0,15.5,0.20002991203403458,0.7999700879659655,307.0175438596491
46,10,16,455.0,95.0,15.5,0.20003031496784568,0.7999696850321543,307.0175438596491
47,10,16,465.0,95.0,15.5,0.2000306928514605,0.7999693071485395,307.0175438596491
48,10,16,475.0,95.0,15.5,0.20003102809451304,0.799968971905487,307.0175438596491
49,10,16,485.0,95.0,15.5,0.200031293657975,0.799968706342025,307.0175438596491
50,10,16,495.0,95.0,15.5,0.20003145266261038,0.7999685473373896,307.0175438596491
1,1,17,5.0,5.0,16.5,0.5912750174807309,0.40872498251926914,271.9298245614035
2,1,17,15.0,5.0,16.5,0.5767302759448237,0.42326972405517627,271.9298245614035
3,1,17,25.0,5.0,16.5,0.5602835605702263,0.4397164394297737,271.9298245614035
4,1,17,35.0,5.0,16.5,0.543714585396557,0.45628541460344296,271.9298245614035
5,1,17,45.0,5.0,16.5,0.5281148550628453,0.4718851449371547,271.9298245614035
6,1,17,55.0,5.0,16.5,0.5138954241801055,0.4861045758198945,271.9298245614035
7,1,17,65.0,5.0,16.5,0.500610643740971,0.499389356259029,271.9298245614035
8,1,17,75.0,5.0,16.5,0.4872787800861174,0.5127212199138826,271.9298245614035
9,1,17,85.0,5.0,16.5,0.47282470902287355,0.5271752909771265,271.9298245614035
10,1,17,95.0,5.0,16.5,0.4569992876212406,0.5430007123787595,271.9298245614035
11,1,17,105.0,5.0,16.5,0.43838774823678567,0.5616122517632143,271.9298245614035
12,1,17,115.0,5.0,16.5,0.4143183854849567,0.5856816145150433,271.9298245614035
13,1,17,125.0,5.0,16.5,0.37918841675476456,0.6208115832452354,271.9298245614035
14,1,17,135.0,5.0,16.5,0.32870397999095397,0.6712960200090461,271.9298245614035
15,1,17,145.0,5.0,16.5,0.2712830441828991,0.7287169558171009,271.9298245614035
16,1,17,155.0,5.0,16.5,0.2283320316616012,0.7716679683383988,271.9298245614035
17,1,17,165.0,5.0,16.5,0.2082828563496434,0.7917171436503566,271.9298245614035
18,1,17,175.0,5.0,16.5,0.20186656513758483,0.7981334348624152,271.9298245614035
19,1,17,185.0,5.0,16.5,0.20032577969686588,0.7996742203031342,271.9298245614035
20,1,17,195.0,5.0,16.5,0.20005104096768989,0.7999489590323101,271.9298245614035
21,1,17,205.0,5.0,16.5,0.2000233801307502,0.7999766198692498,271.9298245614035
22,1,17,215.0,5.0,16.5,0.20002090554082883,0.7999790944591711,271.9298245614035
23,1,17,225.0,5.0,16.5,0.20002090880901835,0.7999790911909817,271.9298245614035
24,1,17,235.0,5.0,16.5,0.2000212287052976,0.7999787712947024,271.9298245614035
25,1,17,245.0,5.0,16.5,0.20002158989338362,0.7999784101066164,271.9298245614035
26,1,17,255.0,5.0,16.5,0.20002195990275845,0.7999780400972416,271.9298245614035
27,1,17,265.0,5.0,16.5,0.20002233531600289,0.7999776646839971,271.9298245614035
28,1,17,275.0,5.0,16.5,0.20002271550296705,0.799977284497033,271.9298245614035
29,1,17,285.0,5.0,16.5,0.200023100573025,0.799976899426975,271.9298245614035
30,1,17,295.0,5.0,16.5,0.2000234905383992,0.7999765094616008,271.9298245614035
31,1,17,305.0,5.0,16.5,0.2000238850859078,0.7999761149140923,271.9298245614035
32,1,17,315.0,5.0,16.5,0.20002428406508155,0.7999757159349185,271.9298245614035
33,1,17,325.0,5.0,16.5,0.20002468759665026,0.7999753124033497,271.9298245614035
34,1,17,335.0,5.0,16.5,0.20002509569304708,0.799974904306953,271.9298245614035
35,1,17,345.0,5.0,16.5,0.20002550815799183,0.7999744918420082,271.9298245614035
36,1,17,355.0,5.0,16.5,0.20002592493019772,0.7999740750698023,271.9298245614035
37,1,17,365.0,5.0,16.5,0.20002634615658835,0.7999736538434117,271.9298245614035
38,1,17,375.0,5.0,16.5,0.2000267719115079,0.7999732280884921,271.9298245614035
39,1,17,385.0,5.0,16.5,0.2000272021285189,0.7999727978714811,271.9298245614035
40,1,17,395.0,5.0,16.5,0.200027636838658,0.799972363161342,271.9298245614035
41,1,17,405.0,5.0,16.5,0.20002807618127674,0.7999719238187233,271.9298245614035
42,1,17,415.0,5.0,16.5,0.20002852011420244,0.7999714798857975,271.9298245614035
43,1,17,425.0,5.0,16.5,0.2000289682122262,0.7999710317877737,271.9298245614035
44,1,17,435.0,5.0,16.5,0.20002941954268288,0.7999705804573172,271.9298245614035
45,1,17,445.0,5.0,16.5,0.20002987207337775,0.7999701279266223,271.9298245614035
46,1,17,455.0,5.0,16.5,0.20003032130856538,0.7999696786914346,271.9298245614035
47,1,17,465.0,5.0,16.5,0.2000307580212238,0.7999692419787762,271.9298245614035
48,1,17,475.0,5.0,16.5,0.20003116425926779,0.7999688357407322,271.9298245614035
49,1,17,485.0,5.0,16.5,0.2000315064005393,0.7999684935994607,271.9298245614035
50,1,17,495.0,5.0,16.5,0.20003172719209897,0.7999682728079011,271.9298245614035
1,2,17,5.0,15.0,16.5,0.675061420181405,0.324938579818595,271.9298245614035
2,2,17,15.0,15.0,16.5,0.6569630956723788,0.34303690432762124,271.9298245614035
3,2,17,25.0,15.0,16.5,0.6370618698637578,0.3629381301362422,271.9298245614035
4,2,17,35.0,15.0,16.5,0.6172798602318138,0.3827201397681862,271.9298245614035
5,2,17,45.0,15.0,16.5,0.5985533299127896,0.40144667008721036,271.9298245614035
6,2,17,55.0,15.0,16.5,0.5812965899998047,0.4187034100001953,271.9298245614035
7,2,17,65.0,15.0,16.5,0.5656720558978422,0.4343279441021578,271.9298245614035
8,2,17,75.0,15.0,16.5,0.5517278769208157,0.4482721230791843,271.9298245614035
9,2,17,85.0,15.0,16.5,0.5392324233495936,0.46076757665040635,271.9298245614035
10,2,17,95.0,15.0,16.5,0.5272850180126032,0.4727149819873968,271.9298245614035
11,2,17,105.0,15.0,16.5,0.5150370879646288,0.48496291203537123,271.9298245614035
12,2,17,115.0,15.0,16.5,0.5027245950430442,0.49727540495695577,271.9298245614035
13,2,17,125.0,15.0,16.5,0.4898451368462452,0.5101548631537548,271.9298245614035
14,2,17,135.0,15.0,16.5,0.47540224004075393,0.5245977599592461,271.9298245614035
15,2,17,145.0,15.0,16.5,0.45847326228380475,0.5415267377161952,271.9298245614035
16,2,17,155.0,15.0,16.5,0.43702129955795316,0.5629787004420468,271.9298245614035
17,2,17,165.0,15.0,16.5,0.40646808669349177,0.5935319133065082,271.9298245614035
18,2,17,175.0,15.0,16.5,0.36195223444540814,0.6380477655545919,271.9298245614035
19,2,17,185.0,15.0,16.5,0.3050351152317659,0.6949648847682341,271.9298245614035
20,2,17,195.0,15.0,16.5,0.251130928221594,0.748869071778406,271.9298245614035
21,2,17,205.0,15.0,16.5,0.21792768519378747,0.7820723148062125,271.9298245614035
22,2,17,215.0,15.0,16.5,0.20436497663697653,0.7956350233630235,271.9298245614035
23,2,17,225.0,15.0,16.5,0.20067411533790122,0.7993258846620988,271.9298245614035
24,2,17,235.0,15.0,16.5,0.20009368318900675,0.7999063168109932,271.9298245614035
25,2,17,245.0,15.0,16.5,0.20002895325822262,0.7999710467417773,271.9298245614035
26,2,17,255.0,15.0,16.5,0.20002275769371153,0.7999772423062885,271.9298245614035
27,2,17,265.0,15.0,16.5,0.2000224258640554,0.7999775741359446,271.9298245614035
28,2,17,275.0,15.0,16.5,0.20002272477010008,0.7999772752298999,271.9298245614035
29,2,17,285.0,15.0,16.5,0.2000231007784892,0.7999768992215108,271.9298245614035
30,2,17,295.0,15.0,16.5,0.20002348970372508,0.7999765102962749,271.9298245614035
31,2,17,305.0,15.0,16.5,0.20002388429450924,0.7999761157054908,271.9298245614035
32,2,17,315.0,15.0,16.5,0.2000242833458524,0.7999757166541476,271.9298245614035
33,2,17,325.0,15.0,16.5,0.20002468679553817,0.7999753132044618,271.9298245614035
34,2,17,335.0,15.0,16.5,0.20002509485201367,0.7999749051479863,271.9298245614035
35,2,17,345.0,15.0,16.5,0.20002550735651423,0.7999744926434857,271.9298245614035
36,2,17,355.0,15.0,16.5,0.20002592410119532,0.7999740758988046,271.9298245614035
37,2,17,365.0,15.0,16.5,0.20002634521097573,0.7999736547890243,271.9298245614035
38,2,17,375.0,15.0,16.5,0.20002677086203607,0.799973229137964,271.9298245614035
39,2,17,385.0,15.0,16.5,0.2000272010104778,0.7999727989895222,271.9298245614035
40,2,17,395.0,15.0,16.5,0.20002763565898934,0.7999723643410106,271.9298245614035
41,2,17,405.0,15.0,16.5,0.20002807502053346,0.7999719249794666,271.9298245614035
42,2,17,415.0,15.0,16.5,0.2000285192607838,0.7999714807392162,271.9298245614035
43,2,17,425.0,15.0,16.5,0.2000289682858851,0.7999710317141149,271.9298245614035
44,2,17,435.0,15.0,16.5,0.2000294217578454,0.7999705782421546,271.9298245614035
45,2,17,445.0,15.0,16.5,0.2000298787781052,0.7999701212218948,271.9298245614035
46,2,17,455.0,15.0,16.5,0.2000303368117743,0.7999696631882257,271.9298245614035
47,2,17,465.0,15.0,16.5,0.20003078962166626,0.7999692103783338,271.9298245614035
48,2,17,475.0,15.0,16.5,0.20003122293278922,0.7999687770672108,271.9298245614035
49,2,17,485.0,15.0,16.5,0.2000316051405161,0.7999683948594839,271.9298245614035
50,2,17,495.0,15.0,16.5,0.200031871033653,0.799968128966347,271.9298245614035
1,3,17,5.0,25.0,16.5,0.7253753563497538,0.2746246436502462,271.9298245614035
2,3,17,15.0,25.0,16.5,0.704244428745177,0.295755571254823,271.9298245614035
3,3,17,25.0,25.0,16.5,0.6812058477670876,0.3187941522329124,271.9298245614035
4,3,17,35.0,25.0,16.5,0.6584466979352446,0.3415533020647554,271.9298245614035
5,3,17,45.0,25.0,16.5,0.6369774680248045,0.3630225319751955,271.9298245614035
6,3,17,55.0,25.0,16.5,0.6171411024868032,0.3828588975131968,271.9298245614035
7,3,17,65.0,25.0,16.5,0.598994661960875,0.40100533803912497,271.9298245614035
8,3,17,75.0,25.0,16.5,0.582562181452224,0.41743781854777595,271.9298245614035
9,3,17,85.0,25.0,16.5,0.567892503317884,0.432107496682116,271.9298245614035
10,3,17,95.0,25.0,16.5,0.5549002515122031,0.4450997484877969,271.9298245614035
11,3,17,105.0,25.0,16.5,0.5431375288475209,0.45686247115247913,271.9298245614035
12,3,17,115.0,25.0,16.5,0.531691258946954,0.468308741053046,271.9298245614035
13,3,17,125.0,25.0,16.5,0.5201358897926729,0.4798641102073271,271.9298245614035
14,3,17,135.0,25.0,16.5,0.5085341768957293,0.49146582310427067,271.9298245614035
15,3,17,145.0,25.0,16.5,0.4965760737470431,0.503423926252957,271.9298245614035
16,3,17,155.0,25.0,16.5,0.4835082538362312,0.5164917461637688,271.9298245614035
17,3,17,165.0,25.0,16.5,0.4684913210232989,0.5315086789767012,271.9298245614035
18,3,17,175.0,25.0,16.5,0.4504367261941613,0.5495632738058387,271.9298245614035
19,3,17,185.0,25.0,16.5,0.42652403309344894,0.573475966906551,271.9298245614035
20,3,17,195.0,25.0,16.5,0.39193089148869914,0.6080691085113008,271.9298245614035
21,3,17,205.0,25.0,16.5,0.3433091485935219,0.6566908514064781,271.9298245614035
22,3,17,215.0,25.0,16.5,0.28616205939754036,0.7138379406024596,271.9298245614035
23,3,17,225.0,25.0,16.5,0.23889346340377188,0.7611065365962282,271.9298245614035
24,3,17,235.0,25.0,16.5,0.21318641378459074,0.7868135862154093,271.9298245614035
25,3,17,245.0,25.0,16.5,0.20310091660277557,0.7968990833972245,271.9298245614035
26,3,17,255.0,25.0,16.5,0.20045654835040655,0.7995434516495934,271.9298245614035
27,3,17,265.0,25.0,16.5,0.20007162629923772,0.7999283737007623,271.9298245614035
28,3,17,275.0,25.0,16.5,0.20002790296927858,0.7999720970307214,271.9298245614035
29,3,17,285.0,25.0,16.5,0.20002371177863806,0.7999762882213619,271.9298245614035
30,3,17,295.0,25.0,16.5,0.20002355504269415,0.7999764449573059,271.9298245614035
31,3,17,305.0,25.0,16.5,0.20002389036630738,0.7999761096336926,271.9298245614035
32,3,17,315.0,25.0,16.5,0.20002428280186285,0.7999757171981372,271.9298245614035
33,3,17,325.0,25.0,16.5,0.2000246855803255,0.7999753144196745,271.9298245614035
34,3,17,335.0,25.0,16.5,0.20002509360496334,0.7999749063950367,271.9298245614035
35,3,17,345.0,25.0,16.5,0.2000255059813858,0.7999744940186142,271.9298245614035
36,3,17,355.0,25.0,16.5,0.20002592256516782,0.7999740774348322,271.9298245614035
37,3,17,365.0,25.0,16.5,0.2000263435587316,0.7999736564412684,271.9298245614035
38,3,17,375.0,25.0,16.5,0.20002676902594893,0.799973230974051,271.9298245614035
39,3,17,385.0,25.0,16.5,0.2000271988907906,0.7999728011092094,271.9298245614035
40,3,17,395.0,25.0,16.5,0.20002763329954212,0.7999723667004579,271.9298245614035
41,3,17,405.0,25.0,16.5,0.20002807259149027,0.7999719274085098,271.9298245614035
42,3,17,415.0,25.0,16.5,0.20002851712077613,0.7999714828792239,271.9298245614035
43,3,17,425.0,25.0,16.5,0.20002896732310207,0.799971032676898,271.9298245614035
44,3,17,435.0,25.0,16.5,0.20002942393365716,0.7999705760663428,271.9298245614035
45,3,17,445.0,25.0,16.5,0.20002988795727916,0.7999701120427208,271.9298245614035
46,3,17,455.0,25.0,16.5,0.2000303603157128,0.7999696396842872,271.9298245614035
47,3,17,465.0,25.0,16.5,0.20003084053559514,0.7999691594644048,271.9298245614035
48,3,17,475.0,25.0,16.5,0.20003132224605766,0.7999686777539423,271.9298245614035
49,3,17,485.0,25.0,16.5,0.20003178070329913,0.7999682192967008,271.9298245614035
50,3,17,495.0,25.0,16.5,0.2000321454695302,0.7999678545304698,271.9298245614035
1,4,17,5.0,35.0,16.5,0.7613539936141782,0.23864600638582179,271.9298245614035
2,4,17,15.0,35.0,16.5,0.7387843139521133,0.2612156860478867,271.9298245614035
3,4,17,25.0,35.0,16.5,0.7134021755890059,0.28659782441099413,271.9298245614035
4,4,17,35.0,35.0,16.5,0.6881320244301851,0.31186797556981494,271.9298245614035
5,4,17,45.0,35.0,16.5,0.6643974136293419,0.3356025863706581,271.9298245614035
6,4,17,55.0,35.0,16.5,0.6426876365517475,0.35731236344825246,271.9298245614035
7,4,17,65.0,35.0,16.5,0.6228951485394735,0.3771048514605265,271.9298245614035
8,4,17,75.0,35.0,16.5,0.6048159267169388,0.39518407328306115,271.9298245614035
9,4,17,85.0,35.0,16.5,0.588373998004009,0.411626001995991,271.9298245614035
10,4,17,95.0,35.0,16.5,0.5736232214335228,0.42637677856647715,271.9298245614035
11,4,17,105.0,35.0,16.5,0.5606075192636127,0.43939248073638726,271.9298245614035
12,4,17,115.0,35.0,16.5,0.549028753966681,0.45097124603331895,271.9298245614035
13,4,17,125.0,35.0,16.5,0.5380066847218266,0.46199331527817344,271.9298245614035
14,4,17,135.0,35.0,16.5,0.5269209911050634,0.4730790088949366,271.9298245614035
15,4,17,145.0,35.0,16.5,0.5158651421057948,0.4841348578942052,271.9298245614035
16,4,17,155.0,35.0,16.5,0.5046695692602857,0.4953304307397143,271.9298245614035
17,4,17,165.0,35.0,16.5,0.49286075971112475,0.5071392402888752,271.9298245614035
18,4,17,175.0,35.0,16.5,0.4797386206999977,0.5202613793000024,271.9298245614035
19,4,17,185.0,35.0,16.5,0.4646065713318078,0.5353934286681922,271.9298245614035
20,4,17,195.0,35.0,16.5,0.4460808687061088,0.5539191312938911,271.9298245614035
21,4,17,205.0,35.0,16.5,0.420996139981422,0.5790038600185781,271.9298245614035
22,4,17,215.0,35.0,16.5,0.38490596366900964,0.6150940363309904,271.9298245614035
23,4,17,225.0,35.0,16.5,0.3354561132899053,0.6645438867100947,271.9298245614035
24,4,17,235.0,35.0,16.5,0.2794812042849329,0.7205187957150672,271.9298245614035
25,4,17,245.0,35.0,16.5,0.23524358987973656,0.7647564101202634,271.9298245614035
26,4,17,255.0,35.0,16.5,0.21183383576797243,0.7881661642320276,271.9298245614035
27,4,17,265.0,35.0,16.5,0.20272805367090327,0.7972719463290967,271.9298245614035
28,4,17,275.0,35.0,16.5,0.20040380967181864,0.7995961903281814,271.9298245614035
29,4,17,285.0,35.0,16.5,0.2000670870389085,0.7999329129610915,271.9298245614035
30,4,17,295.0,35.0,16.5,0.2000279934079044,0.7999720065920957,271.9298245614035
31,4,17,305.0,35.0,16.5,0.20002441715756303,0.799975582842437,271.9298245614035
32,4,17,315.0,35.0,16.5,0.2000243387994331,0.7999756612005668,271.9298245614035
33,4,17,325.0,35.0,16.5,0.20002469065739606,0.799975309342604,271.9298245614035
34,4,17,335.0,35.0,16.5,0.2000250928790904,0.7999749071209096,271.9298245614035
35,4,17,345.0,35.0,16.5,0.20002550444779185,0.7999744955522081,271.9298245614035
36,4,17,355.0,35.0,16.5,0.20002592094940652,0.7999740790505935,271.9298245614035
37,4,17,365.0,35.0,16.5,0.20002634170609082,0.7999736582939092,271.9298245614035
38,4,17,375.0,35.0,16.5,0.20002676666295602,0.799973233337044,271.9298245614035
39,4,17,385.0,35.0,16.5,0.20002719604216262,0.7999728039578373,271.9298245614035
40,4,17,395.0,35.0,16.5,0.20002763002845672,0.7999723699715433,271.9298245614035
41,4,17,405.0,35.0,16.5,0.20002806881434795,0.799971931185652,271.9298245614035
42,4,17,415.0,35.0,16.5,0.2000285129811398,0.7999714870188602,271.9298245614035
43,4,17,425.0,35.0,16.5,0.20002896360469652,0.7999710363953034,271.9298245614035
44,4,17,435.0,35.0,16.5,0.20002942239133215,0.7999705776086679,271.9298245614035
45,4,17,445.0,35.0,16.5,0.20002989229247786,0.7999701077075221,271.9298245614035
46,4,17,455.0,35.0,16.5,0.20003037843073831,0.7999696215692617,271.9298245614035
47,4,17,465.0,35.0,16.5,0.2000308884687328,0.7999691115312673,271.9298245614035
48,4,17,475.0,35.0,16.5,0.20003142956612988,0.7999685704338702,271.9298245614035
49,4,17,485.0,35.0,16.5,0.20003199057571142,0.7999680094242886,271.9298245614035
50,4,17,495.0,35.0,16.5,0.20003249999315226,0.7999675000068478,271.9298245614035
1,5,17,5.0,45.0,16.5,0.7875278805553855,0.21247211944461453,271.9298245614035
2,5,17,15.0,45.0,16.5,0.7673180792364575,0.23268192076354255,271.9298245614035
3,5,17,25.0,45.0,16.5,0.7412014012975824,0.2587985987024176,271.9298245614035
4,5,17,35.0,45.0,16.5,0.7144195417548005,0.2855804582451995,271.9298245614035
5,5,17,45.0,45.0,16.5,0.6893775316947495,0.31062246830525053,271.9298245614035
6,5,17,55.0,45.0,16.5,0.6665008486298535,0.3334991513701465,271.9298245614035
7,5,17,65.0,45.0,16.5,0.6457307423604859,0.3542692576395141,271.9298245614035
8,5,17,75.0,45.0,16.5,0.6268823677005341,0.37311763229946593,271.9298245614035
9,5,17,85.0,45.0,16.5,0.6097694934077125,0.39023050659228753,271.9298245614035
10,5,17,95.0,45.0,16.5,0.5942999760889937,0.40570002391100635,271.9298245614035
11,5,17,105.0,45.0,16.5,0.5804564985508825,0.41954350144911745,271.9298245614035
12,5,17,115.0,45.0,16.5,0.5681544305582001,0.43184556944179986,271.9298245614035
13,5,17,125.0,45.0,16.5,0.5570197391194348,0.4429802608805652,271.9298245614035
14,5,17,135.0,45.0,16.5,0.5462748547894574,0.45372514521054264,271.9298245614035
15,5,17,145.0,45.0,16.5,0.5355803483102358,0.4644196516897642,271.9298245614035
16,5,17,155.0,45.0,16.5,0.5248792760521342,0.47512072394786575,271.9298245614035
17,5,17,165.0,45.0,16.5,0.5140901568569807,0.4859098431430193,271.9298245614035
18,5,17,175.0,45.0,16.5,0.5029404617618098,0.49705953823819016,271.9298245614035
19,5,17,185.0,45.0,16.5,0.49084209877178064,0.5091579012282194,271.9298245614035
20,5,17,195.0,45.0,16.5,0.477147254576569,0.5228527454234311,271.9298245614035
21,5,17,205.0,45.0,16.5,0.4610748658047134,0.5389251341952865,271.9298245614035
22,5,17,215.0,45.0,16.5,0.4407179480468779,0.5592820519531221,271.9298245614035
23,5,17,225.0,45.0,16.5,0.412340795766104,0.587659204233896,271.9298245614035
24,5,17,235.0,45.0,16.5,0.3717160780938469,0.6282839219061531,271.9298245614035
25,5,17,245.0,45.0,16.5,0.3183561606904531,0.681643839309547,271.9298245614035
26,5,17,255.0,45.0,16.5,0.26347075543946374,0.7365292445605363,271.9298245614035
27,5,17,265.0,45.0,16.5,0.22543432136911182,0.7745656786308882,271.9298245614035
28,5,17,275.0,45.0,16.5,0.207463051125231,0.792536948874769,271.9298245614035
29,5,17,285.0,45.0,16.5,0.2014060803800705,0.7985939196199295,271.9298245614035
30,5,17,295.0,45.0,16.5,0.20019195031141016,0.7998080496885899,271.9298245614035
31,5,17,305.0,45.0,16.5,0.20004198476125537,0.7999580152387447,271.9298245614035
32,5,17,315.0,45.0,16.5,0.20002590253346642,0.7999740974665336,271.9298245614035
33,5,17,325.0,45.0,16.5,0.20002488209320715,0.7999751179067929,271.9298245614035
34,5,17,335.0,45.0,16.5,0.20002511161048106,0.7999748883895189,271.9298245614035
35,5,17,345.0,45.0,16.5,0.20002550539296562,0.7999744946070344,271.9298245614035
36,5,17,355.0,45.0,16.5,0.20002591965401753,0.7999740803459825,271.9298245614035
37,5,17,365.0,45.0,16.5,0.2000263399226055,0.7999736600773946,271.9298245614035
38,5,17,375.0,45.0,16.5,0.20002676440425146,0.7999732355957485,271.9298245614035
39,5,17,385.0,45.0,16.5,0.20002719294923427,0.7999728070507657,271.9298245614035
40,5,17,395.0,45.0,16.5,0.2000276259591988,0.7999723740408012,271.9298245614035
41,5,17,405.0,45.0,16.5,0.20002806367487933,0.7999719363251206,271.9298245614035
42,5,17,415.0,45.0,16.5,0.20002850650603304,0.799971493493967,271.9298245614035
43,5,17,425.0,45.0,16.5,0.20002895567735893,0.7999710443226411,271.9298245614035
44,5,17,435.0,45.0,16.5,0.20002941337997557,0.7999705866200244,271.9298245614035
45,5,17,445.0,45.0,16.5,0.20002988339055944,0.7999701166094406,271.9298245614035
46,5,17,455.0,45.0,16.5,0.20003037301032217,0.7999696269896779,271.9298245614035
47,5,17,465.0,45.0,16.5,0.20003089580195527,0.7999691041980448,271.9298245614035
48,5,17,475.0,45.0,16.5,0.20003147117509454,0.7999685288249054,271.9298245614035
49,5,17,485.0,45.0,16.5,0.20003208132701936,0.7999679186729807,271.9298245614035
50,5,17,495.0,45.0,16.5,0.2000324944467551,0.7999675055532449,271.9298245614035
1,6,17,5.0,55.0,16.5,0.7629624765007554,0.23703752349924456,271.9298245614035
2,6,17,15.0,55.0,16.5,0.741496202441702,0.258503797558298,271.9298245614035
3,6,17,25.0,55.0,16.5,0.7172348415710451,0.2827651584289549,271.9298245614035
4,6,17,35.0,55.0,16.5,0.6928629916791925,0.3071370083208075,271.9298245614035
5,6,17,45.0,55.0,16.5,0.6697601118969413,0.3302398881030587,271.9298245614035
6,6,17,55.0,55.0,16.5,0.6483619611336344,0.3516380388663656,271.9298245614035
7,6,17,65.0,55.0,16.5,0.6286727113738999,0.3713272886261001,271.9298245614035
8,6,17,75.0,55.0,16.5,0.610588674924021,0.389411325075979,271.9298245614035
9,6,17,85.0,55.0,16.5,0.5940616059394891,0.4059383940605109,271.9298245614035
10,6,17,95.0,55.0,16.5,0.5791536976788452,0.42084630232115483,271.9298245614035
11,6,17,105.0,55.0,16.5,0.5659535412657756,0.4340464587342244,271.9298245614035
12,6,17,115.0,55.0,16.5,0.554274456515028,0.44572554348497195,271.9298245614035
13,6,17,125.0,55.0,16.5,0.543383558401393,0.45661644159860704,271.9298245614035
14,6,17,135.0,55.0,16.5,0.5324234824780647,0.4675765175219353,271.9298245614035
15,6,17,145.0,55.0,16.5,0.5214604775304269,0.4785395224695731,271.9298245614035
16,6,17,155.0,55.0,16.5,0.5104204631621321,0.4895795368378679,271.9298245614035
17,6,17,165.0,55.0,16.5,0.4990137086865954,0.5009862913134047,271.9298245614035
18,6,17,175.0,55.0,16.5,0.48659233688491926,0.5134076631150808,271.9298245614035
19,6,17,185.0,55.0,16.5,0.4724843105381325,0.5275156894618676,271.9298245614035
20,6,17,195.0,55.0,16.5,0.4558146879884443,0.5441853120115556,271.9298245614035
21,6,17,205.0,55.0,16.5,0.43437512919250676,0.5656248708074932,271.9298245614035
22,6,17,215.0,55.0,16.5,0.4041059092280855,0.5958940907719146,271.9298245614035
23,6,17,225.0,55.0,16.5,0.3610651217129499,0.6389348782870501,271.9298245614035
24,6,17,235.0,55.0,16.5,0.3065775401620219,0.6934224598379781,271.9298245614035
25,6,17,245.0,55.0,16.5,0.25448674945060074,0.7455132505493993,271.9298245614035
26,6,17,255.0,55.0,16.5,0.22111039373326624,0.7788896062667338,271.9298245614035
27,6,17,265.0,55.0,16.5,0.20596276740488983,0.7940372325951102,271.9298245614035
28,6,17,275.0,55.0,16.5,0.20106281350801694,0.7989371864919831,271.9298245614035
29,6,17,285.0,55.0,16.5,0.20015006690359277,0.7998499330964073,271.9298245614035
30,6,17,295.0,55.0,16.5,0.20003754091816242,0.7999624590818376,271.9298245614035
31,6,17,305.0,55.0,16.5,0.20002526154415548,0.7999747384558445,271.9298245614035
32,6,17,315.0,55.0,16.5,0.20002444714551715,0.7999755528544829,271.9298245614035
33,6,17,325.0,55.0,16.5,0.20002470116443521,0.7999752988355648,271.9298245614035
34,6,17,335.0,55.0,16.5,0.20002509306066735,0.7999749069393327,271.9298245614035
35,6,17,345.0,55.0,16.5,0.20002550298847802,0.799974497011522,271.9298245614035
36,6,17,355.0,55.0,16.5,0.2000259186915968,0.7999740813084032,271.9298245614035
37,6,17,365.0,55.0,16.5,0.20002633857146188,0.7999736614285381,271.9298245614035
38,6,17,375.0,55.0,16.5,0.20002676223378105,0.799973237766219,271.9298245614035
39,6,17,385.0,55.0,16.5,0.2000271898688551,0.799972810131145,271.9298245614035
40,6,17,395.0,55.0,16.5,0.20002762161526616,0.7999723783847339,271.9298245614035
41,6,17,405.0,55.0,16.5,0.2000280574427961,0.7999719425572039,271.9298245614035
42,6,17,415.0,55.0,16.5,0.20002849770974182,0.7999715022902582,271.9298245614035
43,6,17,425.0,55.0,16.5,0.20002894335845073,0.7999710566415492,271.9298245614035
44,6,17,435.0,55.0,16.5,0.20002939587898916,0.7999706041210108,271.9298245614035
45,6,17,445.0,55.0,16.5,0.2000298578972437,0.7999701421027563,271.9298245614035
46,6,17,455.0,55.0,16.5,0.20003033411333568,0.7999696658866643,271.9298245614035
47,6,17,465.0,55.0,16.5,0.20003083134621907,0.7999691686537809,271.9298245614035
48,6,17,475.0,55.0,16.5,0.20003135467528288,0.7999686453247171,271.9298245614035
49,6,17,485.0,55.0,16.5,0.2000318895228443,0.7999681104771557,271.9298245614035
50,6,17,495.0,55.0,16.5,0.20003236386312592,0.799967636136874,271.9298245614035
1,7,17,5.0,65.0,16.5,0.7304872907670784,0.2695127092329216,271.9298245614035
2,7,17,15.0,65.0,16.5,0.7105875913855908,0.2894124086144092,271.9298245614035
3,7,17,25.0,65.0,16.5,0.6886000166647435,0.31139998333525654,271.9298245614035
4,7,17,35.0,65.0,16.5,0.6665534068604557,0.3334465931395443,271.9298245614035
5,7,17,45.0,65.0,16.5,0.6454763545370864,0.3545236454629136,271.9298245614035
6,7,17,55.0,65.0,16.5,0.625768355792207,0.374231644207793,271.9298245614035
7,7,17,65.0,65.0,16.5,0.6075435553022818,0.39245644469771823,271.9298245614035
8,7,17,75.0,65.0,16.5,0.5908520770702907,0.40914792292970925,271.9298245614035
9,7,17,85.0,65.0,16.5,0.5757898472642776,0.4242101527357224,271.9298245614035
10,7,17,95.0,65.0,16.5,0.5624298482908567,0.43757015170914326,271.9298245614035
11,7,17,105.0,65.0,16.5,0.5505489640527544,0.44945103594724556,271.9298245614035
12,7,17,115.0,65.0,16.5,0.5394034943690552,0.4605965056309448,271.9298245614035
13,7,17,125.0,65.0,16.5,0.5281389376765901,0.47186106232340985,271.9298245614035
14,7,17,135.0,65.0,16.5,0.5168760558115199,0.48312394418848015,271.9298245614035
15,7,17,145.0,65.0,16.5,0.505476662388727,0.494523337611273,271.9298245614035
16,7,17,155.0,65.0,16.5,0.49349795975766986,0.5065020402423301,271.9298245614035
17,7,17,165.0,65.0,16.5,0.48021364548964124,0.5197863545103587,271.9298245614035
18,7,17,175.0,65.0,16.5,0.4648721310669764,0.5351278689330237,271.9298245614035
19,7,17,185.0,65.0,16.5,0.44608900962509296,0.5539109903749071,271.9298245614035
20,7,17,195.0,65.0,16.5,0.4206567583614847,0.5793432416385154,271.9298245614035
21,7,17,205.0,65.0,16.5,0.3839807021457591,0.6160192978542409,271.9298245614035
22,7,17,215.0,65.0,16.5,0.33371779299120796,0.666282207008792,271.9298245614035
23,7,17,225.0,65.0,16.5,0.277363216778161,0.722636783221839,271.9298245614035
24,7,17,235.0,65.0,16.5,0.23372457387389267,0.7662754261261073,271.9298245614035
25,7,17,245.0,65.0,16.5,0.2111137708872715,0.7888862291127285,271.9298245614035
26,7,17,255.0,65.0,16.5,0.20248223686013367,0.7975177631398663,271.9298245614035
27,7,17,265.0,65.0,16.5,0.200356707400462,0.799643292599538,271.9298245614035
28,7,17,275.0,65.0,16.5,0.20006089772444918,0.7999391022755509,271.9298245614035
29,7,17,285.0,65.0,16.5,0.20002700584984662,0.7999729941501534,271.9298245614035
30,7,17,295.0,65.0,16.5,0.20002396037997308,0.799976039620027,271.9298245614035
31,7,17,305.0,65.0,16.5,0.2000239328536937,0.7999760671463063,271.9298245614035
32,7,17,315.0,65.0,16.5,0.2000242869153532,0.7999757130846468,271.9298245614035
33,7,17,325.0,65.0,16.5,0.20002468504824708,0.7999753149517529,271.9298245614035
34,7,17,335.0,65.0,16.5,0.20002509173683222,0.7999749082631677,271.9298245614035
35,7,17,345.0,65.0,16.5,0.20002550312577697,0.7999744968742231,271.9298245614035
36,7,17,355.0,65.0,16.5,0.20002591850516266,0.7999740814948373,271.9298245614035
37,7,17,365.0,65.0,16.5,0.20002633766999942,0.7999736623300006,271.9298245614035
38,7,17,375.0,65.0,16.5,0.20002676060589683,0.7999732393941031,271.9298245614035
39,7,17,385.0,65.0,16.5,0.20002718722182683,0.7999728127781731,271.9298245614035
40,7,17,395.0,65.0,16.5,0.2000276173177106,0.7999723826822894,271.9298245614035
41,7,17,405.0,65.0,16.5,0.2000280508045426,0.7999719491954573,271.9298245614035
42,7,17,415.0,65.0,16.5,0.20002848773387616,0.7999715122661238,271.9298245614035
43,7,17,425.0,65.0,16.5,0.2000289282296013,0.7999710717703987,271.9298245614035
44,7,17,435.0,65.0,16.5,0.20002937256381598,0.799970627436184,271.9298245614035
45,7,17,445.0,65.0,16.5,0.2000298212808234,0.7999701787191766,271.9298245614035
46,7,17,455.0,65.0,16.5,0.2000302748889896,0.7999697251110104,271.9298245614035
47,7,17,465.0,65.0,16.5,0.20003073237512908,0.7999692676248709,271.9298245614035
48,7,17,475.0,65.0,16.5,0.2000311866300679,0.7999688133699321,271.9298245614035
49,7,17,485.0,65.0,16.5,0.20003161292880028,0.7999683870711998,271.9298245614035
50,7,17,495.0,65.0,16.5,0.2000319460680623,0.7999680539319377,271.9298245614035
1,8,17,5.0,75.0,16.5,0.6885922053568236,0.31140779464317636,271.9298245614035
2,8,17,15.0,75.0,16.5,0.6714607966547459,0.3285392033452541,271.9298245614035
3,8,17,25.0,75.0,16.5,0.6523018307279529,0.3476981692720471,271.9298245614035
4,8,17,35.0,75.0,16.5,0.632916312129766,0.36708368787023404,271.9298245614035
5,8,17,45.0,75.0,16.5,0.614237189678359,0.38576281032164095,271.9298245614035
6,8,17,55.0,75.0,16.5,0.5967286008444606,0.40327139915553945,271.9298245614035
7,8,17,65.0,75.0,16.5,0.5806478601414069,0.4193521398585931,271.9298245614035
8,8,17,75.0,75.0,16.5,0.566142324112012,0.43385767588798796,271.9298245614035
9,8,17,85.0,75.0,16.5,0.5531802353784655,0.4468197646215345,271.9298245614035
10,8,17,95.0,75.0,16.5,0.5413718069192911,0.4586281930807089,271.9298245614035
11,8,17,105.0,75.0,16.5,0.5298162290737151,0.47018377092628494,271.9298245614035
12,8,17,115.0,75.0,16.5,0.5180869696145667,0.4819130303854333,271.9298245614035
13,8,17,125.0,75.0,16.5,0.5062895390362835,0.4937104609637165,271.9298245614035
14,8,17,135.0,75.0,16.5,0.49404133016501456,0.5059586698349854,271.9298245614035
15,8,17,145.0,75.0,16.5,0.4804856998165229,0.5195143001834771,271.9298245614035
16,8,17,155.0,75.0,16.5,0.4647789996755627,0.5352210003244373,271.9298245614035
17,8,17,165.0,75.0,16.5,0.4456136488441022,0.5543863511558977,271.9298245614035
18,8,17,175.0,75.0,16.5,0.4195370249961264,0.5804629750038737,271.9298245614035
19,8,17,185.0,75.0,16.5,0.3814427227687415,0.6185572772312584,271.9298245614035
20,8,17,195.0,75.0,16.5,0.32930462617959383,0.6706953738204062,271.9298245614035
21,8,17,205.0,75.0,16.5,0.27228061508829554,0.7277193849117045,271.9298245614035
22,8,17,215.0,75.0,16.5,0.22992580338363047,0.7700741966163696,271.9298245614035
23,8,17,225.0,75.0,16.5,0.2091300683656074,0.7908699316343926,271.9298245614035
24,8,17,235.0,75.0,16.5,0.20182988811354707,0.7981701118864529,271.9298245614035
25,8,17,245.0,75.0,16.5,0.20024464403585007,0.7997553559641499,271.9298245614035
26,8,17,255.0,75.0,16.5,0.20004673057111316,0.7999532694288869,271.9298245614035
27,8,17,265.0,75.0,16.5,0.20002476259858737,0.7999752374014126,271.9298245614035
28,8,17,275.0,75.0,16.5,0.20002301575413034,0.7999769842458697,271.9298245614035
29,8,17,285.0,75.0,16.5,0.2000231317355123,0.7999768682644877,271.9298245614035
30,8,17,295.0,75.0,16.5,0.20002349378268383,0.7999765062173162,271.9298245614035
31,8,17,305.0,75.0,16.5,0.20002388461538392,0.7999761153846161,271.9298245614035
32,8,17,315.0,75.0,16.5,0.20002428286241503,0.799975717137585,271.9298245614035
33,8,17,325.0,75.0,16.5,0.20002468580789204,0.799975314192108,271.9298245614035
34,8,17,335.0,75.0,16.5,0.20002509275437896,0.799974907245621,271.9298245614035
35,8,17,345.0,75.0,16.5,0.20002550370383673,0.7999744962961632,271.9298245614035
36,8,17,355.0,75.0,16.5,0.20002591869059713,0.7999740813094028,271.9298245614035
37,8,17,365.0,75.0,16.5,0.2000263374163528,0.7999736625836472,271.9298245614035
38,8,17,375.0,75.0,16.5,0.20002675955715285,0.7999732404428471,271.9298245614035
39,8,17,385.0,75.0,16.5,0.20002718501692596,0.799972814983074,271.9298245614035
40,8,17,395.0,75.0,16.5,0.2000276135746777,0.7999723864253223,271.9298245614035
41,8,17,405.0,75.0,16.5,0.20002804476714117,0.7999719552328588,271.9298245614035
42,8,17,415.0,75.0,16.5,0.20002847810104168,0.7999715218989583,271.9298245614035
43,8,17,425.0,75.0,16.5,0.20002891301572778,0.7999710869842722,271.9298245614035
44,8,17,435.0,75.0,16.5,0.2000293485179325,0.7999706514820675,271.9298245614035
45,8,17,445.0,75.0,16.5,0.2000297828831993,0.7999702171168007,271.9298245614035
46,8,17,455.0,75.0,16.5,0.2000302129880849,0.7999697870119151,271.9298245614035
47,8,17,465.0,75.0,16.5,0.2000306323571698,0.7999693676428302,271.9298245614035
48,8,17,475.0,75.0,16.5,0.200031027100077,0.799968972899923,271.9298245614035
49,8,17,485.0,75.0,16.5,0.20003136835248683,0.7999686316475132,271.9298245614035
50,8,17,495.0,75.0,16.5,0.20003160025158465,0.7999683997484154,271.9298245614035
1,9,17,5.0,85.0,16.5,0.6329991729301411,0.3670008270698589,271.9298245614035
2,9,17,15.0,85.0,16.5,0.6190904538617088,0.3809095461382912,271.9298245614035
3,9,17,25.0,85.0,16.5,0.6032104280152318,0.39678957198476816,271.9298245614035
4,9,17,35.0,85.0,16.5,0.5869866603281116,0.41301333967188836,271.9298245614035
5,9,17,45.0,85.0,16.5,0.5713544659117005,0.42864553408829953,271.9298245614035
6,9,17,55.0,85.0,16.5,0.5568333305820969,0.44316666941790306,271.9298245614035
7,9,17,65.0,85.0,16.5,0.5436250630655759,0.4563749369344241,271.9298245614035
8,9,17,75.0,85.0,16.5,0.5314194026107742,0.46858059738922575,271.9298245614035
9,9,17,85.0,85.0,16.5,0.5192753958166012,0.4807246041833988,271.9298245614035
10,9,17,95.0,85.0,16.5,0.5067941778313846,0.4932058221686154,271.9298245614035
11,9,17,105.0,85.0,16.5,0.4940837083567485,0.5059162916432516,271.9298245614035
12,9,17,115.0,85.0,16.5,0.4803340848647948,0.5196659151352052,271.9298245614035
13,9,17,125.0,85.0,16.5,0.4644824758037758,0.5355175241962242,271.9298245614035
14,9,17,135.0,85.0,16.5,0.44516416349837207,0.5548358365016279,271.9298245614035
15,9,17,145.0,85.0,16.5,0.41904851941236415,0.5809514805876359,271.9298245614035
16,9,17,155.0,85.0,16.5,0.380734237293342,0.619265762706658,271.9298245614035
17,9,17,165.0,85.0,16.5,0.3278234775655091,0.6721765224344909,271.9298245614035
18,9,17,175.0,85.0,16.5,0.26997693952208435,0.7300230604779157,271.9298245614035
19,9,17,185.0,85.0,16.5,0.22755341755945252,0.7724465824405475,271.9298245614035
20,9,17,195.0,85.0,16.5,0.2075559186022243,0.7924440813977757,271.9298245614035
21,9,17,205.0,85.0,16.5,0.20130883040065783,0.7986911695993422,271.9298245614035
22,9,17,215.0,85.0,16.5,0.20016647340097868,0.7998335265990213,271.9298245614035
23,9,17,225.0,85.0,16.5,0.20003561311391826,0.7999643868860817,271.9298245614035
24,9,17,235.0,85.0,16.5,0.20002261832275836,0.7999773816772416,271.9298245614035
25,9,17,245.0,85.0,16.5,0.20002175813308684,0.7999782418669131,271.9298245614035
26,9,17,255.0,85.0,16.5,0.20002197998092971,0.7999780200190703,271.9298245614035
27,9,17,265.0,85.0,16.5,0.20002233953726808,0.7999776604627319,271.9298245614035
28,9,17,275.0,85.0,16.5,0.20002271775100458,0.7999772822489954,271.9298245614035
29,9,17,285.0,85.0,16.5,0.2000231025239177,0.7999768974760824,271.9298245614035
30,9,17,295.0,85.0,16.5,0.20002349204297273,0.7999765079570272,271.9298245614035
31,9,17,305.0,85.0,16.5,0.20002388587797912,0.7999761141220209,271.9298245614035
32,9,17,315.0,85.0,16.5,0.20002428421439775,0.7999757157856022,271.9298245614035
33,9,17,325.0,85.0,16.5,0.20002468698364442,0.7999753130163556,271.9298245614035
34,9,17,335.0,85.0,16.5,0.20002509379506014,0.7999749062049398,271.9298245614035
35,9,17,345.0,85.0,16.5,0.20002550448912224,0.7999744955108777,271.9298245614035
36,9,17,355.0,85.0,16.5,0.2000259190906293,0.7999740809093707,271.9298245614035
37,9,17,365.0,85.0,16.5,0.20002633737895892,0.7999736626210411,271.9298245614035
38,9,17,375.0,85.0,16.5,0.20002675895458286,0.7999732410454171,271.9298245614035
39,9,17,385.0,85.0,16.5,0.20002718354129884,0.7999728164587012,271.9298245614035
40,9,17,395.0,85.0,16.5,0.2000276108129073,0.7999723891870927,271.9298245614035
41,9,17,405.0,85.0,16.5,0.2000280401143586,0.7999719598856414,271.9298245614035
42,9,17,415.0,85.0,16.5,0.20002847052113265,0.7999715294788674,271.9298245614035
43,9,17,425.0,85.0,16.5,0.20002890080894106,0.7999710991910589,271.9298245614035
44,9,17,435.0,85.0,16.5,0.2000293289764597,0.7999706710235404,271.9298245614035
45,9,17,445.0,85.0,16.5,0.20002975165867312,0.7999702483413269,271.9298245614035
46,9,17,455.0,85.0,16.5,0.20003016326484255,0.7999698367351574,271.9298245614035
47,9,17,465.0,85.0,16.5,0.20003055416314636,0.7999694458368536,271.9298245614035
48,9,17,475.0,85.0,16.5,0.20003090755812677,0.7999690924418732,271.9298245614035
49,9,17,485.0,85.0,16.5,0.2000311951372967,0.7999688048627033,271.9298245614035
50,9,17,495.0,85.0,16.5,0.2000313734106375,0.7999686265893625,271.9298245614035
1,10,17,5.0,95.0,16.5,0.5404441225748409,0.45955587742515913,271.9298245614035
2,10,17,15.0,95.0,16.5,0.529600513748206,0.47039948625179395,271.9298245614035
3,10,17,25.0,95.0,16.5,0.5170344348115994,0.4829655651884006,271.9298245614035
4,10,17,35.0,95.0,16.5,0.5040752703580105,0.4959247296419895,271.9298245614035
5,10,17,45.0,95.0,16.5,0.49124231009098684,0.5087576899090132,271.9298245614035
6,10,17,55.0,95.0,16.5,0.4782373260381903,0.5217626739618098,271.9298245614035
7,10,17,65.0,95.0,16.5,0.4638213379754588,0.5361786620245412,271.9298245614035
8,10,17,75.0,95.0,16.5,0.4477025628794874,0.5522974371205126,271.9298245614035
9,10,17,85.0,95.0,16.5,0.42906664782077664,0.5709333521792234,271.9298245614035
10,10,17,95.0,95.0,16.5,0.40522030991748587,0.5947796900825142,271.9298245614035
11,10,17,105.0,95.0,16.5,0.3711064792048097,0.6288935207951902,271.9298245614035
12,10,17,115.0,95.0,16.5,0.3227619011373074,0.6772380988626926,271.9298245614035
13,10,17,125.0,95.0,16.5,0.2682594306138906,0.7317405693861094,271.9298245614035
14,10,17,135.0,95.0,16.5,0.2277234445068111,0.772276555493189,271.9298245614035
15,10,17,145.0,95.0,16.5,0.20885570404086004,0.7911442959591399,271.9298245614035
16,10,17,155.0,95.0,16.5,0.20259754207715971,0.7974024579228403,271.9298245614035
17,10,17,165.0,95.0,16.5,0.2006327331787628,0.7993672668212373,271.9298245614035
18,10,17,175.0,95.0,16.5,0.2001001797690158,0.7998998202309842,271.9298245614035
19,10,17,185.0,95.0,16.5,0.20002773466747772,0.7999722653325223,271.9298245614035
20,10,17,195.0,95.0,16.5,0.20002071665428445,0.7999792833457156,271.9298245614035
21,10,17,205.0,95.0,16.5,0.20002027129525823,0.7999797287047418,271.9298245614035
22,10,17,215.0,95.0,16.5,0.20002052546687799,0.799979474533122,271.9298245614035
23,10,17,225.0,95.0,16.5,0.2000208706045063,0.7999791293954936,271.9298245614035
24,10,17,235.0,95.0,16.5,0.20002122917679438,0.7999787708232056,271.9298245614035
25,10,17,245.0,95.0,16.5,0.20002159388667942,0.7999784061133206,271.9298245614035
26,10,17,255.0,95.0,16.5,0.2000219639046854,0.7999780360953146,271.9298245614035
27,10,17,265.0,95.0,16.5,0.20002233896027335,0.7999776610397267,271.9298245614035
28,10,17,275.0,95.0,16.5,0.20002271888338008,0.7999772811166199,271.9298245614035
29,10,17,285.0,95.0,16.5,0.20002310359428185,0.7999768964057181,271.9298245614035
30,10,17,295.0,95.0,16.5,0.2000234929727422,0.7999765070272578,271.9298245614035
31,10,17,305.0,95.0,16.5,0.20002388685341294,0.799976113146587,271.9298245614035
32,10,17,315.0,95.0,16.5,0.20002428512783185,0.7999757148721681,271.9298245614035
33,10,17,325.0,95.0,16.5,0.20002468768799173,0.7999753123120082,271.9298245614035
34,10,17,335.0,95.0,16.5,0.20002509436598545,0.7999749056340145,271.9298245614035
35,10,17,345.0,95.0,16.5,0.20002550499359517,0.7999744950064048,271.9298245614035
36,10,17,355.0,95.0,16.5,0.20002591941384343,0.7999740805861566,271.9298245614035
37,10,17,365.0,95.0,16.5,0.20002633740135697,0.799973662598643,271.9298245614035
38,10,17,375.0,95.0,16.5,0.20002675864980263,0.7999732413501974,271.9298245614035
39,10,17,385.0,95.0,16.5,0.20002718280061102,0.799972817199389,271.9298245614035
40,10,17,395.0,95.0,16.5,0.20002760935765987,0.7999723906423402,271.9298245614035
41,10,17,405.0,95.0,16.5,0.20002803756526819,0.7999719624347318,271.9298245614035
42,10,17,415.0,95.0,16.5,0.20002846632947194,0.7999715336705281,271.9298245614035
43,10,17,425.0,95.0,16.5,0.20002889402266147,0.7999711059773386,271.9298245614035
44,10,17,435.0,95.0,16.5,0.2000293180362666,0.7999706819637333,271.9298245614035
45,10,17,445.0,95.0,16.5,0.20002973415993175,0.7999702658400683,271.9298245614035
46,10,17,455.0,95.0,16.5,0.20003013556261706,0.7999698644373829,271.9298245614035
47,10,17,465.0,95.0,16.5,0.20003051112386044,0.7999694888761395,271.9298245614035
48,10,17,475.0,95.0,16.5,0.20003084307086125,0.7999691569291387,271.9298245614035
49,10,17,485.0,95.0,16.5,0.2000311045021776,0.7999688954978224,271.9298245614035
50,10,17,495.0,95.0,16.5,0.20003125949100914,0.7999687405089908,271.9298245614035
1,1,18,5.0,5.0,17.5,0.5715216229551063,0.42847837704489367,236.8421052631578
2,1,18,15.0,5.0,17.5,0.5551313357370415,0.44486866426295846,236.8421052631578
3,1,18,25.0,5.0,17.5,0.5364212243097053,0.4635787756902947,236.8421052631578
4,1,18,35.0,5.0,17.5,0.5173838988644439,0.4826161011355561,236.8421052631578
5,1,18,45.0,5.0,17.5,0.4994413464613794,0.5005586535386206,236.8421052631578
6,1,18,55.0,5.0,17.5,0.483008259266273,0.516991740733727,236.8421052631578
7,1,18,65.0,5.0,17.5,0.4657555909115884,0.5342444090884115,236.8421052631578
8,1,18,75.0,5.0,17.5,0.4451728192850431,0.554827180714957,236.8421052631578
9,1,18,85.0,5.0,17.5,0.4199682832070893,0.5800317167929108,236.8421052631578
10,1,18,95.0,5.0,17.5,0.3843469486656371,0.6156530513343629,236.8421052631578
11,1,18,105.0,5.0,17.5,0.3317139014180228,0.6682860985819772,236.8421052631578
12,1,18,115.0,5.0,17.5,0.2700395678794409,0.729960432120559,236.8421052631578
13,1,18,125.0,5.0,17.5,0.224963474831148,0.775036525168852,236.8421052631578
14,1,18,135.0,5.0,17.5,0.20609637913740592,0.793903620862594,236.8421052631578
15,1,18,145.0,5.0,17.5,0.20110717850933327,0.7988928214906668,236.8421052631578
16,1,18,155.0,5.0,17.5,0.2001527762024396,0.7998472237975605,236.8421052631578
17,1,18,165.0,5.0,17.5,0.20002952095431392,0.7999704790456861,236.8421052631578
18,1,18,175.0,5.0,17.5,0.20002000399059958,0.7999799960094004,236.8421052631578
19,1,18,185.0,5.0,17.5,0.20001941070212614,0.7999805892978739,236.8421052631578
20,1,18,195.0,5.0,17.5,0.20001964821193963,0.7999803517880604,236.8421052631578
21,1,18,205.0,5.0,17.5,0.20001998316868766,0.7999800168313124,236.8421052631578
22,1,18,215.0,5.0,17.5,0.20002033166233923,0.7999796683376608,236.8421052631578
23,1,18,225.0,5.0,17.5,0.20002068652673088,0.7999793134732691,236.8421052631578
24,1,18,235.0,5.0,17.5,0.20002104663119863,0.7999789533688013,236.8421052631578
25,1,18,245.0,5.0,17.5,0.20002141197326367,0.7999785880267363,236.8421052631578
26,1,18,255.0,5.0,17.5,0.2000217826350075,0.7999782173649925,236.8421052631578
27,1,18,265.0,5.0,17.5,0.2000221583089299,0.7999778416910701,236.8421052631578
28,1,18,275.0,5.0,17.5,0.20002253874929812,0.7999774612507019,236.8421052631578
29,1,18,285.0,5.0,17.5,0.20002292401861446,0.7999770759813856,236.8421052631578
30,1,18,295.0,5.0,17.5,0.2000233141260965,0.7999766858739035,236.8421052631578
31,1,18,305.0,5.0,17.5,0.2000237088367714,0.7999762911632287,236.8421052631578
32,1,18,315.0,5.0,17.5,0.20002410800390727,0.7999758919960928,236.8421052631578
33,1,18,325.0,5.0,17.5,0.2000245116909538,0.7999754883090462,236.8421052631578
34,1,18,335.0,5.0,17.5,0.20002491990695126,0.7999750800930487,236.8421052631578
35,1,18,345.0,5.0,17.5,0.20002533250712878,0.7999746674928712,236.8421052631578
36,1,18,355.0,5.0,17.5,0.20002574943637355,0.7999742505636265,236.8421052631578
37,1,18,365.0,5.0,17.5,0.20002617080255986,0.7999738291974401,236.8421052631578
38,1,18,375.0,5.0,17.5,0.2000265966769199,0.7999734033230801,236.8421052631578
39,1,18,385.0,5.0,17.5,0.2000270270306404,0.7999729729693597,236.8421052631578
40,1,18,395.0,5.0,17.5,0.20002746189927087,0.7999725381007291,236.8421052631578
41,1,18,405.0,5.0,17.5,0.20002790138794607,0.799972098612054,236.8421052631578
42,1,18,415.0,5.0,17.5,0.20002834543814074,0.7999716545618593,236.8421052631578
43,1,18,425.0,5.0,17.5,0.2000287936235674,0.7999712063764326,236.8421052631578
44,1,18,435.0,5.0,17.5,0.20002924495238752,0.7999707550476125,236.8421052631578
45,1,18,445.0,5.0,17.5,0.20002969723995742,0.7999703027600426,236.8421052631578
46,1,18,455.0,5.0,17.5,0.20003014574366673,0.7999698542563333,236.8421052631578
47,1,18,465.0,5.0,17.5,0.2000305808308317,0.7999694191691683,236.8421052631578
48,1,18,475.0,5.0,17.5,0.20003098393698981,0.7999690160630102,236.8421052631578
49,1,18,485.0,5.0,17.5,0.20003132096003554,0.7999686790399645,236.8421052631578
50,1,18,495.0,5.0,17.5,0.20003153545779284,0.7999684645422072,236.8421052631578
1,2,18,5.0,15.0,17.5,0.6623798833871045,0.3376201166128955,236.8421052631578
2,2,18,15.0,15.0,17.5,0.642577054814343,0.357422945185657,236.8421052631578
3,2,18,25.0,15.0,17.5,0.6207398873190001,0.3792601126809999,236.8421052631578
4,2,18,35.0,15.0,17.5,0.5988568673743271,0.4011431326256729,236.8421052631578
5,2,18,45.0,15.0,17.5,0.5778670895719447,0.42213291042805534,236.8421052631578
6,2,18,55.0,15.0,17.5,0.5582110775497203,0.4417889224502797,236.8421052631578
7,2,18,65.0,15.0,17.5,0.5401761770422224,0.4598238229577776,236.8421052631578
8,2,18,75.0,15.0,17.5,0.5240762830034804,0.4759237169965196,236.8421052631578
9,2,18,85.0,15.0,17.5,0.5094969985504328,0.49050300144956716,236.8421052631578
10,2,18,95.0,15.0,17.5,0.4941271909969207,0.5058728090030793,236.8421052631578
11,2,18,105.0,15.0,17.5,0.47716118142237046,0.5228388185776296,236.8421052631578
12,2,18,115.0,15.0,17.5,0.45750963476414414,0.5424903652358559,236.8421052631578
13,2,18,125.0,15.0,17.5,0.43228150952904,0.56771849047096,236.8421052631578
14,2,18,135.0,15.0,17.5,0.39538735745067893,0.604612642549321,236.8421052631578
15,2,18,145.0,15.0,17.5,0.34231722717311985,0.6576827728268801,236.8421052631578
16,2,18,155.0,15.0,17.5,0.2802176996671122,0.7197823003328878,236.8421052631578
17,2,18,165.0,15.0,17.5,0.2316168003397879,0.7683831996602121,236.8421052631578
18,2,18,175.0,15.0,17.5,0.20845065316953273,0.7915493468304673,236.8421052631578
19,2,18,185.0,15.0,17.5,0.2014012475612105,0.7985987524387895,236.8421052631578
20,2,18,195.0,15.0,17.5,0.20015747839664186,0.7998425216033581,236.8421052631578
21,2,18,205.0,15.0,17.5,0.20003271858672866,0.7999672814132713,236.8421052631578
22,2,18,215.0,15.0,17.5,0.20002146761010178,0.7999785323898982,236.8421052631578
23,2,18,225.0,15.0,17.5,0.20002081006447062,0.7999791899355294,236.8421052631578
24,2,18,235.0,15.0,17.5,0.20002105752993793,0.7999789424700621,236.8421052631578
25,2,18,245.0,15.0,17.5,0.20002141216053707,0.799978587839463,236.8421052631578
26,2,18,255.0,15.0,17.5,0.20002178162751436,0.7999782183724856,236.8421052631578
27,2,18,265.0,15.0,17.5,0.20002215735514237,0.7999778426448576,236.8421052631578
28,2,18,275.0,15.0,17.5,0.20002253793850577,0.7999774620614942,236.8421052631578
29,2,18,285.0,15.0,17.5,0.20002292317093504,0.7999770768290649,236.8421052631578
30,2,18,295.0,15.0,17.5,0.20002331326957803,0.799976686730422,236.8421052631578
31,2,18,305.0,15.0,17.5,0.2000237080821639,0.7999762919178361,236.8421052631578
32,2,18,315.0,15.0,17.5,0.2000241073011393,0.7999758926988607,236.8421052631578
33,2,18,325.0,15.0,17.5,0.20002451094456086,0.7999754890554391,236.8421052631578
34,2,18,335.0,15.0,17.5,0.20002491913190368,0.7999750808680963,236.8421052631578
35,2,18,345.0,15.0,17.5,0.20002533173698597,0.799974668263014,236.8421052631578
36,2,18,355.0,15.0,17.5,0.2000257486250385,0.7999742513749615,236.8421052631578
37,2,18,365.0,15.0,17.5,0.20002616989131863,0.7999738301086814,236.8421052631578
38,2,18,375.0,15.0,17.5,0.20002659566317166,0.7999734043368283,236.8421052631578
39,2,18,385.0,15.0,17.5,0.20002702593233013,0.7999729740676699,236.8421052631578
40,2,18,395.0,15.0,17.5,0.20002746073919717,0.7999725392608028,236.8421052631578
41,2,18,405.0,15.0,17.5,0.20002790026842834,0.7999720997315717,236.8421052631578
42,2,18,415.0,15.0,17.5,0.2000283446586992,0.7999716553413008,236.8421052631578
43,2,18,425.0,15.0,17.5,0.2000287938333544,0.7999712061666456,236.8421052631578
44,2,18,435.0,15.0,17.5,0.20002924744298334,0.7999707525570167,236.8421052631578
45,2,18,445.0,15.0,17.5,0.20002970449450644,0.7999702955054936,236.8421052631578
46,2,18,455.0,15.0,17.5,0.20003016229080545,0.7999698377091946,236.8421052631578
47,2,18,465.0,15.0,17.5,0.20003061430517644,0.7999693856948236,236.8421052631578
48,2,18,475.0,15.0,17.5,0.20003104569726798,0.799968954302732,236.8421052631578
49,2,18,485.0,15.0,17.5,0.2000314240275975,0.7999685759724025,236.8421052631578
50,2,18,495.0,15.0,17.5,0.20003168370989716,0.7999683162901028,236.8421052631578
1,3,18,5.0,25.0,17.5,0.7169413491291428,0.28305865087085724,236.8421052631578
2,3,18,15.0,25.0,17.5,0.6938145970353171,0.3061854029646829,236.8421052631578
3,3,18,25.0,25.0,17.5,0.6686856302177171,0.3313143697822829,236.8421052631578
4,3,18,35.0,25.0,17.5,0.6438229643807928,0.3561770356192072,236.8421052631578
5,3,18,45.0,25.0,17.5,0.6202115179408757,0.3797884820591243,236.8421052631578
6,3,18,55.0,25.0,17.5,0.5981228113363866,0.40187718866361344,236.8421052631578
7,3,18,65.0,25.0,17.5,0.5775601246954918,0.4224398753045082,236.8421052631578
8,3,18,75.0,25.0,17.5,0.5586015107907952,0.44139848920920477,236.8421052631578
9,3,18,85.0,25.0,17.5,0.5415549765093167,0.4584450234906833,236.8421052631578
10,3,18,95.0,25.0,17.5,0.5266551065569963,0.4733448934430037,236.8421052631578
11,3,18,105.0,25.0,17.5,0.513025434941494,0.486974565058506,236.8421052631578
12,3,18,115.0,25.0,17.5,0.49869948764527494,0.5013005123547251,236.8421052631578
13,3,18,125.0,25.0,17.5,0.48306150233017603,0.5169384976698239,236.8421052631578
14,3,18,135.0,25.0,17.5,0.4652011005292425,0.5347988994707575,236.8421052631578
15,3,18,145.0,25.0,17.5,0.44331467033137406,0.5566853296686259,236.8421052631578
16,3,18,155.0,25.0,17.5,0.41288898053919876,0.5871110194608012,236.8421052631578
17,3,18,165.0,25.0,17.5,0.3684559877495532,0.6315440122504468,236.8421052631578
18,3,18,175.0,25.0,17.5,0.31036694526742425,0.6896330547325757,236.8421052631578
19,3,18,185.0,25.0,17.5,0.25411111666870084,0.7458888833312991,236.8421052631578
20,3,18,195.0,25.0,17.5,0.21932614764128888,0.7806738523587111,236.8421052631578
21,3,18,205.0,25.0,17.5,0.2048973554201357,0.7951026445798643,236.8421052631578
22,3,18,215.0,25.0,17.5,0.20074088499833845,0.7992591150016616,236.8421052631578
23,3,18,225.0,25.0,17.5,0.2000945546665672,0.7999054453334328,236.8421052631578
24,3,18,235.0,25.0,17.5,0.20002876251762555,0.7999712374823744,236.8421052631578
25,3,18,245.0,25.0,17.5,0.20002221716454247,0.7999777828354575,236.8421052631578
26,3,18,255.0,25.0,17.5,0.20002186495445556,0.7999781350455444,236.8421052631578
27,3,18,265.0,25.0,17.5,0.20002216448066004,0.79997783551934,236.8421052631578
28,3,18,275.0,25.0,17.5,0.20002253740441991,0.7999774625955801,236.8421052631578
29,3,18,285.0,25.0,17.5,0.20002292190413629,0.7999770780958637,236.8421052631578
30,3,18,295.0,25.0,17.5,0.20002331206697302,0.799976687933027,236.8421052631578
31,3,18,305.0,25.0,17.5,0.20002370688359672,0.7999762931164033,236.8421052631578
32,3,18,315.0,25.0,17.5,0.2000241060580482,0.7999758939419518,236.8421052631578
33,3,18,325.0,25.0,17.5,0.2000245097319477,0.7999754902680523,236.8421052631578
34,3,18,335.0,25.0,17.5,0.20002491792124852,0.7999750820787515,236.8421052631578
35,3,18,345.0,25.0,17.5,0.2000253304186736,0.7999746695813263,236.8421052631578
36,3,18,355.0,25.0,17.5,0.2000257471665763,0.7999742528334237,236.8421052631578
37,3,18,365.0,25.0,17.5,0.20002616829053055,0.7999738317094695,236.8421052631578
38,3,18,375.0,25.0,17.5,0.20002659385334942,0.7999734061466506,236.8421052631578
39,3,18,385.0,25.0,17.5,0.2000270238495439,0.7999729761504561,236.8421052631578
40,3,18,395.0,25.0,17.5,0.20002745842659433,0.7999725415734057,236.8421052631578
41,3,18,405.0,25.0,17.5,0.20002789788930073,0.7999721021106992,236.8421052631578
42,3,18,415.0,25.0,17.5,0.20002834260844018,0.7999716573915598,236.8421052631578
43,3,18,425.0,25.0,17.5,0.20002879307310342,0.7999712069268966,236.8421052631578
44,3,18,435.0,25.0,17.5,0.20002925004156732,0.7999707499584326,236.8421052631578
45,3,18,445.0,25.0,17.5,0.20002971454217866,0.7999702854578213,236.8421052631578
46,3,18,455.0,25.0,17.5,0.20003018756121835,0.7999698124387816,236.8421052631578
47,3,18,465.0,25.0,17.5,0.2000306687049983,0.7999693312950017,236.8421052631578
48,3,18,475.0,25.0,17.5,0.2000311515690821,0.7999688484309179,236.8421052631578
49,3,18,485.0,25.0,17.5,0.20003161076309126,0.7999683892369087,236.8421052631578
50,3,18,495.0,25.0,17.5,0.20003197292048983,0.7999680270795102,236.8421052631578
1,4,18,5.0,35.0,17.5,0.7564262869181039,0.24357371308189613,236.8421052631578
2,4,18,15.0,35.0,17.5,0.731486350363821,0.26851364963617896,236.8421052631578
3,4,18,25.0,35.0,17.5,0.7036909085445321,0.2963090914554679,236.8421052631578
4,4,18,35.0,35.0,17.5,0.676111091411721,0.323888908588279,236.8421052631578
5,4,18,45.0,35.0,17.5,0.6501731383844167,0.3498268616155833,236.8421052631578
6,4,18,55.0,35.0,17.5,0.626286437516097,0.373713562483903,236.8421052631578
7,4,18,65.0,35.0,17.5,0.6042525746350483,0.39574742536495167,236.8421052631578
8,4,18,75.0,35.0,17.5,0.5837788356351585,0.41622116436484147,236.8421052631578
9,4,18,85.0,35.0,17.5,0.5647903480381737,0.43520965196182626,236.8421052631578
10,4,18,95.0,35.0,17.5,0.5475564800919263,0.45244351990807374,236.8421052631578
11,4,18,105.0,35.0,17.5,0.5325563851738646,0.4674436148261354,236.8421052631578
12,4,18,115.0,35.0,17.5,0.5194524551263406,0.48054754487365936,236.8421052631578
13,4,18,125.0,35.0,17.5,0.5062548686216337,0.4937451313783663,236.8421052631578
14,4,18,135.0,35.0,17.5,0.49213876027140047,0.5078612397285995,236.8421052631578
15,4,18,145.0,35.0,17.5,0.4764261255665349,0.523573874433465,236.8421052631578
16,4,18,155.0,35.0,17.5,0.45824124312174147,0.5417587568782585,236.8421052631578
17,4,18,165.0,35.0,17.5,0.4349672830762673,0.5650327169237327,236.8421052631578
18,4,18,175.0,35.0,17.5,0.4019035946482051,0.598096405351795,236.8421052631578
19,4,18,185.0,35.0,17.5,0.35502181430158025,0.6449781856984198,236.8421052631578
20,4,18,195.0,35.0,17.5,0.2972842481285528,0.7027157518714472,236.8421052631578
21,4,18,205.0,35.0,17.5,0.24586928044453527,0.7541307195554647,236.8421052631578
22,4,18,215.0,35.0,17.5,0.21616302534339896,0.7838369746566011,236.8421052631578
23,4,18,225.0,35.0,17.5,0.20403047649962192,0.7959695235003781,236.8421052631578
24,4,18,235.0,35.0,17.5,0.2006113309414428,0.7993886690585572,236.8421052631578
25,4,18,245.0,35.0,17.5,0.20008577529131208,0.7999142247086879,236.8421052631578
26,4,18,255.0,35.0,17.5,0.2000284777836986,0.7999715222163014,236.8421052631578
27,4,18,265.0,35.0,17.5,0.20002288083669179,0.7999771191633083,236.8421052631578
28,4,18,275.0,35.0,17.5,0.20002261294329335,0.7999773870567066,236.8421052631578
29,4,18,285.0,35.0,17.5,0.20002292879928416,0.7999770712007158,236.8421052631578
30,4,18,295.0,35.0,17.5,0.20002331176267713,0.7999766882373229,236.8421052631578
31,4,18,305.0,35.0,17.5,0.20002370569117786,0.7999762943088221,236.8421052631578
32,4,18,315.0,35.0,17.5,0.2000241049308324,0.7999758950691676,236.8421052631578
33,4,18,325.0,35.0,17.5,0.20002450865623705,0.7999754913437629,236.8421052631578
34,4,18,335.0,35.0,17.5,0.20002491663272198,0.7999750833672781,236.8421052631578
35,4,18,345.0,35.0,17.5,0.20002532892363728,0.7999746710763627,236.8421052631578
36,4,18,355.0,35.0,17.5,0.20002574556100916,0.7999742544389908,236.8421052631578
37,4,18,365.0,35.0,17.5,0.20002616643213103,0.799973833567869,236.8421052631578
38,4,18,375.0,35.0,17.5,0.20002659153612987,0.7999734084638701,236.8421052631578
39,4,18,385.0,35.0,17.5,0.2000270210382108,0.7999729789617892,236.8421052631578
40,4,18,395.0,35.0,17.5,0.2000274551406286,0.7999725448593714,236.8421052631578
41,4,18,405.0,35.0,17.5,0.20002789410607522,0.7999721058939248,236.8421052631578
42,4,18,415.0,35.0,17.5,0.2000283385262982,0.7999716614737018,236.8421052631578
43,4,18,425.0,35.0,17.5,0.2000287894898071,0.7999712105101929,236.8421052631578
44,4,18,435.0,35.0,17.5,0.20002924880865397,0.7999707511913461,236.8421052631578
45,4,18,445.0,35.0,17.5,0.20002971963059776,0.7999702803694022,236.8421052631578
46,4,18,455.0,35.0,17.5,0.20003020739938965,0.7999697926006104,236.8421052631578
47,4,18,465.0,35.0,17.5,0.20003072049294157,0.7999692795070584,236.8421052631578
48,4,18,475.0,35.0,17.5,0.2000312676637473,0.7999687323362528,236.8421052631578
49,4,18,485.0,35.0,17.5,0.20003184042219252,0.7999681595778074,236.8421052631578
50,4,18,495.0,35.0,17.5,0.20003236544999894,0.7999676345500011,236.8421052631578
1,5,18,5.0,45.0,17.5,0.7856511125322088,0.21434888746779124,236.8421052631578
2,5,18,15.0,45.0,17.5,0.7630167071799491,0.23698329282005093,236.8421052631578
3,5,18,25.0,45.0,17.5,0.7341483720832181,0.26585162791678185,236.8421052631578
4,5,18,35.0,45.0,17.5,0.7047722047627595,0.2952277952372405,236.8421052631578
5,5,18,45.0,45.0,17.5,0.6773752986221779,0.32262470137782207,236.8421052631578
6,5,18,55.0,45.0,17.5,0.652309170200229,0.34769082979977095,236.8421052631578
7,5,18,65.0,45.0,17.5,0.6294052987829014,0.3705947012170986,236.8421052631578
8,5,18,75.0,45.0,17.5,0.6083891708323385,0.39161082916766154,236.8421052631578
9,5,18,85.0,45.0,17.5,0.5890088419296915,0.4109911580703085,236.8421052631578
10,5,18,95.0,45.0,17.5,0.5711779075601259,0.4288220924398741,236.8421052631578
11,5,18,105.0,45.0,17.5,0.5550452664587845,0.4449547335412155,236.8421052631578
12,5,18,115.0,45.0,17.5,0.5409030507372667,0.45909694926273326,236.8421052631578
13,5,18,125.0,45.0,17.5,0.5284137370520087,0.47158626294799133,236.8421052631578
14,5,18,135.0,45.0,17.5,0.5160382953476643,0.4839617046523357,236.8421052631578
15,5,18,145.0,45.0,17.5,0.5029862826893654,0.4970137173106346,236.8421052631578
16,5,18,155.0,45.0,17.5,0.48861131702368504,0.511388682976315,236.8421052631578
17,5,18,165.0,45.0,17.5,0.4724249819857455,0.5275750180142544,236.8421052631578
18,5,18,175.0,45.0,17.5,0.45304738139876777,0.5469526186012322,236.8421052631578
19,5,18,185.0,45.0,17.5,0.4270897022695364,0.5729102977304636,236.8421052631578
20,5,18,195.0,45.0,17.5,0.3898347392401553,0.6101652607598447,236.8421052631578
21,5,18,205.0,45.0,17.5,0.3385868783334146,0.6614131216665854,236.8421052631578
22,5,18,215.0,45.0,17.5,0.2802727006963607,0.7197272993036393,236.8421052631578
23,5,18,225.0,45.0,17.5,0.2345220305093921,0.7654779694906079,236.8421052631578
24,5,18,235.0,45.0,17.5,0.21095121576608264,0.7890487842339173,236.8421052631578
25,5,18,245.0,45.0,17.5,0.20229899356199954,0.7977010064380005,236.8421052631578
26,5,18,255.0,45.0,17.5,0.20030728081192553,0.7996927191880745,236.8421052631578
27,5,18,265.0,45.0,17.5,0.20005244945988382,0.7999475505401161,236.8421052631578
28,5,18,275.0,45.0,17.5,0.20002534740650763,0.7999746525934923,236.8421052631578
29,5,18,285.0,45.0,17.5,0.20002323598820956,0.7999767640117904,236.8421052631578
30,5,18,295.0,45.0,17.5,0.20002334132025104,0.799976658679749,236.8421052631578
31,5,18,305.0,45.0,17.5,0.20002370834999614,0.7999762916500038,236.8421052631578
32,5,18,315.0,45.0,17.5,0.20002410454910546,0.7999758954508945,236.8421052631578
33,5,18,325.0,45.0,17.5,0.20002450793128881,0.7999754920687112,236.8421052631578
34,5,18,335.0,45.0,17.5,0.20002491587492985,0.7999750841250701,236.8421052631578
35,5,18,345.0,45.0,17.5,0.20002532787661617,0.7999746721233838,236.8421052631578
36,5,18,355.0,45.0,17.5,0.20002574411220536,0.7999742558877947,236.8421052631578
37,5,18,365.0,45.0,17.5,0.20002616462315398,0.799973835376846,236.8421052631578
38,5,18,375.0,45.0,17.5,0.2000265892046047,0.7999734107953953,236.8421052631578
39,5,18,385.0,45.0,17.5,0.20002701790254288,0.7999729820974572,236.8421052631578
40,5,18,395.0,45.0,17.5,0.20002745103485084,0.7999725489651491,236.8421052631578
41,5,18,405.0,45.0,17.5,0.20002788887623169,0.7999721111237683,236.8421052631578
42,5,18,415.0,45.0,17.5,0.20002833194515626,0.7999716680548438,236.8421052631578
43,5,18,425.0,45.0,17.5,0.2000287814945164,0.7999712185054836,236.8421052631578
44,5,18,435.0,45.0,17.5,0.20002923979182732,0.7999707602081727,236.8421052631578
45,5,18,445.0,45.0,17.5,0.20002971090320715,0.7999702890967928,236.8421052631578
46,5,18,455.0,45.0,17.5,0.2000302026822408,0.7999697973177592,236.8421052631578
47,5,18,465.0,45.0,17.5,0.20003072996678734,0.7999692700332126,236.8421052631578
48,5,18,475.0,45.0,17.5,0.20003131611330469,0.7999686838866953,236.8421052631578
49,5,18,485.0,45.0,17.5,0.2000319549341131,0.7999680450658869,236.8421052631578
50,5,18,495.0,45.0,17.5,0.20003240326236033,0.7999675967376396,236.8421052631578
1,6,18,5.0,55.0,17.5,0.7581981295236397,0.24180187047636026,236.8421052631578
2,6,18,15.0,55.0,17.5,0.7344462500969479,0.26555374990305214,236.8421052631578
3,6,18,25.0,55.0,17.5,0.7078362028717626,0.29216379712823737,236.8421052631578
4,6,18,35.0,55.0,17.5,0.6812081324995813,0.31879186750041866,236.8421052631578
5,6,18,45.0,55.0,17.5,0.6559479068136178,0.3440520931863822,236.8421052631578
6,6,18,55.0,55.0,17.5,0.6324227970743402,0.36757720292565976,236.8421052631578
7,6,18,65.0,55.0,17.5,0.6105452283248974,0.38945477167510256,236.8421052631578
8,6,18,75.0,55.0,17.5,0.5901263658277376,0.4098736341722624,236.8421052631578
9,6,18,85.0,55.0,17.5,0.5710888620620751,0.4289111379379249,236.8421052631578
10,6,18,95.0,55.0,17.5,0.553641080726715,0.44635891927328497,236.8421052631578
11,6,18,105.0,55.0,17.5,0.5382719362084253,0.4617280637915747,236.8421052631578
12,6,18,115.0,55.0,17.5,0.525055291730554,0.474944708269446,236.8421052631578
13,6,18,125.0,55.0,17.5,0.5123516690612256,0.48764833093877435,236.8421052631578
14,6,18,135.0,55.0,17.5,0.49890854870803775,0.5010914512919622,236.8421052631578
15,6,18,145.0,55.0,17.5,0.48404240196459986,0.5159575980354001,236.8421052631578
16,6,18,155.0,55.0,17.5,0.4672071225789778,0.5327928774210222,236.8421052631578
17,6,18,165.0,55.0,17.5,0.4467863766399812,0.5532136233600188,236.8421052631578
18,6,18,175.0,55.0,17.5,0.41890962208127935,0.5810903779187206,236.8421052631578
19,6,18,185.0,55.0,17.5,0.37880167419581934,0.6211983258041807,236.8421052631578
20,6,18,195.0,55.0,17.5,0.3251533644046855,0.6748466355953144,236.8421052631578
21,6,18,205.0,55.0,17.5,0.2683590339055551,0.731640966094445,236.8421052631578
22,6,18,215.0,55.0,17.5,0.22795243462257647,0.7720475653774235,236.8421052631578
23,6,18,225.0,55.0,17.5,0.2084631691470811,0.7915368308529189,236.8421052631578
24,6,18,235.0,55.0,17.5,0.20163915355913153,0.7983608464408685,236.8421052631578
25,6,18,245.0,55.0,17.5,0.20021634940878233,0.7997836505912177,236.8421052631578
26,6,18,255.0,55.0,17.5,0.2000432695935907,0.7999567304064092,236.8421052631578
27,6,18,265.0,55.0,17.5,0.2000241642954986,0.7999758357045014,236.8421052631578
28,6,18,275.0,55.0,17.5,0.20002277578042849,0.7999772242195715,236.8421052631578
29,6,18,285.0,55.0,17.5,0.20002294488803304,0.7999770551119669,236.8421052631578
30,6,18,295.0,55.0,17.5,0.2000233134932547,0.7999766865067452,236.8421052631578
31,6,18,305.0,55.0,17.5,0.200023705650336,0.799976294349664,236.8421052631578
32,6,18,315.0,55.0,17.5,0.2000241044982371,0.7999758955017628,236.8421052631578
33,6,18,325.0,55.0,17.5,0.20002450801448773,0.7999754919855122,236.8421052631578
34,6,18,335.0,55.0,17.5,0.20002491560823002,0.79997508439177,236.8421052631578
35,6,18,345.0,55.0,17.5,0.20002532732098485,0.7999746726790151,236.8421052631578
36,6,18,355.0,55.0,17.5,0.2000257432589689,0.7999742567410311,236.8421052631578
37,6,18,365.0,55.0,17.5,0.2000261632098409,0.7999738367901591,236.8421052631578
38,6,18,375.0,55.0,17.5,0.2000265869955023,0.7999734130044978,236.8421052631578
39,6,18,385.0,55.0,17.5,0.20002701473100246,0.7999729852689975,236.8421052631578
40,6,18,395.0,55.0,17.5,0.2000274465356934,0.7999725534643066,236.8421052631578
41,6,18,405.0,55.0,17.5,0.20002788247059886,0.7999721175294011,236.8421052631578
42,6,18,415.0,55.0,17.5,0.20002832292522735,0.7999716770747727,236.8421052631578
43,6,18,425.0,55.0,17.5,0.20002876883679588,0.7999712311632041,236.8421052631578
44,6,18,435.0,55.0,17.5,0.20002922180874672,0.7999707781912533,236.8421052631578
45,6,18,445.0,55.0,17.5,0.20002968470981775,0.7999703152901823,236.8421052631578
46,6,18,455.0,55.0,17.5,0.20003016263305237,0.7999698373669476,236.8421052631578
47,6,18,465.0,55.0,17.5,0.20003066325385926,0.7999693367461407,236.8421052631578
48,6,18,475.0,55.0,17.5,0.2000311935361773,0.7999688064638227,236.8421052631578
49,6,18,485.0,55.0,17.5,0.20003174192665665,0.7999682580733434,236.8421052631578
50,6,18,495.0,55.0,17.5,0.2000322346569126,0.7999677653430874,236.8421052631578
1,7,18,5.0,65.0,17.5,0.7224781919909374,0.27752180800906256,236.8421052631578
2,7,18,15.0,65.0,17.5,0.7006558039805576,0.2993441960194424,236.8421052631578
3,7,18,25.0,65.0,17.5,0.6766419252731499,0.3233580747268501,236.8421052631578
4,7,18,35.0,65.0,17.5,0.6525539038904775,0.3474460961095225,236.8421052631578
5,7,18,45.0,65.0,17.5,0.6293994551592603,0.3706005448407397,236.8421052631578
6,7,18,55.0,65.0,17.5,0.6075161829967908,0.3924838170032092,236.8421052631578
7,7,18,65.0,65.0,17.5,0.586950945312616,0.41304905468738395,236.8421052631578
8,7,18,75.0,65.0,17.5,0.5677501529972652,0.43224984700273483,236.8421052631578
9,7,18,85.0,65.0,17.5,0.5501777356673704,0.4498222643326296,236.8421052631578
10,7,18,95.0,65.0,17.5,0.5347011607614024,0.4652988392385976,236.8421052631578
11,7,18,105.0,65.0,17.5,0.5212123344088079,0.4787876655911921,236.8421052631578
12,7,18,115.0,65.0,17.5,0.5078490688824947,0.4921509311175053,236.8421052631578
13,7,18,125.0,65.0,17.5,0.49357887570341213,0.5064211242965879,236.8421052631578
14,7,18,135.0,65.0,17.5,0.4776956925392333,0.5223043074607667,236.8421052631578
15,7,18,145.0,65.0,17.5,0.4593093302024812,0.5406906697975188,236.8421052631578
16,7,18,155.0,65.0,17.5,0.43590237081710265,0.5640976291828974,236.8421052631578
17,7,18,165.0,65.0,17.5,0.40267064471174396,0.597329355288256,236.8421052631578
18,7,18,175.0,65.0,17.5,0.3552742641577739,0.644725735842226,236.8421052631578
19,7,18,185.0,65.0,17.5,0.2967416097584084,0.7032583902415916,236.8421052631578
20,7,18,195.0,65.0,17.5,0.2450032863851737,0.7549967136148263,236.8421052631578
21,7,18,205.0,65.0,17.5,0.21557135100896177,0.7844286489910383,236.8421052631578
22,7,18,215.0,65.0,17.5,0.20376566596277512,0.7962343340372249,236.8421052631578
23,7,18,225.0,65.0,17.5,0.20054721227473177,0.7994527877252682,236.8421052631578
24,7,18,235.0,65.0,17.5,0.20007692195703597,0.799923078042964,236.8421052631578
25,7,18,245.0,65.0,17.5,0.2000271841305099,0.7999728158694901,236.8421052631578
26,7,18,255.0,65.0,17.5,0.20002241785694602,0.7999775821430539,236.8421052631578
27,7,18,265.0,65.0,17.5,0.20002222237014125,0.7999777776298588,236.8421052631578
28,7,18,275.0,65.0,17.5,0.20002254376207418,0.7999774562379258,236.8421052631578
29,7,18,285.0,65.0,17.5,0.20002292295387292,0.7999770770461271,236.8421052631578
30,7,18,295.0,65.0,17.5,0.20002331214919508,0.7999766878508049,236.8421052631578
31,7,18,305.0,65.0,17.5,0.20002370659468421,0.7999762934053158,236.8421052631578
32,7,18,315.0,65.0,17.5,0.20002410552547834,0.7999758944745217,236.8421052631578
33,7,18,325.0,65.0,17.5,0.2000245086686333,0.7999754913313667,236.8421052631578
34,7,18,335.0,65.0,17.5,0.20002491600797206,0.7999750839920279,236.8421052631578
35,7,18,345.0,65.0,17.5,0.20002532750963506,0.7999746724903649,236.8421052631578
36,7,18,355.0,65.0,17.5,0.20002574297661863,0.7999742570233814,236.8421052631578
37,7,18,365.0,65.0,17.5,0.20002616224844896,0.7999738377515511,236.8421052631578
38,7,18,375.0,65.0,17.5,0.20002658525121003,0.79997341474879,236.8421052631578
39,7,18,385.0,65.0,17.5,0.20002701190023187,0.7999729880997681,236.8421052631578
40,7,18,395.0,65.0,17.5,0.20002744204553063,0.7999725579544694,236.8421052631578
41,7,18,405.0,65.0,17.5,0.20002787559244312,0.7999721244075568,236.8421052631578
42,7,18,415.0,65.0,17.5,0.20002831257496112,0.7999716874250389,236.8421052631578
43,7,18,425.0,65.0,17.5,0.20002875315113483,0.7999712468488651,236.8421052631578
44,7,18,435.0,65.0,17.5,0.2000291976567397,0.7999708023432603,236.8421052631578
45,7,18,445.0,65.0,17.5,0.20002964670858908,0.7999703532914109,236.8421052631578
46,7,18,455.0,65.0,17.5,0.20003010095562065,0.7999698990443793,236.8421052631578
47,7,18,465.0,65.0,17.5,0.20003055964168379,0.7999694403583162,236.8421052631578
48,7,18,475.0,65.0,17.5,0.20003101592795278,0.7999689840720472,236.8421052631578
49,7,18,485.0,65.0,17.5,0.2000314447715323,0.7999685552284677,236.8421052631578
50,7,18,495.0,65.0,17.5,0.20003177796857516,0.7999682220314248,236.8421052631578
1,8,18,5.0,75.0,17.5,0.6768938137053545,0.3231061862946455,236.8421052631578
2,8,18,15.0,75.0,17.5,0.6581436886633033,0.3418563113366967,236.8421052631578
3,8,18,25.0,75.0,17.5,0.6371464458509203,0.3628535541490797,236.8421052631578
4,8,18,35.0,75.0,17.5,0.6157648986509818,0.38423510134901817,236.8421052631578
5,8,18,45.0,75.0,17.5,0.5949178991459034,0.40508210085409657,236.8421052631578
6,8,18,55.0,75.0,17.5,0.5750543835133264,0.4249456164866736,236.8421052631578
7,8,18,65.0,75.0,17.5,0.5565097396094565,0.4434902603905435,236.8421052631578
8,8,18,75.0,75.0,17.5,0.5396784376160452,0.46032156238395483,236.8421052631578
9,8,18,85.0,75.0,17.5,0.5247968752739101,0.47520312472608994,236.8421052631578
10,8,18,95.0,75.0,17.5,0.5109949581092139,0.4890050418907861,236.8421052631578
11,8,18,105.0,75.0,17.5,0.49635239835155365,0.5036476016484464,236.8421052631578
12,8,18,115.0,75.0,17.5,0.48024649688171056,0.5197535031182894,236.8421052631578
13,8,18,125.0,75.0,17.5,0.46172253219838505,0.5382774678016149,236.8421052631578
14,8,18,135.0,75.0,17.5,0.43861987858063906,0.561380121419361,236.8421052631578
15,8,18,145.0,75.0,17.5,0.40582618082804456,0.5941738191719554,236.8421052631578
16,8,18,155.0,75.0,17.5,0.3581076253678547,0.6418923746321453,236.8421052631578
17,8,18,165.0,75.0,17.5,0.29819830578981177,0.7018016942101882,236.8421052631578
18,8,18,175.0,75.0,17.5,0.24465677891456203,0.7553432210854379,236.8421052631578
19,8,18,185.0,75.0,17.5,0.21455450811496388,0.7854454918850361,236.8421052631578
20,8,18,195.0,75.0,17.5,0.20320561845352736,0.7967943815464726,236.8421052631578
21,8,18,205.0,75.0,17.5,0.2004182337544706,0.7995817662455293,236.8421052631578
22,8,18,215.0,75.0,17.5,0.20005926628431148,0.7999407337156885,236.8421052631578
23,8,18,225.0,75.0,17.5,0.2000244723049449,0.7999755276950551,236.8421052631578
24,8,18,235.0,75.0,17.5,0.20002146508992935,0.7999785349100706,236.8421052631578
25,8,18,245.0,75.0,17.5,0.20002145230869325,0.7999785476913067,236.8421052631578
26,8,18,255.0,75.0,17.5,0.20002178736284523,0.7999782126371547,236.8421052631578
27,8,18,265.0,75.0,17.5,0.200022158954059,0.799977841045941,236.8421052631578
28,8,18,275.0,75.0,17.5,0.20002253892726884,0.7999774610727312,236.8421052631578
29,8,18,285.0,75.0,17.5,0.20002292418413892,0.7999770758158611,236.8421052631578
30,8,18,295.0,75.0,17.5,0.20002331392932704,0.799976686070673,236.8421052631578
31,8,18,305.0,75.0,17.5,0.20002370809455267,0.7999762919054474,236.8421052631578
32,8,18,315.0,75.0,17.5,0.20002410680811247,0.7999758931918876,236.8421052631578
33,8,18,325.0,75.0,17.5,0.20002450985972833,0.7999754901402717,236.8421052631578
34,8,18,335.0,75.0,17.5,0.20002491694338906,0.7999750830566109,236.8421052631578
35,8,18,345.0,75.0,17.5,0.200025328025875,0.799974671974125,236.8421052631578
36,8,18,355.0,75.0,17.5,0.20002574307440313,0.7999742569255969,236.8421052631578
37,8,18,365.0,75.0,17.5,0.2000261618409139,0.7999738381590861,236.8421052631578
38,8,18,375.0,75.0,17.5,0.2000265840489796,0.7999734159510203,236.8421052631578
39,8,18,385.0,75.0,17.5,0.20002700954781832,0.7999729904521817,236.8421052631578
40,8,18,395.0,75.0,17.5,0.2000274380908524,0.7999725619091476,236.8421052631578
41,8,18,405.0,75.0,17.5,0.20002786924924484,0.7999721307507551,236.8421052631578
42,8,18,415.0,75.0,17.5,0.200028302531016,0.799971697468984,236.8421052631578
43,8,18,425.0,75.0,17.5,0.20002873733113585,0.7999712626688642,236.8421052631578
44,8,18,435.0,75.0,17.5,0.2000291726424021,0.7999708273575978,236.8421052631578
45,8,18,445.0,75.0,17.5,0.20002960673169667,0.7999703932683033,236.8421052631578
46,8,18,455.0,75.0,17.5,0.2000300364080698,0.7999699635919302,236.8421052631578
47,8,18,465.0,75.0,17.5,0.20003045507442238,0.7999695449255776,236.8421052631578
48,8,18,475.0,75.0,17.5,0.20003084860622988,0.7999691513937701,236.8421052631578
49,8,18,485.0,75.0,17.5,0.200031187628883,0.799968812371117,236.8421052631578
50,8,18,495.0,75.0,17.5,0.20003141565792015,0.7999685843420798,236.8421052631578
1,9,18,5.0,85.0,17.5,0.6164107338446526,0.3835892661553474,236.8421052631578
2,9,18,15.0,85.0,17.5,0.6009596028928863,0.3990403971071137,236.8421052631578
3,9,18,25.0,85.0,17.5,0.5831900105253267,0.4168099894746733,236.8421052631578
4,9,18,35.0,85.0,17.5,0.5648155871431368,0.43518441285686316,236.8421052631578
5,9,18,45.0,85.0,17.5,0.5468678148843278,0.4531321851156722,236.8421052631578
6,9,18,55.0,85.0,17.5,0.5300581830973052,0.46994181690269476,236.8421052631578
7,9,18,65.0,85.0,17.5,0.5147721379712945,0.4852278620287055,236.8421052631578
8,9,18,75.0,85.0,17.5,0.499951118631588,0.5000488813684121,236.8421052631578
9,9,18,85.0,85.0,17.5,0.48376486806251134,0.5162351319374887,236.8421052631578
10,9,18,95.0,85.0,17.5,0.46555882239249813,0.5344411776075019,236.8421052631578
11,9,18,105.0,85.0,17.5,0.44360829036465355,0.5563917096353465,236.8421052631578
12,9,18,115.0,85.0,17.5,0.41355073680140436,0.5864492631985956,236.8421052631578
13,9,18,125.0,85.0,17.5,0.3689893262705075,0.6310106737294925,236.8421052631578
14,9,18,135.0,85.0,17.5,0.30952468206898825,0.6904753179310117,236.8421052631578
15,9,18,145.0,85.0,17.5,0.2514329709650795,0.7485670290349205,236.8421052631578
16,9,18,155.0,85.0,17.5,0.2162522155273104,0.7837477844726897,236.8421052631578
17,9,18,165.0,85.0,17.5,0.20324726191542702,0.7967527380845729,236.8421052631578
18,9,18,175.0,85.0,17.5,0.20038529188089177,0.7996147081191083,236.8421052631578
19,9,18,185.0,85.0,17.5,0.2000511260547247,0.7999488739452754,236.8421052631578
20,9,18,195.0,85.0,17.5,0.20002229799230237,0.7999777020076977,236.8421052631578
21,9,18,205.0,85.0,17.5,0.20002026377027632,0.7999797362297236,236.8421052631578
22,9,18,215.0,85.0,17.5,0.2000203602581664,0.7999796397418336,236.8421052631578
23,9,18,225.0,85.0,17.5,0.2000206923511363,0.7999793076488637,236.8421052631578
24,9,18,235.0,85.0,17.5,0.20002104986001878,0.7999789501399812,236.8421052631578
25,9,18,245.0,85.0,17.5,0.20002141495028233,0.7999785850497176,236.8421052631578
26,9,18,255.0,85.0,17.5,0.20002178542969828,0.7999782145703017,236.8421052631578
27,9,18,265.0,85.0,17.5,0.20002216066117065,0.7999778393388294,236.8421052631578
28,9,18,275.0,85.0,17.5,0.2000225408037875,0.7999774591962125,236.8421052631578
29,9,18,285.0,85.0,17.5,0.20002292589927897,0.799977074100721,236.8421052631578
30,9,18,295.0,85.0,17.5,0.20002331557118447,0.7999766844288155,236.8421052631578
31,9,18,305.0,85.0,17.5,0.20002370961072138,0.7999762903892786,236.8421052631578
32,9,18,315.0,85.0,17.5,0.2000241081059797,0.7999758918940203,236.8421052631578
33,9,18,325.0,85.0,17.5,0.2000245109620925,0.7999754890379075,236.8421052631578
34,9,18,335.0,85.0,17.5,0.20002491787662344,0.7999750821233765,236.8421052631578
35,9,18,345.0,85.0,17.5,0.20002532869802914,0.7999746713019709,236.8421052631578
36,9,18,355.0,85.0,17.5,0.2000257433802717,0.7999742566197283,236.8421052631578
37,9,18,365.0,85.0,17.5,0.20002616170259385,0.7999738382974062,236.8421052631578
38,9,18,375.0,85.0,17.5,0.2000265833148511,0.7999734166851489,236.8421052631578
39,9,18,385.0,85.0,17.5,0.2000270079218661,0.7999729920781339,236.8421052631578
40,9,18,395.0,85.0,17.5,0.20002743514997762,0.7999725648500224,236.8421052631578
41,9,18,405.0,85.0,17.5,0.2000278643484173,0.7999721356515828,236.8421052631578
42,9,18,415.0,85.0,17.5,0.20002829459370397,0.799971705406296,236.8421052631578
43,9,18,425.0,85.0,17.5,0.20002872459940296,0.799971275400597,236.8421052631578
44,9,18,435.0,85.0,17.5,0.20002915228977053,0.7999708477102294,236.8421052631578
45,9,18,445.0,85.0,17.5,0.2000295742153122,0.7999704257846878,236.8421052631578
46,9,18,455.0,85.0,17.5,0.20002998462443286,0.7999700153755671,236.8421052631578
47,9,18,465.0,85.0,17.5,0.200030373645317,0.7999696263546829,236.8421052631578
48,9,18,475.0,85.0,17.5,0.2000307242314702,0.7999692757685298,236.8421052631578
49,9,18,485.0,85.0,17.5,0.20003100797767373,0.7999689920223263,236.8421052631578
50,9,18,495.0,85.0,17.5,0.20003118201924366,0.7999688179807564,236.8421052631578
1,10,18,5.0,95.0,17.5,0.5144133760743942,0.4855866239256058,236.8421052631578
2,10,18,15.0,95.0,17.5,0.5017066522375623,0.4982933477624377,236.8421052631578
3,10,18,25.0,95.0,17.5,0.48694387593407784,0.5130561240659222,236.8421052631578
4,10,18,35.0,95.0,17.5,0.4715427620014488,0.5284572379985513,236.8421052631578
5,10,18,45.0,95.0,17.5,0.4552268287400848,0.5447731712599152,236.8421052631578
6,10,18,55.0,95.0,17.5,0.4352148920106958,0.5647851079893043,236.8421052631578
7,10,18,65.0,95.0,17.5,0.41100938669862763,0.5889906133013724,236.8421052631578
8,10,18,75.0,95.0,17.5,0.37869757422446065,0.6213024257755393,236.8421052631578
9,10,18,85.0,95.0,17.5,0.33233343642369273,0.6676665635763073,236.8421052631578
10,10,18,95.0,95.0,17.5,0.27581513968981286,0.7241848603101871,236.8421052631578
11,10,18,105.0,95.0,17.5,0.2303252845270298,0.7696747154729702,236.8421052631578
12,10,18,115.0,95.0,17.5,0.20889674569113723,0.7911032543088627,236.8421052631578
13,10,18,125.0,95.0,17.5,0.20228280279575717,0.7977171972042428,236.8421052631578
14,10,18,135.0,95.0,17.5,0.20044887498678543,0.7995511250132146,236.8421052631578
15,10,18,145.0,95.0,17.5,0.20006188529118552,0.7999381147088145,236.8421052631578
16,10,18,155.0,95.0,17.5,0.20002198156963308,0.7999780184303669,236.8421052631578
17,10,18,165.0,95.0,17.5,0.20001898831639672,0.7999810116836032,236.8421052631578
18,10,18,175.0,95.0,17.5,0.20001900795705438,0.7999809920429456,236.8421052631578
19,10,18,185.0,95.0,17.5,0.2000193106952518,0.7999806893047482,236.8421052631578
20,10,18,195.0,95.0,17.5,0.20001964545841314,0.7999803545415869,236.8421052631578
21,10,18,205.0,95.0,17.5,0.20001998827559947,0.7999800117244005,236.8421052631578
22,10,18,215.0,95.0,17.5,0.20002033706505498,0.799979662934945,236.8421052631578
23,10,18,225.0,95.0,17.5,0.2000206914759552,0.7999793085240448,236.8421052631578
24,10,18,235.0,95.0,17.5,0.20002105128360406,0.799978948716396,236.8421052631578
25,10,18,245.0,95.0,17.5,0.20002141637849605,0.799978583621504,236.8421052631578
26,10,18,255.0,95.0,17.5,0.20002178664848003,0.79997821335152,236.8421052631578
27,10,18,265.0,95.0,17.5,0.20002216190464212,0.7999778380953579,236.8421052631578
28,10,18,275.0,95.0,17.5,0.20002254202642192,0.7999774579735781,236.8421052631578
29,10,18,285.0,95.0,17.5,0.2000229269336683,0.7999770730663317,236.8421052631578
30,10,18,295.0,95.0,17.5,0.20002331648204252,0.7999766835179575,236.8421052631578
31,10,18,305.0,95.0,17.5,0.2000237105134284,0.7999762894865716,236.8421052631578
32,10,18,315.0,95.0,17.5,0.20002410893177647,0.7999758910682235,236.8421052631578
33,10,18,325.0,95.0,17.5,0.20002451162329632,0.7999754883767036,236.8421052631578
34,10,18,335.0,95.0,17.5,0.20002491841341208,0.7999750815865879,236.8421052631578
35,10,18,345.0,95.0,17.5,0.20002532913565205,0.7999746708643479,236.8421052631578
36,10,18,355.0,95.0,17.5,0.20002574363243808,0.7999742563675619,236.8421052631578
37,10,18,365.0,95.0,17.5,0.20002616167457962,0.7999738383254203,236.8421052631578
38,10,18,375.0,95.0,17.5,0.20002658295061562,0.7999734170493844,236.8421052631578
39,10,18,385.0,95.0,17.5,0.2000270070909887,0.7999729929090114,236.8421052631578
40,10,18,395.0,95.0,17.5,0.20002743358647102,0.799972566413529,236.8421052631578
41,10,18,405.0,95.0,17.5,0.20002786166604838,0.7999721383339516,236.8421052631578
42,10,18,415.0,95.0,17.5,0.20002829020348328,0.7999717097965167,236.8421052631578
43,10,18,425.0,95.0,17.5,0.2000287175110686,0.7999712824889313,236.8421052631578
44,10,18,435.0,95.0,17.5,0.200029140897324,0.799970859102676,236.8421052631578
45,10,18,445.0,95.0,17.5,0.2000295560211645,0.7999704439788355,236.8421052631578
46,10,18,455.0,95.0,17.5,0.20002995585913158,0.7999700441408684,236.8421052631578
47,10,18,465.0,95.0,17.5,0.20003032905804433,0.7999696709419557,236.8421052631578
48,10,18,475.0,95.0,17.5,0.2000306576721298,0.7999693423278702,236.8421052631578
49,10,18,485.0,95.0,17.5,0.2000309149594256,0.7999690850405744,236.8421052631578
50,10,18,495.0,95.0,17.5,0.20003106596320336,0.7999689340367966,236.8421052631578
1,1,19,5.0,5.0,18.5,0.547400288130998,0.45259971186900205,201.75438596491233
2,1,19,15.0,5.0,18.5,0.5281725726946397,0.4718274273053603,201.75438596491233
3,1,19,25.0,5.0,18.5,0.5055371278997712,0.49446287210022877,201.75438596491233
4,1,19,35.0,5.0,18.5,0.48142638422911194,0.518573615770888,201.75438596491233
5,1,19,45.0,5.0,18.5,0.45748168797899014,0.5425183120210099,201.75438596491233
6,1,19,55.0,5.0,18.5,0.43153933052867616,0.5684606694713239,201.75438596491233
7,1,19,65.0,5.0,18.5,0.3974720355937679,0.602527964406232,201.75438596491233
8,1,19,75.0,5.0,18.5,0.34807494732029226,0.6519250526797078,201.75438596491233
9,1,19,85.0,5.0,18.5,0.283694193525068,0.716305806474932,201.75438596491233
10,1,19,95.0,5.0,18.5,0.23002613400180064,0.7699738659981994,201.75438596491233
11,1,19,105.0,5.0,18.5,0.20643507208792414,0.7935649279120759,201.75438596491233
12,1,19,115.0,5.0,18.5,0.20090910109993604,0.799090898900064,201.75438596491233
13,1,19,125.0,5.0,18.5,0.20010007425940907,0.799899925740591,201.75438596491233
14,1,19,135.0,5.0,18.5,0.2000228132405698,0.7999771867594302,201.75438596491233
15,1,19,145.0,5.0,18.5,0.20001823892540918,0.7999817610745908,201.75438596491233
16,1,19,155.0,5.0,18.5,0.2000181761767124,0.7999818238232876,201.75438596491233
17,1,19,165.0,5.0,18.5,0.20001846555281502,0.799981534447185,201.75438596491233
18,1,19,175.0,5.0,18.5,0.20001878933378384,0.7999812106662162,201.75438596491233
19,1,19,185.0,5.0,18.5,0.2000191215444188,0.7999808784555812,201.75438596491233
20,1,19,195.0,5.0,18.5,0.2000194597285541,0.7999805402714459,201.75438596491233
21,1,19,205.0,5.0,18.5,0.20001980351765516,0.7999801964823449,201.75438596491233
22,1,19,215.0,5.0,18.5,0.20002015311582924,0.7999798468841708,201.75438596491233
23,1,19,225.0,5.0,18.5,0.2000205083143774,0.7999794916856227,201.75438596491233
24,1,19,235.0,5.0,18.5,0.20002086872575317,0.7999791312742468,201.75438596491233
25,1,19,245.0,5.0,18.5,0.20002123433438984,0.7999787656656101,201.75438596491233
26,1,19,255.0,5.0,18.5,0.20002160519672377,0.7999783948032763,201.75438596491233
27,1,19,265.0,5.0,18.5,0.20002198107642682,0.7999780189235732,201.75438596491233
28,1,19,275.0,5.0,18.5,0.2000223617443476,0.7999776382556524,201.75438596491233
29,1,19,285.0,5.0,18.5,0.20002274721227092,0.7999772527877291,201.75438596491233
30,1,19,295.0,5.0,18.5,0.2000231374786928,0.7999768625213072,201.75438596491233
31,1,19,305.0,5.0,18.5,0.2000235323532929,0.7999764676467072,201.75438596491233
32,1,19,315.0,5.0,18.5,0.2000239316970868,0.7999760683029132,201.75438596491233
33,1,19,325.0,5.0,18.5,0.20002433554060575,0.7999756644593943,201.75438596491233
34,1,19,335.0,5.0,18.5,0.2000247438877105,0.7999752561122895,201.75438596491233
35,1,19,345.0,5.0,18.5,0.2000251566249827,0.7999748433750173,201.75438596491233
36,1,19,355.0,5.0,18.5,0.2000255737044138,0.7999744262955862,201.75438596491233
37,1,19,365.0,5.0,18.5,0.20002599521123654,0.7999740047887635,201.75438596491233
38,1,19,375.0,5.0,18.5,0.20002642121388897,0.7999735787861111,201.75438596491233
39,1,19,385.0,5.0,18.5,0.2000268517068686,0.7999731482931314,201.75438596491233
40,1,19,395.0,5.0,18.5,0.20002728672964112,0.7999727132703589,201.75438596491233
41,1,19,405.0,5.0,18.5,0.20002772636488506,0.7999722736351149,201.75438596491233
42,1,19,415.0,5.0,18.5,0.20002817053798738,0.7999718294620126,201.75438596491233
43,1,19,425.0,5.0,18.5,0.20002861880917133,0.7999713811908287,201.75438596491233
44,1,19,435.0,5.0,18.5,0.20002907012360138,0.7999709298763986,201.75438596491233
45,1,19,445.0,5.0,18.5,0.20002952214887998,0.7999704778511201,201.75438596491233
46,1,19,455.0,5.0,18.5,0.20002996988904542,0.7999700301109546,201.75438596491233
47,1,19,465.0,5.0,18.5,0.20003040329242408,0.799969596707576,201.75438596491233
48,1,19,475.0,5.0,18.5,0.2000308031903448,0.7999691968096552,201.75438596491233
49,1,19,485.0,5.0,18.5,0.20003113503712694,0.7999688649628731,201.75438596491233
50,1,19,495.0,5.0,18.5,0.20003134326666322,0.7999686567333368,201.75438596491233
1,2,19,5.0,15.0,18.5,0.6472418465542668,0.35275815344573325,201.75438596491233
2,2,19,15.0,15.0,18.5,0.6253794105542145,0.37462058944578547,201.75438596491233
3,2,19,25.0,15.0,18.5,0.6010936682976115,0.39890633170238854,201.75438596491233
4,2,19,35.0,15.0,18.5,0.5763131584491962,0.4236868415508038,201.75438596491233
5,2,19,45.0,15.0,18.5,0.5517627199628773,0.4482372800371227,201.75438596491233
6,2,19,55.0,15.0,18.5,0.5275895723200411,0.4724104276799589,201.75438596491233
7,2,19,65.0,15.0,18.5,0.5039482722941513,0.4960517277058487,201.75438596491233
8,2,19,75.0,15.0,18.5,0.4817621293443187,0.5182378706556813,201.75438596491233
9,2,19,85.0,15.0,18.5,0.4593758323778024,0.5406241676221977,201.75438596491233
10,2,19,95.0,15.0,18.5,0.43110449533644707,0.5688955046635529,201.75438596491233
11,2,19,105.0,15.0,18.5,0.389060375661477,0.610939624338523,201.75438596491233
12,2,19,115.0,15.0,18.5,0.3290683687243778,0.6709316312756222,201.75438596491233
13,2,19,125.0,15.0,18.5,0.2639655611662242,0.7360344388337758,201.75438596491233
14,2,19,135.0,15.0,18.5,0.22053000286339272,0.7794699971366073,201.75438596491233
15,2,19,145.0,15.0,18.5,0.20407132818689505,0.7959286718131049,201.75438596491233
16,2,19,155.0,15.0,18.5,0.20044121219932542,0.7995587878006746,201.75438596491233
17,2,19,165.0,15.0,18.5,0.20004796953323262,0.7999520304667673,201.75438596491233
18,2,19,175.0,15.0,18.5,0.20002111721087174,0.7999788827891283,201.75438596491233
19,2,19,185.0,15.0,18.5,0.20001934032264448,0.7999806596773555,201.75438596491233
20,2,19,195.0,15.0,18.5,0.20001947487763147,0.7999805251223685,201.75438596491233
21,2,19,205.0,15.0,18.5,0.20001980372204242,0.7999801962779576,201.75438596491233
22,2,19,215.0,15.0,18.5,0.20002015183044672,0.7999798481695533,201.75438596491233
23,2,19,225.0,15.0,18.5,0.20002050703272797,0.799979492967272,201.75438596491233
24,2,19,235.0,15.0,18.5,0.20002086767365126,0.7999791323263488,201.75438596491233
25,2,19,245.0,15.0,18.5,0.20002123330161978,0.7999787666983802,201.75438596491233
26,2,19,255.0,15.0,18.5,0.20002160415322384,0.7999783958467761,201.75438596491233
27,2,19,265.0,15.0,18.5,0.20002198016631123,0.7999780198336888,201.75438596491233
28,2,19,275.0,15.0,18.5,0.2000223609449336,0.7999776390550664,201.75438596491233
29,2,19,285.0,15.0,18.5,0.2000227464102017,0.7999772535897983,201.75438596491233
30,2,19,295.0,15.0,18.5,0.20002313668758687,0.7999768633124131,201.75438596491233
31,2,19,305.0,15.0,18.5,0.20002353163215392,0.7999764683678461,201.75438596491233
32,2,19,315.0,15.0,18.5,0.2000239310109757,0.7999760689890243,201.75438596491233
33,2,19,325.0,15.0,18.5,0.20002433482878254,0.7999756651712174,201.75438596491233
34,2,19,335.0,15.0,18.5,0.20002474315136556,0.7999752568486345,201.75438596491233
35,2,19,345.0,15.0,18.5,0.20002515587474068,0.7999748441252593,201.75438596491233
36,2,19,355.0,15.0,18.5,0.20002557290497103,0.799974427095029,201.75438596491233
37,2,19,365.0,15.0,18.5,0.20002599431911147,0.7999740056808885,201.75438596491233
38,2,19,375.0,15.0,18.5,0.20002642021892295,0.7999735797810771,201.75438596491233
39,2,19,385.0,15.0,18.5,0.20002685061935407,0.7999731493806459,201.75438596491233
40,2,19,395.0,15.0,18.5,0.20002728558246924,0.7999727144175308,201.75438596491233
41,2,19,405.0,15.0,18.5,0.20002772527602397,0.799972274723976,201.75438596491233
42,2,19,415.0,15.0,18.5,0.20002816982231386,0.7999718301776861,201.75438596491233
43,2,19,425.0,15.0,18.5,0.2000286191496723,0.7999713808503277,201.75438596491233
44,2,19,435.0,15.0,18.5,0.2000290728870536,0.7999709271129464,201.75438596491233
45,2,19,445.0,15.0,18.5,0.2000295299530067,0.7999704700469933,201.75438596491233
46,2,19,455.0,15.0,18.5,0.2000299874873014,0.7999700125126986,201.75438596491233
47,2,19,465.0,15.0,18.5,0.20003043866047218,0.7999695613395278,201.75438596491233
48,2,19,475.0,15.0,18.5,0.20003086806851386,0.7999691319314861,201.75438596491233
49,2,19,485.0,15.0,18.5,0.2000312424613545,0.7999687575386455,201.75438596491233
50,2,19,495.0,15.0,18.5,0.20003149592689234,0.7999685040731077,201.75438596491233
1,3,19,5.0,25.0,18.5,0.7067004030591052,0.2932995969408948,201.75438596491233
2,3,19,15.0,25.0,18.5,0.6812530217865592,0.3187469782134408,201.75438596491233
3,3,19,25.0,25.0,18.5,0.6536923413739875,0.34630765862601254,201.75438596491233
4,3,19,35.0,25.0,18.5,0.6263186494494504,0.37368135055054963,201.75438596491233
5,3,19,45.0,25.0,18.5,0.5999970887839435,0.40000291121605647,201.75438596491233
6,3,19,55.0,25.0,18.5,0.5747740946955141,0.4252259053044859,201.75438596491233
7,3,19,65.0,25.0,18.5,0.5503513941811857,0.4496486058188143,201.75438596491233
8,3,19,75.0,25.0,18.5,0.5265137825365371,0.47348621746346287,201.75438596491233
9,3,19,85.0,25.0,18.5,0.5036824844330583,0.4963175155669417,201.75438596491233
10,3,19,95.0,25.0,18.5,0.48314244641844484,0.5168575535815552,201.75438596491233
11,3,19,105.0,25.0,18.5,0.46225420413079227,0.5377457958692078,201.75438596491233
12,3,19,115.0,25.0,18.5,0.4360905086558358,0.5639094913441642,201.75438596491233
13,3,19,125.0,25.0,18.5,0.39795215711189635,0.6020478428881036,201.75438596491233
14,3,19,135.0,25.0,18.5,0.34323163465435924,0.6567683653456408,201.75438596491233
15,3,19,145.0,25.0,18.5,0.27975123815133424,0.7202487618486657,201.75438596491233
16,3,19,155.0,25.0,18.5,0.2313245325829537,0.7686754674170463,201.75438596491233
17,3,19,165.0,25.0,18.5,0.20865551167608695,0.791344488323913,201.75438596491233
18,3,19,175.0,25.0,18.5,0.2014529816795827,0.7985470183204173,201.75438596491233
19,3,19,185.0,25.0,18.5,0.20014889514324735,0.7998511048567527,201.75438596491233
20,3,19,195.0,25.0,18.5,0.20003153329386553,0.7999684667061344,201.75438596491233
21,3,19,205.0,25.0,18.5,0.20002089187910072,0.7999791081208993,201.75438596491233
22,3,19,215.0,25.0,18.5,0.2000202636669889,0.7999797363330111,201.75438596491233
23,3,19,225.0,25.0,18.5,0.20002051480281782,0.7999794851971822,201.75438596491233
24,3,19,235.0,25.0,18.5,0.20002086688365311,0.7999791331163468,201.75438596491233
25,3,19,245.0,25.0,18.5,0.20002123169896885,0.7999787683010311,201.75438596491233
26,3,19,255.0,25.0,18.5,0.20002160268091232,0.7999783973190877,201.75438596491233
27,3,19,265.0,25.0,18.5,0.20002197879366104,0.799978021206339,201.75438596491233
28,3,19,275.0,25.0,18.5,0.20002235957518832,0.7999776404248117,201.75438596491233
29,3,19,285.0,25.0,18.5,0.20002274513459536,0.7999772548654046,201.75438596491233
30,3,19,295.0,25.0,18.5,0.20002313552078982,0.7999768644792102,201.75438596491233
31,3,19,305.0,25.0,18.5,0.20002353048009877,0.7999764695199012,201.75438596491233
32,3,19,315.0,25.0,18.5,0.20002392984273984,0.7999760701572601,201.75438596491233
33,3,19,325.0,25.0,18.5,0.20002433367498765,0.7999756663250124,201.75438596491233
34,3,19,335.0,25.0,18.5,0.20002474197285114,0.7999752580271489,201.75438596491233
35,3,19,345.0,25.0,18.5,0.20002515459271072,0.7999748454072892,201.75438596491233
36,3,19,355.0,25.0,18.5,0.20002557148855982,0.7999744285114402,201.75438596491233
37,3,19,365.0,25.0,18.5,0.20002599274433863,0.7999740072556614,201.75438596491233
38,3,19,375.0,25.0,18.5,0.20002641842146793,0.799973581578532,201.75438596491233
39,3,19,385.0,25.0,18.5,0.2000268485532239,0.799973151446776,201.75438596491233
40,3,19,395.0,25.0,18.5,0.20002728329248928,0.7999727167075107,201.75438596491233
41,3,19,405.0,25.0,18.5,0.20002772293017237,0.7999722770698277,201.75438596491233
42,3,19,415.0,25.0,18.5,0.2000281678504046,0.7999718321495954,201.75438596491233
43,3,19,425.0,25.0,18.5,0.20002861857891802,0.799971381421082,201.75438596491233
44,3,19,435.0,25.0,18.5,0.20002907590029131,0.7999709240997087,201.75438596491233
45,3,19,445.0,25.0,18.5,0.20002954087462402,0.799970459125376,201.75438596491233
46,3,19,455.0,25.0,18.5,0.2000300145494144,0.7999699854505856,201.75438596491233
47,3,19,465.0,25.0,18.5,0.20003049661191225,0.7999695033880878,201.75438596491233
48,3,19,475.0,25.0,18.5,0.20003098065677272,0.7999690193432273,201.75438596491233
49,3,19,485.0,25.0,18.5,0.20003144069665538,0.7999685593033447,201.75438596491233
50,3,19,495.0,25.0,18.5,0.20003180035267776,0.7999681996473222,201.75438596491233
1,4,19,5.0,35.0,18.5,0.7502487510668604,0.2497512489331396,201.75438596491233
2,4,19,15.0,35.0,18.5,0.722523892218539,0.27747610778146103,201.75438596491233
3,4,19,25.0,35.0,18.5,0.6919302012271478,0.30806979877285223,201.75438596491233
4,4,19,35.0,35.0,18.5,0.6616862768828665,0.3383137231171335,201.75438596491233
5,4,19,45.0,35.0,18.5,0.6331521838619405,0.3668478161380595,201.75438596491233
6,4,19,55.0,35.0,18.5,0.6065809952968514,0.3934190047031486,201.75438596491233
7,4,19,65.0,35.0,18.5,0.5815530172986927,0.4184469827013073,201.75438596491233
8,4,19,75.0,35.0,18.5,0.5574708122549643,0.4425291877450357,201.75438596491233
9,4,19,85.0,35.0,18.5,0.5339255611433235,0.46607443885667654,201.75438596491233
10,4,19,95.0,35.0,18.5,0.5111076305407439,0.48889236945925607,201.75438596491233
11,4,19,105.0,35.0,18.5,0.49040587857077095,0.509594121429229,201.75438596491233
12,4,19,115.0,35.0,18.5,0.4717841991585161,0.5282158008414839,201.75438596491233
13,4,19,125.0,35.0,18.5,0.44994048805952724,0.5500595119404728,201.75438596491233
14,4,19,135.0,35.0,18.5,0.419956015332242,0.580043984667758,201.75438596491233
15,4,19,145.0,35.0,18.5,0.37630072455543134,0.6236992754445687,201.75438596491233
16,4,19,155.0,35.0,18.5,0.3186260107659218,0.6813739892340782,201.75438596491233
17,4,19,165.0,35.0,18.5,0.2604005521923629,0.7395994478076371,201.75438596491233
18,4,19,175.0,35.0,18.5,0.22242383448851777,0.7775761655114822,201.75438596491233
19,4,19,185.0,35.0,18.5,0.2060066646326204,0.7939933353673796,201.75438596491233
20,4,19,195.0,35.0,18.5,0.2009620573016747,0.7990379426983253,201.75438596491233
21,4,19,205.0,35.0,18.5,0.20011293897157384,0.7998870610284261,201.75438596491233
22,4,19,215.0,35.0,18.5,0.20002970558896982,0.7999702944110302,201.75438596491233
23,4,19,225.0,35.0,18.5,0.20002142707997195,0.799978572920028,201.75438596491233
24,4,19,235.0,35.0,18.5,0.20002096170373035,0.7999790382962697,201.75438596491233
25,4,19,245.0,35.0,18.5,0.20002123930551802,0.7999787606944819,201.75438596491233
26,4,19,255.0,35.0,18.5,0.2000216023519383,0.7999783976480617,201.75438596491233
27,4,19,265.0,35.0,18.5,0.20002197747859354,0.7999780225214065,201.75438596491233
28,4,19,275.0,35.0,18.5,0.20002235835642093,0.7999776416435791,201.75438596491233
29,4,19,285.0,35.0,18.5,0.20002274412597726,0.7999772558740228,201.75438596491233
30,4,19,295.0,35.0,18.5,0.2000231344458857,0.7999768655541143,201.75438596491233
31,4,19,305.0,35.0,18.5,0.20002352931350953,0.7999764706864905,201.75438596491233
32,4,19,315.0,35.0,18.5,0.2000239287468051,0.7999760712531949,201.75438596491233
33,4,19,325.0,35.0,18.5,0.20002433259910707,0.7999756674008929,201.75438596491233
34,4,19,335.0,35.0,18.5,0.2000247407341801,0.7999752592658199,201.75438596491233
35,4,19,345.0,35.0,18.5,0.20002515315816438,0.7999748468418356,201.75438596491233
36,4,19,355.0,35.0,18.5,0.20002556989231848,0.7999744301076815,201.75438596491233
37,4,19,365.0,35.0,18.5,0.2000259908770519,0.7999740091229481,201.75438596491233
38,4,19,375.0,35.0,18.5,0.20002641611663305,0.7999735838833669,201.75438596491233
39,4,19,385.0,35.0,18.5,0.20002684574830146,0.7999731542516986,201.75438596491233
40,4,19,395.0,35.0,18.5,0.20002727998438355,0.7999727200156165,201.75438596491233
41,4,19,405.0,35.0,18.5,0.20002771913149608,0.7999722808685039,201.75438596491233
42,4,19,415.0,35.0,18.5,0.20002816380253274,0.7999718361974673,201.75438596491233
43,4,19,425.0,35.0,18.5,0.20002861511536735,0.7999713848846326,201.75438596491233
44,4,19,435.0,35.0,18.5,0.2000290749782455,0.7999709250217545,201.75438596491233
45,4,19,445.0,35.0,18.5,0.2000295467241083,0.7999704532758917,201.75438596491233
46,4,19,455.0,35.0,18.5,0.20003003613573472,0.7999699638642652,201.75438596491233
47,4,19,465.0,35.0,18.5,0.20003055234820372,0.7999694476517962,201.75438596491233
48,4,19,475.0,35.0,18.5,0.20003110583896497,0.799968894161035,201.75438596491233
49,4,19,485.0,35.0,18.5,0.20003169127118642,0.7999683087288136,201.75438596491233
50,4,19,495.0,35.0,18.5,0.20003223415528235,0.7999677658447176,201.75438596491233
1,5,19,5.0,45.0,18.5,0.7832090806849782,0.2167909193150218,201.75438596491233
2,5,19,15.0,45.0,18.5,0.7575517053402162,0.2424482946597838,201.75438596491233
3,5,19,25.0,45.0,18.5,0.7254407520456865,0.2745592479543135,201.75438596491233
4,5,19,35.0,45.0,18.5,0.6930555604528225,0.30694443954717754,201.75438596491233
5,5,19,45.0,45.0,18.5,0.6629264419396224,0.33707355806037764,201.75438596491233
6,5,19,55.0,45.0,18.5,0.6352699750713514,0.3647300249286486,201.75438596491233
7,5,19,65.0,45.0,18.5,0.6097258279316856,0.3902741720683144,201.75438596491233
8,5,19,75.0,45.0,18.5,0.5858131026787947,0.4141868973212053,201.75438596491233
9,5,19,85.0,45.0,18.5,0.5630299836455425,0.43697001635445754,201.75438596491233
10,5,19,95.0,45.0,18.5,0.5410095685430671,0.45899043145693286,201.75438596491233
11,5,19,105.0,45.0,18.5,0.5197894000524974,0.4802105999475026,201.75438596491233
12,5,19,115.0,45.0,18.5,0.5003530868033629,0.4996469131966371,201.75438596491233
13,5,19,125.0,45.0,18.5,0.48333639154991126,0.5166636084500887,201.75438596491233
14,5,19,135.0,45.0,18.5,0.46476270030240097,0.535237299697599,201.75438596491233
15,5,19,145.0,45.0,18.5,0.44080624435932225,0.5591937556406777,201.75438596491233
16,5,19,155.0,45.0,18.5,0.40642684945176355,0.5935731505482365,201.75438596491233
17,5,19,165.0,45.0,18.5,0.3579194521822393,0.6420805478177607,201.75438596491233
18,5,19,175.0,45.0,18.5,0.2984319552292798,0.7015680447707202,201.75438596491233
19,5,19,185.0,45.0,18.5,0.2456533568386441,0.7543466431613559,201.75438596491233
20,5,19,195.0,45.0,18.5,0.21550359936553523,0.7844964006344648,201.75438596491233
21,5,19,205.0,45.0,18.5,0.2036073020290455,0.7963926979709545,201.75438596491233
22,5,19,215.0,45.0,18.5,0.20049330676685287,0.7995066932331472,201.75438596491233
23,5,19,225.0,45.0,18.5,0.20006675890485803,0.799933241095142,201.75438596491233
24,5,19,235.0,45.0,18.5,0.20002530671313534,0.7999746932868647,201.75438596491233
25,5,19,245.0,45.0,18.5,0.20002168075139382,0.7999783192486062,201.75438596491233
26,5,19,255.0,45.0,18.5,0.20002164255764082,0.7999783574423591,201.75438596491233
27,5,19,265.0,45.0,18.5,0.20002198112663558,0.7999780188733644,201.75438596491233
28,5,19,275.0,45.0,18.5,0.20002235824907916,0.7999776417509208,201.75438596491233
29,5,19,285.0,45.0,18.5,0.20002274360775332,0.7999772563922467,201.75438596491233
30,5,19,295.0,45.0,18.5,0.20002313405925254,0.7999768659407475,201.75438596491233
31,5,19,305.0,45.0,18.5,0.2000235288809325,0.7999764711190676,201.75438596491233
32,5,19,315.0,45.0,18.5,0.20002392811638528,0.7999760718836147,201.75438596491233
33,5,19,325.0,45.0,18.5,0.20002433188698562,0.7999756681130143,201.75438596491233
34,5,19,335.0,45.0,18.5,0.20002473994053857,0.7999752600594614,201.75438596491233
35,5,19,345.0,45.0,18.5,0.2000251520923955,0.7999748479076045,201.75438596491233
36,5,19,355.0,45.0,18.5,0.20002556845899783,0.7999744315410022,201.75438596491233
37,5,19,365.0,45.0,18.5,0.20002598904789104,0.799974010952109,201.75438596491233
38,5,19,375.0,45.0,18.5,0.2000264137272022,0.7999735862727978,201.75438596491233
39,5,19,385.0,45.0,18.5,0.20002684256134137,0.7999731574386586,201.75438596491233
40,5,19,395.0,45.0,18.5,0.20002727582030588,0.7999727241796941,201.75438596491233
41,5,19,405.0,45.0,18.5,0.2000277138079353,0.7999722861920647,201.75438596491233
42,5,19,415.0,45.0,18.5,0.20002815711604652,0.7999718428839535,201.75438596491233
43,5,19,425.0,45.0,18.5,0.20002860704025807,0.799971392959742,201.75438596491233
44,5,19,435.0,45.0,18.5,0.20002906594770162,0.7999709340522984,201.75438596491233
45,5,19,445.0,45.0,18.5,0.20002953817867852,0.7999704618213215,201.75438596491233
46,5,19,455.0,45.0,18.5,0.2000300321414646,0.7999699678585355,201.75438596491233
47,5,19,465.0,45.0,18.5,0.20003056402400787,0.7999694359759921,201.75438596491233
48,5,19,475.0,45.0,18.5,0.20003116147093766,0.7999688385290623,201.75438596491233
49,5,19,485.0,45.0,18.5,0.2000318324793856,0.7999681675206144,201.75438596491233
50,5,19,495.0,45.0,18.5,0.20003233045488877,0.7999676695451112,201.75438596491233
1,6,19,5.0,55.0,18.5,0.7522062673751293,0.2477937326248707,201.75438596491233
2,6,19,15.0,55.0,18.5,0.72575858999302,0.27424141000698,201.75438596491233
3,6,19,25.0,55.0,18.5,0.6964280298347123,0.3035719701652877,201.75438596491233
4,6,19,35.0,55.0,18.5,0.6672004558405631,0.3327995441594369,201.75438596491233
5,6,19,45.0,55.0,18.5,0.6394181695964734,0.36058183040352665,201.75438596491233
6,6,19,55.0,55.0,18.5,0.6133100379462141,0.3866899620537859,201.75438596491233
7,6,19,65.0,55.0,18.5,0.5885859873681223,0.4114140126318777,201.75438596491233
8,6,19,75.0,55.0,18.5,0.5647860777992049,0.43521392220079513,201.75438596491233
9,6,19,85.0,55.0,18.5,0.5415064428283463,0.45849355717165374,201.75438596491233
10,6,19,95.0,55.0,18.5,0.5187389784518882,0.4812610215481118,201.75438596491233
11,6,19,105.0,55.0,18.5,0.4975071919368801,0.5024928080631199,201.75438596491233
12,6,19,115.0,55.0,18.5,0.47922501706301274,0.5207749829369872,201.75438596491233
13,6,19,125.0,55.0,18.5,0.45952772456135893,0.5404722754386411,201.75438596491233
14,6,19,135.0,55.0,18.5,0.43384398077444764,0.5661560192255524,201.75438596491233
15,6,19,145.0,55.0,18.5,0.3965202197137022,0.6034797802862978,201.75438596491233
16,6,19,155.0,55.0,18.5,0.34455394152781726,0.6554460584721827,201.75438596491233
17,6,19,165.0,55.0,18.5,0.28456679991586864,0.7154332000841314,201.75438596491233
18,6,19,175.0,55.0,18.5,0.23667334081125216,0.7633266591887479,201.75438596491233
19,6,19,185.0,55.0,18.5,0.21176838125568428,0.7882316187443157,201.75438596491233
20,6,19,195.0,55.0,18.5,0.20248232546866626,0.7975176745313337,201.75438596491233
21,6,19,205.0,55.0,18.5,0.2003133584905565,0.7996866415094435,201.75438596491233
22,6,19,215.0,55.0,18.5,0.20005022197909633,0.7999497780209037,201.75438596491233
23,6,19,225.0,55.0,18.5,0.20002341953459807,0.799976580465402,201.75438596491233
24,6,19,235.0,55.0,18.5,0.20002118036420616,0.7999788196357939,201.75438596491233
25,6,19,245.0,55.0,18.5,0.2000212595759636,0.7999787404240364,201.75438596491233
26,6,19,255.0,55.0,18.5,0.2000216047182034,0.7999783952817966,201.75438596491233
27,6,19,265.0,55.0,18.5,0.20002197788785486,0.7999780221121451,201.75438596491233
28,6,19,275.0,55.0,18.5,0.2000223584529682,0.7999776415470318,201.75438596491233
29,6,19,285.0,55.0,18.5,0.20002274420400495,0.799977255795995,201.75438596491233
30,6,19,295.0,55.0,18.5,0.2000231344475597,0.7999768655524403,201.75438596491233
31,6,19,305.0,55.0,18.5,0.2000235290993041,0.7999764709006959,201.75438596491233
32,6,19,315.0,55.0,18.5,0.20002392831384286,0.7999760716861571,201.75438596491233
33,6,19,325.0,55.0,18.5,0.20002433193485658,0.7999756680651434,201.75438596491233
34,6,19,335.0,55.0,18.5,0.2000247396730734,0.7999752603269266,201.75438596491233
35,6,19,345.0,55.0,18.5,0.20002515152605166,0.7999748484739484,201.75438596491233
36,6,19,355.0,55.0,18.5,0.20002556754295733,0.7999744324570427,201.75438596491233
37,6,19,365.0,55.0,18.5,0.20002598756791562,0.7999740124320844,201.75438596491233
38,6,19,375.0,55.0,18.5,0.2000264114619722,0.7999735885380278,201.75438596491233
39,6,19,385.0,55.0,18.5,0.20002683929566448,0.7999731607043356,201.75438596491233
40,6,19,395.0,55.0,18.5,0.20002727117846003,0.7999727288215399,201.75438596491233
41,6,19,405.0,55.0,18.5,0.20002770722676178,0.7999722927732382,201.75438596491233
42,6,19,415.0,55.0,18.5,0.2000281478616513,0.7999718521383488,201.75438596491233
43,6,19,425.0,55.0,18.5,0.20002859404188214,0.7999714059581179,201.75438596491233
44,6,19,435.0,55.0,18.5,0.20002904747887718,0.7999709525211228,201.75438596491233
45,6,19,445.0,55.0,18.5,0.20002951126944582,0.7999704887305542,201.75438596491233
46,6,19,455.0,55.0,18.5,0.20002999092150697,0.799970009078493,201.75438596491233
47,6,19,465.0,55.0,18.5,0.2000304950206183,0.7999695049793817,201.75438596491233
48,6,19,475.0,55.0,18.5,0.20003103257082716,0.7999689674291728,201.75438596491233
49,6,19,485.0,55.0,18.5,0.20003159558984732,0.7999684044101527,201.75438596491233
50,6,19,495.0,55.0,18.5,0.20003210921764875,0.7999678907823513,201.75438596491233
1,7,19,5.0,65.0,18.5,0.7127112947058442,0.28728870529415584,201.75438596491233
2,7,19,15.0,65.0,18.5,0.6886548548689155,0.31134514513108447,201.75438596491233
3,7,19,25.0,65.0,18.5,0.6622948300772024,0.33770516992279764,201.75438596491233
4,7,19,35.0,65.0,18.5,0.6358047894933337,0.36419521050666626,201.75438596491233
5,7,19,45.0,65.0,18.5,0.61010351320747,0.38989648679253,201.75438596491233
6,7,19,55.0,65.0,18.5,0.5853435480136342,0.4146564519863658,201.75438596491233
7,7,19,65.0,65.0,18.5,0.5613048599869469,0.4386951400130531,201.75438596491233
8,7,19,75.0,65.0,18.5,0.5377121163303111,0.46228788366968887,201.75438596491233
9,7,19,85.0,65.0,18.5,0.5146734718585564,0.4853265281414436,201.75438596491233
10,7,19,95.0,65.0,18.5,0.49333646046529367,0.5066635395347063,201.75438596491233
11,7,19,105.0,65.0,18.5,0.47438754313762604,0.5256124568623739,201.75438596491233
12,7,19,115.0,65.0,18.5,0.4524959737755494,0.5475040262244506,201.75438596491233
13,7,19,125.0,65.0,18.5,0.4229735577960824,0.5770264422039175,201.75438596491233
14,7,19,135.0,65.0,18.5,0.3797298058736275,0.6202701941263725,201.75438596491233
15,7,19,145.0,65.0,18.5,0.32162033773000426,0.6783796622699958,201.75438596491233
16,7,19,155.0,65.0,18.5,0.26200194534649485,0.7379980546535052,201.75438596491233
17,7,19,165.0,65.0,18.5,0.2228254869800895,0.7771745130199105,201.75438596491233
18,7,19,175.0,65.0,18.5,0.20598655633452828,0.7940134436654718,201.75438596491233
19,7,19,185.0,65.0,18.5,0.20091903066187325,0.7990809693381268,201.75438596491233
20,7,19,195.0,65.0,18.5,0.20010357218876662,0.7998964278112334,201.75438596491233
21,7,19,205.0,65.0,18.5,0.20002826400994658,0.7999717359900534,201.75438596491233
22,7,19,215.0,65.0,18.5,0.20002097933088642,0.7999790206691135,201.75438596491233
23,7,19,225.0,65.0,18.5,0.2000205894064164,0.7999794105935836,201.75438596491233
24,7,19,235.0,65.0,18.5,0.20002087424118817,0.7999791257588118,201.75438596491233
25,7,19,245.0,65.0,18.5,0.20002123333030875,0.7999787666696913,201.75438596491233
26,7,19,255.0,65.0,18.5,0.20002160342067096,0.799978396579329,201.75438596491233
27,7,19,265.0,65.0,18.5,0.20002197926283882,0.7999780207371612,201.75438596491233
28,7,19,275.0,65.0,18.5,0.20002236008810048,0.7999776399118995,201.75438596491233
29,7,19,285.0,65.0,18.5,0.20002274553971205,0.7999772544602879,201.75438596491233
30,7,19,295.0,65.0,18.5,0.2000231355786014,0.7999768644213986,201.75438596491233
31,7,19,305.0,65.0,18.5,0.20002353021032376,0.7999764697896763,201.75438596491233
32,7,19,315.0,65.0,18.5,0.20002392926773596,0.7999760707322641,201.75438596491233
33,7,19,325.0,65.0,18.5,0.20002433256770935,0.7999756674322906,201.75438596491233
34,7,19,335.0,65.0,18.5,0.20002474003506554,0.7999752599649345,201.75438596491233
35,7,19,345.0,65.0,18.5,0.20002515161924173,0.7999748483807583,201.75438596491233
36,7,19,355.0,65.0,18.5,0.2000255671733958,0.7999744328266042,201.75438596491233
37,7,19,365.0,65.0,18.5,0.20002598654005788,0.7999740134599421,201.75438596491233
38,7,19,375.0,65.0,18.5,0.20002640961489163,0.7999735903851084,201.75438596491233
39,7,19,385.0,65.0,18.5,0.20002683631193333,0.7999731636880667,201.75438596491233
40,7,19,395.0,65.0,18.5,0.2000272665069852,0.7999727334930148,201.75438596491233
41,7,19,405.0,65.0,18.5,0.2000277001088122,0.7999722998911878,201.75438596491233
42,7,19,415.0,65.0,18.5,0.20002813714789625,0.7999718628521038,201.75438596491233
43,7,19,425.0,65.0,18.5,0.20002857780787292,0.799971422192127,201.75438596491233
44,7,19,435.0,65.0,18.5,0.2000290224799615,0.7999709775200385,201.75438596491233
45,7,19,445.0,65.0,18.5,0.2000294718622061,0.7999705281377939,201.75438596491233
46,7,19,455.0,65.0,18.5,0.20002992675296052,0.7999700732470395,201.75438596491233
47,7,19,465.0,65.0,18.5,0.20003038666257986,0.7999696133374201,201.75438596491233
48,7,19,475.0,65.0,18.5,0.2000308450646699,0.79996915493533,201.75438596491233
49,7,19,485.0,65.0,18.5,0.20003127665619108,0.7999687233438089,201.75438596491233
50,7,19,495.0,65.0,18.5,0.20003161009534867,0.7999683899046514,201.75438596491233
1,8,19,5.0,75.0,18.5,0.6628739481719162,0.33712605182808375,201.75438596491233
2,8,19,15.0,75.0,18.5,0.6422057160334365,0.35779428396656354,201.75438596491233
3,8,19,25.0,75.0,18.5,0.6189723739994009,0.38102762600059914,201.75438596491233
4,8,19,35.0,75.0,18.5,0.5950151476188624,0.40498485238113757,201.75438596491233
5,8,19,45.0,75.0,18.5,0.5710877154539274,0.42891228454607255,201.75438596491233
6,8,19,55.0,75.0,18.5,0.5473761168632518,0.4526238831367482,201.75438596491233
7,8,19,65.0,75.0,18.5,0.5239686948583098,0.47603130514169023,201.75438596491233
8,8,19,75.0,75.0,18.5,0.5014163130385828,0.4985836869614172,201.75438596491233
9,8,19,85.0,75.0,18.5,0.48089419736345423,0.5191058026365458,201.75438596491233
10,8,19,95.0,75.0,18.5,0.45932938205555424,0.5406706179444458,201.75438596491233
11,8,19,105.0,75.0,18.5,0.4319880581982913,0.5680119418017087,201.75438596491233
12,8,19,115.0,75.0,18.5,0.39176608951281194,0.6082339104871881,201.75438596491233
13,8,19,125.0,75.0,18.5,0.33477575401275256,0.6652242459872475,201.75438596491233
14,8,19,135.0,75.0,18.5,0.2713919301028229,0.7286080698971771,201.75438596491233
15,8,19,145.0,75.0,18.5,0.22616246651999067,0.7738375334800094,201.75438596491233
16,8,19,155.0,75.0,18.5,0.20652399275820293,0.793476007241797,201.75438596491233
17,8,19,165.0,75.0,18.5,0.2009353322726969,0.7990646677273031,201.75438596491233
18,8,19,175.0,75.0,18.5,0.20009296766474077,0.7999070323352593,201.75438596491233
19,8,19,185.0,75.0,18.5,0.20002582740379454,0.7999741725962055,201.75438596491233
20,8,19,195.0,75.0,18.5,0.20002009568036236,0.7999799043196376,201.75438596491233
21,8,19,205.0,75.0,18.5,0.20001986028212465,0.7999801397178754,201.75438596491233
22,8,19,215.0,75.0,18.5,0.20002015888712987,0.7999798411128701,201.75438596491233
23,8,19,225.0,75.0,18.5,0.2000205094114982,0.7999794905885018,201.75438596491233
24,8,19,235.0,75.0,18.5,0.20002086925772927,0.7999791307422708,201.75438596491233
25,8,19,245.0,75.0,18.5,0.20002123502244845,0.7999787649775516,201.75438596491233
26,8,19,255.0,75.0,18.5,0.20002160580964629,0.7999783941903538,201.75438596491233
27,8,19,265.0,75.0,18.5,0.2000219813927993,0.7999780186072007,201.75438596491233
28,8,19,275.0,75.0,18.5,0.20002236196514858,0.7999776380348514,201.75438596491233
29,8,19,285.0,75.0,18.5,0.20002274738704134,0.7999772526129587,201.75438596491233
30,8,19,295.0,75.0,18.5,0.2000231373089777,0.7999768626910223,201.75438596491233
31,8,19,305.0,75.0,18.5,0.20002353166857104,0.799976468331429,201.75438596491233
32,8,19,315.0,75.0,18.5,0.2000239305123628,0.7999760694876372,201.75438596491233
33,8,19,325.0,75.0,18.5,0.2000243336620065,0.7999756663379936,201.75438596491233
34,8,19,335.0,75.0,18.5,0.20002474087211983,0.7999752591278801,201.75438596491233
35,8,19,345.0,75.0,18.5,0.20002515207402724,0.7999748479259727,201.75438596491233
36,8,19,355.0,75.0,18.5,0.20002556719711492,0.799974432802885,201.75438596491233
37,8,19,365.0,75.0,18.5,0.20002598601914776,0.7999740139808522,201.75438596491233
38,8,19,375.0,75.0,18.5,0.20002640828795154,0.7999735917120485,201.75438596491233
39,8,19,385.0,75.0,18.5,0.2000268338220804,0.7999731661779196,201.75438596491233
40,8,19,395.0,75.0,18.5,0.2000272623588881,0.7999727376411119,201.75438596491233
41,8,19,405.0,75.0,18.5,0.20002769348518062,0.7999723065148194,201.75438596491233
42,8,19,415.0,75.0,18.5,0.20002812670551104,0.7999718732944889,201.75438596491233
43,8,19,425.0,75.0,18.5,0.20002856138465022,0.7999714386153498,201.75438596491233
44,8,19,435.0,75.0,18.5,0.20002899649857195,0.799971003501428,201.75438596491233
45,8,19,445.0,75.0,18.5,0.20002943029478984,0.7999705697052102,201.75438596491233
46,8,19,455.0,75.0,18.5,0.20002985952042468,0.7999701404795754,201.75438596491233
47,8,19,465.0,75.0,18.5,0.20003027746332183,0.7999697225366782,201.75438596491233
48,8,19,475.0,75.0,18.5,0.2000306697665498,0.7999693302334502,201.75438596491233
49,8,19,485.0,75.0,18.5,0.20003100655571807,0.799968993444282,201.75438596491233
50,8,19,495.0,75.0,18.5,0.20003123072167112,0.7999687692783288,201.75438596491233
1,9,19,5.0,85.0,18.5,0.59634704811033,0.40365295188967,201.75438596491233
2,9,19,15.0,85.0,18.5,0.5787812155367128,0.4212187844632872,201.75438596491233
3,9,19,25.0,85.0,18.5,0.5581728004767355,0.44182719952326455,201.75438596491233
4,9,19,35.0,85.0,18.5,0.5361060473028773,0.46389395269712275,201.75438596491233
5,9,19,45.0,85.0,18.5,0.5134235012695952,0.48657649873040476,201.75438596491233
6,9,19,55.0,85.0,18.5,0.49093814389467355,0.5090618561053264,201.75438596491233
7,9,19,65.0,85.0,18.5,0.46941842406216705,0.530581575937833,201.75438596491233
8,9,19,75.0,85.0,18.5,0.4448340812637193,0.5551659187362807,201.75438596491233
9,9,19,85.0,85.0,18.5,0.41214753373952856,0.5878524662604714,201.75438596491233
10,9,19,95.0,85.0,18.5,0.36341769686639724,0.6365823031336028,201.75438596491233
11,9,19,105.0,85.0,18.5,0.29949664229387096,0.700503357706129,201.75438596491233
12,9,19,115.0,85.0,18.5,0.2413048000640318,0.7586951999359682,201.75438596491233
13,9,19,125.0,85.0,18.5,0.2105737710970676,0.7894262289029323,201.75438596491233
14,9,19,135.0,85.0,18.5,0.20151342016353038,0.7984865798364696,201.75438596491233
15,9,19,145.0,85.0,18.5,0.20013016962228353,0.7998698303777165,201.75438596491233
16,9,19,155.0,85.0,18.5,0.2000258378451118,0.7999741621548881,201.75438596491233
17,9,19,165.0,85.0,18.5,0.20001909445407107,0.7999809055459289,201.75438596491233
18,9,19,175.0,85.0,18.5,0.2000188440630356,0.7999811559369644,201.75438596491233
19,9,19,185.0,85.0,18.5,0.2000191303114183,0.7999808696885817,201.75438596491233
20,9,19,195.0,85.0,18.5,0.20001946426127307,0.799980535738727,201.75438596491233
21,9,19,205.0,85.0,18.5,0.20001980746091616,0.7999801925390838,201.75438596491233
22,9,19,215.0,85.0,18.5,0.20002015691630692,0.7999798430836931,201.75438596491233
23,9,19,225.0,85.0,18.5,0.20002051167334084,0.7999794883266591,201.75438596491233
24,9,19,235.0,85.0,18.5,0.20002087173121816,0.7999791282687818,201.75438596491233
25,9,19,245.0,85.0,18.5,0.20002123727291546,0.7999787627270846,201.75438596491233
26,9,19,255.0,85.0,18.5,0.2000216079518529,0.7999783920481471,201.75438596491233
27,9,19,265.0,85.0,18.5,0.20002198343320277,0.7999780165667972,201.75438596491233
28,9,19,275.0,85.0,18.5,0.20002236380431973,0.7999776361956803,201.75438596491233
29,9,19,285.0,85.0,18.5,0.2000227490508824,0.7999772509491176,201.75438596491233
30,9,19,295.0,85.0,18.5,0.20002313887356526,0.7999768611264347,201.75438596491233
31,9,19,305.0,85.0,18.5,0.20002353309676255,0.7999764669032374,201.75438596491233
32,9,19,315.0,85.0,18.5,0.20002393174389282,0.7999760682561072,201.75438596491233
33,9,19,325.0,85.0,18.5,0.20002433470579983,0.7999756652942002,201.75438596491233
34,9,19,335.0,85.0,18.5,0.20002474172992743,0.7999752582700725,201.75438596491233
35,9,19,345.0,85.0,18.5,0.20002515266711218,0.7999748473328878,201.75438596491233
36,9,19,355.0,85.0,18.5,0.20002556743055766,0.7999744325694423,201.75438596491233
37,9,19,365.0,85.0,18.5,0.20002598579920616,0.7999740142007938,201.75438596491233
38,9,19,375.0,85.0,18.5,0.20002640744860636,0.7999735925513937,201.75438596491233
39,9,19,385.0,85.0,18.5,0.20002683206896646,0.7999731679310336,201.75438596491233
40,9,19,395.0,85.0,18.5,0.2000272592556665,0.7999727407443336,201.75438596491233
41,9,19,405.0,85.0,18.5,0.20002768835364385,0.7999723116463562,201.75438596491233
42,9,19,415.0,85.0,18.5,0.2000281184280076,0.7999718815719924,201.75438596491233
43,9,19,425.0,85.0,18.5,0.200028548138641,0.799971451861359,201.75438596491233
44,9,19,435.0,85.0,18.5,0.20002897533852787,0.7999710246614722,201.75438596491233
45,9,19,445.0,85.0,18.5,0.2000293964836409,0.7999706035163591,201.75438596491233
46,9,19,455.0,85.0,18.5,0.2000298056603791,0.7999701943396209,201.75438596491233
47,9,19,465.0,85.0,18.5,0.20003019276368308,0.7999698072363169,201.75438596491233
48,9,19,475.0,85.0,18.5,0.20003054050001712,0.7999694594999829,201.75438596491233
49,9,19,485.0,85.0,18.5,0.20003082038916825,0.7999691796108317,201.75438596491233
50,9,19,495.0,85.0,18.5,0.2000309902179108,0.7999690097820892,201.75438596491233
1,10,19,5.0,95.0,18.5,0.48017916307034386,0.5198208369296562,201.75438596491233
2,10,19,15.0,95.0,18.5,0.4636823194322227,0.5363176805677773,201.75438596491233
3,10,19,25.0,95.0,18.5,0.44364127242251983,0.5563587275774802,201.75438596491233
4,10,19,35.0,95.0,18.5,0.4199819587627689,0.5800180412372311,201.75438596491233
5,10,19,45.0,95.0,18.5,0.38905207258500685,0.6109479274149932,201.75438596491233
6,10,19,55.0,95.0,18.5,0.34897721188120134,0.6510227881187987,201.75438596491233
7,10,19,65.0,95.0,18.5,0.29605672243617737,0.7039432775638226,201.75438596491233
8,10,19,75.0,95.0,18.5,0.24357173321193093,0.7564282667880691,201.75438596491233
9,10,19,85.0,95.0,18.5,0.2130201622386522,0.7869798377613478,201.75438596491233
10,10,19,95.0,95.0,18.5,0.20288759753407729,0.7971124024659227,201.75438596491233
11,10,19,105.0,95.0,18.5,0.2004667622735791,0.7995332377264209,201.75438596491233
12,10,19,115.0,95.0,18.5,0.20005395316262126,0.7999460468373787,201.75438596491233
13,10,19,125.0,95.0,18.5,0.20001939762135806,0.799980602378642,201.75438596491233
14,10,19,135.0,95.0,18.5,0.20001770416332976,0.7999822958366702,201.75438596491233
15,10,19,145.0,95.0,18.5,0.2000178530190674,0.7999821469809326,201.75438596491233
16,10,19,155.0,95.0,18.5,0.20001815423333777,0.7999818457666622,201.75438596491233
17,10,19,165.0,95.0,18.5,0.20001847210502985,0.7999815278949701,201.75438596491233
18,10,19,175.0,95.0,18.5,0.20001879714042542,0.7999812028595745,201.75438596491233
19,10,19,185.0,95.0,18.5,0.20001912854727186,0.7999808714527281,201.75438596491233
20,10,19,195.0,95.0,18.5,0.2000194660357507,0.7999805339642493,201.75438596491233
21,10,19,205.0,95.0,18.5,0.20001980941276207,0.7999801905872379,201.75438596491233
22,10,19,215.0,95.0,18.5,0.20002015855078095,0.7999798414492191,201.75438596491233
23,10,19,225.0,95.0,18.5,0.20002051323789966,0.7999794867621004,201.75438596491233
24,10,19,235.0,95.0,18.5,0.20002087330301477,0.7999791266969852,201.75438596491233
25,10,19,245.0,95.0,18.5,0.20002123865689386,0.7999787613431062,201.75438596491233
26,10,19,255.0,95.0,18.5,0.20002160916015677,0.7999783908398432,201.75438596491233
27,10,19,265.0,95.0,18.5,0.20002198462495482,0.7999780153750452,201.75438596491233
28,10,19,275.0,95.0,18.5,0.20002236494800485,0.7999776350519952,201.75438596491233
29,10,19,285.0,95.0,18.5,0.20002275004533795,0.799977249954662,201.75438596491233
30,10,19,295.0,95.0,18.5,0.20002313976360642,0.7999768602363936,201.75438596491233
31,10,19,305.0,95.0,18.5,0.20002353395078548,0.7999764660492146,201.75438596491233
32,10,19,315.0,95.0,18.5,0.2000239325139534,0.7999760674860465,201.75438596491233
33,10,19,325.0,95.0,18.5,0.2000243353350083,0.7999756646649917,201.75438596491233
34,10,19,335.0,95.0,18.5,0.20002474223828698,0.799975257761713,201.75438596491233
35,10,19,345.0,95.0,18.5,0.20002515305786983,0.7999748469421302,201.75438596491233
36,10,19,355.0,95.0,18.5,0.20002556763240809,0.7999744323675919,201.75438596491233
37,10,19,365.0,95.0,18.5,0.20002598572911776,0.7999740142708822,201.75438596491233
38,10,19,375.0,95.0,18.5,0.2000264070328674,0.7999735929671326,201.75438596491233
39,10,19,385.0,95.0,18.5,0.2000268311635063,0.7999731688364937,201.75438596491233
40,10,19,395.0,95.0,18.5,0.20002725759701195,0.7999727424029881,201.75438596491233
41,10,19,405.0,95.0,18.5,0.20002768554482492,0.7999723144551751,201.75438596491233
42,10,19,415.0,95.0,18.5,0.2000281138476513,0.7999718861523487,201.75438596491233
43,10,19,425.0,95.0,18.5,0.20002854075832613,0.7999714592416739,201.75438596491233
44,10,19,435.0,95.0,18.5,0.20002896349889476,0.7999710365011052,201.75438596491233
45,10,19,445.0,95.0,18.5,0.20002937759557218,0.7999706224044278,201.75438596491233
46,10,19,455.0,95.0,18.5,0.20002977583269405,0.7999702241673059,201.75438596491233
47,10,19,465.0,95.0,18.5,0.20003014662690055,0.7999698533730994,201.75438596491233
48,10,19,475.0,95.0,18.5,0.2000304718694268,0.7999695281305732,201.75438596491233
49,10,19,485.0,95.0,18.5,0.20003072499952024,0.7999692750004798,201.75438596491233
50,10,19,495.0,95.0,18.5,0.2000308720488385,0.7999691279511615,201.75438596491233
1,1,20,5.0,5.0,19.5,0.5172098577447662,0.48279014225523376,166.66666666666663
2,1,20,15.0,5.0,19.5,0.49300220288655566,0.5069977971134443,166.66666666666663
3,1,20,25.0,5.0,19.5,0.4618872462875299,0.5381127537124701,166.66666666666663
4,1,20,35.0,5.0,19.5,0.42244464803187004,0.57755535196813,166.66666666666663
5,1,20,45.0,5.0,19.5,0.3704764370759902,0.6295235629240098,166.66666666666663
6,1,20,55.0,5.0,19.5,0.30682860429806913,0.6931713957019309,166.66666666666663
7,1,20,65.0,5.0,19.5,0.24635299475798783,0.7536470052420121,166.66666666666663
8,1,20,75.0,5.0,19.5,0.2108887284449717,0.7891112715550284,166.66666666666663
9,1,20,85.0,5.0,19.5,0.20122271283670992,0.7987772871632901,166.66666666666663
10,1,20,95.0,5.0,19.5,0.20009543829332463,0.7999045617066753,166.66666666666663
11,1,20,105.0,5.0,19.5,0.20002002413626957,0.7999799758637305,166.66666666666663
12,1,20,115.0,5.0,19.5,0.20001695274067574,0.7999830472593242,166.66666666666663
13,1,20,125.0,5.0,19.5,0.20001705082514426,0.7999829491748558,166.66666666666663
14,1,20,135.0,5.0,19.5,0.20001734177077596,0.799982658229224,166.66666666666663
15,1,20,145.0,5.0,19.5,0.2000176484367608,0.7999823515632392,166.66666666666663
16,1,20,155.0,5.0,19.5,0.20001796256431392,0.7999820374356861,166.66666666666663
17,1,20,165.0,5.0,19.5,0.20001828276621617,0.7999817172337839,166.66666666666663
18,1,20,175.0,5.0,19.5,0.20001860912463545,0.7999813908753646,166.66666666666663
19,1,20,185.0,5.0,19.5,0.20001894183506344,0.7999810581649366,166.66666666666663
20,1,20,195.0,5.0,19.5,0.20001928037833375,0.7999807196216663,166.66666666666663
21,1,20,205.0,5.0,19.5,0.20001962451374708,0.7999803754862529,166.66666666666663
22,1,20,215.0,5.0,19.5,0.2000199743934668,0.7999800256065333,166.66666666666663
23,1,20,225.0,5.0,19.5,0.20002032985296261,0.7999796701470374,166.66666666666663
24,1,20,235.0,5.0,19.5,0.20002069054118257,0.7999793094588175,166.66666666666663
25,1,20,245.0,5.0,19.5,0.20002105640645948,0.7999789435935405,166.66666666666663
26,1,20,255.0,5.0,19.5,0.20002142748666155,0.7999785725133385,166.66666666666663
27,1,20,265.0,5.0,19.5,0.20002180357716068,0.7999781964228393,166.66666666666663
28,1,20,275.0,5.0,19.5,0.2000221844601149,0.7999778155398851,166.66666666666663
29,1,20,285.0,5.0,19.5,0.20002257012459965,0.7999774298754003,166.66666666666663
30,1,20,295.0,5.0,19.5,0.2000229605622329,0.7999770394377671,166.66666666666663
31,1,20,305.0,5.0,19.5,0.2000233556040519,0.7999766443959481,166.66666666666663
32,1,20,315.0,5.0,19.5,0.20002375511715362,0.7999762448828464,166.66666666666663
33,1,20,325.0,5.0,19.5,0.20002415911700241,0.7999758408829976,166.66666666666663
34,1,20,335.0,5.0,19.5,0.20002456760449588,0.7999754323955042,166.66666666666663
35,1,20,345.0,5.0,19.5,0.20002498048217118,0.7999750195178288,166.66666666666663
36,1,20,355.0,5.0,19.5,0.2000253977073722,0.7999746022926277,166.66666666666663
37,1,20,365.0,5.0,19.5,0.2000258193554233,0.7999741806445767,166.66666666666663
38,1,20,375.0,5.0,19.5,0.20002624549388806,0.799973754506112,166.66666666666663
39,1,20,385.0,5.0,19.5,0.2000266761293519,0.7999733238706481,166.66666666666663
40,1,20,395.0,5.0,19.5,0.20002711130355466,0.7999728886964453,166.66666666666663
41,1,20,405.0,5.0,19.5,0.20002755108577674,0.7999724489142233,166.66666666666663
42,1,20,415.0,5.0,19.5,0.20002799538605842,0.7999720046139416,166.66666666666663
43,1,20,425.0,5.0,19.5,0.2000284437406879,0.7999715562593122,166.66666666666663
44,1,20,435.0,5.0,19.5,0.20002889502749543,0.7999711049725046,166.66666666666663
45,1,20,445.0,5.0,19.5,0.20002934676859982,0.7999706532314002,166.66666666666663
46,1,20,455.0,5.0,19.5,0.20002979370864818,0.7999702062913518,166.66666666666663
47,1,20,465.0,5.0,19.5,0.20003022536573925,0.7999697746342608,166.66666666666663
48,1,20,475.0,5.0,19.5,0.20003062197469457,0.7999693780253054,166.66666666666663
49,1,20,485.0,5.0,19.5,0.20003094858415352,0.7999690514158465,166.66666666666663
50,1,20,495.0,5.0,19.5,0.20003115057155765,0.7999688494284424,166.66666666666663
1,2,20,5.0,15.0,19.5,0.6291185074591364,0.37088149254086356,166.66666666666663
2,2,20,15.0,15.0,19.5,0.6047580690221025,0.3952419309778975,166.66666666666663
3,2,20,25.0,15.0,19.5,0.5773244279530558,0.42267557204694417,166.66666666666663
4,2,20,35.0,15.0,19.5,0.5483842667113346,0.45161573328866544,166.66666666666663
5,2,20,45.0,15.0,19.5,0.5177391393775075,0.4822608606224925,166.66666666666663
6,2,20,55.0,15.0,19.5,0.48356992571980295,0.516430074280197,166.66666666666663
7,2,20,65.0,15.0,19.5,0.4418979241742558,0.5581020758257442,166.66666666666663
8,2,20,75.0,15.0,19.5,0.3864936210444563,0.6135063789555437,166.66666666666663
9,2,20,85.0,15.0,19.5,0.31753333844424364,0.6824666615557564,166.66666666666663
10,2,20,95.0,15.0,19.5,0.25220498823249327,0.7477950117675067,166.66666666666663
11,2,20,105.0,15.0,19.5,0.21382630688757082,0.7861736931124292,166.66666666666663
12,2,20,115.0,15.0,19.5,0.20196149993212328,0.7980385000678767,166.66666666666663
13,2,20,125.0,15.0,19.5,0.2001326598798997,0.7998673401201003,166.66666666666663
14,2,20,135.0,15.0,19.5,0.2000231636447766,0.7999768363552234,166.66666666666663
15,2,20,145.0,15.0,19.5,0.20001810173218054,0.7999818982678195,166.66666666666663
16,2,20,155.0,15.0,19.5,0.20001799190303887,0.7999820080969611,166.66666666666663
17,2,20,165.0,15.0,19.5,0.20001828275571715,0.7999817172442829,166.66666666666663
18,2,20,175.0,15.0,19.5,0.20001860745171374,0.7999813925482863,166.66666666666663
19,2,20,185.0,15.0,19.5,0.20001894001394083,0.7999810599860592,166.66666666666663
20,2,20,195.0,15.0,19.5,0.20001927888123391,0.7999807211187661,166.66666666666663
21,2,20,205.0,15.0,19.5,0.20001962317053265,0.7999803768294673,166.66666666666663
22,2,20,215.0,15.0,19.5,0.20001997301568936,0.7999800269843107,166.66666666666663
23,2,20,225.0,15.0,19.5,0.20002032861117555,0.7999796713888244,166.66666666666663
24,2,20,235.0,15.0,19.5,0.20002068949109966,0.7999793105089004,166.66666666666663
25,2,20,245.0,15.0,19.5,0.20002105539285847,0.7999789446071415,166.66666666666663
26,2,20,255.0,15.0,19.5,0.20002142648937266,0.7999785735106273,166.66666666666663
27,2,20,265.0,15.0,19.5,0.20002180269261283,0.7999781973073872,166.66666666666663
28,2,20,275.0,15.0,19.5,0.2000221836673046,0.7999778163326954,166.66666666666663
29,2,20,285.0,15.0,19.5,0.200022569343478,0.7999774306565219,166.66666666666663
30,2,20,295.0,15.0,19.5,0.2000229598001246,0.7999770401998754,166.66666666666663
31,2,20,305.0,15.0,19.5,0.20002335489762638,0.7999766451023737,166.66666666666663
32,2,20,315.0,15.0,19.5,0.20002375443820647,0.7999762455617936,166.66666666666663
33,2,20,325.0,15.0,19.5,0.20002415841957663,0.7999758415804233,166.66666666666663
34,2,20,335.0,15.0,19.5,0.2000245668835487,0.7999754331164513,166.66666666666663
35,2,20,345.0,15.0,19.5,0.20002497973834377,0.7999750202616562,166.66666666666663
36,2,20,355.0,15.0,19.5,0.20002539690991267,0.7999746030900874,166.66666666666663
37,2,20,365.0,15.0,19.5,0.20002581846743597,0.799974181532564,166.66666666666663
38,2,20,375.0,15.0,19.5,0.20002624450225223,0.7999737554977477,166.66666666666663
39,2,20,385.0,15.0,19.5,0.200026675042186,0.799973324957814,166.66666666666663
40,2,20,395.0,15.0,19.5,0.20002711016048286,0.7999728898395171,166.66666666666663
41,2,20,405.0,15.0,19.5,0.20002755001702344,0.7999724499829766,166.66666666666663
42,2,20,415.0,15.0,19.5,0.20002799472427024,0.7999720052757298,166.66666666666663
43,2,20,425.0,15.0,19.5,0.20002844420570468,0.7999715557942954,166.66666666666663
44,2,20,435.0,15.0,19.5,0.2000288980603035,0.7999711019396964,166.66666666666663
45,2,20,445.0,15.0,19.5,0.20002935512213876,0.7999706448778612,166.66666666666663
46,2,20,455.0,15.0,19.5,0.20002981236513176,0.7999701876348683,166.66666666666663
47,2,20,465.0,15.0,19.5,0.20003026264647847,0.7999697373535215,166.66666666666663
48,2,20,475.0,15.0,19.5,0.20003069000127752,0.7999693099987225,166.66666666666663
49,2,20,485.0,15.0,19.5,0.20003106039315108,0.7999689396068489,166.66666666666663
50,2,20,495.0,15.0,19.5,0.2000313076364912,0.7999686923635088,166.66666666666663
1,3,20,5.0,25.0,19.5,0.6941654415193353,0.30583455848066465,166.66666666666663
2,3,20,15.0,25.0,19.5,0.6660383411489739,0.33396165885102613,166.66666666666663
3,3,20,25.0,25.0,19.5,0.635671100958425,0.36432889904157495,166.66666666666663
4,3,20,35.0,25.0,19.5,0.6053137894889398,0.39468621051106023,166.66666666666663
5,3,20,45.0,25.0,19.5,0.5755379624152344,0.42446203758476564,166.66666666666663
6,3,20,55.0,25.0,19.5,0.5458346885086102,0.45416531149138983,166.66666666666663
7,3,20,65.0,25.0,19.5,0.5148403280380809,0.4851596719619191,166.66666666666663
8,3,20,75.0,25.0,19.5,0.4801140272178229,0.5198859727821771,166.66666666666663
9,3,20,85.0,25.0,19.5,0.4373771079680624,0.5626228920319376,166.66666666666663
10,3,20,95.0,25.0,19.5,0.38064397517801346,0.6193560248219865,166.66666666666663
11,3,20,105.0,25.0,19.5,0.3125400186557451,0.6874599813442549,166.66666666666663
12,3,20,115.0,25.0,19.5,0.25108036791399163,0.7489196320860083,166.66666666666663
13,3,20,125.0,25.0,19.5,0.21567633649097212,0.7843236635090278,166.66666666666663
14,3,20,135.0,25.0,19.5,0.20302990342735247,0.7969700965726475,166.66666666666663
15,3,20,145.0,25.0,19.5,0.20028887985503216,0.7997111201449678,166.66666666666663
16,3,20,155.0,25.0,19.5,0.20003521544592676,0.7999647845540733,166.66666666666663
17,3,20,165.0,25.0,19.5,0.20001991303062808,0.799980086969372,166.66666666666663
18,3,20,175.0,25.0,19.5,0.20001875803662567,0.7999812419633743,166.66666666666663
19,3,20,185.0,25.0,19.5,0.20001894713696822,0.7999810528630318,166.66666666666663
20,3,20,195.0,25.0,19.5,0.20001927742674022,0.7999807225732598,166.66666666666663
21,3,20,205.0,25.0,19.5,0.20001962094426903,0.7999803790557309,166.66666666666663
22,3,20,215.0,25.0,19.5,0.20001997099877192,0.7999800290012281,166.66666666666663
23,3,20,225.0,25.0,19.5,0.20002032682625662,0.7999796731737434,166.66666666666663
24,3,20,235.0,25.0,19.5,0.2000206877360419,0.7999793122639581,166.66666666666663
25,3,20,245.0,25.0,19.5,0.2000210537505233,0.7999789462494767,166.66666666666663
26,3,20,255.0,25.0,19.5,0.20002142503677567,0.7999785749632243,166.66666666666663
27,3,20,265.0,25.0,19.5,0.20002180133675604,0.7999781986632439,166.66666666666663
28,3,20,275.0,25.0,19.5,0.20002218234335584,0.7999778176566441,166.66666666666663
29,3,20,285.0,25.0,19.5,0.20002256811030092,0.799977431889699,166.66666666666663
30,3,20,295.0,25.0,19.5,0.20002295865369155,0.7999770413463084,166.66666666666663
31,3,20,305.0,25.0,19.5,0.2000233537665254,0.7999766462334745,166.66666666666663
32,3,20,315.0,25.0,19.5,0.20002375330101915,0.7999762466989808,166.66666666666663
33,3,20,325.0,25.0,19.5,0.20002415728862627,0.7999758427113737,166.66666666666663
34,3,20,335.0,25.0,19.5,0.20002456571570643,0.7999754342842935,166.66666666666663
35,3,20,345.0,25.0,19.5,0.2000249784671999,0.7999750215328001,166.66666666666663
36,3,20,355.0,25.0,19.5,0.20002539550429665,0.7999746044957033,166.66666666666663
37,3,20,365.0,25.0,19.5,0.20002581689420562,0.7999741831057944,166.66666666666663
38,3,20,375.0,25.0,19.5,0.2000262426989612,0.7999737573010388,166.66666666666663
39,3,20,385.0,25.0,19.5,0.20002667297147572,0.7999733270285243,166.66666666666663
40,3,20,395.0,25.0,19.5,0.20002710787117514,0.7999728921288248,166.66666666666663
41,3,20,405.0,25.0,19.5,0.20002754768755052,0.7999724523124495,166.66666666666663
42,3,20,415.0,25.0,19.5,0.20002799281703862,0.7999720071829614,166.66666666666663
43,3,20,425.0,25.0,19.5,0.20002844381105822,0.7999715561889418,166.66666666666663
44,3,20,435.0,25.0,19.5,0.20002890148074493,0.7999710985192551,166.66666666666663
45,3,20,445.0,25.0,19.5,0.2000293669221778,0.7999706330778222,166.66666666666663
46,3,20,455.0,25.0,19.5,0.20002984124286152,0.7999701587571385,166.66666666666663
47,3,20,465.0,25.0,19.5,0.20003032421546074,0.7999696757845393,166.66666666666663
48,3,20,475.0,25.0,19.5,0.20003080946763532,0.7999691905323647,166.66666666666663
49,3,20,485.0,25.0,19.5,0.2000312704709058,0.7999687295290943,166.66666666666663
50,3,20,495.0,25.0,19.5,0.20003162774453856,0.7999683722554615,166.66666666666663
1,4,20,5.0,35.0,19.5,0.742400161532647,0.257599838467353,166.66666666666663
2,4,20,15.0,35.0,19.5,0.7113895969250273,0.28861040307497265,166.66666666666663
3,4,20,25.0,35.0,19.5,0.6775904890724949,0.32240951092750514,166.66666666666663
4,4,20,35.0,35.0,19.5,0.6443058317095134,0.3556941682904866,166.66666666666663
5,4,20,45.0,35.0,19.5,0.6127406448669921,0.3872593551330079,166.66666666666663
6,4,20,55.0,35.0,19.5,0.5828561332627881,0.41714386673721193,166.66666666666663
7,4,20,65.0,35.0,19.5,0.5537588580642471,0.4462411419357529,166.66666666666663
8,4,20,75.0,35.0,19.5,0.5239932680437154,0.4760067319562846,166.66666666666663
9,4,20,85.0,35.0,19.5,0.4914329577454335,0.5085670422545665,166.66666666666663
10,4,20,95.0,35.0,19.5,0.4526501235604693,0.5473498764395307,166.66666666666663
11,4,20,105.0,35.0,19.5,0.40253639100891386,0.5974636089910861,166.66666666666663
12,4,20,115.0,35.0,19.5,0.33925194966849936,0.6607480503315006,166.66666666666663
13,4,20,125.0,35.0,19.5,0.2753277621637669,0.7246722378362331,166.66666666666663
14,4,20,135.0,35.0,19.5,0.22933273655119618,0.7706672634488039,166.66666666666663
15,4,20,145.0,35.0,19.5,0.20809381434498256,0.7919061856550175,166.66666666666663
16,4,20,155.0,35.0,19.5,0.20136261875837094,0.7986373812416291,166.66666666666663
17,4,20,165.0,35.0,19.5,0.20013336322784306,0.799866636772157,166.66666666666663
18,4,20,175.0,35.0,19.5,0.20002917896724273,0.7999708210327573,166.66666666666663
19,4,20,185.0,35.0,19.5,0.2000199355358395,0.7999800644641605,166.66666666666663
20,4,20,195.0,35.0,19.5,0.20001937541450504,0.799980624585495,166.66666666666663
21,4,20,205.0,35.0,19.5,0.2000196265997843,0.7999803734002157,166.66666666666663
22,4,20,215.0,35.0,19.5,0.20001997018015005,0.79998002981985,166.66666666666663
23,4,20,225.0,35.0,19.5,0.20002032509384346,0.7999796749061565,166.66666666666663
24,4,20,235.0,35.0,19.5,0.20002068608969223,0.7999793139103077,166.66666666666663
25,4,20,245.0,35.0,19.5,0.2000210524720859,0.7999789475279141,166.66666666666663
26,4,20,255.0,35.0,19.5,0.20002142379223964,0.7999785762077604,166.66666666666663
27,4,20,265.0,35.0,19.5,0.2000218000071446,0.7999781999928555,166.66666666666663
28,4,20,275.0,35.0,19.5,0.20002218115321949,0.7999778188467805,166.66666666666663
29,4,20,285.0,35.0,19.5,0.20002256709110933,0.7999774329088907,166.66666666666663
30,4,20,295.0,35.0,19.5,0.20002295760551256,0.7999770423944874,166.66666666666663
31,4,20,305.0,35.0,19.5,0.20002335265017182,0.7999766473498282,166.66666666666663
32,4,20,315.0,35.0,19.5,0.20002375222105795,0.799976247778942,166.66666666666663
33,4,20,325.0,35.0,19.5,0.2000241562087943,0.7999758437912057,166.66666666666663
34,4,20,335.0,35.0,19.5,0.20002456449142472,0.7999754355085753,166.66666666666663
35,4,20,345.0,35.0,19.5,0.2000249770502147,0.7999750229497853,166.66666666666663
36,4,20,355.0,35.0,19.5,0.20002539390068705,0.7999746060993129,166.66666666666663
37,4,20,365.0,35.0,19.5,0.20002581500680439,0.7999741849931956,166.66666666666663
38,4,20,375.0,35.0,19.5,0.2000262403787858,0.7999737596212142,166.66666666666663
39,4,20,385.0,35.0,19.5,0.20002667014564848,0.7999733298543515,166.66666666666663
40,4,20,395.0,35.0,19.5,0.20002710452820927,0.7999728954717907,166.66666666666663
41,4,20,405.0,35.0,19.5,0.20002754386140728,0.7999724561385927,166.66666666666663
42,4,20,415.0,35.0,19.5,0.20002798878355438,0.7999720112164457,166.66666666666663
43,4,20,425.0,35.0,19.5,0.20002844045245521,0.7999715595475447,166.66666666666663
44,4,20,435.0,35.0,19.5,0.20002890086743735,0.7999710991325626,166.66666666666663
45,4,20,445.0,35.0,19.5,0.20002937353922842,0.7999706264607716,166.66666666666663
46,4,20,455.0,35.0,19.5,0.20002986460329028,0.7999701353967097,166.66666666666663
47,4,20,465.0,35.0,19.5,0.20003038399411488,0.7999696160058851,166.66666666666663
48,4,20,475.0,35.0,19.5,0.20003094406369065,0.7999690559363093,166.66666666666663
49,4,20,485.0,35.0,19.5,0.20003154319034816,0.7999684568096519,166.66666666666663
50,4,20,495.0,35.0,19.5,0.20003210649145625,0.7999678935085437,166.66666666666663
1,5,20,5.0,45.0,19.5,0.7798170823132744,0.2201829176867256,166.66666666666663
2,5,20,15.0,45.0,19.5,0.7504958767429807,0.24950412325701932,166.66666666666663
3,5,20,25.0,45.0,19.5,0.714570471626321,0.28542952837367896,166.66666666666663
4,5,20,35.0,45.0,19.5,0.6787319716928114,0.3212680283071886,166.66666666666663
5,5,20,45.0,45.0,19.5,0.645487093656356,0.35451290634364396,166.66666666666663
6,5,20,55.0,45.0,19.5,0.6148107844637243,0.3851892155362757,166.66666666666663
7,5,20,65.0,45.0,19.5,0.5860237695408542,0.4139762304591458,166.66666666666663
8,5,20,75.0,45.0,19.5,0.5582283285568638,0.4417716714431362,166.66666666666663
9,5,20,85.0,45.0,19.5,0.530227960705322,0.46977203929467803,166.66666666666663
10,5,20,95.0,45.0,19.5,0.5003298623340032,0.49967013766599677,166.66666666666663
11,5,20,105.0,45.0,19.5,0.46580947630982655,0.5341905236901734,166.66666666666663
12,5,20,115.0,45.0,19.5,0.42267234275107424,0.5773276572489258,166.66666666666663
13,5,20,125.0,45.0,19.5,0.3676853111877679,0.6323146888122321,166.66666666666663
14,5,20,135.0,45.0,19.5,0.3064893851149975,0.6935106148850025,166.66666666666663
15,5,20,145.0,45.0,19.5,0.25174369380101164,0.7482563061989884,166.66666666666663
16,5,20,155.0,45.0,19.5,0.21836681523497656,0.7816331847650234,166.66666666666663
17,5,20,165.0,45.0,19.5,0.20456519051204666,0.7954348094879533,166.66666666666663
18,5,20,175.0,45.0,19.5,0.20065662060743192,0.799343379392568,166.66666666666663
19,5,20,185.0,45.0,19.5,0.2000736439918447,0.7999263560081553,166.66666666666663
20,5,20,195.0,45.0,19.5,0.2000246187562795,0.7999753812437205,166.66666666666663
21,5,20,205.0,45.0,19.5,0.20002011601484254,0.7999798839851575,166.66666666666663
22,5,20,215.0,45.0,19.5,0.20002001270179728,0.7999799872982027,166.66666666666663
23,5,20,225.0,45.0,19.5,0.20002032826878932,0.7999796717312107,166.66666666666663
24,5,20,235.0,45.0,19.5,0.2000206859325037,0.7999793140674963,166.66666666666663
25,5,20,245.0,45.0,19.5,0.20002105181928154,0.7999789481807185,166.66666666666663
26,5,20,255.0,45.0,19.5,0.20002142335431655,0.7999785766456835,166.66666666666663
27,5,20,265.0,45.0,19.5,0.20002179969163486,0.7999782003083651,166.66666666666663
28,5,20,275.0,45.0,19.5,0.2000221806844273,0.7999778193155727,166.66666666666663
29,5,20,285.0,45.0,19.5,0.20002256658832013,0.7999774334116798,166.66666666666663
30,5,20,295.0,45.0,19.5,0.20002295720442545,0.7999770427955746,166.66666666666663
31,5,20,305.0,45.0,19.5,0.20002335219695605,0.7999766478030439,166.66666666666663
32,5,20,315.0,45.0,19.5,0.20002375161062091,0.7999762483893791,166.66666666666663
33,5,20,325.0,45.0,19.5,0.2000241555081826,0.7999758444918175,166.66666666666663
34,5,20,335.0,45.0,19.5,0.20002456367467866,0.7999754363253213,166.66666666666663
35,5,20,345.0,45.0,19.5,0.20002497596441243,0.7999750240355876,166.66666666666663
36,5,20,355.0,45.0,19.5,0.200025392456742,0.799974607543258,166.66666666666663
37,5,20,365.0,45.0,19.5,0.20002581314563558,0.7999741868543644,166.66666666666663
38,5,20,375.0,45.0,19.5,0.2000262379342932,0.7999737620657068,166.66666666666663
39,5,20,385.0,45.0,19.5,0.20002666689752557,0.7999733331024744,166.66666666666663
40,5,20,395.0,45.0,19.5,0.20002710028960974,0.7999728997103903,166.66666666666663
41,5,20,405.0,45.0,19.5,0.2000275384385061,0.7999724615614939,166.66666666666663
42,5,20,415.0,45.0,19.5,0.20002798198774951,0.7999720180122505,166.66666666666663
43,5,20,425.0,45.0,19.5,0.20002843228675557,0.7999715677132444,166.66666666666663
44,5,20,435.0,45.0,19.5,0.20002889181623235,0.7999711081837677,166.66666666666663
45,5,20,445.0,45.0,19.5,0.2000293651804392,0.7999706348195608,166.66666666666663
46,5,20,455.0,45.0,19.5,0.2000298613495496,0.7999701386504504,166.66666666666663
47,5,20,465.0,45.0,19.5,0.20003039793525373,0.7999696020647462,166.66666666666663
48,5,20,475.0,45.0,19.5,0.20003100724364706,0.7999689927563529,166.66666666666663
49,5,20,485.0,45.0,19.5,0.2000317145041285,0.7999682854958715,166.66666666666663
50,5,20,495.0,45.0,19.5,0.20003228387005695,0.799967716129943,166.66666666666663
1,6,20,5.0,55.0,19.5,0.7445659311982475,0.25543406880175246,166.66666666666663
2,6,20,15.0,55.0,19.5,0.7149293868457405,0.2850706131542595,166.66666666666663
3,6,20,25.0,55.0,19.5,0.6824749907786194,0.3175250092213806,166.66666666666663
4,6,20,35.0,55.0,19.5,0.6502902714391405,0.34970972856085947,166.66666666666663
5,6,20,45.0,55.0,19.5,0.6195958578460639,0.38040414215393614,166.66666666666663
6,6,20,55.0,55.0,19.5,0.5903643069710401,0.40963569302895986,166.66666666666663
7,6,20,65.0,55.0,19.5,0.5619061061765783,0.4380938938234217,166.66666666666663
8,6,20,75.0,55.0,19.5,0.5330721463832939,0.4669278536167061,166.66666666666663
9,6,20,85.0,55.0,19.5,0.5021159935344803,0.49788400646551967,166.66666666666663
10,6,20,95.0,55.0,19.5,0.46620467190366544,0.5337953280963346,166.66666666666663
11,6,20,105.0,55.0,19.5,0.42074646045796643,0.5792535395420335,166.66666666666663
12,6,20,115.0,55.0,19.5,0.36154153043399406,0.6384584695660059,166.66666666666663
13,6,20,125.0,55.0,19.5,0.2970307463573776,0.7029692536426224,166.66666666666663
14,6,20,135.0,55.0,19.5,0.24379837504971882,0.7562016249502812,166.66666666666663
15,6,20,145.0,55.0,19.5,0.21435643547286065,0.7856435645271393,166.66666666666663
16,6,20,155.0,55.0,19.5,0.20314861825668531,0.7968513817433147,166.66666666666663
17,6,20,165.0,55.0,19.5,0.20038270865604468,0.7996172913439553,166.66666666666663
18,6,20,175.0,55.0,19.5,0.20005023506188813,0.7999497649381119,166.66666666666663
19,6,20,185.0,55.0,19.5,0.20002222549719856,0.7999777745028014,166.66666666666663
20,6,20,195.0,55.0,19.5,0.20001960144826308,0.7999803985517369,166.66666666666663
21,6,20,205.0,55.0,19.5,0.20001964604007683,0.7999803539599232,166.66666666666663
22,6,20,215.0,55.0,19.5,0.20001997231087265,0.7999800276891273,166.66666666666663
23,6,20,225.0,55.0,19.5,0.200020325664061,0.799979674335939,166.66666666666663
24,6,20,235.0,55.0,19.5,0.2000206863359731,0.7999793136640269,166.66666666666663
25,6,20,245.0,55.0,19.5,0.2000210527304958,0.7999789472695042,166.66666666666663
26,6,20,255.0,55.0,19.5,0.2000214241074663,0.7999785758925337,166.66666666666663
27,6,20,265.0,55.0,19.5,0.20002180020749366,0.7999781997925064,166.66666666666663
28,6,20,275.0,55.0,19.5,0.2000221812490821,0.7999778187509179,166.66666666666663
29,6,20,285.0,55.0,19.5,0.2000225671673176,0.7999774328326824,166.66666666666663
30,6,20,295.0,55.0,19.5,0.20002295758891178,0.7999770424110882,166.66666666666663
31,6,20,305.0,55.0,19.5,0.20002335242971542,0.7999766475702845,166.66666666666663
32,6,20,315.0,55.0,19.5,0.20002375178409407,0.799976248215906,166.66666666666663
33,6,20,325.0,55.0,19.5,0.20002415551962197,0.7999758444803781,166.66666666666663
34,6,20,335.0,55.0,19.5,0.20002456339362953,0.7999754366063705,166.66666666666663
35,6,20,345.0,55.0,19.5,0.20002497537713235,0.7999750246228676,166.66666666666663
36,6,20,355.0,55.0,19.5,0.2000253914922654,0.7999746085077346,166.66666666666663
37,6,20,365.0,55.0,19.5,0.20002581160805655,0.7999741883919435,166.66666666666663
38,6,20,375.0,55.0,19.5,0.20002623560532992,0.79997376439467,166.66666666666663
39,6,20,385.0,55.0,19.5,0.20002666353745346,0.7999733364625465,166.66666666666663
40,6,20,395.0,55.0,19.5,0.20002709551273604,0.799972904487264,166.66666666666663
41,6,20,405.0,55.0,19.5,0.20002753168052997,0.79997246831947,166.66666666666663
42,6,20,415.0,55.0,19.5,0.20002797249201323,0.7999720275079868,166.66666666666663
43,6,20,425.0,55.0,19.5,0.20002841894492127,0.7999715810550787,166.66666666666663
44,6,20,435.0,55.0,19.5,0.20002887285617835,0.7999711271438217,166.66666666666663
45,6,20,445.0,55.0,19.5,0.20002933754163674,0.7999706624583632,166.66666666666663
46,6,20,455.0,55.0,19.5,0.20002981894198812,0.7999701810580119,166.66666666666663
47,6,20,465.0,55.0,19.5,0.20003032660703246,0.7999696733929675,166.66666666666663
48,6,20,475.0,55.0,19.5,0.20003087175685835,0.7999691282431416,166.66666666666663
49,6,20,485.0,55.0,19.5,0.20003145060240451,0.7999685493975954,166.66666666666663
50,6,20,495.0,55.0,19.5,0.2000319879929423,0.7999680120070577,166.66666666666663
1,7,20,5.0,65.0,19.5,0.7006907395498756,0.2993092604501244,166.66666666666663
2,7,20,15.0,65.0,19.5,0.6740545406561328,0.3259454593438672,166.66666666666663
3,7,20,25.0,65.0,19.5,0.6450088920629192,0.3549911079370808,166.66666666666663
4,7,20,35.0,65.0,19.5,0.615720813362176,0.384279186637824,166.66666666666663
5,7,20,45.0,65.0,19.5,0.5868976284106587,0.41310237158934127,166.66666666666663
6,7,20,55.0,65.0,19.5,0.5582810290080735,0.4417189709919265,166.66666666666663
7,7,20,65.0,65.0,19.5,0.5288864568677899,0.4711135431322101,166.66666666666663
8,7,20,75.0,65.0,19.5,0.49690146464733964,0.5030985353526604,166.66666666666663
9,7,20,85.0,65.0,19.5,0.45915892756087545,0.5408410724391246,166.66666666666663
10,7,20,95.0,65.0,19.5,0.41047280762776617,0.5895271923722338,166.66666666666663
11,7,20,105.0,65.0,19.5,0.34736210811674667,0.6526378918832534,166.66666666666663
12,7,20,115.0,65.0,19.5,0.2814886957793486,0.7185113042206515,166.66666666666663
13,7,20,125.0,65.0,19.5,0.23230485039233675,0.7676951496076633,166.66666666666663
14,7,20,135.0,65.0,19.5,0.20894889341372644,0.7910511065862735,166.66666666666663
15,7,20,145.0,65.0,19.5,0.20148825975305432,0.7985117402469457,166.66666666666663
16,7,20,155.0,65.0,19.5,0.20013649327896932,0.7998635067210307,166.66666666666663
17,7,20,165.0,65.0,19.5,0.20002848491447647,0.7999715150855236,166.66666666666663
18,7,20,175.0,65.0,19.5,0.20001956098429596,0.799980439015704,166.66666666666663
19,7,20,185.0,65.0,19.5,0.20001903149480982,0.7999809685051902,166.66666666666663
20,7,20,195.0,65.0,19.5,0.20001928414214368,0.7999807158578564,166.66666666666663
21,7,20,205.0,65.0,19.5,0.2000196228347039,0.7999803771652961,166.66666666666663
22,7,20,215.0,65.0,19.5,0.20001997212864772,0.7999800278713523,166.66666666666663
23,7,20,225.0,65.0,19.5,0.20002032757832763,0.7999796724216723,166.66666666666663
24,7,20,235.0,65.0,19.5,0.2000206885836653,0.7999793114163347,166.66666666666663
25,7,20,245.0,65.0,19.5,0.20002105465833747,0.7999789453416626,166.66666666666663
26,7,20,255.0,65.0,19.5,0.20002142572500992,0.7999785742749901,166.66666666666663
27,7,20,265.0,65.0,19.5,0.2000218018338542,0.7999781981661458,166.66666666666663
28,7,20,275.0,65.0,19.5,0.20002218283598922,0.7999778171640108,166.66666666666663
29,7,20,285.0,65.0,19.5,0.20002256849246505,0.799977431507535,166.66666666666663
30,7,20,295.0,65.0,19.5,0.20002295871836398,0.799977041281636,166.66666666666663
31,7,20,305.0,65.0,19.5,0.2000233534924993,0.7999766465075007,166.66666666666663
32,7,20,315.0,65.0,19.5,0.20002375268625244,0.7999762473137475,166.66666666666663
33,7,20,325.0,65.0,19.5,0.20002415613127955,0.7999758438687204,166.66666666666663
34,7,20,335.0,65.0,19.5,0.20002456372675423,0.7999754362732457,166.66666666666663
35,7,20,345.0,65.0,19.5,0.200024975412332,0.799975024587668,166.66666666666663
36,7,20,355.0,65.0,19.5,0.20002539106136924,0.7999746089386308,166.66666666666663
37,7,20,365.0,65.0,19.5,0.20002581051950616,0.7999741894804938,166.66666666666663
38,7,20,375.0,65.0,19.5,0.20002623367011943,0.7999737663298806,166.66666666666663
39,7,20,385.0,65.0,19.5,0.20002666042539177,0.7999733395746083,166.66666666666663
40,7,20,395.0,65.0,19.5,0.2000270906731428,0.7999729093268572,166.66666666666663
41,7,20,405.0,65.0,19.5,0.20002752432763582,0.7999724756723642,166.66666666666663
42,7,20,415.0,65.0,19.5,0.20002796142405363,0.7999720385759463,166.66666666666663
43,7,20,425.0,65.0,19.5,0.20002840216879905,0.799971597831201,166.66666666666663
44,7,20,435.0,65.0,19.5,0.2000288470026607,0.7999711529973393,166.66666666666663
45,7,20,445.0,65.0,19.5,0.2000292967087176,0.7999707032912824,166.66666666666663
46,7,20,455.0,65.0,19.5,0.20002975224306638,0.7999702477569336,166.66666666666663
47,7,20,465.0,65.0,19.5,0.20003021339680596,0.7999697866031941,166.66666666666663
48,7,20,475.0,65.0,19.5,0.20003067400135352,0.7999693259986465,166.66666666666663
49,7,20,485.0,65.0,19.5,0.2000311085574853,0.7999688914425147,166.66666666666663
50,7,20,495.0,65.0,19.5,0.20003144243818838,0.7999685575618116,166.66666666666663
1,8,20,5.0,75.0,19.5,0.6460150938272992,0.35398490617270084,166.66666666666663
2,8,20,15.0,75.0,19.5,0.6230870304706629,0.37691296952933706,166.66666666666663
3,8,20,25.0,75.0,19.5,0.5971295905988768,0.4028704094011232,166.66666666666663
4,8,20,35.0,75.0,19.5,0.5698058474293352,0.43019415257066485,166.66666666666663
5,8,20,45.0,75.0,19.5,0.5413464144798384,0.45865358552016156,166.66666666666663
6,8,20,55.0,75.0,19.5,0.5108425194820823,0.48915748051791774,166.66666666666663
7,8,20,65.0,75.0,19.5,0.4760646450197153,0.5239353549802848,166.66666666666663
8,8,20,75.0,75.0,19.5,0.43277035910894207,0.567229640891058,166.66666666666663
9,8,20,85.0,75.0,19.5,0.3752418004758426,0.6247581995241573,166.66666666666663
10,8,20,95.0,75.0,19.5,0.30722151609800596,0.692778483901994,166.66666666666663
11,8,20,105.0,75.0,19.5,0.2470172860043862,0.7529827139956138,166.66666666666663
12,8,20,115.0,75.0,19.5,0.2135525409594334,0.7864474590405666,166.66666666666663
13,8,20,125.0,75.0,19.5,0.2023519468765515,0.7976480531234484,166.66666666666663
14,8,20,135.0,75.0,19.5,0.20019836296781757,0.7998016370321824,166.66666666666663
15,8,20,145.0,75.0,19.5,0.20002886165889014,0.7999711383411099,166.66666666666663
16,8,20,155.0,75.0,19.5,0.20001894693286656,0.7999810530671334,166.66666666666663
17,8,20,165.0,75.0,19.5,0.20001837101919379,0.7999816289808062,166.66666666666663
18,8,20,175.0,75.0,19.5,0.20001861580161054,0.7999813841983895,166.66666666666663
19,8,20,185.0,75.0,19.5,0.2000189435130807,0.7999810564869193,166.66666666666663
20,8,20,195.0,75.0,19.5,0.20001928114372572,0.7999807188562743,166.66666666666663
21,8,20,205.0,75.0,19.5,0.20001962537013268,0.7999803746298673,166.66666666666663
22,8,20,215.0,75.0,19.5,0.20001997533933544,0.7999800246606645,166.66666666666663
23,8,20,225.0,75.0,19.5,0.20002033049999035,0.7999796695000096,166.66666666666663
24,8,20,235.0,75.0,19.5,0.20002069108867104,0.799979308911329,166.66666666666663
25,8,20,245.0,75.0,19.5,0.20002105710081783,0.7999789428991821,166.66666666666663
26,8,20,255.0,75.0,19.5,0.2000214281069547,0.7999785718930453,166.66666666666663
27,8,20,265.0,75.0,19.5,0.20002180393779942,0.7999781960622006,166.66666666666663
28,8,20,275.0,75.0,19.5,0.20002218471036678,0.7999778152896332,166.66666666666663
29,8,20,285.0,75.0,19.5,0.20002257029084414,0.7999774297091559,166.66666666666663
30,8,20,295.0,75.0,19.5,0.20002296038662484,0.7999770396133752,166.66666666666663
31,8,20,305.0,75.0,19.5,0.20002335492227458,0.7999766450777255,166.66666666666663
32,8,20,315.0,75.0,19.5,0.2000237539064961,0.7999762460935039,166.66666666666663
33,8,20,325.0,75.0,19.5,0.20002415717482486,0.7999758428251751,166.66666666666663
34,8,20,335.0,75.0,19.5,0.20002456450888362,0.7999754354911164,166.66666666666663
35,8,20,345.0,75.0,19.5,0.20002497582385148,0.7999750241761485,166.66666666666663
36,8,20,355.0,75.0,19.5,0.20002539103136843,0.7999746089686316,166.66666666666663
37,8,20,365.0,75.0,19.5,0.20002580991980748,0.7999741900801925,166.66666666666663
38,8,20,375.0,75.0,19.5,0.20002623224660665,0.7999737677533933,166.66666666666663
39,8,20,385.0,75.0,19.5,0.2000266578146659,0.7999733421853341,166.66666666666663
40,8,20,395.0,75.0,19.5,0.2000270863511492,0.7999729136488508,166.66666666666663
41,8,20,405.0,75.0,19.5,0.2000275174462004,0.7999724825537996,166.66666666666663
42,8,20,415.0,75.0,19.5,0.20002795059741585,0.7999720494025842,166.66666666666663
43,8,20,425.0,75.0,19.5,0.20002838514819435,0.7999716148518057,166.66666666666663
44,8,20,435.0,75.0,19.5,0.2000288200552624,0.7999711799447375,166.66666666666663
45,8,20,445.0,75.0,19.5,0.20002925353937936,0.7999707464606206,166.66666666666663
46,8,20,455.0,75.0,19.5,0.20002968228920082,0.7999703177107992,166.66666666666663
47,8,20,465.0,75.0,19.5,0.20003009948309514,0.7999699005169049,166.66666666666663
48,8,20,475.0,75.0,19.5,0.2000304905367236,0.7999695094632764,166.66666666666663
49,8,20,485.0,75.0,19.5,0.2000308250867776,0.7999691749132224,166.66666666666663
50,8,20,495.0,75.0,19.5,0.20003104539622443,0.7999689546037756,166.66666666666663
1,9,20,5.0,85.0,19.5,0.5719658099096738,0.42803419009032617,166.66666666666663
2,9,20,15.0,85.0,19.5,0.5513688324556042,0.4486311675443958,166.66666666666663
3,9,20,25.0,85.0,19.5,0.5261660302104328,0.47383396978956716,166.66666666666663
4,9,20,35.0,85.0,19.5,0.4968879115069654,0.5031120884930347,166.66666666666663
5,9,20,45.0,85.0,19.5,0.46201149760015914,0.5379885023998409,166.66666666666663
6,9,20,55.0,85.0,19.5,0.4175919373819885,0.5824080626180115,166.66666666666663
7,9,20,65.0,85.0,19.5,0.35894205534699714,0.6410579446530029,166.66666666666663
8,9,20,75.0,85.0,19.5,0.2919997785270672,0.7080002214729328,166.66666666666663
9,9,20,85.0,85.0,19.5,0.23527897155424915,0.7647210284457509,166.66666666666663
10,9,20,95.0,85.0,19.5,0.2074762667002942,0.7925237332997058,166.66666666666663
11,9,20,105.0,85.0,19.5,0.2007561822358133,0.7992438177641867,166.66666666666663
12,9,20,115.0,85.0,19.5,0.20004997396930776,0.7999500260306922,166.66666666666663
13,9,20,125.0,85.0,19.5,0.2000189536249118,0.7999810463750883,166.66666666666663
14,9,20,135.0,85.0,19.5,0.20001749500241522,0.7999825049975848,166.66666666666663
15,9,20,145.0,85.0,19.5,0.20001766448360897,0.7999823355163911,166.66666666666663
16,9,20,155.0,85.0,19.5,0.20001797017208778,0.7999820298279122,166.66666666666663
17,9,20,165.0,85.0,19.5,0.20001828870038726,0.7999817112996127,166.66666666666663
18,9,20,175.0,85.0,19.5,0.20001861460472445,0.7999813853952755,166.66666666666663
19,9,20,185.0,85.0,19.5,0.20001894672745507,0.7999810532725449,166.66666666666663
20,9,20,195.0,85.0,19.5,0.20001928454741982,0.7999807154525802,166.66666666666663
21,9,20,205.0,85.0,19.5,0.20001962841333934,0.7999803715866607,166.66666666666663
22,9,20,215.0,85.0,19.5,0.20001997814995234,0.7999800218500477,166.66666666666663
23,9,20,225.0,85.0,19.5,0.20002033319741477,0.7999796668025853,166.66666666666663
24,9,20,235.0,85.0,19.5,0.20002069355353283,0.7999793064464672,166.66666666666663
25,9,20,245.0,85.0,19.5,0.2000210593267424,0.7999789406732576,166.66666666666663
26,9,20,255.0,85.0,19.5,0.2000214302118387,0.7999785697881613,166.66666666666663
27,9,20,265.0,85.0,19.5,0.20002180592443936,0.7999781940755606,166.66666666666663
28,9,20,275.0,85.0,19.5,0.20002218650949594,0.799977813490504,166.66666666666663
29,9,20,285.0,85.0,19.5,0.20002257192649417,0.7999774280735058,166.66666666666663
30,9,20,295.0,85.0,19.5,0.2000229619125599,0.7999770380874401,166.66666666666663
31,9,20,305.0,85.0,19.5,0.20002335630712792,0.7999766436928721,166.66666666666663
32,9,20,315.0,85.0,19.5,0.20002375510333462,0.7999762448966654,166.66666666666663
33,9,20,325.0,85.0,19.5,0.20002415818548436,0.7999758418145156,166.66666666666663
34,9,20,335.0,85.0,19.5,0.20002456532404295,0.7999754346759571,166.66666666666663
35,9,20,345.0,85.0,19.5,0.20002497636996713,0.7999750236300329,166.66666666666663
36,9,20,355.0,85.0,19.5,0.20002539121644902,0.799974608783551,166.66666666666663
37,9,20,365.0,85.0,19.5,0.20002580964075803,0.799974190359242,166.66666666666663
38,9,20,375.0,85.0,19.5,0.20002623132800496,0.799973768671995,166.66666666666663
39,9,20,385.0,85.0,19.5,0.20002665595746172,0.7999733440425383,166.66666666666663
40,9,20,395.0,85.0,19.5,0.20002708310431846,0.7999729168956815,166.66666666666663
41,9,20,405.0,85.0,19.5,0.20002751210233255,0.7999724878976675,166.66666666666663
42,9,20,415.0,85.0,19.5,0.20002794199672275,0.7999720580032772,166.66666666666663
43,9,20,425.0,85.0,19.5,0.20002837139915927,0.7999716286008407,166.66666666666663
44,9,20,435.0,85.0,19.5,0.20002879809265336,0.7999712019073466,166.66666666666663
45,9,20,445.0,85.0,19.5,0.20002921843106417,0.7999707815689359,166.66666666666663
46,9,20,455.0,85.0,19.5,0.2000296263377324,0.7999703736622676,166.66666666666663
47,9,20,465.0,85.0,19.5,0.20003001147928312,0.7999699885207169,166.66666666666663
48,9,20,475.0,85.0,19.5,0.200030356320902,0.799969643679098,166.66666666666663
49,9,20,485.0,85.0,19.5,0.20003063232639812,0.7999693676736019,166.66666666666663
50,9,20,495.0,85.0,19.5,0.2000307979603599,0.7999692020396401,166.66666666666663
1,10,20,5.0,95.0,19.5,0.4306873683337907,0.5693126316662094,166.66666666666663
2,10,20,15.0,95.0,19.5,0.4036330104292539,0.5963669895707461,166.66666666666663
3,10,20,25.0,95.0,19.5,0.36565082329961146,0.6343491767003886,166.66666666666663
4,10,20,35.0,95.0,19.5,0.31752927667348524,0.6824707233265148,166.66666666666663
5,10,20,45.0,95.0,19.5,0.2664179203340018,0.7335820796659982,166.66666666666663
6,10,20,55.0,95.0,19.5,0.225157805480419,0.774842194519581,166.66666666666663
7,10,20,65.0,95.0,19.5,0.20555468193604015,0.7944453180639599,166.66666666666663
8,10,20,75.0,95.0,19.5,0.2007214695869878,0.7992785304130122,166.66666666666663
9,10,20,85.0,95.0,19.5,0.20006349814878646,0.7999365018512136,166.66666666666663
10,10,20,95.0,95.0,19.5,0.2000180361593798,0.7999819638406203,166.66666666666663
11,10,20,105.0,95.0,19.5,0.20001658655260737,0.7999834134473927,166.66666666666663
12,10,20,115.0,95.0,19.5,0.2000167717058205,0.7999832282941794,166.66666666666663
13,10,20,125.0,95.0,19.5,0.2000170572964281,0.7999829427035718,166.66666666666663
14,10,20,135.0,95.0,19.5,0.2000173549959374,0.7999826450040626,166.66666666666663
15,10,20,145.0,95.0,19.5,0.2000176602247148,0.7999823397752852,166.66666666666663
16,10,20,155.0,95.0,19.5,0.20001797247936032,0.7999820275206397,166.66666666666663
17,10,20,165.0,95.0,19.5,0.20001829149137,0.79998170850863,166.66666666666663
18,10,20,175.0,95.0,19.5,0.20001861700570314,0.7999813829942969,166.66666666666663
19,10,20,185.0,95.0,19.5,0.20001894879899443,0.7999810512010056,166.66666666666663
20,10,20,195.0,95.0,19.5,0.2000192866231809,0.7999807133768191,166.66666666666663
21,10,20,205.0,95.0,19.5,0.20001963032860054,0.7999803696713994,166.66666666666663
22,10,20,215.0,95.0,19.5,0.20001997977770902,0.799980020222291,166.66666666666663
23,10,20,225.0,95.0,19.5,0.2000203347441206,0.7999796652558794,166.66666666666663
24,10,20,235.0,95.0,19.5,0.2000206950719929,0.7999793049280071,166.66666666666663
25,10,20,245.0,95.0,19.5,0.20002106067813702,0.799978939321863,166.66666666666663
26,10,20,255.0,95.0,19.5,0.20002143141275713,0.7999785685872429,166.66666666666663
27,10,20,265.0,95.0,19.5,0.2000218070909462,0.7999781929090538,166.66666666666663
28,10,20,275.0,95.0,19.5,0.20002218761597765,0.7999778123840223,166.66666666666663
29,10,20,285.0,95.0,19.5,0.20002257290125172,0.7999774270987483,166.66666666666663
30,10,20,295.0,95.0,19.5,0.2000229627909471,0.7999770372090529,166.66666666666663
31,10,20,305.0,95.0,19.5,0.20002335713656635,0.7999766428634336,166.66666666666663
32,10,20,315.0,95.0,19.5,0.20002375584531673,0.7999762441546833,166.66666666666663
33,10,20,325.0,95.0,19.5,0.20002415879655336,0.7999758412034467,166.66666666666663
34,10,20,335.0,95.0,19.5,0.20002456581460765,0.7999754341853924,166.66666666666663
35,10,20,345.0,95.0,19.5,0.2000249767331143,0.7999750232668856,166.66666666666663
36,10,20,355.0,95.0,19.5,0.2000253913868521,0.7999746086131478,166.66666666666663
37,10,20,365.0,95.0,19.5,0.20002580953941299,0.799974190460587,166.66666666666663
38,10,20,375.0,95.0,19.5,0.20002623087126795,0.7999737691287321,166.66666666666663
39,10,20,385.0,95.0,19.5,0.20002665499232875,0.7999733450076713,166.66666666666663
40,10,20,395.0,95.0,19.5,0.20002708136343814,0.7999729186365618,166.66666666666663
41,10,20,405.0,95.0,19.5,0.20002750917581277,0.7999724908241872,166.66666666666663
42,10,20,415.0,95.0,19.5,0.20002793723550208,0.799972062764498,166.66666666666663
43,10,20,425.0,95.0,19.5,0.20002836373641686,0.7999716362635831,166.66666666666663
44,10,20,435.0,95.0,19.5,0.20002878581141387,0.7999712141885862,166.66666666666663
45,10,20,445.0,95.0,19.5,0.20002919885146145,0.7999708011485386,166.66666666666663
46,10,20,455.0,95.0,19.5,0.20002959544860033,0.7999704045513997,166.66666666666663
47,10,20,465.0,95.0,19.5,0.20002996379251844,0.7999700362074815,166.66666666666663
48,10,20,475.0,95.0,19.5,0.2000302856220373,0.7999697143779627,166.66666666666663
49,10,20,485.0,95.0,19.5,0.20003053457982842,0.7999694654201716,166.66666666666663
50,10,20,495.0,95.0,19.5,0.20003067770449592,0.7999693222955041,166.66666666666663
