i,j,k,x_m,y_m,depth_m,Sw,So,permeability_md
1,1,1,5.0,5.0,0.5,0.2785170923379992,0.7214829076620008,166.66666666666666
2,1,1,15.0,5.0,0.5,0.23452499454472794,0.765475005455272,166.66666666666666
3,1,1,25.0,5.0,0.5,0.20727687295522576,0.7927231270447742,166.66666666666666
4,1,1,35.0,5.0,0.5,0.20054409335847884,0.7994559066415212,166.66666666666666
5,1,1,45.0,5.0,0.5,0.20002792762471078,0.7999720723752892,166.66666666666666
6,1,1,55.0,5.0,0.5,0.20001486883440625,0.7999851311655938,166.66666666666666
7,1,1,65.0,5.0,0.5,0.2000148299898086,0.7999851700101914,166.66666666666666
8,1,1,75.0,5.0,0.5,0.20001518501295035,0.7999848149870497,166.66666666666666
9,1,1,85.0,5.0,0.5,0.2000155701481018,0.7999844298518982,166.66666666666666
10,1,1,95.0,5.0,0.5,0.2000159720776446,0.7999840279223553,166.66666666666666
11,1,1,105.0,5.0,0.5,0.2000163889647342,0.7999836110352658,166.66666666666666
12,1,1,115.0,5.0,0.5,0.20001682032345075,0.7999831796765493,166.66666666666666
13,1,1,125.0,5.0,0.5,0.20001726480722923,0.7999827351927707,166.66666666666666
14,1,1,135.0,5.0,0.5,0.20001772184270736,0.7999822781572926,166.66666666666666
15,1,1,145.0,5.0,0.5,0.20001819095606627,0.7999818090439337,166.66666666666666
16,1,1,155.0,5.0,0.5,0.20001867115966798,0.799981328840332,166.66666666666666
17,1,1,165.0,5.0,0.5,0.2000191618902341,0.799980838109766,166.66666666666666
18,1,1,175.0,5.0,0.5,0.20001966214800712,0.7999803378519929,166.66666666666666
19,1,1,185.0,5.0,0.5,0.2000201704663406,0.7999798295336594,166.66666666666666
20,1,1,195.0,5.0,0.5,0.20002068490809563,0.7999793150919043,166.66666666666666
21,1,1,205.0,5.0,0.5,0.20002120259671666,0.7999787974032834,166.66666666666666
22,1,1,215.0,5.0,0.5,0.20002172019705125,0.7999782798029488,166.66666666666666
23,1,1,225.0,5.0,0.5,0.20002223455950283,0.7999777654404971,166.66666666666666
24,1,1,235.0,5.0,0.5,0.20002274360814135,0.7999772563918587,166.66666666666666
25,1,1,245.0,5.0,0.5,0.2000232464149501,0.7999767535850499,166.66666666666666
26,1,1,255.0,5.0,0.5,0.20002374334018413,0.7999762566598159,166.66666666666666
27,1,1,265.0,5.0,0.5,0.2000242356796377,0.7999757643203623,166.66666666666666
28,1,1,275.0,5.0,0.5,0.2000247249568211,0.7999752750431789,166.66666666666666
29,1,1,285.0,5.0,0.5,0.20002521242448695,0.799974787575513,166.66666666666666
30,1,1,295.0,5.0,0.5,0.20002569892826366,0.7999743010717364,166.66666666666666
31,1,1,305.0,5.0,0.5,0.20002618497890992,0.7999738150210901,166.66666666666666
32,1,1,315.0,5.0,0.5,0.20002667087105835,0.7999733291289417,166.66666666666666
33,1,1,325.0,5.0,0.5,0.20002715677897756,0.7999728432210225,166.66666666666666
34,1,1,335.0,5.0,0.5,0.2000276428184176,0.7999723571815824,166.66666666666666
35,1,1,345.0,5.0,0.5,0.2000281290832966,0.7999718709167034,166.66666666666666
36,1,1,355.0,5.0,0.5,0.2000286156666197,0.7999713843333803,166.66666666666666
37,1,1,365.0,5.0,0.5,0.20002910267197874,0.7999708973280213,166.66666666666666
38,1,1,375.0,5.0,0.5,0.20002959021770056,0.7999704097822995,166.66666666666666
39,1,1,385.0,5.0,0.5,0.20003007843201595,0.7999699215679841,166.66666666666666
40,1,1,395.0,5.0,0.5,0.20003056743229988,0.7999694325677001,166.66666666666666
41,1,1,405.0,5.0,0.5,0.20003105727331508,0.799968942726685,166.66666666666666
42,1,1,415.0,5.0,0.5,0.200031547834478,0.799968452165522,166.66666666666666
43,1,1,425.0,5.0,0.5,0.20003203858959734,0.7999679614104027,166.66666666666666
44,1,1,435.0,5.0,0.5,0.2000325281555776,0.7999674718444224,166.66666666666666
45,1,1,445.0,5.0,0.5,0.20003301343722996,0.7999669865627701,166.66666666666666
46,1,1,455.0,5.0,0.5,0.20003348807452007,0.79996651192548,166.66666666666666
47,1,1,465.0,5.0,0.5,0.2000339397929614,0.7999660602070386,166.66666666666666
48,1,1,475.0,5.0,0.5,0.20003434637275339,0.7999656536272466,166.66666666666666
49,1,1,485.0,5.0,0.5,0.20003467099556413,0.7999653290044358,166.66666666666666
50,1,1,495.0,5.0,0.5,0.20003486149798927,0.7999651385020108,166.66666666666666
1,2,1,5.0,15.0,0.5,0.47415216258508336,0.5258478374149167,166.66666666666666
2,2,1,15.0,15.0,0.5,0.41581159822871006,0.58418840177129,166.66666666666666
3,2,1,25.0,15.0,0.5,0.3387634702469008,0.6612365297530992,166.66666666666666
4,2,1,35.0,15.0,0.5,0.26172161106506625,0.7382783889349338,166.66666666666666
5,2,1,45.0,15.0,0.5,0.21420513629985277,0.7857948637001473,166.66666666666666
6,2,1,55.0,15.0,0.5,0.2013659595226571,0.7986340404773429,166.66666666666666
7,2,1,65.0,15.0,0.5,0.20006861466197412,0.7999313853380259,166.66666666666666
8,2,1,75.0,15.0,0.5,0.20001689803809808,0.7999831019619019,166.66666666666666
9,2,1,85.0,15.0,0.5,0.20001564912174005,0.7999843508782599,166.66666666666666
10,2,1,95.0,15.0,0.5,0.2000159691888888,0.7999840308111112,166.66666666666666
11,2,1,105.0,15.0,0.5,0.20001638373558372,0.7999836162644163,166.66666666666666
12,2,1,115.0,15.0,0.5,0.2000168154807153,0.7999831845192847,166.66666666666666
13,2,1,125.0,15.0,0.5,0.20001726053731098,0.799982739462689,166.66666666666666
14,2,1,135.0,15.0,0.5,0.2000177177279707,0.7999822822720293,166.66666666666666
15,2,1,145.0,15.0,0.5,0.2000181870713336,0.7999818129286664,166.66666666666666
16,2,1,155.0,15.0,0.5,0.2000186674124577,0.7999813325875423,166.66666666666666
17,2,1,165.0,15.0,0.5,0.20001915806987283,0.7999808419301272,166.66666666666666
18,2,1,175.0,15.0,0.5,0.20001965828712656,0.7999803417128735,166.66666666666666
19,2,1,185.0,15.0,0.5,0.20002016645763424,0.7999798335423658,166.66666666666666
20,2,1,195.0,15.0,0.5,0.2000206809252991,0.7999793190747009,166.66666666666666
21,2,1,205.0,15.0,0.5,0.2000211989875444,0.7999788010124556,166.66666666666666
22,2,1,215.0,15.0,0.5,0.2000217176029053,0.7999782823970947,166.66666666666666
23,2,1,225.0,15.0,0.5,0.20002223351492796,0.799977766485072,166.66666666666666
24,2,1,235.0,15.0,0.5,0.20002274411035248,0.7999772558896475,166.66666666666666
25,2,1,245.0,15.0,0.5,0.20002324790706585,0.7999767520929342,166.66666666666666
26,2,1,255.0,15.0,0.5,0.2000237450870385,0.7999762549129615,166.66666666666666
27,2,1,265.0,15.0,0.5,0.20002423715453366,0.7999757628454663,166.66666666666666
28,2,1,275.0,15.0,0.5,0.20002472597541054,0.7999752740245895,166.66666666666666
29,2,1,285.0,15.0,0.5,0.2000252130271748,0.7999747869728252,166.66666666666666
30,2,1,295.0,15.0,0.5,0.20002569922733268,0.7999743007726673,166.66666666666666
31,2,1,305.0,15.0,0.5,0.20002618507564535,0.7999738149243547,166.66666666666666
32,2,1,315.0,15.0,0.5,0.20002667083250691,0.7999733291674931,166.66666666666666
33,2,1,325.0,15.0,0.5,0.2000271566404019,0.7999728433595981,166.66666666666666
34,2,1,335.0,15.0,0.5,0.20002764259211075,0.7999723574078892,166.66666666666666
35,2,1,345.0,15.0,0.5,0.2000281287663052,0.7999718712336947,166.66666666666666
36,2,1,355.0,15.0,0.5,0.20002861524688292,0.7999713847531171,166.66666666666666
37,2,1,365.0,15.0,0.5,0.20002910213414007,0.79997089786586,166.66666666666666
38,2,1,375.0,15.0,0.5,0.20002958955162148,0.7999704104483785,166.66666666666666
39,2,1,385.0,15.0,0.5,0.20003007764843764,0.7999699223515624,166.66666666666666
40,2,1,395.0,15.0,0.5,0.20003056659383844,0.7999694334061616,166.66666666666666
41,2,1,405.0,15.0,0.5,0.20003105655541367,0.7999689434445864,166.66666666666666
42,2,1,415.0,15.0,0.5,0.200031547642913,0.799968452357087,166.66666666666666
43,2,1,425.0,15.0,0.5,0.20003203978064632,0.7999679602193537,166.66666666666666
44,2,1,435.0,15.0,0.5,0.2000325324346306,0.7999674675653694,166.66666666666666
45,2,1,445.0,15.0,0.5,0.2000330240376227,0.7999669759623773,166.66666666666666
46,2,1,455.0,15.0,0.5,0.20003351078502038,0.7999664892149796,166.66666666666666
47,2,1,465.0,15.0,0.5,0.2000339841333784,0.7999660158666216,166.66666666666666
48,2,1,475.0,15.0,0.5,0.20003442576250366,0.7999655742374964,166.66666666666666
49,2,1,485.0,15.0,0.5,0.20003479845038144,0.7999652015496186,166.66666666666666
50,2,1,495.0,15.0,0.5,0.20003503443498646,0.7999649655650135,166.66666666666666
1,3,1,5.0,25.0,0.5,0.5926106983854683,0.4073893016145317,166.66666666666666
2,3,1,15.0,25.0,0.5,0.5421179606155486,0.4578820393844514,166.66666666666666
3,3,1,25.0,25.0,0.5,0.4821662619050964,0.5178337380949036,166.66666666666666
4,3,1,35.0,25.0,0.5,0.40726422041387905,0.592735779586121,166.66666666666666
5,3,1,45.0,25.0,0.5,0.31907759971601285,0.6809224002839871,166.66666666666666
6,3,1,55.0,25.0,0.5,0.24483672398114759,0.7551632760188525,166.66666666666666
7,3,1,65.0,25.0,0.5,0.20936052733072993,0.79063947266927,166.66666666666666
8,3,1,75.0,25.0,0.5,0.20095761127651443,0.7990423887234855,166.66666666666666
9,3,1,85.0,25.0,0.5,0.2000603600252638,0.7999396399747362,166.66666666666666
10,3,1,95.0,25.0,0.5,0.2000178408613529,0.7999821591386471,166.66666666666666
11,3,1,105.0,25.0,0.5,0.20001648658073173,0.7999835134192683,166.66666666666666
12,3,1,115.0,25.0,0.5,0.20001681300825472,0.7999831869917453,166.66666666666666
13,3,1,125.0,25.0,0.5,0.20001725412834273,0.7999827458716573,166.66666666666666
14,3,1,135.0,25.0,0.5,0.20001771161270504,0.7999822883872949,166.66666666666666
15,3,1,145.0,25.0,0.5,0.20001818131305235,0.7999818186869476,166.66666666666666
16,3,1,155.0,25.0,0.5,0.20001866167384377,0.7999813383261563,166.66666666666666
17,3,1,165.0,25.0,0.5,0.20001915241645626,0.7999808475835437,166.66666666666666
18,3,1,175.0,25.0,0.5,0.20001965250203793,0.7999803474979621,166.66666666666666
19,3,1,185.0,25.0,0.5,0.20002016052682872,0.7999798394731713,166.66666666666666
20,3,1,195.0,25.0,0.5,0.20002067502557402,0.799979324974426,166.66666666666666
21,3,1,205.0,25.0,0.5,0.20002119356204798,0.799978806437952,166.66666666666666
22,3,1,215.0,25.0,0.5,0.2000217134287952,0.7999782865712048,166.66666666666666
23,3,1,225.0,25.0,0.5,0.20002223137469533,0.7999777686253047,166.66666666666666
24,3,1,235.0,25.0,0.5,0.20002274428312478,0.7999772557168752,166.66666666666666
25,3,1,245.0,25.0,0.5,0.2000232498767928,0.7999767501232072,166.66666666666666
26,3,1,255.0,25.0,0.5,0.20002374773827014,0.7999762522617299,166.66666666666666
27,3,1,265.0,25.0,0.5,0.200024239495541,0.7999757605044591,166.66666666666666
28,3,1,275.0,25.0,0.5,0.20002472759934006,0.7999752724006599,166.66666666666666
29,3,1,285.0,25.0,0.5,0.2000252139683969,0.7999747860316031,166.66666666666666
30,3,1,295.0,25.0,0.5,0.20002569966773168,0.7999743003322684,166.66666666666666
31,3,1,305.0,25.0,0.5,0.20002618518239793,0.7999738148176021,166.66666666666666
32,3,1,315.0,25.0,0.5,0.20002667071338331,0.7999733292866167,166.66666666666666
33,3,1,325.0,25.0,0.5,0.20002715634870932,0.7999728436512907,166.66666666666666
34,3,1,335.0,25.0,0.5,0.20002764214160493,0.799972357858395,166.66666666666666
35,3,1,345.0,25.0,0.5,0.20002812814409085,0.7999718718559091,166.66666666666666
36,3,1,355.0,25.0,0.5,0.20002861442261533,0.7999713855773847,166.66666666666666
37,3,1,365.0,25.0,0.5,0.20002910106856092,0.7999708989314391,166.66666666666666
38,3,1,375.0,25.0,0.5,0.20002958820869834,0.7999704117913017,166.66666666666666
39,3,1,385.0,25.0,0.5,0.20003007601864053,0.7999699239813595,166.66666666666666
40,3,1,395.0,25.0,0.5,0.20003056474133601,0.7999694352586639,166.66666666666666
41,3,1,405.0,25.0,0.5,0.2000310547132875,0.7999689452867125,166.66666666666666
42,3,1,415.0,25.0,0.5,0.2000315464015287,0.7999684535984712,166.66666666666666
43,3,1,425.0,25.0,0.5,0.20003204045374065,0.7999679595462593,166.66666666666666
44,3,1,435.0,25.0,0.5,0.2000325377505922,0.7999674622494077,166.66666666666666
45,3,1,445.0,25.0,0.5,0.200033039416416,0.799966960583584,166.66666666666666
46,3,1,455.0,25.0,0.5,0.20003354656093095,0.799966453439069,166.66666666666666
47,3,1,465.0,25.0,0.5,0.20003405893817,0.79996594106183,166.66666666666666
48,3,1,475.0,25.0,0.5,0.2000345699324818,0.7999654300675182,166.66666666666666
49,3,1,485.0,25.0,0.5,0.20003505083000994,0.7999649491699901,166.66666666666666
50,3,1,495.0,25.0,0.5,0.2000354105145968,0.7999645894854032,166.66666666666666
1,4,1,5.0,35.0,0.5,0.6770287218455908,0.3229712781544092,166.66666666666666
2,4,1,15.0,35.0,0.5,0.6222750129452052,0.37772498705479485,166.66666666666666
3,4,1,25.0,35.0,0.5,0.5642090867972153,0.43579091320278474,166.66666666666666
4,4,1,35.0,35.0,0.5,0.5022116030167295,0.4977883969832705,166.66666666666666
5,4,1,45.0,35.0,0.5,0.4297465649807337,0.5702534350192663,166.66666666666666
6,4,1,55.0,35.0,0.5,0.34278279722183636,0.6572172027781636,166.66666666666666
7,4,1,65.0,35.0,0.5,0.26309609483640667,0.7369039051635933,166.66666666666666
8,4,1,75.0,35.0,0.5,0.21683044058080514,0.7831695594191949,166.66666666666666
9,4,1,85.0,35.0,0.5,0.20248345046870922,0.7975165495312908,166.66666666666666
10,4,1,95.0,35.0,0.5,0.20018627094203478,0.7998137290579652,166.66666666666666
11,4,1,105.0,35.0,0.5,0.20002436202221432,0.7999756379777857,166.66666666666666
12,4,1,115.0,35.0,0.5,0.20001723411315953,0.7999827658868405,166.66666666666666
13,4,1,125.0,35.0,0.5,0.20001727067889216,0.7999827293211078,166.66666666666666
14,4,1,135.0,35.0,0.5,0.20001770770102703,0.799982292298973,166.66666666666666
15,4,1,145.0,35.0,0.5,0.20001817635963162,0.7999818236403684,166.66666666666666
16,4,1,155.0,35.0,0.5,0.20001865703739505,0.7999813429626049,166.66666666666666
17,4,1,165.0,35.0,0.5,0.20001914780494442,0.7999808521950555,166.66666666666666
18,4,1,175.0,35.0,0.5,0.20001964767253672,0.7999803523274633,166.66666666666666
19,4,1,185.0,35.0,0.5,0.20002015569394244,0.7999798443060575,166.66666666666666
20,4,1,195.0,35.0,0.5,0.2000206700900273,0.7999793299099727,166.66666666666666
21,4,1,205.0,35.0,0.5,0.20002118897599203,0.799978811024008,166.66666666666666
22,4,1,215.0,35.0,0.5,0.20002170969527502,0.799978290304725,166.66666666666666
23,4,1,225.0,35.0,0.5,0.2000222291716021,0.7999777708283979,166.66666666666666
24,4,1,235.0,35.0,0.5,0.20002274400808973,0.7999772559919103,166.66666666666666
25,4,1,245.0,35.0,0.5,0.20002325134437332,0.7999767486556266,166.66666666666666
26,4,1,255.0,35.0,0.5,0.2000237500758222,0.7999762499241778,166.66666666666666
27,4,1,265.0,35.0,0.5,0.20002424166937055,0.7999757583306295,166.66666666666666
28,4,1,275.0,35.0,0.5,0.20002472909495886,0.7999752709050412,166.66666666666666
29,4,1,285.0,35.0,0.5,0.2000252147833115,0.7999747852166885,166.66666666666666
30,4,1,295.0,35.0,0.5,0.20002569998033248,0.7999743000196675,166.66666666666666
31,4,1,305.0,35.0,0.5,0.2000261851569425,0.7999738148430575,166.66666666666666
32,4,1,315.0,35.0,0.5,0.20002667044940592,0.7999733295505941,166.66666666666666
33,4,1,325.0,35.0,0.5,0.2000271558866648,0.7999728441133351,166.66666666666666
34,4,1,335.0,35.0,0.5,0.20002764147881644,0.7999723585211835,166.66666666666666
35,4,1,345.0,35.0,0.5,0.2000281272466705,0.7999718727533295,166.66666666666666
36,4,1,355.0,35.0,0.5,0.20002861323301288,0.7999713867669871,166.66666666666666
37,4,1,365.0,35.0,0.5,0.20002909951121617,0.7999709004887838,166.66666666666666
38,4,1,375.0,35.0,0.5,0.2000295861984101,0.79997041380159,166.66666666666666
39,4,1,385.0,35.0,0.5,0.20003007347830565,0.7999699265216944,166.66666666666666
40,4,1,395.0,35.0,0.5,0.2000305616413655,0.7999694383586344,166.66666666666666
41,4,1,405.0,35.0,0.5,0.20003105115570097,0.799968948844299,166.66666666666666
42,4,1,415.0,35.0,0.5,0.20003154279447438,0.7999684572055257,166.66666666666666
43,4,1,425.0,35.0,0.5,0.20003203786813523,0.7999679621318647,166.66666666666666
44,4,1,435.0,35.0,0.5,0.20003253865412032,0.7999674613458797,166.66666666666666
45,4,1,445.0,35.0,0.5,0.20003304918077772,0.7999669508192223,166.66666666666666
46,4,1,455.0,35.0,0.5,0.2000335766108501,0.7999664233891499,166.66666666666666
47,4,1,465.0,35.0,0.5,0.20003413335318068,0.7999658666468193,166.66666666666666
48,4,1,475.0,35.0,0.5,0.20003473824876367,0.7999652617512363,166.66666666666666
49,4,1,485.0,35.0,0.5,0.200035404886389,0.799964595113611,166.66666666666666
50,4,1,495.0,35.0,0.5,0.20003606284654188,0.7999639371534581,166.66666666666666
1,5,1,5.0,45.0,0.5,0.7497362872018329,0.25026371279816706,166.66666666666666
2,5,1,15.0,45.0,0.5,0.6925382650961297,0.3074617349038703,166.66666666666666
3,5,1,25.0,45.0,0.5,0.6304941931960861,0.36950580680391387,166.66666666666666
4,5,1,35.0,45.0,0.5,0.5700433058063236,0.42995669419367644,166.66666666666666
5,5,1,45.0,45.0,0.5,0.5091533104580065,0.4908466895419935,166.66666666666666
6,5,1,55.0,45.0,0.5,0.4410002059333287,0.5589997940666713,166.66666666666666
7,5,1,65.0,45.0,0.5,0.3607456918936623,0.6392543081063378,166.66666666666666
8,5,1,75.0,45.0,0.5,0.28178097916029604,0.7182190208397039,166.66666666666666
9,5,1,85.0,45.0,0.5,0.22686750612961815,0.7731324938703819,166.66666666666666
10,5,1,95.0,45.0,0.5,0.20516301260712216,0.7948369873928778,166.66666666666666
11,5,1,105.0,45.0,0.5,0.20050294081189957,0.7994970591881004,166.66666666666666
12,5,1,115.0,45.0,0.5,0.2000417786409284,0.7999582213590716,166.66666666666666
13,5,1,125.0,45.0,0.5,0.200018269855436,0.799981730144564,166.66666666666666
14,5,1,135.0,45.0,0.5,0.20001776432709606,0.7999822356729039,166.66666666666666
15,5,1,145.0,45.0,0.5,0.2000181777305045,0.7999818222694954,166.66666666666666
16,5,1,155.0,45.0,0.5,0.20001865603708652,0.7999813439629135,166.66666666666666
17,5,1,165.0,45.0,0.5,0.20001914680987903,0.7999808531901209,166.66666666666666
18,5,1,175.0,45.0,0.5,0.20001964664328464,0.7999803533567154,166.66666666666666
19,5,1,185.0,45.0,0.5,0.20002015437239537,0.7999798456276046,166.66666666666666
20,5,1,195.0,45.0,0.5,0.20002066872338878,0.7999793312766112,166.66666666666666
21,5,1,205.0,45.0,0.5,0.2000211874990639,0.7999788125009362,166.66666666666666
22,5,1,215.0,45.0,0.5,0.20002170844068543,0.7999782915593145,166.66666666666666
23,5,1,225.0,45.0,0.5,0.20002222837611294,0.7999777716238871,166.66666666666666
24,5,1,235.0,45.0,0.5,0.20002274391799074,0.7999772560820093,166.66666666666666
25,5,1,245.0,45.0,0.5,0.20002325196740703,0.799976748032593,166.66666666666666
26,5,1,255.0,45.0,0.5,0.20002375108759604,0.7999762489124039,166.66666666666666
27,5,1,265.0,45.0,0.5,0.20002424258598345,0.7999757574140165,166.66666666666666
28,5,1,275.0,45.0,0.5,0.20002472964340232,0.7999752703565977,166.66666666666666
29,5,1,285.0,45.0,0.5,0.20002521496328549,0.7999747850367145,166.66666666666666
30,5,1,295.0,45.0,0.5,0.20002569988500724,0.7999743001149928,166.66666666666666
31,5,1,305.0,45.0,0.5,0.20002618486234797,0.7999738151376521,166.66666666666666
32,5,1,315.0,45.0,0.5,0.20002666998837484,0.7999733300116252,166.66666666666666
33,5,1,325.0,45.0,0.5,0.20002715525344703,0.799972844746553,166.66666666666666
34,5,1,335.0,45.0,0.5,0.2000276406365169,0.7999723593634831,166.66666666666666
35,5,1,345.0,45.0,0.5,0.2000281261312876,0.7999718738687124,166.66666666666666
36,5,1,355.0,45.0,0.5,0.200028611753493,0.7999713882465069,166.66666666666666
37,5,1,365.0,45.0,0.5,0.20002909754724604,0.7999709024527539,166.66666666666666
38,5,1,375.0,45.0,0.5,0.20002958359774647,0.7999704164022535,166.66666666666666
39,5,1,385.0,45.0,0.5,0.20003007005682727,0.7999699299431727,166.66666666666666
40,5,1,395.0,45.0,0.5,0.20003055719135004,0.7999694428086499,166.66666666666666
41,5,1,405.0,45.0,0.5,0.2000310454732949,0.7999689545267051,166.66666666666666
42,5,1,415.0,45.0,0.5,0.20003153574796184,0.7999684642520382,166.66666666666666
43,5,1,425.0,45.0,0.5,0.20003202955295418,0.7999679704470458,166.66666666666666
44,5,1,435.0,45.0,0.5,0.20003252973824717,0.7999674702617529,166.66666666666666
45,5,1,445.0,45.0,0.5,0.20003304172196051,0.7999669582780395,166.66666666666666
46,5,1,455.0,45.0,0.5,0.20003357619808168,0.7999664238019183,166.66666666666666
47,5,1,465.0,45.0,0.5,0.20003415542405123,0.7999658445759488,166.66666666666666
48,5,1,475.0,45.0,0.5,0.2000348286167663,0.7999651713832336,166.66666666666666
49,5,1,485.0,45.0,0.5,0.200035700536842,0.799964299463158,166.66666666666666
50,5,1,495.0,45.0,0.5,0.20003681218188665,0.7999631878181134,166.66666666666666
1,6,1,5.0,55.0,0.5,0.6812457652196111,0.3187542347803889,166.66666666666666
2,6,1,15.0,55.0,0.5,0.6287288464345877,0.3712711535654123,166.66666666666666
3,6,1,25.0,55.0,0.5,0.5731090604918528,0.42689093950814716,166.66666666666666
4,6,1,35.0,55.0,0.5,0.514200247734079,0.485799752265921,166.66666666666666
5,6,1,45.0,55.0,0.5,0.4464164958061731,0.5535835041938268,166.66666666666666
6,6,1,55.0,55.0,0.5,0.3634033029607769,0.6365966970392232,166.66666666666666
7,6,1,65.0,55.0,0.5,0.2813521107376936,0.7186478892623064,166.66666666666666
8,6,1,75.0,55.0,0.5,0.22615703135347792,0.773842968646522,166.66666666666666
9,6,1,85.0,55.0,0.5,0.20496060247585193,0.7950393975241481,166.66666666666666
10,6,1,95.0,55.0,0.5,0.20047742407167643,0.7995225759283235,166.66666666666666
11,6,1,105.0,55.0,0.5,0.2000414884278952,0.7999585115721048,166.66666666666666
12,6,1,115.0,55.0,0.5,0.20001797432969318,0.7999820256703069,166.66666666666666
13,6,1,125.0,55.0,0.5,0.20001732589275112,0.7999826741072489,166.66666666666666
14,6,1,135.0,55.0,0.5,0.20001771386487577,0.7999822861351242,166.66666666666666
15,6,1,145.0,55.0,0.5,0.20001818007853525,0.7999818199214648,166.66666666666666
16,6,1,155.0,55.0,0.5,0.20001866027559742,0.7999813397244026,166.66666666666666
17,6,1,165.0,55.0,0.5,0.20001915089527583,0.7999808491047242,166.66666666666666
18,6,1,175.0,55.0,0.5,0.20001965036024055,0.7999803496397595,166.66666666666666
19,6,1,185.0,55.0,0.5,0.2000201579678268,0.7999798420321732,166.66666666666666
20,6,1,195.0,55.0,0.5,0.20002067185590036,0.7999793281440997,166.66666666666666
21,6,1,205.0,55.0,0.5,0.2000211901991138,0.7999788098008862,166.66666666666666
22,6,1,215.0,55.0,0.5,0.20002171048669906,0.799978289513301,166.66666666666666
23,6,1,225.0,55.0,0.5,0.20002222968530936,0.7999777703146906,166.66666666666666
24,6,1,235.0,55.0,0.5,0.20002274439223283,0.7999772556077671,166.66666666666666
25,6,1,245.0,55.0,0.5,0.2000232516578415,0.7999767483421585,166.66666666666666
26,6,1,255.0,55.0,0.5,0.20002375025011362,0.7999762497498863,166.66666666666666
27,6,1,265.0,55.0,0.5,0.2000242415984964,0.7999757584015036,166.66666666666666
28,6,1,275.0,55.0,0.5,0.20002472875629312,0.7999752712437069,166.66666666666666
29,6,1,285.0,55.0,0.5,0.20002521422285602,0.799974785777144,166.66666666666666
30,6,1,295.0,55.0,0.5,0.2000256992413141,0.7999743007586859,166.66666666666666
31,6,1,305.0,55.0,0.5,0.20002618424569724,0.7999738157543028,166.66666666666666
32,6,1,315.0,55.0,0.5,0.20002666933019092,0.7999733306698091,166.66666666666666
33,6,1,325.0,55.0,0.5,0.20002715448416022,0.7999728455158398,166.66666666666666
34,6,1,335.0,55.0,0.5,0.20002763967821438,0.7999723603217856,166.66666666666666
35,6,1,345.0,55.0,0.5,0.2000281248887986,0.7999718751112014,166.66666666666666
36,6,1,355.0,55.0,0.5,0.2000286101043072,0.7999713898956928,166.66666666666666
37,6,1,365.0,55.0,0.5,0.2000290953288186,0.7999709046711814,166.66666666666666
38,6,1,375.0,55.0,0.5,0.20002958059069778,0.7999704194093022,166.66666666666666
39,6,1,385.0,55.0,0.5,0.2000300659616193,0.7999699340383807,166.66666666666666
40,6,1,395.0,55.0,0.5,0.20003055159456054,0.7999694484054395,166.66666666666666
41,6,1,405.0,55.0,0.5,0.20003103779623793,0.799968962203762,166.66666666666666
42,6,1,415.0,55.0,0.5,0.20003152516270126,0.7999684748372987,166.66666666666666
43,6,1,425.0,55.0,0.5,0.2000320148303713,0.7999679851696286,166.66666666666666
44,6,1,435.0,55.0,0.5,0.20003250893723024,0.7999674910627698,166.66666666666666
45,6,1,445.0,55.0,0.5,0.20003301145607272,0.7999669885439273,166.66666666666666
46,6,1,455.0,55.0,0.5,0.2000335296313013,0.7999664703686987,166.66666666666666
47,6,1,465.0,55.0,0.5,0.20003407607852985,0.7999659239214701,166.66666666666666
48,6,1,475.0,55.0,0.5,0.20003466977674256,0.7999653302232574,166.66666666666666
49,6,1,485.0,55.0,0.5,0.20003532412229003,0.7999646758777099,166.66666666666666
50,6,1,495.0,55.0,0.5,0.20003596912050192,0.7999640308794981,166.66666666666666
1,7,1,5.0,65.0,0.5,0.6044624767209273,0.39553752327907266,166.66666666666666
2,7,1,15.0,65.0,0.5,0.5571676954052811,0.4428323045947189,166.66666666666666
3,7,1,25.0,65.0,0.5,0.5019232359857945,0.49807676401420553,166.66666666666666
4,7,1,35.0,65.0,0.5,0.4344486759533867,0.5655513240466132,166.66666666666666
5,7,1,45.0,65.0,0.5,0.3503885579063019,0.649611442093698,166.66666666666666
6,7,1,55.0,65.0,0.5,0.2698102074590916,0.7301897925409084,166.66666666666666
7,7,1,65.0,65.0,0.5,0.21999224819002414,0.7800077518099758,166.66666666666666
8,7,1,75.0,65.0,0.5,0.2032272026629646,0.7967727973370354,166.66666666666666
9,7,1,85.0,65.0,0.5,0.20025766511645596,0.7997423348835441,166.66666666666666
10,7,1,95.0,65.0,0.5,0.20002769345723728,0.7999723065427627,166.66666666666666
11,7,1,105.0,65.0,0.5,0.20001699147618118,0.7999830085238189,166.66666666666666
12,7,1,115.0,65.0,0.5,0.20001685379161652,0.7999831462083835,166.66666666666666
13,7,1,125.0,65.0,0.5,0.20001726518179644,0.7999827348182036,166.66666666666666
14,7,1,135.0,65.0,0.5,0.20001772039104646,0.7999822796089535,166.66666666666666
15,7,1,145.0,65.0,0.5,0.20001818911213087,0.7999818108878691,166.66666666666666
16,7,1,155.0,65.0,0.5,0.20001866915198394,0.799981330848016,166.66666666666666
17,7,1,165.0,65.0,0.5,0.20001915924049857,0.7999808407595015,166.66666666666666
18,7,1,175.0,65.0,0.5,0.20001965867041185,0.7999803413295882,166.66666666666666
19,7,1,185.0,65.0,0.5,0.2000201658679176,0.7999798341320824,166.66666666666666
20,7,1,195.0,65.0,0.5,0.2000206792002473,0.7999793207997528,166.66666666666666
21,7,1,205.0,65.0,0.5,0.2000211965814663,0.7999788034185337,166.66666666666666
22,7,1,215.0,65.0,0.5,0.2000217154034537,0.7999782845965463,166.66666666666666
23,7,1,225.0,65.0,0.5,0.20002223263162383,0.7999777673683761,166.66666666666666
24,7,1,235.0,65.0,0.5,0.2000227450986361,0.799977254901364,166.66666666666666
25,7,1,245.0,65.0,0.5,0.20002325035022692,0.7999767496497731,166.66666666666666
26,7,1,255.0,65.0,0.5,0.20002374779641066,0.7999762522035894,166.66666666666666
27,7,1,265.0,65.0,0.5,0.20002423906188277,0.7999757609381173,166.66666666666666
28,7,1,275.0,65.0,0.5,0.20002472671955265,0.7999752732804474,166.66666666666666
29,7,1,285.0,65.0,0.5,0.2000252127439862,0.7999747872560138,166.66666666666666
30,7,1,295.0,65.0,0.5,0.20002569816345903,0.799974301836541,166.66666666666666
31,7,1,305.0,65.0,0.5,0.2000261833896343,0.7999738166103657,166.66666666666666
32,7,1,315.0,65.0,0.5,0.20002666854856221,0.7999733314514378,166.66666666666666
33,7,1,325.0,65.0,0.5,0.20002715365803206,0.799972846341968,166.66666666666666
34,7,1,335.0,65.0,0.5,0.20002763869942639,0.7999723613005736,166.66666666666666
35,7,1,345.0,65.0,0.5,0.20002812364183897,0.799971876358161,166.66666666666666
36,7,1,355.0,65.0,0.5,0.20002860844800086,0.7999713915519991,166.66666666666666
37,7,1,365.0,65.0,0.5,0.20002909307526304,0.7999709069247369,166.66666666666666
38,7,1,375.0,65.0,0.5,0.20002957747670352,0.7999704225232964,166.66666666666666
39,7,1,385.0,65.0,0.5,0.20003006160589226,0.7999699383941077,166.66666666666666
40,7,1,395.0,65.0,0.5,0.20003054542907622,0.7999694545709237,166.66666666666666
41,7,1,405.0,65.0,0.5,0.20003102895104272,0.7999689710489573,166.66666666666666
42,7,1,415.0,65.0,0.5,0.20003151226413388,0.7999684877358662,166.66666666666666
43,7,1,425.0,65.0,0.5,0.2000319956323895,0.7999680043676105,166.66666666666666
44,7,1,435.0,65.0,0.5,0.20003247961587492,0.7999675203841251,166.66666666666666
45,7,1,445.0,65.0,0.5,0.20003296519414107,0.799967034805859,166.66666666666666
46,7,1,455.0,65.0,0.5,0.20003345366371364,0.7999665463362864,166.66666666666666
47,7,1,465.0,65.0,0.5,0.20003394546873712,0.7999660545312629,166.66666666666666
48,7,1,475.0,65.0,0.5,0.20003443532272577,0.7999655646772742,166.66666666666666
49,7,1,485.0,65.0,0.5,0.20003489668103647,0.7999651033189635,166.66666666666666
50,7,1,495.0,65.0,0.5,0.2000352422893271,0.7999647577106729,166.66666666666666
1,8,1,5.0,75.0,0.5,0.506840558201413,0.49315944179858695,166.66666666666666
2,8,1,15.0,75.0,0.5,0.4563780276400066,0.5436219723599933,166.66666666666666
3,8,1,25.0,75.0,0.5,0.38772639055704594,0.6122736094429541,166.66666666666666
4,8,1,35.0,75.0,0.5,0.3074366413540143,0.6925633586459857,166.66666666666666
5,8,1,45.0,75.0,0.5,0.24010045317091866,0.7598995468290813,166.66666666666666
6,8,1,55.0,75.0,0.5,0.2081890336636749,0.7918109663363251,166.66666666666666
7,8,1,65.0,75.0,0.5,0.2008092694487159,0.7991907305512841,166.66666666666666
8,8,1,75.0,75.0,0.5,0.20005246684727274,0.7999475331527273,166.66666666666666
9,8,1,85.0,75.0,0.5,0.2000171520925877,0.7999828479074123,166.66666666666666
10,8,1,95.0,75.0,0.5,0.20001608348467245,0.7999839165153275,166.66666666666666
11,8,1,105.0,75.0,0.5,0.20001640864553105,0.799983591354469,166.66666666666666
12,8,1,115.0,75.0,0.5,0.20001683370573436,0.7999831662942656,166.66666666666666
13,8,1,125.0,75.0,0.5,0.2000172762814371,0.7999827237185629,166.66666666666666
14,8,1,135.0,75.0,0.5,0.20001773239748347,0.7999822676025166,166.66666666666666
15,8,1,145.0,75.0,0.5,0.20001820040631227,0.7999817995936878,166.66666666666666
16,8,1,155.0,75.0,0.5,0.20001868003722836,0.7999813199627717,166.66666666666666
17,8,1,165.0,75.0,0.5,0.20001917008746337,0.7999808299125366,166.66666666666666
18,8,1,175.0,75.0,0.5,0.20001966923444667,0.7999803307655533,166.66666666666666
19,8,1,185.0,75.0,0.5,0.20002017618829146,0.7999798238117085,166.66666666666666
20,8,1,195.0,75.0,0.5,0.20002068875704473,0.7999793112429553,166.66666666666666
21,8,1,205.0,75.0,0.5,0.20002120475580973,0.7999787952441902,166.66666666666666
22,8,1,215.0,75.0,0.5,0.20002172138527108,0.7999782786147289,166.66666666666666
23,8,1,225.0,75.0,0.5,0.20002223577846479,0.7999777642215352,166.66666666666666
24,8,1,235.0,75.0,0.5,0.2000227452242658,0.7999772547757342,166.66666666666666
25,8,1,245.0,75.0,0.5,0.20002324808776767,0.7999767519122323,166.66666666666666
26,8,1,255.0,75.0,0.5,0.20002374446305068,0.7999762555369493,166.66666666666666
27,8,1,265.0,75.0,0.5,0.20002423588609194,0.799975764113908,166.66666666666666
28,8,1,275.0,75.0,0.5,0.20002472425448267,0.7999752757455173,166.66666666666666
29,8,1,285.0,75.0,0.5,0.20002521099973772,0.7999747890002623,166.66666666666666
30,8,1,295.0,75.0,0.5,0.2000256969421449,0.7999743030578551,166.66666666666666
31,8,1,305.0,75.0,0.5,0.2000261824777606,0.7999738175222394,166.66666666666666
32,8,1,315.0,75.0,0.5,0.20002666777395653,0.7999733322260435,166.66666666666666
33,8,1,325.0,75.0,0.5,0.20002715288670597,0.7999728471132941,166.66666666666666
34,8,1,335.0,75.0,0.5,0.20002763781679042,0.7999723621832096,166.66666666666666
35,8,1,345.0,75.0,0.5,0.20002812253189958,0.7999718774681004,166.66666666666666
36,8,1,355.0,75.0,0.5,0.20002860697258126,0.7999713930274187,166.66666666666666
37,8,1,365.0,75.0,0.5,0.20002909104976824,0.7999709089502318,166.66666666666666
38,8,1,375.0,75.0,0.5,0.2000295746369943,0.7999704253630057,166.66666666666666
39,8,1,385.0,75.0,0.5,0.20003005755748038,0.7999699424425196,166.66666666666666
40,8,1,395.0,75.0,0.5,0.20003053956443254,0.7999694604355675,166.66666666666666
41,8,1,405.0,75.0,0.5,0.20003102031032916,0.7999689796896708,166.66666666666666
42,8,1,415.0,75.0,0.5,0.20003149929601005,0.79996850070399,166.66666666666666
43,8,1,425.0,75.0,0.5,0.20003197577842077,0.7999680242215792,166.66666666666666
44,8,1,435.0,75.0,0.5,0.2000324485863369,0.799967551413663,166.66666666666666
45,8,1,445.0,75.0,0.5,0.20003291572126988,0.7999670842787301,166.66666666666666
46,8,1,455.0,75.0,0.5,0.20003337345080588,0.7999666265491941,166.66666666666666
47,8,1,465.0,75.0,0.5,0.200033814239651,0.7999661857603491,166.66666666666666
48,8,1,475.0,75.0,0.5,0.20003422225622886,0.7999657777437712,166.66666666666666
49,8,1,485.0,75.0,0.5,0.20003456483776844,0.7999654351622316,166.66666666666666
50,8,1,495.0,75.0,0.5,0.2000347812217559,0.7999652187782441,166.66666666666666
1,9,1,5.0,85.0,0.5,0.3533994192170019,0.6466005807829981,166.66666666666666
2,9,1,15.0,85.0,0.5,0.29638233754452353,0.7036176624554764,166.66666666666666
3,9,1,25.0,85.0,0.5,0.2401561844765544,0.7598438155234456,166.66666666666666
4,9,1,35.0,85.0,0.5,0.20843688987936476,0.7915631101206353,166.66666666666666
5,9,1,45.0,85.0,0.5,0.2007126270181716,0.7992873729818284,166.66666666666666
6,9,1,55.0,85.0,0.5,0.2000399110615543,0.7999600889384457,166.66666666666666
7,9,1,65.0,85.0,0.5,0.20001574730591434,0.7999842526940857,166.66666666666666
8,9,1,75.0,85.0,0.5,0.20001527701815325,0.7999847229818468,166.66666666666666
9,9,1,85.0,85.0,0.5,0.20001561387252803,0.799984386127472,166.66666666666666
10,9,1,95.0,85.0,0.5,0.2000160070788888,0.7999839929211112,166.66666666666666
11,9,1,105.0,85.0,0.5,0.20001641900085118,0.7999835809991488,166.66666666666666
12,9,1,115.0,85.0,0.5,0.2000168462959844,0.7999831537040156,166.66666666666666
13,9,1,125.0,85.0,0.5,0.20001728787251657,0.7999827121274834,166.66666666666666
14,9,1,135.0,85.0,0.5,0.2000177432036342,0.7999822567963658,166.66666666666666
15,9,1,145.0,85.0,0.5,0.2000182108392227,0.7999817891607773,166.66666666666666
16,9,1,155.0,85.0,0.5,0.20001869015967075,0.7999813098403292,166.66666666666666
17,9,1,165.0,85.0,0.5,0.20001918015147338,0.7999808198485266,166.66666666666666
18,9,1,175.0,85.0,0.5,0.2000196792541169,0.7999803207458831,166.66666666666666
19,9,1,185.0,85.0,0.5,0.2000201859367341,0.7999798140632659,166.66666666666666
20,9,1,195.0,85.0,0.5,0.20002069772908262,0.7999793022709174,166.66666666666666
21,9,1,205.0,85.0,0.5,0.20002121210867024,0.7999787878913298,166.66666666666666
22,9,1,215.0,85.0,0.5,0.20002172628679832,0.7999782737132017,166.66666666666666
23,9,1,225.0,85.0,0.5,0.20002223775032213,0.7999777622496779,166.66666666666666
24,9,1,235.0,85.0,0.5,0.200022744453645,0.799977255546355,166.66666666666666
25,9,1,245.0,85.0,0.5,0.2000232455213437,0.7999767544786562,166.66666666666666
26,9,1,255.0,85.0,0.5,0.20002374133638418,0.7999762586636159,166.66666666666666
27,9,1,265.0,85.0,0.5,0.20002423309120587,0.7999757669087941,166.66666666666666
28,9,1,275.0,85.0,0.5,0.20002472212770533,0.7999752778722946,166.66666666666666
29,9,1,285.0,85.0,0.5,0.2000252095047005,0.7999747904952995,166.66666666666666
30,9,1,295.0,85.0,0.5,0.20002569590597338,0.7999743040940266,166.66666666666666
31,9,1,305.0,85.0,0.5,0.20002618172165154,0.7999738182783485,166.66666666666666
32,9,1,315.0,85.0,0.5,0.20002666715314443,0.7999733328468556,166.66666666666666
33,9,1,325.0,85.0,0.5,0.2000271522889641,0.7999728477110359,166.66666666666666
34,9,1,335.0,85.0,0.5,0.20002763714757565,0.7999723628524243,166.66666666666666
35,9,1,345.0,85.0,0.5,0.20002812169758472,0.7999718783024152,166.66666666666666
36,9,1,355.0,85.0,0.5,0.20002860586276874,0.7999713941372313,166.66666666666666
37,9,1,365.0,85.0,0.5,0.2000290895165131,0.7999709104834869,166.66666666666666
38,9,1,375.0,85.0,0.5,0.20002957246601047,0.7999704275339895,166.66666666666666
39,9,1,385.0,85.0,0.5,0.20003005442378674,0.7999699455762133,166.66666666666666
40,9,1,395.0,85.0,0.5,0.20003053496019316,0.7999694650398068,166.66666666666666
41,9,1,405.0,85.0,0.5,0.20003101342486376,0.7999689865751363,166.66666666666666
42,9,1,415.0,85.0,0.5,0.2000314888156758,0.7999685111843242,166.66666666666666
43,9,1,425.0,85.0,0.5,0.20003195955682512,0.7999680404431748,166.66666666666666
44,9,1,435.0,85.0,0.5,0.20003242311832573,0.7999675768816743,166.66666666666666
45,9,1,445.0,85.0,0.5,0.2000328753598608,0.7999671246401392,166.66666666666666
46,9,1,455.0,85.0,0.5,0.20003330940767197,0.7999666905923281,166.66666666666666
47,9,1,465.0,85.0,0.5,0.20003371380003646,0.7999662861999636,166.66666666666666
48,9,1,475.0,85.0,0.5,0.20003406971099075,0.7999659302890092,166.66666666666666
49,9,1,485.0,85.0,0.5,0.20003434780786583,0.7999656521921341,166.66666666666666
50,9,1,495.0,85.0,0.5,0.20003450801979678,0.7999654919802033,166.66666666666666
1,10,1,5.0,95.0,0.5,0.21268196854299903,0.787318031457001,166.66666666666666
2,10,1,15.0,95.0,0.5,0.202961766625504,0.797038233374496,166.66666666666666
3,10,1,25.0,95.0,0.5,0.20027051741350546,0.7997294825864946,166.66666666666666
4,10,1,35.0,95.0,0.5,0.20002183991147232,0.7999781600885276,166.66666666666666
5,10,1,45.0,95.0,0.5,0.20001458521575632,0.7999854147842437,166.66666666666666
6,10,1,55.0,95.0,0.5,0.20001458105762182,0.7999854189423782,166.66666666666666
7,10,1,65.0,95.0,0.5,0.20001489828451233,0.7999851017154876,166.66666666666666
8,10,1,75.0,95.0,0.5,0.20001524993655495,0.799984750063445,166.66666666666666
9,10,1,85.0,95.0,0.5,0.20001562369221695,0.7999843763077831,166.66666666666666
10,10,1,95.0,95.0,0.5,0.2000160168129656,0.7999839831870343,166.66666666666666
11,10,1,105.0,95.0,0.5,0.20001642738252565,0.7999835726174743,166.66666666666666
12,10,1,115.0,95.0,0.5,0.2000168537773877,0.7999831462226124,166.66666666666666
13,10,1,125.0,95.0,0.5,0.2000172948566127,0.7999827051433873,166.66666666666666
14,10,1,135.0,95.0,0.5,0.2000177496207861,0.7999822503792139,166.66666666666666
15,10,1,145.0,95.0,0.5,0.20001821706506762,0.7999817829349324,166.66666666666666
16,10,1,155.0,95.0,0.5,0.20001869629946772,0.7999813037005323,166.66666666666666
17,10,1,165.0,95.0,0.5,0.20001918624674758,0.7999808137532525,166.66666666666666
18,10,1,175.0,95.0,0.5,0.20001968542152718,0.7999803145784729,166.66666666666666
19,10,1,185.0,95.0,0.5,0.20002019193378112,0.7999798080662188,166.66666666666666
20,10,1,195.0,95.0,0.5,0.20002070317135395,0.7999792968286461,166.66666666666666
21,10,1,205.0,95.0,0.5,0.20002121631331002,0.79997878368669,166.66666666666666
22,10,1,215.0,95.0,0.5,0.20002172872077528,0.7999782712792247,166.66666666666666
23,10,1,225.0,95.0,0.5,0.20002223832839464,0.7999777616716054,166.66666666666666
24,10,1,235.0,95.0,0.5,0.2000227435585666,0.7999772564414334,166.66666666666666
25,10,1,245.0,95.0,0.5,0.200023243811883,0.799976756188117,166.66666666666666
26,10,1,255.0,95.0,0.5,0.20002373946948446,0.7999762605305155,166.66666666666666
27,10,1,265.0,95.0,0.5,0.20002423148315926,0.7999757685168407,166.66666666666666
28,10,1,275.0,95.0,0.5,0.20002472091622,0.79997527908378,166.66666666666666
29,10,1,285.0,95.0,0.5,0.2000252086537517,0.7999747913462483,166.66666666666666
30,10,1,295.0,95.0,0.5,0.20002569531722816,0.7999743046827719,166.66666666666666
31,10,1,305.0,95.0,0.5,0.2000261812954117,0.7999738187045883,166.66666666666666
32,10,1,315.0,95.0,0.5,0.2000266668084519,0.7999733331915481,166.66666666666666
33,10,1,325.0,95.0,0.5,0.20002715196259405,0.799972848037406,166.66666666666666
34,10,1,335.0,95.0,0.5,0.20002763678652147,0.7999723632134785,166.66666666666666
35,10,1,345.0,95.0,0.5,0.20002812124961314,0.7999718787503869,166.66666666666666
36,10,1,355.0,95.0,0.5,0.20002860526659524,0.7999713947334047,166.66666666666666
37,10,1,365.0,95.0,0.5,0.20002908868978297,0.799970911310217,166.66666666666666
38,10,1,375.0,95.0,0.5,0.2000295712887201,0.7999704287112799,166.66666666666666
39,10,1,385.0,95.0,0.5,0.2000300527125854,0.7999699472874147,166.66666666666666
40,10,1,395.0,95.0,0.5,0.20003053242686547,0.7999694675731346,166.66666666666666
41,10,1,405.0,95.0,0.5,0.20003100960794257,0.7999689903920575,166.66666666666666
42,10,1,415.0,95.0,0.5,0.20003148296894946,0.7999685170310505,166.66666666666666
43,10,1,425.0,95.0,0.5,0.2000319504721373,0.7999680495278627,166.66666666666666
44,10,1,435.0,95.0,0.5,0.2000324088601777,0.7999675911398223,166.66666666666666
45,10,1,445.0,95.0,0.5,0.200032852911124,0.7999671470888761,166.66666666666666
46,10,1,455.0,95.0,0.5,0.20003327431372106,0.7999667256862789,166.66666666666666
47,10,1,465.0,95.0,0.5,0.20003366012980653,0.7999663398701935,166.66666666666666
48,10,1,475.0,95.0,0.5,0.20003399111600662,0.7999660088839934,166.66666666666666
49,10,1,485.0,95.0,0.5,0.20003424099988718,0.7999657590001128,166.66666666666666
50,10,1,495.0,95.0,0.5,0.20003437937441088,0.7999656206255892,166.66666666666666
1,1,2,5.0,5.0,1.5,0.3932251399572345,0.6067748600427655,236.84210526315786
2,1,2,15.0,5.0,1.5,0.3539883280794957,0.6460116719205042,236.84210526315786
3,1,2,25.0,5.0,1.5,0.3015442909885919,0.6984557090114081,236.84210526315786
4,1,2,35.0,5.0,1.5,0.24561368843640596,0.754386311563594,236.84210526315786
5,1,2,45.0,5.0,1.5,0.21112208909895605,0.788877910901044,236.84210526315786
6,1,2,55.0,5.0,1.5,0.2012803560795433,0.7987196439204567,236.84210526315786
7,1,2,65.0,5.0,1.5,0.20008572513449446,0.7999142748655055,236.84210526315786
8,1,2,75.0,5.0,1.5,0.2000174232517044,0.7999825767482955,236.84210526315786
9,1,2,85.0,5.0,1.5,0.20001548974643624,0.7999845102535638,236.84210526315786
10,1,2,95.0,5.0,1.5,0.20001576612151875,0.7999842338784813,236.84210526315786
11,1,2,105.0,5.0,1.5,0.20001617721686812,0.7999838227831318,236.84210526315786
12,1,2,115.0,5.0,1.5,0.2000166081307653,0.7999833918692347,236.84210526315786
13,1,2,125.0,5.0,1.5,0.20001705240208908,0.7999829475979109,236.84210526315786
14,1,2,135.0,5.0,1.5,0.20001750932593051,0.7999824906740695,236.84210526315786
15,1,2,145.0,5.0,1.5,0.20001797841837302,0.799982021581627,236.84210526315786
16,1,2,155.0,5.0,1.5,0.20001845861839704,0.7999815413816029,236.84210526315786
17,1,2,165.0,5.0,1.5,0.2000189494408504,0.7999810505591496,236.84210526315786
18,1,2,175.0,5.0,1.5,0.2000194498618203,0.7999805501381797,236.84210526315786
19,1,2,185.0,5.0,1.5,0.20001995842098996,0.79998004157901,236.84210526315786
20,1,2,195.0,5.0,1.5,0.2000204731900819,0.7999795268099181,236.84210526315786
21,1,2,205.0,5.0,1.5,0.20002099122803363,0.7999790087719664,236.84210526315786
22,1,2,215.0,5.0,1.5,0.2000215091097993,0.7999784908902007,236.84210526315786
23,1,2,225.0,5.0,1.5,0.20002202360974652,0.7999779763902535,236.84210526315786
24,1,2,235.0,5.0,1.5,0.20002253268414136,0.7999774673158586,236.84210526315786
25,1,2,245.0,5.0,1.5,0.20002303543628971,0.7999769645637103,236.84210526315786
26,1,2,255.0,5.0,1.5,0.20002353227129263,0.7999764677287073,236.84210526315786
27,1,2,265.0,5.0,1.5,0.20002402452996715,0.7999759754700329,236.84210526315786
28,1,2,275.0,5.0,1.5,0.2000245137532069,0.7999754862467932,236.84210526315786
29,1,2,285.0,5.0,1.5,0.20002500119006936,0.7999749988099306,236.84210526315786
30,1,2,295.0,5.0,1.5,0.20002548767671524,0.7999745123232848,236.84210526315786
31,1,2,305.0,5.0,1.5,0.20002597371638242,0.7999740262836176,236.84210526315786
32,1,2,315.0,5.0,1.5,0.20002645959917995,0.79997354040082,236.84210526315786
33,1,2,325.0,5.0,1.5,0.2000269454968806,0.7999730545031194,236.84210526315786
34,1,2,335.0,5.0,1.5,0.20002743152370248,0.7999725684762975,236.84210526315786
35,1,2,345.0,5.0,1.5,0.20002791777236648,0.7999720822276335,236.84210526315786
36,1,2,355.0,5.0,1.5,0.2000284043346919,0.7999715956653081,236.84210526315786
37,1,2,365.0,5.0,1.5,0.20002889131302615,0.7999711086869739,236.84210526315786
38,1,2,375.0,5.0,1.5,0.2000293788245077,0.7999706211754923,236.84210526315786
39,1,2,385.0,5.0,1.5,0.20002986699665715,0.7999701330033429,236.84210526315786
40,1,2,395.0,5.0,1.5,0.20003035594748192,0.7999696440525181,236.84210526315786
41,1,2,405.0,5.0,1.5,0.20003084573574528,0.7999691542642547,236.84210526315786
42,1,2,415.0,5.0,1.5,0.20003133625202976,0.7999686637479703,236.84210526315786
43,1,2,425.0,5.0,1.5,0.20003182699591382,0.7999681730040862,236.84210526315786
44,1,2,435.0,5.0,1.5,0.20003231663857038,0.7999676833614296,236.84210526315786
45,1,2,445.0,5.0,1.5,0.20003280219132905,0.799967197808671,236.84210526315786
46,1,2,455.0,5.0,1.5,0.20003327748819047,0.7999667225118096,236.84210526315786
47,1,2,465.0,5.0,1.5,0.2000337305699244,0.7999662694300755,236.84210526315786
48,1,2,475.0,5.0,1.5,0.20003413961925304,0.7999658603807469,236.84210526315786
49,1,2,485.0,5.0,1.5,0.20003446801833552,0.7999655319816645,236.84210526315786
50,1,2,495.0,5.0,1.5,0.2000346627980292,0.7999653372019708,236.84210526315786
1,2,2,5.0,15.0,1.5,0.5407361192120914,0.4592638807879086,236.84210526315786
2,2,2,15.0,15.0,1.5,0.5081130493871886,0.4918869506128114,236.84210526315786
3,2,2,25.0,15.0,1.5,0.47330103415143876,0.5266989658485612,236.84210526315786
4,2,2,35.0,15.0,1.5,0.43150512604284974,0.5684948739571503,236.84210526315786
5,2,2,45.0,15.0,1.5,0.37667443496376973,0.6233255650362303,236.84210526315786
6,2,2,55.0,15.0,1.5,0.30526494819532585,0.6947350518046742,236.84210526315786
7,2,2,65.0,15.0,1.5,0.2399758454692907,0.7600241545307093,236.84210526315786
8,2,2,75.0,15.0,1.5,0.20806522827792243,0.7919347717220776,236.84210526315786
9,2,2,85.0,15.0,1.5,0.20077721403080717,0.7992227859691928,236.84210526315786
10,2,2,95.0,15.0,1.5,0.200052940324273,0.799947059675727,236.84210526315786
11,2,2,105.0,15.0,1.5,0.2000176424879466,0.7999823575120534,236.84210526315786
12,2,2,115.0,15.0,1.5,0.200016689744349,0.7999833102556511,236.84210526315786
13,2,2,125.0,15.0,1.5,0.2000170514139265,0.7999829485860734,236.84210526315786
14,2,2,135.0,15.0,1.5,0.2000175051198187,0.7999824948801812,236.84210526315786
15,2,2,145.0,15.0,1.5,0.20001797432643756,0.7999820256735625,236.84210526315786
16,2,2,155.0,15.0,1.5,0.20001845469943075,0.7999815453005692,236.84210526315786
17,2,2,165.0,15.0,1.5,0.20001894541529466,0.7999810545847054,236.84210526315786
18,2,2,175.0,15.0,1.5,0.20001944581876738,0.7999805541812326,236.84210526315786
19,2,2,185.0,15.0,1.5,0.20001995419931612,0.7999800458006838,236.84210526315786
20,2,2,195.0,15.0,1.5,0.20002046898688364,0.7999795310131164,236.84210526315786
21,2,2,205.0,15.0,1.5,0.20002098740232252,0.7999790125976775,236.84210526315786
22,2,2,215.0,15.0,1.5,0.20002150638064745,0.7999784936193526,236.84210526315786
23,2,2,225.0,15.0,1.5,0.20002202257271343,0.7999779774272866,236.84210526315786
24,2,2,235.0,15.0,1.5,0.20002253331233438,0.7999774666876656,236.84210526315786
25,2,2,245.0,15.0,1.5,0.20002303708752636,0.7999769629124737,236.84210526315786
26,2,2,255.0,15.0,1.5,0.20002353414464805,0.799976465855352,236.84210526315786
27,2,2,265.0,15.0,1.5,0.20002402608051165,0.7999759739194884,236.84210526315786
28,2,2,275.0,15.0,1.5,0.20002451480946348,0.7999754851905365,236.84210526315786
29,2,2,285.0,15.0,1.5,0.2000250018098562,0.7999749981901438,236.84210526315786
30,2,2,295.0,15.0,1.5,0.2000254879836661,0.799974512016334,236.84210526315786
31,2,2,305.0,15.0,1.5,0.2000259738174197,0.7999740261825803,236.84210526315786
32,2,2,315.0,15.0,1.5,0.2000264595638572,0.7999735404361428,236.84210526315786
33,2,2,325.0,15.0,1.5,0.2000269453615817,0.7999730546384183,236.84210526315786
34,2,2,335.0,15.0,1.5,0.20002743130128367,0.7999725686987164,236.84210526315786
35,2,2,345.0,15.0,1.5,0.20002791746020565,0.7999720825397943,236.84210526315786
36,2,2,355.0,15.0,1.5,0.20002840392092458,0.7999715960790754,236.84210526315786
37,2,2,365.0,15.0,1.5,0.20002889078229627,0.7999711092177038,236.84210526315786
38,2,2,375.0,15.0,1.5,0.20002937816620142,0.7999706218337985,236.84210526315786
39,2,2,385.0,15.0,1.5,0.2000298662201054,0.7999701337798946,236.84210526315786
40,2,2,395.0,15.0,1.5,0.20003035511200326,0.7999696448879967,236.84210526315786
41,2,2,405.0,15.0,1.5,0.20003084500963378,0.7999691549903662,236.84210526315786
42,2,2,415.0,15.0,1.5,0.20003133602654277,0.7999686639734572,236.84210526315786
43,2,2,425.0,15.0,1.5,0.20003182809861814,0.7999681719013818,236.84210526315786
44,2,2,435.0,15.0,1.5,0.20003232072016852,0.7999676792798315,236.84210526315786
45,2,2,445.0,15.0,1.5,0.2000328123856389,0.7999671876143611,236.84210526315786
46,2,2,455.0,15.0,1.5,0.20003329941452996,0.79996670058547,236.84210526315786
47,2,2,465.0,15.0,1.5,0.20003377349515805,0.799966226504842,236.84210526315786
48,2,2,475.0,15.0,1.5,0.20003421669450605,0.799965783305494,236.84210526315786
49,2,2,485.0,15.0,1.5,0.20003459229308848,0.7999654077069115,236.84210526315786
50,2,2,495.0,15.0,1.5,0.2000348326088252,0.7999651673911747,236.84210526315786
1,3,2,5.0,25.0,1.5,0.6308089954359258,0.36919100456407417,236.84210526315786
2,3,2,15.0,25.0,1.5,0.5907507916042894,0.40924920839571055,236.84210526315786
3,3,2,25.0,25.0,1.5,0.5491919868474745,0.4508080131525255,236.84210526315786
4,3,2,35.0,25.0,1.5,0.510400862341019,0.489599137658981,236.84210526315786
5,3,2,45.0,25.0,1.5,0.4732748928090292,0.5267251071909709,236.84210526315786
6,3,2,55.0,25.0,1.5,0.4298899135660987,0.5701100864339013,236.84210526315786
7,3,2,65.0,25.0,1.5,0.3717941998625632,0.6282058001374369,236.84210526315786
8,3,2,75.0,25.0,1.5,0.299242496845769,0.700757503154231,236.84210526315786
9,3,2,85.0,25.0,1.5,0.23717994606181877,0.7628200539381812,236.84210526315786
10,3,2,95.0,25.0,1.5,0.20809708419119224,0.7919029158088078,236.84210526315786
11,3,2,105.0,25.0,1.5,0.20090034312458718,0.7990996568754128,236.84210526315786
12,3,2,115.0,25.0,1.5,0.20006539564557224,0.7999346043544278,236.84210526315786
13,3,2,125.0,25.0,1.5,0.2000191591517179,0.7999808408482821,236.84210526315786
14,3,2,135.0,25.0,1.5,0.2000176229971583,0.7999823770028417,236.84210526315786
15,3,2,145.0,25.0,1.5,0.20001797295094004,0.79998202704906,236.84210526315786
16,3,2,155.0,25.0,1.5,0.2000184488045663,0.7999815511954337,236.84210526315786
17,3,2,165.0,25.0,1.5,0.20001893948543784,0.7999810605145622,236.84210526315786
18,3,2,175.0,25.0,1.5,0.20001943974395725,0.7999805602560428,236.84210526315786
19,3,2,185.0,25.0,1.5,0.2000199479595501,0.7999800520404499,236.84210526315786
20,3,2,195.0,25.0,1.5,0.200020462776165,0.799979537223835,236.84210526315786
21,3,2,205.0,25.0,1.5,0.2000209816653975,0.7999790183346025,236.84210526315786
22,3,2,215.0,25.0,1.5,0.20002150195796353,0.7999784980420365,236.84210526315786
23,3,2,225.0,25.0,1.5,0.200022020320359,0.799977979679641,236.84210526315786
24,3,2,235.0,25.0,1.5,0.20002253354755958,0.7999774664524404,236.84210526315786
25,3,2,245.0,25.0,1.5,0.20002303924987289,0.7999769607501271,236.84210526315786
26,3,2,255.0,25.0,1.5,0.20002353699965597,0.7999764630003441,236.84210526315786
27,3,2,265.0,25.0,1.5,0.2000240285577053,0.7999759714422947,236.84210526315786
28,3,2,275.0,25.0,1.5,0.20002451650312017,0.7999754834968799,236.84210526315786
29,3,2,285.0,25.0,1.5,0.20002500278243807,0.7999749972175619,236.84210526315786
30,3,2,295.0,25.0,1.5,0.2000254884382522,0.7999745115617478,236.84210526315786
31,3,2,305.0,25.0,1.5,0.2000259739319007,0.7999740260680993,236.84210526315786
32,3,2,315.0,25.0,1.5,0.20002645945068367,0.7999735405493164,236.84210526315786
33,3,2,325.0,25.0,1.5,0.20002694507610622,0.7999730549238938,236.84210526315786
34,3,2,335.0,25.0,1.5,0.20002743085830496,0.799972569141695,236.84210526315786
35,3,2,345.0,25.0,1.5,0.2000279168475234,0.7999720831524766,236.84210526315786
36,3,2,355.0,25.0,1.5,0.20002840310866024,0.7999715968913398,236.84210526315786
37,3,2,365.0,25.0,1.5,0.2000288897313774,0.7999711102686227,236.84210526315786
38,3,2,375.0,25.0,1.5,0.20002937684020108,0.7999706231597989,236.84210526315786
39,3,2,385.0,25.0,1.5,0.20002986460768335,0.7999701353923167,236.84210526315786
40,3,2,395.0,25.0,1.5,0.20003035327256316,0.7999696467274369,236.84210526315786
41,3,2,405.0,25.0,1.5,0.20003084316547542,0.7999691568345246,236.84210526315786
42,3,2,415.0,25.0,1.5,0.2000313347453323,0.7999686652546677,236.84210526315786
43,3,2,425.0,25.0,1.5,0.20003182864833174,0.7999681713516682,236.84210526315786
44,3,2,435.0,25.0,1.5,0.20003232573735388,0.7999676742626461,236.84210526315786
45,3,2,445.0,25.0,1.5,0.2000328271090848,0.7999671728909152,236.84210526315786
46,3,2,455.0,25.0,1.5,0.2000333338276915,0.7999666661723085,236.84210526315786
47,3,2,465.0,25.0,1.5,0.20003384556648504,0.7999661544335149,236.84210526315786
48,3,2,475.0,25.0,1.5,0.20003435560927474,0.7999656443907253,236.84210526315786
49,3,2,485.0,25.0,1.5,0.2000348354959482,0.7999651645040518,236.84210526315786
50,3,2,495.0,25.0,1.5,0.2000351965408889,0.7999648034591111,236.84210526315786
1,4,2,5.0,35.0,1.5,0.7023988380902816,0.2976011619097184,236.84210526315786
2,4,2,15.0,35.0,1.5,0.6561065680397039,0.3438934319602961,236.84210526315786
3,4,2,25.0,35.0,1.5,0.6084089320775594,0.3915910679224406,236.84210526315786
4,4,2,35.0,35.0,1.5,0.5627942010334678,0.4372057989665322,236.84210526315786
5,4,2,45.0,35.0,1.5,0.5216128844975136,0.47838711550248636,236.84210526315786
6,4,2,55.0,35.0,1.5,0.4854690344605974,0.5145309655394026,236.84210526315786
7,4,2,65.0,35.0,1.5,0.4453182228994973,0.5546817771005027,236.84210526315786
8,4,2,75.0,35.0,1.5,0.3940266710249475,0.6059733289750525,236.84210526315786
9,4,2,85.0,35.0,1.5,0.3268361476739585,0.6731638523260415,236.84210526315786
10,4,2,95.0,35.0,1.5,0.2583581326857156,0.7416418673142844,236.84210526315786
11,4,2,105.0,35.0,1.5,0.21656992419623508,0.7834300758037649,236.84210526315786
12,4,2,115.0,35.0,1.5,0.20264662555877558,0.7973533744412244,236.84210526315786
13,4,2,125.0,35.0,1.5,0.2002156418677638,0.7997843581322361,236.84210526315786
14,4,2,135.0,35.0,1.5,0.2000266859296075,0.7999733140703925,236.84210526315786
15,4,2,145.0,35.0,1.5,0.20001843527644902,0.799981564723551,236.84210526315786
16,4,2,155.0,35.0,1.5,0.20001846402660456,0.7999815359733955,236.84210526315786
17,4,2,165.0,35.0,1.5,0.20001893525549588,0.7999810647445041,236.84210526315786
18,4,2,175.0,35.0,1.5,0.20001943463295452,0.7999805653670455,236.84210526315786
19,4,2,185.0,35.0,1.5,0.2000199428967526,0.7999800571032474,236.84210526315786
20,4,2,195.0,35.0,1.5,0.20002045755415307,0.7999795424458469,236.84210526315786
21,4,2,205.0,35.0,1.5,0.20002097682483952,0.7999790231751605,236.84210526315786
22,4,2,215.0,35.0,1.5,0.2000214979827103,0.7999785020172897,236.84210526315786
23,4,2,225.0,35.0,1.5,0.20002201795613175,0.7999779820438683,236.84210526315786
24,4,2,235.0,35.0,1.5,0.20002253324039693,0.7999774667596031,236.84210526315786
25,4,2,245.0,35.0,1.5,0.2000230408332852,0.7999769591667147,236.84210526315786
26,4,2,255.0,35.0,1.5,0.20002353952655053,0.7999764604734495,236.84210526315786
27,4,2,265.0,35.0,1.5,0.20002403088198606,0.7999759691180139,236.84210526315786
28,4,2,275.0,35.0,1.5,0.20002451807935454,0.7999754819206455,236.84210526315786
29,4,2,285.0,35.0,1.5,0.20002500363328923,0.7999749963667108,236.84210526315786
30,4,2,295.0,35.0,1.5,0.20002548876691,0.79997451123309,236.84210526315786
31,4,2,305.0,35.0,1.5,0.2000259739154987,0.7999740260845013,236.84210526315786
32,4,2,315.0,35.0,1.5,0.20002645919424605,0.799973540805754,236.84210526315786
33,4,2,325.0,35.0,1.5,0.2000269446224912,0.7999730553775088,236.84210526315786
34,4,2,335.0,35.0,1.5,0.20002743020611466,0.7999725697938853,236.84210526315786
35,4,2,345.0,35.0,1.5,0.20002791596384095,0.799972084036159,236.84210526315786
36,4,2,355.0,35.0,1.5,0.20002840193684818,0.7999715980631519,236.84210526315786
37,4,2,365.0,35.0,1.5,0.20002888819667025,0.7999711118033297,236.84210526315786
38,4,2,375.0,35.0,1.5,0.20002937485778585,0.7999706251422142,236.84210526315786
39,4,2,385.0,35.0,1.5,0.20002986209977786,0.7999701379002222,236.84210526315786
40,4,2,395.0,35.0,1.5,0.20003035020635415,0.7999696497936458,236.84210526315786
41,4,2,405.0,35.0,1.5,0.20003083963436882,0.7999691603656311,236.84210526315786
42,4,2,415.0,35.0,1.5,0.2000313311374542,0.7999686688625458,236.84210526315786
43,4,2,425.0,35.0,1.5,0.20003182599142444,0.7999681740085756,236.84210526315786
44,4,2,435.0,35.0,1.5,0.20003232641027402,0.799967673589726,236.84210526315786
45,4,2,445.0,35.0,1.5,0.20003283629671523,0.7999671637032848,236.84210526315786
46,4,2,455.0,35.0,1.5,0.20003336253936493,0.7999666374606351,236.84210526315786
47,4,2,465.0,35.0,1.5,0.2000339168918087,0.7999660831081913,236.84210526315786
48,4,2,475.0,35.0,1.5,0.20003451650102394,0.799965483498976,236.84210526315786
49,4,2,485.0,35.0,1.5,0.2000351708298734,0.7999648291701266,236.84210526315786
50,4,2,495.0,35.0,1.5,0.20003580722307468,0.7999641927769253,236.84210526315786
1,5,2,5.0,45.0,1.5,0.7633126298447624,0.23668737015523755,236.84210526315786
2,5,2,15.0,45.0,1.5,0.7159247122453976,0.28407528775460245,236.84210526315786
3,5,2,25.0,45.0,1.5,0.6634369262779743,0.33656307372202565,236.84210526315786
4,5,2,35.0,45.0,1.5,0.6138297630812186,0.3861702369187814,236.84210526315786
5,5,2,45.0,45.0,1.5,0.5689421737675624,0.4310578262324376,236.84210526315786
6,5,2,55.0,45.0,1.5,0.5295227586257155,0.4704772413742845,236.84210526315786
7,5,2,65.0,45.0,1.5,0.4952298147142599,0.50477018528574,236.84210526315786
8,5,2,75.0,45.0,1.5,0.458623868504468,0.541376131495532,236.84210526315786
9,5,2,85.0,45.0,1.5,0.4130725978990619,0.5869274021009381,236.84210526315786
10,5,2,95.0,45.0,1.5,0.35182081570577445,0.6481791842942255,236.84210526315786
11,5,2,105.0,45.0,1.5,0.281104282032718,0.718895717967282,236.84210526315786
12,5,2,115.0,45.0,1.5,0.22759555976130375,0.7724044402386963,236.84210526315786
13,5,2,125.0,45.0,1.5,0.20533225171771147,0.7946677482822886,236.84210526315786
14,5,2,135.0,45.0,1.5,0.20049697396745658,0.7995030260325434,236.84210526315786
15,5,2,145.0,45.0,1.5,0.20004007768896379,0.7999599223110362,236.84210526315786
16,5,2,155.0,45.0,1.5,0.20001928443836545,0.7999807155616345,236.84210526315786
17,5,2,165.0,45.0,1.5,0.200018968006456,0.799981031993544,236.84210526315786
18,5,2,175.0,45.0,1.5,0.20001943435009478,0.7999805656499053,236.84210526315786
19,5,2,185.0,45.0,1.5,0.20001994144813698,0.799980058551863,236.84210526315786
20,5,2,195.0,45.0,1.5,0.20002045611009767,0.7999795438899023,236.84210526315786
21,5,2,205.0,45.0,1.5,0.20002097522595755,0.7999790247740425,236.84210526315786
22,5,2,215.0,45.0,1.5,0.2000214966376804,0.7999785033623196,236.84210526315786
23,5,2,225.0,45.0,1.5,0.20002201708258383,0.7999779829174162,236.84210526315786
24,5,2,235.0,45.0,1.5,0.20002253312248186,0.7999774668775181,236.84210526315786
25,5,2,245.0,45.0,1.5,0.20002304149911804,0.799976958500882,236.84210526315786
26,5,2,255.0,45.0,1.5,0.2000235406328694,0.7999764593671306,236.84210526315786
27,5,2,265.0,45.0,1.5,0.20002403188513848,0.7999759681148615,236.84210526315786
28,5,2,275.0,45.0,1.5,0.2000245186759854,0.7999754813240146,236.84210526315786
29,5,2,285.0,45.0,1.5,0.20002500383502222,0.7999749961649778,236.84210526315786
30,5,2,295.0,45.0,1.5,0.2000254886821599,0.79997451131784,236.84210526315786
31,5,2,305.0,45.0,1.5,0.20002597362829844,0.7999740263717016,236.84210526315786
32,5,2,315.0,45.0,1.5,0.20002645874090433,0.7999735412590957,236.84210526315786
33,5,2,325.0,45.0,1.5,0.20002694399888304,0.7999730560011169,236.84210526315786
34,5,2,335.0,45.0,1.5,0.2000274293765632,0.7999725706234369,236.84210526315786
35,5,2,345.0,45.0,1.5,0.20002791486553342,0.7999720851344666,236.84210526315786
36,5,2,355.0,45.0,1.5,0.2000284004801443,0.7999715995198557,236.84210526315786
37,5,2,365.0,45.0,1.5,0.20002888626291035,0.7999711137370896,236.84210526315786
38,5,2,375.0,45.0,1.5,0.2000293722965903,0.7999706277034098,236.84210526315786
39,5,2,385.0,45.0,1.5,0.2000298587288908,0.7999701412711092,236.84210526315786
40,5,2,395.0,45.0,1.5,0.20003034581930473,0.7999696541806953,236.84210526315786
41,5,2,405.0,45.0,1.5,0.20003083402648636,0.7999691659735136,236.84210526315786
42,5,2,415.0,45.0,1.5,0.20003132417118355,0.7999686758288165,236.84210526315786
43,5,2,425.0,45.0,1.5,0.2000318177445635,0.7999681822554365,236.84210526315786
44,5,2,435.0,45.0,1.5,0.200032317505802,0.799967682494198,236.84210526315786
45,5,2,445.0,45.0,1.5,0.2000328286852375,0.7999671713147625,236.84210526315786
46,5,2,455.0,45.0,1.5,0.20003336155110393,0.799966638448896,236.84210526315786
47,5,2,465.0,45.0,1.5,0.20003393720371918,0.7999660627962808,236.84210526315786
48,5,2,475.0,45.0,1.5,0.2000346006517351,0.7999653993482649,236.84210526315786
49,5,2,485.0,45.0,1.5,0.20003543503283686,0.7999645649671632,236.84210526315786
50,5,2,495.0,45.0,1.5,0.20003636942158928,0.7999636305784107,236.84210526315786
1,6,2,5.0,55.0,1.5,0.7060604702889263,0.29393952971107373,236.84210526315786
2,6,2,15.0,55.0,1.5,0.661674743602904,0.338325256397096,236.84210526315786
3,6,2,25.0,55.0,1.5,0.615683043699784,0.384316956300216,236.84210526315786
4,6,2,35.0,55.0,1.5,0.5712763525159785,0.4287236474840215,236.84210526315786
5,6,2,45.0,55.0,1.5,0.5304844096566623,0.4695155903433377,236.84210526315786
6,6,2,55.0,55.0,1.5,0.4953250680308867,0.5046749319691133,236.84210526315786
7,6,2,65.0,55.0,1.5,0.45811800864618774,0.5418819913538122,236.84210526315786
8,6,2,75.0,55.0,1.5,0.412082690501516,0.587917309498484,236.84210526315786
9,6,2,85.0,55.0,1.5,0.35040509216662313,0.6495949078333769,236.84210526315786
10,6,2,95.0,55.0,1.5,0.28010366118349206,0.7198963388165079,236.84210526315786
11,6,2,105.0,55.0,1.5,0.2276847481198602,0.7723152518801398,236.84210526315786
12,6,2,115.0,55.0,1.5,0.2056647238806032,0.7943352761193968,236.84210526315786
13,6,2,125.0,55.0,1.5,0.20058108201668182,0.7994189179833182,236.84210526315786
14,6,2,135.0,55.0,1.5,0.20004794383831395,0.7999520561616861,236.84210526315786
15,6,2,145.0,55.0,1.5,0.20001921606336484,0.7999807839366352,236.84210526315786
16,6,2,155.0,55.0,1.5,0.20001851294870596,0.799981487051294,236.84210526315786
17,6,2,165.0,55.0,1.5,0.20001893976418206,0.7999810602358179,236.84210526315786
18,6,2,175.0,55.0,1.5,0.20001943732206168,0.7999805626779384,236.84210526315786
19,6,2,185.0,55.0,1.5,0.20001994513075264,0.7999800548692474,236.84210526315786
20,6,2,195.0,55.0,1.5,0.20002045928390555,0.7999795407160945,236.84210526315786
21,6,2,205.0,55.0,1.5,0.20002097800265572,0.7999790219973443,236.84210526315786
22,6,2,215.0,55.0,1.5,0.20002149873840427,0.7999785012615958,236.84210526315786
23,6,2,225.0,55.0,1.5,0.20002201844695164,0.7999779815530483,236.84210526315786
24,6,2,235.0,55.0,1.5,0.20002253362379105,0.7999774663762089,236.84210526315786
25,6,2,245.0,55.0,1.5,0.20002304117319109,0.7999769588268089,236.84210526315786
26,6,2,255.0,55.0,1.5,0.20002353974144646,0.7999764602585535,236.84210526315786
27,6,2,265.0,55.0,1.5,0.2000240308440386,0.7999759691559614,236.84210526315786
28,6,2,275.0,55.0,1.5,0.20002451775981592,0.7999754822401841,236.84210526315786
29,6,2,285.0,55.0,1.5,0.2000250030842051,0.7999749969157949,236.84210526315786
30,6,2,295.0,55.0,1.5,0.20002548803731618,0.7999745119626838,236.84210526315786
31,6,2,305.0,55.0,1.5,0.2000259730150752,0.7999740269849248,236.84210526315786
32,6,2,315.0,55.0,1.5,0.20002645808926978,0.7999735419107302,236.84210526315786
33,6,2,325.0,55.0,1.5,0.2000269432393628,0.7999730567606372,236.84210526315786
34,6,2,335.0,55.0,1.5,0.20002742843200955,0.7999725715679904,236.84210526315786
35,6,2,345.0,55.0,1.5,0.20002791364208208,0.7999720863579179,236.84210526315786
36,6,2,355.0,55.0,1.5,0.2000283988571313,0.7999716011428687,236.84210526315786
37,6,2,365.0,55.0,1.5,0.2000288840803717,0.7999711159196283,236.84210526315786
38,6,2,375.0,55.0,1.5,0.2000293693387509,0.7999706306612491,236.84210526315786
39,6,2,385.0,55.0,1.5,0.2000298547011723,0.7999701452988277,236.84210526315786
40,6,2,395.0,55.0,1.5,0.2000303403152333,0.7999696596847667,236.84210526315786
41,6,2,405.0,55.0,1.5,0.20003082647728285,0.7999691735227171,236.84210526315786
42,6,2,415.0,55.0,1.5,0.20003131376335467,0.7999686862366453,236.84210526315786
43,6,2,425.0,55.0,1.5,0.2000318032710699,0.79996819672893,236.84210526315786
44,6,2,435.0,55.0,1.5,0.2000322970617239,0.7999677029382761,236.84210526315786
45,6,2,445.0,55.0,1.5,0.20003279895124104,0.799967201048759,236.84210526315786
46,6,2,455.0,55.0,1.5,0.20003331584385772,0.7999666841561422,236.84210526315786
47,6,2,465.0,55.0,1.5,0.20003385955697384,0.7999661404430262,236.84210526315786
48,6,2,475.0,55.0,1.5,0.20003444706461102,0.799965552935389,236.84210526315786
49,6,2,485.0,55.0,1.5,0.20003508712028295,0.799964912879717,236.84210526315786
50,6,2,495.0,55.0,1.5,0.2000357072602337,0.7999642927397663,236.84210526315786
1,7,2,5.0,65.0,1.5,0.6408573517502685,0.3591426482497315,236.84210526315786
2,7,2,15.0,65.0,1.5,0.6026503948182351,0.3973496051817649,236.84210526315786
3,7,2,25.0,65.0,1.5,0.5624009901431062,0.4375990098568938,236.84210526315786
4,7,2,35.0,65.0,1.5,0.5238301607867077,0.47616983921329226,236.84210526315786
5,7,2,45.0,65.0,1.5,0.48922878613253584,0.5107712138674642,236.84210526315786
6,7,2,55.0,65.0,1.5,0.45060688596575343,0.5493931140342465,236.84210526315786
7,7,2,65.0,65.0,1.5,0.4015598682683218,0.5984401317316782,236.84210526315786
8,7,2,75.0,65.0,1.5,0.3362903949679618,0.6637096050320381,236.84210526315786
9,7,2,85.0,65.0,1.5,0.2664658364008393,0.7335341635991607,236.84210526315786
10,7,2,95.0,65.0,1.5,0.2204038632326509,0.7795961367673491,236.84210526315786
11,7,2,105.0,65.0,1.5,0.20361664373016533,0.7963833562698347,236.84210526315786
12,7,2,115.0,65.0,1.5,0.20032126848122064,0.7996787315187793,236.84210526315786
13,7,2,125.0,65.0,1.5,0.2000324703226365,0.7999675296773635,236.84210526315786
14,7,2,135.0,65.0,1.5,0.20001826439874879,0.7999817356012512,236.84210526315786
15,7,2,145.0,65.0,1.5,0.20001801393167037,0.7999819860683296,236.84210526315786
16,7,2,155.0,65.0,1.5,0.20001845742023672,0.7999815425797633,236.84210526315786
17,7,2,165.0,65.0,1.5,0.2000189462872439,0.7999810537127561,236.84210526315786
18,7,2,175.0,65.0,1.5,0.2000194458669426,0.7999805541330574,236.84210526315786
19,7,2,185.0,65.0,1.5,0.20001995325838226,0.7999800467416177,236.84210526315786
20,7,2,195.0,65.0,1.5,0.20002046687813796,0.799979533121862,236.84210526315786
21,7,2,205.0,65.0,1.5,0.200020984622708,0.799979015377292,236.84210526315786
22,7,2,215.0,65.0,1.5,0.20002150387495318,0.7999784961250468,236.84210526315786
23,7,2,225.0,65.0,1.5,0.20002202155054327,0.7999779784494567,236.84210526315786
24,7,2,235.0,65.0,1.5,0.2000225343820815,0.7999774656179185,236.84210526315786
25,7,2,245.0,65.0,1.5,0.20002303978186484,0.7999769602181351,236.84210526315786
26,7,2,255.0,65.0,1.5,0.2000235371243076,0.7999764628756925,236.84210526315786
27,7,2,265.0,65.0,1.5,0.20002402817066878,0.7999759718293312,236.84210526315786
28,7,2,275.0,65.0,1.5,0.2000245156501076,0.7999754843498924,236.84210526315786
29,7,2,285.0,65.0,1.5,0.2000250015755212,0.7999749984244788,236.84210526315786
30,7,2,295.0,65.0,1.5,0.2000254869503058,0.7999745130496942,236.84210526315786
31,7,2,305.0,65.0,1.5,0.20002597215907655,0.7999740278409234,236.84210526315786
32,7,2,315.0,65.0,1.5,0.200026457312714,0.799973542687286,236.84210526315786
33,7,2,325.0,65.0,1.5,0.20002694242227048,0.7999730575777295,236.84210526315786
34,7,2,335.0,65.0,1.5,0.20002742746665314,0.7999725725333469,236.84210526315786
35,7,2,345.0,65.0,1.5,0.2000279124142406,0.7999720875857594,236.84210526315786
36,7,2,355.0,65.0,1.5,0.20002839722777344,0.7999716027722266,236.84210526315786
37,7,2,365.0,65.0,1.5,0.20002888186481643,0.7999711181351836,236.84210526315786
38,7,2,375.0,65.0,1.5,0.20002936627869522,0.7999706337213048,236.84210526315786
39,7,2,385.0,65.0,1.5,0.20002985042276555,0.7999701495772344,236.84210526315786
40,7,2,395.0,65.0,1.5,0.2000303342621148,0.7999696657378852,236.84210526315786
41,7,2,405.0,65.0,1.5,0.20003081779825121,0.7999691822017487,236.84210526315786
42,7,2,415.0,65.0,1.5,0.20003130111595305,0.799968698884047,236.84210526315786
43,7,2,425.0,65.0,1.5,0.20003178446318928,0.7999682155368107,236.84210526315786
44,7,2,435.0,65.0,1.5,0.2000322683673346,0.7999677316326654,236.84210526315786
45,7,2,445.0,65.0,1.5,0.20003275374267113,0.7999672462573288,236.84210526315786
46,7,2,455.0,65.0,1.5,0.2000332417573045,0.7999667582426955,236.84210526315786
47,7,2,465.0,65.0,1.5,0.20003373261449847,0.7999662673855015,236.84210526315786
48,7,2,475.0,65.0,1.5,0.2000342206666757,0.7999657793333244,236.84210526315786
49,7,2,485.0,65.0,1.5,0.20003467936420935,0.7999653206357906,236.84210526315786
50,7,2,495.0,65.0,1.5,0.20003502416604618,0.7999649758339538,236.84210526315786
1,8,2,5.0,75.0,1.5,0.5644530252244474,0.4355469747755526,236.84210526315786
2,8,2,15.0,75.0,1.5,0.5328032566096761,0.4671967433903239,236.84210526315786
3,8,2,25.0,75.0,1.5,0.500008700298163,0.499991299701837,236.84210526315786
4,8,2,35.0,75.0,1.5,0.46483313837236007,0.5351668616276399,236.84210526315786
5,8,2,45.0,75.0,1.5,0.42236548382919886,0.5776345161708012,236.84210526315786
6,8,2,55.0,75.0,1.5,0.36473452709071424,0.6352654729092857,236.84210526315786
7,8,2,65.0,75.0,1.5,0.29389882888739044,0.7061011711126095,236.84210526315786
8,8,2,75.0,75.0,1.5,0.2346636998425612,0.7653363001574388,236.84210526315786
9,8,2,85.0,75.0,1.5,0.2073586074864644,0.7926413925135356,236.84210526315786
10,8,2,95.0,75.0,1.5,0.20079227052409734,0.7992077294759027,236.84210526315786
11,8,2,105.0,75.0,1.5,0.2000585171876115,0.7999414828123885,236.84210526315786
12,8,2,115.0,75.0,1.5,0.20001847468720335,0.7999815253127966,236.84210526315786
13,8,2,125.0,75.0,1.5,0.2000171744803488,0.7999828255196512,236.84210526315786
14,8,2,135.0,75.0,1.5,0.20001752405330975,0.7999824759466903,236.84210526315786
15,8,2,145.0,75.0,1.5,0.2000179878403639,0.7999820121596362,236.84210526315786
16,8,2,155.0,75.0,1.5,0.20001846733993583,0.7999815326600641,236.84210526315786
17,8,2,165.0,75.0,1.5,0.20001895748577533,0.7999810425142246,236.84210526315786
18,8,2,175.0,75.0,1.5,0.20001945674658017,0.7999805432534198,236.84210526315786
19,8,2,185.0,75.0,1.5,0.20001996394481347,0.7999800360551865,236.84210526315786
20,8,2,195.0,75.0,1.5,0.20002047677835938,0.7999795232216407,236.84210526315786
21,8,2,205.0,75.0,1.5,0.20002099312706273,0.7999790068729373,236.84210526315786
22,8,2,215.0,75.0,1.5,0.20002151011819683,0.7999784898818032,236.84210526315786
23,8,2,225.0,75.0,1.5,0.2000220248406199,0.7999779751593801,236.84210526315786
24,8,2,235.0,75.0,1.5,0.20002253447841095,0.799977465521589,236.84210526315786
25,8,2,245.0,75.0,1.5,0.20002303734086285,0.7999769626591371,236.84210526315786
26,8,2,255.0,75.0,1.5,0.20002353357960484,0.7999764664203952,236.84210526315786
27,8,2,265.0,75.0,1.5,0.20002402484814882,0.7999759751518511,236.84210526315786
28,8,2,275.0,75.0,1.5,0.2000245131101782,0.7999754868898218,236.84210526315786
29,8,2,285.0,75.0,1.5,0.2000249997997192,0.7999750002002808,236.84210526315786
30,8,2,295.0,75.0,1.5,0.20002548571811943,0.7999745142818806,236.84210526315786
31,8,2,305.0,75.0,1.5,0.2000259712458209,0.7999740287541791,236.84210526315786
32,8,2,315.0,75.0,1.5,0.20002645654179285,0.7999735434582071,236.84210526315786
33,8,2,325.0,75.0,1.5,0.20002694165851867,0.7999730583414814,236.84210526315786
34,8,2,335.0,75.0,1.5,0.20002742659572706,0.799972573404273,236.84210526315786
35,8,2,345.0,75.0,1.5,0.20002791132134407,0.7999720886786559,236.84210526315786
36,8,2,355.0,75.0,1.5,0.20002839577681802,0.7999716042231819,236.84210526315786
37,8,2,365.0,75.0,1.5,0.20002887987456244,0.7999711201254376,236.84210526315786
38,8,2,375.0,75.0,1.5,0.20002936349017128,0.7999706365098287,236.84210526315786
39,8,2,385.0,75.0,1.5,0.20002984644978758,0.7999701535502124,236.84210526315786
40,8,2,395.0,75.0,1.5,0.20003032851056168,0.7999696714894383,236.84210526315786
41,8,2,405.0,75.0,1.5,0.20003080933044118,0.7999691906695588,236.84210526315786
42,8,2,415.0,75.0,1.5,0.20003128841789344,0.7999687115821066,236.84210526315786
43,8,2,425.0,75.0,1.5,0.20003176504065373,0.7999682349593462,236.84210526315786
44,8,2,435.0,75.0,1.5,0.2000322380431318,0.7999677619568681,236.84210526315786
45,8,2,445.0,75.0,1.5,0.20003270545021312,0.7999672945497869,236.84210526315786
46,8,2,455.0,75.0,1.5,0.20003316356649992,0.7999668364335001,236.84210526315786
47,8,2,465.0,75.0,1.5,0.2000336049228025,0.7999663950771975,236.84210526315786
48,8,2,475.0,75.0,1.5,0.2000340138298072,0.7999659861701928,236.84210526315786
49,8,2,485.0,75.0,1.5,0.20003435795333346,0.7999656420466665,236.84210526315786
50,8,2,495.0,75.0,1.5,0.2000345769971335,0.7999654230028665,236.84210526315786
1,9,2,5.0,85.0,1.5,0.4689219377869257,0.5310780622130743,236.84210526315786
2,9,2,15.0,85.0,1.5,0.4384344945054288,0.5615655054945712,236.84210526315786
3,9,2,25.0,85.0,1.5,0.39904604133218596,0.6009539586678141,236.84210526315786
4,9,2,35.0,85.0,1.5,0.344858895922214,0.6551411040777859,236.84210526315786
5,9,2,45.0,85.0,1.5,0.2794562971018127,0.7205437028981874,236.84210526315786
6,9,2,55.0,85.0,1.5,0.22699220452207922,0.7730077954779208,236.84210526315786
7,9,2,65.0,85.0,1.5,0.20466859668838605,0.7953314033116139,236.84210526315786
8,9,2,75.0,85.0,1.5,0.20037379173272288,0.7996262082672771,236.84210526315786
9,9,2,85.0,85.0,1.5,0.2000308578195497,0.7999691421804502,236.84210526315786
10,9,2,95.0,85.0,1.5,0.20001652664829267,0.7999834733517073,236.84210526315786
11,9,2,105.0,85.0,1.5,0.2000162443043474,0.7999837556956526,236.84210526315786
12,9,2,115.0,85.0,1.5,0.20001663594636435,0.7999833640536357,236.84210526315786
13,9,2,125.0,85.0,1.5,0.2000170758133773,0.7999829241866228,236.84210526315786
14,9,2,135.0,85.0,1.5,0.2000175309739362,0.7999824690260637,236.84210526315786
15,9,2,145.0,85.0,1.5,0.20001799850620494,0.7999820014937951,236.84210526315786
16,9,2,155.0,85.0,1.5,0.2000184778132681,0.7999815221867319,236.84210526315786
17,9,2,165.0,85.0,1.5,0.20001896790522028,0.7999810320947798,236.84210526315786
18,9,2,175.0,85.0,1.5,0.2000194671370751,0.7999805328629249,236.84210526315786
19,9,2,185.0,85.0,1.5,0.2000199740624721,0.7999800259375279,236.84210526315786
20,9,2,195.0,85.0,1.5,0.20002048611491893,0.799979513885081,236.84210526315786
21,9,2,205.0,85.0,1.5,0.20002100077741614,0.7999789992225839,236.84210526315786
22,9,2,215.0,85.0,1.5,0.2000215151938051,0.7999784848061949,236.84210526315786
23,9,2,225.0,85.0,1.5,0.20002202681796974,0.7999779731820302,236.84210526315786
24,9,2,235.0,85.0,1.5,0.20002253355456062,0.7999774664454393,236.84210526315786
25,9,2,245.0,85.0,1.5,0.20002303455796117,0.7999769654420388,236.84210526315786
26,9,2,255.0,85.0,1.5,0.2000235302738719,0.7999764697261281,236.84210526315786
27,9,2,265.0,85.0,1.5,0.20002402194488914,0.7999759780551109,236.84210526315786
28,9,2,275.0,85.0,1.5,0.20002451092972662,0.7999754890702734,236.84210526315786
29,9,2,285.0,85.0,1.5,0.2000249982815171,0.7999750017184829,236.84210526315786
30,9,2,295.0,85.0,1.5,0.20002548467349643,0.7999745153265035,236.84210526315786
31,9,2,305.0,85.0,1.5,0.20002597048826865,0.7999740295117314,236.84210526315786
32,9,2,315.0,85.0,1.5,0.20002645592345572,0.7999735440765443,236.84210526315786
33,9,2,325.0,85.0,1.5,0.20002694106624208,0.7999730589337579,236.84210526315786
34,9,2,335.0,85.0,1.5,0.2000274259351859,0.799972574064814,236.84210526315786
35,9,2,345.0,85.0,1.5,0.20002791049983618,0.7999720895001639,236.84210526315786
36,9,2,355.0,85.0,1.5,0.20002839468564165,0.7999716053143584,236.84210526315786
37,9,2,365.0,85.0,1.5,0.20002887836851418,0.7999711216314858,236.84210526315786
38,9,2,375.0,85.0,1.5,0.2000293613593375,0.7999706386406625,236.84210526315786
39,9,2,385.0,85.0,1.5,0.20002984337621196,0.799970156623788,236.84210526315786
40,9,2,395.0,85.0,1.5,0.2000303239978959,0.7999696760021041,236.84210526315786
41,9,2,405.0,85.0,1.5,0.20003080258706027,0.7999691974129397,236.84210526315786
42,9,2,415.0,85.0,1.5,0.20003127816190472,0.7999687218380953,236.84210526315786
43,9,2,425.0,85.0,1.5,0.20003174917874378,0.7999682508212562,236.84210526315786
44,9,2,435.0,85.0,1.5,0.20003221315827208,0.7999677868417279,236.84210526315786
45,9,2,445.0,85.0,1.5,0.20003266603880848,0.7999673339611915,236.84210526315786
46,9,2,455.0,85.0,1.5,0.20003310106294458,0.7999668989370554,236.84210526315786
47,9,2,465.0,85.0,1.5,0.20003350692319866,0.7999664930768013,236.84210526315786
48,9,2,475.0,85.0,1.5,0.20003386494597225,0.7999661350540277,236.84210526315786
49,9,2,485.0,85.0,1.5,0.2000341457977376,0.7999658542022624,236.84210526315786
50,9,2,495.0,85.0,1.5,0.20003430888632662,0.7999656911136734,236.84210526315786
1,10,2,5.0,95.0,1.5,0.2925539022636977,0.7074460977363023,236.84210526315786
2,10,2,15.0,95.0,1.5,0.25763222567764077,0.7423677743223592,236.84210526315786
3,10,2,25.0,95.0,1.5,0.2250803698240864,0.7749196301759136,236.84210526315786
4,10,2,35.0,95.0,1.5,0.20646862545437003,0.7935313745456299,236.84210526315786
5,10,2,45.0,95.0,1.5,0.2008536602418479,0.7991463397581521,236.84210526315786
6,10,2,55.0,95.0,1.5,0.2000633648579497,0.7999366351420503,236.84210526315786
7,10,2,65.0,95.0,1.5,0.20001642070866932,0.7999835792913307,236.84210526315786
8,10,2,75.0,95.0,1.5,0.20001513564167347,0.7999848643583265,236.84210526315786
9,10,2,85.0,95.0,1.5,0.200015417434294,0.799984582565706,236.84210526315786
10,10,2,95.0,95.0,1.5,0.20001580635565092,0.799984193644349,236.84210526315786
11,10,2,105.0,95.0,1.5,0.2000162162386775,0.7999837837613225,236.84210526315786
12,10,2,115.0,95.0,1.5,0.2000166422309968,0.7999833577690032,236.84210526315786
13,10,2,125.0,95.0,1.5,0.2000170830408977,0.7999829169591023,236.84210526315786
14,10,2,135.0,95.0,1.5,0.20001753761600474,0.7999824623839953,236.84210526315786
15,10,2,145.0,95.0,1.5,0.20001800496550104,0.799981995034499,236.84210526315786
16,10,2,155.0,95.0,1.5,0.200018484190628,0.7999815158093719,236.84210526315786
17,10,2,165.0,95.0,1.5,0.20001897421798506,0.7999810257820149,236.84210526315786
18,10,2,175.0,95.0,1.5,0.20001947355940342,0.7999805264405966,236.84210526315786
19,10,2,185.0,95.0,1.5,0.20001998031184903,0.799980019688151,236.84210526315786
20,10,2,195.0,95.0,1.5,0.20002049179848397,0.799979508201516,236.84210526315786
21,10,2,205.0,95.0,1.5,0.20002100512939222,0.7999789948706078,236.84210526315786
22,10,2,215.0,95.0,1.5,0.2000215176362966,0.7999784823637034,236.84210526315786
23,10,2,225.0,95.0,1.5,0.20002202729175633,0.7999779727082437,236.84210526315786
24,10,2,235.0,95.0,1.5,0.2000225325100976,0.7999774674899024,236.84210526315786
25,10,2,245.0,95.0,1.5,0.2000230327117155,0.7999769672882845,236.84210526315786
26,10,2,255.0,95.0,1.5,0.20002352831198172,0.7999764716880182,236.84210526315786
27,10,2,265.0,95.0,1.5,0.20002402028294672,0.7999759797170533,236.84210526315786
28,10,2,275.0,95.0,1.5,0.2000245096917334,0.7999754903082665,236.84210526315786
29,10,2,285.0,95.0,1.5,0.20002499741887247,0.7999750025811275,236.84210526315786
30,10,2,295.0,95.0,1.5,0.20002548408031276,0.7999745159196873,236.84210526315786
31,10,2,305.0,95.0,1.5,0.20002597006118938,0.7999740299388106,236.84210526315786
32,10,2,315.0,95.0,1.5,0.20002645557999765,0.7999735444200023,236.84210526315786
33,10,2,325.0,95.0,1.5,0.20002694074274163,0.7999730592572584,236.84210526315786
34,10,2,335.0,95.0,1.5,0.2000274255787448,0.7999725744212551,236.84210526315786
35,10,2,345.0,95.0,1.5,0.2000279100587452,0.7999720899412548,236.84210526315786
36,10,2,355.0,95.0,1.5,0.20002839409954737,0.7999716059004527,236.84210526315786
37,10,2,365.0,95.0,1.5,0.20002887755658247,0.7999711224434175,236.84210526315786
38,10,2,375.0,95.0,1.5,0.20002936020406747,0.7999706397959325,236.84210526315786
39,10,2,385.0,95.0,1.5,0.20002984169823373,0.7999701583017662,236.84210526315786
40,10,2,395.0,95.0,1.5,0.2000303215155193,0.7999696784844808,236.84210526315786
41,10,2,405.0,95.0,1.5,0.20003079884952185,0.7999692011504782,236.84210526315786
42,10,2,415.0,95.0,1.5,0.20003127244051294,0.7999687275594871,236.84210526315786
43,10,2,425.0,95.0,1.5,0.20003174029361087,0.7999682597063891,236.84210526315786
44,10,2,435.0,95.0,1.5,0.20003219921811677,0.7999678007818832,236.84210526315786
45,10,2,445.0,95.0,1.5,0.20003264409150365,0.7999673559084963,236.84210526315786
46,10,2,455.0,95.0,1.5,0.20003306673834498,0.799966933261655,236.84210526315786
47,10,2,465.0,95.0,1.5,0.20003345437207767,0.7999665456279224,236.84210526315786
48,10,2,475.0,95.0,1.5,0.2000337878312231,0.799966212168777,236.84210526315786
49,10,2,485.0,95.0,1.5,0.20003404065390804,0.7999659593460919,236.84210526315786
50,10,2,495.0,95.0,1.5,0.20003418169687723,0.7999658183031227,236.84210526315786
1,1,3,5.0,5.0,2.5,0.4663114087753719,0.5336885912246281,307.0175438596491
2,1,3,15.0,5.0,2.5,0.44234031709910193,0.5576596829008981,307.0175438596491
3,1,3,25.0,5.0,2.5,0.41240047101689525,0.5875995289831047,307.0175438596491
4,1,3,35.0,5.0,2.5,0.3740397235679833,0.6259602764320167,307.0175438596491
5,1,3,45.0,5.0,2.5,0.32179096245693184,0.6782090375430682,307.0175438596491
6,1,3,55.0,5.0,2.5,0.2617429231550559,0.7382570768449441,307.0175438596491
7,1,3,65.0,5.0,2.5,0.21903001302035274,0.7809699869796473,307.0175438596491
8,1,3,75.0,5.0,2.5,0.203335876970001,0.796664123029999,307.0175438596491
9,1,3,85.0,5.0,2.5,0.20035941357345236,0.7996405864265477,307.0175438596491
10,1,3,95.0,5.0,2.5,0.20003581216180372,0.7999641878381962,307.0175438596491
11,1,3,105.0,5.0,2.5,0.20001698291624906,0.799983017083751,307.0175438596491
12,1,3,115.0,5.0,2.5,0.20001646275160556,0.7999835372483944,307.0175438596491
13,1,3,125.0,5.0,2.5,0.20001684264120387,0.7999831573587961,307.0175438596491
14,1,3,135.0,5.0,2.5,0.2000172964440961,0.799982703555904,307.0175438596491
15,1,3,145.0,5.0,2.5,0.200017765424473,0.799982234575527,307.0175438596491
16,1,3,155.0,5.0,2.5,0.20001824563780368,0.7999817543621963,307.0175438596491
17,1,3,165.0,5.0,2.5,0.20001873663282935,0.7999812633671707,307.0175438596491
18,1,3,175.0,5.0,2.5,0.20001923731897414,0.7999807626810258,307.0175438596491
19,1,3,185.0,5.0,2.5,0.2000197462621346,0.7999802537378654,307.0175438596491
20,1,3,195.0,5.0,2.5,0.20002026155539573,0.7999797384446042,307.0175438596491
21,1,3,205.0,5.0,2.5,0.2000207801466518,0.7999792198533482,307.0175438596491
22,1,3,215.0,5.0,2.5,0.2000212984489901,0.7999787015510099,307.0175438596491
23,1,3,225.0,5.0,2.5,0.20002181310297307,0.7999781868970269,307.0175438596491
24,1,3,235.0,5.0,2.5,0.2000223221455457,0.7999776778544543,307.0175438596491
25,1,3,245.0,5.0,2.5,0.20002282474359506,0.7999771752564049,307.0175438596491
26,1,3,255.0,5.0,2.5,0.20002332138209702,0.799976678617903,307.0175438596491
27,1,3,265.0,5.0,2.5,0.20002381347832626,0.7999761865216737,307.0175438596491
28,1,3,275.0,5.0,2.5,0.20002430259752793,0.7999756974024721,307.0175438596491
29,1,3,285.0,5.0,2.5,0.200024789977233,0.7999752100227671,307.0175438596491
30,1,3,295.0,5.0,2.5,0.2000252764343003,0.7999747235656998,307.0175438596491
31,1,3,305.0,5.0,2.5,0.200025762457533,0.799974237542467,307.0175438596491
32,1,3,315.0,5.0,2.5,0.20002624832875124,0.7999737516712487,307.0175438596491
33,1,3,325.0,5.0,2.5,0.20002673421539,0.79997326578461,307.0175438596491
34,1,3,335.0,5.0,2.5,0.20002722022933705,0.799972779770663,307.0175438596491
35,1,3,345.0,5.0,2.5,0.20002770646177412,0.7999722935382259,307.0175438596491
36,1,3,355.0,5.0,2.5,0.20002819300323285,0.7999718069967672,307.0175438596491
37,1,3,365.0,5.0,2.5,0.20002867995472157,0.7999713200452785,307.0175438596491
38,1,3,375.0,5.0,2.5,0.20002916743218602,0.799970832567814,307.0175438596491
39,1,3,385.0,5.0,2.5,0.2000296555623669,0.7999703444376332,307.0175438596491
40,1,3,395.0,5.0,2.5,0.20003014446395598,0.799969855536044,307.0175438596491
41,1,3,405.0,5.0,2.5,0.20003063419957237,0.7999693658004277,307.0175438596491
42,1,3,415.0,5.0,2.5,0.20003112467073886,0.7999688753292611,307.0175438596491
43,1,3,425.0,5.0,2.5,0.20003161540234182,0.7999683845976582,307.0175438596491
44,1,3,435.0,5.0,2.5,0.20003210511897437,0.7999678948810256,307.0175438596491
45,1,3,445.0,5.0,2.5,0.20003259093689965,0.7999674090631004,307.0175438596491
46,1,3,455.0,5.0,2.5,0.20003306688188033,0.7999669331181196,307.0175438596491
47,1,3,465.0,5.0,2.5,0.20003352130789376,0.7999664786921062,307.0175438596491
48,1,3,475.0,5.0,2.5,0.20003393280264897,0.799966067197351,307.0175438596491
49,1,3,485.0,5.0,2.5,0.20003426496486224,0.7999657350351378,307.0175438596491
50,1,3,495.0,5.0,2.5,0.20003446404831252,0.7999655359516875,307.0175438596491
1,2,3,5.0,15.0,2.5,0.5826582954700782,0.4173417045299218,307.0175438596491
2,2,3,15.0,15.0,2.5,0.5571715160925916,0.44282848390740837,307.0175438596491
3,2,3,25.0,15.0,2.5,0.5315215468550443,0.46847845314495573,307.0175438596491
4,2,3,35.0,15.0,2.5,0.505370451919163,0.49462954808083703,307.0175438596491
5,2,3,45.0,15.0,2.5,0.47751623587533476,0.5224837641246652,307.0175438596491
6,2,3,55.0,15.0,2.5,0.44625021902691936,0.5537497809730807,307.0175438596491
7,2,3,65.0,15.0,2.5,0.40630062076091894,0.593699379239081,307.0175438596491
8,2,3,75.0,15.0,2.5,0.3502458807104782,0.6497541192895218,307.0175438596491
9,2,3,85.0,15.0,2.5,0.2823169458055809,0.717683054194419,307.0175438596491
10,2,3,95.0,15.0,2.5,0.2283563791335136,0.7716436208664864,307.0175438596491
11,2,3,105.0,15.0,2.5,0.20534821833494402,0.794651781665056,307.0175438596491
12,2,3,115.0,15.0,2.5,0.20049715909900082,0.7995028409009992,307.0175438596491
13,2,3,125.0,15.0,2.5,0.20004053750253292,0.7999594624974671,307.0175438596491
14,2,3,135.0,15.0,2.5,0.20001830846685095,0.799981691533149,307.0175438596491
15,2,3,145.0,15.0,2.5,0.20001781044539757,0.7999821895546024,307.0175438596491
16,2,3,155.0,15.0,2.5,0.20001824303756316,0.7999817569624368,307.0175438596491
17,2,3,165.0,15.0,2.5,0.20001873229634476,0.7999812677036553,307.0175438596491
18,2,3,175.0,15.0,2.5,0.20001923296720403,0.799980767032796,307.0175438596491
19,2,3,185.0,15.0,2.5,0.2000197416628212,0.7999802583371788,307.0175438596491
20,2,3,195.0,15.0,2.5,0.20002025695853398,0.799979743041466,307.0175438596491
21,2,3,205.0,15.0,2.5,0.2000207759266152,0.7999792240733847,307.0175438596491
22,2,3,215.0,15.0,2.5,0.20002129547767286,0.7999787045223271,307.0175438596491
23,2,3,225.0,15.0,2.5,0.20002181209395165,0.7999781879060484,307.0175438596491
24,2,3,235.0,15.0,2.5,0.20002232301949918,0.7999776769805008,307.0175438596491
25,2,3,245.0,15.0,2.5,0.2000228266896514,0.7999771733103486,307.0175438596491
26,2,3,255.0,15.0,2.5,0.20002332348057775,0.7999766765194223,307.0175438596491
27,2,3,265.0,15.0,2.5,0.20002381515836049,0.7999761848416396,307.0175438596491
28,2,3,275.0,15.0,2.5,0.20002430371560498,0.799975696284395,307.0175438596491
29,2,3,285.0,15.0,2.5,0.20002479062363657,0.7999752093763635,307.0175438596491
30,2,3,295.0,15.0,2.5,0.20002527675256582,0.7999747232474341,307.0175438596491
31,2,3,305.0,15.0,2.5,0.20002576256403465,0.7999742374359653,307.0175438596491
32,2,3,315.0,15.0,2.5,0.20002624829702542,0.7999737517029746,307.0175438596491
33,2,3,325.0,15.0,2.5,0.20002673408346192,0.7999732659165381,307.0175438596491
34,2,3,335.0,15.0,2.5,0.20002722001082746,0.7999727799891725,307.0175438596491
35,2,3,345.0,15.0,2.5,0.20002770615444335,0.7999722938455567,307.0175438596491
36,2,3,355.0,15.0,2.5,0.2000281925953984,0.7999718074046016,307.0175438596491
37,2,3,365.0,15.0,2.5,0.200028679431005,0.799971320568995,307.0175438596491
38,2,3,375.0,15.0,2.5,0.20002916678156804,0.799970833218432,307.0175438596491
39,2,3,385.0,15.0,2.5,0.20002965479285478,0.7999703452071452,307.0175438596491
40,2,3,395.0,15.0,2.5,0.2000301436315787,0.7999698563684213,307.0175438596491
41,2,3,405.0,15.0,2.5,0.2000306334656199,0.7999693665343801,307.0175438596491
42,2,3,415.0,15.0,2.5,0.20003112441215082,0.7999688755878491,307.0175438596491
43,2,3,425.0,15.0,2.5,0.20003161641842818,0.7999683835815719,307.0175438596491
44,2,3,435.0,15.0,2.5,0.20003210900655985,0.7999678909934401,307.0175438596491
45,2,3,445.0,15.0,2.5,0.20003260073178727,0.7999673992682127,307.0175438596491
46,2,3,455.0,15.0,2.5,0.20003308803636402,0.799966911963636,307.0175438596491
47,2,3,465.0,15.0,2.5,0.20003356283907026,0.7999664371609297,307.0175438596491
48,2,3,475.0,15.0,2.5,0.2000340075950085,0.7999659924049916,307.0175438596491
49,2,3,485.0,15.0,2.5,0.2000343860949134,0.7999656139050866,307.0175438596491
50,2,3,495.0,15.0,2.5,0.20003463075567846,0.7999653692443216,307.0175438596491
1,3,3,5.0,25.0,2.5,0.6583193795699874,0.34168062043001257,307.0175438596491
2,3,3,15.0,25.0,2.5,0.6247637503840375,0.37523624961596247,307.0175438596491
3,3,3,25.0,25.0,2.5,0.5911715988264036,0.4088284011735964,307.0175438596491
4,3,3,35.0,25.0,2.5,0.5608437943049047,0.4391562056950953,307.0175438596491
5,3,3,45.0,25.0,2.5,0.5340780711574143,0.46592192884258565,307.0175438596491
6,3,3,55.0,25.0,2.5,0.5074451195225751,0.4925548804774249,307.0175438596491
7,3,3,65.0,25.0,2.5,0.4797561364968855,0.5202438635031146,307.0175438596491
8,3,3,75.0,25.0,2.5,0.44871291902780347,0.5512870809721966,307.0175438596491
9,3,3,85.0,25.0,2.5,0.4090607017709028,0.5909392982290972,307.0175438596491
10,3,3,95.0,25.0,2.5,0.3537018437296694,0.6462981562703306,307.0175438596491
11,3,3,105.0,25.0,2.5,0.2860535484955177,0.7139464515044823,307.0175438596491
12,3,3,115.0,25.0,2.5,0.23100543379346078,0.7689945662065392,307.0175438596491
13,3,3,125.0,25.0,2.5,0.2063885847614023,0.7936114152385977,307.0175438596491
14,3,3,135.0,25.0,2.5,0.20064073451131198,0.7993592654886881,307.0175438596491
15,3,3,145.0,25.0,2.5,0.20004775176270076,0.7999522482372993,307.0175438596491
16,3,3,155.0,25.0,2.5,0.20001936734748707,0.799980632652513,307.0175438596491
17,3,3,165.0,25.0,2.5,0.20001877273242236,0.7999812272675777,307.0175438596491
18,3,3,175.0,25.0,2.5,0.2000192274577804,0.7999807725422197,307.0175438596491
19,3,3,185.0,25.0,2.5,0.20001973490124597,0.799980265098754,307.0175438596491
20,3,3,195.0,25.0,2.5,0.20002025020306463,0.7999797497969354,307.0175438596491
21,3,3,205.0,25.0,2.5,0.2000207696305949,0.7999792303694051,307.0175438596491
22,3,3,215.0,25.0,2.5,0.20002129060524299,0.799978709394757,307.0175438596491
23,3,3,225.0,25.0,2.5,0.20002180963648,0.79997819036352,307.0175438596491
24,3,3,235.0,25.0,2.5,0.200022323370112,0.7999776766298881,307.0175438596491
25,3,3,245.0,25.0,2.5,0.2000228292077445,0.7999771707922555,307.0175438596491
26,3,3,255.0,25.0,2.5,0.20002332670393813,0.7999766732960618,307.0175438596491
27,3,3,265.0,25.0,2.5,0.2000238178731505,0.7999761821268495,307.0175438596491
28,3,3,275.0,25.0,2.5,0.2000243055257291,0.7999756944742709,307.0175438596491
29,3,3,285.0,25.0,2.5,0.20002479164571932,0.7999752083542807,307.0175438596491
30,3,3,295.0,25.0,2.5,0.2000252772276948,0.7999747227723052,307.0175438596491
31,3,3,305.0,25.0,2.5,0.20002576268832803,0.7999742373116719,307.0175438596491
32,3,3,315.0,25.0,2.5,0.20002624819046427,0.7999737518095358,307.0175438596491
33,3,3,325.0,25.0,2.5,0.200026733804393,0.7999732661956069,307.0175438596491
34,3,3,335.0,25.0,2.5,0.20002721957539155,0.7999727804246084,307.0175438596491
35,3,3,345.0,25.0,2.5,0.2000277055511832,0.7999722944488168,307.0175438596491
36,3,3,355.0,25.0,2.5,0.20002819179500247,0.7999718082049976,307.0175438596491
37,3,3,365.0,25.0,2.5,0.20002867839465382,0.7999713216053461,307.0175438596491
38,3,3,375.0,25.0,2.5,0.20002916547241648,0.7999708345275836,307.0175438596491
39,3,3,385.0,25.0,2.5,0.20002965319778418,0.7999703468022158,307.0175438596491
40,3,3,395.0,25.0,2.5,0.200030141805333,0.799969858194667,307.0175438596491
41,3,3,405.0,25.0,2.5,0.2000306316198943,0.7999693683801057,307.0175438596491
42,3,3,415.0,25.0,2.5,0.20003112309228524,0.7999688769077148,307.0175438596491
43,3,3,425.0,25.0,2.5,0.20003161684735926,0.7999683831526407,307.0175438596491
44,3,3,435.0,25.0,2.5,0.20003211373054977,0.7999678862694503,307.0175438596491
45,3,3,445.0,25.0,2.5,0.2000326148115682,0.7999673851884318,307.0175438596491
46,3,3,455.0,25.0,2.5,0.20003312111124028,0.7999668788887597,307.0175438596491
47,3,3,465.0,25.0,2.5,0.20003363222922851,0.7999663677707715,307.0175438596491
48,3,3,475.0,25.0,2.5,0.20003414136818393,0.7999658586318161,307.0175438596491
49,3,3,485.0,25.0,2.5,0.2000346203499474,0.7999653796500525,307.0175438596491
50,3,3,495.0,25.0,2.5,0.20003498284540577,0.7999650171545942,307.0175438596491
1,4,3,5.0,35.0,2.5,0.7199287906397347,0.2800712093602653,307.0175438596491
2,4,3,15.0,35.0,2.5,0.6803569873589858,0.31964301264101425,307.0175438596491
3,4,3,25.0,35.0,2.5,0.6399224958368109,0.36007750416318907,307.0175438596491
4,4,3,35.0,35.0,2.5,0.6026224241347964,0.3973775758652036,307.0175438596491
5,4,3,45.0,35.0,2.5,0.5703107313257293,0.4296892686742707,307.0175438596491
6,4,3,55.0,35.0,2.5,0.5428884580624095,0.4571115419375905,307.0175438596491
7,4,3,65.0,35.0,2.5,0.516794674684151,0.48320532531584903,307.0175438596491
8,4,3,75.0,35.0,2.5,0.49018649869990255,0.5098135013000975,307.0175438596491
9,4,3,85.0,35.0,2.5,0.4613575489663471,0.5386424510336529,307.0175438596491
10,4,3,95.0,35.0,2.5,0.42648525081961836,0.5735147491803816,307.0175438596491
11,4,3,105.0,35.0,2.5,0.37874049768460244,0.6212595023153975,307.0175438596491
12,4,3,115.0,35.0,2.5,0.31526262218529444,0.6847373778147056,307.0175438596491
13,4,3,125.0,35.0,2.5,0.25144946667644413,0.7485505333235558,307.0175438596491
14,4,3,135.0,35.0,2.5,0.21370729901056185,0.7862927009894382,307.0175438596491
15,4,3,145.0,35.0,2.5,0.20188377634238264,0.7981162236576174,307.0175438596491
16,4,3,155.0,35.0,2.5,0.20012943410528863,0.7998705658947114,307.0175438596491
17,4,3,165.0,35.0,2.5,0.20002244894918342,0.7999775510508166,307.0175438596491
18,4,3,175.0,35.0,2.5,0.20001936709690973,0.7999806329030903,307.0175438596491
19,4,3,185.0,35.0,2.5,0.20001973252456703,0.7999802674754329,307.0175438596491
20,4,3,195.0,35.0,2.5,0.20002024451522274,0.7999797554847773,307.0175438596491
21,4,3,205.0,35.0,2.5,0.20002076434546573,0.7999792356545343,307.0175438596491
22,4,3,215.0,35.0,2.5,0.2000212861894384,0.7999787138105616,307.0175438596491
23,4,3,225.0,35.0,2.5,0.20002180697350297,0.7999781930264971,307.0175438596491
24,4,3,235.0,35.0,2.5,0.2000223229940831,0.7999776770059169,307.0175438596491
25,4,3,245.0,35.0,2.5,0.20002283099718463,0.7999771690028153,307.0175438596491
26,4,3,255.0,35.0,2.5,0.2000233295758307,0.7999766704241693,307.0175438596491
27,4,3,265.0,35.0,2.5,0.2000238204659508,0.7999761795340492,307.0175438596491
28,4,3,275.0,35.0,2.5,0.20002430723978895,0.7999756927602111,307.0175438596491
29,4,3,285.0,35.0,2.5,0.20002479255436928,0.7999752074456308,307.0175438596491
30,4,3,295.0,35.0,2.5,0.2000252775797503,0.7999747224202497,307.0175438596491
31,4,3,305.0,35.0,2.5,0.2000257626832968,0.7999742373167031,307.0175438596491
32,4,3,315.0,35.0,2.5,0.2000262479422233,0.7999737520577768,307.0175438596491
33,4,3,325.0,35.0,2.5,0.20002673335930946,0.7999732666406906,307.0175438596491
34,4,3,335.0,35.0,2.5,0.20002721893371758,0.7999727810662824,307.0175438596491
35,4,3,345.0,35.0,2.5,0.20002770468115263,0.7999722953188474,307.0175438596491
36,4,3,355.0,35.0,2.5,0.20002819064085126,0.7999718093591488,307.0175438596491
37,4,3,365.0,35.0,2.5,0.2000286768824365,0.7999713231175635,307.0175438596491
38,4,3,375.0,35.0,2.5,0.2000291635177091,0.7999708364822908,307.0175438596491
39,4,3,385.0,35.0,2.5,0.20002965072217113,0.7999703492778288,307.0175438596491
40,4,3,395.0,35.0,2.5,0.20003013877286868,0.7999698612271313,307.0175438596491
41,4,3,405.0,35.0,2.5,0.2000306281155086,0.7999693718844914,307.0175438596491
42,4,3,415.0,35.0,2.5,0.2000311194844571,0.7999688805155429,307.0175438596491
43,4,3,425.0,35.0,2.5,0.20003161412140621,0.7999683858785938,307.0175438596491
44,4,3,435.0,35.0,2.5,0.20003211417787226,0.7999678858221277,307.0175438596491
45,4,3,445.0,35.0,2.5,0.20003262343348152,0.7999673765665185,307.0175438596491
46,4,3,455.0,35.0,2.5,0.2000331485102109,0.7999668514897891,307.0175438596491
47,4,3,465.0,35.0,2.5,0.20003370053082264,0.7999662994691774,307.0175438596491
48,4,3,475.0,35.0,2.5,0.2000342950446131,0.7999657049553869,307.0175438596491
49,4,3,485.0,35.0,2.5,0.20003493777346731,0.7999650622265326,307.0175438596491
50,4,3,495.0,35.0,2.5,0.20003555449566235,0.7999644455043377,307.0175438596491
1,5,3,5.0,45.0,2.5,0.77124831592233,0.22875168407767,307.0175438596491
2,5,3,15.0,45.0,2.5,0.7316659287566665,0.2683340712433335,307.0175438596491
3,5,3,25.0,45.0,2.5,0.686873166677746,0.313126833322254,307.0175438596491
4,5,3,35.0,45.0,2.5,0.6449625059849327,0.35503749401506735,307.0175438596491
5,5,3,45.0,45.0,2.5,0.6083407877151695,0.39165921228483047,307.0175438596491
6,5,3,55.0,45.0,2.5,0.5773315744094164,0.4226684255905836,307.0175438596491
7,5,3,65.0,45.0,2.5,0.5508813380394221,0.4491186619605779,307.0175438596491
8,5,3,75.0,45.0,2.5,0.5256770245180552,0.4743229754819448,307.0175438596491
9,5,3,85.0,45.0,2.5,0.5002474672648707,0.4997525327351293,307.0175438596491
10,5,3,95.0,45.0,2.5,0.47292171426943247,0.5270782857305676,307.0175438596491
11,5,3,105.0,45.0,2.5,0.440790159554497,0.559209840445503,307.0175438596491
12,5,3,115.0,45.0,2.5,0.39772163890132667,0.6022783610986733,307.0175438596491
13,5,3,125.0,45.0,2.5,0.33801627248868427,0.6619837275113157,307.0175438596491
14,5,3,135.0,45.0,2.5,0.2697387777947961,0.7302612222052038,307.0175438596491
15,5,3,145.0,45.0,2.5,0.22106055020283055,0.7789394497971694,307.0175438596491
16,5,3,155.0,45.0,2.5,0.2031657735138967,0.7968342264861032,307.0175438596491
17,5,3,165.0,45.0,2.5,0.20020622795373957,0.7997937720462605,307.0175438596491
18,5,3,175.0,45.0,2.5,0.20002431049087502,0.799975689509125,307.0175438596491
19,5,3,185.0,45.0,2.5,0.20001987825273423,0.7999801217472657,307.0175438596491
20,5,3,195.0,45.0,2.5,0.20002024521995132,0.7999797547800487,307.0175438596491
21,5,3,205.0,45.0,2.5,0.20002076254325102,0.7999792374567489,307.0175438596491
22,5,3,215.0,45.0,2.5,0.20002128468663408,0.799978715313366,307.0175438596491
23,5,3,225.0,45.0,2.5,0.20002180595276756,0.7999781940472325,307.0175438596491
24,5,3,235.0,45.0,2.5,0.20002232281804125,0.7999776771819588,307.0175438596491
25,5,3,245.0,45.0,2.5,0.20002283173548405,0.7999771682645159,307.0175438596491
26,5,3,255.0,45.0,2.5,0.20002333085506852,0.7999766691449315,307.0175438596491
27,5,3,265.0,45.0,2.5,0.2000238216272788,0.7999761783727212,307.0175438596491
28,5,3,275.0,45.0,2.5,0.20002430792056602,0.799975692079434,307.0175438596491
29,5,3,285.0,45.0,2.5,0.20002479279113056,0.7999752072088695,307.0175438596491
30,5,3,295.0,45.0,2.5,0.20002527750980983,0.7999747224901902,307.0175438596491
31,5,3,305.0,45.0,2.5,0.200025762404708,0.799974237595292,307.0175438596491
32,5,3,315.0,45.0,2.5,0.20002624749682907,0.7999737525031709,307.0175438596491
33,5,3,325.0,45.0,2.5,0.20002673274533037,0.7999732672546697,307.0175438596491
34,5,3,335.0,45.0,2.5,0.20002721811684593,0.7999727818831541,307.0175438596491
35,5,3,345.0,45.0,2.5,0.20002770359979016,0.7999722964002098,307.0175438596491
36,5,3,355.0,45.0,2.5,0.20002818920679136,0.7999718107932087,307.0175438596491
37,5,3,365.0,45.0,2.5,0.20002867497865562,0.7999713250213444,307.0175438596491
38,5,3,375.0,45.0,2.5,0.20002916099572826,0.7999708390042717,307.0175438596491
39,5,3,385.0,45.0,2.5,0.20002964740155765,0.7999703525984423,307.0175438596491
40,5,3,395.0,45.0,2.5,0.20003013444841583,0.7999698655515841,307.0175438596491
41,5,3,405.0,45.0,2.5,0.20003062258181006,0.79996937741819,307.0175438596491
42,5,3,415.0,45.0,2.5,0.20003111259831957,0.7999688874016804,307.0175438596491
43,5,3,425.0,45.0,2.5,0.2000316059434064,0.7999683940565936,307.0175438596491
44,5,3,435.0,45.0,2.5,0.2000321052870368,0.7999678947129631,307.0175438596491
45,5,3,445.0,45.0,2.5,0.2000326156754475,0.7999673843245525,307.0175438596491
46,5,3,455.0,45.0,2.5,0.20003314696131008,0.7999668530386899,307.0175438596491
47,5,3,465.0,45.0,2.5,0.20003371912735554,0.7999662808726444,307.0175438596491
48,5,3,475.0,45.0,2.5,0.20003437320913234,0.7999656267908677,307.0175438596491
49,5,3,485.0,45.0,2.5,0.20003517327291215,0.7999648267270878,307.0175438596491
50,5,3,495.0,45.0,2.5,0.2000359747481114,0.7999640252518886,307.0175438596491
1,6,3,5.0,55.0,2.5,0.7231137429180661,0.27688625708193393,307.0175438596491
2,6,3,15.0,55.0,2.5,0.6852333886928617,0.31476661130713834,307.0175438596491
3,6,3,25.0,55.0,2.5,0.6462114655047616,0.3537885344952384,307.0175438596491
4,6,3,35.0,55.0,2.5,0.6097587209040304,0.3902412790959696,307.0175438596491
5,6,3,45.0,55.0,2.5,0.5777361682748694,0.4222638317251306,307.0175438596491
6,6,3,55.0,55.0,2.5,0.5505417392126546,0.4494582607873454,307.0175438596491
7,6,3,65.0,55.0,2.5,0.5253233132843192,0.47467668671568075,307.0175438596491
8,6,3,75.0,55.0,2.5,0.4996104394688073,0.5003895605311928,307.0175438596491
9,6,3,85.0,55.0,2.5,0.47221454547030967,0.5277854545296903,307.0175438596491
10,6,3,95.0,55.0,2.5,0.44038525393414596,0.559614746065854,307.0175438596491
11,6,3,105.0,55.0,2.5,0.398175928367778,0.6018240716322221,307.0175438596491
12,6,3,115.0,55.0,2.5,0.33996964720558825,0.6600303527944118,307.0175438596491
13,6,3,125.0,55.0,2.5,0.27309526259406075,0.7269047374059392,307.0175438596491
14,6,3,135.0,55.0,2.5,0.22390731762495503,0.7760926823750449,307.0175438596491
15,6,3,145.0,55.0,2.5,0.2042476086441304,0.7957523913558696,307.0175438596491
16,6,3,155.0,55.0,2.5,0.20034184727252782,0.7996581527274722,307.0175438596491
17,6,3,165.0,55.0,2.5,0.2000308421497938,0.7999691578502062,307.0175438596491
18,6,3,175.0,55.0,2.5,0.20001964809600745,0.7999803519039925,307.0175438596491
19,6,3,185.0,55.0,2.5,0.20001974172502002,0.79998025827498,307.0175438596491
20,6,3,195.0,55.0,2.5,0.20002024627841736,0.7999797537215827,307.0175438596491
21,6,3,205.0,55.0,2.5,0.20002076542912425,0.7999792345708757,307.0175438596491
22,6,3,215.0,55.0,2.5,0.20002128687156534,0.7999787131284346,307.0175438596491
23,6,3,225.0,55.0,2.5,0.20002180741418044,0.7999781925858196,307.0175438596491
24,6,3,235.0,55.0,2.5,0.20002232336797576,0.7999776766320242,307.0175438596491
25,6,3,245.0,55.0,2.5,0.20002283137957433,0.7999771686204257,307.0175438596491
26,6,3,255.0,55.0,2.5,0.2000233298614087,0.7999766701385913,307.0175438596491
27,6,3,265.0,55.0,2.5,0.2000238204843984,0.7999761795156016,307.0175438596491
28,6,3,275.0,55.0,2.5,0.2000243069504348,0.7999756930495652,307.0175438596491
29,6,3,285.0,55.0,2.5,0.20002479202065565,0.7999752079793443,307.0175438596491
30,6,3,295.0,55.0,2.5,0.20002527686082924,0.7999747231391707,307.0175438596491
31,6,3,305.0,55.0,2.5,0.20002576179393286,0.7999742382060672,307.0175438596491
32,6,3,315.0,55.0,2.5,0.2000262468514135,0.7999737531485865,307.0175438596491
33,6,3,325.0,55.0,2.5,0.20002673199541823,0.7999732680045818,307.0175438596491
34,6,3,335.0,55.0,2.5,0.20002721718589553,0.7999727828141044,307.0175438596491
35,6,3,345.0,55.0,2.5,0.2000277023952109,0.7999722976047892,307.0175438596491
36,6,3,355.0,55.0,2.5,0.2000281876097246,0.7999718123902754,307.0175438596491
37,6,3,365.0,55.0,2.5,0.2000286728317341,0.7999713271682659,307.0175438596491
38,6,3,375.0,55.0,2.5,0.2000291580866798,0.7999708419133202,307.0175438596491
39,6,3,385.0,55.0,2.5,0.20002964344076668,0.7999703565592333,307.0175438596491
40,6,3,395.0,55.0,2.5,0.2000301290362825,0.7999698709637175,307.0175438596491
41,6,3,405.0,55.0,2.5,0.2000306151593928,0.7999693848406072,307.0175438596491
42,6,3,415.0,55.0,2.5,0.20003110236644336,0.7999688976335566,307.0175438596491
43,6,3,425.0,55.0,2.5,0.2000315917169593,0.7999684082830407,307.0175438596491
44,6,3,435.0,55.0,2.5,0.20003208519706087,0.7999679148029392,307.0175438596491
45,6,3,445.0,55.0,2.5,0.20003258646942174,0.7999674135305783,307.0175438596491
46,6,3,455.0,55.0,2.5,0.20003310210787886,0.7999668978921212,307.0175438596491
47,6,3,465.0,55.0,2.5,0.20003364316255418,0.7999663568374458,307.0175438596491
48,6,3,475.0,55.0,2.5,0.20003422471677465,0.7999657752832253,307.0175438596491
49,6,3,485.0,55.0,2.5,0.2000348513142525,0.7999651486857475,307.0175438596491
50,6,3,495.0,55.0,2.5,0.2000354487453796,0.7999645512546204,307.0175438596491
1,7,3,5.0,65.0,2.5,0.6671011852548706,0.3328988147451294,307.0175438596491
2,7,3,15.0,65.0,2.5,0.63497208358398,0.36502791641601995,307.0175438596491
3,7,3,25.0,65.0,2.5,0.6021871986141915,0.39781280138580855,307.0175438596491
4,7,3,35.0,65.0,2.5,0.5719911860776536,0.42800881392234635,307.0175438596491
5,7,3,45.0,65.0,2.5,0.5455373297333034,0.4544626702666966,307.0175438596491
6,7,3,55.0,65.0,2.5,0.5202899360867913,0.4797100639132087,307.0175438596491
7,7,3,65.0,65.0,2.5,0.4942232552575808,0.5057767447424192,307.0175438596491
8,7,3,75.0,65.0,2.5,0.466120496495751,0.533879503504249,307.0175438596491
9,7,3,85.0,65.0,2.5,0.4327002142223069,0.5672997857776931,307.0175438596491
10,7,3,95.0,65.0,2.5,0.3874917795876114,0.6125082204123886,307.0175438596491
11,7,3,105.0,65.0,2.5,0.32622598469158837,0.6737740153084116,307.0175438596491
12,7,3,115.0,65.0,2.5,0.26076393162875106,0.7392360683712489,307.0175438596491
13,7,3,125.0,65.0,2.5,0.2180269493915908,0.7819730506084092,307.0175438596491
14,7,3,135.0,65.0,2.5,0.2029067917406102,0.7970932082593898,307.0175438596491
15,7,3,145.0,65.0,2.5,0.20022354723224772,0.7997764527677522,307.0175438596491
16,7,3,155.0,65.0,2.5,0.20002627098971218,0.7999737290102878,307.0175438596491
17,7,3,165.0,65.0,2.5,0.20001906500210292,0.799980934997897,307.0175438596491
18,7,3,175.0,65.0,2.5,0.20001924131873658,0.7999807586812634,307.0175438596491
19,7,3,185.0,65.0,2.5,0.20001974023975463,0.7999802597602453,307.0175438596491
20,7,3,195.0,65.0,2.5,0.20002025413986846,0.7999797458601315,307.0175438596491
21,7,3,205.0,65.0,2.5,0.20002077245224498,0.7999792275477551,307.0175438596491
22,7,3,215.0,65.0,2.5,0.20002129239609281,0.7999787076039072,307.0175438596491
23,7,3,225.0,65.0,2.5,0.20002181080051132,0.7999781891994887,307.0175438596491
24,7,3,235.0,65.0,2.5,0.20002232422630875,0.7999776757736913,307.0175438596491
25,7,3,245.0,65.0,2.5,0.20002282983864222,0.7999771701613578,307.0175438596491
26,7,3,255.0,65.0,2.5,0.2000233269439633,0.7999766730560367,307.0175438596491
27,7,3,265.0,65.0,2.5,0.2000238175636828,0.7999761824363172,307.0175438596491
28,7,3,275.0,65.0,2.5,0.20002430471308183,0.7999756952869181,307.0175438596491
29,7,3,285.0,65.0,2.5,0.20002479046111615,0.7999752095388839,307.0175438596491
30,7,3,295.0,65.0,2.5,0.20002527575753348,0.7999747242424665,307.0175438596491
31,7,3,305.0,65.0,2.5,0.20002576093574959,0.7999742390642504,307.0175438596491
32,7,3,315.0,65.0,2.5,0.20002624607918182,0.7999737539208182,307.0175438596491
33,7,3,325.0,65.0,2.5,0.20002673118705247,0.7999732688129475,307.0175438596491
34,7,3,335.0,65.0,2.5,0.2000272162337902,0.7999727837662098,307.0175438596491
35,7,3,345.0,65.0,2.5,0.20002770118629282,0.7999722988137072,307.0175438596491
36,7,3,355.0,65.0,2.5,0.2000281860070753,0.7999718139929247,307.0175438596491
37,7,3,365.0,65.0,2.5,0.2000286706538343,0.7999713293461657,307.0175438596491
38,7,3,375.0,65.0,2.5,0.20002915508007071,0.7999708449199293,307.0175438596491
39,7,3,385.0,65.0,2.5,0.20002963923895117,0.7999703607610489,307.0175438596491
40,7,3,395.0,65.0,2.5,0.20003012309444798,0.799969876905552,307.0175438596491
41,7,3,405.0,65.0,2.5,0.20003060664486258,0.7999693933551374,307.0175438596491
42,7,3,415.0,65.0,2.5,0.20003108996759367,0.7999689100324063,307.0175438596491
43,7,3,425.0,65.0,2.5,0.2000315732949188,0.7999684267050812,307.0175438596491
44,7,3,435.0,65.0,2.5,0.20003205712238784,0.7999679428776122,307.0175438596491
45,7,3,445.0,65.0,2.5,0.20003254230101988,0.7999674576989801,307.0175438596491
46,7,3,455.0,65.0,2.5,0.20003302987546703,0.799966970124533,307.0175438596491
47,7,3,465.0,65.0,2.5,0.20003351982052484,0.7999664801794751,307.0175438596491
48,7,3,475.0,65.0,2.5,0.20003400615548805,0.799965993844512,307.0175438596491
49,7,3,485.0,65.0,2.5,0.20003446235865888,0.7999655376413412,307.0175438596491
50,7,3,495.0,65.0,2.5,0.20003480649164557,0.7999651935083545,307.0175438596491
1,8,3,5.0,75.0,2.5,0.602875487824267,0.39712451217573297,307.0175438596491
2,8,3,15.0,75.0,2.5,0.5778485032681607,0.42215149673183927,307.0175438596491
3,8,3,25.0,75.0,2.5,0.5524674837228558,0.4475325162771442,307.0175438596491
4,8,3,35.0,75.0,2.5,0.5281881528021941,0.4718118471978059,307.0175438596491
5,8,3,45.0,75.0,2.5,0.5027570454120299,0.4972429545879701,307.0175438596491
6,8,3,55.0,75.0,2.5,0.47575241379533856,0.5242475862046614,307.0175438596491
7,8,3,65.0,75.0,2.5,0.44495556730115166,0.5550444326988484,307.0175438596491
8,8,3,75.0,75.0,2.5,0.40510747401188546,0.5948925259881146,307.0175438596491
9,8,3,85.0,75.0,2.5,0.3495816703012185,0.6504183296987815,307.0175438596491
10,8,3,95.0,75.0,2.5,0.2828491978757574,0.7171508021242425,307.0175438596491
11,8,3,105.0,75.0,2.5,0.2295493899300616,0.7704506100699384,307.0175438596491
12,8,3,115.0,75.0,2.5,0.20600930341697232,0.7939906965830277,307.0175438596491
13,8,3,125.0,75.0,2.5,0.20059911155923285,0.7994008884407672,307.0175438596491
14,8,3,135.0,75.0,2.5,0.2000459686071518,0.7999540313928482,307.0175438596491
15,8,3,145.0,75.0,2.5,0.2000189013663912,0.7999810986336088,307.0175438596491
16,8,3,155.0,75.0,2.5,0.2000183036391043,0.7999816963608957,307.0175438596491
17,8,3,165.0,75.0,2.5,0.20001874558556526,0.7999812544144347,307.0175438596491
18,8,3,175.0,75.0,2.5,0.2000192437960882,0.7999807562039118,307.0175438596491
19,8,3,185.0,75.0,2.5,0.2000197513762197,0.7999802486237804,307.0175438596491
20,8,3,195.0,75.0,2.5,0.20002026461685912,0.7999797353831408,307.0175438596491
21,8,3,205.0,75.0,2.5,0.20002078153057382,0.7999792184694262,307.0175438596491
22,8,3,215.0,75.0,2.5,0.20002129910019945,0.7999787008998005,307.0175438596491
23,8,3,225.0,75.0,2.5,0.20002181434973737,0.7999781856502626,307.0175438596491
24,8,3,235.0,75.0,2.5,0.2000223242698774,0.7999776757301226,307.0175438596491
25,8,3,245.0,75.0,2.5,0.20002282706928087,0.7999771729307191,307.0175438596491
26,8,3,255.0,75.0,2.5,0.20002332301561176,0.7999766769843882,307.0175438596491
27,8,3,265.0,75.0,2.5,0.20002381398309557,0.7999761860169045,307.0175438596491
28,8,3,275.0,75.0,2.5,0.20002430204617797,0.7999756979538221,307.0175438596491
29,8,3,285.0,75.0,2.5,0.20002478863338718,0.7999752113666128,307.0175438596491
30,8,3,295.0,75.0,2.5,0.20002527450723637,0.7999747254927636,307.0175438596491
31,8,3,305.0,75.0,2.5,0.20002576001867717,0.7999742399813228,307.0175438596491
32,8,3,315.0,75.0,2.5,0.20002624531116434,0.7999737546888357,307.0175438596491
33,8,3,325.0,75.0,2.5,0.20002673043056796,0.799973269569432,307.0175438596491
34,8,3,335.0,75.0,2.5,0.2000272153743867,0.7999727846256133,307.0175438596491
35,8,3,345.0,75.0,2.5,0.20002770011026777,0.7999722998897323,307.0175438596491
36,8,3,355.0,75.0,2.5,0.20002818458035096,0.799971815419649,307.0175438596491
37,8,3,365.0,75.0,2.5,0.20002866869845995,0.7999713313015401,307.0175438596491
38,8,3,375.0,75.0,2.5,0.20002915234223495,0.799970847657765,307.0175438596491
39,8,3,385.0,75.0,2.5,0.20002963534065832,0.7999703646593417,307.0175438596491
40,8,3,395.0,75.0,2.5,0.2000301174548195,0.7999698825451805,307.0175438596491
41,8,3,405.0,75.0,2.5,0.20003059834810172,0.7999694016518983,307.0175438596491
42,8,3,415.0,75.0,2.5,0.20003107753657073,0.7999689224634292,307.0175438596491
43,8,3,425.0,75.0,2.5,0.20003155429875427,0.7999684457012457,307.0175438596491
44,8,3,435.0,75.0,2.5,0.2000320274947915,0.7999679725052085,307.0175438596491
45,8,3,445.0,75.0,2.5,0.20003249517334654,0.7999675048266535,307.0175438596491
46,8,3,455.0,75.0,2.5,0.20003295367722126,0.7999670463227787,307.0175438596491
47,8,3,465.0,75.0,2.5,0.20003339560609412,0.7999666043939059,307.0175438596491
48,8,3,475.0,75.0,2.5,0.20003380541723123,0.7999661945827687,307.0175438596491
49,8,3,485.0,75.0,2.5,0.20003415110557093,0.799965848894429,307.0175438596491
50,8,3,495.0,75.0,2.5,0.20003437282846406,0.799965627171536,307.0175438596491
1,9,3,5.0,85.0,2.5,0.5266394804997432,0.4733605195002568,307.0175438596491
2,9,3,15.0,85.0,2.5,0.5073756873004746,0.49262431269952545,307.0175438596491
3,9,3,25.0,85.0,2.5,0.4839657010972599,0.5160342989027401,307.0175438596491
4,9,3,35.0,85.0,2.5,0.45751689329966433,0.5424831067003357,307.0175438596491
5,9,3,45.0,85.0,2.5,0.4255332006805393,0.5744667993194608,307.0175438596491
6,9,3,55.0,85.0,2.5,0.3826651766470175,0.6173348233529825,307.0175438596491
7,9,3,65.0,85.0,2.5,0.3242494269346547,0.6757505730653453,307.0175438596491
8,9,3,75.0,85.0,2.5,0.2608204168116129,0.7391795831883872,307.0175438596491
9,9,3,85.0,85.0,2.5,0.2180527286863891,0.7819472713136109,307.0175438596491
10,9,3,95.0,85.0,2.5,0.2027961202344838,0.7972038797655162,307.0175438596491
11,9,3,105.0,85.0,2.5,0.20022166721886062,0.7997783327811394,307.0175438596491
12,9,3,115.0,85.0,2.5,0.20002557737496876,0.7999744226250313,307.0175438596491
13,9,3,125.0,85.0,2.5,0.20001734346095534,0.7999826565390447,307.0175438596491
14,9,3,135.0,85.0,2.5,0.2000173388493626,0.7999826611506374,307.0175438596491
15,9,3,145.0,85.0,2.5,0.2000177864173131,0.7999822135826868,307.0175438596491
16,9,3,155.0,85.0,2.5,0.20001826505306883,0.7999817349469311,307.0175438596491
17,9,3,165.0,85.0,2.5,0.20001875533709096,0.7999812446629091,307.0175438596491
18,9,3,175.0,85.0,2.5,0.20001925478561472,0.7999807452143852,307.0175438596491
19,9,3,185.0,85.0,2.5,0.20001976212213718,0.7999802378778629,307.0175438596491
20,9,3,195.0,85.0,2.5,0.20002027458899674,0.7999797254110033,307.0175438596491
21,9,3,205.0,85.0,2.5,0.20002078970227816,0.7999792102977219,307.0175438596491
22,9,3,215.0,85.0,2.5,0.20002130448089644,0.7999786955191035,307.0175438596491
23,9,3,225.0,85.0,2.5,0.20002181632669583,0.7999781836733042,307.0175438596491
24,9,3,235.0,85.0,2.5,0.2000223230545781,0.7999776769454219,307.0175438596491
25,9,3,245.0,85.0,2.5,0.20002282388792197,0.799977176112078,307.0175438596491
26,9,3,255.0,85.0,2.5,0.20002331939163462,0.7999766806083654,307.0175438596491
27,9,3,265.0,85.0,2.5,0.20002381089415558,0.7999761891058444,307.0175438596491
28,9,3,275.0,85.0,2.5,0.20002429977706024,0.7999757002229397,307.0175438596491
29,9,3,285.0,85.0,2.5,0.20002478707807814,0.7999752129219219,307.0175438596491
30,9,3,295.0,85.0,2.5,0.20002527344903023,0.7999747265509698,307.0175438596491
31,9,3,305.0,85.0,2.5,0.2000257592578482,0.7999742407421517,307.0175438596491
32,9,3,315.0,85.0,2.5,0.2000262446946404,0.7999737553053596,307.0175438596491
33,9,3,325.0,85.0,2.5,0.20002672984352288,0.7999732701564771,307.0175438596491
34,9,3,335.0,85.0,2.5,0.20002721472242968,0.7999727852775703,307.0175438596491
35,9,3,345.0,85.0,2.5,0.20002769930148237,0.7999723006985177,307.0175438596491
36,9,3,355.0,85.0,2.5,0.20002818350768728,0.7999718164923127,307.0175438596491
37,9,3,365.0,85.0,2.5,0.20002866721936138,0.7999713327806386,307.0175438596491
38,9,3,375.0,85.0,2.5,0.20002915025113013,0.7999708497488699,307.0175438596491
39,9,3,385.0,85.0,2.5,0.2000296323265563,0.7999703676734438,307.0175438596491
40,9,3,395.0,85.0,2.5,0.20003011303275156,0.7999698869672485,307.0175438596491
41,9,3,405.0,85.0,2.5,0.20003059174523893,0.799969408254761,307.0175438596491
42,9,3,415.0,85.0,2.5,0.20003106750236738,0.7999689324976327,307.0175438596491
43,9,3,425.0,85.0,2.5,0.20003153879228236,0.7999684612077176,307.0175438596491
44,9,3,435.0,85.0,2.5,0.2000320031859628,0.7999679968140372,307.0175438596491
45,9,3,445.0,85.0,2.5,0.20003245669992858,0.7999675433000715,307.0175438596491
46,9,3,455.0,85.0,2.5,0.20003289269293406,0.799967107307066,307.0175438596491
47,9,3,465.0,85.0,2.5,0.2000333000126174,0.7999666999873826,307.0175438596491
48,9,3,475.0,85.0,2.5,0.2000336601411445,0.7999663398588555,307.0175438596491
49,9,3,485.0,85.0,2.5,0.20003394375122344,0.7999660562487766,307.0175438596491
50,9,3,495.0,85.0,2.5,0.2000341097364967,0.7999658902635033,307.0175438596491
1,10,3,5.0,95.0,2.5,0.3859445074209287,0.6140554925790713,307.0175438596491
2,10,3,15.0,95.0,2.5,0.35947978211853976,0.6405202178814602,307.0175438596491
3,10,3,25.0,95.0,2.5,0.32282296374558994,0.6771770362544101,307.0175438596491
4,10,3,35.0,95.0,2.5,0.27756281652217185,0.7224371834778281,307.0175438596491
5,10,3,45.0,95.0,2.5,0.23522180138757523,0.7647781986124248,307.0175438596491
6,10,3,55.0,95.0,2.5,0.21044267099189642,0.7895573290081036,307.0175438596491
7,10,3,65.0,95.0,2.5,0.20198632808166483,0.7980136719183352,307.0175438596491
8,10,3,75.0,95.0,2.5,0.2002306800482821,0.799769319951718,307.0175438596491
9,10,3,85.0,95.0,2.5,0.2000272069476047,0.7999727930523953,307.0175438596491
10,10,3,95.0,95.0,2.5,0.20001624226440143,0.7999837577355986,307.0175438596491
11,10,3,105.0,95.0,2.5,0.20001604386954597,0.799983956130454,307.0175438596491
12,10,3,115.0,95.0,2.5,0.20001643195819677,0.7999835680418033,307.0175438596491
13,10,3,125.0,95.0,2.5,0.20001687088949296,0.7999831291105071,307.0175438596491
14,10,3,135.0,95.0,2.5,0.20001732521467283,0.7999826747853271,307.0175438596491
15,10,3,145.0,95.0,2.5,0.20001779251753782,0.7999822074824622,307.0175438596491
16,10,3,155.0,95.0,2.5,0.20001827180280993,0.79998172819719,307.0175438596491
17,10,3,165.0,95.0,2.5,0.2000187620067996,0.7999812379932004,307.0175438596491
18,10,3,175.0,95.0,2.5,0.20001926165134074,0.7999807383486592,307.0175438596491
19,10,3,185.0,95.0,2.5,0.20001976881207328,0.7999802311879267,307.0175438596491
20,10,3,195.0,95.0,2.5,0.20002028070261207,0.7999797192973879,307.0175438596491
21,10,3,205.0,95.0,2.5,0.2000207943077865,0.7999792056922135,307.0175438596491
22,10,3,215.0,95.0,2.5,0.20002130691538414,0.7999786930846159,307.0175438596491
23,10,3,225.0,95.0,2.5,0.20002181658808263,0.7999781834119174,307.0175438596491
24,10,3,235.0,95.0,2.5,0.2000223217283423,0.7999776782716577,307.0175438596491
25,10,3,245.0,95.0,2.5,0.20002282179490974,0.7999771782050903,307.0175438596491
26,10,3,255.0,95.0,2.5,0.20002331726462322,0.7999766827353768,307.0175438596491
27,10,3,265.0,95.0,2.5,0.20002380914181545,0.7999761908581846,307.0175438596491
28,10,3,275.0,95.0,2.5,0.20002429849615472,0.7999757015038453,307.0175438596491
29,10,3,285.0,95.0,2.5,0.2000247861970975,0.7999752138029025,307.0175438596491
30,10,3,295.0,95.0,2.5,0.20002527284890015,0.7999747271510999,307.0175438596491
31,10,3,305.0,95.0,2.5,0.20002575882903562,0.7999742411709644,307.0175438596491
32,10,3,315.0,95.0,2.5,0.200026244352099,0.799973755647901,307.0175438596491
33,10,3,325.0,95.0,2.5,0.2000267295227736,0.7999732704772264,307.0175438596491
34,10,3,335.0,95.0,2.5,0.2000272143705132,0.7999727856294868,307.0175438596491
35,10,3,345.0,95.0,2.5,0.2000276988671823,0.7999723011328177,307.0175438596491
36,10,3,355.0,95.0,2.5,0.20002818293155494,0.7999718170684451,307.0175438596491
37,10,3,365.0,95.0,2.5,0.20002866642214007,0.79997133357786,307.0175438596491
38,10,3,375.0,95.0,2.5,0.20002914911766917,0.7999708508823309,307.0175438596491
39,10,3,385.0,95.0,2.5,0.20002963068146615,0.7999703693185338,307.0175438596491
40,10,3,395.0,95.0,2.5,0.2000301106007914,0.7999698893992087,307.0175438596491
41,10,3,405.0,95.0,2.5,0.20003058808622337,0.7999694119137766,307.0175438596491
42,10,3,415.0,95.0,2.5,0.20003106190491723,0.7999689380950827,307.0175438596491
43,10,3,425.0,95.0,2.5,0.20003153010445823,0.7999684698955418,307.0175438596491
44,10,3,435.0,95.0,2.5,0.20003198956022175,0.7999680104397783,307.0175438596491
45,10,3,445.0,95.0,2.5,0.20003243524852135,0.7999675647514787,307.0175438596491
46,10,3,455.0,95.0,2.5,0.2000328591296012,0.7999671408703988,307.0175438596491
47,10,3,465.0,95.0,2.5,0.2000332485699448,0.7999667514300552,307.0175438596491
48,10,3,475.0,95.0,2.5,0.2000335844948996,0.7999664155051004,307.0175438596491
49,10,3,485.0,95.0,2.5,0.2000338402619927,0.7999661597380073,307.0175438596491
50,10,3,495.0,95.0,2.5,0.20003398399642966,0.7999660160035703,307.0175438596491
1,1,4,5.0,5.0,3.5,0.5099186864097739,0.4900813135902261,377.1929824561403
2,1,4,15.0,5.0,3.5,0.4929863301146395,0.5070136698853605,377.1929824561403
3,1,4,25.0,5.0,3.5,0.47270975923751746,0.5272902407624825,377.1929824561403
4,1,4,35.0,5.0,3.5,0.45037611123507054,0.5496238887649294,377.1929824561403
5,1,4,45.0,5.0,3.5,0.4249385347435539,0.5750614652564461,377.1929824561403
6,1,4,55.0,5.0,3.5,0.3928151967482419,0.6071848032517582,377.1929824561403
7,1,4,65.0,5.0,3.5,0.3481834139752165,0.6518165860247835,377.1929824561403
8,1,4,75.0,5.0,3.5,0.2904898367156114,0.7095101632843885,377.1929824561403
9,1,4,85.0,5.0,3.5,0.23771033404564543,0.7622896659543545,377.1929824561403
10,1,4,95.0,5.0,3.5,0.2097739578407627,0.7902260421592373,377.1929824561403
11,1,4,105.0,5.0,3.5,0.20159060827237246,0.7984093917276276,377.1929824561403
12,1,4,115.0,5.0,3.5,0.20017412512218807,0.799825874877812,377.1929824561403
13,1,4,125.0,5.0,3.5,0.2000255568567447,0.7999744431432553,377.1929824561403
14,1,4,135.0,5.0,3.5,0.20001760487128492,0.799982395128715,377.1929824561403
15,1,4,145.0,5.0,3.5,0.20001758163198988,0.7999824183680101,377.1929824561403
16,1,4,155.0,5.0,3.5,0.20001803341906685,0.7999819665809331,377.1929824561403
17,1,4,165.0,5.0,3.5,0.20001852356553593,0.799981476434464,377.1929824561403
18,1,4,175.0,5.0,3.5,0.2000190245623528,0.7999809754376472,377.1929824561403
19,1,4,185.0,5.0,3.5,0.200019534021976,0.799980465978024,377.1929824561403
20,1,4,195.0,5.0,3.5,0.20002005002838616,0.7999799499716138,377.1929824561403
21,1,4,205.0,5.0,3.5,0.20002056937132143,0.7999794306286786,377.1929824561403
22,1,4,215.0,5.0,3.5,0.20002108821809142,0.7999789117819086,377.1929824561403
23,1,4,225.0,5.0,3.5,0.20002160301038363,0.7999783969896164,377.1929824561403
24,1,4,235.0,5.0,3.5,0.20002211194453082,0.7999778880554692,377.1929824561403
25,1,4,245.0,5.0,3.5,0.200022614287496,0.799977385712504,377.1929824561403
26,1,4,255.0,5.0,3.5,0.20002311063293812,0.7999768893670619,377.1929824561403
27,1,4,265.0,5.0,3.5,0.20002360249912504,0.7999763975008749,377.1929824561403
28,1,4,275.0,5.0,3.5,0.20002409147586744,0.7999759085241326,377.1929824561403
29,1,4,285.0,5.0,3.5,0.20002457877931104,0.799975421220689,377.1929824561403
30,1,4,295.0,5.0,3.5,0.20002506519809987,0.7999749348019001,377.1929824561403
31,1,4,305.0,5.0,3.5,0.2000255512011877,0.7999744487988123,377.1929824561403
32,1,4,315.0,5.0,3.5,0.20002603705932345,0.7999739629406766,377.1929824561403
33,1,4,325.0,5.0,3.5,0.2000265229343528,0.7999734770656473,377.1929824561403
34,1,4,335.0,5.0,3.5,0.200027008935304,0.799972991064696,377.1929824561403
35,1,4,345.0,5.0,3.5,0.20002749515155258,0.7999725048484474,377.1929824561403
36,1,4,355.0,5.0,3.5,0.2000279816721964,0.7999720183278036,377.1929824561403
37,1,4,365.0,5.0,3.5,0.2000284685970094,0.7999715314029906,377.1929824561403
38,1,4,375.0,5.0,3.5,0.20002895604068008,0.79997104395932,377.1929824561403
39,1,4,385.0,5.0,3.5,0.20002944412919366,0.7999705558708063,377.1929824561403
40,1,4,395.0,5.0,3.5,0.20002993298178254,0.7999700670182175,377.1929824561403
41,1,4,405.0,5.0,3.5,0.2000304226648637,0.7999695773351363,377.1929824561403
42,1,4,415.0,5.0,3.5,0.2000309130906804,0.7999690869093196,377.1929824561403
43,1,4,425.0,5.0,3.5,0.200031403808991,0.799968596191009,377.1929824561403
44,1,4,435.0,5.0,3.5,0.20003189359691803,0.7999681064030819,377.1929824561403
45,1,4,445.0,5.0,3.5,0.2000323796741664,0.7999676203258336,377.1929824561403
46,1,4,455.0,5.0,3.5,0.20003285625598688,0.7999671437440131,377.1929824561403
47,1,4,465.0,5.0,3.5,0.200033312007477,0.799966687992523,377.1929824561403
48,1,4,475.0,5.0,3.5,0.20003372592362803,0.799966274076372,377.1929824561403
49,1,4,485.0,5.0,3.5,0.20003406183547626,0.7999659381645238,377.1929824561403
50,1,4,495.0,5.0,3.5,0.20003426524858678,0.7999657347514132,377.1929824561403
1,2,4,5.0,15.0,3.5,0.6117080808469387,0.38829191915306127,377.1929824561403
2,2,4,15.0,15.0,3.5,0.5896243651065898,0.4103756348934102,377.1929824561403
3,2,4,25.0,15.0,3.5,0.5672990656771696,0.4327009343228304,377.1929824561403
4,2,4,35.0,15.0,3.5,0.545956176724808,0.454043823275192,377.1929824561403
5,2,4,45.0,15.0,3.5,0.5247929822411596,0.47520701775884044,377.1929824561403
6,2,4,55.0,15.0,3.5,0.5039908619436081,0.4960091380563919,377.1929824561403
7,2,4,65.0,15.0,3.5,0.4824883511275976,0.5175116488724024,377.1929824561403
8,2,4,75.0,15.0,3.5,0.4584223570176096,0.5415776429823904,377.1929824561403
9,2,4,85.0,15.0,3.5,0.4290328486981576,0.5709671513018424,377.1929824561403
10,2,4,95.0,15.0,3.5,0.3885166780646469,0.611483321935353,377.1929824561403
11,2,4,105.0,15.0,3.5,0.3316605246492446,0.6683394753507554,377.1929824561403
12,2,4,115.0,15.0,3.5,0.26711704630044597,0.732882953699554,377.1929824561403
13,2,4,125.0,15.0,3.5,0.2208465268188223,0.7791534731811777,377.1929824561403
14,2,4,135.0,15.0,3.5,0.20333903410465184,0.7966609658953482,377.1929824561403
15,2,4,145.0,15.0,3.5,0.2002485260700354,0.7997514739299646,377.1929824561403
16,2,4,155.0,15.0,3.5,0.2000263878168718,0.7999736121831282,377.1929824561403
17,2,4,165.0,15.0,3.5,0.20001881640322342,0.7999811835967766,377.1929824561403
18,2,4,175.0,15.0,3.5,0.20001902603358807,0.7999809739664119,377.1929824561403
19,2,4,185.0,15.0,3.5,0.20001952896445607,0.7999804710355439,377.1929824561403
20,2,4,195.0,15.0,3.5,0.2000200448592538,0.7999799551407463,377.1929824561403
21,2,4,205.0,15.0,3.5,0.2000205645633488,0.7999794354366512,377.1929824561403
22,2,4,215.0,15.0,3.5,0.20002108489521125,0.7999789151047887,377.1929824561403
23,2,4,225.0,15.0,3.5,0.2000216020758445,0.7999783979241555,377.1929824561403
24,2,4,235.0,15.0,3.5,0.2000221132205186,0.7999778867794813,377.1929824561403
25,2,4,245.0,15.0,3.5,0.2000226166820885,0.7999773833179115,377.1929824561403
26,2,4,255.0,15.0,3.5,0.2000231130553316,0.7999768869446684,377.1929824561403
27,2,4,265.0,15.0,3.5,0.20002360435693023,0.7999763956430698,377.1929824561403
28,2,4,275.0,15.0,3.5,0.2000240926755302,0.7999759073244698,377.1929824561403
29,2,4,285.0,15.0,3.5,0.20002457945960087,0.7999754205403992,377.1929824561403
30,2,4,295.0,15.0,3.5,0.2000250655301755,0.7999749344698245,377.1929824561403
31,2,4,305.0,15.0,3.5,0.20002555131397048,0.7999744486860295,377.1929824561403
32,2,4,315.0,15.0,3.5,0.20002603703147281,0.7999739629685272,377.1929824561403
33,2,4,325.0,15.0,3.5,0.20002652280590105,0.799973477194099,377.1929824561403
34,2,4,335.0,15.0,3.5,0.20002700872065002,0.79997299127935,377.1929824561403
35,2,4,345.0,15.0,3.5,0.20002749484895346,0.7999725051510466,377.1929824561403
36,2,4,355.0,15.0,3.5,0.20002798127025148,0.7999720187297485,377.1929824561403
37,2,4,365.0,15.0,3.5,0.20002846808032895,0.7999715319196711,377.1929824561403
38,2,4,375.0,15.0,3.5,0.2000289553977897,0.7999710446022104,377.1929824561403
39,2,4,385.0,15.0,3.5,0.20002944336674888,0.7999705566332511,377.1929824561403
40,2,4,395.0,15.0,3.5,0.20002993215263243,0.7999700678473676,377.1929824561403
41,2,4,405.0,15.0,3.5,0.2000304219234008,0.7999695780765992,377.1929824561403
42,2,4,415.0,15.0,3.5,0.20003091279976468,0.7999690872002353,377.1929824561403
43,2,4,425.0,15.0,3.5,0.20003140474012326,0.7999685952598767,377.1929824561403
44,2,4,435.0,15.0,3.5,0.20003189729388357,0.7999681027061164,377.1929824561403
45,2,4,445.0,15.0,3.5,0.20003238907620122,0.7999676109237988,377.1929824561403
46,2,4,455.0,15.0,3.5,0.20003287665074274,0.7999671233492572,377.1929824561403
47,2,4,465.0,15.0,3.5,0.20003335216542342,0.7999666478345766,377.1929824561403
48,2,4,475.0,15.0,3.5,0.20003379846428432,0.7999662015357156,377.1929824561403
49,2,4,485.0,15.0,3.5,0.20003417985585192,0.7999658201441481,377.1929824561403
50,2,4,495.0,15.0,3.5,0.2000344288751525,0.7999655711248475,377.1929824561403
1,3,4,5.0,25.0,3.5,0.6784731658072628,0.3215268341927372,377.1929824561403
2,3,4,15.0,25.0,3.5,0.6493009239799338,0.3506990760200662,377.1929824561403
3,3,4,25.0,25.0,3.5,0.6201500381245921,0.37984996187540787,377.1929824561403
4,3,4,35.0,25.0,3.5,0.5936365899812517,0.4063634100187483,377.1929824561403
5,3,4,45.0,25.0,3.5,0.5701780379077177,0.4298219620922823,377.1929824561403
6,3,4,55.0,25.0,3.5,0.5486128652601818,0.4513871347398182,377.1929824561403
7,3,4,65.0,25.0,3.5,0.5276646034849889,0.4723353965150111,377.1929824561403
8,3,4,75.0,25.0,3.5,0.50721057265895,0.49278942734105,377.1929824561403
9,3,4,85.0,25.0,3.5,0.4859991887161434,0.5140008112838566,377.1929824561403
10,3,4,95.0,25.0,3.5,0.4622141037302977,0.5377858962697023,377.1929824561403
11,3,4,105.0,25.0,3.5,0.43325649226035334,0.5667435077396467,377.1929824561403
12,3,4,115.0,25.0,3.5,0.393696153261595,0.606303846738405,377.1929824561403
13,3,4,125.0,25.0,3.5,0.33761778125510744,0.6623822187448926,377.1929824561403
14,3,4,135.0,25.0,3.5,0.27163369473633864,0.7283663052636613,377.1929824561403
15,3,4,145.0,25.0,3.5,0.22248570833134723,0.7775142916686528,377.1929824561403
16,3,4,155.0,25.0,3.5,0.20352367149331185,0.7964763285066881,377.1929824561403
17,3,4,165.0,25.0,3.5,0.20022769770597668,0.7997723022940233,377.1929824561403
18,3,4,175.0,25.0,3.5,0.2000244419069705,0.7999755580930294,377.1929824561403
19,3,4,185.0,25.0,3.5,0.20001966205314,0.79998033794686,377.1929824561403
20,3,4,195.0,25.0,3.5,0.20002003895300552,0.7999799610469944,377.1929824561403
21,3,4,205.0,25.0,3.5,0.20002055746023192,0.799979442539768,377.1929824561403
22,3,4,215.0,25.0,3.5,0.20002107936057292,0.7999789206394271,377.1929824561403
23,3,4,225.0,25.0,3.5,0.20002159931072377,0.7999784006892763,377.1929824561403
24,3,4,235.0,25.0,3.5,0.2000221137463754,0.7999778862536246,377.1929824561403
25,3,4,245.0,25.0,3.5,0.20002261974194024,0.7999773802580598,377.1929824561403
26,3,4,255.0,25.0,3.5,0.20002311682317522,0.7999768831768248,377.1929824561403
27,3,4,265.0,25.0,3.5,0.20002360740718317,0.7999763925928168,377.1929824561403
28,3,4,275.0,25.0,3.5,0.2000240946427403,0.7999759053572597,377.1929824561403
29,3,4,285.0,25.0,3.5,0.20002458054564703,0.7999754194543529,377.1929824561403
30,3,4,295.0,25.0,3.5,0.2000250660306075,0.7999749339693925,377.1929824561403
31,3,4,305.0,25.0,3.5,0.20002555144958586,0.7999744485504141,377.1929824561403
32,3,4,315.0,25.0,3.5,0.2000260369319001,0.7999739630680999,377.1929824561403
33,3,4,325.0,25.0,3.5,0.2000265225332586,0.7999734774667414,377.1929824561403
34,3,4,335.0,25.0,3.5,0.20002700829273362,0.7999729917072664,377.1929824561403
35,3,4,345.0,25.0,3.5,0.20002749425511976,0.7999725057448802,377.1929824561403
36,3,4,355.0,25.0,3.5,0.2000279804817108,0.7999720195182892,377.1929824561403
37,3,4,365.0,25.0,3.5,0.2000284670584726,0.7999715329415273,377.1929824561403
38,3,4,375.0,25.0,3.5,0.20002895410541488,0.7999710458945851,377.1929824561403
39,3,4,385.0,25.0,3.5,0.20002944178901663,0.7999705582109834,377.1929824561403
40,3,4,395.0,25.0,3.5,0.2000299303397054,0.7999700696602946,377.1929824561403
41,3,4,405.0,25.0,3.5,0.20003042007656438,0.7999695799234356,377.1929824561403
42,3,4,415.0,25.0,3.5,0.20003091144240087,0.7999690885575992,377.1929824561403
43,3,4,425.0,25.0,3.5,0.2000314050508309,0.799968594949169,377.1929824561403
44,3,4,435.0,25.0,3.5,0.20003190173016006,0.79996809826984,377.1929824561403
45,3,4,445.0,25.0,3.5,0.20003240252379595,0.799967597476204,377.1929824561403
46,3,4,455.0,25.0,3.5,0.20003290841135035,0.7999670915886496,377.1929824561403
47,3,4,465.0,25.0,3.5,0.20003341892559662,0.7999665810744034,377.1929824561403
48,3,4,475.0,25.0,3.5,0.2000339272065715,0.7999660727934285,377.1929824561403
49,3,4,485.0,25.0,3.5,0.20003440538478434,0.7999655946152157,377.1929824561403
50,3,4,495.0,25.0,3.5,0.2000347694182282,0.7999652305817718,377.1929824561403
1,4,4,5.0,35.0,3.5,0.7324579198062224,0.26754208019377757,377.1929824561403
2,4,4,15.0,35.0,3.5,0.6980733929805644,0.30192660701943563,377.1929824561403
3,4,4,25.0,35.0,3.5,0.6628520108002508,0.3371479891997492,377.1929824561403
4,4,4,35.0,35.0,3.5,0.6305225184115416,0.3694774815884584,377.1929824561403
5,4,4,45.0,35.0,3.5,0.602397813003218,0.39760218699678196,377.1929824561403
6,4,4,55.0,35.0,3.5,0.578204888897201,0.421795111102799,377.1929824561403
7,4,4,65.0,35.0,3.5,0.5564809366945946,0.44351906330540536,377.1929824561403
8,4,4,75.0,35.0,3.5,0.5355837823629201,0.46441621763707985,377.1929824561403
9,4,4,85.0,35.0,3.5,0.515355164636093,0.484644835363907,377.1929824561403
10,4,4,95.0,35.0,3.5,0.4948084607333495,0.5051915392666505,377.1929824561403
11,4,4,105.0,35.0,3.5,0.47237212528225064,0.5276278747177494,377.1929824561403
12,4,4,115.0,35.0,3.5,0.4459580378568192,0.5540419621431808,377.1929824561403
13,4,4,125.0,35.0,3.5,0.4113964584409522,0.5886035415590478,377.1929824561403
14,4,4,135.0,35.0,3.5,0.3621027128392359,0.6378972871607641,377.1929824561403
15,4,4,145.0,35.0,3.5,0.2973397912161269,0.7026602087838731,377.1929824561403
16,4,4,155.0,35.0,3.5,0.23732543646254306,0.762674563537457,377.1929824561403
17,4,4,165.0,35.0,3.5,0.20734391222244253,0.7926560877775575,377.1929824561403
18,4,4,175.0,35.0,3.5,0.20056629125325026,0.7994337087467498,377.1929824561403
19,4,4,185.0,35.0,3.5,0.20003402885684113,0.7999659711431588,377.1929824561403
20,4,4,195.0,35.0,3.5,0.20002032228815594,0.7999796777118441,377.1929824561403
21,4,4,205.0,35.0,3.5,0.20002055443103042,0.7999794455689696,377.1929824561403
22,4,4,215.0,35.0,3.5,0.20002107430427843,0.7999789256957216,377.1929824561403
23,4,4,225.0,35.0,3.5,0.20002159619571008,0.7999784038042899,377.1929824561403
24,4,4,235.0,35.0,3.5,0.2000221132475358,0.7999778867524642,377.1929824561403
25,4,4,245.0,35.0,3.5,0.20002262182953046,0.7999773781704695,377.1929824561403
26,4,4,255.0,35.0,3.5,0.20002312021279134,0.7999768797872087,377.1929824561403
27,4,4,265.0,35.0,3.5,0.2000236103926046,0.7999763896073954,377.1929824561403
28,4,4,275.0,35.0,3.5,0.20002409654871744,0.7999759034512826,377.1929824561403
29,4,4,285.0,35.0,3.5,0.2000245815306904,0.7999754184693096,377.1929824561403
30,4,4,295.0,35.0,3.5,0.20002506641183013,0.7999749335881698,377.1929824561403
31,4,4,305.0,35.0,3.5,0.20002555145754736,0.7999744485424527,377.1929824561403
32,4,4,315.0,35.0,3.5,0.20002603669231192,0.7999739633076881,377.1929824561403
33,4,4,325.0,35.0,3.5,0.20002652209684818,0.7999734779031518,377.1929824561403
34,4,4,335.0,35.0,3.5,0.20002700766160272,0.7999729923383972,377.1929824561403
35,4,4,345.0,35.0,3.5,0.20002749339865084,0.7999725066013492,377.1929824561403
36,4,4,355.0,35.0,3.5,0.2000279793450983,0.7999720206549017,377.1929824561403
37,4,4,365.0,35.0,3.5,0.20002846556859152,0.7999715344314084,377.1929824561403
38,4,4,375.0,35.0,3.5,0.2000289521782535,0.7999710478217466,377.1929824561403
39,4,4,385.0,35.0,3.5,0.20002943934555245,0.7999705606544476,377.1929824561403
40,4,4,395.0,35.0,3.5,0.20002992734094097,0.7999700726590591,377.1929824561403
41,4,4,405.0,35.0,3.5,0.2000304165991285,0.7999695834008715,377.1929824561403
42,4,4,415.0,35.0,3.5,0.2000309078354835,0.7999690921645165,377.1929824561403
43,4,4,425.0,35.0,3.5,0.20003140225803726,0.7999685977419627,377.1929824561403
44,4,4,435.0,35.0,3.5,0.20003190195680887,0.7999680980431911,377.1929824561403
45,4,4,445.0,35.0,3.5,0.20003241059082033,0.7999675894091797,377.1929824561403
46,4,4,455.0,35.0,3.5,0.20003293452267257,0.7999670654773274,377.1929824561403
47,4,4,465.0,35.0,3.5,0.2000334842678594,0.7999665157321406,377.1929824561403
48,4,4,475.0,35.0,3.5,0.20003407386960198,0.799965926130398,377.1929824561403
49,4,4,485.0,35.0,3.5,0.20003470566556175,0.7999652943344382,377.1929824561403
50,4,4,495.0,35.0,3.5,0.20003530445571863,0.7999646955442814,377.1929824561403
1,5,4,5.0,45.0,3.5,0.7764263104774803,0.22357368952251966,377.1929824561403
2,5,4,15.0,45.0,3.5,0.7427122349172162,0.25728776508278384,377.1929824561403
3,5,4,25.0,45.0,3.5,0.703853117582642,0.296146882417358,377.1929824561403
4,5,4,35.0,45.0,3.5,0.6674373560741159,0.3325626439258841,377.1929824561403
5,5,4,45.0,45.0,3.5,0.6357246025545116,0.3642753974454884,377.1929824561403
6,5,4,55.0,45.0,3.5,0.6086705124722853,0.3913294875277147,377.1929824561403
7,5,4,65.0,45.0,3.5,0.5852892612812023,0.4147107387187977,377.1929824561403
8,5,4,75.0,45.0,3.5,0.5639336973872322,0.4360663026127678,377.1929824561403
9,5,4,85.0,45.0,3.5,0.5434562202088971,0.45654377979110294,377.1929824561403
10,5,4,95.0,45.0,3.5,0.5235620797515426,0.47643792024845744,377.1929824561403
11,5,4,105.0,45.0,3.5,0.5033846344998727,0.4966153655001273,377.1929824561403
12,5,4,115.0,45.0,3.5,0.48148621689391174,0.5185137831060882,377.1929824561403
13,5,4,125.0,45.0,3.5,0.4559347766134964,0.5440652233865035,377.1929824561403
14,5,4,135.0,45.0,3.5,0.42317573861749397,0.5768242613825061,377.1929824561403
15,5,4,145.0,45.0,3.5,0.37657068519463427,0.6234293148053658,377.1929824561403
16,5,4,155.0,45.0,3.5,0.31213136287922255,0.6878686371207774,377.1929824561403
17,5,4,165.0,45.0,3.5,0.24589009329692924,0.7541099067030708,377.1929824561403
18,5,4,175.0,45.0,3.5,0.20910172865869434,0.7908982713413056,377.1929824561403
19,5,4,185.0,45.0,3.5,0.2006093376180728,0.7993906623819271,377.1929824561403
20,5,4,195.0,45.0,3.5,0.20003166626832924,0.7999683337316708,377.1929824561403
21,5,4,205.0,45.0,3.5,0.20002070595156038,0.7999792940484396,377.1929824561403
22,5,4,215.0,45.0,3.5,0.20002107352899437,0.7999789264710057,377.1929824561403
23,5,4,225.0,45.0,3.5,0.20002159495482572,0.7999784050451743,377.1929824561403
24,5,4,235.0,45.0,3.5,0.20002211297448924,0.7999778870255108,377.1929824561403
25,5,4,245.0,45.0,3.5,0.20002262266725096,0.799977377332749,377.1929824561403
26,5,4,255.0,45.0,3.5,0.20002312175501888,0.7999768782449811,377.1929824561403
27,5,4,265.0,45.0,3.5,0.20002361179535852,0.7999763882046415,377.1929824561403
28,5,4,275.0,45.0,3.5,0.20002409735151883,0.7999759026484812,377.1929824561403
29,5,4,285.0,45.0,3.5,0.20002458181485308,0.799975418185147,377.1929824561403
30,5,4,295.0,45.0,3.5,0.2000250663601187,0.7999749336398814,377.1929824561403
31,5,4,305.0,45.0,3.5,0.20002555118848497,0.799974448811515,377.1929824561403
32,5,4,315.0,45.0,3.5,0.20002603625512616,0.7999739637448738,377.1929824561403
33,5,4,325.0,45.0,3.5,0.2000265214925037,0.7999734785074963,377.1929824561403
34,5,4,335.0,45.0,3.5,0.20002700685732477,0.7999729931426752,377.1929824561403
35,5,4,345.0,45.0,3.5,0.2000274923341042,0.7999725076658958,377.1929824561403
36,5,4,355.0,45.0,3.5,0.2000279779335064,0.7999720220664936,377.1929824561403
37,5,4,365.0,45.0,3.5,0.20002846369456034,0.7999715363054396,377.1929824561403
38,5,4,375.0,45.0,3.5,0.200028949695187,0.799971050304813,377.1929824561403
39,5,4,385.0,45.0,3.5,0.2000294360748609,0.7999705639251391,377.1929824561403
40,5,4,395.0,45.0,3.5,0.2000299230787048,0.7999700769212952,377.1929824561403
41,5,4,405.0,45.0,3.5,0.2000304111392799,0.7999695888607201,377.1929824561403
42,5,4,415.0,45.0,3.5,0.20003090102935298,0.799969098970647,377.1929824561403
43,5,4,425.0,45.0,3.5,0.20003139414942528,0.7999686058505747,377.1929824561403
44,5,4,435.0,45.0,3.5,0.2000318930817892,0.7999681069182107,377.1929824561403
45,5,4,445.0,45.0,3.5,0.2000324026922071,0.7999675973077929,377.1929824561403
46,5,4,455.0,45.0,3.5,0.2000329324276934,0.7999670675723066,377.1929824561403
47,5,4,465.0,45.0,3.5,0.20003350119161453,0.7999664988083854,377.1929824561403
48,5,4,475.0,45.0,3.5,0.20003414626903335,0.7999658537309666,377.1929824561403
49,5,4,485.0,45.0,3.5,0.200034914928424,0.799965085071576,377.1929824561403
50,5,4,495.0,45.0,3.5,0.20003561622931004,0.79996438377069,377.1929824561403
1,6,4,5.0,55.0,3.5,0.7352579558099923,0.2647420441900077,377.1929824561403
2,6,4,15.0,55.0,3.5,0.7024177939678979,0.29758220603210206,377.1929824561403
3,6,4,25.0,55.0,3.5,0.6684845896916817,0.3315154103083183,377.1929824561403
4,6,4,35.0,55.0,3.5,0.6369595931417116,0.3630404068582884,377.1929824561403
5,6,4,45.0,55.0,3.5,0.6092148108226746,0.3907851891773254,377.1929824561403
6,6,4,55.0,55.0,3.5,0.5852165690084469,0.4147834309915531,377.1929824561403
7,6,4,65.0,55.0,3.5,0.563755638790897,0.43624436120910304,377.1929824561403
8,6,4,75.0,55.0,3.5,0.5431171154111877,0.4568828845888123,377.1929824561403
9,6,4,85.0,55.0,3.5,0.5230700896774018,0.47692991032259824,377.1929824561403
10,6,4,95.0,55.0,3.5,0.5029728344908626,0.4970271655091374,377.1929824561403
11,6,4,105.0,55.0,3.5,0.48144755250936977,0.5185524474906302,377.1929824561403
12,6,4,115.0,55.0,3.5,0.45669213288107013,0.5433078671189299,377.1929824561403
13,6,4,125.0,55.0,3.5,0.4255577762856227,0.5744422237143774,377.1929824561403
14,6,4,135.0,55.0,3.5,0.3819346788971772,0.6180653211028229,377.1929824561403
15,6,4,145.0,55.0,3.5,0.32121478338220144,0.6787852166177986,377.1929824561403
16,6,4,155.0,55.0,3.5,0.255386904571187,0.744613095428813,377.1929824561403
17,6,4,165.0,55.0,3.5,0.21377373155774992,0.7862262684422501,377.1929824561403
18,6,4,175.0,55.0,3.5,0.20140769195574296,0.7985923080442571,377.1929824561403
19,6,4,185.0,55.0,3.5,0.2000649679808555,0.7999350320191445,377.1929824561403
20,6,4,195.0,55.0,3.5,0.20002084088352373,0.7999791591164762,377.1929824561403
21,6,4,205.0,55.0,3.5,0.20002056187507516,0.7999794381249248,377.1929824561403
22,6,4,215.0,55.0,3.5,0.20002107491682036,0.7999789250831797,377.1929824561403
23,6,4,225.0,55.0,3.5,0.20002159655745066,0.7999784034425493,377.1929824561403
24,6,4,235.0,55.0,3.5,0.20002211359970226,0.7999778864002978,377.1929824561403
25,6,4,245.0,55.0,3.5,0.2000226222697525,0.7999773777302475,377.1929824561403
26,6,4,255.0,55.0,3.5,0.20002312060224597,0.799976879397754,377.1929824561403
27,6,4,265.0,55.0,3.5,0.2000236104928394,0.7999763895071605,377.1929824561403
28,6,4,275.0,55.0,3.5,0.20002409630034182,0.7999759036996582,377.1929824561403
29,6,4,285.0,55.0,3.5,0.2000245810158551,0.7999754189841449,377.1929824561403
30,6,4,295.0,55.0,3.5,0.20002506570447373,0.7999749342955262,377.1929824561403
31,6,4,305.0,55.0,3.5,0.20002555057948854,0.7999744494205114,377.1929824561403
32,6,4,315.0,55.0,3.5,0.2000260356156863,0.7999739643843137,377.1929824561403
33,6,4,325.0,55.0,3.5,0.20002652075205646,0.7999734792479436,377.1929824561403
34,6,4,335.0,55.0,3.5,0.2000270059398478,0.7999729940601522,377.1929824561403
35,6,4,345.0,55.0,3.5,0.20002749114822918,0.7999725088517708,377.1929824561403
36,6,4,355.0,55.0,3.5,0.20002797636216788,0.7999720236378322,377.1929824561403
37,6,4,365.0,55.0,3.5,0.20002846158294232,0.7999715384170577,377.1929824561403
38,6,4,375.0,55.0,3.5,0.20002894683452543,0.7999710531654746,377.1929824561403
39,6,4,385.0,55.0,3.5,0.2000294321804332,0.7999705678195668,377.1929824561403
40,6,4,395.0,55.0,3.5,0.20002991775774262,0.7999700822422574,377.1929824561403
41,6,4,405.0,55.0,3.5,0.20003040384258775,0.7999695961574123,377.1929824561403
42,6,4,415.0,55.0,3.5,0.2000308909719694,0.7999691090280305,377.1929824561403
43,6,4,425.0,55.0,3.5,0.20003138016799504,0.799968619832005,377.1929824561403
44,6,4,435.0,55.0,3.5,0.2000318733431021,0.7999681266568979,377.1929824561403
45,6,4,445.0,55.0,3.5,0.20003237401023685,0.7999676259897631,377.1929824561403
46,6,4,455.0,55.0,3.5,0.20003288842233927,0.7999671115776608,377.1929824561403
47,6,4,465.0,55.0,3.5,0.20003342689206638,0.7999665731079336,377.1929824561403
48,6,4,475.0,55.0,3.5,0.20003400272058933,0.7999659972794106,377.1929824561403
49,6,4,485.0,55.0,3.5,0.20003461664151614,0.7999653833584839,377.1929824561403
50,6,4,495.0,55.0,3.5,0.2000351933292576,0.7999648066707424,377.1929824561403
1,7,4,5.0,65.0,3.5,0.6863414453935708,0.3136585546064292,377.1929824561403
2,7,4,15.0,65.0,3.5,0.6584635909005385,0.3415364090994615,377.1929824561403
3,7,4,25.0,65.0,3.5,0.63010063675954,0.36989936324046,377.1929824561403
4,7,4,35.0,65.0,3.5,0.6038658714087521,0.39613412859124786,377.1929824561403
5,7,4,45.0,65.0,3.5,0.5805250834324825,0.41947491656751745,377.1929824561403
6,7,4,55.0,65.0,3.5,0.5593309790475174,0.4406690209524826,377.1929824561403
7,7,4,65.0,65.0,3.5,0.5387940146611465,0.4612059853388535,377.1929824561403
8,7,4,75.0,65.0,3.5,0.5187740327359378,0.4812259672640622,377.1929824561403
9,7,4,85.0,65.0,3.5,0.49858143279978767,0.5014185672002123,377.1929824561403
10,7,4,95.0,65.0,3.5,0.47677385923034493,0.523226140769655,377.1929824561403
11,7,4,105.0,65.0,3.5,0.4514624856792622,0.5485375143207378,377.1929824561403
12,7,4,115.0,65.0,3.5,0.4190977331645406,0.5809022668354594,377.1929824561403
13,7,4,125.0,65.0,3.5,0.3733758402630139,0.6266241597369862,377.1929824561403
14,7,4,135.0,65.0,3.5,0.3113083271163965,0.6886916728836034,377.1929824561403
15,7,4,145.0,65.0,3.5,0.2482000919126987,0.7517999080873012,377.1929824561403
16,7,4,155.0,65.0,3.5,0.21149815869529712,0.7885018413047029,377.1929824561403
17,7,4,165.0,65.0,3.5,0.2011900796112284,0.7988099203887716,377.1929824561403
18,7,4,175.0,65.0,3.5,0.20006144020040006,0.7999385597995999,377.1929824561403
19,7,4,185.0,65.0,3.5,0.20002042737773862,0.7999795726222614,377.1929824561403
20,7,4,195.0,65.0,3.5,0.2000200552581335,0.7999799447418665,377.1929824561403
21,7,4,205.0,65.0,3.5,0.20002056017762318,0.7999794398223768,377.1929824561403
22,7,4,215.0,65.0,3.5,0.20002108095391227,0.7999789190460878,377.1929824561403
23,7,4,225.0,65.0,3.5,0.20002160036477146,0.7999783996352285,377.1929824561403
24,7,4,235.0,65.0,3.5,0.20002211462500138,0.7999778853749986,377.1929824561403
25,7,4,245.0,65.0,3.5,0.20002262051604847,0.7999773794839515,377.1929824561403
26,7,4,255.0,65.0,3.5,0.20002311723277666,0.7999768827672233,377.1929824561403
27,7,4,265.0,65.0,3.5,0.20002360720693338,0.7999763927930666,377.1929824561403
28,7,4,275.0,65.0,3.5,0.2000240938829363,0.7999759061170637,377.1929824561403
29,7,4,285.0,65.0,3.5,0.20002457938734727,0.7999754206126527,377.1929824561403
30,7,4,295.0,65.0,3.5,0.20002506457927444,0.7999749354207255,377.1929824561403
31,7,4,305.0,65.0,3.5,0.20002554971736175,0.7999744502826382,377.1929824561403
32,7,4,315.0,65.0,3.5,0.20002603484721676,0.7999739651527833,377.1929824561403
33,7,4,325.0,65.0,3.5,0.20002651995219134,0.7999734800478087,377.1929824561403
34,7,4,335.0,65.0,3.5,0.20002700500082646,0.7999729949991735,377.1929824561403
35,7,4,345.0,65.0,3.5,0.2000274899580563,0.7999725100419437,377.1929824561403
36,7,4,355.0,65.0,3.5,0.20002797478597933,0.7999720252140207,377.1929824561403
37,7,4,365.0,65.0,3.5,0.20002845944236394,0.7999715405576361,377.1929824561403
38,7,4,375.0,65.0,3.5,0.2000289438808732,0.7999710561191268,377.1929824561403
39,7,4,385.0,65.0,3.5,0.2000294280544976,0.7999705719455024,377.1929824561403
40,7,4,395.0,65.0,3.5,0.20002991192611855,0.7999700880738815,377.1929824561403
41,7,4,405.0,65.0,3.5,0.2000303954909219,0.7999696045090781,377.1929824561403
42,7,4,415.0,65.0,3.5,0.20003087881908915,0.7999691211809108,377.1929824561403
43,7,4,425.0,65.0,3.5,0.20003136212759434,0.7999686378724057,377.1929824561403
44,7,4,435.0,65.0,3.5,0.20003184588099027,0.7999681541190098,377.1929824561403
45,7,4,445.0,65.0,3.5,0.20003233086900085,0.7999676691309991,377.1929824561403
46,7,4,455.0,65.0,3.5,0.20003281801764045,0.7999671819823595,377.1929824561403
47,7,4,465.0,65.0,3.5,0.20003330708522205,0.799966692914778,377.1929824561403
48,7,4,475.0,65.0,3.5,0.20003379178466074,0.7999662082153393,377.1929824561403
49,7,4,485.0,65.0,3.5,0.20003424565325514,0.7999657543467449,377.1929824561403
50,7,4,495.0,65.0,3.5,0.20003458925074583,0.7999654107492542,377.1929824561403
1,8,4,5.0,75.0,3.5,0.6299968552294517,0.3700031447705483,377.1929824561403
2,8,4,15.0,75.0,3.5,0.6083862053668755,0.3916137946331245,377.1929824561403
3,8,4,25.0,75.0,3.5,0.5862293320581409,0.4137706679418591,377.1929824561403
4,8,4,35.0,75.0,3.5,0.5651673112709316,0.43483268872906844,377.1929824561403
5,8,4,45.0,75.0,3.5,0.5448930791090446,0.4551069208909554,377.1929824561403
6,8,4,55.0,75.0,3.5,0.5247183960035624,0.4752816039964376,377.1929824561403
7,8,4,65.0,75.0,3.5,0.5047412156391867,0.4952587843608133,377.1929824561403
8,8,4,75.0,75.0,3.5,0.4837833735413192,0.5162166264586808,377.1929824561403
9,8,4,85.0,75.0,3.5,0.4601340514501387,0.5398659485498614,377.1929824561403
10,8,4,95.0,75.0,3.5,0.43122931125322417,0.5687706887467758,377.1929824561403
11,8,4,105.0,75.0,3.5,0.39161484834768057,0.6083851516523194,377.1929824561403
12,8,4,115.0,75.0,3.5,0.33574284123376724,0.6642571587662327,377.1929824561403
13,8,4,125.0,75.0,3.5,0.2707229210482462,0.7292770789517538,377.1929824561403
14,8,4,135.0,75.0,3.5,0.22247498347027872,0.7775250165297213,377.1929824561403
15,8,4,145.0,75.0,3.5,0.20363187902412846,0.7963681209758715,377.1929824561403
16,8,4,155.0,75.0,3.5,0.20024907119496188,0.7997509288050382,377.1929824561403
17,8,4,165.0,75.0,3.5,0.20002526434290072,0.7999747356570993,377.1929824561403
18,8,4,175.0,75.0,3.5,0.20001922392695007,0.79998077607305,377.1929824561403
19,8,4,185.0,75.0,3.5,0.2000195412215201,0.7999804587784799,377.1929824561403
20,8,4,195.0,75.0,3.5,0.2000200522971226,0.7999799477028774,377.1929824561403
21,8,4,205.0,75.0,3.5,0.20002056996768855,0.7999794300323114,377.1929824561403
22,8,4,215.0,75.0,3.5,0.20002108832670829,0.7999789116732917,377.1929824561403
23,8,4,225.0,75.0,3.5,0.20002160430779897,0.7999783956922011,377.1929824561403
24,8,4,235.0,75.0,3.5,0.2000221145987406,0.7999778854012594,377.1929824561403
25,8,4,245.0,75.0,3.5,0.20002261725397208,0.7999773827460279,377.1929824561403
26,8,4,255.0,75.0,3.5,0.20002311273601486,0.7999768872639852,377.1929824561403
27,8,4,265.0,75.0,3.5,0.20002360325959914,0.7999763967404009,377.1929824561403
28,8,4,275.0,75.0,3.5,0.2000240910433384,0.7999759089566616,377.1929824561403
29,8,4,285.0,75.0,3.5,0.20002457749137523,0.7999754225086247,377.1929824561403
30,8,4,295.0,75.0,3.5,0.20002506330552636,0.7999749366944736,377.1929824561403
31,8,4,305.0,75.0,3.5,0.20002554879472378,0.7999744512052762,377.1929824561403
32,8,4,315.0,75.0,3.5,0.20002603408145453,0.7999739659185454,377.1929824561403
33,8,4,325.0,75.0,3.5,0.20002651920271353,0.7999734807972865,377.1929824561403
34,8,4,335.0,75.0,3.5,0.2000270041527849,0.799972995847215,377.1929824561403
35,8,4,345.0,75.0,3.5,0.20002748889872846,0.7999725111012715,377.1929824561403
36,8,4,355.0,75.0,3.5,0.20002797338326098,0.799972026616739,377.1929824561403
37,8,4,365.0,75.0,3.5,0.20002845752154771,0.7999715424784523,377.1929824561403
38,8,4,375.0,75.0,3.5,0.20002894119324124,0.7999710588067588,377.1929824561403
39,8,4,385.0,75.0,3.5,0.20002942423014708,0.799970575769853,377.1929824561403
40,8,4,395.0,75.0,3.5,0.20002990639726173,0.7999700936027383,377.1929824561403
41,8,4,405.0,75.0,3.5,0.20003038736337406,0.7999696126366259,377.1929824561403
42,8,4,415.0,75.0,3.5,0.2000308666521145,0.7999691333478856,377.1929824561403
43,8,4,425.0,75.0,3.5,0.20003134355280086,0.7999686564471992,377.1929824561403
44,8,4,435.0,75.0,3.5,0.20003181694139374,0.7999681830586063,377.1929824561403
45,8,4,445.0,75.0,3.5,0.20003228489071828,0.7999677151092817,377.1929824561403
46,8,4,455.0,75.0,3.5,0.20003274378292427,0.7999672562170758,377.1929824561403
47,8,4,465.0,75.0,3.5,0.20003318628922045,0.7999668137107796,377.1929824561403
48,8,4,475.0,75.0,3.5,0.20003359701766682,0.7999664029823332,377.1929824561403
49,8,4,485.0,75.0,3.5,0.20003394429299037,0.7999660557070096,377.1929824561403
50,8,4,495.0,75.0,3.5,0.20003416871422988,0.7999658312857701,377.1929824561403
1,9,4,5.0,85.0,3.5,0.5630315805364621,0.4369684194635379,377.1929824561403
2,9,4,15.0,85.0,3.5,0.5470637424212484,0.45293625757875156,377.1929824561403
3,9,4,25.0,85.0,3.5,0.5292606502884517,0.4707393497115483,377.1929824561403
4,9,4,35.0,85.0,3.5,0.5100733338489098,0.48992666615109015,377.1929824561403
5,9,4,45.0,85.0,3.5,0.4902734517880653,0.5097265482119346,377.1929824561403
6,9,4,55.0,85.0,3.5,0.4687490509017523,0.5312509490982478,377.1929824561403
7,9,4,65.0,85.0,3.5,0.44369455064796065,0.5563054493520394,377.1929824561403
8,9,4,75.0,85.0,3.5,0.4117081063587482,0.5882918936412518,377.1929824561403
9,9,4,85.0,85.0,3.5,0.36682641479678263,0.6331735852032174,377.1929824561403
10,9,4,95.0,85.0,3.5,0.30715306654833857,0.6928469334516614,377.1929824561403
11,9,4,105.0,85.0,3.5,0.24785195772652094,0.7521480422734791,377.1929824561403
12,9,4,115.0,85.0,3.5,0.21256758731396488,0.7874324126860351,377.1929824561403
13,9,4,125.0,85.0,3.5,0.20164096174953394,0.7983590382504661,377.1929824561403
14,9,4,135.0,85.0,3.5,0.20011324136614628,0.7998867586338537,377.1929824561403
15,9,4,145.0,85.0,3.5,0.20002102239185326,0.7999789776081467,377.1929824561403
16,9,4,155.0,85.0,3.5,0.2000181964731383,0.7999818035268618,377.1929824561403
17,9,4,165.0,85.0,3.5,0.20001854585207912,0.7999814541479209,377.1929824561403
18,9,4,175.0,85.0,3.5,0.20001904228943637,0.7999809577105637,377.1929824561403
19,9,4,185.0,85.0,3.5,0.20001955013956205,0.7999804498604379,377.1929824561403
20,9,4,195.0,85.0,3.5,0.2000200631587034,0.7999799368412965,377.1929824561403
21,9,4,205.0,85.0,3.5,0.20002057889077265,0.7999794211092274,377.1929824561403
22,9,4,215.0,85.0,3.5,0.20002109415191832,0.7999789058480817,377.1929824561403
23,9,4,225.0,85.0,3.5,0.2000216062732139,0.7999783937267861,377.1929824561403
24,9,4,235.0,85.0,3.5,0.20002211292877867,0.7999778870712213,377.1929824561403
25,9,4,245.0,85.0,3.5,0.20002261347377623,0.7999773865262237,377.1929824561403
26,9,4,255.0,85.0,3.5,0.20002310865550094,0.7999768913444991,377.1929824561403
27,9,4,265.0,85.0,3.5,0.20002359991597707,0.7999764000840229,377.1929824561403
28,9,4,275.0,85.0,3.5,0.20002408865708396,0.799975911342916,377.1929824561403
29,9,4,285.0,85.0,3.5,0.20002457588839181,0.7999754241116082,377.1929824561403
30,9,4,295.0,85.0,3.5,0.20002506223000358,0.7999749377699964,377.1929824561403
31,9,4,305.0,85.0,3.5,0.20002554802937617,0.7999744519706238,377.1929824561403
32,9,4,315.0,85.0,3.5,0.20002603346636083,0.7999739665336392,377.1929824561403
33,9,4,325.0,85.0,3.5,0.2000265186207353,0.7999734813792647,377.1929824561403
34,9,4,335.0,85.0,3.5,0.20002700350923733,0.7999729964907627,377.1929824561403
35,9,4,345.0,85.0,3.5,0.20002748810247803,0.7999725118975219,377.1929824561403
36,9,4,355.0,85.0,3.5,0.20002797232887115,0.7999720276711288,377.1929824561403
37,9,4,365.0,85.0,3.5,0.2000284560691349,0.7999715439308651,377.1929824561403
38,9,4,375.0,85.0,3.5,0.2000289391414767,0.7999710608585233,377.1929824561403
39,9,4,385.0,85.0,3.5,0.2000294212749192,0.7999705787250808,377.1929824561403
40,9,4,395.0,85.0,3.5,0.20002990206482904,0.7999700979351709,377.1929824561403
41,9,4,405.0,85.0,3.5,0.20003038089948258,0.7999696191005174,377.1929824561403
42,9,4,415.0,85.0,3.5,0.2000308568371671,0.7999691431628329,377.1929824561403
43,9,4,425.0,85.0,3.5,0.20003132839757237,0.7999686716024277,377.1929824561403
44,9,4,435.0,85.0,3.5,0.20003179320156989,0.7999682067984302,377.1929824561403
45,9,4,445.0,85.0,3.5,0.20003224734343464,0.7999677526565654,377.1929824561403
46,9,4,455.0,85.0,3.5,0.20003268429790333,0.7999673157020967,377.1929824561403
47,9,4,465.0,85.0,3.5,0.20003309306854558,0.7999669069314544,377.1929824561403
48,9,4,475.0,85.0,3.5,0.20003345529665384,0.7999665447033462,377.1929824561403
49,9,4,485.0,85.0,3.5,0.2000337416682716,0.7999662583317284,377.1929824561403
50,9,4,495.0,85.0,3.5,0.20003391057012146,0.7999660894298786,377.1929824561403
1,10,4,5.0,95.0,3.5,0.44777886452043353,0.5522211354795665,377.1929824561403
2,10,4,15.0,95.0,3.5,0.43131052269606884,0.5686894773039312,377.1929824561403
3,10,4,25.0,95.0,3.5,0.4103677722443457,0.5896322277556543,377.1929824561403
4,10,4,35.0,95.0,3.5,0.38341245180414496,0.616587548195855,377.1929824561403
5,10,4,45.0,95.0,3.5,0.3473804269960435,0.6526195730039566,377.1929824561403
6,10,4,55.0,95.0,3.5,0.3004857650251706,0.6995142349748293,377.1929824561403
7,10,4,65.0,95.0,3.5,0.2515030693648232,0.7484969306351767,377.1929824561403
8,10,4,75.0,95.0,3.5,0.21812568953685516,0.7818743104631448,377.1929824561403
9,10,4,85.0,95.0,3.5,0.2045237071167347,0.7954762928832653,377.1929824561403
10,10,4,95.0,95.0,3.5,0.20082053435407493,0.799179465645925,377.1929824561403
11,10,4,105.0,95.0,3.5,0.20009676058603398,0.799903239413966,377.1929824561403
12,10,4,115.0,95.0,3.5,0.20002084898966954,0.7999791510103305,377.1929824561403
13,10,4,125.0,95.0,3.5,0.20001695276753703,0.7999830472324629,377.1929824561403
14,10,4,135.0,95.0,3.5,0.2000171281543917,0.7999828718456083,377.1929824561403
15,10,4,145.0,95.0,3.5,0.20001758038652115,0.7999824196134788,377.1929824561403
16,10,4,155.0,95.0,3.5,0.2000180592103847,0.7999819407896153,377.1929824561403
17,10,4,165.0,95.0,3.5,0.20001854965252808,0.7999814503474719,377.1929824561403
18,10,4,175.0,95.0,3.5,0.2000190497310128,0.7999809502689872,377.1929824561403
19,10,4,185.0,95.0,3.5,0.20001955746232156,0.7999804425376784,377.1929824561403
20,10,4,195.0,95.0,3.5,0.20002006990636517,0.7999799300936348,377.1929824561403
21,10,4,205.0,95.0,3.5,0.2000205838511152,0.7999794161488848,377.1929824561403
22,10,4,215.0,95.0,3.5,0.2000210965297277,0.7999789034702723,377.1929824561403
23,10,4,225.0,95.0,3.5,0.20002160617505665,0.7999783938249434,377.1929824561403
24,10,4,235.0,95.0,3.5,0.20002211116809296,0.799977888831907,377.1929824561403
25,10,4,245.0,95.0,3.5,0.20002261102204694,0.7999773889779531,377.1929824561403
26,10,4,255.0,95.0,3.5,0.2000231062993714,0.7999768937006286,377.1929824561403
27,10,4,265.0,95.0,3.5,0.20002359804291975,0.7999764019570803,377.1929824561403
28,10,4,275.0,95.0,3.5,0.2000240873206194,0.7999759126793806,377.1929824561403
29,10,4,285.0,95.0,3.5,0.20002457498422044,0.7999754250157796,377.1929824561403
30,10,4,295.0,95.0,3.5,0.20002506162114977,0.7999749383788503,377.1929824561403
31,10,4,305.0,95.0,3.5,0.20002554759819552,0.7999744524018044,377.1929824561403
32,10,4,315.0,95.0,3.5,0.20002603312448194,0.799973966875518,377.1929824561403
33,10,4,325.0,95.0,3.5,0.20002651830261192,0.799973481697388,377.1929824561403
34,10,4,335.0,95.0,3.5,0.20002700316182218,0.7999729968381778,377.1929824561403
35,10,4,345.0,95.0,3.5,0.20002748767495085,0.7999725123250492,377.1929824561403
36,10,4,355.0,95.0,3.5,0.20002797176268464,0.7999720282373154,377.1929824561403
37,10,4,365.0,95.0,3.5,0.20002845528644236,0.7999715447135576,377.1929824561403
38,10,4,375.0,95.0,3.5,0.20002893802960733,0.7999710619703927,377.1929824561403
39,10,4,385.0,95.0,3.5,0.2000294196623829,0.7999705803376171,377.1929824561403
40,10,4,395.0,95.0,3.5,0.20002989968275722,0.7999701003172428,377.1929824561403
41,10,4,405.0,95.0,3.5,0.20003037731814008,0.7999696226818599,377.1929824561403
42,10,4,415.0,95.0,3.5,0.20003085136228252,0.7999691486377175,377.1929824561403
43,10,4,425.0,95.0,3.5,0.20003131990483608,0.799968680095164,377.1929824561403
44,10,4,435.0,95.0,3.5,0.20003177988669665,0.7999682201133034,377.1929824561403
45,10,4,445.0,95.0,3.5,0.2000322263824455,0.7999677736175546,377.1929824561403
46,10,4,455.0,95.0,3.5,0.20003265148782162,0.7999673485121783,377.1929824561403
47,10,4,465.0,95.0,3.5,0.20003304272374556,0.7999669572762544,377.1929824561403
48,10,4,475.0,95.0,3.5,0.2000333811072523,0.7999666188927477,377.1929824561403
49,10,4,485.0,95.0,3.5,0.20003363982412334,0.7999663601758766,377.1929824561403
50,10,4,495.0,95.0,3.5,0.20003378627292853,0.7999662137270714,377.1929824561403
1,1,5,5.0,5.0,4.5,0.5404829469975712,0.45951705300242884,447.36842105263156
2,1,5,15.0,5.0,4.5,0.5260065838578774,0.47399341614212265,447.36842105263156
3,1,5,25.0,5.0,4.5,0.5099972901583764,0.49000270984162364,447.36842105263156
4,1,5,35.0,5.0,4.5,0.49287149651499984,0.5071285034850002,447.36842105263156
5,1,5,45.0,5.0,4.5,0.47545574352712255,0.5245442564728775,447.36842105263156
6,1,5,55.0,5.0,4.5,0.4572298588159939,0.5427701411840061,447.36842105263156
7,1,5,65.0,5.0,4.5,0.43668953145627065,0.5633104685437293,447.36842105263156
8,1,5,75.0,5.0,4.5,0.4113197050152304,0.5886802949847696,447.36842105263156
9,1,5,85.0,5.0,4.5,0.3766424728092445,0.6233575271907554,447.36842105263156
10,1,5,95.0,5.0,4.5,0.32790970152010956,0.6720902984798904,447.36842105263156
11,1,5,105.0,5.0,4.5,0.27074523706827563,0.7292547629317243,447.36842105263156
12,1,5,115.0,5.0,4.5,0.22606390196680878,0.7739360980331912,447.36842105263156
13,1,5,125.0,5.0,4.5,0.20594555982785315,0.7940544401721469,447.36842105263156
14,1,5,135.0,5.0,4.5,0.20084601566719304,0.7991539843328069,447.36842105263156
15,1,5,145.0,5.0,4.5,0.20008320634266186,0.7999167936573381,447.36842105263156
16,1,5,155.0,5.0,4.5,0.20002080803227895,0.799979191967721,447.36842105263156
17,1,5,165.0,5.0,4.5,0.20001845177236555,0.7999815482276345,447.36842105263156
18,1,5,175.0,5.0,4.5,0.2000188155785863,0.7999811844214137,447.36842105263156
19,1,5,185.0,5.0,4.5,0.20001932179848178,0.7999806782015182,447.36842105263156
20,1,5,195.0,5.0,4.5,0.20001983864984743,0.7999801613501526,447.36842105263156
21,1,5,205.0,5.0,4.5,0.20002035895433726,0.7999796410456628,447.36842105263156
22,1,5,215.0,5.0,4.5,0.2000208784601475,0.7999791215398525,447.36842105263156
23,1,5,225.0,5.0,4.5,0.20002139332567603,0.799978606674324,447.36842105263156
24,1,5,235.0,5.0,4.5,0.2000219020421453,0.7999780979578547,447.36842105263156
25,1,5,245.0,5.0,4.5,0.20002240402122234,0.7999775959787776,447.36842105263156
26,1,5,255.0,5.0,4.5,0.2000228999841672,0.7999771000158328,447.36842105263156
27,1,5,265.0,5.0,4.5,0.20002339156652182,0.7999766084334782,447.36842105263156
28,1,5,275.0,5.0,4.5,0.20002388037423444,0.7999761196257655,447.36842105263156
29,1,5,285.0,5.0,4.5,0.20002436758963774,0.7999756324103623,447.36842105263156
30,1,5,295.0,5.0,4.5,0.20002485396521066,0.7999751460347894,447.36842105263156
31,1,5,305.0,5.0,4.5,0.20002533994616906,0.7999746600538309,447.36842105263156
32,1,5,315.0,5.0,4.5,0.2000258257904572,0.7999741742095428,447.36842105263156
33,1,5,325.0,5.0,4.5,0.2000263116536479,0.7999736883463521,447.36842105263156
34,1,5,335.0,5.0,4.5,0.20002679764149686,0.7999732023585031,447.36842105263156
35,1,5,345.0,5.0,4.5,0.20002728384161045,0.7999727161583896,447.36842105263156
36,1,5,355.0,5.0,4.5,0.2000277703416431,0.7999722296583569,447.36842105263156
37,1,5,365.0,5.0,4.5,0.20002825723996928,0.7999717427600307,447.36842105263156
38,1,5,375.0,5.0,4.5,0.20002874465006854,0.7999712553499314,447.36842105263156
39,1,5,385.0,5.0,4.5,0.20002923269714443,0.7999707673028555,447.36842105263156
40,1,5,395.0,5.0,4.5,0.20002972150096351,0.7999702784990365,447.36842105263156
41,1,5,405.0,5.0,4.5,0.2000302111316228,0.7999697888683772,447.36842105263156
42,1,5,415.0,5.0,4.5,0.20003070151187374,0.7999692984881263,447.36842105263156
43,1,5,425.0,5.0,4.5,0.2000311922158951,0.799968807784105,447.36842105263156
44,1,5,435.0,5.0,4.5,0.2000316820725118,0.7999683179274882,447.36842105263156
45,1,5,445.0,5.0,4.5,0.2000321684033461,0.7999678315966539,447.36842105263156
46,1,5,455.0,5.0,4.5,0.20003264561088338,0.7999673543891166,447.36842105263156
47,1,5,465.0,5.0,4.5,0.20003310266925,0.79996689733075,447.36842105263156
48,1,5,475.0,5.0,4.5,0.20003351898284674,0.7999664810171533,447.36842105263156
49,1,5,485.0,5.0,4.5,0.20003385863049175,0.7999661413695083,447.36842105263156
50,1,5,495.0,5.0,4.5,0.20003406639858615,0.7999659336014139,447.36842105263156
1,2,5,5.0,15.0,4.5,0.6331249831478813,0.36687501685211865,447.36842105263156
2,2,5,15.0,15.0,4.5,0.6132427098650778,0.3867572901349222,447.36842105263156
3,2,5,25.0,15.0,4.5,0.5929322138759904,0.4070677861240096,447.36842105263156
4,2,5,35.0,15.0,4.5,0.5736695799869171,0.42633042001308286,447.36842105263156
5,2,5,45.0,15.0,4.5,0.5555153119894936,0.44448468801050645,447.36842105263156
6,2,5,55.0,15.0,4.5,0.5381222780379803,0.4618777219620197,447.36842105263156
7,2,5,65.0,15.0,4.5,0.5214317562990781,0.4785682437009219,447.36842105263156
8,2,5,75.0,15.0,4.5,0.5048567294011627,0.49514327059883734,447.36842105263156
9,2,5,85.0,15.0,4.5,0.48767754702325866,0.5123224529767414,447.36842105263156
10,2,5,95.0,15.0,4.5,0.4685350160931087,0.5314649839068912,447.36842105263156
11,2,5,105.0,15.0,4.5,0.4455756289111175,0.5544243710888825,447.36842105263156
12,2,5,115.0,15.0,4.5,0.4155192267114354,0.5844807732885646,447.36842105263156
13,2,5,125.0,15.0,4.5,0.3722533592605971,0.6277466407394029,447.36842105263156
14,2,5,135.0,15.0,4.5,0.31243738545257344,0.6875626145474265,447.36842105263156
15,2,5,145.0,15.0,4.5,0.24980553620595344,0.7501944637940465,447.36842105263156
16,2,5,155.0,15.0,4.5,0.21173177140548796,0.7882682285945121,447.36842105263156
17,2,5,165.0,15.0,4.5,0.20109155088503705,0.798908449114963,447.36842105263156
18,2,5,175.0,15.0,4.5,0.20004997776201003,0.7999500222379899,447.36842105263156
19,2,5,185.0,15.0,4.5,0.20001984561341712,0.7999801543865829,447.36842105263156
20,2,5,195.0,15.0,4.5,0.2000198371676263,0.7999801628323737,447.36842105263156
21,2,5,205.0,15.0,4.5,0.20002035335117951,0.7999796466488205,447.36842105263156
22,2,5,215.0,15.0,4.5,0.20002087466294105,0.799979125337059,447.36842105263156
23,2,5,225.0,15.0,4.5,0.2000213925584569,0.7999786074415431,447.36842105263156
24,2,5,235.0,15.0,4.5,0.20002190394754119,0.7999780960524588,447.36842105263156
25,2,5,245.0,15.0,4.5,0.20002240705586613,0.7999775929441338,447.36842105263156
26,2,5,255.0,15.0,4.5,0.2000229028351609,0.7999770971648391,447.36842105263156
27,2,5,265.0,15.0,4.5,0.20002339364553504,0.799976606354465,447.36842105263156
28,2,5,275.0,15.0,4.5,0.20002388167076046,0.7999761183292395,447.36842105263156
29,2,5,285.0,15.0,4.5,0.20002436830877088,0.7999756316912291,447.36842105263156
30,2,5,295.0,15.0,4.5,0.20002485431267045,0.7999751456873295,447.36842105263156
31,2,5,305.0,15.0,4.5,0.20002534006571793,0.7999746599342821,447.36842105263156
32,2,5,315.0,15.0,4.5,0.20002582576657424,0.7999741742334258,447.36842105263156
33,2,5,325.0,15.0,4.5,0.20002631152861816,0.7999736884713818,447.36842105263156
34,2,5,335.0,15.0,4.5,0.20002679743074586,0.7999732025692541,447.36842105263156
35,2,5,345.0,15.0,4.5,0.20002728354380137,0.7999727164561986,447.36842105263156
36,2,5,355.0,15.0,4.5,0.20002776994556923,0.7999722300544307,447.36842105263156
37,2,5,365.0,15.0,4.5,0.2000282567302799,0.7999717432697201,447.36842105263156
38,2,5,375.0,15.0,4.5,0.20002874401486875,0.7999712559851313,447.36842105263156
39,2,5,385.0,15.0,4.5,0.20002923194178543,0.7999707680582145,447.36842105263156
40,2,5,395.0,15.0,4.5,0.20002972067515976,0.7999702793248402,447.36842105263156
41,2,5,405.0,15.0,4.5,0.20003021038298258,0.7999697896170175,447.36842105263156
42,2,5,415.0,15.0,4.5,0.20003070118939986,0.7999692988106002,447.36842105263156
43,2,5,425.0,15.0,4.5,0.20003119306372072,0.7999688069362793,447.36842105263156
44,2,5,435.0,15.0,4.5,0.200031685582181,0.799968314417819,447.36842105263156
45,2,5,445.0,15.0,4.5,0.20003217741898532,0.7999678225810147,447.36842105263156
46,2,5,455.0,15.0,4.5,0.2000326652578553,0.7999673347421448,447.36842105263156
47,2,5,465.0,15.0,4.5,0.20003314147449605,0.799966858525504,447.36842105263156
48,2,5,475.0,15.0,4.5,0.20003358930260337,0.7999664106973966,447.36842105263156
49,2,5,485.0,15.0,4.5,0.20003397357586816,0.7999660264241318,447.36842105263156
50,2,5,495.0,15.0,4.5,0.20003422696682824,0.7999657730331717,447.36842105263156
1,3,5,5.0,25.0,4.5,0.6936067954399463,0.3063932045600537,447.36842105263156
2,3,5,15.0,25.0,4.5,0.6676212257214186,0.3323787742785814,447.36842105263156
3,3,5,25.0,25.0,4.5,0.6414750227854087,0.3585249772145913,447.36842105263156
4,3,5,35.0,25.0,4.5,0.6174341556736594,0.38256584432634055,447.36842105263156
5,3,5,45.0,25.0,4.5,0.595980138006558,0.404019861993442,447.36842105263156
6,3,5,55.0,25.0,4.5,0.5766504375390766,0.42334956246092337,447.36842105263156
7,3,5,65.0,25.0,4.5,0.558628225104386,0.44137177489561397,447.36842105263156
8,3,5,75.0,25.0,4.5,0.5415264344723161,0.4584735655276839,447.36842105263156
9,3,5,85.0,25.0,4.5,0.5250122775505099,0.47498772244949006,447.36842105263156
10,3,5,95.0,25.0,4.5,0.5084540668566104,0.49154593314338957,447.36842105263156
11,3,5,105.0,25.0,4.5,0.491155201273415,0.508844798726585,447.36842105263156
12,3,5,115.0,25.0,4.5,0.4718345905797415,0.5281654094202586,447.36842105263156
13,3,5,125.0,25.0,4.5,0.44854424774038343,0.5514557522596166,447.36842105263156
14,3,5,135.0,25.0,4.5,0.4180343013111707,0.5819656986888293,447.36842105263156
15,3,5,145.0,25.0,4.5,0.3740233408918404,0.6259766591081596,447.36842105263156
16,3,5,155.0,25.0,4.5,0.31203897567212036,0.6879610243278796,447.36842105263156
17,3,5,165.0,25.0,4.5,0.24669414733775097,0.753305852662249,447.36842105263156
18,3,5,175.0,25.0,4.5,0.20925355771356036,0.7907464422864396,447.36842105263156
19,3,5,185.0,25.0,4.5,0.20056699381137127,0.7994330061886288,447.36842105263156
20,3,5,195.0,25.0,4.5,0.20002804582779712,0.7999719541722029,447.36842105263156
21,3,5,205.0,25.0,4.5,0.20002042235718553,0.7999795776428145,447.36842105263156
22,3,5,215.0,25.0,4.5,0.200020868598442,0.799979131401558,447.36842105263156
23,3,5,225.0,25.0,4.5,0.2000213893589706,0.7999786106410294,447.36842105263156
24,3,5,235.0,25.0,4.5,0.20002190472188527,0.7999780952781147,447.36842105263156
25,3,5,245.0,25.0,4.5,0.20002241089472006,0.7999775891052799,447.36842105263156
26,3,5,255.0,25.0,4.5,0.20002290735453856,0.7999770926454615,447.36842105263156
27,3,5,265.0,25.0,4.5,0.20002339713047496,0.799976602869525,447.36842105263156
28,3,5,275.0,25.0,4.5,0.2000238838300095,0.7999761161699905,447.36842105263156
29,3,5,285.0,25.0,4.5,0.2000243694694664,0.7999756305305337,447.36842105263156
30,3,5,295.0,25.0,4.5,0.20002485484150143,0.7999751451584985,447.36842105263156
31,3,5,305.0,25.0,4.5,0.20002534021348944,0.7999746597865105,447.36842105263156
32,3,5,315.0,25.0,4.5,0.20002582567428923,0.7999741743257107,447.36842105263156
33,3,5,325.0,25.0,4.5,0.2000263112625245,0.7999736887374755,447.36842105263156
34,3,5,335.0,25.0,4.5,0.2000267970103333,0.7999732029896667,447.36842105263156
35,3,5,345.0,25.0,4.5,0.20002728295931602,0.799972717040684,447.36842105263156
36,3,5,355.0,25.0,4.5,0.20002776916878373,0.7999722308312163,447.36842105263156
37,3,5,365.0,25.0,4.5,0.20002825572282404,0.799971744277176,447.36842105263156
38,3,5,375.0,25.0,4.5,0.20002874273920107,0.7999712572607989,447.36842105263156
39,3,5,385.0,25.0,4.5,0.20002923038137793,0.799970769618622,447.36842105263156
40,3,5,395.0,25.0,4.5,0.2000297188756822,0.7999702811243178,447.36842105263156
41,3,5,405.0,25.0,4.5,0.20003020853548614,0.7999697914645139,447.36842105263156
42,3,5,415.0,25.0,4.5,0.2000306997956705,0.7999693002043295,447.36842105263156
43,3,5,425.0,25.0,4.5,0.20003119325873348,0.7999688067412665,447.36842105263156
44,3,5,435.0,25.0,4.5,0.20003168973614543,0.7999683102638546,447.36842105263156
45,3,5,445.0,25.0,4.5,0.20003219024568256,0.7999678097543175,447.36842105263156
46,3,5,455.0,25.0,4.5,0.2000326957277717,0.7999673042722283,447.36842105263156
47,3,5,465.0,25.0,4.5,0.20003320565481392,0.799966794345186,447.36842105263156
48,3,5,475.0,25.0,4.5,0.2000337131218777,0.7999662868781223,447.36842105263156
49,3,5,485.0,25.0,4.5,0.20003419059352992,0.7999658094064701,447.36842105263156
50,3,5,495.0,25.0,4.5,0.2000345562497391,0.7999654437502609,447.36842105263156
1,4,5,5.0,35.0,4.5,0.7417052771033436,0.25829472289665645,447.36842105263156
2,4,5,15.0,35.0,4.5,0.7113345989039429,0.2886654010960571,447.36842105263156
3,4,5,25.0,35.0,4.5,0.680003443347588,0.319996556652412,447.36842105263156
4,4,5,35.0,35.0,4.5,0.651103850478923,0.34889614952107695,447.36842105263156
5,4,5,45.0,35.0,4.5,0.6257026428210254,0.3742973571789746,447.36842105263156
6,4,5,55.0,35.0,4.5,0.6035768491987246,0.39642315080127544,447.36842105263156
7,4,5,65.0,35.0,4.5,0.5839111534558042,0.41608884654419576,447.36842105263156
8,4,5,75.0,35.0,4.5,0.5657410639699945,0.43425893603000554,447.36842105263156
9,4,5,85.0,35.0,4.5,0.5484655786849086,0.45153442131509136,447.36842105263156
10,4,5,95.0,35.0,4.5,0.5318696819525005,0.4681303180474995,447.36842105263156
11,4,5,105.0,35.0,4.5,0.5153648918663538,0.4846351081336462,447.36842105263156
12,4,5,115.0,35.0,4.5,0.49830591352707987,0.5016940864729201,447.36842105263156
13,4,5,125.0,35.0,4.5,0.47963783105227237,0.5203621689477276,447.36842105263156
14,4,5,135.0,35.0,4.5,0.4576209713909651,0.5423790286090349,447.36842105263156
15,4,5,145.0,35.0,4.5,0.42950650396557244,0.5704934960344276,447.36842105263156
16,4,5,155.0,35.0,4.5,0.38983429996122526,0.6101657000387748,447.36842105263156
17,4,5,165.0,35.0,4.5,0.33186964698843546,0.6681303530115645,447.36842105263156
18,4,5,175.0,35.0,4.5,0.26245629396417874,0.7375437060358212,447.36842105263156
19,4,5,185.0,35.0,4.5,0.21440149396138874,0.7855985060386113,447.36842105263156
20,4,5,195.0,35.0,4.5,0.20098819048313113,0.7990118095168689,447.36842105263156
21,4,5,205.0,35.0,4.5,0.20003334775904924,0.7999666522409508,447.36842105263156
22,4,5,215.0,35.0,4.5,0.2000209574251472,0.7999790425748528,447.36842105263156
23,4,5,225.0,35.0,4.5,0.20002138606145728,0.7999786139385427,447.36842105263156
24,4,5,235.0,35.0,4.5,0.20002190401564562,0.7999780959843543,447.36842105263156
25,4,5,245.0,35.0,4.5,0.20002241338153232,0.7999775866184677,447.36842105263156
26,4,5,255.0,35.0,4.5,0.2000229114754402,0.7999770885245598,447.36842105263156
27,4,5,265.0,35.0,4.5,0.20002340065116517,0.7999765993488348,447.36842105263156
28,4,5,275.0,35.0,4.5,0.20002388598121967,0.7999761140187803,447.36842105263156
29,4,5,285.0,35.0,4.5,0.2000243705464031,0.7999756294535969,447.36842105263156
30,4,5,295.0,35.0,4.5,0.20002485525593516,0.7999751447440648,447.36842105263156
31,4,5,305.0,35.0,4.5,0.20002534023555868,0.7999746597644413,447.36842105263156
32,4,5,315.0,35.0,4.5,0.20002582544361658,0.7999741745563834,447.36842105263156
33,4,5,325.0,35.0,4.5,0.20002631083479258,0.7999736891652074,447.36842105263156
34,4,5,335.0,35.0,4.5,0.20002679638967238,0.7999732036103276,447.36842105263156
35,4,5,345.0,35.0,4.5,0.20002728211631304,0.799972717883687,447.36842105263156
36,4,5,355.0,35.0,4.5,0.20002776804959038,0.7999722319504097,447.36842105263156
37,4,5,365.0,35.0,4.5,0.20002825425513235,0.7999717457448676,447.36842105263156
38,4,5,375.0,35.0,4.5,0.20002874083942487,0.7999712591605751,447.36842105263156
39,4,5,385.0,35.0,4.5,0.20002922796991845,0.7999707720300815,447.36842105263156
40,4,5,395.0,35.0,4.5,0.20002971591056926,0.7999702840894307,447.36842105263156
41,4,5,405.0,35.0,4.5,0.20003020508522357,0.7999697949147764,447.36842105263156
42,4,5,415.0,35.0,4.5,0.20003069619050629,0.7999693038094937,447.36842105263156
43,4,5,425.0,35.0,4.5,0.2000311904012642,0.7999688095987358,447.36842105263156
44,4,5,435.0,35.0,4.5,0.20003168974696936,0.7999683102530306,447.36842105263156
45,4,5,445.0,35.0,4.5,0.20003219776845393,0.7999678022315461,447.36842105263156
46,4,5,455.0,35.0,4.5,0.2000327205760119,0.799967279423988,447.36842105263156
47,4,5,465.0,35.0,4.5,0.20003326810058852,0.7999667318994115,447.36842105263156
48,4,5,475.0,35.0,4.5,0.20003385296644474,0.7999661470335553,447.36842105263156
49,4,5,485.0,35.0,4.5,0.20003447445743053,0.7999655255425695,447.36842105263156
50,4,5,495.0,35.0,4.5,0.20003505691136655,0.7999649430886334,447.36842105263156
1,5,5,5.0,45.0,4.5,0.7800602837319025,0.2199397162680975,447.36842105263156
2,5,5,15.0,45.0,4.5,0.7507680462225939,0.24923195377740615,447.36842105263156
3,5,5,25.0,45.0,4.5,0.7164769937527962,0.28352300624720383,447.36842105263156
4,5,5,35.0,45.0,4.5,0.6841253565194818,0.3158746434805182,447.36842105263156
5,5,5,45.0,45.0,4.5,0.6557799998554106,0.3442200001445894,447.36842105263156
6,5,5,55.0,45.0,4.5,0.6313118007628137,0.3686881992371863,447.36842105263156
7,5,5,65.0,45.0,4.5,0.609909365831743,0.39009063416825696,447.36842105263156
8,5,5,75.0,45.0,4.5,0.5906259252780464,0.40937407472195364,447.36842105263156
9,5,5,85.0,45.0,4.5,0.5725821843495392,0.4274178156504608,447.36842105263156
10,5,5,95.0,45.0,4.5,0.5554390020493366,0.4445609979506634,447.36842105263156
11,5,5,105.0,45.0,4.5,0.5388571393879872,0.4611428606120128,447.36842105263156
12,5,5,115.0,45.0,4.5,0.5222662152777422,0.4777337847222578,447.36842105263156
13,5,5,125.0,45.0,4.5,0.5050420590774571,0.49495794092254286,447.36842105263156
14,5,5,135.0,45.0,4.5,0.4862154976918284,0.5137845023081715,447.36842105263156
15,5,5,145.0,45.0,4.5,0.464054788156836,0.535945211843164,447.36842105263156
16,5,5,155.0,45.0,4.5,0.43579859614130134,0.5642014038586987,447.36842105263156
17,5,5,165.0,45.0,4.5,0.3960001705352191,0.6039998294647809,447.36842105263156
18,5,5,175.0,45.0,4.5,0.33689791235061256,0.6631020876493874,447.36842105263156
19,5,5,185.0,45.0,4.5,0.2638685098758388,0.7361314901241611,447.36842105263156
20,5,5,195.0,45.0,4.5,0.21319701379846517,0.7868029862015349,447.36842105263156
21,5,5,205.0,45.0,4.5,0.20062311166607524,0.7993768883339247,447.36842105263156
22,5,5,215.0,45.0,4.5,0.2000255671671638,0.7999744328328362,447.36842105263156
23,5,5,225.0,45.0,4.5,0.2000214075640238,0.7999785924359761,447.36842105263156
24,5,5,235.0,45.0,4.5,0.20002190370463388,0.7999780962953661,447.36842105263156
25,5,5,245.0,45.0,4.5,0.20002241434306,0.79997758565694,447.36842105263156
26,5,5,255.0,45.0,4.5,0.20002291339688638,0.7999770866031136,447.36842105263156
27,5,5,265.0,45.0,4.5,0.20002340240473324,0.7999765975952667,447.36842105263156
28,5,5,275.0,45.0,4.5,0.2000238869498841,0.799976113050116,447.36842105263156
29,5,5,285.0,45.0,4.5,0.20002437088986424,0.7999756291101358,447.36842105263156
30,5,5,295.0,45.0,4.5,0.20002485522533214,0.7999751447746679,447.36842105263156
31,5,5,305.0,45.0,4.5,0.20002533997665853,0.7999746600233415,447.36842105263156
32,5,5,315.0,45.0,4.5,0.2000258250147295,0.7999741749852705,447.36842105263156
33,5,5,325.0,45.0,4.5,0.20002631024004944,0.7999736897599505,447.36842105263156
34,5,5,335.0,45.0,4.5,0.20002679559789804,0.799973204402102,447.36842105263156
35,5,5,345.0,45.0,4.5,0.20002728106845574,0.7999727189315442,447.36842105263156
36,5,5,355.0,45.0,4.5,0.2000277666602852,0.7999722333397148,447.36842105263156
37,5,5,365.0,45.0,4.5,0.20002825241062858,0.7999717475893714,447.36842105263156
38,5,5,375.0,45.0,4.5,0.20002873839498847,0.7999712616050115,447.36842105263156
39,5,5,385.0,45.0,4.5,0.20002922474881493,0.7999707752511851,447.36842105263156
40,5,5,395.0,45.0,4.5,0.20002971171017886,0.7999702882898212,447.36842105263156
41,5,5,405.0,45.0,4.5,0.2000301996988901,0.7999698003011099,447.36842105263156
42,5,5,415.0,45.0,4.5,0.20003068946425895,0.799969310535741,447.36842105263156
43,5,5,425.0,45.0,4.5,0.2000311823625465,0.7999688176374535,447.36842105263156
44,5,5,435.0,45.0,4.5,0.20003168088988535,0.7999683191101147,447.36842105263156
45,5,5,445.0,45.0,4.5,0.2000321897351159,0.7999678102648841,447.36842105263156
46,5,5,455.0,45.0,4.5,0.2000327179492566,0.7999672820507434,447.36842105263156
47,5,5,465.0,45.0,4.5,0.20003328339320006,0.7999667166068,447.36842105263156
48,5,5,475.0,45.0,4.5,0.20003391981234817,0.7999660801876518,447.36842105263156
49,5,5,485.0,45.0,4.5,0.2000346597034611,0.7999653402965389,447.36842105263156
50,5,5,495.0,45.0,4.5,0.2000352850802725,0.7999647149197275,447.36842105263156
1,6,5,5.0,55.0,4.5,0.7442060513403438,0.2557939486596562,447.36842105263156
2,6,5,15.0,55.0,4.5,0.7152610441706972,0.28473895582930275,447.36842105263156
3,6,5,25.0,55.0,4.5,0.6851488206870857,0.3148511793129143,447.36842105263156
4,6,5,35.0,55.0,4.5,0.6570503967400302,0.3429496032599698,447.36842105263156
5,6,5,45.0,55.0,4.5,0.6320817745777332,0.3679182254222668,447.36842105263156
6,6,5,55.0,55.0,4.5,0.610160578830455,0.38983942116954495,447.36842105263156
7,6,5,65.0,55.0,4.5,0.5905810491948283,0.40941895080517166,447.36842105263156
8,6,5,75.0,55.0,4.5,0.5724717648025482,0.42752823519745176,447.36842105263156
9,6,5,85.0,55.0,4.5,0.5551739823427584,0.4448260176572416,447.36842105263156
10,6,5,95.0,55.0,4.5,0.5385715522454313,0.4614284477545687,447.36842105263156
11,6,5,105.0,55.0,4.5,0.5221346368874447,0.47786536311255534,447.36842105263156
12,6,5,115.0,55.0,4.5,0.5052786198919244,0.49472138010807565,447.36842105263156
13,6,5,125.0,55.0,4.5,0.487163057392939,0.5128369426070609,447.36842105263156
14,6,5,135.0,55.0,4.5,0.4662585999876912,0.5337414000123089,447.36842105263156
15,6,5,145.0,55.0,4.5,0.4402217355191775,0.5597782644808225,447.36842105263156
16,6,5,155.0,55.0,4.5,0.4046097292543872,0.5953902707456128,447.36842105263156
17,6,5,165.0,55.0,4.5,0.35212044491812816,0.6478795550818719,447.36842105263156
18,6,5,175.0,55.0,4.5,0.2827793794144563,0.7172206205855437,447.36842105263156
19,6,5,185.0,55.0,4.5,0.22408589954560887,0.7759141004543911,447.36842105263156
20,6,5,195.0,55.0,4.5,0.20232241495562406,0.7976775850443759,447.36842105263156
21,6,5,205.0,55.0,4.5,0.20006041646781153,0.7999395835321885,447.36842105263156
22,6,5,215.0,55.0,4.5,0.2000211683992292,0.7999788316007708,447.36842105263156
23,6,5,225.0,55.0,4.5,0.20002138734391228,0.7999786126560877,447.36842105263156
24,6,5,235.0,55.0,4.5,0.20002190433188033,0.7999780956681197,447.36842105263156
25,6,5,245.0,55.0,4.5,0.20002241389478587,0.7999775861052141,447.36842105263156
26,6,5,255.0,55.0,4.5,0.20002291200950528,0.7999770879904947,447.36842105263156
27,6,5,265.0,55.0,4.5,0.20002340086368428,0.7999765991363157,447.36842105263156
28,6,5,275.0,55.0,4.5,0.20002388578502794,0.7999761142149721,447.36842105263156
29,6,5,285.0,55.0,4.5,0.20002437005344464,0.7999756299465554,447.36842105263156
30,6,5,295.0,55.0,4.5,0.20002485456091582,0.7999751454390842,447.36842105263156
31,6,5,305.0,55.0,4.5,0.2000253393689012,0.7999746606310988,447.36842105263156
32,6,5,315.0,55.0,4.5,0.20002582438108896,0.799974175618911,447.36842105263156
33,6,5,325.0,55.0,4.5,0.20002630950895264,0.7999736904910474,447.36842105263156
34,6,5,335.0,55.0,4.5,0.20002679469377044,0.7999732053062296,447.36842105263156
35,6,5,345.0,55.0,4.5,0.2000272799011254,0.7999727200988747,447.36842105263156
36,6,5,355.0,55.0,4.5,0.20002776511446183,0.7999722348855381,447.36842105263156
37,6,5,365.0,55.0,4.5,0.20002825033402202,0.799971749665978,447.36842105263156
38,6,5,375.0,55.0,4.5,0.2000287355823116,0.7999712644176884,447.36842105263156
39,6,5,385.0,55.0,4.5,0.2000292209201982,0.7999707790798019,447.36842105263156
40,6,5,395.0,55.0,4.5,0.20002970647962837,0.7999702935203716,447.36842105263156
41,6,5,405.0,55.0,4.5,0.20003019252687523,0.7999698074731247,447.36842105263156
42,6,5,415.0,55.0,4.5,0.20003067957992043,0.7999693204200795,447.36842105263156
43,6,5,425.0,55.0,4.5,0.20003116862411977,0.7999688313758803,447.36842105263156
44,6,5,435.0,55.0,4.5,0.20003166149969476,0.7999683385003052,447.36842105263156
45,6,5,445.0,55.0,4.5,0.2000321615732968,0.7999678384267032,447.36842105263156
46,6,5,455.0,55.0,4.5,0.20003267478622105,0.7999673252137789,447.36842105263156
47,6,5,465.0,55.0,4.5,0.2000332107423727,0.7999667892576273,447.36842105263156
48,6,5,475.0,55.0,4.5,0.2000337810638721,0.7999662189361278,447.36842105263156
49,6,5,485.0,55.0,4.5,0.20003438304318077,0.7999656169568192,447.36842105263156
50,6,5,495.0,55.0,4.5,0.20003494078586642,0.7999650592141336,447.36842105263156
1,7,5,5.0,65.0,4.5,0.7007782076934111,0.29922179230658885,447.36842105263156
2,7,5,15.0,65.0,4.5,0.6760338580976694,0.32396614190233064,447.36842105263156
3,7,5,25.0,65.0,4.5,0.6507093093223549,0.34929069067764507,447.36842105263156
4,7,5,35.0,65.0,4.5,0.6270433634347582,0.3729566365652418,447.36842105263156
5,7,5,45.0,65.0,4.5,0.605705421946048,0.39429457805395196,447.36842105263156
6,7,5,55.0,65.0,4.5,0.5864160180648607,0.41358398193513934,447.36842105263156
7,7,5,65.0,65.0,4.5,0.568514953501747,0.43148504649825303,447.36842105263156
8,7,5,75.0,65.0,4.5,0.5513931149000226,0.44860688509997737,447.36842105263156
9,7,5,85.0,65.0,4.5,0.534953205296819,0.465046794703181,447.36842105263156
10,7,5,95.0,65.0,4.5,0.5186774769687651,0.4813225230312349,447.36842105263156
11,7,5,105.0,65.0,4.5,0.5019823041499718,0.4980176958500282,447.36842105263156
12,7,5,115.0,65.0,4.5,0.48397923742220783,0.5160207625777922,447.36842105263156
13,7,5,125.0,65.0,4.5,0.4631238223536421,0.536876177646358,447.36842105263156
14,7,5,135.0,65.0,4.5,0.43706871042909695,0.5629312895709031,447.36842105263156
15,7,5,145.0,65.0,4.5,0.4012638013882159,0.5987361986117841,447.36842105263156
16,7,5,155.0,65.0,4.5,0.34875042157130903,0.6512495784286909,447.36842105263156
17,7,5,165.0,65.0,4.5,0.2807493536179157,0.7192506463820842,447.36842105263156
18,7,5,175.0,65.0,4.5,0.22419717145008414,0.7758028285499159,447.36842105263156
19,7,5,185.0,65.0,4.5,0.20267985500134955,0.7973201449986504,447.36842105263156
20,7,5,195.0,65.0,4.5,0.20008319496049234,0.7999168050395077,447.36842105263156
21,7,5,205.0,65.0,4.5,0.20002095886173735,0.7999790411382627,447.36842105263156
22,7,5,215.0,65.0,4.5,0.20002087261863064,0.7999791273813693,447.36842105263156
23,7,5,225.0,65.0,4.5,0.20002139026102506,0.7999786097389749,447.36842105263156
24,7,5,235.0,65.0,4.5,0.20002190561941668,0.7999780943805833,447.36842105263156
25,7,5,245.0,65.0,4.5,0.20002241186547692,0.799977588134523,447.36842105263156
26,7,5,255.0,65.0,4.5,0.20002290800047962,0.7999770919995204,447.36842105263156
27,7,5,265.0,65.0,4.5,0.20002339707430208,0.7999766029256979,447.36842105263156
28,7,5,275.0,65.0,4.5,0.20002388313477248,0.7999761168652275,447.36842105263156
29,7,5,285.0,65.0,4.5,0.20002436834066917,0.7999756316593308,447.36842105263156
30,7,5,295.0,65.0,4.5,0.2000248534097387,0.7999751465902614,447.36842105263156
31,7,5,305.0,65.0,4.5,0.20002533850173776,0.7999746614982622,447.36842105263156
32,7,5,315.0,65.0,4.5,0.20002582361602683,0.7999741763839732,447.36842105263156
33,7,5,325.0,65.0,4.5,0.20002630871742008,0.7999736912825799,447.36842105263156
34,7,5,335.0,65.0,4.5,0.20002679376768953,0.7999732062323105,447.36842105263156
35,7,5,345.0,65.0,4.5,0.20002727872952963,0.7999727212704704,447.36842105263156
36,7,5,355.0,65.0,4.5,0.20002776356449842,0.7999722364355015,447.36842105263156
37,7,5,365.0,65.0,4.5,0.20002824823043028,0.7999717517695697,447.36842105263156
38,7,5,375.0,65.0,4.5,0.20002873268113408,0.7999712673188659,447.36842105263156
39,7,5,385.0,65.0,4.5,0.20002921686943795,0.799970783130562,447.36842105263156
40,7,5,395.0,65.0,4.5,0.20002970075715854,0.7999702992428415,447.36842105263156
41,7,5,405.0,65.0,4.5,0.200030184336453,0.799969815663547,447.36842105263156
42,7,5,415.0,65.0,4.5,0.20003066767045904,0.7999693323295409,447.36842105263156
43,7,5,425.0,65.0,4.5,0.20003115096120896,0.7999688490387911,447.36842105263156
44,7,5,435.0,65.0,4.5,0.20003163464308013,0.7999683653569198,447.36842105263156
45,7,5,445.0,65.0,4.5,0.20003211944641788,0.7999678805535821,447.36842105263156
46,7,5,455.0,65.0,4.5,0.20003260618326027,0.7999673938167398,447.36842105263156
47,7,5,465.0,65.0,4.5,0.20003309440701253,0.7999669055929874,447.36842105263156
48,7,5,475.0,65.0,4.5,0.20003357754980555,0.7999664224501944,447.36842105263156
49,7,5,485.0,65.0,4.5,0.20003402923724437,0.7999659707627557,447.36842105263156
50,7,5,495.0,65.0,4.5,0.20003437242845062,0.7999656275715494,447.36842105263156
1,8,5,5.0,75.0,4.5,0.6500710694506259,0.34992893054937413,447.36842105263156
2,8,5,15.0,75.0,4.5,0.6307247938905971,0.3692752061094029,447.36842105263156
3,8,5,25.0,75.0,4.5,0.6106414821822124,0.38935851781778763,447.36842105263156
4,8,5,35.0,75.0,4.5,0.5914253519133833,0.4085746480866167,447.36842105263156
5,8,5,45.0,75.0,4.5,0.5733660407109313,0.42663395928906866,447.36842105263156
6,8,5,55.0,75.0,4.5,0.5561029925277939,0.44389700747220606,447.36842105263156
7,8,5,65.0,75.0,4.5,0.5395008646261259,0.4604991353738741,447.36842105263156
8,8,5,75.0,75.0,4.5,0.5233263110521723,0.4766736889478277,447.36842105263156
9,8,5,85.0,75.0,4.5,0.5070344342887562,0.49296556571124384,447.36842105263156
10,8,5,95.0,75.0,4.5,0.4899757542244291,0.5100242457755708,447.36842105263156
11,8,5,105.0,75.0,4.5,0.47087619273591724,0.5291238072640827,447.36842105263156
12,8,5,115.0,75.0,4.5,0.4478771995188926,0.5521228004811074,447.36842105263156
13,8,5,125.0,75.0,4.5,0.41784080323093664,0.5821591967690634,447.36842105263156
14,8,5,135.0,75.0,4.5,0.37463036285379664,0.6253696371462034,447.36842105263156
15,8,5,145.0,75.0,4.5,0.31393378511881603,0.686066214881184,447.36842105263156
16,8,5,155.0,75.0,4.5,0.2493123523226647,0.7506876476773353,447.36842105263156
17,8,5,165.0,75.0,4.5,0.21065747944420385,0.7893425205557961,447.36842105263156
18,8,5,175.0,75.0,4.5,0.20077858277639038,0.7992214172236096,447.36842105263156
19,8,5,185.0,75.0,4.5,0.20003372689674778,0.7999662731032522,447.36842105263156
20,8,5,195.0,75.0,4.5,0.20002001282804355,0.7999799871719564,447.36842105263156
21,8,5,205.0,75.0,4.5,0.2000203593553374,0.7999796406446626,447.36842105263156
22,8,5,215.0,75.0,4.5,0.20002087781527406,0.7999791221847259,447.36842105263156
23,8,5,225.0,75.0,4.5,0.2000213947589226,0.7999786052410773,447.36842105263156
24,8,5,235.0,75.0,4.5,0.20002190551618945,0.7999780944838105,447.36842105263156
25,8,5,245.0,75.0,4.5,0.2000224079095716,0.7999775920904284,447.36842105263156
26,8,5,255.0,75.0,4.5,0.20002290271601236,0.7999770972839877,447.36842105263156
27,8,5,265.0,75.0,4.5,0.2000233926476,0.7999766073524,447.36842105263156
28,8,5,275.0,75.0,4.5,0.20002388008237487,0.7999761199176252,447.36842105263156
29,8,5,285.0,75.0,4.5,0.20002436636423235,0.7999756336357676,447.36842105263156
30,8,5,295.0,75.0,4.5,0.2000248521089073,0.7999751478910927,447.36842105263156
31,8,5,305.0,75.0,4.5,0.20002533757245317,0.7999746624275468,447.36842105263156
32,8,5,315.0,75.0,4.5,0.2000258228521773,0.7999741771478227,447.36842105263156
33,8,5,325.0,75.0,4.5,0.20002630797477958,0.7999736920252204,447.36842105263156
34,8,5,335.0,75.0,4.5,0.20002679293087472,0.7999732070691252,447.36842105263156
35,8,5,345.0,75.0,4.5,0.2000272776867287,0.7999727223132713,447.36842105263156
36,8,5,355.0,75.0,4.5,0.20002776218556492,0.799972237814435,447.36842105263156
37,8,5,365.0,75.0,4.5,0.2000282463438466,0.7999717536561534,447.36842105263156
38,8,5,375.0,75.0,4.5,0.20002873004322297,0.799971269956777,447.36842105263156
39,8,5,385.0,75.0,4.5,0.20002921311829272,0.7999707868817073,447.36842105263156
40,8,5,395.0,75.0,4.5,0.2000296953379337,0.7999703046620663,447.36842105263156
41,8,5,405.0,75.0,4.5,0.2000301763763086,0.7999698236236914,447.36842105263156
42,8,5,415.0,75.0,4.5,0.20003065576457857,0.7999693442354214,447.36842105263156
43,8,5,425.0,75.0,4.5,0.2000311328028523,0.7999688671971477,447.36842105263156
44,8,5,435.0,75.0,4.5,0.2000316063829938,0.7999683936170062,447.36842105263156
45,8,5,445.0,75.0,4.5,0.20003207460235967,0.7999679253976404,447.36842105263156
46,8,5,455.0,75.0,4.5,0.20003253388354092,0.7999674661164591,447.36842105263156
47,8,5,465.0,75.0,4.5,0.2000329769718638,0.7999670230281362,447.36842105263156
48,8,5,475.0,75.0,4.5,0.20003338863028017,0.7999666113697198,447.36842105263156
49,8,5,485.0,75.0,4.5,0.2000337375141024,0.7999662624858976,447.36842105263156
50,8,5,495.0,75.0,4.5,0.20003396465290407,0.7999660353470959,447.36842105263156
1,9,5,5.0,85.0,4.5,0.5890317685093474,0.41096823149065265,447.36842105263156
2,9,5,15.0,85.0,4.5,0.5747808254631218,0.4252191745368782,447.36842105263156
3,9,5,25.0,85.0,4.5,0.5592140049624,0.44078599503759996,447.36842105263156
4,9,5,35.0,85.0,4.5,0.5431768156429583,0.4568231843570417,447.36842105263156
5,9,5,45.0,85.0,4.5,0.5271031453113106,0.47289685468868936,447.36842105263156
6,9,5,55.0,85.0,4.5,0.5111284740137912,0.48887152598620875,447.36842105263156
7,9,5,65.0,85.0,4.5,0.49481546044680275,0.5051845395531973,447.36842105263156
8,9,5,75.0,85.0,4.5,0.4773889837239328,0.5226110162760672,447.36842105263156
9,9,5,85.0,85.0,4.5,0.4574101738610314,0.5425898261389686,447.36842105263156
10,9,5,95.0,85.0,4.5,0.4327668633482976,0.5672331366517024,447.36842105263156
11,9,5,105.0,85.0,4.5,0.39941347238273195,0.600586527617268,447.36842105263156
12,9,5,115.0,85.0,4.5,0.3515032979350036,0.6484967020649963,447.36842105263156
13,9,5,125.0,85.0,4.5,0.289981776131488,0.710018223868512,447.36842105263156
14,9,5,135.0,85.0,4.5,0.23456886768130858,0.7654311323186914,447.36842105263156
15,9,5,145.0,85.0,4.5,0.20684916832659686,0.7931508316734032,447.36842105263156
16,9,5,155.0,85.0,4.5,0.20054067953533528,0.7994593204646647,447.36842105263156
17,9,5,165.0,85.0,4.5,0.2000334522868743,0.7999665477131257,447.36842105263156
18,9,5,175.0,85.0,4.5,0.2000191796580327,0.7999808203419673,447.36842105263156
19,9,5,185.0,85.0,4.5,0.20001934230601473,0.7999806576939853,447.36842105263156
20,9,5,195.0,85.0,4.5,0.20001985187872562,0.7999801481212744,447.36842105263156
21,9,5,205.0,85.0,4.5,0.20002036837625828,0.7999796316237417,447.36842105263156
22,9,5,215.0,85.0,4.5,0.20002088424907755,0.7999791157509224,447.36842105263156
23,9,5,225.0,85.0,4.5,0.2000213966958634,0.7999786033041366,447.36842105263156
24,9,5,235.0,85.0,4.5,0.2000219031756877,0.7999780968243123,447.36842105263156
25,9,5,245.0,85.0,4.5,0.2000224032854109,0.7999775967145891,447.36842105263156
26,9,5,255.0,85.0,4.5,0.2000228980323542,0.7999771019676458,447.36842105263156
27,9,5,265.0,85.0,4.5,0.2000233889871646,0.7999766110128355,447.36842105263156
28,9,5,275.0,85.0,4.5,0.20002387755709222,0.7999761224429078,447.36842105263156
29,9,5,285.0,85.0,4.5,0.20002436470645382,0.7999756352935462,447.36842105263156
30,9,5,295.0,85.0,4.5,0.20002485101384693,0.7999751489861531,447.36842105263156
31,9,5,305.0,85.0,4.5,0.2000253368018351,0.7999746631981649,447.36842105263156
32,9,5,315.0,85.0,4.5,0.2000258222381701,0.7999741777618299,447.36842105263156
33,9,5,325.0,85.0,4.5,0.2000263073976849,0.7999736926023151,447.36842105263156
34,9,5,335.0,85.0,4.5,0.20002679229564035,0.7999732077043596,447.36842105263156
35,9,5,345.0,85.0,4.5,0.20002727690290845,0.7999727230970916,447.36842105263156
36,9,5,355.0,85.0,4.5,0.2000277611492916,0.7999722388507085,447.36842105263156
37,9,5,365.0,85.0,4.5,0.2000282449178649,0.7999717550821351,447.36842105263156
38,9,5,375.0,85.0,4.5,0.20002872803040989,0.7999712719695902,447.36842105263156
39,9,5,385.0,85.0,4.5,0.20002921022133494,0.7999707897786651,447.36842105263156
40,9,5,395.0,85.0,4.5,0.2000296910941906,0.7999703089058094,447.36842105263156
41,9,5,405.0,85.0,4.5,0.20003017004985676,0.7999698299501432,447.36842105263156
42,9,5,415.0,85.0,4.5,0.20003064616639735,0.7999693538336027,447.36842105263156
43,9,5,425.0,85.0,4.5,0.20003111799472817,0.7999688820052718,447.36842105263156
44,9,5,435.0,85.0,4.5,0.20003158320524272,0.7999684167947573,447.36842105263156
45,9,5,445.0,85.0,4.5,0.20003203796952188,0.7999679620304782,447.36842105263156
46,9,5,455.0,85.0,4.5,0.20003247587807318,0.7999675241219268,447.36842105263156
47,9,5,465.0,85.0,4.5,0.20003288609120912,0.7999671139087909,447.36842105263156
48,9,5,475.0,85.0,4.5,0.20003325041262215,0.7999667495873779,447.36842105263156
49,9,5,485.0,85.0,4.5,0.20003353954880124,0.7999664604511988,447.36842105263156
50,9,5,495.0,85.0,4.5,0.20003371138698658,0.7999662886130134,447.36842105263156
1,10,5,5.0,95.0,4.5,0.48875736325506114,0.5112426367449389,447.36842105263156
2,10,5,15.0,95.0,4.5,0.4764618260891152,0.5235381739108849,447.36842105263156
3,10,5,25.0,95.0,4.5,0.4617814860556885,0.5382185139443115,447.36842105263156
4,10,5,35.0,95.0,4.5,0.44531504681946404,0.554684953180536,447.36842105263156
5,10,5,45.0,95.0,4.5,0.42632879942241764,0.5736712005775824,447.36842105263156
6,10,5,55.0,95.0,4.5,0.4031133862671799,0.5968866137328201,447.36842105263156
7,10,5,65.0,95.0,4.5,0.37241250519203273,0.6275874948079673,447.36842105263156
8,10,5,75.0,95.0,4.5,0.33027605818673617,0.6697239418132639,447.36842105263156
9,10,5,85.0,95.0,4.5,0.2791017641787354,0.7208982358212646,447.36842105263156
10,10,5,95.0,95.0,4.5,0.23453168341688194,0.7654683165831181,447.36842105263156
11,10,5,105.0,95.0,4.5,0.2104922451214476,0.7895077548785524,447.36842105263156
12,10,5,115.0,95.0,4.5,0.2024379509368155,0.7975620490631845,447.36842105263156
13,10,5,125.0,95.0,4.5,0.2004122168627293,0.7995877831372706,447.36842105263156
14,10,5,135.0,95.0,4.5,0.20004896714953535,0.7999510328504646,447.36842105263156
15,10,5,145.0,95.0,4.5,0.20001892143041367,0.7999810785695863,447.36842105263156
16,10,5,155.0,95.0,4.5,0.20001792813343722,0.7999820718665628,447.36842105263156
17,10,5,165.0,95.0,4.5,0.20001833950861764,0.7999816604913823,447.36842105263156
18,10,5,175.0,95.0,4.5,0.2000188378883166,0.7999811621116835,447.36842105263156
19,10,5,185.0,95.0,4.5,0.20001934631112211,0.7999806536888778,447.36842105263156
20,10,5,195.0,95.0,4.5,0.20001985946702558,0.7999801405329744,447.36842105263156
21,10,5,205.0,95.0,4.5,0.20002037379405904,0.799979626205941,447.36842105263156
22,10,5,215.0,95.0,4.5,0.20002088646559366,0.7999791135344063,447.36842105263156
23,10,5,225.0,95.0,4.5,0.20002139601717514,0.7999786039828248,447.36842105263156
24,10,5,235.0,95.0,4.5,0.20002190078655727,0.7999780992134428,447.36842105263156
25,10,5,245.0,95.0,4.5,0.20002240035379137,0.7999775996462086,447.36842105263156
26,10,5,255.0,95.0,4.5,0.20002289538789358,0.7999771046121065,447.36842105263156
27,10,5,265.0,95.0,4.5,0.20002338696928945,0.7999766130307105,447.36842105263156
28,10,5,275.0,95.0,4.5,0.2000238761562782,0.7999761238437217,447.36842105263156
29,10,5,285.0,95.0,4.5,0.20002436377604202,0.799975636223958,447.36842105263156
30,10,5,295.0,95.0,4.5,0.2000248503952253,0.7999751496047747,447.36842105263156
31,10,5,305.0,95.0,4.5,0.20002533636792225,0.7999746636320777,447.36842105263156
32,10,5,315.0,95.0,4.5,0.20002582189686607,0.799974178103134,447.36842105263156
33,10,5,325.0,95.0,4.5,0.2000263070821675,0.7999736929178325,447.36842105263156
34,10,5,335.0,95.0,4.5,0.20002679195266043,0.7999732080473396,447.36842105263156
35,10,5,345.0,95.0,4.5,0.20002727648209367,0.7999727235179064,447.36842105263156
36,10,5,355.0,95.0,4.5,0.20002776059289493,0.799972239407105,447.36842105263156
37,10,5,365.0,95.0,4.5,0.2000282441495688,0.7999717558504312,447.36842105263156
38,10,5,375.0,95.0,4.5,0.20002872693992105,0.799971273060079,447.36842105263156
39,10,5,385.0,95.0,4.5,0.2000292086410183,0.7999707913589817,447.36842105263156
40,10,5,395.0,95.0,4.5,0.200029688761471,0.799970311238529,447.36842105263156
41,10,5,405.0,95.0,4.5,0.20003016654534278,0.7999698334546572,447.36842105263156
42,10,5,415.0,95.0,4.5,0.20003064081270194,0.7999693591872981,447.36842105263156
43,10,5,425.0,95.0,4.5,0.20003110969487725,0.7999688903051227,447.36842105263156
44,10,5,435.0,95.0,4.5,0.20003157019772885,0.7999684298022711,447.36842105263156
45,10,5,445.0,95.0,4.5,0.20003201749352587,0.7999679825064742,447.36842105263156
46,10,5,455.0,95.0,4.5,0.20003244381331287,0.7999675561866871,447.36842105263156
47,10,5,465.0,95.0,4.5,0.200032836833791,0.799967163166209,447.36842105263156
48,10,5,475.0,95.0,4.5,0.2000331776684786,0.7999668223315214,447.36842105263156
49,10,5,485.0,95.0,4.5,0.20003343934024959,0.7999665606597504,447.36842105263156
50,10,5,495.0,95.0,4.5,0.20003358852620717,0.7999664114737928,447.36842105263156
1,1,6,5.0,5.0,5.5,0.5639443414582487,0.4360556585417513,517.5438596491227
2,1,6,15.0,5.0,5.5,0.5508688781536712,0.44913112184632875,517.5438596491227
3,1,6,25.0,5.0,5.5,0.5366033678000854,0.46339663219991456,517.5438596491227
4,1,6,35.0,5.0,5.5,0.5221156844507414,0.4778843155492586,517.5438596491227
5,1,6,45.0,5.0,5.5,0.5075609379976265,0.49243906200237353,517.5438596491227
6,1,6,55.0,5.0,5.5,0.4933210990868899,0.5066789009131101,517.5438596491227
7,1,6,65.0,5.0,5.5,0.4790387037775127,0.5209612962224873,517.5438596491227
8,1,6,75.0,5.0,5.5,0.46411796808888744,0.5358820319111126,517.5438596491227
9,1,6,85.0,5.0,5.5,0.4474637640437581,0.5525362359562419,517.5438596491227
10,1,6,95.0,5.0,5.5,0.42726692300422553,0.5727330769957745,517.5438596491227
11,1,6,105.0,5.0,5.5,0.40065988691935733,0.5993401130806426,517.5438596491227
12,1,6,115.0,5.0,5.5,0.3627112012753532,0.6372887987246467,517.5438596491227
13,1,6,125.0,5.0,5.5,0.31044031746455725,0.6895596825354428,517.5438596491227
14,1,6,135.0,5.0,5.5,0.25418049280694505,0.7458195071930549,517.5438596491227
15,1,6,145.0,5.0,5.5,0.21630463744417372,0.7836953625558263,517.5438596491227
16,1,6,155.0,5.0,5.5,0.20271144012016767,0.7972885598798323,517.5438596491227
17,1,6,165.0,5.0,5.5,0.2002694233374279,0.7997305766625721,517.5438596491227
18,1,6,175.0,5.0,5.5,0.20002915065296165,0.7999708493470383,517.5438596491227
19,1,6,185.0,5.0,5.5,0.20001936434303202,0.799980635656968,517.5438596491227
20,1,6,195.0,5.0,5.5,0.20001963097828576,0.7999803690217142,517.5438596491227
21,1,6,205.0,5.0,5.5,0.20002014901398837,0.7999798509860117,517.5438596491227
22,1,6,215.0,5.0,5.5,0.20002066925025477,0.7999793307497453,517.5438596491227
23,1,6,225.0,5.0,5.5,0.20002118404599728,0.7999788159540027,517.5438596491227
24,1,6,235.0,5.0,5.5,0.2000216923876207,0.7999783076123793,517.5438596491227
25,1,6,245.0,5.0,5.5,0.2000221938865834,0.7999778061134166,517.5438596491227
26,1,6,255.0,5.0,5.5,0.20002268938888104,0.799977310611119,517.5438596491227
27,1,6,265.0,5.0,5.5,0.20002318065147362,0.7999768193485264,517.5438596491227
28,1,6,275.0,5.0,5.5,0.20002366927757148,0.7999763307224286,517.5438596491227
29,1,6,285.0,5.0,5.5,0.20002415640126828,0.7999758435987318,517.5438596491227
30,1,6,295.0,5.0,5.5,0.20002464273267584,0.7999753572673242,517.5438596491227
31,1,6,305.0,5.0,5.5,0.20002512869125622,0.7999748713087438,517.5438596491227
32,1,6,315.0,5.0,5.5,0.20002561452171527,0.7999743854782847,517.5438596491227
33,1,6,325.0,5.0,5.5,0.2000261003730411,0.7999738996269589,517.5438596491227
34,1,6,335.0,5.0,5.5,0.2000265863479315,0.7999734136520685,517.5438596491227
35,1,6,345.0,5.0,5.5,0.20002707253203136,0.7999729274679687,517.5438596491227
36,1,6,355.0,5.0,5.5,0.20002755901156913,0.7999724409884309,517.5438596491227
37,1,6,365.0,5.0,5.5,0.20002804588358913,0.7999719541164109,517.5438596491227
38,1,6,375.0,5.0,5.5,0.2000285332603384,0.7999714667396616,517.5438596491227
39,1,6,385.0,5.0,5.5,0.20002902126622185,0.7999709787337781,517.5438596491227
40,1,6,395.0,5.0,5.5,0.20002951002150207,0.799970489978498,517.5438596491227
41,1,6,405.0,5.0,5.5,0.20002999959985684,0.7999700004001431,517.5438596491227
42,1,6,415.0,5.0,5.5,0.20003048993433603,0.799969510065664,517.5438596491227
43,1,6,425.0,5.0,5.5,0.200030980623112,0.799969019376888,517.5438596491227
44,1,6,435.0,5.0,5.5,0.20003147054584353,0.7999685294541565,517.5438596491227
45,1,6,445.0,5.0,5.5,0.20003195712461927,0.7999680428753807,517.5438596491227
46,1,6,455.0,5.0,5.5,0.20003243494692832,0.7999675650530716,517.5438596491227
47,1,6,465.0,5.0,5.5,0.20003289329376917,0.7999671067062308,517.5438596491227
48,1,6,475.0,5.0,5.5,0.20003331198095026,0.7999666880190497,517.5438596491227
49,1,6,485.0,5.0,5.5,0.20003365535022188,0.7999663446497781,517.5438596491227
50,1,6,495.0,5.0,5.5,0.2000338674980297,0.7999661325019702,517.5438596491227
1,2,6,5.0,15.0,5.5,0.6497228309047671,0.3502771690952329,517.5438596491227
2,2,6,15.0,15.0,5.5,0.6315220385463778,0.3684779614536222,517.5438596491227
3,2,6,25.0,15.0,5.5,0.6127529154512082,0.38724708454879175,517.5438596491227
4,2,6,35.0,15.0,5.5,0.5949156549912586,0.40508434500874135,517.5438596491227
5,2,6,45.0,15.0,5.5,0.5783400411810983,0.4216599588189017,517.5438596491227
6,2,6,55.0,15.0,5.5,0.5628220347137757,0.4371779652862243,517.5438596491227
7,2,6,65.0,15.0,5.5,0.548172762928385,0.451827237071615,517.5438596491227
8,2,6,75.0,15.0,5.5,0.5341966134064011,0.4658033865935989,517.5438596491227
9,2,6,85.0,15.0,5.5,0.5205507137791467,0.47944928622085325,517.5438596491227
10,2,6,95.0,15.0,5.5,0.5067373340830706,0.49326266591692935,517.5438596491227
11,2,6,105.0,15.0,5.5,0.49220827547105417,0.5077917245289458,517.5438596491227
12,2,6,115.0,15.0,5.5,0.4761081594856352,0.5238918405143649,517.5438596491227
13,2,6,125.0,15.0,5.5,0.4568764045261258,0.5431235954738742,517.5438596491227
14,2,6,135.0,15.0,5.5,0.4321825561040815,0.5678174438959185,517.5438596491227
15,2,6,145.0,15.0,5.5,0.3974974637358682,0.6025025362641319,517.5438596491227
16,2,6,155.0,15.0,5.5,0.34583037184192905,0.6541696281580709,517.5438596491227
17,2,6,165.0,15.0,5.5,0.2785347456598754,0.7214652543401245,517.5438596491227
18,2,6,175.0,15.0,5.5,0.22252367507628476,0.7774763249237152,517.5438596491227
19,2,6,185.0,15.0,5.5,0.20202369213575486,0.7979763078642451,517.5438596491227
20,2,6,195.0,15.0,5.5,0.20004492447072736,0.7999550755292726,517.5438596491227
21,2,6,205.0,15.0,5.5,0.20002032661767424,0.7999796733823258,517.5438596491227
22,2,6,215.0,15.0,5.5,0.2000206660624681,0.7999793339375318,517.5438596491227
23,2,6,225.0,15.0,5.5,0.20002118362636206,0.7999788163736379,517.5438596491227
24,2,6,235.0,15.0,5.5,0.20002169526910912,0.7999783047308908,517.5438596491227
25,2,6,245.0,15.0,5.5,0.20002219780871952,0.7999778021912805,517.5438596491227
26,2,6,255.0,15.0,5.5,0.20002269277837448,0.7999773072216255,517.5438596491227
27,2,6,265.0,15.0,5.5,0.20002318298742786,0.7999768170125722,517.5438596491227
28,2,6,275.0,15.0,5.5,0.2000236706804014,0.7999763293195986,517.5438596491227
29,2,6,285.0,15.0,5.5,0.2000241571614323,0.7999758428385677,517.5438596491227
30,2,6,295.0,15.0,5.5,0.20002464309595672,0.7999753569040433,517.5438596491227
31,2,6,305.0,15.0,5.5,0.20002512881770745,0.7999748711822925,517.5438596491227
32,2,6,315.0,15.0,5.5,0.2000256145018259,0.7999743854981741,517.5438596491227
33,2,6,325.0,15.0,5.5,0.20002610025149756,0.7999738997485024,517.5438596491227
34,2,6,335.0,15.0,5.5,0.2000265861410504,0.7999734138589496,517.5438596491227
35,2,6,345.0,15.0,5.5,0.2000270722389539,0.7999729277610461,517.5438596491227
36,2,6,355.0,15.0,5.5,0.2000275586213278,0.7999724413786722,517.5438596491227
37,2,6,365.0,15.0,5.5,0.2000280453808514,0.7999719546191486,517.5438596491227
38,2,6,375.0,15.0,5.5,0.20002853263280695,0.799971467367193,517.5438596491227
39,2,6,385.0,15.0,5.5,0.20002902051797278,0.7999709794820272,517.5438596491227
40,2,6,395.0,15.0,5.5,0.2000295091991599,0.79997049080084,517.5438596491227
41,2,6,405.0,15.0,5.5,0.20002999884436545,0.7999700011556345,517.5438596491227
42,2,6,415.0,15.0,5.5,0.20003048958106148,0.7999695104189385,517.5438596491227
43,2,6,425.0,15.0,5.5,0.20003098138924538,0.7999690186107546,517.5438596491227
44,2,6,435.0,15.0,5.5,0.20003147387150627,0.7999685261284937,517.5438596491227
45,2,6,445.0,15.0,5.5,0.2000319657602386,0.7999680342397614,517.5438596491227
46,2,6,455.0,15.0,5.5,0.2000324538578767,0.7999675461421233,517.5438596491227
47,2,6,465.0,15.0,5.5,0.20003293076655249,0.7999670692334475,517.5438596491227
48,2,6,475.0,15.0,5.5,0.20003338011020158,0.7999666198897984,517.5438596491227
49,2,6,485.0,15.0,5.5,0.2000337672549268,0.7999662327450732,517.5438596491227
50,2,6,495.0,15.0,5.5,0.2000340250302699,0.7999659749697301,517.5438596491227
1,3,6,5.0,25.0,5.5,0.7053150878402444,0.29468491215975556,517.5438596491227
2,3,6,15.0,25.0,5.5,0.6818061680219849,0.3181938319780151,517.5438596491227
3,3,6,25.0,25.0,5.5,0.6579618196524715,0.34203818034752853,517.5438596491227
4,3,6,35.0,25.0,5.5,0.6358373273533197,0.36416267264668034,517.5438596491227
5,3,6,45.0,25.0,5.5,0.615948420399813,0.384051579600187,517.5438596491227
6,3,6,55.0,25.0,5.5,0.5980656553317873,0.40193434466821265,517.5438596491227
7,3,6,65.0,25.0,5.5,0.581715166130292,0.41828483386970805,517.5438596491227
8,3,6,75.0,25.0,5.5,0.5663983878727864,0.4336016121272136,517.5438596491227
9,3,6,85.0,25.0,5.5,0.5518951224512629,0.44810487754873707,517.5438596491227
10,3,6,95.0,25.0,5.5,0.5378849624341712,0.46211503756582883,517.5438596491227
11,3,6,105.0,25.0,5.5,0.524031357263336,0.47596864273666395,517.5438596491227
12,3,6,115.0,25.0,5.5,0.5098509572508991,0.49014904274910087,517.5438596491227
13,3,6,125.0,25.0,5.5,0.49473102356243737,0.5052689764375626,517.5438596491227
14,3,6,135.0,25.0,5.5,0.4777965393006567,0.5222034606993433,517.5438596491227
15,3,6,145.0,25.0,5.5,0.4573507700170456,0.5426492299829544,517.5438596491227
16,3,6,155.0,25.0,5.5,0.43059282890170747,0.5694071710982925,517.5438596491227
17,3,6,165.0,25.0,5.5,0.39225676361490724,0.6077432363850928,517.5438596491227
18,3,6,175.0,25.0,5.5,0.33441238978352744,0.6655876102164726,517.5438596491227
19,3,6,185.0,25.0,5.5,0.2619154074795795,0.7380845925204205,517.5438596491227
20,3,6,195.0,25.0,5.5,0.21189490066098188,0.7881050993390182,517.5438596491227
21,3,6,205.0,25.0,5.5,0.20040962162657175,0.7995903783734283,517.5438596491227
22,3,6,215.0,25.0,5.5,0.20002288009184704,0.7999771199081529,517.5438596491227
23,3,6,225.0,25.0,5.5,0.20002119239616922,0.7999788076038308,517.5438596491227
24,3,6,235.0,25.0,5.5,0.20002169645259657,0.7999783035474034,517.5438596491227
25,3,6,245.0,25.0,5.5,0.20002220274942567,0.7999777972505744,517.5438596491227
26,3,6,255.0,25.0,5.5,0.200022698304216,0.799977301695784,517.5438596491227
27,3,6,265.0,25.0,5.5,0.2000231870066207,0.7999768129933793,517.5438596491227
28,3,6,275.0,25.0,5.5,0.20002367305864885,0.7999763269413511,517.5438596491227
29,3,6,285.0,25.0,5.5,0.20002415840282534,0.7999758415971747,517.5438596491227
30,3,6,295.0,25.0,5.5,0.20002464365442646,0.7999753563455736,517.5438596491227
31,3,6,305.0,25.0,5.5,0.20002512897786096,0.799974871022139,517.5438596491227
32,3,6,315.0,25.0,5.5,0.20002561441681713,0.7999743855831829,517.5438596491227
33,3,6,325.0,25.0,5.5,0.20002609999189574,0.7999739000081043,517.5438596491227
34,3,6,335.0,25.0,5.5,0.20002658572808332,0.7999734142719167,517.5438596491227
35,3,6,345.0,25.0,5.5,0.20002707166375971,0.7999729283362402,517.5438596491227
36,3,6,355.0,25.0,5.5,0.20002755785622528,0.7999724421437747,517.5438596491227
37,3,6,365.0,25.0,5.5,0.2000280443877246,0.7999719556122754,517.5438596491227
38,3,6,375.0,25.0,5.5,0.20002853137377394,0.799971468626226,517.5438596491227
39,3,6,385.0,25.0,5.5,0.20002901897486877,0.7999709810251312,517.5438596491227
40,3,6,395.0,25.0,5.5,0.20002950741325218,0.7999704925867478,517.5438596491227
41,3,6,405.0,25.0,5.5,0.20002999699665636,0.7999700030033436,517.5438596491227
42,3,6,415.0,25.0,5.5,0.20003048815208052,0.7999695118479195,517.5438596491227
43,3,6,425.0,25.0,5.5,0.20003098147103068,0.7999690185289693,517.5438596491227
44,3,6,435.0,25.0,5.5,0.20003147774845634,0.7999685222515437,517.5438596491227
45,3,6,445.0,25.0,5.5,0.20003197797712322,0.7999680220228768,517.5438596491227
46,3,6,455.0,25.0,5.5,0.2000324830602479,0.7999675169397521,517.5438596491227
47,3,6,465.0,25.0,5.5,0.20003299241609093,0.799967007583909,517.5438596491227
48,3,6,475.0,25.0,5.5,0.20003349911160037,0.7999665008883996,517.5438596491227
49,3,6,485.0,25.0,5.5,0.20003397596945574,0.7999660240305443,517.5438596491227
50,3,6,495.0,25.0,5.5,0.2000343433306112,0.7999656566693888,517.5438596491227
1,4,6,5.0,35.0,5.5,0.7487511350003747,0.2512488649996253,517.5438596491227
2,4,6,15.0,35.0,5.5,0.7215490509509853,0.2784509490490147,517.5438596491227
3,4,6,25.0,35.0,5.5,0.6932609123630873,0.3067390876369127,517.5438596491227
4,4,6,35.0,35.0,5.5,0.6669845799189822,0.3330154200810178,517.5438596491227
5,4,6,45.0,35.0,5.5,0.6436829303442486,0.3563170696557514,517.5438596491227
6,4,6,55.0,35.0,5.5,0.6231985024431645,0.37680149755683545,517.5438596491227
7,4,6,65.0,35.0,5.5,0.604992103539339,0.39500789646066103,517.5438596491227
8,4,6,75.0,35.0,5.5,0.588397038262762,0.411602961737238,517.5438596491227
9,4,6,85.0,35.0,5.5,0.5728504808592879,0.4271495191407121,517.5438596491227
10,4,6,95.0,35.0,5.5,0.5580776796128172,0.4419223203871828,517.5438596491227
11,4,6,105.0,35.0,5.5,0.5438303201044388,0.45616967989556123,517.5438596491227
12,4,6,115.0,35.0,5.5,0.529767016527127,0.470232983472873,517.5438596491227
13,4,6,125.0,35.0,5.5,0.5154467109419739,0.4845532890580261,517.5438596491227
14,4,6,135.0,35.0,5.5,0.5002733475269358,0.49972665247306425,517.5438596491227
15,4,6,145.0,35.0,5.5,0.48341976949118276,0.5165802305088172,517.5438596491227
16,4,6,155.0,35.0,5.5,0.4633645917267971,0.5366354082732029,517.5438596491227
17,4,6,165.0,35.0,5.5,0.43741262126455127,0.5625873787354487,517.5438596491227
18,4,6,175.0,35.0,5.5,0.40061878679041474,0.5993812132095853,517.5438596491227
19,4,6,185.0,35.0,5.5,0.34458411087252605,0.655415889127474,517.5438596491227
20,4,6,195.0,35.0,5.5,0.2700067381780506,0.7299932618219493,517.5438596491227
21,4,6,205.0,35.0,5.5,0.2139483347899553,0.7860516652100447,517.5438596491227
22,4,6,215.0,35.0,5.5,0.20044316189622488,0.7995568381037751,517.5438596491227
23,4,6,225.0,35.0,5.5,0.200023525503166,0.7999764744968341,517.5438596491227
24,4,6,235.0,35.0,5.5,0.20002170833928393,0.7999782916607161,517.5438596491227
25,4,6,245.0,35.0,5.5,0.20002220581866087,0.7999777941813391,517.5438596491227
26,4,6,255.0,35.0,5.5,0.20002270343760997,0.79997729656239,517.5438596491227
27,4,6,265.0,35.0,5.5,0.20002319123350526,0.7999768087664947,517.5438596491227
28,4,6,275.0,35.0,5.5,0.20002367550660172,0.7999763244933983,517.5438596491227
29,4,6,285.0,35.0,5.5,0.2000241595829724,0.7999758404170276,517.5438596491227
30,4,6,295.0,35.0,5.5,0.2000246441042527,0.7999753558957473,517.5438596491227
31,4,6,305.0,35.0,5.5,0.20002512901438368,0.7999748709856163,517.5438596491227
32,4,6,315.0,35.0,5.5,0.20002561419509424,0.7999743858049058,517.5438596491227
33,4,6,325.0,35.0,5.5,0.20002609957279666,0.7999739004272033,517.5438596491227
34,4,6,335.0,35.0,5.5,0.20002658511782503,0.799973414882175,517.5438596491227
35,4,6,345.0,35.0,5.5,0.20002707083411475,0.7999729291658852,517.5438596491227
36,4,6,355.0,35.0,5.5,0.20002755675432893,0.7999724432456711,517.5438596491227
37,4,6,365.0,35.0,5.5,0.20002804294206897,0.799971957057931,517.5438596491227
38,4,6,375.0,35.0,5.5,0.20002852950122949,0.7999714704987705,517.5438596491227
39,4,6,385.0,35.0,5.5,0.20002901659527178,0.7999709834047282,517.5438596491227
40,4,6,395.0,35.0,5.5,0.20002950448175727,0.7999704955182427,517.5438596491227
41,4,6,405.0,35.0,5.5,0.20002999357377774,0.7999700064262223,517.5438596491227
42,4,6,415.0,35.0,5.5,0.2000304845494967,0.7999695154505033,517.5438596491227
43,4,6,425.0,35.0,5.5,0.2000309785510166,0.7999690214489834,517.5438596491227
44,4,6,435.0,35.0,5.5,0.2000314775482206,0.7999685224517794,517.5438596491227
45,4,6,445.0,35.0,5.5,0.20003198496609884,0.7999680150339011,517.5438596491227
46,4,6,455.0,35.0,5.5,0.2000325066695035,0.7999674933304965,517.5438596491227
47,4,6,465.0,35.0,5.5,0.20003305202673402,0.799966947973266,517.5438596491227
48,4,6,475.0,35.0,5.5,0.20003363232592988,0.7999663676740701,517.5438596491227
49,4,6,485.0,35.0,5.5,0.2000342441032331,0.7999657558967669,517.5438596491227
50,4,6,495.0,35.0,5.5,0.20003481168562262,0.7999651883143774,517.5438596491227
1,5,6,5.0,45.0,5.5,0.7827527250088323,0.2172472749911677,517.5438596491227
2,5,6,15.0,45.0,5.5,0.7568601650360157,0.24313983496398428,517.5438596491227
3,5,6,25.0,45.0,5.5,0.7261569045412002,0.2738430954587998,517.5438596491227
4,5,6,35.0,45.0,5.5,0.6969624235280987,0.3030375764719013,517.5438596491227
5,5,6,45.0,45.0,5.5,0.6711883097153911,0.3288116902846089,517.5438596491227
6,5,6,55.0,45.0,5.5,0.6487228109819866,0.3512771890180134,517.5438596491227
7,5,6,65.0,45.0,5.5,0.6288832402834676,0.37111675971653235,517.5438596491227
8,5,6,75.0,45.0,5.5,0.6110292658642033,0.38897073413579675,517.5438596491227
9,5,6,85.0,45.0,5.5,0.5945788816806481,0.4054211183193519,517.5438596491227
10,5,6,95.0,45.0,5.5,0.5790524890768782,0.42094751092312177,517.5438596491227
11,5,6,105.0,45.0,5.5,0.5642333956362464,0.4357666043637536,517.5438596491227
12,5,6,115.0,45.0,5.5,0.5498077343361553,0.45019226566384474,517.5438596491227
13,5,6,125.0,45.0,5.5,0.5354488195478796,0.4645511804521204,517.5438596491227
14,5,6,135.0,45.0,5.5,0.5207308331711359,0.4792691668288641,517.5438596491227
15,5,6,145.0,45.0,5.5,0.5050303973959344,0.49496960260406564,517.5438596491227
16,5,6,155.0,45.0,5.5,0.487469263249538,0.512530736750462,517.5438596491227
17,5,6,165.0,45.0,5.5,0.4664277649174925,0.5335722350825075,517.5438596491227
18,5,6,175.0,45.0,5.5,0.43890417489954914,0.5610958251004509,517.5438596491227
19,5,6,185.0,45.0,5.5,0.39930229537916173,0.6006977046208383,517.5438596491227
20,5,6,195.0,45.0,5.5,0.33828258784711124,0.6617174121528888,517.5438596491227
21,5,6,205.0,45.0,5.5,0.25946465224642434,0.7405353477535757,517.5438596491227
22,5,6,215.0,45.0,5.5,0.2084509737651107,0.7915490262348893,517.5438596491227
23,5,6,225.0,45.0,5.5,0.20012878848783355,0.7998712115121664,517.5438596491227
24,5,6,235.0,45.0,5.5,0.20002230393237702,0.799977696067623,517.5438596491227
25,5,6,245.0,45.0,5.5,0.20002221024702246,0.7999777897529775,517.5438596491227
26,5,6,255.0,45.0,5.5,0.20002270591629026,0.7999772940837098,517.5438596491227
27,5,6,265.0,45.0,5.5,0.20002319349279912,0.7999768065072008,517.5438596491227
28,5,6,275.0,45.0,5.5,0.2000236766943474,0.7999763233056526,517.5438596491227
29,5,6,285.0,45.0,5.5,0.20002415999709855,0.7999758400029015,517.5438596491227
30,5,6,295.0,45.0,5.5,0.20002464409667564,0.7999753559033244,517.5438596491227
31,5,6,305.0,45.0,5.5,0.20002512876593026,0.7999748712340697,517.5438596491227
32,5,6,315.0,45.0,5.5,0.20002561377449626,0.7999743862255038,517.5438596491227
33,5,6,325.0,45.0,5.5,0.20002609898760168,0.7999739010123983,517.5438596491227
34,5,6,335.0,45.0,5.5,0.2000265843384497,0.7999734156615503,517.5438596491227
35,5,6,345.0,45.0,5.5,0.200027069802825,0.799972930197175,517.5438596491227
36,5,6,355.0,45.0,5.5,0.20002755538713157,0.7999724446128684,517.5438596491227
37,5,6,365.0,45.0,5.5,0.20002804112687791,0.7999719588731221,517.5438596491227
38,5,6,375.0,45.0,5.5,0.20002852709513877,0.7999714729048613,517.5438596491227
39,5,6,385.0,45.0,5.5,0.20002901342342957,0.7999709865765704,517.5438596491227
40,5,6,395.0,45.0,5.5,0.20002950034283512,0.7999704996571648,517.5438596491227
41,5,6,405.0,45.0,5.5,0.20002998826063076,0.7999700117393692,517.5438596491227
42,5,6,415.0,45.0,5.5,0.20003047790299494,0.7999695220970051,517.5438596491227
43,5,6,425.0,45.0,5.5,0.20003097058268696,0.7999690294173131,517.5438596491227
44,5,6,435.0,45.0,5.5,0.20003146871114055,0.7999685312888595,517.5438596491227
45,5,6,445.0,45.0,5.5,0.20003197680376253,0.7999680231962375,517.5438596491227
46,5,6,455.0,45.0,5.5,0.20003250352499544,0.7999674964750045,517.5438596491227
47,5,6,465.0,45.0,5.5,0.20003306572887905,0.799966934271121,517.5438596491227
48,5,6,475.0,45.0,5.5,0.20003369382080188,0.7999663061791982,517.5438596491227
49,5,6,485.0,45.0,5.5,0.20003440733145145,0.7999655926685485,517.5438596491227
50,5,6,495.0,45.0,5.5,0.20003497481032417,0.7999650251896758,517.5438596491227
1,6,6,5.0,55.0,5.5,0.7510057826420842,0.24899421735791583,517.5438596491227
2,6,6,15.0,55.0,5.5,0.7251379013398266,0.2748620986601734,517.5438596491227
3,6,6,25.0,55.0,5.5,0.6980119644581864,0.30198803554181364,517.5438596491227
4,6,6,35.0,55.0,5.5,0.672529960676389,0.32747003932361096,517.5438596491227
5,6,6,45.0,55.0,5.5,0.6496823806705576,0.3503176193294424,517.5438596491227
6,6,6,55.0,55.0,5.5,0.6294156963651615,0.3705843036348385,517.5438596491227
7,6,6,65.0,55.0,5.5,0.6112409187589121,0.38875908124108793,517.5438596491227
8,6,6,75.0,55.0,5.5,0.594600069642894,0.405399930357106,517.5438596491227
9,6,6,85.0,55.0,5.5,0.5790140804970317,0.42098591950296826,517.5438596491227
10,6,6,95.0,55.0,5.5,0.5641346429088011,0.4358653570911989,517.5438596491227
11,6,6,105.0,55.0,5.5,0.5497793922275659,0.4502206077724341,517.5438596491227
12,6,6,115.0,55.0,5.5,0.5356305879118795,0.46436941208812055,517.5438596491227
13,6,6,125.0,55.0,5.5,0.5213105670723694,0.47868943292763055,517.5438596491227
14,6,6,135.0,55.0,5.5,0.5062642282378781,0.4937357717621219,517.5438596491227
15,6,6,145.0,55.0,5.5,0.48975331878769823,0.5102466812123018,517.5438596491227
16,6,6,155.0,55.0,5.5,0.47050310764259856,0.5294968923574015,517.5438596491227
17,6,6,165.0,55.0,5.5,0.44612504011694665,0.5538749598830534,517.5438596491227
18,6,6,175.0,55.0,5.5,0.41238357449037044,0.5876164255096296,517.5438596491227
19,6,6,185.0,55.0,5.5,0.3613866928677246,0.6386133071322754,517.5438596491227
20,6,6,195.0,55.0,5.5,0.2885359467890063,0.7114640532109937,517.5438596491227
21,6,6,205.0,55.0,5.5,0.2226854186131348,0.7773145813868652,517.5438596491227
22,6,6,215.0,55.0,5.5,0.201154701607665,0.798845298392335,517.5438596491227
23,6,6,225.0,55.0,5.5,0.20002771860817056,0.7999722813918294,517.5438596491227
24,6,6,235.0,55.0,5.5,0.2000217327579019,0.7999782672420981,517.5438596491227
25,6,6,245.0,55.0,5.5,0.20002220655446096,0.799977793445539,517.5438596491227
26,6,6,255.0,55.0,5.5,0.20002270416995221,0.7999772958300477,517.5438596491227
27,6,6,265.0,55.0,5.5,0.20002319159725473,0.7999768084027452,517.5438596491227
28,6,6,275.0,55.0,5.5,0.20002367537436735,0.7999763246256326,517.5438596491227
29,6,6,285.0,55.0,5.5,0.2000241591143377,0.7999758408856623,517.5438596491227
30,6,6,295.0,55.0,5.5,0.20002464342192838,0.7999753565780716,517.5438596491227
31,6,6,305.0,55.0,5.5,0.20002512815911377,0.7999748718408862,517.5438596491227
32,6,6,315.0,55.0,5.5,0.20002561314656261,0.7999743868534374,517.5438596491227
33,6,6,325.0,55.0,5.5,0.20002609826575424,0.7999739017342458,517.5438596491227
34,6,6,335.0,55.0,5.5,0.20002658344756927,0.7999734165524307,517.5438596491227
35,6,6,345.0,55.0,5.5,0.20002706865386988,0.7999729313461301,517.5438596491227
36,6,6,355.0,55.0,5.5,0.20002755386661986,0.7999724461333801,517.5438596491227
37,6,6,365.0,55.0,5.5,0.2000280390849785,0.7999719609150215,517.5438596491227
38,6,6,375.0,55.0,5.5,0.200028524330057,0.799971475669943,517.5438596491227
39,6,6,385.0,55.0,5.5,0.200029009660069,0.799970990339931,517.5438596491227
40,6,6,395.0,55.0,5.5,0.20002949520195643,0.7999705047980435,517.5438596491227
41,6,6,405.0,55.0,5.5,0.20002998121224863,0.7999700187877514,517.5438596491227
42,6,6,415.0,55.0,5.5,0.20003046819027642,0.7999695318097235,517.5438596491227
43,6,6,425.0,55.0,5.5,0.20003095708526628,0.7999690429147337,517.5438596491227
44,6,6,435.0,55.0,5.5,0.2000314496666722,0.7999685503333278,517.5438596491227
45,6,6,445.0,55.0,5.5,0.20003194915821107,0.7999680508417889,517.5438596491227
46,6,6,455.0,55.0,5.5,0.20003246119850118,0.7999675388014988,517.5438596491227
47,6,6,465.0,55.0,5.5,0.2000329947104045,0.7999670052895955,517.5438596491227
48,6,6,475.0,55.0,5.5,0.2000335597348724,0.7999664402651276,517.5438596491227
49,6,6,485.0,55.0,5.5,0.2000341504637856,0.7999658495362144,517.5438596491227
50,6,6,495.0,55.0,5.5,0.2000346909076924,0.7999653090923076,517.5438596491227
1,7,6,5.0,65.0,5.5,0.7119272718008123,0.2880727281991877,517.5438596491227
2,7,6,15.0,65.0,5.5,0.6896189665279208,0.31038103347207924,517.5438596491227
3,7,6,25.0,65.0,5.5,0.666617567792054,0.33338243220794594,517.5438596491227
4,7,6,35.0,65.0,5.5,0.644927383346122,0.355072616653878,517.5438596491227
5,7,6,45.0,65.0,5.5,0.6251845220672351,0.37481547793276493,517.5438596491227
6,7,6,55.0,65.0,5.5,0.6072887223778911,0.3927112776221089,517.5438596491227
7,7,6,65.0,65.0,5.5,0.5908639222216899,0.40913607777831007,517.5438596491227
8,7,6,75.0,65.0,5.5,0.5754869642186096,0.42451303578139044,517.5438596491227
9,7,6,85.0,65.0,5.5,0.5608263190990692,0.4391736809009308,517.5438596491227
10,7,6,95.0,65.0,5.5,0.5467175920934905,0.45328240790650953,517.5438596491227
11,7,6,105.0,65.0,5.5,0.5328479446181651,0.4671520553818349,517.5438596491227
12,7,6,115.0,65.0,5.5,0.51884007275746,0.48115992724254,517.5438596491227
13,7,6,125.0,65.0,5.5,0.504159879518348,0.49584012048165205,517.5438596491227
14,7,6,135.0,65.0,5.5,0.48809812139841907,0.511901878601581,517.5438596491227
15,7,6,145.0,65.0,5.5,0.46942354547718557,0.5305764545228144,517.5438596491227
16,7,6,155.0,65.0,5.5,0.44589500343901595,0.5541049965609841,517.5438596491227
17,7,6,165.0,65.0,5.5,0.41359052290376175,0.5864094770962383,517.5438596491227
18,7,6,175.0,65.0,5.5,0.3651474166077462,0.6348525833922538,517.5438596491227
19,7,6,185.0,65.0,5.5,0.29548178267748654,0.7045182173225135,517.5438596491227
20,7,6,195.0,65.0,5.5,0.22837626475906092,0.7716237352409391,517.5438596491227
21,7,6,205.0,65.0,5.5,0.20215036415619253,0.7978496358438074,517.5438596491227
22,7,6,215.0,65.0,5.5,0.20003510811538017,0.7999648918846198,517.5438596491227
23,7,6,225.0,65.0,5.5,0.20002126535932693,0.799978734640673,517.5438596491227
24,7,6,235.0,65.0,5.5,0.20002169777423004,0.7999783022257699,517.5438596491227
25,7,6,245.0,65.0,5.5,0.2000222039859842,0.7999777960140158,517.5438596491227
26,7,6,255.0,65.0,5.5,0.2000226992735374,0.7999773007264626,517.5438596491227
27,7,6,265.0,65.0,5.5,0.20002318713379624,0.7999768128662037,517.5438596491227
28,7,6,275.0,65.0,5.5,0.20002367243842922,0.7999763275615708,517.5438596491227
29,7,6,285.0,65.0,5.5,0.2000241573056504,0.7999758426943496,517.5438596491227
30,7,6,295.0,65.0,5.5,0.20002464224254182,0.7999753577574582,517.5438596491227
31,7,6,305.0,65.0,5.5,0.20002512728648889,0.7999748727135111,517.5438596491227
32,7,6,315.0,65.0,5.5,0.2000256123847679,0.7999743876152321,517.5438596491227
33,7,6,325.0,65.0,5.5,0.20002609748246175,0.7999739025175383,517.5438596491227
34,7,6,335.0,65.0,5.5,0.20002658253429478,0.7999734174657052,517.5438596491227
35,7,6,345.0,65.0,5.5,0.20002706750069124,0.7999729324993088,517.5438596491227
36,7,6,355.0,65.0,5.5,0.20002755234263972,0.7999724476573603,517.5438596491227
37,7,6,365.0,65.0,5.5,0.2000280370180548,0.7999719629819452,517.5438596491227
38,7,6,375.0,65.0,5.5,0.2000285214808664,0.7999714785191336,517.5438596491227
39,7,6,385.0,65.0,5.5,0.20002900568378465,0.7999709943162153,517.5438596491227
40,7,6,395.0,65.0,5.5,0.200029489587585,0.799970510412415,517.5438596491227
41,7,6,405.0,65.0,5.5,0.20002997318147628,0.7999700268185237,517.5438596491227
42,7,6,415.0,65.0,5.5,0.20003045652170456,0.7999695434782954,517.5438596491227
43,7,6,425.0,65.0,5.5,0.2000309397957457,0.7999690602042543,517.5438596491227
44,7,6,435.0,65.0,5.5,0.20003142340858424,0.7999685765914157,517.5438596491227
45,7,6,445.0,65.0,5.5,0.20003190803305668,0.7999680919669433,517.5438596491227
46,7,6,455.0,65.0,5.5,0.2000323943717547,0.7999676056282453,517.5438596491227
47,7,6,465.0,65.0,5.5,0.20003288178434686,0.7999671182156531,517.5438596491227
48,7,6,475.0,65.0,5.5,0.20003336344665498,0.799966636553345,517.5438596491227
49,7,6,485.0,65.0,5.5,0.2000338131002779,0.7999661868997221,517.5438596491227
50,7,6,495.0,65.0,5.5,0.20003415601036756,0.7999658439896324,517.5438596491227
1,8,6,5.0,75.0,5.5,0.6655918671998171,0.3344081328001829,517.5438596491227
2,8,6,15.0,75.0,5.5,0.6479779269248782,0.3520220730751218,517.5438596491227
3,8,6,25.0,75.0,5.5,0.6295050229483331,0.3704949770516669,517.5438596491227
4,8,6,35.0,75.0,5.5,0.6117086176962414,0.3882913823037586,517.5438596491227
5,8,6,45.0,75.0,5.5,0.5950351368286456,0.4049648631713544,517.5438596491227
6,8,6,55.0,75.0,5.5,0.5794211360092107,0.42057886399078925,517.5438596491227
7,8,6,65.0,75.0,5.5,0.5645874097837129,0.4354125902162871,517.5438596491227
8,8,6,75.0,75.0,5.5,0.550435069685322,0.44956493031467804,517.5438596491227
9,8,6,85.0,75.0,5.5,0.5367116623637834,0.4632883376362166,517.5438596491227
10,8,6,95.0,75.0,5.5,0.523120709250907,0.47687929074909297,517.5438596491227
11,8,6,105.0,75.0,5.5,0.5091991119393574,0.4908008880606426,517.5438596491227
12,8,6,115.0,75.0,5.5,0.49438232995076475,0.5056176700492352,517.5438596491227
13,8,6,125.0,75.0,5.5,0.4778448027982348,0.5221551972017652,517.5438596491227
14,8,6,135.0,75.0,5.5,0.4579631277569102,0.5420368722430897,517.5438596491227
15,8,6,145.0,75.0,5.5,0.4321643846401774,0.5678356153598225,517.5438596491227
16,8,6,155.0,75.0,5.5,0.3955999187857406,0.6044000812142594,517.5438596491227
17,8,6,165.0,75.0,5.5,0.3405822214707301,0.6594177785292699,517.5438596491227
18,8,6,175.0,75.0,5.5,0.2697707880966689,0.7302292119033311,517.5438596491227
19,8,6,185.0,75.0,5.5,0.21606146804209186,0.7839385319579082,517.5438596491227
20,8,6,195.0,75.0,5.5,0.20084157293960678,0.7991584270603932,517.5438596491227
21,8,6,205.0,75.0,5.5,0.2000252629550024,0.7999747370449977,517.5438596491227
22,8,6,215.0,75.0,5.5,0.20002069879488876,0.7999793012051113,517.5438596491227
23,8,6,225.0,75.0,5.5,0.2000211859665451,0.7999788140334549,517.5438596491227
24,8,6,235.0,75.0,5.5,0.20002169711917675,0.7999783028808233,517.5438596491227
25,8,6,245.0,75.0,5.5,0.20002219907068636,0.7999778009293137,517.5438596491227
26,8,6,255.0,75.0,5.5,0.20002269292563143,0.7999773070743685,517.5438596491227
27,8,6,265.0,75.0,5.5,0.20002318211015407,0.7999768178898459,517.5438596491227
28,8,6,275.0,75.0,5.5,0.20002366914099148,0.7999763308590085,517.5438596491227
29,8,6,285.0,75.0,5.5,0.20002415524157285,0.7999758447584271,517.5438596491227
30,8,6,295.0,75.0,5.5,0.20002464091319375,0.7999753590868063,517.5438596491227
31,8,6,305.0,75.0,5.5,0.20002512635022346,0.7999748736497765,517.5438596491227
32,8,6,315.0,75.0,5.5,0.20002561162272198,0.7999743883772781,517.5438596491227
33,8,6,325.0,75.0,5.5,0.20002609674655983,0.7999739032534402,517.5438596491227
34,8,6,335.0,75.0,5.5,0.20002658170860593,0.799973418291394,517.5438596491227
35,8,6,345.0,75.0,5.5,0.20002706647426097,0.7999729335257391,517.5438596491227
36,8,6,355.0,75.0,5.5,0.20002755098728262,0.7999724490127174,517.5438596491227
37,8,6,365.0,75.0,5.5,0.20002803516537826,0.7999719648346217,517.5438596491227
38,8,6,375.0,75.0,5.5,0.20002851889219952,0.7999714811078005,517.5438596491227
39,8,6,385.0,75.0,5.5,0.20002900200512377,0.7999709979948763,517.5438596491227
40,8,6,395.0,75.0,5.5,0.20002948427686532,0.7999705157231347,517.5438596491227
41,8,6,405.0,75.0,5.5,0.20002996538693926,0.7999700346130607,517.5438596491227
42,8,6,415.0,75.0,5.5,0.20003044487401025,0.7999695551259898,517.5438596491227
43,8,6,425.0,75.0,5.5,0.20003092204895806,0.799969077951042,517.5438596491227
44,8,6,435.0,75.0,5.5,0.20003139581963122,0.7999686041803687,517.5438596491227
45,8,6,445.0,75.0,5.5,0.20003186430828387,0.7999681356917161,517.5438596491227
46,8,6,455.0,75.0,5.5,0.20003232397899476,0.7999676760210053,517.5438596491227
47,8,6,465.0,75.0,5.5,0.20003276765370173,0.7999672323462983,517.5438596491227
48,8,6,475.0,75.0,5.5,0.20003318025421948,0.7999668197457805,517.5438596491227
49,8,6,485.0,75.0,5.5,0.20003353076742902,0.799966469232571,517.5438596491227
50,8,6,495.0,75.0,5.5,0.2000337606429697,0.7999662393570303,517.5438596491227
1,9,6,5.0,85.0,5.5,0.6090213188614145,0.39097868113858547,517.5438596491227
2,9,6,15.0,85.0,5.5,0.5959870934184703,0.40401290658152966,517.5438596491227
3,9,6,25.0,85.0,5.5,0.5817480710517642,0.4182519289482358,517.5438596491227
4,9,6,35.0,85.0,5.5,0.5673819970095375,0.4326180029904625,517.5438596491227
5,9,6,45.0,85.0,5.5,0.5531813729737127,0.4468186270262873,517.5438596491227
6,9,6,55.0,85.0,5.5,0.5394125579841169,0.4605874420158831,517.5438596491227
7,9,6,65.0,85.0,5.5,0.525982337943589,0.47401766205641105,517.5438596491227
8,9,6,75.0,85.0,5.5,0.5126184786631358,0.4873815213368642,517.5438596491227
9,9,6,85.0,85.0,5.5,0.4988728146489197,0.5011271853510804,517.5438596491227
10,9,6,95.0,85.0,5.5,0.4841766611968968,0.5158233388031033,517.5438596491227
11,9,6,105.0,85.0,5.5,0.46752172977019785,0.5324782702298021,517.5438596491227
12,9,6,115.0,85.0,5.5,0.44721063493205565,0.5527893650679443,517.5438596491227
13,9,6,125.0,85.0,5.5,0.4205470239275233,0.5794529760724767,517.5438596491227
14,9,6,135.0,85.0,5.5,0.3823758483672459,0.6176241516327541,517.5438596491227
15,9,6,145.0,85.0,5.5,0.3270218862373073,0.6729781137626927,517.5438596491227
16,9,6,155.0,85.0,5.5,0.2616936938283776,0.7383063061716224,517.5438596491227
17,9,6,165.0,85.0,5.5,0.2153841505483973,0.7846158494516027,517.5438596491227
18,9,6,175.0,85.0,5.5,0.2012214814261625,0.7987785185738375,517.5438596491227
19,9,6,185.0,85.0,5.5,0.2000387334120926,0.7999612665879074,517.5438596491227
20,9,6,195.0,85.0,5.5,0.20001988057559497,0.7999801194244051,517.5438596491227
21,9,6,205.0,85.0,5.5,0.20002016023692798,0.799979839763072,517.5438596491227
22,9,6,215.0,85.0,5.5,0.20002067486475808,0.799979325135242,517.5438596491227
23,9,6,225.0,85.0,5.5,0.20002118767090393,0.7999788123290961,517.5438596491227
24,9,6,235.0,85.0,5.5,0.2000216938027267,0.7999783061972733,517.5438596491227
25,9,6,245.0,85.0,5.5,0.20002219328526644,0.7999778067147336,517.5438596491227
26,9,6,255.0,85.0,5.5,0.20002268748178934,0.7999773125182107,517.5438596491227
27,9,6,265.0,85.0,5.5,0.200023178080985,0.799976821919015,517.5438596491227
28,9,6,275.0,85.0,5.5,0.20002366646310019,0.7999763335368998,517.5438596491227
29,9,6,285.0,85.0,5.5,0.20002415352588707,0.7999758464741129,517.5438596491227
30,9,6,295.0,85.0,5.5,0.2000246397978646,0.7999753602021353,517.5438596491227
31,9,6,305.0,85.0,5.5,0.2000251255741552,0.7999748744258448,517.5438596491227
32,9,6,315.0,85.0,5.5,0.20002561100973787,0.7999743889902622,517.5438596491227
33,9,6,325.0,85.0,5.5,0.20002609617428366,0.7999739038257163,517.5438596491227
34,9,6,335.0,85.0,5.5,0.20002658108158694,0.7999734189184131,517.5438596491227
35,9,6,345.0,85.0,5.5,0.20002706570275844,0.7999729342972416,517.5438596491227
36,9,6,355.0,85.0,5.5,0.20002754996894798,0.799972450031052,517.5438596491227
37,9,6,365.0,85.0,5.5,0.20002803376556647,0.7999719662344336,517.5438596491227
38,9,6,375.0,85.0,5.5,0.20002851691795356,0.7999714830820465,517.5438596491227
39,9,6,385.0,85.0,5.5,0.20002899916583486,0.7999710008341652,517.5438596491227
40,9,6,395.0,85.0,5.5,0.20002948012086813,0.7999705198791318,517.5438596491227
41,9,6,405.0,85.0,5.5,0.20002995919642227,0.7999700408035777,517.5438596491227
42,9,6,415.0,85.0,5.5,0.20003043549011745,0.7999695645098825,517.5438596491227
43,9,6,425.0,85.0,5.5,0.2000309075838502,0.7999690924161498,517.5438596491227
44,9,6,435.0,85.0,5.5,0.20003137319711656,0.7999686268028834,517.5438596491227
45,9,6,445.0,85.0,5.5,0.20003182857835836,0.7999681714216417,517.5438596491227
46,9,6,455.0,85.0,5.5,0.2000322674336556,0.7999677325663443,517.5438596491227
47,9,6,465.0,85.0,5.5,0.20003267908081054,0.7999673209191894,517.5438596491227
48,9,6,475.0,85.0,5.5,0.2000330454891569,0.7999669545108431,517.5438596491227
49,9,6,485.0,85.0,5.5,0.20003333739271603,0.799966662607284,517.5438596491227
50,9,6,495.0,85.0,5.5,0.20003351218684992,0.79996648781315,517.5438596491227
1,10,6,5.0,95.0,5.5,0.5178920310477566,0.4821079689522434,517.5438596491227
2,10,6,15.0,95.0,5.5,0.507933125901161,0.492066874098839,517.5438596491227
3,10,6,25.0,95.0,5.5,0.49597623393191226,0.5040237660680877,517.5438596491227
4,10,6,35.0,95.0,5.5,0.4830923085022814,0.5169076914977186,517.5438596491227
5,10,6,45.0,95.0,5.5,0.4695875476017693,0.5304124523982308,517.5438596491227
6,10,6,55.0,95.0,5.5,0.4551867944774417,0.5448132055225583,517.5438596491227
7,10,6,65.0,95.0,5.5,0.4391433482630596,0.5608566517369404,517.5438596491227
8,10,6,75.0,95.0,5.5,0.4199913395690377,0.5800086604309622,517.5438596491227
9,10,6,85.0,95.0,5.5,0.39526678491072703,0.604733215089273,517.5438596491227
10,10,6,95.0,95.0,5.5,0.3609288622596208,0.6390711377403793,517.5438596491227
11,10,6,105.0,95.0,5.5,0.3140918069745018,0.6859081930254982,517.5438596491227
12,10,6,115.0,95.0,5.5,0.2619618050231227,0.7380381949768773,517.5438596491227
13,10,6,125.0,95.0,5.5,0.22310290369466265,0.7768970963053373,517.5438596491227
14,10,6,135.0,95.0,5.5,0.20594110386946435,0.7940588961305357,517.5438596491227
15,10,6,145.0,95.0,5.5,0.2011989689862048,0.7988010310137952,517.5438596491227
16,10,6,155.0,95.0,5.5,0.20015622453468102,0.7998437754653189,517.5438596491227
17,10,6,165.0,95.0,5.5,0.20002449840400935,0.7999755015959906,517.5438596491227
18,10,6,175.0,95.0,5.5,0.20001880922288856,0.7999811907771115,517.5438596491227
19,10,6,185.0,95.0,5.5,0.20001913865888776,0.7999808613411122,517.5438596491227
20,10,6,195.0,95.0,5.5,0.2000196495187773,0.7999803504812227,517.5438596491227
21,10,6,205.0,95.0,5.5,0.20002016419574706,0.7999798358042529,517.5438596491227
22,10,6,215.0,95.0,5.5,0.2000206767055064,0.7999793232944936,517.5438596491227
23,10,6,225.0,95.0,5.5,0.20002118606741037,0.7999788139325896,517.5438596491227
24,10,6,235.0,95.0,5.5,0.20002169053037858,0.7999783094696215,517.5438596491227
25,10,6,245.0,95.0,5.5,0.2000221897432102,0.7999778102567898,517.5438596491227
26,10,6,255.0,95.0,5.5,0.20002268449803895,0.799977315501961,517.5438596491227
27,10,6,265.0,95.0,5.5,0.20002317590246269,0.7999768240975373,517.5438596491227
28,10,6,275.0,95.0,5.5,0.20002366499370436,0.7999763350062956,517.5438596491227
29,10,6,285.0,95.0,5.5,0.20002415256819484,0.7999758474318052,517.5438596491227
30,10,6,295.0,95.0,5.5,0.20002463916922597,0.799975360830774,517.5438596491227
31,10,6,305.0,95.0,5.5,0.20002512513742998,0.79997487486257,517.5438596491227
32,10,6,315.0,95.0,5.5,0.20002561066894523,0.7999743893310548,517.5438596491227
33,10,6,325.0,95.0,5.5,0.20002609586133263,0.7999739041386673,517.5438596491227
34,10,6,335.0,95.0,5.5,0.2000265807429981,0.7999734192570019,517.5438596491227
35,10,6,345.0,95.0,5.5,0.2000270652885296,0.7999729347114704,517.5438596491227
36,10,6,355.0,95.0,5.5,0.2000275494222504,0.7999724505777496,517.5438596491227
37,10,6,365.0,95.0,5.5,0.20002803301153096,0.7999719669884691,517.5438596491227
38,10,6,375.0,95.0,5.5,0.20002851584862433,0.7999714841513756,517.5438596491227
39,10,6,385.0,95.0,5.5,0.20002899761740953,0.7999710023825904,517.5438596491227
40,10,6,395.0,95.0,5.5,0.20002947783697628,0.7999705221630238,517.5438596491227
41,10,6,405.0,95.0,5.5,0.2000299557678864,0.7999700442321136,517.5438596491227
42,10,6,415.0,95.0,5.5,0.2000304302562544,0.7999695697437457,517.5438596491227
43,10,6,425.0,95.0,5.5,0.20003089947470132,0.7999691005252987,517.5438596491227
44,10,6,435.0,95.0,5.5,0.20003136049348708,0.7999686395065129,517.5438596491227
45,10,6,445.0,95.0,5.5,0.20003180858199462,0.7999681914180053,517.5438596491227
46,10,6,455.0,95.0,5.5,0.20003223610635842,0.7999677638936415,517.5438596491227
47,10,6,465.0,95.0,5.5,0.20003263090036838,0.7999673690996316,517.5438596491227
48,10,6,475.0,95.0,5.5,0.20003297417873597,0.799967025821264,517.5438596491227
49,10,6,485.0,95.0,5.5,0.20003323881031007,0.7999667611896899,517.5438596491227
50,10,6,495.0,95.0,5.5,0.20003339075608012,0.7999666092439199,517.5438596491227
1,1,7,5.0,5.0,6.5,0.5829649850741931,0.41703501492580686,587.719298245614
2,1,7,15.0,5.0,6.5,0.5709142445272393,0.42908575547276073,587.719298245614
3,1,7,25.0,5.0,6.5,0.5577500520118681,0.4422499479881319,587.719298245614
4,1,7,35.0,5.0,6.5,0.5445651713885925,0.4554348286114075,587.719298245614
5,1,7,45.0,5.0,6.5,0.5316415900439967,0.4683584099560033,587.719298245614
6,1,7,55.0,5.0,6.5,0.5191246380347784,0.4808753619652216,587.719298245614
7,1,7,65.0,5.0,6.5,0.5070274331896831,0.49297256681031687,587.719298245614
8,1,7,75.0,5.0,6.5,0.4951447093353244,0.5048552906646756,587.719298245614
9,1,7,85.0,5.0,6.5,0.48312369745585393,0.5168763025441461,587.719298245614
10,1,7,95.0,5.0,6.5,0.4704430388281547,0.5295569611718454,587.719298245614
11,1,7,105.0,5.0,6.5,0.4563554877533661,0.5436445122466339,587.719298245614
12,1,7,115.0,5.0,6.5,0.43946847703313274,0.5605315229668673,587.719298245614
13,1,7,125.0,5.0,6.5,0.4176089896524895,0.5823910103475105,587.719298245614
14,1,7,135.0,5.0,6.5,0.3870231823982984,0.6129768176017016,587.719298245614
15,1,7,145.0,5.0,6.5,0.3420446035583243,0.6579553964416758,587.719298245614
16,1,7,155.0,5.0,6.5,0.28291979441943366,0.7170802055805663,587.719298245614
17,1,7,165.0,5.0,6.5,0.2295598168114503,0.7704401831885497,587.719298245614
18,1,7,175.0,5.0,6.5,0.20492043799983026,0.7950795620001697,587.719298245614
19,1,7,185.0,5.0,6.5,0.20040309673017687,0.7995969032698231,587.719298245614
20,1,7,195.0,5.0,6.5,0.20003405750999068,0.7999659424900093,587.719298245614
21,1,7,205.0,5.0,6.5,0.20002015164881887,0.7999798483511811,587.719298245614
22,1,7,215.0,5.0,6.5,0.200020462554993,0.7999795374450069,587.719298245614
23,1,7,225.0,5.0,6.5,0.2000209751690467,0.7999790248309533,587.719298245614
24,1,7,235.0,5.0,6.5,0.2000214829000104,0.7999785170999896,587.719298245614
25,1,7,245.0,5.0,6.5,0.20002198380404526,0.7999780161959548,587.719298245614
26,1,7,255.0,5.0,6.5,0.2000224787896936,0.7999775212103064,587.719298245614
27,1,7,265.0,5.0,6.5,0.20002296972152095,0.799977030278479,587.719298245614
28,1,7,275.0,5.0,6.5,0.20002345817005945,0.7999765418299405,587.719298245614
29,1,7,285.0,5.0,6.5,0.2000239452070589,0.7999760547929411,587.719298245614
30,1,7,295.0,5.0,6.5,0.20002443149742755,0.7999755685025725,587.719298245614
31,1,7,305.0,5.0,6.5,0.2000249174352462,0.7999750825647538,587.719298245614
32,1,7,315.0,5.0,6.5,0.20002540325251428,0.7999745967474857,587.719298245614
33,1,7,325.0,5.0,6.5,0.20002588909236446,0.7999741109076355,587.719298245614
34,1,7,335.0,5.0,6.5,0.20002637505448095,0.799973624945519,587.719298245614
35,1,7,345.0,5.0,6.5,0.200026861222725,0.799973138777275,587.719298245614
36,1,7,355.0,5.0,6.5,0.20002734768194536,0.7999726523180546,587.719298245614
37,1,7,365.0,5.0,6.5,0.20002783452785106,0.799972165472149,587.719298245614
38,1,7,375.0,5.0,6.5,0.20002832187147243,0.7999716781285275,587.719298245614
39,1,7,385.0,5.0,6.5,0.20002880983641216,0.7999711901635879,587.719298245614
40,1,7,395.0,5.0,6.5,0.2000292985433847,0.7999707014566153,587.719298245614
41,1,7,405.0,5.0,6.5,0.20002978806956043,0.7999702119304396,587.719298245614
42,1,7,415.0,5.0,6.5,0.2000302783580744,0.7999697216419256,587.719298245614
43,1,7,425.0,5.0,6.5,0.20003076903065314,0.7999692309693469,587.719298245614
44,1,7,435.0,5.0,6.5,0.200031259016996,0.799968740983004,587.719298245614
45,1,7,445.0,5.0,6.5,0.20003174583817196,0.799968254161828,587.719298245614
46,1,7,455.0,5.0,6.5,0.20003222426445388,0.7999677757355461,587.719298245614
47,1,7,465.0,5.0,6.5,0.20003268388157175,0.7999673161184282,587.719298245614
48,1,7,475.0,5.0,6.5,0.20003310491855533,0.7999668950814447,587.719298245614
49,1,7,485.0,5.0,6.5,0.20003345199495445,0.7999665480050455,587.719298245614
50,1,7,495.0,5.0,6.5,0.20003366854662546,0.7999663314533745,587.719298245614
1,2,7,5.0,15.0,6.5,0.6631016198357748,0.33689838016422524,587.719298245614
2,2,7,15.0,15.0,6.5,0.6462906675155552,0.3537093324844448,587.719298245614
3,2,7,25.0,15.0,6.5,0.6288171675411469,0.3711828324588531,587.719298245614
4,2,7,35.0,15.0,6.5,0.6121407618352696,0.38785923816473045,587.719298245614
5,2,7,45.0,15.0,6.5,0.5966747884899396,0.4033252115100604,587.719298245614
6,2,7,55.0,15.0,6.5,0.5823699750592534,0.41763002494074664,587.719298245614
7,2,7,65.0,15.0,6.5,0.5689537879244164,0.4310462120755836,587.719298245614
8,2,7,75.0,15.0,6.5,0.5563136689097257,0.44368633109027433,587.719298245614
9,2,7,85.0,15.0,6.5,0.5442282419199835,0.45577175808001646,587.719298245614
10,2,7,95.0,15.0,6.5,0.5324236027455206,0.4675763972544794,587.719298245614
11,2,7,105.0,15.0,6.5,0.5206268961383049,0.47937310386169507,587.719298245614
12,2,7,115.0,15.0,6.5,0.5084780455188441,0.4915219544811559,587.719298245614
13,2,7,125.0,15.0,6.5,0.495436251178417,0.5045637488215831,587.719298245614
14,2,7,135.0,15.0,6.5,0.4807941617123233,0.5192058382876767,587.719298245614
15,2,7,145.0,15.0,6.5,0.46324970442917823,0.5367502955708218,587.719298245614
16,2,7,155.0,15.0,6.5,0.4404354821278293,0.5595645178721707,587.719298245614
17,2,7,165.0,15.0,6.5,0.4082072087501954,0.5917927912498047,587.719298245614
18,2,7,175.0,15.0,6.5,0.3587936264732242,0.6412063735267758,587.719298245614
19,2,7,185.0,15.0,6.5,0.2878918307855458,0.7121081692144542,587.719298245614
20,2,7,195.0,15.0,6.5,0.22296364918955525,0.7770363508104448,587.719298245614
21,2,7,205.0,15.0,6.5,0.2011263895776255,0.7988736104223745,587.719298245614
22,2,7,215.0,15.0,6.5,0.2000282080402326,0.7999717919597674,587.719298245614
23,2,7,225.0,15.0,6.5,0.20002102699763072,0.7999789730023693,587.719298245614
24,2,7,235.0,15.0,6.5,0.20002148762224736,0.7999785123777526,587.719298245614
25,2,7,245.0,15.0,6.5,0.2000219889370987,0.7999780110629013,587.719298245614
26,2,7,255.0,15.0,6.5,0.20002248282454285,0.7999775171754572,587.719298245614
27,2,7,265.0,15.0,6.5,0.20002297233627062,0.7999770276637294,587.719298245614
28,2,7,275.0,15.0,6.5,0.20002345968068472,0.7999765403193153,587.719298245614
29,2,7,285.0,15.0,6.5,0.2000239460072648,0.7999760539927352,587.719298245614
30,2,7,295.0,15.0,6.5,0.20002443187589922,0.7999755681241008,587.719298245614
31,2,7,305.0,15.0,6.5,0.20002491756822113,0.7999750824317788,587.719298245614
32,2,7,315.0,15.0,6.5,0.20002540323650767,0.7999745967634924,587.719298245614
33,2,7,325.0,15.0,6.5,0.20002588897423654,0.7999741110257634,587.719298245614
34,2,7,335.0,15.0,6.5,0.20002637485142705,0.799973625148573,587.719298245614
35,2,7,345.0,15.0,6.5,0.2000268609343479,0.7999731390656522,587.719298245614
36,2,7,355.0,15.0,6.5,0.20002734729750046,0.7999726527024995,587.719298245614
37,2,7,365.0,15.0,6.5,0.20002783403202884,0.7999721659679712,587.719298245614
38,2,7,375.0,15.0,6.5,0.20002832125158754,0.7999716787484125,587.719298245614
39,2,7,385.0,15.0,6.5,0.20002880909529036,0.7999711909047096,587.719298245614
40,2,7,395.0,15.0,6.5,0.20002929772461953,0.7999707022753805,587.719298245614
41,2,7,405.0,15.0,6.5,0.2000297873075359,0.7999702126924642,587.719298245614
42,2,7,415.0,15.0,6.5,0.20003027797473968,0.7999697220252603,587.719298245614
43,2,7,425.0,15.0,6.5,0.20003076971669131,0.7999692302833087,587.719298245614
44,2,7,435.0,15.0,6.5,0.20003126216187903,0.799968737838121,587.719298245614
45,2,7,445.0,15.0,6.5,0.20003175410001825,0.7999682458999817,587.719298245614
46,2,7,455.0,15.0,6.5,0.20003224245095655,0.7999677575490435,587.719298245614
47,2,7,465.0,15.0,6.5,0.20003272004182396,0.7999672799581761,587.719298245614
48,2,7,475.0,15.0,6.5,0.20003317088729447,0.7999668291127056,587.719298245614
49,2,7,485.0,15.0,6.5,0.20003356089295304,0.7999664391070469,587.719298245614
50,2,7,495.0,15.0,6.5,0.20003382306502288,0.7999661769349771,587.719298245614
1,3,7,5.0,25.0,6.5,0.7146464543782738,0.2853535456217262,587.719298245614
2,3,7,15.0,25.0,6.5,0.6931540098160431,0.30684599018395686,587.719298245614
3,3,7,25.0,25.0,6.5,0.6711981545696797,0.3288018454303203,587.719298245614
4,3,7,35.0,25.0,6.5,0.6506813079612904,0.3493186920387096,587.719298245614
5,3,7,45.0,25.0,6.5,0.6321233199374297,0.36787668006257035,587.719298245614
6,3,7,55.0,25.0,6.5,0.6154024410797748,0.3845975589202252,587.719298245614
7,3,7,65.0,25.0,6.5,0.6001854073932048,0.3998145926067952,587.719298245614
8,3,7,75.0,25.0,6.5,0.5861011974048727,0.41389880259512735,587.719298245614
9,3,7,85.0,25.0,6.5,0.5728094267750994,0.4271905732249006,587.719298245614
10,3,7,95.0,25.0,6.5,0.5601370229604415,0.43986297703955846,587.719298245614
11,3,7,105.0,25.0,6.5,0.5478525471512428,0.45214745284875724,587.719298245614
12,3,7,115.0,25.0,6.5,0.5356791034421016,0.46432089655789843,587.719298245614
13,3,7,125.0,25.0,6.5,0.5233126276643056,0.47668737233569436,587.719298245614
14,3,7,135.0,25.0,6.5,0.5103778604826856,0.48962213951731437,587.719298245614
15,3,7,145.0,25.0,6.5,0.4962546076137719,0.5037453923862281,587.719298245614
16,3,7,155.0,25.0,6.5,0.48002665444067255,0.5199733455593274,587.719298245614
17,3,7,165.0,25.0,6.5,0.460068142267702,0.539931857732298,587.719298245614
18,3,7,175.0,25.0,6.5,0.43317427534778497,0.566825724652215,587.719298245614
19,3,7,185.0,25.0,6.5,0.39343560893612234,0.6065643910638776,587.719298245614
20,3,7,195.0,25.0,6.5,0.33119203012606424,0.6688079698739358,587.719298245614
21,3,7,205.0,25.0,6.5,0.25202752574430415,0.7479724742556959,587.719298245614
22,3,7,215.0,25.0,6.5,0.20575245188563276,0.7942475481143673,587.719298245614
23,3,7,225.0,25.0,6.5,0.20006139410046953,0.7999386058995305,587.719298245614
24,3,7,235.0,25.0,6.5,0.20002176281124132,0.7999782371887587,587.719298245614
25,3,7,245.0,25.0,6.5,0.20002199721774258,0.7999780027822574,587.719298245614
26,3,7,255.0,25.0,6.5,0.20002248968907452,0.7999775103109255,587.719298245614
27,3,7,265.0,25.0,6.5,0.20002297698234645,0.7999770230176535,587.719298245614
28,3,7,275.0,25.0,6.5,0.20002346229233706,0.799976537707663,587.719298245614
29,3,7,285.0,25.0,6.5,0.20002394732945875,0.7999760526705413,587.719298245614
30,3,7,295.0,25.0,6.5,0.20002443246312634,0.7999755675368736,587.719298245614
31,3,7,305.0,25.0,6.5,0.20002491774035638,0.7999750822596436,587.719298245614
32,3,7,315.0,25.0,6.5,0.20002540315861575,0.7999745968413843,587.719298245614
33,3,7,325.0,25.0,6.5,0.20002588872105376,0.7999741112789462,587.719298245614
34,3,7,335.0,25.0,6.5,0.20002637444584748,0.7999736255541525,587.719298245614
35,3,7,345.0,25.0,6.5,0.20002686036836204,0.799973139631638,587.719298245614
36,3,7,355.0,25.0,6.5,0.20002734654399362,0.7999726534560063,587.719298245614
37,3,7,365.0,25.0,6.5,0.20002783305314648,0.7999721669468536,587.719298245614
38,3,7,375.0,25.0,6.5,0.20002832000911813,0.7999716799908818,587.719298245614
39,3,7,385.0,25.0,6.5,0.20002880756947156,0.7999711924305284,587.719298245614
40,3,7,395.0,25.0,6.5,0.20002929595239857,0.7999707040476014,587.719298245614
41,3,7,405.0,25.0,6.5,0.2000297854600475,0.7999702145399525,587.719298245614
42,3,7,415.0,25.0,6.5,0.20003027651159902,0.799969723488401,587.719298245614
43,3,7,425.0,25.0,6.5,0.20003076968769118,0.7999692303123088,587.719298245614
44,3,7,435.0,25.0,6.5,0.2000312657670239,0.7999687342329761,587.719298245614
45,3,7,445.0,25.0,6.5,0.20003176571799763,0.7999682342820024,587.719298245614
46,3,7,455.0,25.0,6.5,0.20003227040850982,0.7999677295914902,587.719298245614
47,3,7,465.0,25.0,6.5,0.2000327792086433,0.7999672207913567,587.719298245614
48,3,7,475.0,25.0,6.5,0.20003328517329358,0.7999667148267064,587.719298245614
49,3,7,485.0,25.0,6.5,0.20003376150605573,0.7999662384939443,587.719298245614
50,3,7,495.0,25.0,6.5,0.2000341306517564,0.7999658693482437,587.719298245614
1,4,7,5.0,35.0,6.5,0.7542785247789602,0.24572147522103982,587.719298245614
2,4,7,15.0,35.0,6.5,0.7296388396694788,0.27036116033052116,587.719298245614
3,4,7,25.0,35.0,6.5,0.7038249224375058,0.29617507756249417,587.719298245614
4,4,7,35.0,35.0,6.5,0.6796901191839696,0.3203098808160304,587.719298245614
5,4,7,45.0,35.0,6.5,0.6581329083076477,0.3418670916923523,587.719298245614
6,4,7,55.0,35.0,6.5,0.6390580957481173,0.36094190425188266,587.719298245614
7,4,7,65.0,35.0,6.5,0.6220515584745284,0.3779484415254716,587.719298245614
8,4,7,75.0,35.0,6.5,0.6065858081764741,0.3934141918235259,587.719298245614
9,4,7,85.0,35.0,6.5,0.5922416495328006,0.40775835046719944,587.719298245614
10,4,7,95.0,35.0,6.5,0.5786544599779737,0.4213455400220263,587.719298245614
11,4,7,105.0,35.0,6.5,0.5656624450928721,0.4343375549071279,587.719298245614
12,4,7,115.0,35.0,6.5,0.5530511769160547,0.44694882308394535,587.719298245614
13,4,7,125.0,35.0,6.5,0.5405525374128772,0.45944746258712277,587.719298245614
14,4,7,135.0,35.0,6.5,0.5278567520968671,0.4721432479031329,587.719298245614
15,4,7,145.0,35.0,6.5,0.514575941722019,0.48542405827798096,587.719298245614
16,4,7,155.0,35.0,6.5,0.5001096159386299,0.4998903840613701,587.719298245614
17,4,7,165.0,35.0,6.5,0.48350789832533203,0.516492101674668,587.719298245614
18,4,7,175.0,35.0,6.5,0.463125279712669,0.536874720287331,587.719298245614
19,4,7,185.0,35.0,6.5,0.4356969260767838,0.5643030739232162,587.719298245614
20,4,7,195.0,35.0,6.5,0.3949785029256054,0.6050214970743946,587.719298245614
21,4,7,205.0,35.0,6.5,0.3307519855954557,0.6692480144045443,587.719298245614
22,4,7,215.0,35.0,6.5,0.24919652557453997,0.75080347442546,587.719298245614
23,4,7,225.0,35.0,6.5,0.2045466838386138,0.7954533161613861,587.719298245614
24,4,7,235.0,35.0,6.5,0.20005227498275116,0.7999477250172489,587.719298245614
25,4,7,245.0,35.0,6.5,0.2000222009230412,0.7999777990769588,587.719298245614
26,4,7,255.0,35.0,6.5,0.20002249747884585,0.7999775025211542,587.719298245614
27,4,7,265.0,35.0,6.5,0.20002298213112146,0.7999770178688785,587.719298245614
28,4,7,275.0,35.0,6.5,0.20002346508231383,0.7999765349176862,587.719298245614
29,4,7,285.0,35.0,6.5,0.20002394861805958,0.7999760513819404,587.719298245614
30,4,7,295.0,35.0,6.5,0.20002443294807148,0.7999755670519285,587.719298245614
31,4,7,305.0,35.0,6.5,0.20002491779091863,0.7999750822090814,587.719298245614
32,4,7,315.0,35.0,6.5,0.20002540294564375,0.7999745970543563,587.719298245614
33,4,7,325.0,35.0,6.5,0.20002588831046297,0.799974111689537,587.719298245614
34,4,7,335.0,35.0,6.5,0.2000263738458974,0.7999736261541026,587.719298245614
35,4,7,345.0,35.0,6.5,0.200026859551987,0.799973140448013,587.719298245614
36,4,7,355.0,35.0,6.5,0.20002734545927311,0.7999726545407269,587.719298245614
37,4,7,365.0,35.0,6.5,0.20002783162937696,0.799972168370623,587.719298245614
38,4,7,375.0,35.0,6.5,0.20002831816364694,0.799971681836353,587.719298245614
39,4,7,385.0,35.0,6.5,0.2000288052215959,0.7999711947784041,587.719298245614
40,4,7,395.0,35.0,6.5,0.20002929305452832,0.7999707069454717,587.719298245614
41,4,7,405.0,35.0,6.5,0.20002978206482339,0.7999702179351766,587.719298245614
42,4,7,415.0,35.0,6.5,0.20003027291246347,0.7999697270875366,587.719298245614
43,4,7,425.0,35.0,6.5,0.20003076670722564,0.7999692332927744,587.719298245614
44,4,7,435.0,35.0,6.5,0.20003126536040777,0.7999687346395923,587.719298245614
45,4,7,445.0,35.0,6.5,0.2000317721834491,0.7999682278165509,587.719298245614
46,4,7,455.0,35.0,6.5,0.20003229280240042,0.7999677071975996,587.719298245614
47,4,7,465.0,35.0,6.5,0.20003283604405042,0.7999671639559496,587.719298245614
48,4,7,475.0,35.0,6.5,0.2000334119391666,0.7999665880608334,587.719298245614
49,4,7,485.0,35.0,6.5,0.2000340145596706,0.7999659854403294,587.719298245614
50,4,7,495.0,35.0,6.5,0.20003456861579008,0.79996543138421,587.719298245614
1,5,7,5.0,45.0,6.5,0.7848080277533753,0.21519197224662467,587.719298245614
2,5,7,15.0,45.0,6.5,0.7616144059323677,0.23838559406763227,587.719298245614
3,5,7,25.0,45.0,6.5,0.7338022627004865,0.26619773729951346,587.719298245614
4,5,7,35.0,45.0,6.5,0.7071631805116532,0.29283681948834683,587.719298245614
5,5,7,45.0,45.0,6.5,0.6834855940161658,0.3165144059838342,587.719298245614
6,5,7,55.0,45.0,6.5,0.6626768175699581,0.3373231824300419,587.719298245614
7,5,7,65.0,45.0,6.5,0.6441786650462206,0.35582133495377943,587.719298245614
8,5,7,75.0,45.0,6.5,0.6274971654680311,0.37250283453196886,587.719298245614
9,5,7,85.0,45.0,6.5,0.6121817347745989,0.3878182652254011,587.719298245614
10,5,7,95.0,45.0,6.5,0.5978518684922157,0.4021481315077843,587.719298245614
11,5,7,105.0,45.0,6.5,0.5841933664208578,0.41580663357914216,587.719298245614
12,5,7,115.0,45.0,6.5,0.5710228893994088,0.4289771106005912,587.719298245614
13,5,7,125.0,45.0,6.5,0.5581144164002267,0.44188558359977326,587.719298245614
14,5,7,135.0,45.0,6.5,0.5452104408159005,0.45478955918409947,587.719298245614
15,5,7,145.0,45.0,6.5,0.531986928242157,0.468013071757843,587.719298245614
16,5,7,155.0,45.0,6.5,0.5180240106343738,0.48197598936562625,587.719298245614
17,5,7,165.0,45.0,6.5,0.5026527224191335,0.4973472775808665,587.719298245614
18,5,7,175.0,45.0,6.5,0.4847697242316302,0.5152302757683698,587.719298245614
19,5,7,185.0,45.0,6.5,0.462409455300855,0.537590544699145,587.719298245614
20,5,7,195.0,45.0,6.5,0.43158693272345655,0.5684130672765435,587.719298245614
21,5,7,205.0,45.0,6.5,0.3845497762112647,0.6154502237887354,587.719298245614
22,5,7,215.0,45.0,6.5,0.31066339498239354,0.6893366050176064,587.719298245614
23,5,7,225.0,45.0,6.5,0.23011539942521736,0.7698846005747826,587.719298245614
24,5,7,235.0,45.0,6.5,0.2012893285108969,0.7987106714891031,587.719298245614
25,5,7,245.0,45.0,6.5,0.20003005732842263,0.7999699426715774,587.719298245614
26,5,7,255.0,45.0,6.5,0.20002254884620507,0.7999774511537949,587.719298245614
27,5,7,265.0,45.0,6.5,0.2000229854133215,0.7999770145866785,587.719298245614
28,5,7,275.0,45.0,6.5,0.20002346655682898,0.799976533443171,587.719298245614
29,5,7,285.0,45.0,6.5,0.20002394911261256,0.7999760508873874,587.719298245614
30,5,7,295.0,45.0,6.5,0.20002443296426278,0.7999755670357372,587.719298245614
31,5,7,305.0,45.0,6.5,0.2000249175527882,0.7999750824472118,587.719298245614
32,5,7,315.0,45.0,6.5,0.20002540253321216,0.7999745974667878,587.719298245614
33,5,7,325.0,45.0,6.5,0.20002588773471855,0.7999741122652815,587.719298245614
34,5,7,335.0,45.0,6.5,0.20002637307881574,0.7999736269211842,587.719298245614
35,5,7,345.0,45.0,6.5,0.2000268585371295,0.7999731414628705,587.719298245614
36,5,7,355.0,45.0,6.5,0.20002734411400921,0.7999726558859908,587.719298245614
37,5,7,365.0,45.0,6.5,0.20002782984334072,0.7999721701566593,587.719298245614
38,5,7,375.0,45.0,6.5,0.20002831579569594,0.7999716842043041,587.719298245614
39,5,7,385.0,45.0,6.5,0.20002880209875534,0.7999711979012447,587.719298245614
40,5,7,395.0,45.0,6.5,0.20002928897672279,0.7999707110232772,587.719298245614
41,5,7,405.0,45.0,6.5,0.200029776824531,0.7999702231754691,587.719298245614
42,5,7,415.0,45.0,6.5,0.20003026634556678,0.7999697336544332,587.719298245614
43,5,7,425.0,45.0,6.5,0.20003075880979101,0.799969241190209,587.719298245614
44,5,7,435.0,45.0,6.5,0.20003125654540022,0.7999687434545998,587.719298245614
45,5,7,445.0,45.0,6.5,0.20003176389777239,0.7999682361022276,587.719298245614
46,5,7,455.0,45.0,6.5,0.2000322891539508,0.7999677108460492,587.719298245614
47,5,7,465.0,45.0,6.5,0.20003284819553446,0.7999671518044655,587.719298245614
48,5,7,475.0,45.0,6.5,0.20003346827694826,0.7999665317230518,587.719298245614
49,5,7,485.0,45.0,6.5,0.2000341575721166,0.7999658424278834,587.719298245614
50,5,7,495.0,45.0,6.5,0.20003468060520635,0.7999653193947937,587.719298245614
1,6,7,5.0,55.0,6.5,0.7563343379485838,0.24366566205141615,587.719298245614
2,6,7,15.0,55.0,6.5,0.7329449422449043,0.26705505775509575,587.719298245614
3,6,7,25.0,55.0,6.5,0.7082394260230391,0.29176057397696087,587.719298245614
4,6,7,35.0,55.0,6.5,0.6848826282336798,0.31511737176632015,587.719298245614
5,6,7,45.0,55.0,6.5,0.6637881546570984,0.3362118453429016,587.719298245614
6,6,7,55.0,55.0,6.5,0.6449295223957741,0.35507047760422594,587.719298245614
7,6,7,65.0,55.0,6.5,0.6279447638037101,0.3720552361962899,587.719298245614
8,6,7,75.0,55.0,6.5,0.6124113099923556,0.3875886900076444,587.719298245614
9,6,7,85.0,55.0,6.5,0.5979731041937537,0.4020268958062463,587.719298245614
10,6,7,95.0,55.0,6.5,0.5842876272481794,0.4157123727518206,587.719298245614
11,6,7,105.0,55.0,6.5,0.5711569094288325,0.42884309057116754,587.719298245614
12,6,7,115.0,55.0,6.5,0.5583938299120322,0.44160617008796776,587.719298245614
13,6,7,125.0,55.0,6.5,0.5457617165453115,0.45423828345468853,587.719298245614
14,6,7,135.0,55.0,6.5,0.5329653204374503,0.46703467956254974,587.719298245614
15,6,7,145.0,55.0,6.5,0.5196471326272644,0.48035286737273564,587.719298245614
16,6,7,155.0,55.0,6.5,0.5052747035626876,0.49472529643731245,587.719298245614
17,6,7,165.0,55.0,6.5,0.48896927763428377,0.5110307223657162,587.719298245614
18,6,7,175.0,55.0,6.5,0.46928272275106114,0.5307172772489388,587.719298245614
19,6,7,185.0,55.0,6.5,0.4433567435133535,0.5566432564866465,587.719298245614
20,6,7,195.0,55.0,6.5,0.4056238208356095,0.5943761791643905,587.719298245614
21,6,7,205.0,55.0,6.5,0.3461792697938008,0.6538207302061991,587.719298245614
22,6,7,215.0,55.0,6.5,0.2640020752633632,0.7359979247366368,587.719298245614
23,6,7,225.0,55.0,6.5,0.20830207913819168,0.7916979208618083,587.719298245614
24,6,7,235.0,55.0,6.5,0.2001167871189916,0.7998832128810084,587.719298245614
25,6,7,245.0,55.0,6.5,0.20002259855824298,0.799977401441757,587.719298245614
26,6,7,255.0,55.0,6.5,0.20002250086035667,0.7999774991396433,587.719298245614
27,6,7,265.0,55.0,6.5,0.2000229827120678,0.7999770172879321,587.719298245614
28,6,7,275.0,55.0,6.5,0.2000234650261343,0.7999765349738657,587.719298245614
29,6,7,285.0,55.0,6.5,0.20002394817527616,0.7999760518247239,587.719298245614
30,6,7,295.0,55.0,6.5,0.20002443227843272,0.7999755677215673,587.719298245614
31,6,7,305.0,55.0,6.5,0.2000249169469087,0.7999750830530913,587.719298245614
32,6,7,315.0,55.0,6.5,0.20002540191097246,0.7999745980890276,587.719298245614
33,6,7,325.0,55.0,6.5,0.2000258870220537,0.7999741129779463,587.719298245614
34,6,7,335.0,55.0,6.5,0.20002637220107256,0.7999736277989274,587.719298245614
35,6,7,345.0,55.0,6.5,0.2000268574063982,0.7999731425936019,587.719298245614
36,6,7,355.0,55.0,6.5,0.2000273426186021,0.7999726573813979,587.719298245614
37,6,7,365.0,55.0,6.5,0.20002782783586098,0.7999721721641391,587.719298245614
38,6,7,375.0,55.0,6.5,0.20002831307781482,0.7999716869221851,587.719298245614
39,6,7,385.0,55.0,6.5,0.20002879840010374,0.7999712015998963,587.719298245614
40,6,7,395.0,55.0,6.5,0.20002928392476166,0.7999707160752383,587.719298245614
41,6,7,405.0,55.0,6.5,0.20002976989875162,0.7999702301012483,587.719298245614
42,6,7,415.0,55.0,6.5,0.2000302568030428,0.7999697431969572,587.719298245614
43,6,7,425.0,55.0,6.5,0.20003074555139688,0.7999692544486031,587.719298245614
44,6,7,435.0,55.0,6.5,0.20003123784389887,0.7999687621561011,587.719298245614
45,6,7,445.0,55.0,6.5,0.2000317367646096,0.7999682632353904,587.719298245614
46,6,7,455.0,55.0,6.5,0.20003224765820207,0.799967752341798,587.719298245614
47,6,7,465.0,55.0,6.5,0.20003277879319326,0.7999672212068067,587.719298245614
48,6,7,475.0,55.0,6.5,0.20003333872234955,0.7999666612776505,587.719298245614
49,6,7,485.0,55.0,6.5,0.20003391885121868,0.7999660811487813,587.719298245614
50,6,7,495.0,55.0,6.5,0.2000344435042882,0.7999655564957118,587.719298245614
1,7,7,5.0,65.0,6.5,0.7207834236214492,0.2792165763785508,587.719298245614
2,7,7,15.0,65.0,6.5,0.7004537630837925,0.2995462369162075,587.719298245614
3,7,7,25.0,65.0,6.5,0.6793488006784225,0.3206511993215775,587.719298245614
4,7,7,35.0,65.0,6.5,0.6593003924839174,0.34069960751608264,587.719298245614
5,7,7,45.0,65.0,6.5,0.6409197460555474,0.35908025394445264,587.719298245614
6,7,7,55.0,65.0,6.5,0.6241920833406066,0.3758079166593934,587.719298245614
7,7,7,65.0,65.0,6.5,0.6088634473304048,0.39113655266959524,587.719298245614
8,7,7,75.0,65.0,6.5,0.5946329721070949,0.40536702789290513,587.719298245614
9,7,7,85.0,65.0,6.5,0.5811748284959786,0.41882517150402143,587.719298245614
10,7,7,95.0,65.0,6.5,0.5683034130828449,0.43169658691715507,587.719298245614
11,7,7,105.0,65.0,6.5,0.5558383825642623,0.4441616174357377,587.719298245614
12,7,7,115.0,65.0,6.5,0.5435477186948886,0.4564522813051114,587.719298245614
13,7,7,125.0,65.0,6.5,0.5311512584084559,0.4688487415915441,587.719298245614
14,7,7,135.0,65.0,6.5,0.5183126428923338,0.4816873571076662,587.719298245614
15,7,7,145.0,65.0,6.5,0.5045360596125644,0.4954639403874356,587.719298245614
16,7,7,155.0,65.0,6.5,0.48902994291414664,0.5109700570858533,587.719298245614
17,7,7,165.0,65.0,6.5,0.4705086238881153,0.5294913761118847,587.719298245614
18,7,7,175.0,65.0,6.5,0.4464774453255513,0.5535225546744487,587.719298245614
19,7,7,185.0,65.0,6.5,0.4121530572304105,0.5878469427695895,587.719298245614
20,7,7,195.0,65.0,6.5,0.3587183959542731,0.641281604045727,587.719298245614
21,7,7,205.0,65.0,6.5,0.2807452593372934,0.7192547406627066,587.719298245614
22,7,7,215.0,65.0,6.5,0.21546789149938014,0.7845321085006198,587.719298245614
23,7,7,225.0,65.0,6.5,0.20032326440685572,0.7996767355931442,587.719298245614
24,7,7,235.0,65.0,6.5,0.2000233659037302,0.7999766340962697,587.719298245614
25,7,7,245.0,65.0,6.5,0.2000220084772935,0.7999779915227065,587.719298245614
26,7,7,255.0,65.0,6.5,0.20002249115721032,0.7999775088427896,587.719298245614
27,7,7,265.0,65.0,6.5,0.20002297733703645,0.7999770226629636,587.719298245614
28,7,7,275.0,65.0,6.5,0.20002346175498903,0.799976538245011,587.719298245614
29,7,7,285.0,65.0,6.5,0.20002394626456982,0.7999760537354301,587.719298245614
30,7,7,295.0,65.0,6.5,0.20002443107088735,0.7999755689291126,587.719298245614
31,7,7,305.0,65.0,6.5,0.20002491606912198,0.799975083930878,587.719298245614
32,7,7,315.0,65.0,6.5,0.20002540115253384,0.7999745988474661,587.719298245614
33,7,7,325.0,65.0,6.5,0.20002588624697257,0.7999741137530274,587.719298245614
34,7,7,335.0,65.0,6.5,0.20002637130050543,0.7999736286994945,587.719298245614
35,7,7,345.0,65.0,6.5,0.20002685627148403,0.799973143728516,587.719298245614
36,7,7,355.0,65.0,6.5,0.20002734112037304,0.799972658879627,587.719298245614
37,7,7,365.0,65.0,6.5,0.200027825805214,0.7999721741947861,587.719298245614
38,7,7,375.0,65.0,6.5,0.20002831028012816,0.7999716897198719,587.719298245614
39,7,7,385.0,65.0,6.5,0.2000287944976035,0.7999712055023965,587.719298245614
40,7,7,395.0,65.0,6.5,0.20002927841745435,0.7999707215825457,587.719298245614
41,7,7,405.0,65.0,6.5,0.20002976202603126,0.7999702379739687,587.719298245614
42,7,7,415.0,65.0,6.5,0.2000302453728652,0.7999697546271348,587.719298245614
43,7,7,425.0,65.0,6.5,0.2000307286312108,0.7999692713687891,587.719298245614
44,7,7,435.0,65.0,6.5,0.20003121217745118,0.7999687878225488,587.719298245614
45,7,7,445.0,65.0,6.5,0.20003169662872614,0.7999683033712739,587.719298245614
46,7,7,455.0,65.0,6.5,0.20003218258257938,0.7999678174174206,587.719298245614
47,7,7,465.0,65.0,6.5,0.200032669215716,0.7999673307842841,587.719298245614
48,7,7,475.0,65.0,6.5,0.2000331494710824,0.7999668505289176,587.719298245614
49,7,7,485.0,65.0,6.5,0.20003359723233818,0.7999664027676618,587.719298245614
50,7,7,495.0,65.0,6.5,0.20003393998257527,0.7999660600174248,587.719298245614
1,8,7,5.0,75.0,6.5,0.6780381683427372,0.3219618316572628,587.719298245614
2,8,7,15.0,75.0,6.5,0.6618457423471112,0.33815425765288876,587.719298245614
3,8,7,25.0,75.0,6.5,0.6447254745733404,0.3552745254266596,587.719298245614
4,8,7,35.0,75.0,6.5,0.628131934574416,0.37186806542558404,587.719298245614
5,8,7,45.0,75.0,6.5,0.6125586659632636,0.3874413340367364,587.719298245614
6,8,7,55.0,75.0,6.5,0.5980455607150568,0.40195443928494323,587.719298245614
7,8,7,65.0,75.0,6.5,0.5844274324144557,0.4155725675855443,587.719298245614
8,8,7,75.0,75.0,6.5,0.5714789664515769,0.4285210335484231,587.719298245614
9,8,7,85.0,75.0,6.5,0.5590907097899983,0.4409092902100017,587.719298245614
10,8,7,95.0,75.0,6.5,0.5470658405597585,0.4529341594402415,587.719298245614
11,8,7,105.0,75.0,6.5,0.5351502327794094,0.46484976722059057,587.719298245614
12,8,7,115.0,75.0,6.5,0.5230695177322311,0.4769304822677689,587.719298245614
13,8,7,125.0,75.0,6.5,0.5104735472102921,0.48952645278970786,587.719298245614
14,8,7,135.0,75.0,6.5,0.4967786876583706,0.5032213123416294,587.719298245614
15,8,7,145.0,75.0,6.5,0.4811653322765597,0.5188346677234403,587.719298245614
16,8,7,155.0,75.0,6.5,0.46217335644714685,0.5378266435528531,587.719298245614
17,8,7,165.0,75.0,6.5,0.4369521929129175,0.5630478070870826,587.719298245614
18,8,7,175.0,75.0,6.5,0.40038016735382476,0.5996198326461752,587.719298245614
19,8,7,185.0,75.0,6.5,0.34339934597802974,0.6566006540219702,587.719298245614
20,8,7,195.0,75.0,6.5,0.2661633142054555,0.7338366857945444,587.719298245614
21,8,7,205.0,75.0,6.5,0.2107206205944538,0.7892793794055462,587.719298245614
22,8,7,215.0,75.0,6.5,0.2001688497043846,0.7998311502956155,587.719298245614
23,8,7,225.0,75.0,6.5,0.20002195179856194,0.799978048201438,587.719298245614
24,8,7,235.0,75.0,6.5,0.2000214957105088,0.7999785042894911,587.719298245614
25,8,7,245.0,75.0,6.5,0.2000219908262033,0.7999780091737967,587.719298245614
26,8,7,255.0,75.0,6.5,0.20002248331726163,0.7999775166827383,587.719298245614
27,8,7,265.0,75.0,6.5,0.20002297159811808,0.7999770284018819,587.719298245614
28,8,7,275.0,75.0,6.5,0.20002345819301035,0.7999765418069896,587.719298245614
29,8,7,285.0,75.0,6.5,0.20002394411219268,0.7999760558878073,587.719298245614
30,8,7,295.0,75.0,6.5,0.20002442971392895,0.799975570286071,587.719298245614
31,8,7,305.0,75.0,6.5,0.2000249151263293,0.7999750848736706,587.719298245614
32,8,7,315.0,75.0,6.5,0.20002540039242805,0.799974599607572,587.719298245614
33,8,7,325.0,75.0,6.5,0.2000258855177966,0.7999741144822035,587.719298245614
34,8,7,335.0,75.0,6.5,0.20002637048586006,0.79997362951414,587.719298245614
35,8,7,345.0,75.0,6.5,0.20002685526127578,0.7999731447387242,587.719298245614
36,8,7,355.0,75.0,6.5,0.20002733978837434,0.7999726602116257,587.719298245614
37,8,7,365.0,75.0,6.5,0.20002782398613086,0.7999721760138692,587.719298245614
38,8,7,375.0,75.0,6.5,0.20002830774017533,0.7999716922598247,587.719298245614
39,8,7,385.0,75.0,6.5,0.20002879089063264,0.7999712091093674,587.719298245614
40,8,7,395.0,75.0,6.5,0.20002927321405736,0.7999707267859426,587.719298245614
41,8,7,405.0,75.0,6.5,0.2000297543952727,0.7999702456047273,587.719298245614
42,8,7,415.0,75.0,6.5,0.20003023398041672,0.7999697660195833,587.719298245614
43,8,7,425.0,75.0,6.5,0.20003071129112426,0.7999692887088757,587.719298245614
44,8,7,435.0,75.0,6.5,0.20003118525132305,0.799968814748677,587.719298245614
45,8,7,445.0,75.0,6.5,0.2000316540084678,0.7999683459915322,587.719298245614
46,8,7,455.0,75.0,6.5,0.20003211406917437,0.7999678859308257,587.719298245614
47,8,7,465.0,75.0,6.5,0.20003255833437295,0.799967441665627,587.719298245614
48,8,7,475.0,75.0,6.5,0.200032971888643,0.799967028111357,587.719298245614
49,8,7,485.0,75.0,6.5,0.20003332405150087,0.7999666759484991,587.719298245614
50,8,7,495.0,75.0,6.5,0.20003355668289394,0.7999664433171061,587.719298245614
1,9,7,5.0,85.0,6.5,0.6251592848790662,0.37484071512093375,587.719298245614
2,9,7,15.0,85.0,6.5,0.6131036043779258,0.38689639562207423,587.719298245614
3,9,7,25.0,85.0,6.5,0.5998697051484092,0.4001302948515908,587.719298245614
4,9,7,35.0,85.0,6.5,0.5865670343936871,0.41343296560631293,587.719298245614
5,9,7,45.0,85.0,6.5,0.573610008295968,0.426389991704032,587.719298245614
6,9,7,55.0,85.0,6.5,0.5610764732265485,0.4389235267734515,587.719298245614
7,9,7,65.0,85.0,6.5,0.549048863760174,0.45095113623982597,587.719298245614
8,9,7,75.0,85.0,6.5,0.5373851503642826,0.4626148496357174,587.719298245614
9,9,7,85.0,85.0,6.5,0.5258729875468643,0.4741270124531357,587.719298245614
10,9,7,95.0,85.0,6.5,0.5142626716745388,0.48573732832546124,587.719298245614
11,9,7,105.0,85.0,6.5,0.5021774134293637,0.49782258657063627,587.719298245614
12,9,7,115.0,85.0,6.5,0.4890700844152335,0.5109299155847665,587.719298245614
13,9,7,125.0,85.0,6.5,0.4741600201182795,0.5258399798817205,587.719298245614
14,9,7,135.0,85.0,6.5,0.45599241345906694,0.5440075865409331,587.719298245614
15,9,7,145.0,85.0,6.5,0.43204398607046685,0.5679560139295332,587.719298245614
16,9,7,155.0,85.0,6.5,0.3978087157227651,0.6021912842772349,587.719298245614
17,9,7,165.0,85.0,6.5,0.3457599665635247,0.6542400334364753,587.719298245614
18,9,7,175.0,85.0,6.5,0.2756497779305191,0.7243502220694809,587.719298245614
19,9,7,185.0,85.0,6.5,0.21818278506454725,0.7818172149354528,587.719298245614
20,9,7,195.0,85.0,6.5,0.20090558809718945,0.7990944119028105,587.719298245614
21,9,7,205.0,85.0,6.5,0.2000291968140246,0.7999708031859754,587.719298245614
22,9,7,215.0,85.0,6.5,0.20002054049963278,0.7999794595003672,587.719298245614
23,9,7,225.0,85.0,6.5,0.20002097981374586,0.7999790201862541,587.719298245614
24,9,7,235.0,85.0,6.5,0.20002148482051008,0.7999785151794899,587.719298245614
25,9,7,245.0,85.0,6.5,0.20002198341577204,0.799978016584228,587.719298245614
26,9,7,255.0,85.0,6.5,0.20002247695084016,0.7999775230491598,587.719298245614
27,9,7,265.0,85.0,6.5,0.2000229671661543,0.7999770328338457,587.719298245614
28,9,7,275.0,85.0,6.5,0.20002345536005547,0.7999765446399445,587.719298245614
29,9,7,285.0,85.0,6.5,0.20002394234010992,0.7999760576598901,587.719298245614
30,9,7,295.0,85.0,6.5,0.20002442857932604,0.799975571420674,587.719298245614
31,9,7,305.0,85.0,6.5,0.20002491434523914,0.7999750856547608,587.719298245614
32,9,7,315.0,85.0,6.5,0.2000253997805874,0.7999746002194126,587.719298245614
33,9,7,325.0,85.0,6.5,0.2000258849503645,0.7999741150496356,587.719298245614
34,9,7,335.0,85.0,6.5,0.20002636986699968,0.7999736301330003,587.719298245614
35,9,7,345.0,85.0,6.5,0.20002685450198074,0.7999731454980192,587.719298245614
36,9,7,355.0,85.0,6.5,0.200027338787817,0.799972661212183,587.719298245614
37,9,7,365.0,85.0,6.5,0.20002782261224464,0.7999721773877554,587.719298245614
38,9,7,375.0,85.0,6.5,0.20002830580411793,0.7999716941958821,587.719298245614
39,9,7,385.0,85.0,6.5,0.20002878810843563,0.7999712118915644,587.719298245614
40,9,7,395.0,85.0,6.5,0.20002926914488603,0.7999707308551139,587.719298245614
41,9,7,405.0,85.0,6.5,0.20002974833919526,0.7999702516608047,587.719298245614
42,9,7,415.0,85.0,6.5,0.20003022480838253,0.7999697751916175,587.719298245614
43,9,7,425.0,85.0,6.5,0.20003069716499922,0.7999693028350008,587.719298245614
44,9,7,435.0,85.0,6.5,0.20003116317728054,0.7999688368227195,587.719298245614
45,9,7,445.0,85.0,6.5,0.2000316191700927,0.7999683808299073,587.719298245614
46,9,7,455.0,85.0,6.5,0.20003205896483045,0.7999679410351695,587.719298245614
47,9,7,465.0,85.0,6.5,0.20003247203752195,0.799967527962478,587.719298245614
48,9,7,475.0,85.0,6.5,0.20003284052633058,0.7999671594736695,587.719298245614
49,9,7,485.0,85.0,6.5,0.20003313519988364,0.7999668648001164,587.719298245614
50,9,7,495.0,85.0,6.5,0.20003331296945592,0.7999666870305441,587.719298245614
1,10,7,5.0,95.0,6.5,0.5406555792613014,0.45934442073869863,587.719298245614
2,10,7,15.0,95.0,6.5,0.5318408490359489,0.46815915096405114,587.719298245614
3,10,7,25.0,95.0,6.5,0.5215151332230155,0.47848486677698454,587.719298245614
4,10,7,35.0,95.0,6.5,0.5103263058914174,0.48967369410858264,587.719298245614
5,10,7,45.0,95.0,6.5,0.4989314009797774,0.5010685990202226,587.719298245614
6,10,7,55.0,95.0,6.5,0.48741174431173734,0.5125882556882626,587.719298245614
7,10,7,65.0,95.0,6.5,0.47562962550463417,0.5243703744953658,587.719298245614
8,10,7,75.0,95.0,6.5,0.46322276548401475,0.5367772345159852,587.719298245614
9,10,7,85.0,95.0,6.5,0.4495663365049612,0.5504336634950389,587.719298245614
10,10,7,95.0,95.0,6.5,0.4334987468785868,0.5665012531214132,587.719298245614
11,10,7,105.0,95.0,6.5,0.4131347983585232,0.5868652016414768,587.719298245614
12,10,7,115.0,95.0,6.5,0.38534009154438825,0.6146599084556117,587.719298245614
13,10,7,125.0,95.0,6.5,0.3454728778521508,0.6545271221478492,587.719298245614
14,10,7,135.0,95.0,6.5,0.2928159889613504,0.7071840110386496,587.719298245614
15,10,7,145.0,95.0,6.5,0.24121359635871267,0.7587864036412874,587.719298245614
16,10,7,155.0,95.0,6.5,0.21123973207584137,0.7887602679241587,587.719298245614
17,10,7,165.0,95.0,6.5,0.20215717035146774,0.7978428296485323,587.719298245614
18,10,7,175.0,95.0,6.5,0.2003020541082478,0.7996979458917521,587.719298245614
19,10,7,185.0,95.0,6.5,0.20003052885933986,0.7999694711406602,587.719298245614
20,10,7,195.0,95.0,6.5,0.2000196352666601,0.7999803647333399,587.719298245614
21,10,7,205.0,95.0,6.5,0.20001995715039195,0.799980042849608,587.719298245614
22,10,7,215.0,95.0,6.5,0.20002046722532615,0.7999795327746738,587.719298245614
23,10,7,225.0,95.0,6.5,0.20002097625059792,0.7999790237494021,587.719298245614
24,10,7,235.0,95.0,6.5,0.20002148032576014,0.7999785196742398,587.719298245614
25,10,7,245.0,95.0,6.5,0.20002197913195555,0.7999780208680445,587.719298245614
26,10,7,255.0,95.0,6.5,0.20002247359321007,0.7999775264067899,587.719298245614
27,10,7,265.0,95.0,6.5,0.20002296482280915,0.7999770351771909,587.719298245614
28,10,7,275.0,95.0,6.5,0.20002345382338235,0.7999765461766176,587.719298245614
29,10,7,285.0,95.0,6.5,0.20002394135632307,0.7999760586436769,587.719298245614
30,10,7,295.0,95.0,6.5,0.20002442794123557,0.7999755720587645,587.719298245614
31,10,7,305.0,95.0,6.5,0.20002491390588434,0.7999750860941157,587.719298245614
32,10,7,315.0,95.0,6.5,0.20002539944035724,0.7999746005596428,587.719298245614
33,10,7,325.0,95.0,6.5,0.20002588463996435,0.7999741153600357,587.719298245614
34,10,7,335.0,95.0,6.5,0.20002636953278746,0.7999736304672125,587.719298245614
35,10,7,345.0,95.0,6.5,0.200026854094305,0.799973145905695,587.719298245614
36,10,7,355.0,95.0,6.5,0.20002733825072597,0.7999726617492741,587.719298245614
37,10,7,365.0,95.0,6.5,0.20002782187231735,0.7999721781276826,587.719298245614
38,10,7,375.0,95.0,6.5,0.20002830475572364,0.7999716952442764,587.719298245614
39,10,7,385.0,95.0,6.5,0.20002878659155854,0.7999712134084415,587.719298245614
40,10,7,395.0,95.0,6.5,0.2000292669092953,0.7999707330907047,587.719298245614
41,10,7,405.0,95.0,6.5,0.20002974498582257,0.7999702550141774,587.719298245614
42,10,7,415.0,95.0,6.5,0.20003021969302057,0.7999697803069794,587.719298245614
43,10,7,425.0,95.0,6.5,0.20003068924438425,0.7999693107556157,587.719298245614
44,10,7,435.0,95.0,6.5,0.20003115077409878,0.7999688492259012,587.719298245614
45,10,7,445.0,95.0,6.5,0.20003159964804526,0.7999684003519547,587.719298245614
46,10,7,455.0,95.0,6.5,0.20003202836721604,0.799967971632784,587.719298245614
47,10,7,465.0,95.0,6.5,0.20003242492374515,0.7999675750762548,587.719298245614
48,10,7,475.0,95.0,6.5,0.20003277063818647,0.7999672293618135,587.719298245614
49,10,7,485.0,95.0,6.5,0.20003303823421836,0.7999669617657816,587.719298245614
50,10,7,495.0,95.0,6.5,0.20003319296232563,0.7999668070376744,587.719298245614
1,1,8,5.0,5.0,7.5,0.5989775554922939,0.4010224445077061,657.8947368421052
2,1,8,15.0,5.0,7.5,0.5877692860292553,0.41223071397074473,657.8947368421052
3,1,8,25.0,5.0,7.5,0.5754674947522366,0.4245325052477634,657.8947368421052
4,1,8,35.0,5.0,7.5,0.5631603004459016,0.4368396995540984,657.8947368421052
5,1,8,45.0,5.0,7.5,0.5512538054737527,0.4487461945262473,657.8947368421052
6,1,8,55.0,5.0,7.5,0.5397847814780047,0.4602152185219953,657.8947368421052
7,1,8,65.0,5.0,7.5,0.5288081062457942,0.4711918937542058,657.8947368421052
8,1,8,75.0,5.0,7.5,0.5182320706123412,0.4817679293876588,657.8947368421052
9,1,8,85.0,5.0,7.5,0.5078902406091614,0.49210975939083856,657.8947368421052
10,1,8,95.0,5.0,7.5,0.4975544902668945,0.5024455097331055,657.8947368421052
11,1,8,105.0,5.0,7.5,0.48693403160580045,0.5130659683941996,657.8947368421052
12,1,8,115.0,5.0,7.5,0.47554996041449366,0.5244500395855063,657.8947368421052
13,1,8,125.0,5.0,7.5,0.46272945579793934,0.5372705442020607,657.8947368421052
14,1,8,135.0,5.0,7.5,0.4473393608713969,0.5526606391286031,657.8947368421052
15,1,8,145.0,5.0,7.5,0.4272709690282925,0.5727290309717075,657.8947368421052
16,1,8,155.0,5.0,7.5,0.39896777270620404,0.601032227293796,657.8947368421052
17,1,8,165.0,5.0,7.5,0.35616882742565287,0.6438311725743471,657.8947368421052
18,1,8,175.0,5.0,7.5,0.294313391041413,0.7056866089585869,657.8947368421052
19,1,8,185.0,5.0,7.5,0.23193320744772894,0.7680667925522711,657.8947368421052
20,1,8,195.0,5.0,7.5,0.20393343185815563,0.7960665681418444,657.8947368421052
21,1,8,205.0,5.0,7.5,0.20024122607689743,0.7997587739231026,657.8947368421052
22,1,8,215.0,5.0,7.5,0.20002341139662777,0.7999765886033723,657.8947368421052
23,1,8,225.0,5.0,7.5,0.20002078899737807,0.7999792110026219,657.8947368421052
24,1,8,235.0,5.0,7.5,0.2000212735986387,0.7999787264013614,657.8947368421052
25,1,8,245.0,5.0,7.5,0.20002177366435528,0.7999782263356447,657.8947368421052
26,1,8,255.0,5.0,7.5,0.20002226811816026,0.7999777318818397,657.8947368421052
27,1,8,265.0,5.0,7.5,0.2000227587422349,0.799977241257765,657.8947368421052
28,1,8,275.0,5.0,7.5,0.2000232470362355,0.7999767529637645,657.8947368421052
29,1,8,285.0,5.0,7.5,0.20002373400055784,0.7999762659994422,657.8947368421052
30,1,8,295.0,5.0,7.5,0.20002422025685523,0.7999757797431448,657.8947368421052
31,1,8,305.0,5.0,7.5,0.2000247061769556,0.7999752938230444,657.8947368421052
32,1,8,315.0,5.0,7.5,0.20002519198245472,0.7999748080175453,657.8947368421052
33,1,8,325.0,5.0,7.5,0.20002567781145536,0.7999743221885447,657.8947368421052
34,1,8,335.0,5.0,7.5,0.20002616376109342,0.7999738362389066,657.8947368421052
35,1,8,345.0,5.0,7.5,0.20002664991367974,0.7999733500863202,657.8947368421052
36,1,8,355.0,5.0,7.5,0.2000271363527555,0.7999728636472445,657.8947368421052
37,1,8,365.0,5.0,7.5,0.20002762317274272,0.7999723768272573,657.8947368421052
38,1,8,375.0,5.0,7.5,0.20002811048350896,0.799971889516491,657.8947368421052
39,1,8,385.0,5.0,7.5,0.20002859840776363,0.7999714015922363,657.8947368421052
40,1,8,395.0,5.0,7.5,0.2000290870666624,0.7999709129333377,657.8947368421052
41,1,8,405.0,5.0,7.5,0.20002957654078263,0.7999704234592173,657.8947368421052
42,1,8,415.0,5.0,7.5,0.20003006678314045,0.7999699332168595,657.8947368421052
43,1,8,425.0,5.0,7.5,0.20003055743857384,0.7999694425614261,657.8947368421052
44,1,8,435.0,5.0,7.5,0.20003104748604858,0.7999689525139514,657.8947368421052
45,1,8,445.0,5.0,7.5,0.2000315345441656,0.7999684654558343,657.8947368421052
46,1,8,455.0,5.0,7.5,0.2000320135637813,0.7999679864362187,657.8947368421052
47,1,8,465.0,5.0,7.5,0.20003247443317806,0.7999675255668219,657.8947368421052
48,1,8,475.0,5.0,7.5,0.2000328977962798,0.7999671022037202,657.8947368421052
49,1,8,485.0,5.0,7.5,0.20003324856499377,0.7999667514350062,657.8947368421052
50,1,8,495.0,5.0,7.5,0.20003346954410015,0.7999665304558998,657.8947368421052
1,2,8,5.0,15.0,7.5,0.674221932107407,0.325778067892593,657.8947368421052
2,2,8,15.0,15.0,7.5,0.6586102986285413,0.34138970137145874,657.8947368421052
3,2,8,25.0,15.0,7.5,0.6422743748683709,0.3577256251316291,657.8947368421052
4,2,8,35.0,15.0,7.5,0.6266100312178094,0.37338996878219055,657.8947368421052
5,2,8,45.0,15.0,7.5,0.6120572482686405,0.3879427517313595,657.8947368421052
6,2,8,55.0,15.0,7.5,0.5986264797747268,0.4013735202252732,657.8947368421052
7,2,8,65.0,15.0,7.5,0.5861286135218604,0.4138713864781396,657.8947368421052
8,2,8,75.0,15.0,7.5,0.5743714860598605,0.42562851394013945,657.8947368421052
9,2,8,85.0,15.0,7.5,0.563217100340873,0.436782899659127,657.8947368421052
10,2,8,95.0,15.0,7.5,0.5524679580757672,0.4475320419242328,657.8947368421052
11,2,8,105.0,15.0,7.5,0.5419399383905725,0.45806006160942747,657.8947368421052
12,2,8,115.0,15.0,7.5,0.5314147399649353,0.46858526003506473,657.8947368421052
13,2,8,125.0,15.0,7.5,0.5206163551040986,0.47938364489590135,657.8947368421052
14,2,8,135.0,15.0,7.5,0.5092125808124265,0.4907874191875735,657.8947368421052
15,2,8,145.0,15.0,7.5,0.49666816580980566,0.5033318341901943,657.8947368421052
16,2,8,155.0,15.0,7.5,0.4821234970462458,0.5178765029537542,657.8947368421052
17,2,8,165.0,15.0,7.5,0.4641530892267644,0.5358469107732355,657.8947368421052
18,2,8,175.0,15.0,7.5,0.43989969569104903,0.560100304308951,657.8947368421052
19,2,8,185.0,15.0,7.5,0.40390675843869767,0.5960932415613023,657.8947368421052
20,2,8,195.0,15.0,7.5,0.346471694596211,0.653528305403789,657.8947368421052
21,2,8,205.0,15.0,7.5,0.26586963668777924,0.7341303633122207,657.8947368421052
22,2,8,215.0,15.0,7.5,0.20907713904625408,0.790922860953746,657.8947368421052
23,2,8,225.0,15.0,7.5,0.20014866280001478,0.7998513371999852,657.8947368421052
24,2,8,235.0,15.0,7.5,0.2000221646499237,0.7999778353500763,657.8947368421052
25,2,8,245.0,15.0,7.5,0.2000217863937943,0.7999782136062057,657.8947368421052
26,2,8,255.0,15.0,7.5,0.2000222729207923,0.7999777270792077,657.8947368421052
27,2,8,265.0,15.0,7.5,0.2000227616345168,0.7999772383654832,657.8947368421052
28,2,8,275.0,15.0,7.5,0.2000232486461577,0.7999767513538423,657.8947368421052
29,2,8,285.0,15.0,7.5,0.20002373483627078,0.7999762651637292,657.8947368421052
30,2,8,295.0,15.0,7.5,0.20002422064870973,0.7999757793512903,657.8947368421052
31,2,8,305.0,15.0,7.5,0.20002470631591732,0.7999752936840827,657.8947368421052
32,2,8,315.0,15.0,7.5,0.20002519197014332,0.7999748080298567,657.8947368421052
33,2,8,325.0,15.0,7.5,0.20002567769664664,0.7999743223033533,657.8947368421052
34,2,8,335.0,15.0,7.5,0.20002616356181988,0.7999738364381801,657.8947368421052
35,2,8,345.0,15.0,7.5,0.20002664962996003,0.7999733503700399,657.8947368421052
36,2,8,355.0,15.0,7.5,0.2000271359741116,0.7999728640258884,657.8947368421052
37,2,8,365.0,15.0,7.5,0.20002762268385738,0.7999723773161427,657.8947368421052
38,2,8,375.0,15.0,7.5,0.20002810987126265,0.7999718901287374,657.8947368421052
39,2,8,385.0,15.0,7.5,0.20002859767378303,0.799971402326217,657.8947368421052
40,2,8,395.0,15.0,7.5,0.20002908625158483,0.7999709137484152,657.8947368421052
41,2,8,405.0,15.0,7.5,0.20002957577253477,0.7999704242274652,657.8947368421052
42,2,8,415.0,15.0,7.5,0.20003006637047158,0.7999699336295284,657.8947368421052
43,2,8,425.0,15.0,7.5,0.20003055804611664,0.7999694419538834,657.8947368421052
44,2,8,435.0,15.0,7.5,0.20003105045333994,0.7999689495466601,657.8947368421052
45,2,8,445.0,15.0,7.5,0.20003154243841736,0.7999684575615826,657.8947368421052
46,2,8,455.0,15.0,7.5,0.20003203103726216,0.7999679689627378,657.8947368421052
47,2,8,465.0,15.0,7.5,0.20003250930055036,0.7999674906994496,657.8947368421052
48,2,8,475.0,15.0,7.5,0.20003296163411238,0.7999670383658877,657.8947368421052
49,2,8,485.0,15.0,7.5,0.2000333544899176,0.7999666455100825,657.8947368421052
50,2,8,495.0,15.0,7.5,0.20003362107065445,0.7999663789293455,657.8947368421052
1,3,8,5.0,25.0,7.5,0.7222734432254954,0.27772655677450464,657.8947368421052
2,3,8,15.0,25.0,7.5,0.7024820854003652,0.29751791459963484,657.8947368421052
3,3,8,25.0,25.0,7.5,0.6821425466805714,0.3178574533194286,657.8947368421052
4,3,8,35.0,25.0,7.5,0.6630226035616767,0.33697739643832325,657.8947368421052
5,3,8,45.0,25.0,7.5,0.645637806409227,0.35436219359077303,657.8947368421052
6,3,8,55.0,25.0,7.5,0.6299255397595553,0.37007446024044466,657.8947368421052
7,3,8,65.0,25.0,7.5,0.6156228646446683,0.3843771353553317,657.8947368421052
8,3,8,75.0,25.0,7.5,0.6024344513833008,0.39756554861669924,657.8947368421052
9,3,8,85.0,25.0,7.5,0.5900556612098925,0.4099443387901075,657.8947368421052
10,3,8,95.0,25.0,7.5,0.5782879866773575,0.4217120133226425,657.8947368421052
11,3,8,105.0,25.0,7.5,0.5669586300787716,0.43304136992122844,657.8947368421052
12,3,8,115.0,25.0,7.5,0.5558744379445887,0.4441255620554113,657.8947368421052
13,3,8,125.0,25.0,7.5,0.5448325178817346,0.4551674821182654,657.8947368421052
14,3,8,135.0,25.0,7.5,0.5336053761082833,0.4663946238917167,657.8947368421052
15,3,8,145.0,25.0,7.5,0.5218670833189348,0.47813291668106517,657.8947368421052
16,3,8,155.0,25.0,7.5,0.5091773231817753,0.49082267681822467,657.8947368421052
17,3,8,165.0,25.0,7.5,0.4948405776551284,0.5051594223448717,657.8947368421052
18,3,8,175.0,25.0,7.5,0.47761698862410157,0.5223830113758985,657.8947368421052
19,3,8,185.0,25.0,7.5,0.45529730210507785,0.5447026978949221,657.8947368421052
20,3,8,195.0,25.0,7.5,0.4233264753998952,0.5766735246001048,657.8947368421052
21,3,8,205.0,25.0,7.5,0.3728446048328203,0.6271553951671798,657.8947368421052
22,3,8,215.0,25.0,7.5,0.29412062154941365,0.7058793784505863,657.8947368421052
23,3,8,225.0,25.0,7.5,0.21943640187684443,0.7805635981231556,657.8947368421052
24,3,8,235.0,25.0,7.5,0.2005526295478651,0.7994473704521349,657.8947368421052
25,3,8,245.0,25.0,7.5,0.20002539913517509,0.799974600864825,657.8947368421052
26,3,8,255.0,25.0,7.5,0.20002230535031001,0.7999776946496899,657.8947368421052
27,3,8,265.0,25.0,7.5,0.2000227671320148,0.7999772328679852,657.8947368421052
28,3,8,275.0,25.0,7.5,0.20002325148720074,0.7999767485127993,657.8947368421052
29,3,8,285.0,25.0,7.5,0.20002373623217545,0.7999762637678245,657.8947368421052
30,3,8,295.0,25.0,7.5,0.2000242212614849,0.7999757787385151,657.8947368421052
31,3,8,305.0,25.0,7.5,0.20002470649885498,0.799975293501145,657.8947368421052
32,3,8,315.0,25.0,7.5,0.20002519189894818,0.7999748081010518,657.8947368421052
33,3,8,325.0,25.0,7.5,0.20002567744970048,0.7999743225502995,657.8947368421052
34,3,8,335.0,25.0,7.5,0.2000261631635295,0.7999738368364705,657.8947368421052
35,3,8,345.0,25.0,7.5,0.2000266490731672,0.7999733509268327,657.8947368421052
36,3,8,355.0,25.0,7.5,0.2000271352321447,0.7999728647678553,657.8947368421052
37,3,8,365.0,25.0,7.5,0.20002762171914473,0.7999723782808552,657.8947368421052
38,3,8,375.0,25.0,7.5,0.20002810864528484,0.7999718913547151,657.8947368421052
39,3,8,385.0,25.0,7.5,0.20002859616523616,0.7999714038347638,657.8947368421052
40,3,8,395.0,25.0,7.5,0.2000290844931634,0.7999709155068366,657.8947368421052
41,3,8,405.0,25.0,7.5,0.20002957392568552,0.7999704260743145,657.8947368421052
42,3,8,415.0,25.0,7.5,0.20003006487424577,0.7999699351257542,657.8947368421052
43,3,8,425.0,25.0,7.5,0.20003055790871976,0.7999694420912802,657.8947368421052
44,3,8,435.0,25.0,7.5,0.200031053791839,0.799968946208161,657.8947368421052
45,3,8,445.0,25.0,7.5,0.20003155346823215,0.7999684465317678,657.8947368421052
46,3,8,455.0,25.0,7.5,0.20003205777232638,0.7999679422276736,657.8947368421052
47,3,8,465.0,25.0,7.5,0.2000325660317245,0.7999674339682755,657.8947368421052
48,3,8,475.0,25.0,7.5,0.20003307130460474,0.7999669286953952,657.8947368421052
49,3,8,485.0,25.0,7.5,0.2000335471970797,0.7999664528029203,657.8947368421052
50,3,8,495.0,25.0,7.5,0.2000339182043908,0.7999660817956092,657.8947368421052
1,4,8,5.0,35.0,7.5,0.7587201373744015,0.24127986262559853,657.8947368421052
2,4,8,15.0,35.0,7.5,0.736202918340478,0.263797081659522,657.8947368421052
3,4,8,25.0,35.0,7.5,0.712466741502715,0.28753325849728495,657.8947368421052
4,4,8,35.0,35.0,7.5,0.6901489211229425,0.30985107887705754,657.8947368421052
5,4,8,45.0,35.0,7.5,0.6700953845015734,0.32990461549842665,657.8947368421052
6,4,8,55.0,35.0,7.5,0.652265504144371,0.347734495855629,657.8947368421052
7,4,8,65.0,35.0,7.5,0.6363031940881994,0.36369680591180065,657.8947368421052
8,4,8,75.0,35.0,7.5,0.6217718768640742,0.3782281231359258,657.8947368421052
9,4,8,85.0,35.0,7.5,0.6083231852085672,0.3916768147914328,657.8947368421052
10,4,8,95.0,35.0,7.5,0.5956589357290482,0.40434106427095184,657.8947368421052
11,4,8,105.0,35.0,7.5,0.5835522374088351,0.4164477625911649,657.8947368421052
12,4,8,115.0,35.0,7.5,0.571865469430734,0.428134530569266,657.8947368421052
13,4,8,125.0,35.0,7.5,0.5604072748581475,0.43959272514185255,657.8947368421052
14,4,8,135.0,35.0,7.5,0.5489679252636782,0.4510320747363218,657.8947368421052
15,4,8,145.0,35.0,7.5,0.5373014174793566,0.46269858252064344,657.8947368421052
16,4,8,155.0,35.0,7.5,0.525076051389301,0.474923948610699,657.8947368421052
17,4,8,165.0,35.0,7.5,0.5118176049180372,0.4881823950819628,657.8947368421052
18,4,8,175.0,35.0,7.5,0.4967719315273763,0.5032280684726237,657.8947368421052
19,4,8,185.0,35.0,7.5,0.47860649677008915,0.5213935032299108,657.8947368421052
20,4,8,195.0,35.0,7.5,0.4548581121296274,0.5451418878703727,657.8947368421052
21,4,8,205.0,35.0,7.5,0.42045541561354993,0.5795445843864501,657.8947368421052
22,4,8,215.0,35.0,7.5,0.3654900197646216,0.6345099802353784,657.8947368421052
23,4,8,225.0,35.0,7.5,0.28176185026987577,0.7182381497301242,657.8947368421052
24,4,8,235.0,35.0,7.5,0.21299924418431584,0.7870007558156842,657.8947368421052
25,4,8,245.0,35.0,7.5,0.20025851624209143,0.7997414837579085,657.8947368421052
26,4,8,255.0,35.0,7.5,0.20002384919072727,0.7999761508092728,657.8947368421052
27,4,8,265.0,35.0,7.5,0.200022783359647,0.799977216640353,657.8947368421052
28,4,8,275.0,35.0,7.5,0.20002325471261667,0.7999767452873834,657.8947368421052
29,4,8,285.0,35.0,7.5,0.20002373762593412,0.7999762623740658,657.8947368421052
30,4,8,295.0,35.0,7.5,0.20002422177854418,0.7999757782214558,657.8947368421052
31,4,8,305.0,35.0,7.5,0.20002470656229143,0.7999752934377086,657.8947368421052
32,4,8,315.0,35.0,7.5,0.20002519169432095,0.799974808305679,657.8947368421052
33,4,8,325.0,35.0,7.5,0.2000256770475261,0.7999743229524738,657.8947368421052
34,4,8,335.0,35.0,7.5,0.20002616257386063,0.7999738374261394,657.8947368421052
35,4,8,345.0,35.0,7.5,0.2000266482699567,0.7999733517300434,657.8947368421052
36,4,8,355.0,35.0,7.5,0.20002713416447837,0.7999728658355216,657.8947368421052
37,4,8,365.0,35.0,7.5,0.20002762031711427,0.7999723796828857,657.8947368421052
38,4,8,375.0,35.0,7.5,0.2000281068267307,0.7999718931732693,657.8947368421052
39,4,8,385.0,35.0,7.5,0.2000285938489347,0.7999714061510653,657.8947368421052
40,4,8,395.0,35.0,7.5,0.20002908162870403,0.799970918371296,657.8947368421052
41,4,8,405.0,35.0,7.5,0.2000295705581243,0.7999704294418757,657.8947368421052
42,4,8,415.0,35.0,7.5,0.20003006127915016,0.7999699387208499,657.8947368421052
43,4,8,425.0,35.0,7.5,0.2000305548697985,0.7999694451302015,657.8947368421052
44,4,8,435.0,35.0,7.5,0.20003105318343312,0.7999689468165669,657.8947368421052
45,4,8,445.0,35.0,7.5,0.20003155942025722,0.7999684405797428,657.8947368421052
46,4,8,455.0,35.0,7.5,0.20003207897402775,0.7999679210259723,657.8947368421052
47,4,8,465.0,35.0,7.5,0.20003262015040219,0.7999673798495979,657.8947368421052
48,4,8,475.0,35.0,7.5,0.20003319179765136,0.7999668082023487,657.8947368421052
49,4,8,485.0,35.0,7.5,0.20003378578595502,0.799966214214045,657.8947368421052
50,4,8,495.0,35.0,7.5,0.20003432755161246,0.7999656724483876,657.8947368421052
1,5,8,5.0,45.0,7.5,0.7864296943538746,0.21357030564612545,657.8947368421052
2,5,8,15.0,45.0,7.5,0.7654191047950404,0.23458089520495962,657.8947368421052
3,5,8,25.0,45.0,7.5,0.7399974517772951,0.26000254822270485,657.8947368421052
4,5,8,35.0,45.0,7.5,0.7154975176811619,0.2845024823188381,657.8947368421052
5,5,8,45.0,45.0,7.5,0.6935918568864581,0.3064081431135419,657.8947368421052
6,5,8,55.0,45.0,7.5,0.6742103044277984,0.3257896955722016,657.8947368421052
7,5,8,65.0,45.0,7.5,0.6568931960193809,0.3431068039806191,657.8947368421052
8,5,8,75.0,45.0,7.5,0.6412301954726298,0.3587698045273702,657.8947368421052
9,5,8,85.0,45.0,7.5,0.6268459483188481,0.3731540516811519,657.8947368421052
10,5,8,95.0,45.0,7.5,0.61342569497605,0.38657430502394996,657.8947368421052
11,5,8,105.0,45.0,7.5,0.6006789008529947,0.3993210991470053,657.8947368421052
12,5,8,115.0,45.0,7.5,0.5884070635080043,0.4115929364919957,657.8947368421052
13,5,8,125.0,45.0,7.5,0.576444015711872,0.423555984288128,657.8947368421052
14,5,8,135.0,45.0,7.5,0.56460515649696,0.43539484350304003,657.8947368421052
15,5,8,145.0,45.0,7.5,0.5526773617292097,0.44732263827079033,657.8947368421052
16,5,8,155.0,45.0,7.5,0.5403975041116312,0.45960249588836877,657.8947368421052
17,5,8,165.0,45.0,7.5,0.5273947787063779,0.47260522129362215,657.8947368421052
18,5,8,175.0,45.0,7.5,0.5131075389198612,0.48689246108013884,657.8947368421052
19,5,8,185.0,45.0,7.5,0.4966254427123588,0.5033745572876411,657.8947368421052
20,5,8,195.0,45.0,7.5,0.4762792727947561,0.5237207272052439,657.8947368421052
21,5,8,205.0,45.0,7.5,0.44886672776964154,0.5511332722303585,657.8947368421052
22,5,8,215.0,45.0,7.5,0.4076430479172454,0.5923569520827545,657.8947368421052
23,5,8,225.0,45.0,7.5,0.34051528491780625,0.6594847150821938,657.8947368421052
24,5,8,235.0,45.0,7.5,0.25060701910547584,0.7493929808945241,657.8947368421052
25,5,8,245.0,45.0,7.5,0.20396110301345222,0.7960388969865477,657.8947368421052
26,5,8,255.0,45.0,7.5,0.20005073180441346,0.7999492681955865,657.8947368421052
27,5,8,265.0,45.0,7.5,0.20002297330190014,0.7999770266980999,657.8947368421052
28,5,8,275.0,45.0,7.5,0.20002325781484728,0.7999767421851527,657.8947368421052
29,5,8,285.0,45.0,7.5,0.2000237382156229,0.7999762617843771,657.8947368421052
30,5,8,295.0,45.0,7.5,0.20002422181765478,0.7999757781823452,657.8947368421052
31,5,8,305.0,45.0,7.5,0.20002470633390146,0.7999752936660985,657.8947368421052
32,5,8,315.0,45.0,7.5,0.2000251912898138,0.7999748087101862,657.8947368421052
33,5,8,325.0,45.0,7.5,0.200025676481105,0.799974323518895,657.8947368421052
34,5,8,335.0,45.0,7.5,0.20002616181894367,0.7999738381810564,657.8947368421052
35,5,8,345.0,45.0,7.5,0.20002664727139907,0.7999733527286009,657.8947368421052
36,5,8,355.0,45.0,7.5,0.20002713284097076,0.7999728671590293,657.8947368421052
37,5,8,365.0,45.0,7.5,0.20002761855982554,0.7999723814401745,657.8947368421052
38,5,8,375.0,45.0,7.5,0.2000281044964144,0.7999718955035856,657.8947368421052
39,5,8,385.0,45.0,7.5,0.2000285907745413,0.7999714092254587,657.8947368421052
40,5,8,395.0,45.0,7.5,0.20002907761158997,0.79997092238841,657.8947368421052
41,5,8,405.0,45.0,7.5,0.20002956539033268,0.7999704346096673,657.8947368421052
42,5,8,415.0,45.0,7.5,0.20003005479171157,0.7999699452082885,657.8947368421052
43,5,8,425.0,45.0,7.5,0.20003054704356135,0.7999694529564386,657.8947368421052
44,5,8,435.0,45.0,7.5,0.20003104439228536,0.7999689556077146,657.8947368421052
45,5,8,445.0,45.0,7.5,0.20003155101655418,0.7999684489834458,657.8947368421052
46,5,8,455.0,45.0,7.5,0.20003207483498558,0.7999679251650145,657.8947368421052
47,5,8,465.0,45.0,7.5,0.20003263078994948,0.7999673692100505,657.8947368421052
48,5,8,475.0,45.0,7.5,0.2000332431639438,0.7999667568360562,657.8947368421052
49,5,8,485.0,45.0,7.5,0.20003391020844277,0.7999660897915573,657.8947368421052
50,5,8,495.0,45.0,7.5,0.20003439887855387,0.7999656011214461,657.8947368421052
1,6,8,5.0,55.0,7.5,0.7606096970699353,0.2393903029300647,657.8947368421052
2,6,8,15.0,55.0,7.5,0.7392677018683739,0.26073229813162613,657.8947368421052
3,6,8,25.0,55.0,7.5,0.716585814463646,0.283414185536354,657.8947368421052
4,6,8,35.0,55.0,7.5,0.6950243044810537,0.3049756955189463,657.8947368421052
5,6,8,45.0,55.0,7.5,0.6754323879710618,0.32456761202893825,657.8947368421052
6,6,8,55.0,55.0,7.5,0.6578136964127299,0.3421863035872701,657.8947368421052
7,6,8,65.0,55.0,7.5,0.6418730794394755,0.35812692056052453,657.8947368421052
8,6,8,75.0,55.0,7.5,0.6272752759040434,0.3727247240959566,657.8947368421052
9,6,8,85.0,55.0,7.5,0.6137219614653011,0.3862780385346989,657.8947368421052
10,6,8,95.0,55.0,7.5,0.6009500163555879,0.39904998364441213,657.8947368421052
11,6,8,105.0,55.0,7.5,0.5887096428784139,0.4112903571215861,657.8947368421052
12,6,8,115.0,55.0,7.5,0.5768642068482361,0.42313579315176386,657.8947368421052
13,6,8,125.0,55.0,7.5,0.5652389567278472,0.4347610432721528,657.8947368421052
14,6,8,135.0,55.0,7.5,0.5536372694591217,0.44636273054087827,657.8947368421052
15,6,8,145.0,55.0,7.5,0.5418285118504382,0.45817148814956177,657.8947368421052
16,6,8,155.0,55.0,7.5,0.529507361182821,0.47049263881717895,657.8947368421052
17,6,8,165.0,55.0,7.5,0.5162240947461626,0.4837759052538374,657.8947368421052
18,6,8,175.0,55.0,7.5,0.5012919183894746,0.4987080816105254,657.8947368421052
19,6,8,185.0,55.0,7.5,0.4835016247065981,0.5164983752934019,657.8947368421052
20,6,8,195.0,55.0,7.5,0.46063020128869847,0.5393697987113015,657.8947368421052
21,6,8,205.0,55.0,7.5,0.4281761468315137,0.5718238531684863,657.8947368421052
22,6,8,215.0,55.0,7.5,0.3770342583216219,0.622965741678378,657.8947368421052
23,6,8,225.0,55.0,7.5,0.2965479572492459,0.7034520427507541,657.8947368421052
24,6,8,235.0,55.0,7.5,0.21957176279018417,0.7804282372098158,657.8947368421052
25,6,8,245.0,55.0,7.5,0.20055287866617422,0.7994471213338258,657.8947368421052
26,6,8,255.0,55.0,7.5,0.20002583077252356,0.7999741692274764,657.8947368421052
27,6,8,265.0,55.0,7.5,0.20002279711384469,0.7999772028861554,657.8947368421052
28,6,8,275.0,55.0,7.5,0.2000232548272823,0.7999767451727177,657.8947368421052
29,6,8,285.0,55.0,7.5,0.20002373720948916,0.7999762627905108,657.8947368421052
30,6,8,295.0,55.0,7.5,0.20002422112107332,0.7999757788789267,657.8947368421052
31,6,8,305.0,55.0,7.5,0.20002470572927716,0.7999752942707228,657.8947368421052
32,6,8,315.0,55.0,7.5,0.20002519067334062,0.7999748093266594,657.8947368421052
33,6,8,325.0,55.0,7.5,0.2000256757775819,0.7999743242224181,657.8947368421052
34,6,8,335.0,55.0,7.5,0.20002616095424358,0.7999738390457565,657.8947368421052
35,6,8,345.0,55.0,7.5,0.20002664615874116,0.7999733538412588,657.8947368421052
36,6,8,355.0,55.0,7.5,0.20002713137045613,0.7999728686295439,657.8947368421052
37,6,8,365.0,55.0,7.5,0.20002761658648247,0.7999723834135175,657.8947368421052
38,6,8,375.0,55.0,7.5,0.20002810182533373,0.7999718981746663,657.8947368421052
39,6,8,385.0,55.0,7.5,0.20002858714006086,0.7999714128599391,657.8947368421052
40,6,8,395.0,55.0,7.5,0.20002907264781486,0.7999709273521851,657.8947368421052
41,6,8,405.0,55.0,7.5,0.20002955858613966,0.7999704414138603,657.8947368421052
42,6,8,415.0,55.0,7.5,0.20003004541797065,0.7999699545820294,657.8947368421052
43,6,8,425.0,55.0,7.5,0.20003053402222756,0.7999694659777724,657.8947368421052
44,6,8,435.0,55.0,7.5,0.20003102603100362,0.7999689739689964,657.8947368421052
45,6,8,445.0,55.0,7.5,0.2000315243919112,0.7999684756080888,657.8947368421052
46,6,8,455.0,55.0,7.5,0.20003203416416532,0.7999679658358347,657.8947368421052
47,6,8,465.0,55.0,7.5,0.2000325629876649,0.7999674370123351,657.8947368421052
48,6,8,475.0,55.0,7.5,0.2000331180153111,0.7999668819846889,657.8947368421052
49,6,8,485.0,55.0,7.5,0.20003368815628633,0.7999663118437137,657.8947368421052
50,6,8,495.0,55.0,7.5,0.20003419840060668,0.7999658015993933,657.8947368421052
1,7,8,5.0,65.0,7.5,0.7280021580264046,0.27199784197359544,657.8947368421052
2,7,8,15.0,65.0,7.5,0.7093284007066646,0.2906715992933354,657.8947368421052
3,7,8,25.0,65.0,7.5,0.689830918844532,0.31016908115546804,657.8947368421052
4,7,8,35.0,65.0,7.5,0.6712001766160245,0.3287998233839755,657.8947368421052
5,7,8,45.0,65.0,7.5,0.6540210173510539,0.3459789826489461,657.8947368421052
6,7,8,55.0,65.0,7.5,0.6383210954940794,0.36167890450592055,657.8947368421052
7,7,8,65.0,65.0,7.5,0.6239120112275551,0.37608798877244487,657.8947368421052
8,7,8,75.0,65.0,7.5,0.6105546229054891,0.3894453770945109,657.8947368421052
9,7,8,85.0,65.0,7.5,0.5980037041405416,0.4019962958594584,657.8947368421052
10,7,8,95.0,65.0,7.5,0.5860169926532112,0.41398300734678883,657.8947368421052
11,7,8,105.0,65.0,7.5,0.5744649635958844,0.4255350364041156,657.8947368421052
12,7,8,115.0,65.0,7.5,0.5631773447333024,0.4368226552666976,657.8947368421052
13,7,8,125.0,65.0,7.5,0.5519646130181366,0.4480353869818634,657.8947368421052
14,7,8,135.0,65.0,7.5,0.5406120897045018,0.4593879102954982,657.8947368421052
15,7,8,145.0,65.0,7.5,0.5288407805751898,0.4711592194248102,657.8947368421052
16,7,8,155.0,65.0,7.5,0.5162494063453829,0.48375059365461714,657.8947368421052
17,7,8,165.0,65.0,7.5,0.5022383485831772,0.4977616514168228,657.8947368421052
18,7,8,175.0,65.0,7.5,0.48577742078471375,0.5142225792152862,657.8947368421052
19,7,8,185.0,65.0,7.5,0.46501953274541963,0.5349804672545804,657.8947368421052
20,7,8,195.0,65.0,7.5,0.4363182236599873,0.5636817763400127,657.8947368421052
21,7,8,205.0,65.0,7.5,0.3922136392610053,0.6077863607389947,657.8947368421052
22,7,8,215.0,65.0,7.5,0.3210467513183576,0.6789532486816424,657.8947368421052
23,7,8,225.0,65.0,7.5,0.23626154969605329,0.7637384503039467,657.8947368421052
24,7,8,235.0,65.0,7.5,0.2019519626938932,0.7980480373061067,657.8947368421052
25,7,8,245.0,65.0,7.5,0.20003531599166116,0.7999646840083389,657.8947368421052
26,7,8,255.0,65.0,7.5,0.20002237469801717,0.7999776253019828,657.8947368421052
27,7,8,265.0,65.0,7.5,0.20002276820681045,0.7999772317931896,657.8947368421052
28,7,8,275.0,65.0,7.5,0.2000232510385535,0.7999767489614464,657.8947368421052
29,7,8,285.0,65.0,7.5,0.20002373519820293,0.7999762648017971,657.8947368421052
30,7,8,295.0,65.0,7.5,0.20002421988816563,0.7999757801118343,657.8947368421052
31,7,8,305.0,65.0,7.5,0.2000247048473962,0.7999752951526038,657.8947368421052
32,7,8,315.0,65.0,7.5,0.20002518991856205,0.7999748100814379,657.8947368421052
33,7,8,325.0,65.0,7.5,0.20002567501074267,0.7999743249892574,657.8947368421052
34,7,8,335.0,65.0,7.5,0.20002616006630047,0.7999738399336995,657.8947368421052
35,7,8,345.0,65.0,7.5,0.2000266450419371,0.7999733549580629,657.8947368421052
36,7,8,355.0,65.0,7.5,0.2000271298977618,0.7999728701022382,657.8947368421052
37,7,8,365.0,65.0,7.5,0.20002761459196947,0.7999723854080305,657.8947368421052
38,7,8,375.0,65.0,7.5,0.20002809907873373,0.7999719009212662,657.8947368421052
39,7,8,385.0,65.0,7.5,0.2000285833106657,0.7999714166893344,657.8947368421052
40,7,8,395.0,65.0,7.5,0.20002906724654915,0.7999709327534509,657.8947368421052
41,7,8,405.0,65.0,7.5,0.20002955086991306,0.799970449130087,657.8947368421052
42,7,8,415.0,65.0,7.5,0.2000300342237207,0.7999699657762793,657.8947368421052
43,7,8,425.0,65.0,7.5,0.20003051746737255,0.7999694825326275,657.8947368421052
44,7,8,435.0,65.0,7.5,0.2000310009493988,0.7999689990506011,657.8947368421052
45,7,8,445.0,65.0,7.5,0.20003148523302794,0.7999685147669721,657.8947368421052
46,7,8,455.0,65.0,7.5,0.20003197081500862,0.7999680291849913,657.8947368421052
47,7,8,465.0,65.0,7.5,0.20003245669948583,0.7999675433005142,657.8947368421052
48,7,8,475.0,65.0,7.5,0.20003293561894303,0.799967064381057,657.8947368421052
49,7,8,485.0,65.0,7.5,0.20003338162381185,0.7999666183761882,657.8947368421052
50,7,8,495.0,65.0,7.5,0.20003372433167907,0.7999662756683209,657.8947368421052
1,8,8,5.0,75.0,7.5,0.6883198720232137,0.31168012797678635,657.8947368421052
2,8,8,15.0,75.0,7.5,0.6733405325908386,0.3266594674091614,657.8947368421052
3,8,8,25.0,75.0,7.5,0.6573986749808725,0.34260132501912754,657.8947368421052
4,8,8,35.0,75.0,7.5,0.6418624108384139,0.3581375891615861,657.8947368421052
5,8,8,45.0,75.0,7.5,0.6272374669003009,0.3727625330996991,657.8947368421052
6,8,8,55.0,75.0,7.5,0.6136046452514881,0.38639535474851194,657.8947368421052
7,8,8,65.0,75.0,7.5,0.600863323465705,0.39913667653429497,657.8947368421052
8,8,8,75.0,75.0,7.5,0.5888150381039926,0.4111849618960074,657.8947368421052
9,8,8,85.0,75.0,7.5,0.5773206109948219,0.4226793890051781,657.8947368421052
10,8,8,95.0,75.0,7.5,0.5662455263616408,0.4337544736383592,657.8947368421052
11,8,8,105.0,75.0,7.5,0.5554122697919022,0.44458773020809783,657.8947368421052
12,8,8,115.0,75.0,7.5,0.5446412177119617,0.4553587822880383,657.8947368421052
13,8,8,125.0,75.0,7.5,0.5337206275622453,0.46627937243775475,657.8947368421052
14,8,8,135.0,75.0,7.5,0.5223483009734933,0.4776516990265067,657.8947368421052
15,8,8,145.0,75.0,7.5,0.5101322844626716,0.48986771553732844,657.8947368421052
16,8,8,155.0,75.0,7.5,0.4964526694399171,0.5035473305600828,657.8947368421052
17,8,8,165.0,75.0,7.5,0.48022151812124286,0.5197784818787572,657.8947368421052
18,8,8,175.0,75.0,7.5,0.45957877201708836,0.5404212279829117,657.8947368421052
19,8,8,185.0,75.0,7.5,0.4307086665828337,0.5692913334171663,657.8947368421052
20,8,8,195.0,75.0,7.5,0.3861658052672471,0.6138341947327529,657.8947368421052
21,8,8,205.0,75.0,7.5,0.31507317472689017,0.6849268252731098,657.8947368421052
22,8,8,215.0,75.0,7.5,0.23357838728120833,0.7664216127187917,657.8947368421052
23,8,8,225.0,75.0,7.5,0.20171047712646858,0.7982895228735314,657.8947368421052
24,8,8,235.0,75.0,7.5,0.2000332366186106,0.7999667633813894,657.8947368421052
25,8,8,245.0,75.0,7.5,0.2000218649834453,0.7999781350165547,657.8947368421052
26,8,8,255.0,75.0,7.5,0.2000222743556101,0.7999777256443898,657.8947368421052
27,8,8,265.0,75.0,7.5,0.20002276104947667,0.7999772389505233,657.8947368421052
28,8,8,275.0,75.0,7.5,0.20002324720905654,0.7999767527909435,657.8947368421052
29,8,8,285.0,75.0,7.5,0.20002373296488807,0.7999762670351119,657.8947368421052
30,8,8,295.0,75.0,7.5,0.20002421850704336,0.7999757814929567,657.8947368421052
31,8,8,305.0,75.0,7.5,0.20002470389931792,0.7999752961006821,657.8947368421052
32,8,8,315.0,75.0,7.5,0.2000251891607652,0.7999748108392348,657.8947368421052
33,8,8,325.0,75.0,7.5,0.20002567428830229,0.7999743257116977,657.8947368421052
34,8,8,335.0,75.0,7.5,0.20002615926261755,0.7999738407373824,657.8947368421052
35,8,8,345.0,75.0,7.5,0.20002664404782292,0.7999733559521771,657.8947368421052
36,8,8,355.0,75.0,7.5,0.20002712858890503,0.799972871411095,657.8947368421052
37,8,8,365.0,75.0,7.5,0.20002761280616874,0.7999723871938312,657.8947368421052
38,8,8,375.0,75.0,7.5,0.20002809658720686,0.7999719034127931,657.8947368421052
39,8,8,385.0,75.0,7.5,0.20002857977489527,0.7999714202251047,657.8947368421052
40,8,8,395.0,75.0,7.5,0.20002906214958693,0.7999709378504131,657.8947368421052
41,8,8,405.0,75.0,7.5,0.20002954340138074,0.7999704565986192,657.8947368421052
42,8,8,415.0,75.0,7.5,0.20003002308386855,0.7999699769161315,657.8947368421052
43,8,8,425.0,75.0,7.5,0.20003050052942958,0.7999694994705704,657.8947368421052
44,8,8,435.0,75.0,7.5,0.2000309746781225,0.7999690253218775,657.8947368421052
45,8,8,445.0,75.0,7.5,0.20003144370295586,0.7999685562970441,657.8947368421052
46,8,8,455.0,75.0,7.5,0.20003190415401684,0.7999680958459832,657.8947368421052
47,8,8,465.0,75.0,7.5,0.20003234901358616,0.7999676509864139,657.8947368421052
48,8,8,475.0,75.0,7.5,0.2000327635327631,0.7999672364672369,657.8947368421052
49,8,8,485.0,75.0,7.5,0.20003311736491702,0.799966882635083,657.8947368421052
50,8,8,495.0,75.0,7.5,0.20003335277121248,0.7999666472287875,657.8947368421052
1,9,8,5.0,85.0,7.5,0.6386571600528919,0.36134283994710814,657.8947368421052
2,9,8,15.0,85.0,7.5,0.6274353054516446,0.3725646945483554,657.8947368421052
3,9,8,25.0,85.0,7.5,0.6150453327607831,0.3849546672392169,657.8947368421052
4,9,8,35.0,85.0,7.5,0.6025728806331654,0.3974271193668346,657.8947368421052
5,9,8,45.0,85.0,7.5,0.5904730884852574,0.40952691151474263,657.8947368421052
6,9,8,55.0,85.0,7.5,0.5788390937187878,0.42116090628121217,657.8947368421052
7,9,8,65.0,85.0,7.5,0.5677057320894104,0.43229426791058956,657.8947368421052
8,9,8,75.0,85.0,7.5,0.5570091003552924,0.4429908996447076,657.8947368421052
9,9,8,85.0,85.0,7.5,0.5466178779749312,0.4533821220250688,657.8947368421052
10,9,8,95.0,85.0,7.5,0.5363777132675017,0.4636222867324983,657.8947368421052
11,9,8,105.0,85.0,7.5,0.5260846656676061,0.47391533433239386,657.8947368421052
12,9,8,115.0,85.0,7.5,0.5154752062169135,0.48452479378308655,657.8947368421052
13,9,8,125.0,85.0,7.5,0.504206316164014,0.495793683835986,657.8947368421052
14,9,8,135.0,85.0,7.5,0.49172067035731243,0.5082793296426875,657.8947368421052
15,9,8,145.0,85.0,7.5,0.47714049804234065,0.5228595019576594,657.8947368421052
16,9,8,155.0,85.0,7.5,0.4589614113664399,0.54103858863356,657.8947368421052
17,9,8,165.0,85.0,7.5,0.4342401893090227,0.5657598106909774,657.8947368421052
18,9,8,175.0,85.0,7.5,0.39751552818819563,0.6024844718118043,657.8947368421052
19,9,8,185.0,85.0,7.5,0.33966488711008996,0.66033511288991,657.8947368421052
20,9,8,195.0,85.0,7.5,0.2616474518546358,0.7383525481453642,657.8947368421052
21,9,8,205.0,85.0,7.5,0.2087146775670243,0.7912853224329757,657.8947368421052
22,9,8,215.0,85.0,7.5,0.20016931105006422,0.7998306889499358,657.8947368421052
23,9,8,225.0,85.0,7.5,0.20002184678986734,0.7999781532101327,657.8947368421052
24,9,8,235.0,85.0,7.5,0.2000212835327081,0.7999787164672919,657.8947368421052
25,9,8,245.0,85.0,7.5,0.20002177363138937,0.7999782263686106,657.8947368421052
26,9,8,255.0,85.0,7.5,0.2000222663703293,0.7999777336296707,657.8947368421052
27,9,8,265.0,85.0,7.5,0.20002275620766308,0.7999772437923369,657.8947368421052
28,9,8,275.0,85.0,7.5,0.20002324423286938,0.7999767557671307,657.8947368421052
29,9,8,285.0,85.0,7.5,0.200023731143,0.799976268857,657.8947368421052
30,9,8,295.0,85.0,7.5,0.2000242173558071,0.7999757826441929,657.8947368421052
31,9,8,305.0,85.0,7.5,0.20002470311407142,0.7999752968859286,657.8947368421052
32,9,8,315.0,85.0,7.5,0.20002518855034002,0.79997481144966,657.8947368421052
33,9,8,325.0,85.0,7.5,0.20002567372575142,0.7999743262742486,657.8947368421052
34,9,8,335.0,85.0,7.5,0.2000261586518257,0.7999738413481743,657.8947368421052
35,9,8,345.0,85.0,7.5,0.20002664330055747,0.7999733566994425,657.8947368421052
36,9,8,355.0,85.0,7.5,0.20002712760594882,0.7999728723940511,657.8947368421052
37,9,8,365.0,85.0,7.5,0.20002761145795603,0.799972388542044,657.8947368421052
38,9,8,375.0,85.0,7.5,0.20002809468895194,0.7999719053110481,657.8947368421052
39,9,8,385.0,85.0,7.5,0.20002857704919796,0.799971422950802,657.8947368421052
40,9,8,395.0,85.0,7.5,0.20002905816631433,0.7999709418336857,657.8947368421052
41,9,8,405.0,85.0,7.5,0.20002953747827498,0.799970462521725,657.8947368421052
42,9,8,415.0,85.0,7.5,0.20003001412127555,0.7999699858787245,657.8947368421052
43,9,8,425.0,85.0,7.5,0.2000304867382896,0.7999695132617104,657.8947368421052
44,9,8,435.0,85.0,7.5,0.2000309531458842,0.7999690468541159,657.8947368421052
45,9,8,445.0,85.0,7.5,0.20003140974490927,0.7999685902550907,657.8947368421052
46,9,8,455.0,85.0,7.5,0.2000318504718094,0.7999681495281906,657.8947368421052
47,9,8,465.0,85.0,7.5,0.20003226496156307,0.7999677350384369,657.8947368421052
48,9,8,475.0,85.0,7.5,0.20003263552424094,0.799967364475759,657.8947368421052
49,9,8,485.0,85.0,7.5,0.20003293297018826,0.7999670670298118,657.8947368421052
50,9,8,495.0,85.0,7.5,0.20003311373454455,0.7999668862654554,657.8947368421052
1,10,8,5.0,95.0,7.5,0.559494484512175,0.440505515487825,657.8947368421052
2,10,8,15.0,95.0,7.5,0.5514256495826293,0.4485743504173707,657.8947368421052
3,10,8,25.0,95.0,7.5,0.5420014802781005,0.45799851972189953,657.8947368421052
4,10,8,35.0,95.0,7.5,0.5319458913762872,0.4680541086237128,657.8947368421052
5,10,8,45.0,95.0,7.5,0.5216731508306074,0.4783268491693926,657.8947368421052
6,10,8,55.0,95.0,7.5,0.5114619258923541,0.48853807410764594,657.8947368421052
7,10,8,65.0,95.0,7.5,0.5013235108837449,0.49867648911625506,657.8947368421052
8,10,8,75.0,95.0,7.5,0.4911530250828725,0.5088469749171275,657.8947368421052
9,10,8,85.0,95.0,7.5,0.4807442942039513,0.5192557057960487,657.8947368421052
10,10,8,95.0,95.0,7.5,0.4697255285696438,0.5302744714303562,657.8947368421052
11,10,8,105.0,95.0,7.5,0.457531081103307,0.542468918896693,657.8947368421052
12,10,8,115.0,95.0,7.5,0.443233294680366,0.556766705319634,657.8947368421052
13,10,8,125.0,95.0,7.5,0.4251382885757105,0.5748617114242895,657.8947368421052
14,10,8,135.0,95.0,7.5,0.40048251680754654,0.5995174831924535,657.8947368421052
15,10,8,145.0,95.0,7.5,0.36454511733024697,0.635454882669753,657.8947368421052
16,10,8,155.0,95.0,7.5,0.31255894378036403,0.687441056219636,657.8947368421052
17,10,8,165.0,95.0,7.5,0.25289123731294805,0.747108762687052,657.8947368421052
18,10,8,175.0,95.0,7.5,0.21349744915858468,0.7865025508414153,657.8947368421052
19,10,8,185.0,95.0,7.5,0.20220443809183467,0.7977955619081654,657.8947368421052
20,10,8,195.0,95.0,7.5,0.20022189840407092,0.7997781015959291,657.8947368421052
21,10,8,205.0,95.0,7.5,0.20002290763923572,0.7999770923607643,657.8947368421052
22,10,8,215.0,95.0,7.5,0.20002028024587493,0.7999797197541251,657.8947368421052
23,10,8,225.0,95.0,7.5,0.20002076659676568,0.7999792334032343,657.8947368421052
24,10,8,235.0,95.0,7.5,0.20002127007023365,0.7999787299297664,657.8947368421052
25,10,8,245.0,95.0,7.5,0.2000217684491509,0.7999782315508491,657.8947368421052
26,10,8,255.0,95.0,7.5,0.20002226263395065,0.7999777373660494,657.8947368421052
27,10,8,265.0,95.0,7.5,0.2000227537109054,0.7999772462890946,657.8947368421052
28,10,8,275.0,95.0,7.5,0.20002324263653323,0.7999767573634667,657.8947368421052
29,10,8,285.0,95.0,7.5,0.20002373013658772,0.7999762698634123,657.8947368421052
30,10,8,295.0,95.0,7.5,0.20002421670961926,0.7999757832903808,657.8947368421052
31,10,8,305.0,95.0,7.5,0.20002470267261493,0.799975297327385,657.8947368421052
32,10,8,315.0,95.0,7.5,0.2000251882108452,0.7999748117891547,657.8947368421052
33,10,8,325.0,95.0,7.5,0.20002567341788824,0.7999743265821118,657.8947368421052
34,10,8,335.0,95.0,7.5,0.20002615832189807,0.7999738416781019,657.8947368421052
35,10,8,345.0,95.0,7.5,0.20002664289937394,0.799973357100626,657.8947368421052
36,10,8,355.0,95.0,7.5,0.20002712707833203,0.799972872921668,657.8947368421052
37,10,8,365.0,95.0,7.5,0.20002761073199835,0.7999723892680016,657.8947368421052
38,10,8,375.0,95.0,7.5,0.20002809366131033,0.7999719063386896,657.8947368421052
39,10,8,385.0,95.0,7.5,0.20002857556355944,0.7999714244364405,657.8947368421052
40,10,8,395.0,95.0,7.5,0.2000290559785228,0.7999709440214772,657.8947368421052
41,10,8,405.0,95.0,7.5,0.20002953419921726,0.7999704658007827,657.8947368421052
42,10,8,415.0,95.0,7.5,0.2000300091231014,0.7999699908768986,657.8947368421052
43,10,8,425.0,95.0,7.5,0.20003047900410195,0.799969520995898,657.8947368421052
44,10,8,435.0,95.0,7.5,0.2000309410397798,0.7999690589602202,657.8947368421052
45,10,8,445.0,95.0,7.5,0.20003139069188475,0.7999686093081153,657.8947368421052
46,10,8,455.0,95.0,7.5,0.2000318205961451,0.7999681794038549,657.8947368421052
47,10,8,465.0,95.0,7.5,0.2000322189041783,0.7999677810958217,657.8947368421052
48,10,8,475.0,95.0,7.5,0.20003256704698308,0.7999674329530169,657.8947368421052
49,10,8,485.0,95.0,7.5,0.20003283761188578,0.7999671623881142,657.8947368421052
50,10,8,495.0,95.0,7.5,0.20003299514477887,0.7999670048552211,657.8947368421052
1,1,9,5.0,5.0,8.5,0.6128526482748928,0.38714735172510717,728.0701754385964
2,1,9,15.0,5.0,8.5,0.6023769916716557,0.3976230083283443,728.0701754385964
3,1,9,25.0,5.0,8.5,0.5908185317151824,0.4091814682848176,728.0701754385964
4,1,9,35.0,5.0,8.5,0.5792261518152647,0.4207738481847353,728.0701754385964
5,1,9,45.0,5.0,8.5,0.5680335029504961,0.43196649704950385,728.0701754385964
6,1,9,55.0,5.0,8.5,0.5573294787031638,0.44267052129683615,728.0701754385964
7,1,9,65.0,5.0,8.5,0.5470971228024175,0.4529028771975825,728.0701754385964
8,1,9,75.0,5.0,8.5,0.5372923610341123,0.46270763896588774,728.0701754385964
9,1,9,85.0,5.0,8.5,0.5278099021267686,0.4721900978732314,728.0701754385964
10,1,9,95.0,5.0,8.5,0.5185126757037484,0.48148732429625163,728.0701754385964
11,1,9,105.0,5.0,8.5,0.5092349373355047,0.49076506266449527,728.0701754385964
12,1,9,115.0,5.0,8.5,0.4997390659118301,0.5002609340881699,728.0701754385964
13,1,9,125.0,5.0,8.5,0.4897162965160301,0.5102837034839699,728.0701754385964
14,1,9,135.0,5.0,8.5,0.4786924614264229,0.521307538573577,728.0701754385964
15,1,9,145.0,5.0,8.5,0.46586994741367643,0.5341300525863235,728.0701754385964
16,1,9,155.0,5.0,8.5,0.44994463311094496,0.5500553668890551,728.0701754385964
17,1,9,165.0,5.0,8.5,0.4284163177140891,0.5715836822859108,728.0701754385964
18,1,9,175.0,5.0,8.5,0.3965534318900153,0.6034465681099848,728.0701754385964
19,1,9,185.0,5.0,8.5,0.34629325072695116,0.6537067492730488,728.0701754385964
20,1,9,195.0,5.0,8.5,0.27432572259145677,0.7256742774085432,728.0701754385964
21,1,9,205.0,5.0,8.5,0.21581577456266404,0.7841842254373359,728.0701754385964
22,1,9,215.0,5.0,8.5,0.20088434436016472,0.7991156556398353,728.0701754385964
23,1,9,225.0,5.0,8.5,0.20002743224132025,0.7999725677586798,728.0701754385964
24,1,9,235.0,5.0,8.5,0.20002111726628555,0.7999788827337144,728.0701754385964
25,1,9,245.0,5.0,8.5,0.20002156372167124,0.7999784362783288,728.0701754385964
26,1,9,255.0,5.0,8.5,0.20002205730030645,0.7999779426996936,728.0701754385964
27,1,9,265.0,5.0,8.5,0.20002254768069655,0.7999774523193035,728.0701754385964
28,1,9,275.0,5.0,8.5,0.2000230358629643,0.7999769641370357,728.0701754385964
29,1,9,285.0,5.0,8.5,0.2000235227765622,0.7999764772234378,728.0701754385964
30,1,9,295.0,5.0,8.5,0.20002400900887057,0.7999759909911295,728.0701754385964
31,1,9,305.0,5.0,8.5,0.20002449491578714,0.7999755050842129,728.0701754385964
32,1,9,315.0,5.0,8.5,0.20002498071136984,0.7999750192886301,728.0701754385964
33,1,9,325.0,5.0,8.5,0.20002546653027,0.79997453346973,728.0701754385964
34,1,9,335.0,5.0,8.5,0.20002595246779717,0.7999740475322028,728.0701754385964
35,1,9,345.0,5.0,8.5,0.20002643860494007,0.7999735613950599,728.0701754385964
36,1,9,355.0,5.0,8.5,0.20002692502404693,0.799973074975953,728.0701754385964
37,1,9,365.0,5.0,8.5,0.20002741181831282,0.7999725881816871,728.0701754385964
38,1,9,375.0,5.0,8.5,0.20002789909631188,0.7999721009036881,728.0701754385964
39,1,9,385.0,5.0,8.5,0.2000283869800895,0.7999716130199105,728.0701754385964
40,1,9,395.0,5.0,8.5,0.20002887559114635,0.7999711244088537,728.0701754385964
41,1,9,405.0,5.0,8.5,0.20002936501334545,0.7999706349866545,728.0701754385964
42,1,9,415.0,5.0,8.5,0.20002985520938005,0.79997014479062,728.0701754385964
43,1,9,425.0,5.0,8.5,0.20003034584688434,0.7999696541531156,728.0701754385964
44,1,9,435.0,5.0,8.5,0.20003083595311297,0.799969164046887,728.0701754385964
45,1,9,445.0,5.0,8.5,0.20003132324282044,0.7999686767571795,728.0701754385964
46,1,9,455.0,5.0,8.5,0.20003180284528702,0.799968197154713,728.0701754385964
47,1,9,465.0,5.0,8.5,0.2000322649491337,0.7999677350508663,728.0701754385964
48,1,9,475.0,5.0,8.5,0.2000326906147485,0.7999673093852515,728.0701754385964
49,1,9,485.0,5.0,8.5,0.20003304506065267,0.7999669549393473,728.0701754385964
50,1,9,495.0,5.0,8.5,0.20003327049019617,0.7999667295098039,728.0701754385964
1,2,9,5.0,15.0,8.5,0.6836957835413567,0.31630421645864326,728.0701754385964
2,2,9,15.0,15.0,8.5,0.6691472677519029,0.3308527322480971,728.0701754385964
3,2,9,25.0,15.0,8.5,0.6538349407812747,0.3461650592187253,728.0701754385964
4,2,9,35.0,15.0,8.5,0.6390845033960127,0.36091549660398725,728.0701754385964
5,2,9,45.0,15.0,8.5,0.6253368018075411,0.37466319819245886,728.0701754385964
6,2,9,55.0,15.0,8.5,0.6126346431922427,0.3873653568077573,728.0701754385964
7,2,9,65.0,15.0,8.5,0.6008459524217905,0.3991540475782095,728.0701754385964
8,2,9,75.0,15.0,8.5,0.5897815892554543,0.4102184107445457,728.0701754385964
9,2,9,85.0,15.0,8.5,0.579300025324733,0.420699974675267,728.0701754385964
10,2,9,95.0,15.0,8.5,0.5692487515060204,0.4307512484939796,728.0701754385964
11,2,9,105.0,15.0,8.5,0.5594808652602775,0.4405191347397225,728.0701754385964
12,2,9,115.0,15.0,8.5,0.549836994918581,0.45016300508141904,728.0701754385964
13,2,9,125.0,15.0,8.5,0.5401353644782436,0.4598646355217564,728.0701754385964
14,2,9,135.0,15.0,8.5,0.5301641465856247,0.4698358534143753,728.0701754385964
15,2,9,145.0,15.0,8.5,0.5196214780699137,0.48037852193008634,728.0701754385964
16,2,9,155.0,15.0,8.5,0.5080664783172374,0.4919335216827626,728.0701754385964
17,2,9,165.0,15.0,8.5,0.49481318801565377,0.5051868119843462,728.0701754385964
18,2,9,175.0,15.0,8.5,0.4786274180698511,0.5213725819301489,728.0701754385964
19,2,9,185.0,15.0,8.5,0.4572566406865323,0.5427433593134676,728.0701754385964
20,2,9,195.0,15.0,8.5,0.4261278873911395,0.5738721126088605,728.0701754385964
21,2,9,205.0,15.0,8.5,0.37612708490822455,0.6238729150917754,728.0701754385964
22,2,9,215.0,15.0,8.5,0.29695439232595966,0.7030456076740403,728.0701754385964
23,2,9,225.0,15.0,8.5,0.22052931730140768,0.7794706826985923,728.0701754385964
24,2,9,235.0,15.0,8.5,0.200657324223655,0.799342675776345,728.0701754385964
25,2,9,245.0,15.0,8.5,0.20002626784541877,0.7999737321545812,728.0701754385964
26,2,9,255.0,15.0,8.5,0.20002209703795534,0.7999779029620446,728.0701754385964
27,2,9,265.0,15.0,8.5,0.2000225510608818,0.7999774489391183,728.0701754385964
28,2,9,275.0,15.0,8.5,0.20002303755348727,0.7999769624465127,728.0701754385964
29,2,9,285.0,15.0,8.5,0.20002352363975817,0.7999764763602418,728.0701754385964
30,2,9,295.0,15.0,8.5,0.2000240094113694,0.7999759905886306,728.0701754385964
31,2,9,305.0,15.0,8.5,0.20002449505974784,0.7999755049402522,728.0701754385964
32,2,9,315.0,15.0,8.5,0.20002498070240077,0.7999750192975992,728.0701754385964
33,2,9,325.0,15.0,8.5,0.20002546641867894,0.7999745335813211,728.0701754385964
34,2,9,335.0,15.0,8.5,0.20002595227225242,0.7999740477277476,728.0701754385964
35,2,9,345.0,15.0,8.5,0.20002643832583292,0.7999735616741671,728.0701754385964
36,2,9,355.0,15.0,8.5,0.20002692465102997,0.79997307534897,728.0701754385964
37,2,9,365.0,15.0,8.5,0.20002741133614965,0.7999725886638503,728.0701754385964
38,2,9,375.0,15.0,8.5,0.20002789849163477,0.7999721015083652,728.0701754385964
39,2,9,385.0,15.0,8.5,0.20002838625325836,0.7999716137467416,728.0701754385964
40,2,9,395.0,15.0,8.5,0.20002887477986245,0.7999711252201376,728.0701754385964
41,2,9,405.0,15.0,8.5,0.20002936423918702,0.799970635760813,728.0701754385964
42,2,9,415.0,15.0,8.5,0.20002985476809354,0.7999701452319065,728.0701754385964
43,2,9,425.0,15.0,8.5,0.20003034637735642,0.7999696536226436,728.0701754385964
44,2,9,435.0,15.0,8.5,0.20003083874588615,0.7999691612541139,728.0701754385964
45,2,9,445.0,15.0,8.5,0.20003133077552546,0.7999686692244745,728.0701754385964
46,2,9,455.0,15.0,8.5,0.20003181961695646,0.7999681803830435,728.0701754385964
47,2,9,465.0,15.0,8.5,0.20003229854300927,0.7999677014569907,728.0701754385964
48,2,9,475.0,15.0,8.5,0.20003275235090207,0.799967247649098,728.0701754385964
49,2,9,485.0,15.0,8.5,0.20003314804580474,0.7999668519541953,728.0701754385964
50,2,9,495.0,15.0,8.5,0.20003341904674152,0.7999665809532585,728.0701754385964
1,3,9,5.0,25.0,8.5,0.7286425868468983,0.2713574131531017,728.0701754385964
2,3,9,15.0,25.0,8.5,0.7103221711859937,0.2896778288140063,728.0701754385964
3,3,9,25.0,25.0,8.5,0.691402381567597,0.30859761843240296,728.0701754385964
4,3,9,35.0,25.0,8.5,0.6735282632712626,0.3264717367287374,728.0701754385964
5,3,9,45.0,25.0,8.5,0.657200457479684,0.34279954252031597,728.0701754385964
6,3,9,55.0,25.0,8.5,0.6423904495377891,0.3576095504622109,728.0701754385964
7,3,9,65.0,25.0,8.5,0.6288817638769835,0.37111823612301653,728.0701754385964
8,3,9,75.0,25.0,8.5,0.6164258699311409,0.3835741300688591,728.0701754385964
9,3,9,85.0,25.0,8.5,0.6047773457047598,0.39522265429524017,728.0701754385964
10,3,9,95.0,25.0,8.5,0.5937130970134977,0.4062869029865023,728.0701754385964
11,3,9,105.0,25.0,8.5,0.5830823220816622,0.4169176779183378,728.0701754385964
12,3,9,115.0,25.0,8.5,0.5727314917641394,0.4272685082358606,728.0701754385964
13,3,9,125.0,25.0,8.5,0.562504814021637,0.437495185978363,728.0701754385964
14,3,9,135.0,25.0,8.5,0.5522327376124523,0.4477672623875477,728.0701754385964
15,3,9,145.0,25.0,8.5,0.5416998605141398,0.45830013948586024,728.0701754385964
16,3,9,155.0,25.0,8.5,0.5306295568483727,0.46937044315162735,728.0701754385964
17,3,9,165.0,25.0,8.5,0.5186181768172129,0.4813818231827871,728.0701754385964
18,3,9,175.0,25.0,8.5,0.5050116971066698,0.4949883028933302,728.0701754385964
19,3,9,185.0,25.0,8.5,0.48872509936429825,0.5112749006357018,728.0701754385964
20,3,9,195.0,25.0,8.5,0.46771260658247277,0.5322873934175272,728.0701754385964
21,3,9,205.0,25.0,8.5,0.4379256372088183,0.5620743627911817,728.0701754385964
22,3,9,215.0,25.0,8.5,0.39094811027626064,0.6090518897237394,728.0701754385964
23,3,9,225.0,25.0,8.5,0.3143276529870757,0.6856723470129242,728.0701754385964
24,3,9,235.0,25.0,8.5,0.22933489374855298,0.770665106251447,728.0701754385964
25,3,9,245.0,25.0,8.5,0.201329239823344,0.7986707601766561,728.0701754385964
26,3,9,255.0,25.0,8.5,0.20003158820343225,0.7999684117965677,728.0701754385964
27,3,9,265.0,25.0,8.5,0.20002262536521356,0.7999773746347865,728.0701754385964
28,3,9,275.0,25.0,8.5,0.2000230410817165,0.7999769589182835,728.0701754385964
29,3,9,285.0,25.0,8.5,0.2000235250979495,0.7999764749020505,728.0701754385964
30,3,9,295.0,25.0,8.5,0.20002401004454945,0.7999759899554506,728.0701754385964
31,3,9,305.0,25.0,8.5,0.2000244952518451,0.7999755047481549,728.0701754385964
32,3,9,315.0,25.0,8.5,0.20002498063736932,0.7999750193626307,728.0701754385964
33,3,9,325.0,25.0,8.5,0.20002546617779046,0.7999745338222095,728.0701754385964
34,3,9,335.0,25.0,8.5,0.20002595188116137,0.7999740481188387,728.0701754385964
35,3,9,345.0,25.0,8.5,0.2000264377780219,0.7999735622219781,728.0701754385964
36,3,9,355.0,25.0,8.5,0.20002692392046817,0.7999730760795318,728.0701754385964
37,3,9,365.0,25.0,8.5,0.200027410385513,0.799972589614487,728.0701754385964
38,3,9,375.0,25.0,8.5,0.200027897282074,0.799972102717926,728.0701754385964
39,3,9,385.0,25.0,8.5,0.20002838476195692,0.799971615238043,728.0701754385964
40,3,9,395.0,25.0,8.5,0.2000288730353505,0.7999711269646494,728.0701754385964
41,3,9,405.0,25.0,8.5,0.20002936239339345,0.7999706376066066,728.0701754385964
42,3,9,415.0,25.0,8.5,0.20002985323983563,0.7999701467601643,728.0701754385964
43,3,9,425.0,25.0,8.5,0.20003034613390777,0.7999696538660922,728.0701754385964
44,3,9,435.0,25.0,8.5,0.2000308418226816,0.7999691581773184,728.0701754385964
45,3,9,445.0,25.0,8.5,0.20003134122758884,0.7999686587724112,728.0701754385964
46,3,9,455.0,25.0,8.5,0.20003184515132286,0.7999681548486771,728.0701754385964
47,3,9,465.0,25.0,8.5,0.20003235288458607,0.7999676471154139,728.0701754385964
48,3,9,475.0,25.0,8.5,0.2000328575032882,0.7999671424967119,728.0701754385964
49,3,9,485.0,25.0,8.5,0.2000333330365404,0.7999666669634596,728.0701754385964
50,3,9,495.0,25.0,8.5,0.20003370598004913,0.7999662940199509,728.0701754385964
1,4,9,5.0,35.0,8.5,0.7623521108208322,0.2376478891791678,728.0701754385964
2,4,9,15.0,35.0,8.5,0.7416386624781979,0.2583613375218021,728.0701754385964
3,4,9,25.0,35.0,8.5,0.7196896782660532,0.28031032173394677,728.0701754385964
4,4,9,35.0,35.0,8.5,0.6989561566910337,0.3010438433089663,728.0701754385964
5,4,9,45.0,35.0,8.5,0.680231098137139,0.319768901862861,728.0701754385964
6,4,9,55.0,35.0,8.5,0.6635122013762746,0.33648779862372535,728.0701754385964
7,4,9,65.0,35.0,8.5,0.6484853355374902,0.3515146644625098,728.0701754385964
8,4,9,75.0,35.0,8.5,0.6347719489695808,0.3652280510304192,728.0701754385964
9,4,9,85.0,35.0,8.5,0.6220729335401085,0.3779270664598915,728.0701754385964
10,4,9,95.0,35.0,8.5,0.6101380460420046,0.3898619539579954,728.0701754385964
11,4,9,105.0,35.0,8.5,0.5987520710751537,0.4012479289248463,728.0701754385964
12,4,9,115.0,35.0,8.5,0.5877646327670276,0.4122353672329724,728.0701754385964
13,4,9,125.0,35.0,8.5,0.5770356964865838,0.4229643035134162,728.0701754385964
14,4,9,135.0,35.0,8.5,0.5663990388011446,0.4336009611988554,728.0701754385964
15,4,9,145.0,35.0,8.5,0.5556725232332578,0.4443274767667422,728.0701754385964
16,4,9,155.0,35.0,8.5,0.5446300944014153,0.4553699055985847,728.0701754385964
17,4,9,165.0,35.0,8.5,0.5329677577174764,0.4670322422825236,728.0701754385964
18,4,9,175.0,35.0,8.5,0.5202353999843478,0.47976460001565224,728.0701754385964
19,4,9,185.0,35.0,8.5,0.5057100286703144,0.49428997132968555,728.0701754385964
20,4,9,195.0,35.0,8.5,0.4881463255873278,0.5118536744126723,728.0701754385964
21,4,9,205.0,35.0,8.5,0.4651887203774293,0.5348112796225707,728.0701754385964
22,4,9,215.0,35.0,8.5,0.43205903859692,0.5679409614030799,728.0701754385964
23,4,9,225.0,35.0,8.5,0.37893828536942675,0.6210617146305732,728.0701754385964
24,4,9,235.0,35.0,8.5,0.2947189454150639,0.7052810545849362,728.0701754385964
25,4,9,245.0,35.0,8.5,0.21786396347625925,0.7821360365237408,728.0701754385964
26,4,9,255.0,35.0,8.5,0.20048374647633288,0.7995162535236671,728.0701754385964
27,4,9,265.0,35.0,8.5,0.20002576712596148,0.7999742328740385,728.0701754385964
28,4,9,275.0,35.0,8.5,0.20002306656990443,0.7999769334300956,728.0701754385964
29,4,9,285.0,35.0,8.5,0.20002352673617665,0.7999764732638234,728.0701754385964
30,4,9,295.0,35.0,8.5,0.200024010588722,0.799975989411278,728.0701754385964
31,4,9,305.0,35.0,8.5,0.20002449532620853,0.7999755046737915,728.0701754385964
32,4,9,315.0,35.0,8.5,0.20002498044047054,0.7999750195595294,728.0701754385964
33,4,9,325.0,35.0,8.5,0.20002546578362465,0.7999745342163753,728.0701754385964
34,4,9,335.0,35.0,8.5,0.20002595130141984,0.7999740486985801,728.0701754385964
35,4,9,345.0,35.0,8.5,0.20002643698780995,0.79997356301219,728.0701754385964
36,4,9,355.0,35.0,8.5,0.20002692286972001,0.79997307713028,728.0701754385964
37,4,9,365.0,35.0,8.5,0.20002740900507512,0.7999725909949249,728.0701754385964
38,4,9,375.0,35.0,8.5,0.20002789549027267,0.7999721045097273,728.0701754385964
39,4,9,385.0,35.0,8.5,0.20002838247709304,0.799971617522907,728.0701754385964
40,4,9,395.0,35.0,8.5,0.20002887020441149,0.7999711297955885,728.0701754385964
41,4,9,405.0,35.0,8.5,0.2000293590538722,0.7999706409461278,728.0701754385964
42,4,9,415.0,35.0,8.5,0.20002984964973833,0.7999701503502616,728.0701754385964
43,4,9,425.0,35.0,8.5,0.20003034303859601,0.799969656961404,728.0701754385964
44,4,9,435.0,35.0,8.5,0.2000308410170104,0.7999691589829896,728.0701754385964
45,4,9,445.0,35.0,8.5,0.20003134667609643,0.7999686533239035,728.0701754385964
46,4,9,455.0,35.0,8.5,0.20003186518355548,0.7999681348164445,728.0701754385964
47,4,9,465.0,35.0,8.5,0.20003240434357322,0.7999675956564267,728.0701754385964
48,4,9,475.0,35.0,8.5,0.20003297189309527,0.7999670281069047,728.0701754385964
49,4,9,485.0,35.0,8.5,0.20003355774354412,0.7999664422564559,728.0701754385964
50,4,9,495.0,35.0,8.5,0.2000340883549818,0.7999659116450182,728.0701754385964
1,5,9,5.0,45.0,8.5,0.787758842191064,0.21224115780893604,728.0701754385964
2,5,9,15.0,45.0,8.5,0.7685273261203747,0.23147267387962533,728.0701754385964
3,5,9,25.0,45.0,8.5,0.7451251252129234,0.2548748747870766,728.0701754385964
4,5,9,35.0,45.0,8.5,0.7224611197332181,0.27753888026678186,728.0701754385964
5,5,9,45.0,45.0,8.5,0.7020925686628815,0.2979074313371185,728.0701754385964
6,5,9,55.0,45.0,8.5,0.6839718404886813,0.3160281595113187,728.0701754385964
7,5,9,65.0,45.0,8.5,0.6677100169227677,0.33228998307723234,728.0701754385964
8,5,9,75.0,45.0,8.5,0.6529542650466794,0.3470457349533206,728.0701754385964
9,5,9,85.0,45.0,8.5,0.6393789409480028,0.36062105905199715,728.0701754385964
10,5,9,95.0,45.0,8.5,0.6267126094077031,0.3732873905922969,728.0701754385964
11,5,9,105.0,45.0,8.5,0.6147130895117864,0.3852869104882136,728.0701754385964
12,5,9,115.0,45.0,8.5,0.6031652276828477,0.39683477231715225,728.0701754385964
13,5,9,125.0,45.0,8.5,0.5919203635738004,0.4080796364261996,728.0701754385964
14,5,9,135.0,45.0,8.5,0.580835214650661,0.419164785349339,728.0701754385964
15,5,9,145.0,45.0,8.5,0.5697475574624116,0.43025244253758843,728.0701754385964
16,5,9,155.0,45.0,8.5,0.5584666489158209,0.4415333510841791,728.0701754385964
17,5,9,165.0,45.0,8.5,0.5467389412334316,0.4532610587665684,728.0701754385964
18,5,9,175.0,45.0,8.5,0.534209175080001,0.465790824919999,728.0701754385964
19,5,9,185.0,45.0,8.5,0.5203398559831526,0.4796601440168474,728.0701754385964
20,5,9,195.0,45.0,8.5,0.5042254826042122,0.4957745173957878,728.0701754385964
21,5,9,205.0,45.0,8.5,0.4842586094093957,0.5157413905906043,728.0701754385964
22,5,9,215.0,45.0,8.5,0.45727248510079727,0.5427275148992028,728.0701754385964
23,5,9,225.0,45.0,8.5,0.4166875554209207,0.5833124445790794,728.0701754385964
24,5,9,235.0,45.0,8.5,0.3499644490443211,0.6500355509556789,728.0701754385964
25,5,9,245.0,45.0,8.5,0.2571536960507182,0.7428463039492819,728.0701754385964
26,5,9,255.0,45.0,8.5,0.2054718287867249,0.7945281712132751,728.0701754385964
27,5,9,265.0,45.0,8.5,0.20006471608970644,0.7999352839102936,728.0701754385964
28,5,9,275.0,45.0,8.5,0.20002336546445362,0.7999766345355463,728.0701754385964
29,5,9,285.0,45.0,8.5,0.20002352965612272,0.7999764703438773,728.0701754385964
30,5,9,295.0,45.0,8.5,0.2000240106645887,0.7999759893354113,728.0701754385964
31,5,9,305.0,45.0,8.5,0.20002449510663062,0.7999755048933694,728.0701754385964
32,5,9,315.0,45.0,8.5,0.20002498004355024,0.7999750199564497,728.0701754385964
33,5,9,325.0,45.0,8.5,0.20002546522636733,0.7999745347736327,728.0701754385964
34,5,9,335.0,45.0,8.5,0.20002595055856878,0.7999740494414312,728.0701754385964
35,5,9,345.0,45.0,8.5,0.20002643600540368,0.7999735639945963,728.0701754385964
36,5,9,355.0,45.0,8.5,0.2000269215678073,0.7999730784321927,728.0701754385964
37,5,9,365.0,45.0,8.5,0.2000274072764963,0.7999725927235037,728.0701754385964
38,5,9,375.0,45.0,8.5,0.20002789319754863,0.7999721068024513,728.0701754385964
39,5,9,385.0,45.0,8.5,0.20002837945103488,0.7999716205489651,728.0701754385964
40,5,9,395.0,45.0,8.5,0.20002886624767935,0.7999711337523207,728.0701754385964
41,5,9,405.0,45.0,8.5,0.2000293539582527,0.7999706460417473,728.0701754385964
42,5,9,415.0,45.0,8.5,0.20002984324160053,0.7999701567583994,728.0701754385964
43,5,9,425.0,45.0,8.5,0.20003033528411585,0.7999696647158842,728.0701754385964
44,5,9,435.0,45.0,8.5,0.20003083225179658,0.7999691677482035,728.0701754385964
45,5,9,445.0,45.0,8.5,0.20003133815989274,0.7999686618401073,728.0701754385964
46,5,9,455.0,45.0,8.5,0.20003186056731959,0.7999681394326804,728.0701754385964
47,5,9,465.0,45.0,8.5,0.20003241350928708,0.799967586490713,728.0701754385964
48,5,9,475.0,45.0,8.5,0.20003301846596297,0.799966981534037,728.0701754385964
49,5,9,485.0,45.0,8.5,0.20003366504457612,0.7999663349554239,728.0701754385964
50,5,9,495.0,45.0,8.5,0.20003412694631037,0.7999658730536896,728.0701754385964
1,6,9,5.0,55.0,8.5,0.7641068445789765,0.23589315542102351,728.0701754385964
2,6,9,15.0,55.0,8.5,0.7444904949664192,0.25550950503358083,728.0701754385964
3,6,9,25.0,55.0,8.5,0.7235466323196822,0.2764533676803178,728.0701754385964
4,6,9,35.0,55.0,8.5,0.7035392458154962,0.2964607541845038,728.0701754385964
5,6,9,45.0,55.0,8.5,0.6852660483795956,0.3147339516204044,728.0701754385964
6,6,9,55.0,55.0,8.5,0.6687532181502348,0.3312467818497652,728.0701754385964
7,6,9,65.0,55.0,8.5,0.6537517518147861,0.34624824818521394,728.0701754385964
8,6,9,75.0,55.0,8.5,0.6399781843944544,0.3600218156055456,728.0701754385964
9,6,9,85.0,55.0,8.5,0.6271794513674291,0.37282054863257086,728.0701754385964
10,6,9,95.0,55.0,8.5,0.6151280921416306,0.38487190785836944,728.0701754385964
11,6,9,105.0,55.0,8.5,0.6036203228769778,0.39637967712302224,728.0701754385964
12,6,9,115.0,55.0,8.5,0.5924806773296073,0.4075193226703927,728.0701754385964
13,6,9,125.0,55.0,8.5,0.5815829652196208,0.41841703478037917,728.0701754385964
14,6,9,135.0,55.0,8.5,0.5707695875500945,0.42923041244990545,728.0701754385964
15,6,9,145.0,55.0,8.5,0.5598715920477183,0.4401284079522817,728.0701754385964
16,6,9,155.0,55.0,8.5,0.5486757664787056,0.45132423352129436,728.0701754385964
17,6,9,165.0,55.0,8.5,0.536889739088673,0.463110260911327,728.0701754385964
18,6,9,175.0,55.0,8.5,0.5240947265395363,0.47590527346046374,728.0701754385964
19,6,9,185.0,55.0,8.5,0.5096197808448252,0.4903802191551748,728.0701754385964
20,6,9,195.0,55.0,8.5,0.4923192823756315,0.5076807176243685,728.0701754385964
21,6,9,205.0,55.0,8.5,0.47005862527060177,0.5299413747293982,728.0701754385964
22,6,9,215.0,55.0,8.5,0.43851820738108693,0.5614817926189131,728.0701754385964
23,6,9,225.0,55.0,8.5,0.3887324847938359,0.6112675152061642,728.0701754385964
24,6,9,235.0,55.0,8.5,0.3081803162715745,0.6918196837284255,728.0701754385964
25,6,9,245.0,55.0,8.5,0.22478917875085816,0.7752108212491419,728.0701754385964
26,6,9,255.0,55.0,8.5,0.2009372384740517,0.7990627615259482,728.0701754385964
27,6,9,265.0,55.0,8.5,0.20002910322310616,0.7999708967768938,728.0701754385964
28,6,9,275.0,55.0,8.5,0.2000230909771652,0.7999769090228348,728.0701754385964
29,6,9,285.0,55.0,8.5,0.20002352651975217,0.7999764734802478,728.0701754385964
30,6,9,295.0,55.0,8.5,0.20002400994362607,0.7999759900563739,728.0701754385964
31,6,9,305.0,55.0,8.5,0.20002449450381654,0.7999755054961835,728.0701754385964
32,6,9,315.0,55.0,8.5,0.2000249794329893,0.7999750205670106,728.0701754385964
33,6,9,325.0,55.0,8.5,0.20002546453196768,0.7999745354680323,728.0701754385964
34,6,9,335.0,55.0,8.5,0.2000259497068124,0.7999740502931876,728.0701754385964
35,6,9,345.0,55.0,8.5,0.20002643491067743,0.7999735650893226,728.0701754385964
36,6,9,355.0,55.0,8.5,0.20002692012197568,0.7999730798780244,728.0701754385964
37,6,9,365.0,55.0,8.5,0.2000274053370083,0.7999725946629916,728.0701754385964
38,6,9,375.0,55.0,8.5,0.20002789057288242,0.7999721094271176,728.0701754385964
39,6,9,385.0,55.0,8.5,0.2000283758802054,0.7999716241197946,728.0701754385964
40,6,9,395.0,55.0,8.5,0.20002886137135414,0.7999711386286459,728.0701754385964
41,6,9,405.0,55.0,8.5,0.20002934727463287,0.7999706527253672,728.0701754385964
42,6,9,415.0,55.0,8.5,0.20002983403525101,0.799970165964749,728.0701754385964
43,6,9,425.0,55.0,8.5,0.20003032249790226,0.7999696775020977,728.0701754385964
44,6,9,435.0,55.0,8.5,0.20003081422801805,0.799969185771982,728.0701754385964
45,6,9,445.0,55.0,8.5,0.2000313120399264,0.7999686879600736,728.0701754385964
46,6,9,455.0,55.0,8.5,0.2000318207156074,0.7999681792843926,728.0701754385964
47,6,9,465.0,55.0,8.5,0.20003234729116626,0.7999676527088337,728.0701754385964
48,6,9,475.0,55.0,8.5,0.20003289760350007,0.7999671023964999,728.0701754385964
49,6,9,485.0,55.0,8.5,0.20003345833288305,0.7999665416671169,728.0701754385964
50,6,9,495.0,55.0,8.5,0.20003395543580688,0.7999660445641932,728.0701754385964
1,7,9,5.0,65.0,8.5,0.7340053019929069,0.2659946980070931,728.0701754385964
2,7,9,15.0,65.0,8.5,0.7167586754681936,0.2832413245318064,728.0701754385964
3,7,9,25.0,65.0,8.5,0.6986616707112033,0.30133832928879667,728.0701754385964
4,7,9,35.0,65.0,8.5,0.6812812395997984,0.31871876040020164,728.0701754385964
5,7,9,45.0,65.0,8.5,0.6651782360217448,0.33482176397825525,728.0701754385964
6,7,9,55.0,65.0,8.5,0.6504029747740733,0.3495970252259267,728.0701754385964
7,7,9,65.0,65.0,8.5,0.6368063262455196,0.3631936737544804,728.0701754385964
8,7,9,75.0,65.0,8.5,0.6241887417841578,0.37581125821584216,728.0701754385964
9,7,9,85.0,65.0,8.5,0.6123480508996029,0.38765194910039713,728.0701754385964
10,7,9,95.0,65.0,8.5,0.6010819542336466,0.39891804576635337,728.0701754385964
11,7,9,105.0,65.0,8.5,0.590225011665512,0.409774988334488,728.0701754385964
12,7,9,115.0,65.0,8.5,0.5796505781879963,0.42034942181200374,728.0701754385964
13,7,9,125.0,65.0,8.5,0.5692096045836883,0.4307903954163117,728.0701754385964
14,7,9,135.0,65.0,8.5,0.5587404858846163,0.44125951411538367,728.0701754385964
15,7,9,145.0,65.0,8.5,0.548048881011442,0.451951118988558,728.0701754385964
16,7,9,155.0,65.0,8.5,0.5368760917419919,0.4631239082580081,728.0701754385964
17,7,9,165.0,65.0,8.5,0.5248560015067033,0.4751439984932967,728.0701754385964
18,7,9,175.0,65.0,8.5,0.5114191233354394,0.4885808766645606,728.0701754385964
19,7,9,185.0,65.0,8.5,0.4956133465185299,0.50438665348147,728.0701754385964
20,7,9,195.0,65.0,8.5,0.47572576128823824,0.5242742387117618,728.0701754385964
21,7,9,205.0,65.0,8.5,0.4483726723856611,0.5516273276143389,728.0701754385964
22,7,9,215.0,65.0,8.5,0.4065271803587176,0.5934728196412824,728.0701754385964
23,7,9,225.0,65.0,8.5,0.33761379110840667,0.6623862088915933,728.0701754385964
24,7,9,235.0,65.0,8.5,0.24718599860494106,0.7528140013950589,728.0701754385964
25,7,9,245.0,65.0,8.5,0.20367619236611867,0.7963238076338813,728.0701754385964
26,7,9,255.0,65.0,8.5,0.20005019468327181,0.7999498053167282,728.0701754385964
27,7,9,265.0,65.0,8.5,0.20002276846339134,0.7999772315366087,728.0701754385964
28,7,9,275.0,65.0,8.5,0.20002304178628758,0.7999769582137124,728.0701754385964
29,7,9,285.0,65.0,8.5,0.20002352409896038,0.7999764759010396,728.0701754385964
30,7,9,295.0,65.0,8.5,0.2000240086887603,0.7999759913112396,728.0701754385964
31,7,9,305.0,65.0,8.5,0.20002449361961533,0.7999755063803846,728.0701754385964
32,7,9,315.0,65.0,8.5,0.2000249786823645,0.7999750213176355,728.0701754385964
33,7,9,325.0,65.0,8.5,0.20002546377345523,0.7999745362265448,728.0701754385964
34,7,9,335.0,65.0,8.5,0.20002594883143793,0.799974051168562,728.0701754385964
35,7,9,345.0,65.0,8.5,0.2000264338118399,0.7999735661881601,728.0701754385964
36,7,9,355.0,65.0,8.5,0.2000269186745998,0.7999730813254002,728.0701754385964
37,7,9,365.0,65.0,8.5,0.200027403378122,0.799972596621878,728.0701754385964
38,7,9,375.0,65.0,8.5,0.20002788787686765,0.7999721121231324,728.0701754385964
39,7,9,385.0,65.0,8.5,0.20002837212321883,0.7999716278767812,728.0701754385964
40,7,9,395.0,65.0,8.5,0.2000288560751197,0.7999711439248803,728.0701754385964
41,7,9,405.0,65.0,8.5,0.20002933971335426,0.7999706602866458,728.0701754385964
42,7,9,415.0,65.0,8.5,0.2000298230745027,0.7999701769254973,728.0701754385964
43,7,9,425.0,65.0,8.5,0.20003030630441973,0.7999696936955802,728.0701754385964
44,7,9,435.0,65.0,8.5,0.20003078972456284,0.7999692102754372,728.0701754385964
45,7,9,445.0,65.0,8.5,0.20003127384593275,0.7999687261540672,728.0701754385964
46,7,9,455.0,65.0,8.5,0.20003175906867662,0.7999682409313233,728.0701754385964
47,7,9,465.0,65.0,8.5,0.2000322442343619,0.7999677557656382,728.0701754385964
48,7,9,475.0,65.0,8.5,0.2000327218864918,0.7999672781135082,728.0701754385964
49,7,9,485.0,65.0,8.5,0.20003316626538428,0.7999668337346157,728.0701754385964
50,7,9,495.0,65.0,8.5,0.20003350904463943,0.7999664909553605,728.0701754385964
1,8,9,5.0,75.0,8.5,0.6970157163443436,0.30298428365565644,728.0701754385964
2,8,9,15.0,75.0,8.5,0.6831006400993923,0.3168993599006077,728.0701754385964
3,8,9,25.0,75.0,8.5,0.6682056941901221,0.3317943058098779,728.0701754385964
4,8,9,35.0,75.0,8.5,0.6536210587642917,0.34637894123570834,728.0701754385964
5,8,9,45.0,75.0,8.5,0.63984065537836,0.36015934462164,728.0701754385964
6,8,9,55.0,75.0,8.5,0.6269705940232545,0.3730294059767455,728.0701754385964
7,8,9,65.0,75.0,8.5,0.614940746817037,0.38505925318296297,728.0701754385964
8,8,9,75.0,75.0,8.5,0.603610065700705,0.39638993429929503,728.0701754385964
9,8,9,85.0,75.0,8.5,0.5928086424970046,0.4071913575029954,728.0701754385964
10,8,9,95.0,75.0,8.5,0.5824222544525799,0.4175777455474201,728.0701754385964
11,8,9,105.0,75.0,8.5,0.5723158320081116,0.42768416799188835,728.0701754385964
12,8,9,115.0,75.0,8.5,0.5623478887051709,0.43765211129482906,728.0701754385964
13,8,9,125.0,75.0,8.5,0.5523626610400777,0.4476373389599223,728.0701754385964
14,8,9,135.0,75.0,8.5,0.5421621274854982,0.4578378725145018,728.0701754385964
15,8,9,145.0,75.0,8.5,0.5314981764281658,0.46850182357183423,728.0701754385964
16,8,9,155.0,75.0,8.5,0.5200106595942537,0.47998934040574626,728.0701754385964
17,8,9,165.0,75.0,8.5,0.5071294608672995,0.4928705391327005,728.0701754385964
18,8,9,175.0,75.0,8.5,0.4919360380186087,0.5080639619813914,728.0701754385964
19,8,9,185.0,75.0,8.5,0.47272781202394454,0.5272721879760555,728.0701754385964
20,8,9,195.0,75.0,8.5,0.4462401887919182,0.5537598112080818,728.0701754385964
21,8,9,205.0,75.0,8.5,0.40570051967981047,0.5942994803201895,728.0701754385964
22,8,9,215.0,75.0,8.5,0.33908936810545365,0.6609106318945464,728.0701754385964
23,8,9,225.0,75.0,8.5,0.25008830216895933,0.7499116978310407,728.0701754385964
24,8,9,235.0,75.0,8.5,0.20423634091959933,0.7957636590804007,728.0701754385964
25,8,9,245.0,75.0,8.5,0.2000547699870417,0.7999452300129584,728.0701754385964
26,8,9,255.0,75.0,8.5,0.20002231744302482,0.7999776825569752,728.0701754385964
27,8,9,265.0,75.0,8.5,0.2000225522752038,0.7999774477247962,728.0701754385964
28,8,9,275.0,75.0,8.5,0.20002303617280162,0.7999769638271984,728.0701754385964
29,8,9,285.0,75.0,8.5,0.20002352178983662,0.7999764782101634,728.0701754385964
30,8,9,295.0,75.0,8.5,0.20002400728925432,0.7999759927107457,728.0701754385964
31,8,9,305.0,75.0,8.5,0.20002449266812447,0.7999755073318755,728.0701754385964
32,8,9,315.0,75.0,8.5,0.2000249779274104,0.7999750220725896,728.0701754385964
33,8,9,325.0,75.0,8.5,0.20002546305802643,0.7999745369419735,728.0701754385964
34,8,9,335.0,75.0,8.5,0.2000259480387205,0.7999740519612795,728.0701754385964
35,8,9,345.0,75.0,8.5,0.20002643283369828,0.7999735671663017,728.0701754385964
36,8,9,355.0,75.0,8.5,0.2000269173886847,0.7999730826113153,728.0701754385964
37,8,9,365.0,75.0,8.5,0.2000274016253089,0.799972598374691,728.0701754385964
38,8,9,375.0,75.0,8.5,0.20002788543311542,0.7999721145668846,728.0701754385964
39,8,9,385.0,75.0,8.5,0.20002836865773663,0.7999716313422633,728.0701754385964
40,8,9,395.0,75.0,8.5,0.20002885108328536,0.7999711489167146,728.0701754385964
41,8,9,405.0,75.0,8.5,0.20002933240511706,0.799970667594883,728.0701754385964
42,8,9,415.0,75.0,8.5,0.20002981218422747,0.7999701878157726,728.0701754385964
43,8,9,425.0,75.0,8.5,0.20003028976375495,0.7999697102362451,728.0701754385964
44,8,9,435.0,75.0,8.5,0.20003076409992449,0.7999692359000755,728.0701754385964
45,8,9,445.0,75.0,8.5,0.20003123339162282,0.7999687666083772,728.0701754385964
46,8,9,455.0,75.0,8.5,0.20003169423332862,0.7999683057666713,728.0701754385964
47,8,9,465.0,75.0,8.5,0.2000321396909261,0.7999678603090739,728.0701754385964
48,8,9,475.0,75.0,8.5,0.20003255518569707,0.7999674448143029,728.0701754385964
49,8,9,485.0,75.0,8.5,0.2000329107061971,0.7999670892938029,728.0701754385964
50,8,9,495.0,75.0,8.5,0.20003314890638418,0.7999668510936158,728.0701754385964
1,9,9,5.0,85.0,8.5,0.6502549274713117,0.34974507252868825,728.0701754385964
2,9,9,15.0,85.0,8.5,0.6397676118167587,0.3602323881832413,728.0701754385964
3,9,9,25.0,85.0,8.5,0.6281229493668384,0.37187705063316157,728.0701754385964
4,9,9,35.0,85.0,8.5,0.6163595555802677,0.38364044441973233,728.0701754385964
5,9,9,45.0,85.0,8.5,0.6049434514707278,0.3950565485292722,728.0701754385964
6,9,9,55.0,85.0,8.5,0.5940130351167143,0.4059869648832857,728.0701754385964
7,9,9,65.0,85.0,8.5,0.583551993782615,0.416448006217385,728.0701754385964
8,9,9,75.0,85.0,8.5,0.5735287168795079,0.4264712831204921,728.0701754385964
9,9,9,85.0,85.0,8.5,0.5638496632215817,0.4361503367784183,728.0701754385964
10,9,9,95.0,85.0,8.5,0.5544009439428277,0.4455990560571723,728.0701754385964
11,9,9,105.0,85.0,8.5,0.5450432027182045,0.4549567972817955,728.0701754385964
12,9,9,115.0,85.0,8.5,0.5356098575439331,0.4643901424560669,728.0701754385964
13,9,9,125.0,85.0,8.5,0.5258921806476208,0.4741078193523792,728.0701754385964
14,9,9,135.0,85.0,8.5,0.5155924559737739,0.4844075440262261,728.0701754385964
15,9,9,145.0,85.0,8.5,0.5042740934186973,0.49572590658130267,728.0701754385964
16,9,9,155.0,85.0,8.5,0.49124635358071517,0.5087536464192848,728.0701754385964
17,9,9,165.0,85.0,8.5,0.4752829250669744,0.5247170749330257,728.0701754385964
18,9,9,175.0,85.0,8.5,0.4541562364424466,0.5458437635575534,728.0701754385964
19,9,9,185.0,85.0,8.5,0.42341065006008016,0.5765893499399198,728.0701754385964
20,9,9,195.0,85.0,8.5,0.37443446374031686,0.6255655362596831,728.0701754385964
21,9,9,205.0,85.0,8.5,0.297678197685289,0.702321802314711,728.0701754385964
22,9,9,215.0,85.0,8.5,0.22213145317990166,0.7778685468200983,728.0701754385964
23,9,9,225.0,85.0,8.5,0.20082054122678286,0.7991794587732172,728.0701754385964
24,9,9,235.0,85.0,8.5,0.20002700216074296,0.799972997839257,728.0701754385964
25,9,9,245.0,85.0,8.5,0.20002160714677936,0.7999783928532207,728.0701754385964
26,9,9,255.0,85.0,8.5,0.20002205596788822,0.7999779440321118,728.0701754385964
27,9,9,265.0,85.0,8.5,0.2000225451714076,0.7999774548285924,728.0701754385964
28,9,9,275.0,85.0,8.5,0.20002303306795438,0.7999769669320456,728.0701754385964
29,9,9,285.0,85.0,8.5,0.20002351992957437,0.7999764800704257,728.0701754385964
30,9,9,295.0,85.0,8.5,0.20002400612552135,0.7999759938744786,728.0701754385964
31,9,9,305.0,85.0,8.5,0.2000244918801185,0.7999755081198815,728.0701754385964
32,9,9,315.0,85.0,8.5,0.20002497731885654,0.7999750226811435,728.0701754385964
33,9,9,325.0,85.0,8.5,0.2000254625004475,0.7999745374995525,728.0701754385964
34,9,9,335.0,85.0,8.5,0.2000259474361162,0.7999740525638838,728.0701754385964
35,9,9,345.0,85.0,8.5,0.20002643209856022,0.7999735679014398,728.0701754385964
36,9,9,355.0,85.0,8.5,0.2000269164232173,0.7999730835767827,728.0701754385964
37,9,9,365.0,85.0,8.5,0.2000274003025233,0.7999725996974767,728.0701754385964
38,9,9,375.0,85.0,8.5,0.2000278835722989,0.7999721164277012,728.0701754385964
39,9,9,385.0,85.0,8.5,0.20002836598796694,0.7999716340120331,728.0701754385964
40,9,9,395.0,85.0,8.5,0.20002884718500025,0.7999711528149998,728.0701754385964
41,9,9,405.0,85.0,8.5,0.20002932661351386,0.7999706733864862,728.0701754385964
42,9,9,415.0,85.0,8.5,0.20002980342870788,0.7999701965712921,728.0701754385964
43,9,9,425.0,85.0,8.5,0.20003027630367382,0.7999697236963261,728.0701754385964
44,9,9,435.0,85.0,8.5,0.2000307431029225,0.7999692568970775,728.0701754385964
45,9,9,445.0,85.0,8.5,0.200031200302833,0.7999687996971669,728.0701754385964
46,9,9,455.0,85.0,8.5,0.2000316419546918,0.7999683580453082,728.0701754385964
47,9,9,465.0,85.0,8.5,0.2000320578530165,0.7999679421469835,728.0701754385964
48,9,9,475.0,85.0,8.5,0.200032430482985,0.799967569517015,728.0701754385964
49,9,9,485.0,85.0,8.5,0.20003273070357627,0.7999672692964237,728.0701754385964
50,9,9,495.0,85.0,8.5,0.2000329144819216,0.7999670855180784,728.0701754385964
1,10,9,5.0,95.0,8.5,0.5756953873273712,0.42430461267262876,728.0701754385964
2,10,9,15.0,95.0,8.5,0.5681960949703552,0.43180390502964483,728.0701754385964
3,10,9,25.0,95.0,8.5,0.5594072837357751,0.4405927162642249,728.0701754385964
4,10,9,35.0,95.0,8.5,0.5500870939723178,0.4499129060276822,728.0701754385964
5,10,9,45.0,95.0,8.5,0.540598113412471,0.459401886587529,728.0701754385964
6,10,9,55.0,95.0,8.5,0.5311826853807635,0.4688173146192365,728.0701754385964
7,10,9,65.0,95.0,8.5,0.5219168105583804,0.47808318944161965,728.0701754385964
8,10,9,75.0,95.0,8.5,0.5127758986678113,0.48722410133218874,728.0701754385964
9,10,9,85.0,95.0,8.5,0.5036686772583361,0.4963313227416639,728.0701754385964
10,10,9,95.0,95.0,8.5,0.4944284745080138,0.5055715254919861,728.0701754385964
11,10,9,105.0,95.0,8.5,0.48481411230225324,0.5151858876977468,728.0701754385964
12,10,9,115.0,95.0,8.5,0.4744562354965592,0.5255437645034409,728.0701754385964
13,10,9,125.0,95.0,8.5,0.46273258022197156,0.5372674197780285,728.0701754385964
14,10,9,135.0,95.0,8.5,0.4486679006561908,0.5513320993438092,728.0701754385964
15,10,9,145.0,95.0,8.5,0.43047049730030434,0.5695295026996956,728.0701754385964
16,10,9,155.0,95.0,8.5,0.4048538586744613,0.5951461413255388,728.0701754385964
17,10,9,165.0,95.0,8.5,0.36617415752835436,0.6338258424716456,728.0701754385964
18,10,9,175.0,95.0,8.5,0.3080977960188956,0.6919022039811045,728.0701754385964
19,10,9,185.0,95.0,8.5,0.24263291974188197,0.757367080258118,728.0701754385964
20,10,9,195.0,95.0,8.5,0.20771794967943505,0.792282050320565,728.0701754385964
21,10,9,205.0,95.0,8.5,0.20062319504202303,0.799376804957977,728.0701754385964
22,10,9,215.0,95.0,8.5,0.20002496504183045,0.7999750349581696,728.0701754385964
23,10,9,225.0,95.0,8.5,0.20002059569658676,0.7999794043034132,728.0701754385964
24,10,9,235.0,95.0,8.5,0.20002105992423083,0.7999789400757692,728.0701754385964
25,10,9,245.0,95.0,8.5,0.20002155761549595,0.799978442384504,728.0701754385964
26,10,9,255.0,95.0,8.5,0.20002205158140776,0.7999779484185923,728.0701754385964
27,10,9,265.0,95.0,8.5,0.20002254254970755,0.7999774574502925,728.0701754385964
28,10,9,275.0,95.0,8.5,0.20002303142579703,0.799976968574203,728.0701754385964
29,10,9,285.0,95.0,8.5,0.20002351890591027,0.7999764810940897,728.0701754385964
30,10,9,295.0,95.0,8.5,0.20002400547318536,0.7999759945268147,728.0701754385964
31,10,9,305.0,95.0,8.5,0.20002449143722564,0.7999755085627743,728.0701754385964
32,10,9,315.0,95.0,8.5,0.20002497698028132,0.7999750230197187,728.0701754385964
33,10,9,325.0,95.0,8.5,0.20002546219522443,0.7999745378047756,728.0701754385964
34,10,9,335.0,95.0,8.5,0.20002594711050448,0.7999740528894955,728.0701754385964
35,10,9,345.0,95.0,8.5,0.20002643170382797,0.799973568296172,728.0701754385964
36,10,9,355.0,95.0,8.5,0.20002691590513416,0.7999730840948658,728.0701754385964
37,10,9,365.0,95.0,8.5,0.20002739959044238,0.7999726004095576,728.0701754385964
38,10,9,375.0,95.0,8.5,0.200027882565197,0.799972117434803,728.0701754385964
39,10,9,385.0,95.0,8.5,0.20002836453323392,0.7999716354667661,728.0701754385964
40,10,9,395.0,95.0,8.5,0.20002884504450386,0.7999711549554962,728.0701754385964
41,10,9,405.0,95.0,8.5,0.20002932340797988,0.7999706765920201,728.0701754385964
42,10,9,415.0,95.0,8.5,0.2000297985464158,0.7999702014535842,728.0701754385964
43,10,9,425.0,95.0,8.5,0.20003026875378918,0.7999697312462108,728.0701754385964
44,10,9,435.0,95.0,8.5,0.2000307312905322,0.7999692687094678,728.0701754385964
45,10,9,445.0,95.0,8.5,0.20003118171375445,0.7999688182862456,728.0701754385964
46,10,9,455.0,95.0,8.5,0.20003161279346318,0.7999683872065368,728.0701754385964
47,10,9,465.0,95.0,8.5,0.20003201284201597,0.799967987157984,728.0701754385964
48,10,9,475.0,95.0,8.5,0.20003236340535996,0.79996763659464,728.0701754385964
49,10,9,485.0,95.0,8.5,0.20003263694331902,0.799967363056681,728.0701754385964
50,10,9,495.0,95.0,8.5,0.20003279730327822,0.7999672026967217,728.0701754385964
1,1,10,5.0,5.0,9.5,0.6251734096689963,0.37482659033100374,798.2456140350876
2,1,10,15.0,5.0,9.5,0.6153548822855704,0.38464511771442955,798.2456140350876
3,1,10,25.0,5.0,9.5,0.6044661155807769,0.3955338844192231,798.2456140350876
4,1,10,35.0,5.0,9.5,0.5935067583128374,0.4064932416871626,798.2456140350876
5,1,10,45.0,5.0,9.5,0.5829063957081553,0.4170936042918447,798.2456140350876
6,1,10,55.0,5.0,9.5,0.5727933861006519,0.4272066138993481,798.2456140350876
7,1,10,65.0,5.0,9.5,0.5631347646543247,0.43686523534567534,798.2456140350876
8,1,10,75.0,5.0,9.5,0.553883471331007,0.446116528668993,798.2456140350876
9,1,10,85.0,5.0,9.5,0.5449620712660854,0.4550379287339146,798.2456140350876
10,1,10,95.0,5.0,9.5,0.5362725016535481,0.4637274983464519,798.2456140350876
11,1,10,105.0,5.0,9.5,0.5276923711467832,0.47230762885321675,798.2456140350876
12,1,10,115.0,5.0,9.5,0.519070113826797,0.480929886173203,798.2456140350876
13,1,10,125.0,5.0,9.5,0.5102142296002299,0.4897857703997701,798.2456140350876
14,1,10,135.0,5.0,9.5,0.500850086176787,0.49914991382321305,798.2456140350876
15,1,10,145.0,5.0,9.5,0.49055850656573163,0.5094414934342684,798.2456140350876
16,1,10,155.0,5.0,9.5,0.4786827625145575,0.5213172374854425,798.2456140350876
17,1,10,165.0,5.0,9.5,0.46406015295076336,0.5359398470492367,798.2456140350876
18,1,10,175.0,5.0,9.5,0.44456145436597416,0.5554385456340258,798.2456140350876
19,1,10,185.0,5.0,9.5,0.41602950968293967,0.5839704903170604,798.2456140350876
20,1,10,195.0,5.0,9.5,0.37050412362601004,0.62949587637399,798.2456140350876
21,1,10,205.0,5.0,9.5,0.2993403486320538,0.7006596513679462,798.2456140350876
22,1,10,215.0,5.0,9.5,0.22658471759307885,0.7734152824069211,798.2456140350876
23,1,10,225.0,5.0,9.5,0.20131840732155692,0.7986815926784431,798.2456140350876
24,1,10,235.0,5.0,9.5,0.20003148629261933,0.7999685137073806,798.2456140350876
25,1,10,245.0,5.0,9.5,0.20002143884741325,0.7999785611525867,798.2456140350876
26,1,10,255.0,5.0,9.5,0.2000218469435542,0.7999781530564458,798.2456140350876
27,1,10,265.0,5.0,9.5,0.20002233651592222,0.7999776634840778,798.2456140350876
28,1,10,275.0,5.0,9.5,0.20002282464104462,0.7999771753589554,798.2456140350876
29,1,10,285.0,5.0,9.5,0.2000233115317211,0.7999766884682789,798.2456140350876
30,1,10,295.0,5.0,9.5,0.2000237977522944,0.7999762022477056,798.2456140350876
31,1,10,305.0,5.0,9.5,0.20002428365111136,0.7999757163488886,798.2456140350876
32,1,10,315.0,5.0,9.5,0.2000247694389035,0.7999752305610965,798.2456140350876
33,1,10,325.0,5.0,9.5,0.20002525524859177,0.7999747447514083,798.2456140350876
34,1,10,335.0,5.0,9.5,0.20002574117440544,0.7999742588255946,798.2456140350876
35,1,10,345.0,5.0,9.5,0.2000262272963503,0.7999737727036497,798.2456140350876
36,1,10,355.0,5.0,9.5,0.20002671369568267,0.7999732863043173,798.2456140350876
37,1,10,365.0,5.0,9.5,0.200027200464426,0.799972799535574,798.2456140350876
38,1,10,375.0,5.0,9.5,0.20002768771000926,0.7999723122899908,798.2456140350876
39,1,10,385.0,5.0,9.5,0.20002817555359778,0.7999718244464022,798.2456140350876
40,1,10,395.0,5.0,9.5,0.20002866411704867,0.7999713358829513,798.2456140350876
41,1,10,405.0,5.0,9.5,0.20002915348745548,0.7999708465125446,798.2456140350876
42,1,10,415.0,5.0,9.5,0.20002964363698905,0.799970356363011,798.2456140350876
43,1,10,425.0,5.0,9.5,0.20003013425558774,0.7999698657444123,798.2456140350876
44,1,10,435.0,5.0,9.5,0.2000306244181755,0.7999693755818245,798.2456140350876
45,1,10,445.0,5.0,9.5,0.20003111193421705,0.7999688880657829,798.2456140350876
46,1,10,455.0,5.0,9.5,0.20003159210919128,0.7999684078908087,798.2456140350876
47,1,10,465.0,5.0,9.5,0.20003205542993652,0.7999679445700635,798.2456140350876
48,1,10,475.0,5.0,9.5,0.20003248337460383,0.7999675166253961,798.2456140350876
49,1,10,485.0,5.0,9.5,0.2000328414822758,0.7999671585177242,798.2456140350876
50,1,10,495.0,5.0,9.5,0.20003307138464335,0.7999669286153567,798.2456140350876
1,2,10,5.0,15.0,9.5,0.6919389373825019,0.3080610626174981,798.2456140350876
2,2,10,15.0,15.0,9.5,0.6783517225856431,0.32164827741435686,798.2456140350876
3,2,10,25.0,15.0,9.5,0.6639784990208721,0.33602150097912786,798.2456140350876
4,2,10,35.0,15.0,9.5,0.6500694312509131,0.3499305687490869,798.2456140350876
5,2,10,45.0,15.0,9.5,0.6370612898583722,0.3629387101416278,798.2456140350876
6,2,10,55.0,15.0,9.5,0.6250080828233036,0.37499191717669644,798.2456140350876
7,2,10,65.0,15.0,9.5,0.6138189891304532,0.3861810108695468,798.2456140350876
8,2,10,75.0,15.0,9.5,0.6033348282385891,0.3966651717614109,798.2456140350876
9,2,10,85.0,15.0,9.5,0.5933983174846548,0.40660168251534523,798.2456140350876
10,2,10,95.0,15.0,9.5,0.5838809320308492,0.41611906796915077,798.2456140350876
11,2,10,105.0,15.0,9.5,0.5746564946788798,0.4253435053211202,798.2456140350876
12,2,10,115.0,15.0,9.5,0.5655969373554305,0.4344030626445695,798.2456140350876
13,2,10,125.0,15.0,9.5,0.5565617279111361,0.4434382720888639,798.2456140350876
14,2,10,135.0,15.0,9.5,0.5473899914162305,0.45261000858376954,798.2456140350876
15,2,10,145.0,15.0,9.5,0.5378742832830788,0.46212571671692115,798.2456140350876
16,2,10,155.0,15.0,9.5,0.5277278651053767,0.4722721348946233,798.2456140350876
17,2,10,165.0,15.0,9.5,0.5165203690818793,0.48347963091812074,798.2456140350876
18,2,10,175.0,15.0,9.5,0.5035450832889329,0.4964549167110671,798.2456140350876
19,2,10,185.0,15.0,9.5,0.48757436757459094,0.5124256324254091,798.2456140350876
20,2,10,195.0,15.0,9.5,0.4662768527234758,0.5337231472765243,798.2456140350876
21,2,10,205.0,15.0,9.5,0.43495397282366377,0.5650460271763362,798.2456140350876
22,2,10,215.0,15.0,9.5,0.3841758543186144,0.6158241456813855,798.2456140350876
23,2,10,225.0,15.0,9.5,0.3030066376211757,0.6969933623788243,798.2456140350876
24,2,10,235.0,15.0,9.5,0.22340665084586647,0.7765933491541335,798.2456140350876
25,2,10,245.0,15.0,9.5,0.20091278648359187,0.7990872135164081,798.2456140350876
26,2,10,255.0,15.0,9.5,0.20002893001700883,0.7999710699829912,798.2456140350876
27,2,10,265.0,15.0,9.5,0.20002239594026436,0.7999776040597356,798.2456140350876
28,2,10,275.0,15.0,9.5,0.200022826821334,0.799977173178666,798.2456140350876
29,2,10,285.0,15.0,9.5,0.20002331241514273,0.7999766875848573,798.2456140350876
30,2,10,295.0,15.0,9.5,0.20002379816183344,0.7999762018381665,798.2456140350876
31,2,10,305.0,15.0,9.5,0.20002428379891757,0.7999757162010824,798.2456140350876
32,2,10,315.0,15.0,9.5,0.20002476943294906,0.7999752305670509,798.2456140350876
33,2,10,325.0,15.0,9.5,0.20002525514009023,0.7999747448599097,798.2456140350876
34,2,10,335.0,15.0,9.5,0.20002574098255924,0.7999742590174408,798.2456140350876
35,2,10,345.0,15.0,9.5,0.20002622702182885,0.7999737729781712,798.2456140350876
36,2,10,355.0,15.0,9.5,0.20002671332840008,0.7999732866716,798.2456140350876
37,2,10,365.0,15.0,9.5,0.20002719998913254,0.7999728000108675,798.2456140350876
38,2,10,375.0,15.0,9.5,0.20002768711293165,0.7999723128870684,798.2456140350876
39,2,10,385.0,15.0,9.5,0.2000281748339388,0.7999718251660612,798.2456140350876
40,2,10,395.0,15.0,9.5,0.20002866330966435,0.7999713366903356,798.2456140350876
41,2,10,405.0,15.0,9.5,0.20002915270768545,0.7999708472923146,798.2456140350876
42,2,10,415.0,15.0,9.5,0.20002964316779942,0.7999703568322005,798.2456140350876
43,2,10,425.0,15.0,9.5,0.20003013471061562,0.7999698652893844,798.2456140350876
44,2,10,435.0,15.0,9.5,0.2000306270395788,0.7999693729604211,798.2456140350876
45,2,10,445.0,15.0,9.5,0.20003111911135912,0.7999688808886409,798.2456140350876
46,2,10,455.0,15.0,9.5,0.20003160819013893,0.799968391809861,798.2456140350876
47,2,10,465.0,15.0,9.5,0.2000320877693772,0.7999679122306228,798.2456140350876
48,2,10,475.0,15.0,9.5,0.20003254303790158,0.7999674569620985,798.2456140350876
49,2,10,485.0,15.0,9.5,0.2000329415606075,0.7999670584393925,798.2456140350876
50,2,10,495.0,15.0,9.5,0.20003321699291168,0.7999667830070883,798.2456140350876
1,3,10,5.0,25.0,9.5,0.7340583955965695,0.2659416044034305,798.2456140350876
2,3,10,15.0,25.0,9.5,0.7170408629638162,0.2829591370361838,798.2456140350876
3,3,10,25.0,25.0,9.5,0.6993923084934568,0.3006076915065432,798.2456140350876
4,3,10,35.0,25.0,9.5,0.682646967635063,0.31735303236493695,798.2456140350876
5,3,10,45.0,25.0,9.5,0.6672861503900743,0.33271384960992567,798.2456140350876
6,3,10,55.0,25.0,9.5,0.6533013880997118,0.34669861190028817,798.2456140350876
7,3,10,65.0,25.0,9.5,0.6405100086338479,0.3594899913661521,798.2456140350876
8,3,10,75.0,25.0,9.5,0.6286979844014867,0.3713020155985133,798.2456140350876
9,3,10,85.0,25.0,9.5,0.6176532773845995,0.3823467226154005,798.2456140350876
10,3,10,95.0,25.0,9.5,0.6071820246648116,0.39281797533518836,798.2456140350876
11,3,10,105.0,25.0,9.5,0.5971206675246507,0.40287933247534935,798.2456140350876
12,3,10,115.0,25.0,9.5,0.587336586793099,0.41266341320690103,798.2456140350876
13,3,10,125.0,25.0,9.5,0.5776992956041007,0.4223007043958993,798.2456140350876
14,3,10,135.0,25.0,9.5,0.5680701519989537,0.4319298480010463,798.2456140350876
15,3,10,145.0,25.0,9.5,0.5582855262785288,0.4417144737214712,798.2456140350876
16,3,10,155.0,25.0,9.5,0.548141000440483,0.451858999559517,798.2456140350876
17,3,10,165.0,25.0,9.5,0.5373520093058526,0.4626479906941474,798.2456140350876
18,3,10,175.0,25.0,9.5,0.5254898611409685,0.4745101388590315,798.2456140350876
19,3,10,185.0,25.0,9.5,0.5118754756710376,0.48812452432896236,798.2456140350876
20,3,10,195.0,25.0,9.5,0.4953225030399802,0.5046774969600198,798.2456140350876
21,3,10,205.0,25.0,9.5,0.47363744109843975,0.5263625589015603,798.2456140350876
22,3,10,215.0,25.0,9.5,0.4424264998554976,0.5575735001445024,798.2456140350876
23,3,10,225.0,25.0,9.5,0.39273991819904736,0.6072600818009526,798.2456140350876
24,3,10,235.0,25.0,9.5,0.312536747747211,0.687463252252789,798.2456140350876
25,3,10,245.0,25.0,9.5,0.22829561309499224,0.7717043869050078,798.2456140350876
26,3,10,255.0,25.0,9.5,0.20130628685701507,0.798693713142985,798.2456140350876
27,3,10,265.0,25.0,9.5,0.20003242257015516,0.7999675774298448,798.2456140350876
28,3,10,275.0,25.0,9.5,0.20002290905175277,0.7999770909482472,798.2456140350876
29,3,10,285.0,25.0,9.5,0.20002331453139954,0.7999766854686005,798.2456140350876
30,3,10,295.0,25.0,9.5,0.20002379881337248,0.7999762011866275,798.2456140350876
31,3,10,305.0,25.0,9.5,0.20002428399808506,0.799975716001915,798.2456140350876
32,3,10,315.0,25.0,9.5,0.20002476937341498,0.799975230626585,798.2456140350876
33,3,10,325.0,25.0,9.5,0.20002525490503975,0.7999747450949602,798.2456140350876
34,3,10,335.0,25.0,9.5,0.20002574059854752,0.7999742594014525,798.2456140350876
35,3,10,345.0,25.0,9.5,0.2000262264830429,0.7999737735169571,798.2456140350876
36,3,10,355.0,25.0,9.5,0.20002671260921612,0.7999732873907839,798.2456140350876
37,3,10,365.0,25.0,9.5,0.20002719905248761,0.7999728009475124,798.2456140350876
38,3,10,375.0,25.0,9.5,0.20002768591972056,0.7999723140802795,798.2456140350876
39,3,10,385.0,25.0,9.5,0.20002817335985654,0.7999718266401434,798.2456140350876
40,3,10,395.0,25.0,9.5,0.2000286615791671,0.7999713384208329,798.2456140350876
41,3,10,405.0,25.0,9.5,0.20002915086334003,0.79997084913666,798.2456140350876
42,3,10,415.0,25.0,9.5,0.2000296416085362,0.7999703583914638,798.2456140350876
43,3,10,425.0,25.0,9.5,0.2000301343634354,0.7999698656365646,798.2456140350876
44,3,10,435.0,25.0,9.5,0.2000306298596978,0.7999693701403022,798.2456140350876
45,3,10,445.0,25.0,9.5,0.20003112899612463,0.7999688710038754,798.2456140350876
46,3,10,455.0,25.0,9.5,0.20003163254541784,0.7999683674545821,798.2456140350876
47,3,10,465.0,25.0,9.5,0.2000321397665292,0.7999678602334708,798.2456140350876
48,3,10,475.0,25.0,9.5,0.20003264376711755,0.7999673562328824,798.2456140350876
49,3,10,485.0,25.0,9.5,0.20003311901859896,0.799966880981401,798.2456140350876
50,3,10,495.0,25.0,9.5,0.20003349397049502,0.7999665060295049,798.2456140350876
1,4,10,5.0,35.0,9.5,0.7653771303166199,0.2346228696833801,798.2456140350876
2,4,10,15.0,35.0,9.5,0.7462207701951,0.2537792298049,798.2456140350876
3,4,10,25.0,35.0,9.5,0.7258400858395754,0.2741599141604246,798.2456140350876
4,4,10,35.0,35.0,9.5,0.7065130085569964,0.2934869914430036,798.2456140350876
5,4,10,45.0,35.0,9.5,0.6889848733701901,0.3110151266298099,798.2456140350876
6,4,10,55.0,35.0,9.5,0.6732703842770018,0.3267296157229982,798.2456140350876
7,4,10,65.0,35.0,9.5,0.6590936119130573,0.34090638808694274,798.2456140350876
8,4,10,75.0,35.0,9.5,0.6461190994921379,0.35388090050786214,798.2456140350876
9,4,10,85.0,35.0,9.5,0.6340814283384925,0.36591857166150754,798.2456140350876
10,4,10,95.0,35.0,9.5,0.6227652540539721,0.3772347459460279,798.2456140350876
11,4,10,105.0,35.0,9.5,0.6119848841208502,0.38801511587914983,798.2456140350876
12,4,10,115.0,35.0,9.5,0.601583307291013,0.39841669270898705,798.2456140350876
13,4,10,125.0,35.0,9.5,0.5914320416815424,0.4085679583184576,798.2456140350876
14,4,10,135.0,35.0,9.5,0.581393859812137,0.418606140187863,798.2456140350876
15,4,10,145.0,35.0,9.5,0.5713207629526251,0.4286792370473749,798.2456140350876
16,4,10,155.0,35.0,9.5,0.5610370273206775,0.4389629726793225,798.2456140350876
17,4,10,165.0,35.0,9.5,0.5503157183462485,0.4496842816537515,798.2456140350876
18,4,10,175.0,35.0,9.5,0.5388389471480434,0.46116105285195663,798.2456140350876
19,4,10,185.0,35.0,9.5,0.5261251573170593,0.47387484268294067,798.2456140350876
20,4,10,195.0,35.0,9.5,0.5113906197027609,0.4886093802972391,798.2456140350876
21,4,10,205.0,35.0,9.5,0.493261331072213,0.5067386689277871,798.2456140350876
22,4,10,215.0,35.0,9.5,0.46913391796607473,0.5308660820339253,798.2456140350876
23,4,10,225.0,35.0,9.5,0.43370973793934675,0.5662902620606532,798.2456140350876
24,4,10,235.0,35.0,9.5,0.3764637821551047,0.6235362178448953,798.2456140350876
25,4,10,245.0,35.0,9.5,0.2885004728430244,0.7114995271569756,798.2456140350876
26,4,10,255.0,35.0,9.5,0.21574382950712023,0.7842561704928798,798.2456140350876
27,4,10,265.0,35.0,9.5,0.2003900109831703,0.7996099890168297,798.2456140350876
28,4,10,275.0,35.0,9.5,0.20002564332156222,0.7999743566784377,798.2456140350876
29,4,10,285.0,35.0,9.5,0.20002333730796626,0.7999766626920337,798.2456140350876
30,4,10,295.0,35.0,9.5,0.2000237995405435,0.7999762004594565,798.2456140350876
31,4,10,305.0,35.0,9.5,0.200024284082281,0.799975715917719,798.2456140350876
32,4,10,315.0,35.0,9.5,0.20002476918350487,0.7999752308164951,798.2456140350876
33,4,10,325.0,35.0,9.5,0.20002525451881456,0.7999747454811854,798.2456140350876
34,4,10,335.0,35.0,9.5,0.2000257400288068,0.7999742599711932,798.2456140350876
35,4,10,345.0,35.0,9.5,0.20002622570578496,0.799973774294215,798.2456140350876
36,4,10,355.0,35.0,9.5,0.200026711575247,0.799973288424753,798.2456140350876
37,4,10,365.0,35.0,9.5,0.200027197693512,0.799972802306488,798.2456140350876
38,4,10,375.0,35.0,9.5,0.20002768415450353,0.7999723158454964,798.2456140350876
39,4,10,385.0,35.0,9.5,0.20002817110629043,0.7999718288937095,798.2456140350876
40,4,10,395.0,35.0,9.5,0.20002865878162798,0.799971341218372,798.2456140350876
41,4,10,405.0,35.0,9.5,0.20002914755199022,0.7999708524480098,798.2456140350876
42,4,10,415.0,35.0,9.5,0.20002963802411672,0.7999703619758833,798.2456140350876
43,4,10,425.0,35.0,9.5,0.20003013121367555,0.7999698687863245,798.2456140350876
44,4,10,435.0,35.0,9.5,0.2000306288611716,0.7999693711388284,798.2456140350876
45,4,10,445.0,35.0,9.5,0.20003113395088334,0.7999688660491167,798.2456140350876
46,4,10,455.0,35.0,9.5,0.2000316514304477,0.7999683485695523,798.2456140350876
47,4,10,465.0,35.0,9.5,0.20003218862166333,0.7999678113783366,798.2456140350876
48,4,10,475.0,35.0,9.5,0.20003275221772696,0.799967247782273,798.2456140350876
49,4,10,485.0,35.0,9.5,0.2000333303962645,0.7999666696037355,798.2456140350876
50,4,10,495.0,35.0,9.5,0.20003385089806996,0.7999661491019301,798.2456140350876
1,5,10,5.0,45.0,9.5,0.7888487422749243,0.2111512577250757,798.2456140350876
2,5,10,15.0,45.0,9.5,0.7711044195503051,0.22889558044969494,798.2456140350876
3,5,10,25.0,45.0,9.5,0.7494511437847313,0.2505488562152687,798.2456140350876
4,5,10,35.0,45.0,9.5,0.7283857589640014,0.2716142410359986,798.2456140350876
5,5,10,45.0,45.0,9.5,0.7093779171540305,0.29062208284596946,798.2456140350876
6,5,10,55.0,45.0,9.5,0.6923896810550063,0.3076103189449937,798.2456140350876
7,5,10,65.0,45.0,9.5,0.6770836580384488,0.32291634196155117,798.2456140350876
8,5,10,75.0,45.0,9.5,0.6631511103942903,0.3368488896057097,798.2456140350876
9,5,10,85.0,45.0,9.5,0.6503025770483839,0.3496974229516161,798.2456140350876
10,5,10,95.0,45.0,9.5,0.6382989528159655,0.3617010471840345,798.2456140350876
11,5,10,105.0,45.0,9.5,0.6269258608851495,0.37307413911485054,798.2456140350876
12,5,10,115.0,45.0,9.5,0.615997807483449,0.384002192516551,798.2456140350876
13,5,10,125.0,45.0,9.5,0.6053505812261669,0.3946494187738331,798.2456140350876
14,5,10,135.0,45.0,9.5,0.594864569461576,0.40513543053842405,798.2456140350876
15,5,10,145.0,45.0,9.5,0.5844073662441044,0.4155926337558956,798.2456140350876
16,5,10,155.0,45.0,9.5,0.5738238717689041,0.42617612823109585,798.2456140350876
17,5,10,165.0,45.0,9.5,0.5629222460654482,0.43707775393455184,798.2456140350876
18,5,10,175.0,45.0,9.5,0.5514428682036101,0.4485571317963899,798.2456140350876
19,5,10,185.0,45.0,9.5,0.539007210939429,0.46099278906057095,798.2456140350876
20,5,10,195.0,45.0,9.5,0.5250264195500217,0.4749735804499783,798.2456140350876
21,5,10,205.0,45.0,9.5,0.5085091324569428,0.49149086754305715,798.2456140350876
22,5,10,215.0,45.0,9.5,0.4876502083973534,0.5123497916026466,798.2456140350876
23,5,10,225.0,45.0,9.5,0.458905348711568,0.541094651288432,798.2456140350876
24,5,10,235.0,45.0,9.5,0.41493241768116323,0.5850675823188367,798.2456140350876
25,5,10,245.0,45.0,9.5,0.34300696287442883,0.6569930371255712,798.2456140350876
26,5,10,255.0,45.0,9.5,0.25016308015831773,0.7498369198416823,798.2456140350876
27,5,10,265.0,45.0,9.5,0.20431957877353218,0.7956804212264679,798.2456140350876
28,5,10,275.0,45.0,9.5,0.2000583570207007,0.7999416429792993,798.2456140350876
29,5,10,285.0,45.0,9.5,0.20002361086145307,0.799976389138547,798.2456140350876
30,5,10,295.0,45.0,9.5,0.20002380187895324,0.7999761981210467,798.2456140350876
31,5,10,305.0,45.0,9.5,0.20002428388847548,0.7999757161115245,798.2456140350876
32,5,10,315.0,45.0,9.5,0.2000247687939457,0.7999752312060543,798.2456140350876
33,5,10,325.0,45.0,9.5,0.20002525397052442,0.7999747460294756,798.2456140350876
34,5,10,335.0,45.0,9.5,0.20002573929791886,0.7999742607020811,798.2456140350876
35,5,10,345.0,45.0,9.5,0.20002622473938717,0.7999737752606129,798.2456140350876
36,5,10,355.0,45.0,9.5,0.20002671029478786,0.7999732897052121,798.2456140350876
37,5,10,365.0,45.0,9.5,0.20002719599334615,0.7999728040066538,798.2456140350876
38,5,10,375.0,45.0,9.5,0.20002768189904357,0.7999723181009564,798.2456140350876
39,5,10,385.0,45.0,9.5,0.20002816812816296,0.7999718318718371,798.2456140350876
40,5,10,395.0,45.0,9.5,0.20002865488491883,0.7999713451150812,798.2456140350876
41,5,10,405.0,45.0,9.5,0.20002914252819698,0.799970857471803,798.2456140350876
42,5,10,415.0,45.0,9.5,0.20002963169514876,0.7999703683048512,798.2456140350876
43,5,10,425.0,45.0,9.5,0.2000301235312988,0.7999698764687012,798.2456140350876
44,5,10,435.0,45.0,9.5,0.2000306201237209,0.7999693798762791,798.2456140350876
45,5,10,445.0,45.0,9.5,0.2000311253273351,0.7999688746726649,798.2456140350876
46,5,10,455.0,45.0,9.5,0.2000316463499834,0.7999683536500166,798.2456140350876
47,5,10,465.0,45.0,9.5,0.20003219635060604,0.799967803649394,798.2456140350876
48,5,10,475.0,45.0,9.5,0.20003279416771755,0.7999672058322824,798.2456140350876
49,5,10,485.0,45.0,9.5,0.20003342190351903,0.799966578096481,798.2456140350876
50,5,10,495.0,45.0,9.5,0.20003386278912788,0.7999661372108722,798.2456140350876
1,6,10,5.0,55.0,9.5,0.7670116353374364,0.23298836466256356,798.2456140350876
2,6,10,15.0,55.0,9.5,0.7488859170642748,0.25111408293572524,798.2456140350876
3,6,10,25.0,55.0,9.5,0.7294535990051001,0.2705464009948999,798.2456140350876
4,6,10,35.0,55.0,9.5,0.7108213241538489,0.2891786758461511,798.2456140350876
5,6,10,45.0,55.0,9.5,0.6937317409094953,0.3062682590905047,798.2456140350876
6,6,10,55.0,55.0,9.5,0.678216580729526,0.32178341927047405,798.2456140350876
7,6,10,65.0,55.0,9.5,0.6640705345194887,0.3359294654805113,798.2456140350876
8,6,10,75.0,55.0,9.5,0.6510448369407624,0.34895516305923757,798.2456140350876
9,6,10,85.0,55.0,9.5,0.63891553436982,0.36108446563018004,798.2456140350876
10,6,10,95.0,55.0,9.5,0.6274871263768538,0.3725128736231462,798.2456140350876
11,6,10,105.0,55.0,9.5,0.6165835766163905,0.3834164233836095,798.2456140350876
12,6,10,115.0,55.0,9.5,0.606044091370298,0.393955908629702,798.2456140350876
13,6,10,125.0,55.0,9.5,0.5957310641802729,0.4042689358197271,798.2456140350876
14,6,10,135.0,55.0,9.5,0.5855193476739524,0.4144806523260476,798.2456140350876
15,6,10,145.0,55.0,9.5,0.5752702463574376,0.4247297536425624,798.2456140350876
16,6,10,155.0,55.0,9.5,0.5648156607620213,0.4351843392379787,798.2456140350876
17,6,10,165.0,55.0,9.5,0.5539393186180677,0.44606068138193233,798.2456140350876
18,6,10,175.0,55.0,9.5,0.5423400502630015,0.45765994973699853,798.2456140350876
19,6,10,185.0,55.0,9.5,0.5295636398311737,0.4704363601688263,798.2456140350876
20,6,10,195.0,55.0,9.5,0.5148860231151942,0.48511397688480584,798.2456140350876
21,6,10,205.0,55.0,9.5,0.49704003710084355,0.5029599628991565,798.2456140350876
22,6,10,215.0,55.0,9.5,0.4736462866332448,0.5263537133667552,798.2456140350876
23,6,10,225.0,55.0,9.5,0.4398845814686284,0.5601154185313716,798.2456140350876
24,6,10,235.0,55.0,9.5,0.38598976018132053,0.6140102398186795,798.2456140350876
25,6,10,245.0,55.0,9.5,0.30103612840785404,0.698963871592146,798.2456140350876
26,6,10,255.0,55.0,9.5,0.22150155867101454,0.7784984413289855,798.2456140350876
27,6,10,265.0,55.0,9.5,0.20072719363735456,0.7992728063626454,798.2456140350876
28,6,10,275.0,55.0,9.5,0.2000283287518891,0.7999716712481109,798.2456140350876
29,6,10,285.0,55.0,9.5,0.20002335846226896,0.7999766415377311,798.2456140350876
30,6,10,295.0,55.0,9.5,0.2000237990762298,0.7999762009237702,798.2456140350876
31,6,10,305.0,55.0,9.5,0.20002428327138702,0.799975716728613,798.2456140350876
32,6,10,315.0,55.0,9.5,0.20002476818930734,0.7999752318106926,798.2456140350876
33,6,10,325.0,55.0,9.5,0.20002525328528062,0.7999747467147194,798.2456140350876
34,6,10,335.0,55.0,9.5,0.20002573845899022,0.7999742615410098,798.2456140350876
35,6,10,345.0,55.0,9.5,0.20002622366247919,0.7999737763375208,798.2456140350876
36,6,10,355.0,55.0,9.5,0.20002670887341792,0.7999732911265821,798.2456140350876
37,6,10,365.0,55.0,9.5,0.2000271940874589,0.799972805912541,798.2456140350876
38,6,10,375.0,55.0,9.5,0.20002767932039206,0.7999723206796079,798.2456140350876
39,6,10,385.0,55.0,9.5,0.20002816462046713,0.7999718353795329,798.2456140350876
40,6,10,395.0,55.0,9.5,0.20002865009529414,0.7999713499047059,798.2456140350876
41,6,10,405.0,55.0,9.5,0.2000291359641716,0.7999708640358284,798.2456140350876
42,6,10,415.0,55.0,9.5,0.2000296226547733,0.7999703773452267,798.2456140350876
43,6,10,425.0,55.0,9.5,0.20003011097828693,0.7999698890217131,798.2456140350876
44,6,10,435.0,55.0,9.5,0.200030602434728,0.799969397565272,798.2456140350876
45,6,10,445.0,55.0,9.5,0.20003109970824048,0.7999689002917595,798.2456140350876
46,6,10,455.0,55.0,9.5,0.2000316073115321,0.7999683926884679,798.2456140350876
47,6,10,465.0,55.0,9.5,0.20003213170090864,0.7999678682990914,798.2456140350876
48,6,10,475.0,55.0,9.5,0.20003267747684897,0.7999673225231511,798.2456140350876
49,6,10,485.0,55.0,9.5,0.20003322933752332,0.7999667706624767,798.2456140350876
50,6,10,495.0,55.0,9.5,0.200033714462244,0.7999662855377561,798.2456140350876
1,7,10,5.0,65.0,9.5,0.7390906130693037,0.2609093869306963,798.2456140350876
2,7,10,15.0,65.0,9.5,0.7230947032761437,0.27690529672385633,798.2456140350876
3,7,10,25.0,65.0,9.5,0.706241090228048,0.29375890977195196,798.2456140350876
4,7,10,35.0,65.0,9.5,0.6899889607205827,0.3100110392794173,798.2456140350876
5,7,10,45.0,65.0,9.5,0.6748637662395015,0.3251362337604985,798.2456140350876
6,7,10,55.0,65.0,9.5,0.6609316389434562,0.3390683610565438,798.2456140350876
7,7,10,65.0,65.0,9.5,0.648071603210295,0.351928396789705,798.2456140350876
8,7,10,75.0,65.0,9.5,0.6361121455552708,0.36388785444472915,798.2456140350876
9,7,10,85.0,65.0,9.5,0.6248806500555092,0.3751193499444908,798.2456140350876
10,7,10,95.0,65.0,9.5,0.6142102518905305,0.38578974810946953,798.2456140350876
11,7,10,105.0,65.0,9.5,0.6039384602263835,0.39606153977361647,798.2456140350876
12,7,10,115.0,65.0,9.5,0.5939337299149388,0.40606627008506124,798.2456140350876
13,7,10,125.0,65.0,9.5,0.5840742862925258,0.4159257137074742,798.2456140350876
14,7,10,135.0,65.0,9.5,0.5742287146415791,0.4257712853584209,798.2456140350876
15,7,10,145.0,65.0,9.5,0.5642434241904162,0.4357565758095838,798.2456140350876
16,7,10,155.0,65.0,9.5,0.5539237708409647,0.44607622915903533,798.2456140350876
17,7,10,165.0,65.0,9.5,0.5430055946652445,0.45699440533475555,798.2456140350876
18,7,10,175.0,65.0,9.5,0.5311020394722827,0.46889796052771726,798.2456140350876
19,7,10,185.0,65.0,9.5,0.5176043434050243,0.48239565659497574,798.2456140350876
20,7,10,195.0,65.0,9.5,0.5014852894376076,0.4985147105623924,798.2456140350876
21,7,10,205.0,65.0,9.5,0.4808707392591113,0.5191292607408887,798.2456140350876
22,7,10,215.0,65.0,9.5,0.4520545915629249,0.5479454084370752,798.2456140350876
23,7,10,225.0,65.0,9.5,0.40738584413918777,0.5926141558608122,798.2456140350876
24,7,10,235.0,65.0,9.5,0.33418686047090895,0.665813139529091,798.2456140350876
25,7,10,245.0,65.0,9.5,0.24363294714659403,0.756367052853406,798.2456140350876
26,7,10,255.0,65.0,9.5,0.20326061557300806,0.7967393844269919,798.2456140350876
27,7,10,265.0,65.0,9.5,0.20004881907805647,0.7999511809219435,798.2456140350876
28,7,10,275.0,65.0,9.5,0.20002304543506577,0.7999769545649342,798.2456140350876
29,7,10,285.0,65.0,9.5,0.20002331467718926,0.7999766853228107,798.2456140350876
30,7,10,295.0,65.0,9.5,0.2000237974824744,0.7999762025175257,798.2456140350876
31,7,10,305.0,65.0,9.5,0.20002428238456868,0.7999757176154313,798.2456140350876
32,7,10,315.0,65.0,9.5,0.20002476744347467,0.7999752325565254,798.2456140350876
33,7,10,325.0,65.0,9.5,0.20002525253516296,0.7999747474648371,798.2456140350876
34,7,10,335.0,65.0,9.5,0.20002573759616168,0.7999742624038383,798.2456140350876
35,7,10,345.0,65.0,9.5,0.20002622258145036,0.7999737774185496,798.2456140350876
36,7,10,355.0,65.0,9.5,0.2000267074511674,0.7999732925488325,798.2456140350876
37,7,10,365.0,65.0,9.5,0.20002719216393677,0.7999728078360633,798.2456140350876
38,7,10,375.0,65.0,9.5,0.20002767667451127,0.7999723233254887,798.2456140350876
39,7,10,385.0,65.0,9.5,0.20002816093521555,0.7999718390647844,798.2456140350876
40,7,10,395.0,65.0,9.5,0.20002864490308916,0.7999713550969109,798.2456140350876
41,7,10,405.0,65.0,9.5,0.2000291285562789,0.799970871443721,798.2456140350876
42,7,10,415.0,65.0,9.5,0.20002961192512791,0.7999703880748721,798.2456140350876
43,7,10,425.0,65.0,9.5,0.20003009514225675,0.7999699048577432,798.2456140350876
44,7,10,435.0,65.0,9.5,0.20003057850280084,0.7999694214971992,798.2456140350876
45,7,10,445.0,65.0,9.5,0.20003106246720545,0.7999689375327945,798.2456140350876
46,7,10,455.0,65.0,9.5,0.20003154734302706,0.7999684526569729,798.2456140350876
47,7,10,465.0,65.0,9.5,0.20003203181890772,0.7999679681810923,798.2456140350876
48,7,10,475.0,65.0,9.5,0.20003250826994817,0.7999674917300519,798.2456140350876
49,7,10,485.0,65.0,9.5,0.2000329511482169,0.7999670488517832,798.2456140350876
50,7,10,495.0,65.0,9.5,0.20003329410907478,0.7999667058909252,798.2456140350876
1,8,10,5.0,75.0,9.5,0.7045193777239537,0.2954806222760463,798.2456140350876
2,8,10,15.0,75.0,9.5,0.6915544597802374,0.30844554021976256,798.2456140350876
3,8,10,25.0,75.0,9.5,0.6776095538539878,0.3223904461460122,798.2456140350876
4,8,10,35.0,75.0,9.5,0.663893447759576,0.33610655224042396,798.2456140350876
5,8,10,45.0,75.0,9.5,0.6508850806479877,0.34911491935201233,798.2456140350876
6,8,10,55.0,75.0,9.5,0.6387014572450079,0.36129854275499207,798.2456140350876
7,8,10,65.0,75.0,9.5,0.6272955383319845,0.3727044616680155,798.2456140350876
8,8,10,75.0,75.0,9.5,0.6165545830214122,0.3834454169785878,798.2456140350876
9,8,10,85.0,75.0,9.5,0.6063376249244234,0.39366237507557655,798.2456140350876
10,8,10,95.0,75.0,9.5,0.5965122229182852,0.4034877770817148,798.2456140350876
11,8,10,105.0,75.0,9.5,0.586964123795915,0.413035876204085,798.2456140350876
12,8,10,115.0,75.0,9.5,0.5775758836294835,0.42242411637051647,798.2456140350876
13,8,10,125.0,75.0,9.5,0.5682207944355548,0.43177920556444516,798.2456140350876
14,8,10,135.0,75.0,9.5,0.5587480371106844,0.44125196288931556,798.2456140350876
15,8,10,145.0,75.0,9.5,0.5489719775026956,0.45102802249730445,798.2456140350876
16,8,10,155.0,75.0,9.5,0.5386386469380084,0.46136135306199155,798.2456140350876
17,8,10,165.0,75.0,9.5,0.5273732934420536,0.47262670655794636,798.2456140350876
18,8,10,175.0,75.0,9.5,0.5145910293491052,0.48540897065089483,798.2456140350876
19,8,10,185.0,75.0,9.5,0.49930205124254073,0.5006979487574592,798.2456140350876
20,8,10,195.0,75.0,9.5,0.47972257568040033,0.5202774243195997,798.2456140350876
21,8,10,205.0,75.0,9.5,0.45236250094856456,0.5476374990514354,798.2456140350876
22,8,10,215.0,75.0,9.5,0.41008976249621293,0.589910237503787,798.2456140350876
23,8,10,225.0,75.0,9.5,0.3405199949460821,0.6594800050539179,798.2456140350876
24,8,10,235.0,75.0,9.5,0.24989146046857832,0.7501085395314216,798.2456140350876
25,8,10,245.0,75.0,9.5,0.20441231873117782,0.7955876812688222,798.2456140350876
26,8,10,255.0,75.0,9.5,0.2000588162599342,0.7999411837400658,798.2456140350876
27,8,10,265.0,75.0,9.5,0.20002264715602033,0.7999773528439796,798.2456140350876
28,8,10,275.0,75.0,9.5,0.20002282755444742,0.7999771724455526,798.2456140350876
29,8,10,285.0,75.0,9.5,0.20002331059992923,0.7999766894000708,798.2456140350876
30,8,10,295.0,75.0,9.5,0.2000237960583917,0.7999762039416083,798.2456140350876
31,8,10,305.0,75.0,9.5,0.20002428143186068,0.7999757185681393,798.2456140350876
32,8,10,315.0,75.0,9.5,0.20002476669201533,0.7999752333079847,798.2456140350876
33,8,10,325.0,75.0,9.5,0.20002525182676467,0.7999747481732353,798.2456140350876
34,8,10,335.0,75.0,9.5,0.20002573681428684,0.7999742631857132,798.2456140350876
35,8,10,345.0,75.0,9.5,0.20002622161915803,0.7999737783808419,798.2456140350876
36,8,10,355.0,75.0,9.5,0.200026706187957,0.799973293812043,798.2456140350876
37,8,10,365.0,75.0,9.5,0.20002719044378914,0.7999728095562109,798.2456140350876
38,8,10,375.0,75.0,9.5,0.2000276742781472,0.7999723257218528,798.2456140350876
39,8,10,385.0,75.0,9.5,0.20002815753939354,0.7999718424606065,798.2456140350876
40,8,10,395.0,75.0,9.5,0.20002864001537954,0.7999713599846204,798.2456140350876
41,8,10,405.0,75.0,9.5,0.20002912140670356,0.7999708785932964,798.2456140350876
42,8,10,415.0,75.0,9.5,0.20002960128172795,0.799970398718272,798.2456140350876
43,8,10,425.0,75.0,9.5,0.20003007899430003,0.7999699210057,798.2456140350876
44,8,10,435.0,75.0,9.5,0.20003055351692536,0.7999694464830747,798.2456140350876
45,8,10,445.0,75.0,9.5,0.20003102307461884,0.7999689769253812,798.2456140350876
46,8,10,455.0,75.0,9.5,0.20003148430718584,0.7999685156928141,798.2456140350876
47,8,10,465.0,75.0,9.5,0.20003193036624298,0.799968069633757,798.2456140350876
48,8,10,475.0,75.0,9.5,0.20003234684681565,0.7999676531531843,798.2456140350876
49,8,10,485.0,75.0,9.5,0.20003270407410528,0.7999672959258948,798.2456140350876
50,8,10,495.0,75.0,9.5,0.20003294508708824,0.7999670549129118,798.2456140350876
1,9,10,5.0,85.0,9.5,0.6604461034497158,0.33955389655028423,798.2456140350876
2,9,10,15.0,85.0,9.5,0.6506211345983183,0.3493788654016817,798.2456140350876
3,9,10,25.0,85.0,9.5,0.6396508134443802,0.36034918655561976,798.2456140350876
4,9,10,35.0,85.0,9.5,0.628527296972328,0.371472703027672,798.2456140350876
5,9,10,45.0,85.0,9.5,0.6177068879555395,0.3822931120444605,798.2456140350876
6,9,10,55.0,85.0,9.5,0.6073483300589174,0.3926516699410826,798.2456140350876
7,9,10,65.0,85.0,9.5,0.5974507286643551,0.4025492713356449,798.2456140350876
8,9,10,75.0,85.0,9.5,0.5879633095558713,0.4120366904441287,798.2456140350876
9,9,10,85.0,85.0,9.5,0.5788161877387362,0.4211838122612638,798.2456140350876
10,9,10,95.0,85.0,9.5,0.5699173505527363,0.4300826494472637,798.2456140350876
11,9,10,105.0,85.0,9.5,0.5611622318484191,0.43883776815158093,798.2456140350876
12,9,10,115.0,85.0,9.5,0.5524213944703787,0.44757860552962125,798.2456140350876
13,9,10,125.0,85.0,9.5,0.5435448967926553,0.4564551032073447,798.2456140350876
14,9,10,135.0,85.0,9.5,0.5343334010571501,0.4656665989428499,798.2456140350876
15,9,10,145.0,85.0,9.5,0.5245071366135204,0.47549286338647956,798.2456140350876
16,9,10,155.0,85.0,9.5,0.5136444832278297,0.48635551677217026,798.2456140350876
17,9,10,165.0,85.0,9.5,0.5010557878915742,0.49894421210842577,798.2456140350876
18,9,10,175.0,85.0,9.5,0.4855431910245315,0.5144568089754685,798.2456140350876
19,9,10,185.0,85.0,9.5,0.46485791845767827,0.5351420815423218,798.2456140350876
20,9,10,195.0,85.0,9.5,0.4345291501086149,0.5654708498913851,798.2456140350876
21,9,10,205.0,85.0,9.5,0.3857458910410307,0.6142541089589693,798.2456140350876
22,9,10,215.0,85.0,9.5,0.3077028999563998,0.6922971000436002,798.2456140350876
23,9,10,225.0,85.0,9.5,0.22688866352826378,0.7731113364717362,798.2456140350876
24,9,10,235.0,85.0,9.5,0.20120772614791166,0.7987922738520883,798.2456140350876
25,9,10,245.0,85.0,9.5,0.2000308683144839,0.7999691316855161,798.2456140350876
26,9,10,255.0,85.0,9.5,0.200021920654362,0.799978079345638,798.2456140350876
27,9,10,265.0,85.0,9.5,0.20002233462206384,0.7999776653779361,798.2456140350876
28,9,10,275.0,85.0,9.5,0.20002282185995515,0.7999771781400449,798.2456140350876
29,9,10,285.0,85.0,9.5,0.20002330869641682,0.7999766913035832,798.2456140350876
30,9,10,295.0,85.0,9.5,0.2000237948870937,0.7999762051129062,798.2456140350876
31,9,10,305.0,85.0,9.5,0.2000242806427439,0.7999757193572561,798.2456140350876
32,9,10,315.0,85.0,9.5,0.2000247660858197,0.7999752339141804,798.2456140350876
33,9,10,325.0,85.0,9.5,0.2000252512742692,0.7999747487257308,798.2456140350876
34,9,10,335.0,85.0,9.5,0.20002573621971462,0.7999742637802854,798.2456140350876
35,9,10,345.0,85.0,9.5,0.200026220895861,0.799973779104139,798.2456140350876
36,9,10,355.0,85.0,9.5,0.20002670523976585,0.7999732947602342,798.2456140350876
37,9,10,365.0,85.0,9.5,0.20002718914619108,0.7999728108538089,798.2456140350876
38,9,10,375.0,85.0,9.5,0.2000276724544045,0.7999723275455954,798.2456140350876
39,9,10,385.0,85.0,9.5,0.20002815492498235,0.7999718450750176,798.2456140350876
40,9,10,395.0,85.0,9.5,0.20002863620120426,0.7999713637987957,798.2456140350876
41,9,10,405.0,85.0,9.5,0.20002911574517834,0.7999708842548217,798.2456140350876
42,9,10,415.0,85.0,9.5,0.20002959273093285,0.7999704072690672,798.2456140350876
43,9,10,425.0,85.0,9.5,0.20003006586139221,0.7999699341386077,798.2456140350876
44,9,10,435.0,85.0,9.5,0.2000305330486654,0.7999694669513346,798.2456140350876
45,9,10,445.0,85.0,9.5,0.20003099084419412,0.7999690091558058,798.2456140350876
46,9,10,455.0,85.0,9.5,0.20003143341378524,0.7999685665862147,798.2456140350876
47,9,10,465.0,85.0,9.5,0.2000318507122094,0.7999681492877906,798.2456140350876
48,9,10,475.0,85.0,9.5,0.20003222540264423,0.7999677745973558,798.2456140350876
49,9,10,485.0,85.0,9.5,0.20003252839987748,0.7999674716001225,798.2456140350876
50,9,10,495.0,85.0,9.5,0.20003271521128324,0.7999672847887167,798.2456140350876
1,10,10,5.0,95.0,9.5,0.590035393244889,0.40996460675511104,798.2456140350876
2,10,10,15.0,95.0,9.5,0.5830114417412776,0.4169885582587224,798.2456140350876
3,10,10,25.0,95.0,9.5,0.5747385770277091,0.42526142297229086,798.2456140350876
4,10,10,35.0,95.0,9.5,0.5659633713350569,0.4340366286649431,798.2456140350876
5,10,10,45.0,95.0,9.5,0.5570659564442293,0.4429340435557707,798.2456140350876
6,10,10,55.0,95.0,9.5,0.5482269938952389,0.4517730061047611,798.2456140350876
7,10,10,65.0,95.0,9.5,0.539543457726281,0.460456542273719,798.2456140350876
8,10,10,75.0,95.0,9.5,0.5310221075741135,0.4689778924258865,798.2456140350876
9,10,10,85.0,95.0,9.5,0.522612682677104,0.47738731732289597,798.2456140350876
10,10,10,95.0,95.0,9.5,0.514218389815322,0.485781610184678,798.2456140350876
11,10,10,105.0,95.0,9.5,0.5056996866152837,0.49430031338471625,798.2456140350876
12,10,10,115.0,95.0,9.5,0.4968519959485791,0.5031480040514209,798.2456140350876
13,10,10,125.0,95.0,9.5,0.4873590725596015,0.5126409274403985,798.2456140350876
14,10,10,135.0,95.0,9.5,0.47674242131961947,0.5232575786803806,798.2456140350876
15,10,10,145.0,95.0,9.5,0.46418649605424045,0.5358135039457596,798.2456140350876
16,10,10,155.0,95.0,9.5,0.4482513316274739,0.5517486683725261,798.2456140350876
17,10,10,165.0,95.0,9.5,0.4262895543930186,0.5737104456069815,798.2456140350876
18,10,10,175.0,95.0,9.5,0.3931871314811878,0.6068128685188122,798.2456140350876
19,10,10,185.0,95.0,9.5,0.3407510216284802,0.6592489783715199,798.2456140350876
20,10,10,195.0,95.0,9.5,0.2682549304612756,0.7317450695387244,798.2456140350876
21,10,10,205.0,95.0,9.5,0.21367753807789788,0.7863224619221021,798.2456140350876
22,10,10,215.0,95.0,9.5,0.20044607115520416,0.7995539288447958,798.2456140350876
23,10,10,225.0,95.0,9.5,0.2000237534670964,0.7999762465329037,798.2456140350876
24,10,10,235.0,95.0,9.5,0.20002087602417795,0.799979123975822,798.2456140350876
25,10,10,245.0,95.0,9.5,0.20002134675796235,0.7999786532420377,798.2456140350876
26,10,10,255.0,95.0,9.5,0.20002184040487464,0.7999781595951254,798.2456140350876
27,10,10,265.0,95.0,9.5,0.20002233132705405,0.799977668672946,798.2456140350876
28,10,10,275.0,95.0,9.5,0.2000228201865899,0.7999771798134101,798.2456140350876
29,10,10,285.0,95.0,9.5,0.20002330766252147,0.7999766923374785,798.2456140350876
30,10,10,295.0,95.0,9.5,0.20002379423114633,0.7999762057688536,798.2456140350876
31,10,10,305.0,95.0,9.5,0.2000242801992679,0.7999757198007321,798.2456140350876
32,10,10,315.0,95.0,9.5,0.20002476574846834,0.7999752342515316,798.2456140350876
33,10,10,325.0,95.0,9.5,0.20002525097171886,0.7999747490282811,798.2456140350876
34,10,10,335.0,95.0,9.5,0.20002573589840222,0.7999742641015978,798.2456140350876
35,10,10,345.0,95.0,9.5,0.20002622050751395,0.799973779492486,798.2456140350876
36,10,10,355.0,95.0,9.5,0.20002670473100323,0.7999732952689967,798.2456140350876
37,10,10,365.0,95.0,9.5,0.20002718844782091,0.7999728115521791,798.2456140350876
38,10,10,375.0,95.0,9.5,0.20002767146763564,0.7999723285323643,798.2456140350876
39,10,10,385.0,95.0,9.5,0.2000281535008443,0.7999718464991556,798.2456140350876
40,10,10,395.0,95.0,9.5,0.20002863410749952,0.7999713658925005,798.2456140350876
41,10,10,405.0,95.0,9.5,0.20002911261237377,0.7999708873876262,798.2456140350876
42,10,10,415.0,95.0,9.5,0.20002958796322914,0.7999704120367709,798.2456140350876
43,10,10,425.0,95.0,9.5,0.20003005849375555,0.7999699415062445,798.2456140350876
44,10,10,435.0,95.0,9.5,0.20003052152669293,0.7999694784733071,798.2456140350876
45,10,10,445.0,95.0,9.5,0.2000309727138187,0.7999690272861812,798.2456140350876
46,10,10,455.0,95.0,9.5,0.20003140495936486,0.7999685950406351,798.2456140350876
47,10,10,465.0,95.0,9.5,0.20003180673742474,0.7999681932625753,798.2456140350876
48,10,10,475.0,95.0,9.5,0.20003215971338922,0.7999678402866108,798.2456140350876
49,10,10,485.0,95.0,9.5,0.20003243622835995,0.79996756377164,798.2456140350876
50,10,10,495.0,95.0,9.5,0.20003259943754495,0.7999674005624551,798.2456140350876
1,1,11,5.0,5.0,10.5,0.6251735847785099,0.3748264152214901,798.2456140350877
2,1,11,15.0,5.0,10.5,0.6153550443912223,0.38464495560877765,798.2456140350877
3,1,11,25.0,5.0,10.5,0.6044662536087612,0.39553374639123884,798.2456140350877
4,1,11,35.0,5.0,10.5,0.5935068700669499,0.4064931299330501,798.2456140350877
5,1,11,45.0,5.0,10.5,0.5829064913429954,0.41709350865700456,798.2456140350877
6,1,11,55.0,5.0,10.5,0.5727934770163358,0.42720652298366424,798.2456140350877
7,1,11,65.0,5.0,10.5,0.5631348481289938,0.43686515187100616,798.2456140350877
8,1,11,75.0,5.0,10.5,0.553883568325385,0.446116431674615,798.2456140350877
9,1,11,85.0,5.0,10.5,0.5449621882680116,0.45503781173198843,798.2456140350877
10,1,11,95.0,5.0,10.5,0.5362726394281815,0.4637273605718185,798.2456140350877
11,1,11,105.0,5.0,10.5,0.5276925290081186,0.4723074709918814,798.2456140350877
12,1,11,115.0,5.0,10.5,0.5190702907365017,0.4809297092634983,798.2456140350877
13,1,11,125.0,5.0,10.5,0.5102144256141302,0.4897855743858698,798.2456140350877
14,1,11,135.0,5.0,10.5,0.5008503010447928,0.4991496989552072,798.2456140350877
15,1,11,145.0,5.0,10.5,0.4905587409031123,0.5094412590968878,798.2456140350877
16,1,11,155.0,5.0,10.5,0.47868301606852265,0.5213169839314773,798.2456140350877
17,1,11,165.0,5.0,10.5,0.46406042395426667,0.5359395760457333,798.2456140350877
18,1,11,175.0,5.0,10.5,0.444561730675775,0.555438269324225,798.2456140350877
19,1,11,185.0,5.0,10.5,0.41602976522957014,0.5839702347704299,798.2456140350877
20,1,11,195.0,5.0,10.5,0.3705043515550301,0.6294956484449699,798.2456140350877
21,1,11,205.0,5.0,10.5,0.29933998377879484,0.7006600162212051,798.2456140350877
22,1,11,215.0,5.0,10.5,0.22658440399024443,0.7734155960097555,798.2456140350877
23,1,11,225.0,5.0,10.5,0.20131819005335883,0.7986818099466412,798.2456140350877
24,1,11,235.0,5.0,10.5,0.2000312893044303,0.7999687106955697,798.2456140350877
25,1,11,245.0,5.0,10.5,0.20002124220755052,0.7999787577924495,798.2456140350877
26,1,11,255.0,5.0,10.5,0.20002165037005448,0.7999783496299455,798.2456140350877
27,1,11,265.0,5.0,10.5,0.20002213997091053,0.7999778600290894,798.2456140350877
28,1,11,275.0,5.0,10.5,0.2000226281082978,0.7999773718917023,798.2456140350877
29,1,11,285.0,5.0,10.5,0.20002311500423897,0.799976884995761,798.2456140350877
30,1,11,295.0,5.0,10.5,0.20002360122706753,0.7999763987729325,798.2456140350877
31,1,11,305.0,5.0,10.5,0.20002408712684105,0.799975912873159,798.2456140350877
32,1,11,315.0,5.0,10.5,0.20002457291503165,0.7999754270849684,798.2456140350877
33,1,11,325.0,5.0,10.5,0.20002505872495072,0.7999749412750493,798.2456140350877
34,1,11,335.0,5.0,10.5,0.2000255446508836,0.7999744553491164,798.2456140350877
35,1,11,345.0,5.0,10.5,0.2000260307729156,0.7999739692270844,798.2456140350877
36,1,11,355.0,5.0,10.5,0.20002651717232803,0.799973482827672,798.2456140350877
37,1,11,365.0,5.0,10.5,0.20002700394114478,0.7999729960588552,798.2456140350877
38,1,11,375.0,5.0,10.5,0.2000274911867942,0.7999725088132058,798.2456140350877
39,1,11,385.0,5.0,10.5,0.20002797903044095,0.7999720209695591,798.2456140350877
40,1,11,395.0,5.0,10.5,0.2000284675939447,0.7999715324060553,798.2456140350877
41,1,11,405.0,5.0,10.5,0.20002895696438827,0.7999710430356117,798.2456140350877
42,1,11,415.0,5.0,10.5,0.20002944711395465,0.7999705528860453,798.2456140350877
43,1,11,425.0,5.0,10.5,0.2000299377325802,0.7999700622674197,798.2456140350877
44,1,11,435.0,5.0,10.5,0.2000304278951984,0.7999695721048016,798.2456140350877
45,1,11,445.0,5.0,10.5,0.20003091541125234,0.7999690845887477,798.2456140350877
46,1,11,455.0,5.0,10.5,0.20003139558626448,0.7999686044137355,798.2456140350877
47,1,11,465.0,5.0,10.5,0.20003185890703115,0.7999681410929689,798.2456140350877
48,1,11,475.0,5.0,10.5,0.20003228685170732,0.7999677131482927,798.2456140350877
49,1,11,485.0,5.0,10.5,0.20003264495940415,0.7999673550405959,798.2456140350877
50,1,11,495.0,5.0,10.5,0.2000328748617924,0.7999671251382077,798.2456140350877
1,2,11,5.0,15.0,10.5,0.6919390981324587,0.3080609018675413,798.2456140350877
2,2,11,15.0,15.0,10.5,0.678351888351133,0.321648111648867,798.2456140350877
3,2,11,25.0,15.0,10.5,0.6639786533260389,0.3360213466739611,798.2456140350877
4,2,11,35.0,15.0,10.5,0.6500695614809341,0.3499304385190659,798.2456140350877
5,2,11,45.0,15.0,10.5,0.6370613853417014,0.3629386146582986,798.2456140350877
6,2,11,55.0,15.0,10.5,0.6250081503064602,0.3749918496935398,798.2456140350877
7,2,11,65.0,15.0,10.5,0.6138190528535052,0.38618094714649476,798.2456140350877
8,2,11,75.0,15.0,10.5,0.6033348902155279,0.3966651097844721,798.2456140350877
9,2,11,85.0,15.0,10.5,0.5933983968221835,0.40660160317781646,798.2456140350877
10,2,11,95.0,15.0,10.5,0.583881032255805,0.416118967744195,798.2456140350877
11,2,11,105.0,15.0,10.5,0.5746566135565231,0.4253433864434769,798.2456140350877
12,2,11,115.0,15.0,10.5,0.5655970732231089,0.4344029267768911,798.2456140350877
13,2,11,125.0,15.0,10.5,0.5565618783012142,0.4434381216987858,798.2456140350877
14,2,11,135.0,15.0,10.5,0.5473901564124137,0.45260984358758627,798.2456140350877
15,2,11,145.0,15.0,10.5,0.5378744636028511,0.46212553639714893,798.2456140350877
16,2,11,155.0,15.0,10.5,0.5277280637589011,0.47227193624109887,798.2456140350877
17,2,11,165.0,15.0,10.5,0.5165205914739089,0.48347940852609106,798.2456140350877
18,2,11,175.0,15.0,10.5,0.5035453399952852,0.49645466000471483,798.2456140350877
19,2,11,185.0,15.0,10.5,0.4875746758486767,0.5124253241513232,798.2456140350877
20,2,11,195.0,15.0,10.5,0.46627724357668077,0.5337227564233192,798.2456140350877
21,2,11,205.0,15.0,10.5,0.4349544665692828,0.5650455334307172,798.2456140350877
22,2,11,215.0,15.0,10.5,0.3841764880933276,0.6158235119066724,798.2456140350877
23,2,11,225.0,15.0,10.5,0.3030070896889937,0.6969929103110063,798.2456140350877
24,2,11,235.0,15.0,10.5,0.22340665127701215,0.7765933487229879,798.2456140350877
25,2,11,245.0,15.0,10.5,0.20091259057505498,0.799087409424945,798.2456140350877
26,2,11,255.0,15.0,10.5,0.20002873337175092,0.799971266628249,798.2456140350877
27,2,11,265.0,15.0,10.5,0.20002219937670773,0.7999778006232923,798.2456140350877
28,2,11,275.0,15.0,10.5,0.2000226302832075,0.7999773697167925,798.2456140350877
29,2,11,285.0,15.0,10.5,0.2000231158860087,0.7999768841139913,798.2456140350877
30,2,11,295.0,15.0,10.5,0.2000236016361007,0.7999763983638993,798.2456140350877
31,2,11,305.0,15.0,10.5,0.200024087274491,0.799975912725509,798.2456140350877
32,2,11,315.0,15.0,10.5,0.20002457290900807,0.7999754270909919,798.2456140350877
33,2,11,325.0,15.0,10.5,0.20002505861640868,0.7999749413835913,798.2456140350877
34,2,11,335.0,15.0,10.5,0.20002554445901033,0.7999744555409897,798.2456140350877
35,2,11,345.0,15.0,10.5,0.20002603049838283,0.7999739695016171,798.2456140350877
36,2,11,355.0,15.0,10.5,0.2000265168050469,0.7999734831949531,798.2456140350877
37,2,11,365.0,15.0,10.5,0.20002700346584848,0.7999729965341515,798.2456140350877
38,2,11,375.0,15.0,10.5,0.20002749058971264,0.7999725094102874,798.2456140350877
39,2,11,385.0,15.0,10.5,0.2000279783107782,0.7999720216892218,798.2456140350877
40,2,11,395.0,15.0,10.5,0.2000284667865579,0.799971533213442,798.2456140350877
41,2,11,405.0,15.0,10.5,0.20002895618461136,0.7999710438153886,798.2456140350877
42,2,11,415.0,15.0,10.5,0.20002944664476,0.79997055335524,798.2456140350877
43,2,11,425.0,15.0,10.5,0.2000299381875912,0.7999700618124088,798.2456140350877
44,2,11,435.0,15.0,10.5,0.20003043051657818,0.7999695694834218,798.2456140350877
45,2,11,445.0,15.0,10.5,0.20003092258840877,0.7999690774115913,798.2456140350877
46,2,11,455.0,15.0,10.5,0.20003141166720112,0.7999685883327989,798.2456140350877
47,2,11,465.0,15.0,10.5,0.20003189124647136,0.7999681087535286,798.2456140350877
48,2,11,475.0,15.0,10.5,0.20003234651499902,0.799967653485001,798.2456140350877
49,2,11,485.0,15.0,10.5,0.20003274503772112,0.7999672549622789,798.2456140350877
50,2,11,495.0,15.0,10.5,0.2000330204700184,0.7999669795299816,798.2456140350877
1,3,11,5.0,25.0,10.5,0.7340585155178442,0.2659414844821558,798.2456140350877
2,3,11,15.0,25.0,10.5,0.7170410065216551,0.28295899347834486,798.2456140350877
3,3,11,25.0,25.0,10.5,0.6993924596467392,0.30060754035326076,798.2456140350877
4,3,11,35.0,25.0,10.5,0.6826471073554119,0.3173528926445881,798.2456140350877
5,3,11,45.0,25.0,10.5,0.6672862612747453,0.33271373872525467,798.2456140350877
6,3,11,55.0,25.0,10.5,0.6533014572739725,0.3466985427260275,798.2456140350877
7,3,11,65.0,25.0,10.5,0.6405100680375823,0.35948993196241774,798.2456140350877
8,3,11,75.0,25.0,10.5,0.6286980620282392,0.3713019379717608,798.2456140350877
9,3,11,85.0,25.0,10.5,0.6176534923261172,0.3823465076738828,798.2456140350877
10,3,11,95.0,25.0,10.5,0.6071822572432366,0.3928177427567634,798.2456140350877
11,3,11,105.0,25.0,10.5,0.5971208772140926,0.40287912278590743,798.2456140350877
12,3,11,115.0,25.0,10.5,0.5873367750055782,0.41266322499442176,798.2456140350877
13,3,11,125.0,25.0,10.5,0.5776994728193271,0.4223005271806729,798.2456140350877
14,3,11,135.0,25.0,10.5,0.5680703259532418,0.4319296740467582,798.2456140350877
15,3,11,145.0,25.0,10.5,0.558285703419124,0.441714296580876,798.2456140350877
16,3,11,155.0,25.0,10.5,0.5481411854067757,0.4518588145932243,798.2456140350877
17,3,11,165.0,25.0,10.5,0.5373522073184922,0.4626477926815078,798.2456140350877
18,3,11,175.0,25.0,10.5,0.525490077755544,0.474509922244456,798.2456140350877
19,3,11,185.0,25.0,10.5,0.5118757190986694,0.48812428090133064,798.2456140350877
20,3,11,195.0,25.0,10.5,0.4953227805366479,0.5046772194633521,798.2456140350877
21,3,11,205.0,25.0,10.5,0.4736377619364513,0.5263622380635486,798.2456140350877
22,3,11,215.0,25.0,10.5,0.44242686183066177,0.5575731381693383,798.2456140350877
23,3,11,225.0,25.0,10.5,0.3927402828898773,0.6072597171101227,798.2456140350877
24,3,11,235.0,25.0,10.5,0.31253687462450724,0.6874631253754928,798.2456140350877
25,3,11,245.0,25.0,10.5,0.22829543140030106,0.7717045685996989,798.2456140350877
26,3,11,255.0,25.0,10.5,0.20130607504821862,0.7986939249517814,798.2456140350877
27,3,11,265.0,25.0,10.5,0.20003222582115351,0.7999677741788465,798.2456140350877
28,3,11,275.0,25.0,10.5,0.20002271249911052,0.7999772875008895,798.2456140350877
29,3,11,285.0,25.0,10.5,0.20002311799877204,0.799976882001228,798.2456140350877
30,3,11,295.0,25.0,10.5,0.2000236022866175,0.7999763977133825,798.2456140350877
31,3,11,305.0,25.0,10.5,0.20002408747332603,0.799975912526674,798.2456140350877
32,3,11,315.0,25.0,10.5,0.20002457284936895,0.7999754271506311,798.2456140350877
33,3,11,325.0,25.0,10.5,0.20002505838132603,0.799974941618674,798.2456140350877
34,3,11,335.0,25.0,10.5,0.2000255440750001,0.7999744559249999,798.2456140350877
35,3,11,345.0,25.0,10.5,0.20002602995958607,0.7999739700404139,798.2456140350877
36,3,11,355.0,25.0,10.5,0.2000265160858541,0.7999734839141459,798.2456140350877
37,3,11,365.0,25.0,10.5,0.20002700252919067,0.7999729974708093,798.2456140350877
38,3,11,375.0,25.0,10.5,0.20002748939649906,0.7999725106035009,798.2456140350877
39,3,11,385.0,25.0,10.5,0.20002797683669116,0.7999720231633088,798.2456140350877
40,3,11,395.0,25.0,10.5,0.20002846505605293,0.7999715349439471,798.2456140350877
41,3,11,405.0,25.0,10.5,0.200028954340252,0.799971045659748,798.2456140350877
42,3,11,415.0,25.0,10.5,0.20002944508548637,0.7999705549145136,798.2456140350877
43,3,11,425.0,25.0,10.5,0.2000299378404036,0.7999700621595964,798.2456140350877
44,3,11,435.0,25.0,10.5,0.20003043333667844,0.7999695666633215,798.2456140350877
45,3,11,445.0,25.0,10.5,0.20003093247315565,0.7999690675268444,798.2456140350877
46,3,11,455.0,25.0,10.5,0.20003143602249207,0.7999685639775079,798.2456140350877
47,3,11,465.0,25.0,10.5,0.20003194324360327,0.7999680567563967,798.2456140350877
48,3,11,475.0,25.0,10.5,0.20003244724421415,0.7999675527557859,798.2456140350877
49,3,11,485.0,25.0,10.5,0.2000329224956989,0.7999670775043011,798.2456140350877
50,3,11,495.0,25.0,10.5,0.20003329744753254,0.7999667025524675,798.2456140350877
1,4,11,5.0,35.0,10.5,0.7653771971674571,0.2346228028325429,798.2456140350877
2,4,11,15.0,35.0,10.5,0.7462208721533176,0.25377912784668244,798.2456140350877
3,4,11,25.0,35.0,10.5,0.7258402102885271,0.2741597897114729,798.2456140350877
4,4,11,35.0,35.0,10.5,0.7065131364894381,0.29348686351056186,798.2456140350877
5,4,11,45.0,35.0,10.5,0.6889849827900265,0.3110150172099735,798.2456140350877
6,4,11,55.0,35.0,10.5,0.6732704688452218,0.3267295311547782,798.2456140350877
7,4,11,65.0,35.0,10.5,0.6590936675925869,0.3409063324074131,798.2456140350877
8,4,11,75.0,35.0,10.5,0.6461191302964083,0.35388086970359167,798.2456140350877
9,4,11,85.0,35.0,10.5,0.6340814478692677,0.3659185521307323,798.2456140350877
10,4,11,95.0,35.0,10.5,0.62276529256877,0.37723470743123,798.2456140350877
11,4,11,105.0,35.0,10.5,0.6119849559550212,0.3880150440449788,798.2456140350877
12,4,11,115.0,35.0,10.5,0.6015834134649903,0.39841658653500966,798.2456140350877
13,4,11,125.0,35.0,10.5,0.5914321799831435,0.40856782001685654,798.2456140350877
14,4,11,135.0,35.0,10.5,0.5813940254064651,0.4186059745935349,798.2456140350877
15,4,11,145.0,35.0,10.5,0.5713209507299779,0.4286790492700221,798.2456140350877
16,4,11,155.0,35.0,10.5,0.5610372345260877,0.43896276547391233,798.2456140350877
17,4,11,165.0,35.0,10.5,0.5503159449790512,0.44968405502094877,798.2456140350877
18,4,11,175.0,35.0,10.5,0.5388391966768097,0.4611608033231903,798.2456140350877
19,4,11,185.0,35.0,10.5,0.5261254385818568,0.4738745614181432,798.2456140350877
20,4,11,195.0,35.0,10.5,0.5113908959824208,0.4886091040175792,798.2456140350877
21,4,11,205.0,35.0,10.5,0.493261539035189,0.506738460964811,798.2456140350877
22,4,11,215.0,35.0,10.5,0.46913398989033567,0.5308660101096643,798.2456140350877
23,4,11,225.0,35.0,10.5,0.43370958291198364,0.5662904170880163,798.2456140350877
24,4,11,235.0,35.0,10.5,0.37646319630491526,0.6235368036950848,798.2456140350877
25,4,11,245.0,35.0,10.5,0.2884993584380171,0.7115006415619829,798.2456140350877
26,4,11,255.0,35.0,10.5,0.215743143010562,0.784256856989438,798.2456140350877
27,4,11,265.0,35.0,10.5,0.2003897906806506,0.7996102093193493,798.2456140350877
28,4,11,275.0,35.0,10.5,0.2000254465644858,0.7999745534355143,798.2456140350877
29,4,11,285.0,35.0,10.5,0.20002314076854244,0.7999768592314576,798.2456140350877
30,4,11,295.0,35.0,10.5,0.200023603012494,0.799976396987506,798.2456140350877
31,4,11,305.0,35.0,10.5,0.2000240875571769,0.7999759124428231,798.2456140350877
32,4,11,315.0,35.0,10.5,0.20002457265938303,0.799975427340617,798.2456140350877
33,4,11,325.0,35.0,10.5,0.20002505799506812,0.7999749420049319,798.2456140350877
34,4,11,335.0,35.0,10.5,0.20002554350524163,0.7999744564947584,798.2456140350877
35,4,11,345.0,35.0,10.5,0.20002602918232992,0.7999739708176701,798.2456140350877
36,4,11,355.0,35.0,10.5,0.20002651505186456,0.7999734849481355,798.2456140350877
37,4,11,365.0,35.0,10.5,0.20002700117020836,0.7999729988297917,798.2456140350877
38,4,11,375.0,35.0,10.5,0.20002748763125464,0.7999725123687453,798.2456140350877
39,4,11,385.0,35.0,10.5,0.2000279745831109,0.7999720254168892,798.2456140350877
40,4,11,395.0,35.0,10.5,0.20002846225849535,0.7999715377415046,798.2456140350877
41,4,11,405.0,35.0,10.5,0.20002895102889942,0.7999710489711006,798.2456140350877
42,4,11,415.0,35.0,10.5,0.20002944150103677,0.7999705584989633,798.2456140350877
43,4,11,425.0,35.0,10.5,0.20002993469061983,0.7999700653093802,798.2456140350877
44,4,11,435.0,35.0,10.5,0.20003043233818107,0.7999695676618189,798.2456140350877
45,4,11,445.0,35.0,10.5,0.20003093742790776,0.7999690625720922,798.2456140350877
46,4,11,455.0,35.0,10.5,0.20003145490751026,0.7999685450924897,798.2456140350877
47,4,11,465.0,35.0,10.5,0.20003199209872272,0.7999680079012773,798.2456140350877
48,4,11,475.0,35.0,10.5,0.2000325556947911,0.7999674443052089,798.2456140350877
49,4,11,485.0,35.0,10.5,0.20003313387335359,0.7999668661266464,798.2456140350877
50,4,11,495.0,35.0,10.5,0.20003365437500875,0.7999663456249912,798.2456140350877
1,5,11,5.0,45.0,10.5,0.7888487602114818,0.21115123978851824,798.2456140350877
2,5,11,15.0,45.0,10.5,0.771104468133177,0.228895531866823,798.2456140350877
3,5,11,25.0,45.0,10.5,0.7494512209279202,0.25054877907207984,798.2456140350877
4,5,11,35.0,45.0,10.5,0.7283858483424894,0.27161415165751057,798.2456140350877
5,5,11,45.0,45.0,10.5,0.7093780001984615,0.29062199980153847,798.2456140350877
6,5,11,55.0,45.0,10.5,0.692389741080017,0.30761025891998295,798.2456140350877
7,5,11,65.0,45.0,10.5,0.6770836871424377,0.3229163128575623,798.2456140350877
8,5,11,75.0,45.0,10.5,0.6631511071699986,0.3368488928300014,798.2456140350877
9,5,11,85.0,45.0,10.5,0.6503025478458959,0.3496974521541041,798.2456140350877
10,5,11,95.0,45.0,10.5,0.6382989182693808,0.3617010817306192,798.2456140350877
11,5,11,105.0,45.0,10.5,0.6269258489964378,0.3730741510035622,798.2456140350877
12,5,11,115.0,45.0,10.5,0.6159978322998029,0.38400216770019713,798.2456140350877
13,5,11,125.0,45.0,10.5,0.6053506457818516,0.3946493542181484,798.2456140350877
14,5,11,135.0,45.0,10.5,0.5948646713995608,0.4051353286004392,798.2456140350877
15,5,11,145.0,45.0,10.5,0.5844075037893672,0.41559249621063277,798.2456140350877
16,5,11,155.0,45.0,10.5,0.5738240447467952,0.42617595525320484,798.2456140350877
17,5,11,165.0,45.0,10.5,0.5629224576697981,0.4370775423302019,798.2456140350877
18,5,11,175.0,45.0,10.5,0.5514431272694075,0.4485568727305925,798.2456140350877
19,5,11,185.0,45.0,10.5,0.5390075334714005,0.4609924665285995,798.2456140350877
20,5,11,195.0,45.0,10.5,0.525026836142227,0.474973163857773,798.2456140350877
21,5,11,205.0,45.0,10.5,0.5085096882616564,0.49149031173834357,798.2456140350877
22,5,11,215.0,45.0,10.5,0.487650999084002,0.512349000915998,798.2456140350877
23,5,11,225.0,45.0,10.5,0.4589065113333354,0.5410934886666646,798.2456140350877
24,5,11,235.0,45.0,10.5,0.4149342045852956,0.5850657954147044,798.2456140350877
25,5,11,245.0,45.0,10.5,0.3430095248078582,0.6569904751921418,798.2456140350877
26,5,11,255.0,45.0,10.5,0.2501650001189241,0.7498349998810758,798.2456140350877
27,5,11,265.0,45.0,10.5,0.2043197187200701,0.79568028127993,798.2456140350877
28,5,11,275.0,45.0,10.5,0.2000581632636931,0.7999418367363069,798.2456140350877
29,5,11,285.0,45.0,10.5,0.20002341434239332,0.7999765856576067,798.2456140350877
30,5,11,295.0,45.0,10.5,0.20002360535022204,0.799976394649778,798.2456140350877
31,5,11,305.0,45.0,10.5,0.20002408736316304,0.799975912636837,798.2456140350877
32,5,11,315.0,45.0,10.5,0.2000245722697577,0.7999754277302423,798.2456140350877
33,5,11,325.0,45.0,10.5,0.20002505744675558,0.7999749425532444,798.2456140350877
34,5,11,335.0,45.0,10.5,0.20002554277434786,0.7999744572256522,798.2456140350877
35,5,11,345.0,45.0,10.5,0.20002602821591303,0.799973971784087,798.2456140350877
36,5,11,355.0,45.0,10.5,0.20002651377139494,0.7999734862286051,798.2456140350877
37,5,11,365.0,45.0,10.5,0.20002699947001468,0.7999730005299853,798.2456140350877
38,5,11,375.0,45.0,10.5,0.20002748537578094,0.799972514624219,798.2456140350877
39,5,11,385.0,45.0,10.5,0.2000279716049516,0.7999720283950484,798.2456140350877
40,5,11,395.0,45.0,10.5,0.2000284583617583,0.7999715416382417,798.2456140350877
41,5,11,405.0,45.0,10.5,0.20002894600507146,0.7999710539949285,798.2456140350877
42,5,11,415.0,45.0,10.5,0.20002943517204652,0.7999705648279535,798.2456140350877
43,5,11,425.0,45.0,10.5,0.20002992700821565,0.7999700729917844,798.2456140350877
44,5,11,435.0,45.0,10.5,0.2000304236006847,0.7999695763993153,798.2456140350877
45,5,11,445.0,45.0,10.5,0.20003092880434725,0.7999690711956527,798.2456140350877
46,5,11,455.0,45.0,10.5,0.20003144982700943,0.7999685501729905,798.2456140350877
47,5,11,465.0,45.0,10.5,0.20003199982762615,0.7999680001723739,798.2456140350877
48,5,11,475.0,45.0,10.5,0.2000325976447556,0.7999674023552444,798.2456140350877
49,5,11,485.0,45.0,10.5,0.2000332253805504,0.7999667746194496,798.2456140350877
50,5,11,495.0,45.0,10.5,0.20003366626655575,0.7999663337334443,798.2456140350877
1,6,11,5.0,55.0,10.5,0.7670116972179402,0.23298830278205984,798.2456140350877
2,6,11,15.0,55.0,10.5,0.7488860095507709,0.2511139904492291,798.2456140350877
3,6,11,25.0,55.0,10.5,0.7294537096020962,0.2705462903979038,798.2456140350877
4,6,11,35.0,55.0,10.5,0.7108214341803385,0.2891785658196615,798.2456140350877
5,6,11,45.0,55.0,10.5,0.693731831579103,0.306268168420897,798.2456140350877
6,6,11,55.0,55.0,10.5,0.6782166400954798,0.3217833599045202,798.2456140350877
7,6,11,65.0,55.0,10.5,0.6640705555188988,0.3359294444811012,798.2456140350877
8,6,11,75.0,55.0,10.5,0.6510448522229436,0.3489551477770564,798.2456140350877
9,6,11,85.0,55.0,10.5,0.6389155738808723,0.3610844261191277,798.2456140350877
10,6,11,95.0,55.0,10.5,0.6274872069689017,0.3725127930310983,798.2456140350877
11,6,11,105.0,55.0,10.5,0.6165837044539105,0.38341629554608947,798.2456140350877
12,6,11,115.0,55.0,10.5,0.6060442578610027,0.3939557421389973,798.2456140350877
13,6,11,125.0,55.0,10.5,0.5957312582667414,0.40426874173325855,798.2456140350877
14,6,11,135.0,55.0,10.5,0.5855195619373216,0.4144804380626784,798.2456140350877
15,6,11,145.0,55.0,10.5,0.5752704801466291,0.42472951985337093,798.2456140350877
16,6,11,155.0,55.0,10.5,0.5648159196596377,0.43518408034036227,798.2456140350877
17,6,11,165.0,55.0,10.5,0.5539396162137534,0.4460603837862466,798.2456140350877
18,6,11,175.0,55.0,10.5,0.5423404069078654,0.45765959309213455,798.2456140350877
19,6,11,185.0,55.0,10.5,0.5295640920554747,0.4704359079445253,798.2456140350877
20,6,11,195.0,55.0,10.5,0.5148866303230766,0.4851133696769234,798.2456140350877
21,6,11,205.0,55.0,10.5,0.4970409003452994,0.5029590996547006,798.2456140350877
22,6,11,215.0,55.0,10.5,0.4736475802297382,0.5263524197702618,798.2456140350877
23,6,11,225.0,55.0,10.5,0.4398866201103049,0.5601133798896951,798.2456140350877
24,6,11,235.0,55.0,10.5,0.3859930159669828,0.6140069840330171,798.2456140350877
25,6,11,245.0,55.0,10.5,0.30104020019917477,0.6989597998008252,798.2456140350877
26,6,11,255.0,55.0,10.5,0.2215033834347489,0.7784966165652512,798.2456140350877
27,6,11,265.0,55.0,10.5,0.20072710109408795,0.799272898905912,798.2456140350877
28,6,11,275.0,55.0,10.5,0.2000281330018801,0.79997186699812,798.2456140350877
29,6,11,285.0,55.0,10.5,0.20002316192981534,0.7999768380701846,798.2456140350877
30,6,11,295.0,55.0,10.5,0.20002360254804577,0.7999763974519543,798.2456140350877
31,6,11,305.0,55.0,10.5,0.20002408674624048,0.7999759132537595,798.2456140350877
32,6,11,315.0,55.0,10.5,0.20002457166517434,0.7999754283348257,798.2456140350877
33,6,11,325.0,55.0,10.5,0.20002505676152263,0.7999749432384774,798.2456140350877
34,6,11,335.0,55.0,10.5,0.20002554193540348,0.7999744580645965,798.2456140350877
35,6,11,345.0,55.0,10.5,0.20002602713899875,0.7999739728610012,798.2456140350877
36,6,11,355.0,55.0,10.5,0.20002651235000315,0.7999734876499969,798.2456140350877
37,6,11,365.0,55.0,10.5,0.20002699756411274,0.7999730024358873,798.2456140350877
38,6,11,375.0,55.0,10.5,0.20002748279710314,0.7999725172028969,798.2456140350877
39,6,11,385.0,55.0,10.5,0.20002796809723608,0.7999720319027639,798.2456140350877
40,6,11,395.0,55.0,10.5,0.2000284535721146,0.7999715464278854,798.2456140350877
41,6,11,405.0,55.0,10.5,0.20002893944101924,0.7999710605589807,798.2456140350877
42,6,11,415.0,55.0,10.5,0.2000294261316548,0.7999705738683451,798.2456140350877
43,6,11,425.0,55.0,10.5,0.2000299144551774,0.7999700855448226,798.2456140350877
44,6,11,435.0,55.0,10.5,0.20003040591165303,0.799969594088347,798.2456140350877
45,6,11,445.0,55.0,10.5,0.20003090318520705,0.799969096814793,798.2456140350877
46,6,11,455.0,55.0,10.5,0.2000314107885198,0.7999685892114802,798.2456140350877
47,6,11,465.0,55.0,10.5,0.20003193517791892,0.799968064822081,798.2456140350877
48,6,11,475.0,55.0,10.5,0.20003248095385354,0.7999675190461465,798.2456140350877
49,6,11,485.0,55.0,10.5,0.20003303281455595,0.799966967185444,798.2456140350877
50,6,11,495.0,55.0,10.5,0.20003351793942942,0.7999664820605705,798.2456140350877
1,7,11,5.0,65.0,10.5,0.7390907156546159,0.2609092843453841,798.2456140350877
2,7,11,15.0,65.0,10.5,0.7230948238270951,0.2769051761729049,798.2456140350877
3,7,11,25.0,65.0,10.5,0.706241213724885,0.293758786275115,798.2456140350877
4,7,11,35.0,65.0,10.5,0.6899890673897636,0.3100109326102364,798.2456140350877
5,7,11,45.0,65.0,10.5,0.6748638433381956,0.3251361566618044,798.2456140350877
6,7,11,55.0,65.0,10.5,0.6609316764216253,0.3390683235783747,798.2456140350877
7,7,11,65.0,65.0,10.5,0.6480716006650113,0.35192839933498865,798.2456140350877
8,7,11,75.0,65.0,10.5,0.6361121540908782,0.3638878459091218,798.2456140350877
9,7,11,85.0,65.0,10.5,0.6248807015166533,0.3751192984833467,798.2456140350877
10,7,11,95.0,65.0,10.5,0.6142103506370793,0.3857896493629207,798.2456140350877
11,7,11,105.0,65.0,10.5,0.6039385952516734,0.39606140474832663,798.2456140350877
12,7,11,115.0,65.0,10.5,0.5939338879806466,0.4060661120193534,798.2456140350877
13,7,11,125.0,65.0,10.5,0.5840744615988631,0.4159255384011369,798.2456140350877
14,7,11,135.0,65.0,10.5,0.5742289079461442,0.42577109205385577,798.2456140350877
15,7,11,145.0,65.0,10.5,0.5642436412665247,0.4357563587334753,798.2456140350877
16,7,11,155.0,65.0,10.5,0.5539240231004006,0.44607597689959944,798.2456140350877
17,7,11,165.0,65.0,10.5,0.5430058997882191,0.4569941002117809,798.2456140350877
18,7,11,175.0,65.0,10.5,0.5311024276060871,0.46889757239391294,798.2456140350877
19,7,11,185.0,65.0,10.5,0.5176048627354393,0.48239513726456074,798.2456140350877
20,7,11,195.0,65.0,10.5,0.5014860146128237,0.4985139853871763,798.2456140350877
21,7,11,205.0,65.0,10.5,0.48087181668589063,0.5191281833141094,798.2456140350877
22,7,11,215.0,65.0,10.5,0.45205624794995203,0.547943752050048,798.2456140350877
23,7,11,225.0,65.0,10.5,0.4073884715760464,0.5926115284239536,798.2456140350877
24,7,11,235.0,65.0,10.5,0.33419062744185524,0.6658093725581448,798.2456140350877
25,7,11,245.0,65.0,10.5,0.2436356844467996,0.7563643155532004,798.2456140350877
26,7,11,255.0,65.0,10.5,0.203260831406512,0.796739168593488,798.2456140350877
27,7,11,265.0,65.0,10.5,0.20004862589883785,0.7999513741011621,798.2456140350877
28,7,11,275.0,65.0,10.5,0.2000228489077659,0.7999771510922341,798.2456140350877
29,7,11,285.0,65.0,10.5,0.2000231181437858,0.7999768818562142,798.2456140350877
30,7,11,295.0,65.0,10.5,0.20002360095550356,0.7999763990444965,798.2456140350877
31,7,11,305.0,65.0,10.5,0.20002408585975615,0.7999759141402438,798.2456140350877
32,7,11,315.0,65.0,10.5,0.20002457091942796,0.7999754290805721,798.2456140350877
33,7,11,325.0,65.0,10.5,0.20002505601144935,0.7999749439885506,798.2456140350877
34,7,11,335.0,65.0,10.5,0.20002554107258777,0.7999744589274123,798.2456140350877
35,7,11,345.0,65.0,10.5,0.2000260260579498,0.7999739739420502,798.2456140350877
36,7,11,355.0,65.0,10.5,0.20002651092774945,0.7999734890722505,798.2456140350877
37,7,11,365.0,65.0,10.5,0.20002699564058044,0.7999730043594195,798.2456140350877
38,7,11,375.0,65.0,10.5,0.200027480151223,0.799972519848777,798.2456140350877
39,7,11,385.0,65.0,10.5,0.20002796441196746,0.7999720355880325,798.2456140350877
40,7,11,395.0,65.0,10.5,0.2000284483798991,0.7999715516201009,798.2456140350877
41,7,11,405.0,65.0,10.5,0.20002893203311703,0.799971067966883,798.2456140350877
42,7,11,415.0,65.0,10.5,0.2000294154019856,0.7999705845980144,798.2456140350877
43,7,11,425.0,65.0,10.5,0.20002989861914677,0.7999701013808532,798.2456140350877
44,7,11,435.0,65.0,10.5,0.20003038197971526,0.7999696180202848,798.2456140350877
45,7,11,445.0,65.0,10.5,0.20003086594413247,0.7999691340558676,798.2456140350877
46,7,11,455.0,65.0,10.5,0.2000313508199662,0.7999686491800337,798.2456140350877
47,7,11,465.0,65.0,10.5,0.20003183529588442,0.7999681647041156,798.2456140350877
48,7,11,475.0,65.0,10.5,0.20003231174695196,0.799967688253048,798.2456140350877
49,7,11,485.0,65.0,10.5,0.20003275462525374,0.7999672453747463,798.2456140350877
50,7,11,495.0,65.0,10.5,0.20003309758611615,0.7999669024138838,798.2456140350877
1,8,11,5.0,75.0,10.5,0.7045194974318006,0.29548050256819935,798.2456140350877
2,8,11,15.0,75.0,10.5,0.6915545800015562,0.30844541999844377,798.2456140350877
3,8,11,25.0,75.0,10.5,0.6776096579902701,0.32239034200972994,798.2456140350877
4,8,11,35.0,75.0,10.5,0.6638935355880036,0.33610646441199643,798.2456140350877
5,8,11,45.0,75.0,10.5,0.6508851501930719,0.3491148498069281,798.2456140350877
6,8,11,55.0,75.0,10.5,0.6387015117687982,0.3612984882312018,798.2456140350877
7,8,11,65.0,75.0,10.5,0.6272955943927276,0.37270440560727236,798.2456140350877
8,8,11,75.0,75.0,10.5,0.6165546666726899,0.3834453333273101,798.2456140350877
9,8,11,85.0,75.0,10.5,0.6063377408195386,0.3936622591804614,798.2456140350877
10,8,11,95.0,75.0,10.5,0.5965123721869772,0.40348762781302283,798.2456140350877
11,8,11,105.0,75.0,10.5,0.5869643009519082,0.4130356990480918,798.2456140350877
12,8,11,115.0,75.0,10.5,0.5775760832352125,0.4224239167647875,798.2456140350877
13,8,11,125.0,75.0,10.5,0.5682210137430289,0.4317789862569711,798.2456140350877
14,8,11,135.0,75.0,10.5,0.5587482778937357,0.4412517221062643,798.2456140350877
15,8,11,145.0,75.0,10.5,0.5489722465737854,0.4510277534262146,798.2456140350877
16,8,11,155.0,75.0,10.5,0.5386389570908924,0.4613610429091076,798.2456140350877
17,8,11,165.0,75.0,10.5,0.52737366818443,0.47262633181557,798.2456140350877
18,8,11,175.0,75.0,10.5,0.5145915081799919,0.4854084918200081,798.2456140350877
19,8,11,185.0,75.0,10.5,0.49930269678496764,0.5006973032150324,798.2456140350877
20,8,11,195.0,75.0,10.5,0.4797235025621038,0.5202764974378962,798.2456140350877
21,8,11,205.0,75.0,10.5,0.4523638794136542,0.5476361205863458,798.2456140350877
22,8,11,215.0,75.0,10.5,0.41009190847834937,0.5899080915216506,798.2456140350877
23,8,11,225.0,75.0,10.5,0.3405230956557426,0.6594769043442574,798.2456140350877
24,8,11,235.0,75.0,10.5,0.24989390641698184,0.7501060935830182,798.2456140350877
25,8,11,245.0,75.0,10.5,0.2044125592943449,0.7955874407056551,798.2456140350877
26,8,11,255.0,75.0,10.5,0.20005862338281521,0.7999413766171848,798.2456140350877
27,8,11,265.0,75.0,10.5,0.20002245061544577,0.7999775493845542,798.2456140350877
28,8,11,275.0,75.0,10.5,0.20002263101441647,0.7999773689855836,798.2456140350877
29,8,11,285.0,75.0,10.5,0.20002311407033907,0.799976885929661,798.2456140350877
30,8,11,295.0,75.0,10.5,0.20002359953256382,0.7999764004674361,798.2456140350877
31,8,11,305.0,75.0,10.5,0.200024084907417,0.799975915092583,798.2456140350877
32,8,11,315.0,75.0,10.5,0.20002457016809647,0.7999754298319035,798.2456140350877
33,8,11,325.0,75.0,10.5,0.2000250553030928,0.7999749446969072,798.2456140350877
34,8,11,335.0,75.0,10.5,0.20002554029071606,0.7999744597092839,798.2456140350877
35,8,11,345.0,75.0,10.5,0.20002602509567624,0.7999739749043238,798.2456140350877
36,8,11,355.0,75.0,10.5,0.2000265096645407,0.7999734903354593,798.2456140350877
37,8,11,365.0,75.0,10.5,0.20002699392043718,0.7999730060795628,798.2456140350877
38,8,11,375.0,75.0,10.5,0.20002747775484733,0.7999725222451527,798.2456140350877
39,8,11,385.0,75.0,10.5,0.20002796101614992,0.79997203898385,798.2456140350877
40,8,11,395.0,75.0,10.5,0.20002844349218019,0.7999715565078198,798.2456140350877
41,8,11,405.0,75.0,10.5,0.20002892488354576,0.7999710751164543,798.2456140350877
42,8,11,415.0,75.0,10.5,0.20002940475856773,0.7999705952414322,798.2456140350877
43,8,11,425.0,75.0,10.5,0.20002988247117387,0.7999701175288261,798.2456140350877
44,8,11,435.0,75.0,10.5,0.20003035699382107,0.7999696430061789,798.2456140350877
45,8,11,445.0,75.0,10.5,0.2000308265515352,0.7999691734484649,798.2456140350877
46,8,11,455.0,75.0,10.5,0.2000312877841316,0.7999687122158684,798.2456140350877
47,8,11,465.0,75.0,10.5,0.20003173384321818,0.7999682661567818,798.2456140350877
48,8,11,475.0,75.0,10.5,0.20003215032381708,0.799967849676183,798.2456140350877
49,8,11,485.0,75.0,10.5,0.20003250755112928,0.7999674924488707,798.2456140350877
50,8,11,495.0,75.0,10.5,0.2000327485641347,0.7999672514358653,798.2456140350877
1,9,11,5.0,85.0,10.5,0.6604461907391709,0.3395538092608291,798.2456140350877
2,9,11,15.0,85.0,10.5,0.6506212058214865,0.3493787941785135,798.2456140350877
3,9,11,25.0,85.0,10.5,0.6396508619079536,0.3603491380920464,798.2456140350877
4,9,11,35.0,85.0,10.5,0.6285273268866659,0.3714726731133341,798.2456140350877
5,9,11,45.0,85.0,10.5,0.6177069244249797,0.38229307557502035,798.2456140350877
6,9,11,55.0,85.0,10.5,0.6073483934522557,0.39265160654774434,798.2456140350877
7,9,11,65.0,85.0,10.5,0.5974508155311994,0.4025491844688006,798.2456140350877
8,9,11,75.0,85.0,10.5,0.5879634280800576,0.41203657191994236,798.2456140350877
9,9,11,85.0,85.0,10.5,0.5788163374220459,0.42118366257795414,798.2456140350877
10,9,11,95.0,85.0,10.5,0.5699175281601492,0.4300824718398508,798.2456140350877
11,9,11,105.0,85.0,10.5,0.5611624337723445,0.43883756622765546,798.2456140350877
12,9,11,115.0,85.0,10.5,0.552421618450182,0.447578381549818,798.2456140350877
13,9,11,125.0,85.0,10.5,0.543545144303669,0.45645485569633104,798.2456140350877
14,9,11,135.0,85.0,10.5,0.5343336863112267,0.4656663136887733,798.2456140350877
15,9,11,145.0,85.0,10.5,0.5245074865665896,0.47549251343341037,798.2456140350877
16,9,11,155.0,85.0,10.5,0.5136449191655661,0.4863550808344339,798.2456140350877
17,9,11,165.0,85.0,10.5,0.5010563129806035,0.4989436870193965,798.2456140350877
18,9,11,175.0,85.0,10.5,0.4855437989299694,0.5144562010700306,798.2456140350877
19,9,11,185.0,85.0,10.5,0.46485862053224514,0.5351413794677549,798.2456140350877
20,9,11,195.0,85.0,10.5,0.43453000179566553,0.5654699982043345,798.2456140350877
21,9,11,205.0,85.0,10.5,0.3857470038218676,0.6142529961781324,798.2456140350877
22,9,11,215.0,85.0,10.5,0.30770408494795115,0.6922959150520489,798.2456140350877
23,9,11,225.0,85.0,10.5,0.22688914074540018,0.7731108592545999,798.2456140350877
24,9,11,235.0,85.0,10.5,0.20120757284406673,0.7987924271559332,798.2456140350877
25,9,11,245.0,85.0,10.5,0.20003067196992103,0.799969328030079,798.2456140350877
26,9,11,255.0,85.0,10.5,0.20002172407745145,0.7999782759225486,798.2456140350877
27,9,11,265.0,85.0,10.5,0.20002213807669642,0.7999778619233036,798.2456140350877
28,9,11,275.0,85.0,10.5,0.20002262532765205,0.799977374672348,798.2456140350877
29,9,11,285.0,85.0,10.5,0.20002311216926708,0.799976887830733,798.2456140350877
30,9,11,295.0,85.0,10.5,0.20002359836204053,0.7999764016379595,798.2456140350877
31,9,11,305.0,85.0,10.5,0.2000240841186028,0.7999759158813972,798.2456140350877
32,9,11,315.0,85.0,10.5,0.2000245695619972,0.7999754304380028,798.2456140350877
33,9,11,325.0,85.0,10.5,0.2000250547506297,0.7999749452493703,798.2456140350877
34,9,11,335.0,85.0,10.5,0.20002553969615905,0.799974460303841,798.2456140350877
35,9,11,345.0,85.0,10.5,0.20002602437237682,0.7999739756276232,798.2456140350877
36,9,11,355.0,85.0,10.5,0.2000265087163709,0.7999734912836292,798.2456140350877
37,9,11,365.0,85.0,10.5,0.20002699262283705,0.7999730073771629,798.2456140350877
38,9,11,375.0,85.0,10.5,0.20002747593110445,0.7999725240688955,798.2456140350877
39,9,11,385.0,85.0,10.5,0.20002795840172807,0.799972041598272,798.2456140350877
40,9,11,395.0,85.0,10.5,0.20002843967799813,0.7999715603220019,798.2456140350877
41,9,11,405.0,85.0,10.5,0.20002891922199756,0.7999710807780025,798.2456140350877
42,9,11,415.0,85.0,10.5,0.20002939620778268,0.7999706037922173,798.2456140350877
43,9,11,425.0,85.0,10.5,0.20002986933826103,0.7999701306617389,798.2456140350877
44,9,11,435.0,85.0,10.5,0.2000303365255619,0.7999696634744381,798.2456140350877
45,9,11,445.0,85.0,10.5,0.2000307943211159,0.7999692056788841,798.2456140350877
46,9,11,455.0,85.0,10.5,0.200031236890752,0.799968763109248,798.2456140350877
47,9,11,465.0,85.0,10.5,0.20003165418920235,0.7999683458107977,798.2456140350877
48,9,11,475.0,85.0,10.5,0.20003202887965293,0.7999679711203471,798.2456140350877
49,9,11,485.0,85.0,10.5,0.20003233187690012,0.7999676681230998,798.2456140350877
50,9,11,495.0,85.0,10.5,0.20003251868834995,0.7999674813116501,798.2456140350877
1,10,11,5.0,95.0,10.5,0.5900354364528941,0.40996456354710586,798.2456140350877
2,10,11,15.0,95.0,10.5,0.5830114632184862,0.4169885367815138,798.2456140350877
3,10,11,25.0,95.0,10.5,0.5747385986821186,0.42526140131788137,798.2456140350877
4,10,11,35.0,95.0,10.5,0.5659632905920153,0.43403670940798467,798.2456140350877
5,10,11,45.0,95.0,10.5,0.5570658717069019,0.4429341282930981,798.2456140350877
6,10,11,55.0,95.0,10.5,0.5482269767269076,0.45177302327309243,798.2456140350877
7,10,11,65.0,95.0,10.5,0.5395435153374123,0.4604564846625877,798.2456140350877
8,10,11,75.0,95.0,10.5,0.5310222271192437,0.46897777288075626,798.2456140350877
9,10,11,85.0,95.0,10.5,0.522612851157322,0.47738714884267797,798.2456140350877
10,10,11,95.0,95.0,10.5,0.5142185977472127,0.4857814022527873,798.2456140350877
11,10,11,105.0,95.0,10.5,0.505699929856972,0.494300070143028,798.2456140350877
12,10,11,115.0,95.0,10.5,0.49685227491802825,0.5031477250819718,798.2456140350877
13,10,11,125.0,95.0,10.5,0.48735939250809374,0.5126406074919063,798.2456140350877
14,10,11,135.0,95.0,10.5,0.4767427977709408,0.5232572022290591,798.2456140350877
15,10,11,145.0,95.0,10.5,0.4641869540684159,0.5358130459315841,798.2456140350877
16,10,11,155.0,95.0,10.5,0.44825191460566305,0.551748085394337,798.2456140350877
17,10,11,165.0,95.0,10.5,0.426290325510457,0.573709674489543,798.2456140350877
18,10,11,175.0,95.0,10.5,0.39318815165916915,0.6068118483408309,798.2456140350877
19,10,11,185.0,95.0,10.5,0.34075225345106464,0.6592477465489354,798.2456140350877
20,10,11,195.0,95.0,10.5,0.26825582784828356,0.7317441721517164,798.2456140350877
21,10,11,205.0,95.0,10.5,0.21367772079912145,0.7863222792008786,798.2456140350877
22,10,11,215.0,95.0,10.5,0.2004458947628948,0.7995541052371052,798.2456140350877
23,10,11,225.0,95.0,10.5,0.2000235567738729,0.7999764432261272,798.2456140350877
24,10,11,235.0,95.0,10.5,0.20002067938065465,0.7999793206193453,798.2456140350877
25,10,11,245.0,95.0,10.5,0.20002115017677669,0.7999788498232233,798.2456140350877
26,10,11,255.0,95.0,10.5,0.20002164385435922,0.7999783561456408,798.2456140350877
27,10,11,265.0,95.0,10.5,0.20002213479117323,0.7999778652088267,798.2456140350877
28,10,11,275.0,95.0,10.5,0.20002262365746887,0.7999773763425311,798.2456140350877
29,10,11,285.0,95.0,10.5,0.20002311113647997,0.79997688886352,798.2456140350877
30,10,11,295.0,95.0,10.5,0.20002359770647907,0.799976402293521,798.2456140350877
31,10,11,305.0,95.0,10.5,0.2000240836752495,0.7999759163247505,798.2456140350877
32,10,11,315.0,95.0,10.5,0.20002456922470263,0.7999754307752973,798.2456140350877
33,10,11,325.0,95.0,10.5,0.20002505444809085,0.7999749455519092,798.2456140350877
34,10,11,335.0,95.0,10.5,0.20002553937486098,0.799974460625139,798.2456140350877
35,10,11,345.0,95.0,10.5,0.20002602398404606,0.7999739760159539,798.2456140350877
36,10,11,355.0,95.0,10.5,0.2000265082076018,0.7999734917923982,798.2456140350877
37,10,11,365.0,95.0,10.5,0.2000269919244669,0.7999730080755331,798.2456140350877
38,10,11,375.0,95.0,10.5,0.20002747494434042,0.7999725250556595,798.2456140350877
39,10,11,385.0,95.0,10.5,0.20002795697759485,0.7999720430224051,798.2456140350877
40,10,11,395.0,95.0,10.5,0.2000284375842952,0.7999715624157048,798.2456140350877
41,10,11,405.0,95.0,10.5,0.2000289160891979,0.7999710839108021,798.2456140350877
42,10,11,415.0,95.0,10.5,0.2000293914400639,0.7999706085599361,798.2456140350877
43,10,11,425.0,95.0,10.5,0.20002986197063466,0.7999701380293653,798.2456140350877
44,10,11,435.0,95.0,10.5,0.20003032500359005,0.7999696749964099,798.2456140350877
45,10,11,445.0,95.0,10.5,0.20003077619075602,0.799969223809244,798.2456140350877
46,10,11,455.0,95.0,10.5,0.2000312084363291,0.7999687915636708,798.2456140350877
47,10,11,465.0,95.0,10.5,0.20003161021442462,0.7999683897855754,798.2456140350877
48,10,11,475.0,95.0,10.5,0.20003196319040284,0.7999680368095972,798.2456140350877
49,10,11,485.0,95.0,10.5,0.2000322397054059,0.799967760294594,798.2456140350877
50,10,11,495.0,95.0,10.5,0.2000324029146219,0.7999675970853781,798.2456140350877
1,1,12,5.0,5.0,11.5,0.6128530082369814,0.3871469917630186,728.0701754385964
2,1,12,15.0,5.0,11.5,0.6023773525005531,0.39762264749944687,728.0701754385964
3,1,12,25.0,5.0,11.5,0.5908188784751027,0.4091811215248973,728.0701754385964
4,1,12,35.0,5.0,11.5,0.5792264694987174,0.42077353050128263,728.0701754385964
5,1,12,45.0,5.0,11.5,0.568033744514775,0.43196625548522505,728.0701754385964
6,1,12,55.0,5.0,11.5,0.5573296352224179,0.44267036477758215,728.0701754385964
7,1,12,65.0,5.0,11.5,0.547097246213582,0.452902753786418,728.0701754385964
8,1,12,75.0,5.0,11.5,0.5372924443464899,0.46270755565351007,728.0701754385964
9,1,12,85.0,5.0,11.5,0.527809941692249,0.47219005830775096,728.0701754385964
10,1,12,95.0,5.0,11.5,0.5185126665766628,0.48148733342333716,728.0701754385964
11,1,12,105.0,5.0,11.5,0.5092348777818623,0.49076512221813773,728.0701754385964
12,1,12,115.0,5.0,11.5,0.499738951999293,0.500261048000707,728.0701754385964
13,1,12,125.0,5.0,11.5,0.48971612114570856,0.5102838788542914,728.0701754385964
14,1,12,135.0,5.0,11.5,0.4786921995404643,0.5213078004595357,728.0701754385964
15,1,12,145.0,5.0,11.5,0.4658695440268349,0.5341304559731651,728.0701754385964
16,1,12,155.0,5.0,11.5,0.4499439688680356,0.5500560311319644,728.0701754385964
17,1,12,165.0,5.0,11.5,0.42841514266955233,0.5715848573304476,728.0701754385964
18,1,12,175.0,5.0,11.5,0.39655124153435195,0.603448758465648,728.0701754385964
19,1,12,185.0,5.0,11.5,0.3462894212313913,0.6537105787686087,728.0701754385964
20,1,12,195.0,5.0,11.5,0.27431495394326105,0.725685046056739,728.0701754385964
21,1,12,205.0,5.0,11.5,0.21581968912619787,0.7841803108738021,728.0701754385964
22,1,12,215.0,5.0,11.5,0.20088380052909183,0.7991161994709082,728.0701754385964
23,1,12,225.0,5.0,11.5,0.2000268418876205,0.7999731581123795,728.0701754385964
24,1,12,235.0,5.0,11.5,0.20002052732899656,0.7999794726710034,728.0701754385964
25,1,12,245.0,5.0,11.5,0.20002097396826377,0.7999790260317362,728.0701754385964
26,1,12,255.0,5.0,11.5,0.20002146764554965,0.7999785323544504,728.0701754385964
27,1,12,265.0,5.0,11.5,0.20002195807315426,0.7999780419268457,728.0701754385964
28,1,12,275.0,5.0,11.5,0.2000224462767387,0.7999775537232613,728.0701754385964
29,1,12,285.0,5.0,11.5,0.2000229331996779,0.7999770668003221,728.0701754385964
30,1,12,295.0,5.0,11.5,0.20002341943600851,0.7999765805639915,728.0701754385964
31,1,12,305.0,5.0,11.5,0.2000239053445952,0.7999760946554049,728.0701754385964
32,1,12,315.0,5.0,11.5,0.20002439114094558,0.7999756088590544,728.0701754385964
33,1,12,325.0,5.0,11.5,0.20002487696023538,0.7999751230397646,728.0701754385964
34,1,12,335.0,5.0,11.5,0.20002536289803952,0.7999746371019605,728.0701754385964
35,1,12,345.0,5.0,11.5,0.20002584903541487,0.7999741509645851,728.0701754385964
36,1,12,355.0,5.0,11.5,0.20002633545472528,0.7999736645452747,728.0701754385964
37,1,12,365.0,5.0,11.5,0.20002682224917448,0.7999731777508255,728.0701754385964
38,1,12,375.0,5.0,11.5,0.20002730952736952,0.7999726904726305,728.0701754385964
39,1,12,385.0,5.0,11.5,0.20002779741130658,0.7999722025886934,728.0701754385964
40,1,12,395.0,5.0,11.5,0.2000282860224879,0.7999717139775121,728.0701754385964
41,1,12,405.0,5.0,11.5,0.20002877544481304,0.799971224555187,728.0701754385964
42,1,12,415.0,5.0,11.5,0.2000292656409565,0.7999707343590435,728.0701754385964
43,1,12,425.0,5.0,11.5,0.20002975627853437,0.7999702437214656,728.0701754385964
44,1,12,435.0,5.0,11.5,0.20003024638485728,0.7999697536151427,728.0701754385964
45,1,12,445.0,5.0,11.5,0.20003073367465793,0.799969266325342,728.0701754385964
46,1,12,455.0,5.0,11.5,0.20003121327718687,0.7999687867228131,728.0701754385964
47,1,12,465.0,5.0,11.5,0.2000316753811539,0.799968324618846,728.0701754385964
48,1,12,475.0,5.0,11.5,0.20003210104686914,0.7999678989531309,728.0701754385964
49,1,12,485.0,5.0,11.5,0.20003245549286688,0.7999675445071331,728.0701754385964
50,1,12,495.0,5.0,11.5,0.20003268092248036,0.7999673190775196,728.0701754385964
1,2,12,5.0,15.0,11.5,0.6836960610211438,0.3163039389788562,728.0701754385964
2,2,12,15.0,15.0,11.5,0.6691475733340075,0.33085242666599246,728.0701754385964
3,2,12,25.0,15.0,11.5,0.6538352564379495,0.3461647435620505,728.0701754385964
4,2,12,35.0,15.0,11.5,0.6390848094818123,0.36091519051818766,728.0701754385964
5,2,12,45.0,15.0,11.5,0.6253370837221681,0.3746629162778319,728.0701754385964
6,2,12,55.0,15.0,11.5,0.6126348970949649,0.3873651029050351,728.0701754385964
7,2,12,65.0,15.0,11.5,0.6008461616295508,0.39915383837044915,728.0701754385964
8,2,12,75.0,15.0,11.5,0.5897817436916455,0.4102182563083545,728.0701754385964
9,2,12,85.0,15.0,11.5,0.5793001204360333,0.4206998795639667,728.0701754385964
10,2,12,95.0,15.0,11.5,0.5692487893782892,0.43075121062171084,728.0701754385964
11,2,12,105.0,15.0,11.5,0.5594808453105757,0.44051915468942426,728.0701754385964
12,2,12,115.0,15.0,11.5,0.5498369178262289,0.4501630821737711,728.0701754385964
13,2,12,125.0,15.0,11.5,0.540135224548425,0.459864775451575,728.0701754385964
14,2,12,135.0,15.0,11.5,0.5301639387327041,0.46983606126729593,728.0701754385964
15,2,12,145.0,15.0,11.5,0.5196211874365985,0.48037881256340154,728.0701754385964
16,2,12,155.0,15.0,11.5,0.5080660877950378,0.4919339122049622,728.0701754385964
17,2,12,165.0,15.0,11.5,0.49481265485463144,0.5051873451453686,728.0701754385964
18,2,12,175.0,15.0,11.5,0.47862666536257664,0.5213733346374234,728.0701754385964
19,2,12,185.0,15.0,11.5,0.4572555139958915,0.5427444860041085,728.0701754385964
20,2,12,195.0,15.0,11.5,0.42612607830177784,0.5738739216982222,728.0701754385964
21,2,12,205.0,15.0,11.5,0.3761236629884455,0.6238763370115545,728.0701754385964
22,2,12,215.0,15.0,11.5,0.2969492490122705,0.7030507509877295,728.0701754385964
23,2,12,225.0,15.0,11.5,0.22052611427879626,0.7794738857212038,728.0701754385964
24,2,12,235.0,15.0,11.5,0.20065655709031324,0.7993434429096867,728.0701754385964
25,2,12,245.0,15.0,11.5,0.2000256764273605,0.7999743235726395,728.0701754385964
26,2,12,255.0,15.0,11.5,0.20002150728060736,0.7999784927193927,728.0701754385964
27,2,12,265.0,15.0,11.5,0.20002196142426296,0.799978038575737,728.0701754385964
28,2,12,275.0,15.0,11.5,0.20002244795807517,0.7999775520419248,728.0701754385964
29,2,12,285.0,15.0,11.5,0.20002293405995228,0.7999770659400477,728.0701754385964
30,2,12,295.0,15.0,11.5,0.20002341983749813,0.7999765801625018,728.0701754385964
31,2,12,305.0,15.0,11.5,0.20002390548821083,0.7999760945117892,728.0701754385964
32,2,12,315.0,15.0,11.5,0.2000243911318595,0.7999756088681405,728.0701754385964
33,2,12,325.0,15.0,11.5,0.20002487684858297,0.7999751231514171,728.0701754385964
34,2,12,335.0,15.0,11.5,0.20002536270246604,0.7999746372975339,728.0701754385964
35,2,12,345.0,15.0,11.5,0.20002584875627982,0.7999741512437202,728.0701754385964
36,2,12,355.0,15.0,11.5,0.20002633508173145,0.7999736649182685,728.0701754385964
37,2,12,365.0,15.0,11.5,0.20002682176704822,0.7999731782329518,728.0701754385964
38,2,12,375.0,15.0,11.5,0.20002730892269313,0.7999726910773068,728.0701754385964
39,2,12,385.0,15.0,11.5,0.20002779668445983,0.7999722033155402,728.0701754385964
40,2,12,395.0,15.0,11.5,0.20002828521118413,0.7999717147888159,728.0701754385964
41,2,12,405.0,15.0,11.5,0.20002877467062924,0.7999712253293707,728.0701754385964
42,2,12,415.0,15.0,11.5,0.2000292651996533,0.7999707348003466,728.0701754385964
43,2,12,425.0,15.0,11.5,0.2000297568090166,0.7999702431909834,728.0701754385964
44,2,12,435.0,15.0,11.5,0.2000302491776234,0.7999697508223766,728.0701754385964
45,2,12,445.0,15.0,11.5,0.20003074120730316,0.7999692587926969,728.0701754385964
46,2,12,455.0,15.0,11.5,0.20003123004881046,0.7999687699511895,728.0701754385964
47,2,12,465.0,15.0,11.5,0.20003170897496148,0.7999682910250385,728.0701754385964
48,2,12,475.0,15.0,11.5,0.20003216278296995,0.79996783721703,728.0701754385964
49,2,12,485.0,15.0,11.5,0.20003255847796172,0.7999674415220382,728.0701754385964
50,2,12,495.0,15.0,11.5,0.20003282947898018,0.7999671705210198,728.0701754385964
1,3,12,5.0,25.0,11.5,0.728642777941092,0.271357222058908,728.0701754385964
2,3,12,15.0,25.0,11.5,0.7103224169605873,0.2896775830394127,728.0701754385964
3,3,12,25.0,25.0,11.5,0.6914026646053116,0.30859733539468837,728.0701754385964
4,3,12,35.0,25.0,11.5,0.6735285583850658,0.32647144161493424,728.0701754385964
5,3,12,45.0,25.0,11.5,0.6572007468413102,0.34279925315868975,728.0701754385964
6,3,12,55.0,25.0,11.5,0.6423907190135899,0.3576092809864101,728.0701754385964
7,3,12,65.0,25.0,11.5,0.6288819765318501,0.3711180234681499,728.0701754385964
8,3,12,75.0,25.0,11.5,0.6164259929219733,0.3835740070780267,728.0701754385964
9,3,12,85.0,25.0,11.5,0.604777271752438,0.395222728247562,728.0701754385964
10,3,12,95.0,25.0,11.5,0.5937129557295344,0.4062870442704656,728.0701754385964
11,3,12,105.0,25.0,11.5,0.5830821708694948,0.41691782913050524,728.0701754385964
12,3,12,115.0,25.0,11.5,0.5727313269604205,0.4272686730395795,728.0701754385964
13,3,12,125.0,25.0,11.5,0.5625046206627742,0.4374953793372258,728.0701754385964
14,3,12,135.0,25.0,11.5,0.5522324978964045,0.4477675021035955,728.0701754385964
15,3,12,145.0,25.0,11.5,0.5416995613574553,0.45830043864254466,728.0701754385964
16,3,12,155.0,25.0,11.5,0.5306291794600251,0.4693708205399749,728.0701754385964
17,3,12,165.0,25.0,11.5,0.5186177039197832,0.48138229608021676,728.0701754385964
18,3,12,175.0,25.0,11.5,0.5050110909187019,0.4949889090812981,728.0701754385964
19,3,12,185.0,25.0,11.5,0.4887243148880175,0.5112756851119825,728.0701754385964
20,3,12,195.0,25.0,11.5,0.46771151897746926,0.5322884810225308,728.0701754385964
21,3,12,205.0,25.0,11.5,0.43792398677602623,0.5620760132239737,728.0701754385964
22,3,12,215.0,25.0,11.5,0.39094529471522,0.60905470528478,728.0701754385964
23,3,12,225.0,25.0,11.5,0.3143229502195027,0.6856770497804974,728.0701754385964
24,3,12,235.0,25.0,11.5,0.2293312953534405,0.7706687046465595,728.0701754385964
25,3,12,245.0,25.0,11.5,0.20132835845132832,0.7986716415486717,728.0701754385964
26,3,12,255.0,25.0,11.5,0.20003099604438002,0.79996900395562,728.0701754385964
27,3,12,265.0,25.0,11.5,0.2000220356347307,0.7999779643652694,728.0701754385964
28,3,12,275.0,25.0,11.5,0.20002245146490835,0.7999775485350916,728.0701754385964
29,3,12,285.0,25.0,11.5,0.2000229355120151,0.7999770644879849,728.0701754385964
30,3,12,295.0,25.0,11.5,0.2000234204688659,0.7999765795311341,728.0701754385964
31,3,12,305.0,25.0,11.5,0.2000239056797379,0.7999760943202621,728.0701754385964
32,3,12,315.0,25.0,11.5,0.20002439106664427,0.7999756089333557,728.0701754385964
33,3,12,325.0,25.0,11.5,0.20002487660763701,0.799975123392363,728.0701754385964
34,3,12,335.0,25.0,11.5,0.20002536231133783,0.7999746376886622,728.0701754385964
35,3,12,345.0,25.0,11.5,0.2000258482084811,0.7999741517915189,728.0701754385964
36,3,12,355.0,25.0,11.5,0.20002633435117165,0.7999736656488283,728.0701754385964
37,3,12,365.0,25.0,11.5,0.20002682081638493,0.7999731791836151,728.0701754385964
38,3,12,375.0,25.0,11.5,0.20002730771310986,0.7999726922868902,728.0701754385964
39,3,12,385.0,25.0,11.5,0.2000277951931168,0.7999722048068831,728.0701754385964
40,3,12,395.0,25.0,11.5,0.20002828346663398,0.799971716533366,728.0701754385964
41,3,12,405.0,25.0,11.5,0.200028772824793,0.799971227175207,728.0701754385964
42,3,12,415.0,25.0,11.5,0.2000292636713497,0.7999707363286503,728.0701754385964
43,3,12,425.0,25.0,11.5,0.20002975656551727,0.7999702434344828,728.0701754385964
44,3,12,435.0,25.0,11.5,0.2000302522543894,0.7999697477456106,728.0701754385964
45,3,12,445.0,25.0,11.5,0.200030751659348,0.799969248340652,728.0701754385964
46,3,12,455.0,25.0,11.5,0.20003125558317283,0.7999687444168272,728.0701754385964
47,3,12,465.0,25.0,11.5,0.20003176331650613,0.7999682366834939,728.0701754385964
48,3,12,475.0,25.0,11.5,0.20003226793528808,0.799967732064712,728.0701754385964
49,3,12,485.0,25.0,11.5,0.20003274346860284,0.7999672565313971,728.0701754385964
50,3,12,495.0,25.0,11.5,0.2000331164122087,0.7999668835877913,728.0701754385964
1,4,12,5.0,35.0,11.5,0.7623522134022479,0.2376477865977521,728.0701754385964
2,4,12,15.0,35.0,11.5,0.741638830900902,0.258361169099098,728.0701754385964
3,4,12,25.0,35.0,11.5,0.7196899038948137,0.2803100961051863,728.0701754385964
4,4,12,35.0,35.0,11.5,0.6989564159568129,0.3010435840431871,728.0701754385964
5,4,12,45.0,35.0,11.5,0.68023136288605,0.31976863711395,728.0701754385964
6,4,12,55.0,35.0,11.5,0.663512444373919,0.336487555626081,728.0701754385964
7,4,12,65.0,35.0,11.5,0.648485505866617,0.351514494133383,728.0701754385964
8,4,12,75.0,35.0,11.5,0.6347720132533797,0.36522798674662027,728.0701754385964
9,4,12,85.0,35.0,11.5,0.6220728949604432,0.37792710503955684,728.0701754385964
10,4,12,95.0,35.0,11.5,0.6101379189662209,0.38986208103377906,728.0701754385964
11,4,12,105.0,35.0,11.5,0.5987518654591831,0.40124813454081687,728.0701754385964
12,4,12,115.0,35.0,11.5,0.5877643774170567,0.41223562258294333,728.0701754385964
13,4,12,125.0,35.0,11.5,0.5770354017292241,0.4229645982707759,728.0701754385964
14,4,12,135.0,35.0,11.5,0.5663987075286165,0.43360129247138346,728.0701754385964
15,4,12,145.0,35.0,11.5,0.5556721496322514,0.4443278503677486,728.0701754385964
16,4,12,155.0,35.0,11.5,0.544629672355161,0.455370327644839,728.0701754385964
17,4,12,165.0,35.0,11.5,0.5329672728149166,0.4670327271850834,728.0701754385964
18,4,12,175.0,35.0,11.5,0.5202348424326644,0.4797651575673356,728.0701754385964
19,4,12,185.0,35.0,11.5,0.5057093738040156,0.4942906261959844,728.0701754385964
20,4,12,195.0,35.0,11.5,0.4881455450269481,0.5118544549730519,728.0701754385964
21,4,12,205.0,35.0,11.5,0.46518769851197656,0.5348123014880235,728.0701754385964
22,4,12,215.0,35.0,11.5,0.43205748789921467,0.5679425121007853,728.0701754385964
23,4,12,225.0,35.0,11.5,0.3789354714399136,0.6210645285600864,728.0701754385964
24,4,12,235.0,35.0,11.5,0.29471447797134037,0.7052855220286596,728.0701754385964
25,4,12,245.0,35.0,11.5,0.21786129483222894,0.7821387051677711,728.0701754385964
26,4,12,255.0,35.0,11.5,0.2004830340415179,0.7995169659584821,728.0701754385964
27,4,12,265.0,35.0,11.5,0.2000251764444131,0.7999748235555869,728.0701754385964
28,4,12,275.0,35.0,11.5,0.2000224769109415,0.7999775230890585,728.0701754385964
29,4,12,285.0,35.0,11.5,0.20002293714156663,0.7999770628584334,728.0701754385964
30,4,12,295.0,35.0,11.5,0.20002342101081233,0.7999765789891877,728.0701754385964
31,4,12,305.0,35.0,11.5,0.20002390575350457,0.7999760942464954,728.0701754385964
32,4,12,315.0,35.0,11.5,0.20002439086954968,0.7999756091304503,728.0701754385964
33,4,12,325.0,35.0,11.5,0.20002487621346549,0.7999751237865345,728.0701754385964
34,4,12,335.0,35.0,11.5,0.20002536173161564,0.7999746382683843,728.0701754385964
35,4,12,345.0,35.0,11.5,0.20002584741827925,0.7999741525817208,728.0701754385964
36,4,12,355.0,35.0,11.5,0.20002633330036731,0.7999736666996327,728.0701754385964
37,4,12,365.0,35.0,11.5,0.200026819435924,0.799973180564076,728.0701754385964
38,4,12,375.0,35.0,11.5,0.20002730592124818,0.7999726940787518,728.0701754385964
39,4,12,385.0,35.0,11.5,0.20002779290821557,0.7999722070917844,728.0701754385964
40,4,12,395.0,35.0,11.5,0.20002828063562691,0.7999717193643731,728.0701754385964
41,4,12,405.0,35.0,11.5,0.20002876948521522,0.7999712305147848,728.0701754385964
42,4,12,415.0,35.0,11.5,0.20002926008118,0.7999707399188201,728.0701754385964
43,4,12,425.0,35.0,11.5,0.20002975347015217,0.7999702465298478,728.0701754385964
44,4,12,435.0,35.0,11.5,0.20003025144861017,0.7999697485513898,728.0701754385964
45,4,12,445.0,35.0,11.5,0.2000307571077967,0.7999692428922033,728.0701754385964
46,4,12,455.0,35.0,11.5,0.20003127561534192,0.799968724384658,728.0701754385964
47,4,12,465.0,35.0,11.5,0.2000318147754564,0.7999681852245436,728.0701754385964
48,4,12,475.0,35.0,11.5,0.20003238232501297,0.799967617674987,728.0701754385964
49,4,12,485.0,35.0,11.5,0.20003296817556732,0.7999670318244327,728.0701754385964
50,4,12,495.0,35.0,11.5,0.20003349878734675,0.7999665012126532,728.0701754385964
1,5,12,5.0,45.0,11.5,0.7877588706317039,0.2122411293682961,728.0701754385964
2,5,12,15.0,45.0,11.5,0.7685274095531504,0.23147259044684965,728.0701754385964
3,5,12,25.0,45.0,11.5,0.7451252742053662,0.25487472579463377,728.0701754385964
4,5,12,35.0,45.0,11.5,0.7224613154996385,0.27753868450036145,728.0701754385964
5,5,12,45.0,45.0,11.5,0.7020927845519898,0.29790721544801024,728.0701754385964
6,5,12,55.0,45.0,11.5,0.6839720509371143,0.31602794906288567,728.0701754385964
7,5,12,65.0,45.0,11.5,0.6677102040794753,0.33228979592052466,728.0701754385964
8,5,12,75.0,45.0,11.5,0.6529544598879873,0.3470455401120127,728.0701754385964
9,5,12,85.0,45.0,11.5,0.6393791642048572,0.3606208357951428,728.0701754385964
10,5,12,95.0,45.0,11.5,0.6267128449404772,0.3732871550595228,728.0701754385964
11,5,12,105.0,45.0,11.5,0.6147132993550476,0.3852867006449524,728.0701754385964
12,5,12,115.0,45.0,11.5,0.6031653796569438,0.39683462034305617,728.0701754385964
13,5,12,125.0,45.0,11.5,0.5919204414996843,0.40807955850031574,728.0701754385964
14,5,12,135.0,45.0,11.5,0.5808352114220364,0.4191647885779636,728.0701754385964
15,5,12,145.0,45.0,11.5,0.5697474740770729,0.43025252592292706,728.0701754385964
16,5,12,155.0,45.0,11.5,0.5584664868537945,0.4415335131462055,728.0701754385964
17,5,12,165.0,45.0,11.5,0.5467387049923808,0.45326129500761925,728.0701754385964
18,5,12,175.0,45.0,11.5,0.5342088648396308,0.4657911351603692,728.0701754385964
19,5,12,185.0,45.0,11.5,0.5203394684051698,0.47966053159483024,728.0701754385964
20,5,12,195.0,45.0,11.5,0.5042250051126883,0.4957749948873117,728.0701754385964
21,5,12,205.0,45.0,11.5,0.4842579855127475,0.5157420144872524,728.0701754385964
22,5,12,215.0,45.0,11.5,0.4572716158127228,0.5427283841872772,728.0701754385964
23,5,12,225.0,45.0,11.5,0.41668615241639795,0.583313847583602,728.0701754385964
24,5,12,235.0,45.0,11.5,0.3499618545516301,0.6500381454483699,728.0701754385964
25,5,12,245.0,45.0,11.5,0.25715032935367294,0.742849670646327,728.0701754385964
26,5,12,255.0,45.0,11.5,0.2054705699950276,0.7945294300049723,728.0701754385964
27,5,12,265.0,45.0,11.5,0.2000641205415834,0.7999358794584166,728.0701754385964
28,5,12,275.0,45.0,11.5,0.2000227757257161,0.7999772242742839,728.0701754385964
29,5,12,285.0,45.0,11.5,0.20002294005375287,0.7999770599462471,728.0701754385964
30,5,12,295.0,45.0,11.5,0.20002342108520363,0.7999765789147963,728.0701754385964
31,5,12,305.0,45.0,11.5,0.20002390553358906,0.7999760944664109,728.0701754385964
32,5,12,315.0,45.0,11.5,0.2000243904725463,0.7999756095274537,728.0701754385964
33,5,12,325.0,45.0,11.5,0.20002487565615404,0.799975124343846,728.0701754385964
34,5,12,335.0,45.0,11.5,0.20002536098876741,0.7999746390112326,728.0701754385964
35,5,12,345.0,45.0,11.5,0.2000258464358146,0.7999741535641853,728.0701754385964
36,5,12,355.0,45.0,11.5,0.20002633199844827,0.7999736680015517,728.0701754385964
37,5,12,365.0,45.0,11.5,0.20002681770727526,0.7999731822927247,728.0701754385964
38,5,12,375.0,45.0,11.5,0.20002730362849888,0.7999726963715011,728.0701754385964
39,5,12,385.0,45.0,11.5,0.20002778988208067,0.7999722101179193,728.0701754385964
40,5,12,395.0,45.0,11.5,0.20002827667886086,0.7999717233211392,728.0701754385964
41,5,12,405.0,45.0,11.5,0.20002876438952202,0.799971235610478,728.0701754385964
42,5,12,415.0,45.0,11.5,0.2000292536729904,0.7999707463270096,728.0701754385964
43,5,12,425.0,45.0,11.5,0.2000297457155895,0.7999702542844105,728.0701754385964
44,5,12,435.0,45.0,11.5,0.20003024268334085,0.7999697573166591,728.0701754385964
45,5,12,445.0,45.0,11.5,0.2000307485915077,0.7999692514084923,728.0701754385964
46,5,12,455.0,45.0,11.5,0.2000312709990359,0.799968729000964,728.0701754385964
47,5,12,465.0,45.0,11.5,0.2000318239410666,0.7999681760589334,728.0701754385964
48,5,12,475.0,45.0,11.5,0.20003242889784353,0.7999675711021564,728.0701754385964
49,5,12,485.0,45.0,11.5,0.20003307547680907,0.799966924523191,728.0701754385964
50,5,12,495.0,45.0,11.5,0.20003353737948198,0.7999664626205181,728.0701754385964
1,6,12,5.0,55.0,11.5,0.7641069435664728,0.2358930564335272,728.0701754385964
2,6,12,15.0,55.0,11.5,0.7444906559274324,0.25550934407256765,728.0701754385964
3,6,12,25.0,55.0,11.5,0.7235468450180155,0.27645315498198453,728.0701754385964
4,6,12,35.0,55.0,11.5,0.7035394868022239,0.2964605131977761,728.0701754385964
5,6,12,45.0,55.0,11.5,0.6852662919700075,0.31473370802999245,728.0701754385964
6,6,12,55.0,55.0,11.5,0.6687534446078087,0.3312465553921913,728.0701754385964
7,6,12,65.0,55.0,11.5,0.6537519455686902,0.3462480544313098,728.0701754385964
8,6,12,75.0,55.0,11.5,0.6399783765407057,0.36002162345929434,728.0701754385964
9,6,12,85.0,55.0,11.5,0.6271796544983186,0.3728203455016814,728.0701754385964
10,6,12,95.0,55.0,11.5,0.6151282882888953,0.3848717117111047,728.0701754385964
11,6,12,105.0,55.0,11.5,0.6036204682149944,0.3963795317850056,728.0701754385964
12,6,12,115.0,55.0,11.5,0.5924807487078874,0.40751925129211264,728.0701754385964
13,6,12,125.0,55.0,11.5,0.5815829580688159,0.4184170419311841,728.0701754385964
14,6,12,135.0,55.0,11.5,0.570769507061985,0.42923049293801496,728.0701754385964
15,6,12,145.0,55.0,11.5,0.5598714458266614,0.4401285541733386,728.0701754385964
16,6,12,155.0,55.0,11.5,0.5486755649802503,0.4513244350197497,728.0701754385964
17,6,12,165.0,55.0,11.5,0.5368894891920367,0.4631105108079633,728.0701754385964
18,6,12,175.0,55.0,11.5,0.5240944367327338,0.4759055632672662,728.0701754385964
19,6,12,185.0,55.0,11.5,0.5096194567215953,0.49038054327840475,728.0701754385964
20,6,12,195.0,55.0,11.5,0.49231892555777806,0.507681074442222,728.0701754385964
21,6,12,205.0,55.0,11.5,0.4700582188534697,0.5299417811465303,728.0701754385964
22,6,12,215.0,55.0,11.5,0.4385176653692348,0.5614823346307651,728.0701754385964
23,6,12,225.0,55.0,11.5,0.388731520004291,0.611268479995709,728.0701754385964
24,6,12,235.0,55.0,11.5,0.3081783933134707,0.6918216066865293,728.0701754385964
25,6,12,245.0,55.0,11.5,0.22478741078265768,0.7752125892173423,728.0701754385964
26,6,12,255.0,55.0,11.5,0.2009365379668561,0.7990634620331439,728.0701754385964
27,6,12,265.0,55.0,11.5,0.20002851247030365,0.7999714875296964,728.0701754385964
28,6,12,275.0,55.0,11.5,0.20002250130905386,0.7999774986909461,728.0701754385964
29,6,12,285.0,55.0,11.5,0.20002293692340592,0.7999770630765941,728.0701754385964
30,6,12,295.0,55.0,11.5,0.20002342036532722,0.7999765796346727,728.0701754385964
31,6,12,305.0,55.0,11.5,0.20002390493102212,0.7999760950689778,728.0701754385964
32,6,12,315.0,55.0,11.5,0.20002438986203502,0.7999756101379649,728.0701754385964
33,6,12,325.0,55.0,11.5,0.2000248749617923,0.7999751250382077,728.0701754385964
34,6,12,335.0,55.0,11.5,0.20002536013696703,0.799974639863033,728.0701754385964
35,6,12,345.0,55.0,11.5,0.20002584534110707,0.799974154658893,728.0701754385964
36,6,12,355.0,55.0,11.5,0.20002633055256333,0.7999736694474366,728.0701754385964
37,6,12,365.0,55.0,11.5,0.20002681576777304,0.799973184232227,728.0701754385964
38,6,12,375.0,55.0,11.5,0.20002730100376004,0.7999726989962399,728.0701754385964
39,6,12,385.0,55.0,11.5,0.20002778631121715,0.7999722136887828,728.0701754385964
40,6,12,395.0,55.0,11.5,0.20002827180244453,0.7999717281975555,728.0701754385964
41,6,12,405.0,55.0,11.5,0.20002875770585493,0.7999712422941451,728.0701754385964
42,6,12,415.0,55.0,11.5,0.20002924446655207,0.7999707555334479,728.0701754385964
43,6,12,425.0,55.0,11.5,0.20002973292931872,0.7999702670706813,728.0701754385964
44,6,12,435.0,55.0,11.5,0.2000302246595264,0.7999697753404735,728.0701754385964
45,6,12,445.0,55.0,11.5,0.20003072247150722,0.7999692775284928,728.0701754385964
46,6,12,455.0,55.0,11.5,0.20003123114726032,0.7999687688527397,728.0701754385964
47,6,12,465.0,55.0,11.5,0.20003175772291718,0.7999682422770829,728.0701754385964
48,6,12,475.0,55.0,11.5,0.2000323080353463,0.7999676919646537,728.0701754385964
49,6,12,485.0,55.0,11.5,0.20003286876487122,0.7999671312351287,728.0701754385964
50,6,12,495.0,55.0,11.5,0.20003336586825454,0.7999666341317455,728.0701754385964
1,7,12,5.0,65.0,11.5,0.7340054789029159,0.2659945210970841,728.0701754385964
2,7,12,15.0,65.0,11.5,0.7167588982450632,0.2832411017549368,728.0701754385964
3,7,12,25.0,65.0,11.5,0.6986619222550117,0.30133807774498833,728.0701754385964
4,7,12,35.0,65.0,11.5,0.6812814967037026,0.31871850329629736,728.0701754385964
5,7,12,45.0,65.0,11.5,0.6651784786106726,0.3348215213893274,728.0701754385964
6,7,12,55.0,65.0,11.5,0.6504031869652048,0.3495968130347952,728.0701754385964
7,7,12,65.0,65.0,11.5,0.6368065018119642,0.3631934981880358,728.0701754385964
8,7,12,75.0,65.0,11.5,0.6241888419950643,0.3758111580049357,728.0701754385964
9,7,12,85.0,65.0,11.5,0.61234807636194,0.38765192363806,728.0701754385964
10,7,12,95.0,65.0,11.5,0.6010819104455033,0.3989180895544967,728.0701754385964
11,7,12,105.0,65.0,11.5,0.5902249166623273,0.40977508333767265,728.0701754385964
12,7,12,115.0,65.0,11.5,0.5796504426340576,0.4203495573659424,728.0701754385964
13,7,12,125.0,65.0,11.5,0.5692094317968891,0.4307905682031109,728.0701754385964
14,7,12,135.0,65.0,11.5,0.5587402749124215,0.4412597250875785,728.0701754385964
15,7,12,145.0,65.0,11.5,0.5480486348154276,0.45195136518457235,728.0701754385964
16,7,12,155.0,65.0,11.5,0.5368758112860004,0.46312418871399963,728.0701754385964
17,7,12,165.0,65.0,11.5,0.5248556933226792,0.47514430667732077,728.0701754385964
18,7,12,175.0,65.0,11.5,0.5114187889749698,0.48858121102503016,728.0701754385964
19,7,12,185.0,65.0,11.5,0.4956129907392553,0.5043870092607448,728.0701754385964
20,7,12,195.0,65.0,11.5,0.4757253534002264,0.5242746465997736,728.0701754385964
21,7,12,205.0,65.0,11.5,0.44837216225974413,0.5516278377402559,728.0701754385964
22,7,12,215.0,65.0,11.5,0.40652641472016665,0.5934735852798334,728.0701754385964
23,7,12,225.0,65.0,11.5,0.33761226193759203,0.6623877380624079,728.0701754385964
24,7,12,235.0,65.0,11.5,0.24718393520531676,0.7528160647946832,728.0701754385964
25,7,12,245.0,65.0,11.5,0.20367527296130597,0.7963247270386941,728.0701754385964
26,7,12,255.0,65.0,11.5,0.2000496016401764,0.7999503983598236,728.0701754385964
27,7,12,265.0,65.0,11.5,0.20002217869319266,0.7999778213068074,728.0701754385964
28,7,12,275.0,65.0,11.5,0.2000224521620431,0.7999775478379569,728.0701754385964
29,7,12,285.0,65.0,11.5,0.20002293451129075,0.7999770654887093,728.0701754385964
30,7,12,295.0,65.0,11.5,0.2000234191126475,0.7999765808873525,728.0701754385964
31,7,12,305.0,65.0,11.5,0.2000239040474155,0.7999760959525846,728.0701754385964
32,7,12,315.0,65.0,11.5,0.20002438911161496,0.7999756108883851,728.0701754385964
33,7,12,325.0,65.0,11.5,0.20002487420329687,0.7999751257967032,728.0701754385964
34,7,12,335.0,65.0,11.5,0.20002535926164267,0.7999746407383573,728.0701754385964
35,7,12,345.0,65.0,11.5,0.20002584424223022,0.7999741557577698,728.0701754385964
36,7,12,355.0,65.0,11.5,0.20002632910519996,0.7999736708948,728.0701754385964
37,7,12,365.0,65.0,11.5,0.20002681380884657,0.7999731861911534,728.0701754385964
38,7,12,375.0,65.0,11.5,0.20002729830772475,0.7999727016922753,728.0701754385964
39,7,12,385.0,65.0,11.5,0.20002778255417206,0.7999722174458279,728.0701754385964
40,7,12,395.0,65.0,11.5,0.20002826650618266,0.7999717334938173,728.0701754385964
41,7,12,405.0,65.0,11.5,0.20002875014450536,0.7999712498554946,728.0701754385964
42,7,12,415.0,65.0,11.5,0.20002923350576846,0.7999707664942315,728.0701754385964
43,7,12,425.0,65.0,11.5,0.20002971673577524,0.7999702832642248,728.0701754385964
44,7,12,435.0,65.0,11.5,0.20003020015602282,0.7999697998439772,728.0701754385964
45,7,12,445.0,65.0,11.5,0.20003068427750043,0.7999693157224996,728.0701754385964
46,7,12,455.0,65.0,11.5,0.20003116950032723,0.7999688304996728,728.0701754385964
47,7,12,465.0,65.0,11.5,0.20003165466611705,0.799968345333883,728.0701754385964
48,7,12,475.0,65.0,11.5,0.2000321323183355,0.7999678676816645,728.0701754385964
49,7,12,485.0,65.0,11.5,0.2000325766973187,0.7999674233026813,728.0701754385964
50,7,12,495.0,65.0,11.5,0.2000329194766632,0.7999670805233368,728.0701754385964
1,8,12,5.0,75.0,11.5,0.69701594851475,0.30298405148525,728.0701754385964
2,8,12,15.0,75.0,11.5,0.6831008928839153,0.3168991071160847,728.0701754385964
3,8,12,25.0,75.0,11.5,0.6682059489840827,0.3317940510159173,728.0701754385964
4,8,12,35.0,75.0,11.5,0.6536212843626653,0.3463787156373347,728.0701754385964
5,8,12,45.0,75.0,11.5,0.6398408270901893,0.3601591729098107,728.0701754385964
6,8,12,55.0,75.0,11.5,0.6269707059651749,0.3730292940348251,728.0701754385964
7,8,12,65.0,75.0,11.5,0.6149407959925455,0.3850592040074545,728.0701754385964
8,8,12,75.0,75.0,11.5,0.6036100499815451,0.3963899500184549,728.0701754385964
9,8,12,85.0,75.0,11.5,0.5928085655718606,0.40719143442813943,728.0701754385964
10,8,12,95.0,75.0,11.5,0.5824221261942709,0.4175778738057291,728.0701754385964
11,8,12,105.0,75.0,11.5,0.5723156567395578,0.42768434326044225,728.0701754385964
12,8,12,115.0,75.0,11.5,0.5623476693541574,0.43765233064584264,728.0701754385964
13,8,12,125.0,75.0,11.5,0.5523623985349645,0.4476376014650355,728.0701754385964
14,8,12,135.0,75.0,11.5,0.5421618243888024,0.45783817561119755,728.0701754385964
15,8,12,145.0,75.0,11.5,0.5314978306729673,0.4685021693270327,728.0701754385964
16,8,12,155.0,75.0,11.5,0.5200102731834492,0.47998972681655083,728.0701754385964
17,8,12,165.0,75.0,11.5,0.5071290302066884,0.4928709697933116,728.0701754385964
18,8,12,175.0,75.0,11.5,0.49193556164487695,0.508064438355123,728.0701754385964
19,8,12,185.0,75.0,11.5,0.47272725152086525,0.5272727484791347,728.0701754385964
20,8,12,195.0,75.0,11.5,0.44623944991626996,0.55376055008373,728.0701754385964
21,8,12,205.0,75.0,11.5,0.4056986411833672,0.5943013588166328,728.0701754385964
22,8,12,215.0,75.0,11.5,0.3390857414782585,0.6609142585217416,728.0701754385964
23,8,12,225.0,75.0,11.5,0.25008423290090104,0.749915767099099,728.0701754385964
24,8,12,235.0,75.0,11.5,0.20423506280772255,0.7957649371922775,728.0701754385964
25,8,12,245.0,75.0,11.5,0.20005417374410098,0.799945826255899,728.0701754385964
26,8,12,255.0,75.0,11.5,0.200021727590649,0.7999782724093509,728.0701754385964
27,8,12,265.0,75.0,11.5,0.20002196262399163,0.7999780373760084,728.0701754385964
28,8,12,275.0,75.0,11.5,0.20002244657389573,0.7999775534261042,728.0701754385964
29,8,12,285.0,75.0,11.5,0.20002293220913664,0.7999770677908633,728.0701754385964
30,8,12,295.0,75.0,11.5,0.20002341771521184,0.7999765822847882,728.0701754385964
31,8,12,305.0,75.0,11.5,0.20002390309656154,0.7999760969034384,728.0701754385964
32,8,12,315.0,75.0,11.5,0.20002438835684883,0.7999756116431511,728.0701754385964
33,8,12,325.0,75.0,11.5,0.20002487348790898,0.799975126512091,728.0701754385964
34,8,12,335.0,75.0,11.5,0.2000253584689113,0.7999746415310887,728.0701754385964
35,8,12,345.0,75.0,11.5,0.20002584326412418,0.7999741567358758,728.0701754385964
36,8,12,355.0,75.0,11.5,0.20002632781925145,0.7999736721807486,728.0701754385964
37,8,12,365.0,75.0,11.5,0.20002681205603132,0.7999731879439687,728.0701754385964
38,8,12,375.0,75.0,11.5,0.20002729586394194,0.799972704136058,728.0701754385964
39,8,12,385.0,75.0,11.5,0.20002777908867486,0.7999722209113251,728.0701754385964
40,8,12,395.0,75.0,11.5,0.2000282615143001,0.7999717384856999,728.0701754385964
41,8,12,405.0,75.0,11.5,0.20002874283625405,0.799971257163746,728.0701754385964
42,8,12,415.0,75.0,11.5,0.20002922261544898,0.799970777384551,728.0701754385964
43,8,12,425.0,75.0,11.5,0.2000297001950801,0.7999702998049198,728.0701754385964
44,8,12,435.0,75.0,11.5,0.2000301745313443,0.7999698254686557,728.0701754385964
45,8,12,445.0,75.0,11.5,0.20003064382314892,0.799969356176851,728.0701754385964
46,8,12,455.0,75.0,11.5,0.20003110466496818,0.7999688953350318,728.0701754385964
47,8,12,465.0,75.0,11.5,0.20003155012267254,0.7999684498773274,728.0701754385964
48,8,12,475.0,75.0,11.5,0.2000319656175477,0.7999680343824522,728.0701754385964
49,8,12,485.0,75.0,11.5,0.20003232113815056,0.7999676788618495,728.0701754385964
50,8,12,495.0,75.0,11.5,0.2000325593384068,0.7999674406615932,728.0701754385964
1,9,12,5.0,85.0,11.5,0.6502551650918587,0.34974483490814134,728.0701754385964
2,9,12,15.0,85.0,11.5,0.6397678459984425,0.3602321540015575,728.0701754385964
3,9,12,25.0,85.0,11.5,0.62812316670761,0.37187683329238996,728.0701754385964
4,9,12,35.0,85.0,11.5,0.6163597389765849,0.3836402610234151,728.0701754385964
5,9,12,45.0,85.0,11.5,0.6049435859151633,0.3950564140848367,728.0701754385964
6,9,12,55.0,85.0,11.5,0.5940131001914587,0.4059868998085413,728.0701754385964
7,9,12,65.0,85.0,11.5,0.5835519989612339,0.4164480010387661,728.0701754385964
8,9,12,75.0,85.0,11.5,0.5735286650773462,0.42647133492265377,728.0701754385964
9,9,12,85.0,85.0,11.5,0.5638495564521889,0.4361504435478111,728.0701754385964
10,9,12,95.0,85.0,11.5,0.5544007819273863,0.4455992180726137,728.0701754385964
11,9,12,105.0,85.0,11.5,0.5450429884077302,0.45495701159226976,728.0701754385964
12,9,12,115.0,85.0,11.5,0.5356095946860248,0.46439040531397524,728.0701754385964
13,9,12,125.0,85.0,11.5,0.5258918728433688,0.4741081271566312,728.0701754385964
14,9,12,135.0,85.0,11.5,0.5155920909404133,0.48440790905958675,728.0701754385964
15,9,12,145.0,85.0,11.5,0.5042736513742723,0.49572634862572773,728.0701754385964
16,9,12,155.0,85.0,11.5,0.4912457912175741,0.5087542087824259,728.0701754385964
17,9,12,165.0,85.0,11.5,0.47528217293266045,0.5247178270673396,728.0701754385964
18,9,12,175.0,85.0,11.5,0.4541551667586231,0.5458448332413769,728.0701754385964
19,9,12,185.0,85.0,11.5,0.42340899659202,0.57659100340798,728.0701754385964
20,9,12,195.0,85.0,11.5,0.37443172433465216,0.6255682756653478,728.0701754385964
21,9,12,205.0,85.0,11.5,0.297673933330923,0.7023260666690769,728.0701754385964
22,9,12,215.0,85.0,11.5,0.22212864980428745,0.7778713501957125,728.0701754385964
23,9,12,225.0,85.0,11.5,0.20081975403449687,0.7991802459655031,728.0701754385964
24,9,12,235.0,85.0,11.5,0.20002641057850792,0.7999735894214921,728.0701754385964
25,9,12,245.0,85.0,11.5,0.20002101734500843,0.7999789826549916,728.0701754385964
26,9,12,255.0,85.0,11.5,0.20002146630590306,0.799978533694097,728.0701754385964
27,9,12,265.0,85.0,11.5,0.2000219555636541,0.7999780444363459,728.0701754385964
28,9,12,275.0,85.0,11.5,0.20002244348248205,0.799977556517518,728.0701754385964
29,9,12,285.0,85.0,11.5,0.20002293035322605,0.799977069646774,728.0701754385964
30,9,12,295.0,85.0,11.5,0.20002341655290884,0.7999765834470911,728.0701754385964
31,9,12,305.0,85.0,11.5,0.2000239023090521,0.7999760976909479,728.0701754385964
32,9,12,315.0,85.0,11.5,0.20002438774847678,0.7999756122515232,728.0701754385964
33,9,12,325.0,85.0,11.5,0.20002487293039797,0.799975127069602,728.0701754385964
34,9,12,335.0,85.0,11.5,0.20002535786630798,0.799974642133692,728.0701754385964
35,9,12,345.0,85.0,11.5,0.20002584252892894,0.799974157471071,728.0701754385964
36,9,12,355.0,85.0,11.5,0.20002632685378477,0.7999736731462153,728.0701754385964
37,9,12,365.0,85.0,11.5,0.20002681073322823,0.7999731892667717,728.0701754385964
38,9,12,375.0,85.0,11.5,0.20002729400313243,0.7999727059968675,728.0701754385964
39,9,12,385.0,85.0,11.5,0.20002777641888336,0.7999722235811166,728.0701754385964
40,9,12,395.0,85.0,11.5,0.20002825761602344,0.7999717423839765,728.0701754385964
41,9,12,405.0,85.0,11.5,0.20002873704462173,0.7999712629553782,728.0701754385964
42,9,12,415.0,85.0,11.5,0.20002921385992498,0.799970786140075,728.0701754385964
43,9,12,425.0,85.0,11.5,0.2000296867349786,0.7999703132650214,728.0701754385964
44,9,12,435.0,85.0,11.5,0.20003015353434392,0.799969846465656,728.0701754385964
45,9,12,445.0,85.0,11.5,0.20003061073436348,0.7999693892656365,728.0701754385964
46,9,12,455.0,85.0,11.5,0.20003105238632063,0.7999689476136793,728.0701754385964
47,9,12,465.0,85.0,11.5,0.20003146828476323,0.7999685317152367,728.0701754385964
48,9,12,475.0,85.0,11.5,0.20003184091482196,0.799968159085178,728.0701754385964
49,9,12,485.0,85.0,11.5,0.20003214113551038,0.7999678588644896,728.0701754385964
50,9,12,495.0,85.0,11.5,0.20003232491393813,0.7999676750860618,728.0701754385964
1,10,12,5.0,95.0,11.5,0.5756955773215877,0.4243044226784123,728.0701754385964
2,10,12,15.0,95.0,11.5,0.5681962686935108,0.4318037313064892,728.0701754385964
3,10,12,25.0,95.0,11.5,0.5594074392529418,0.4405925607470582,728.0701754385964
4,10,12,35.0,95.0,11.5,0.5500873379309266,0.44991266206907343,728.0701754385964
5,10,12,45.0,95.0,11.5,0.5405983149971659,0.45940168500283407,728.0701754385964
6,10,12,55.0,95.0,11.5,0.5311827895526214,0.46881721044737856,728.0701754385964
7,10,12,65.0,95.0,11.5,0.5219168178338112,0.47808318216618884,728.0701754385964
8,10,12,75.0,95.0,11.5,0.5127758242469005,0.4872241757530995,728.0701754385964
9,10,12,85.0,95.0,11.5,0.5036685330750684,0.4963314669249316,728.0701754385964
10,10,12,95.0,95.0,11.5,0.4944282657648402,0.5055717342351598,728.0701754385964
11,10,12,105.0,95.0,11.5,0.48481383645991477,0.5151861635400852,728.0701754385964
12,10,12,115.0,95.0,11.5,0.47445588406747696,0.525544115932523,728.0701754385964
13,10,12,125.0,95.0,11.5,0.4627321326299123,0.5372678673700877,728.0701754385964
14,10,12,135.0,95.0,11.5,0.4486673135370777,0.5513326864629222,728.0701754385964
15,10,12,145.0,95.0,11.5,0.4304696090825986,0.5695303909174014,728.0701754385964
16,10,12,155.0,95.0,11.5,0.4048523921230411,0.5951476078769589,728.0701754385964
17,10,12,165.0,95.0,11.5,0.3661716039796992,0.6338283960203008,728.0701754385964
18,10,12,175.0,95.0,11.5,0.30809377112465747,0.6919062288753426,728.0701754385964
19,10,12,185.0,95.0,11.5,0.24262913541970618,0.7573708645802938,728.0701754385964
20,10,12,195.0,95.0,11.5,0.2077165418785365,0.7922834581214635,728.0701754385964
21,10,12,205.0,95.0,11.5,0.2006225448013694,0.7993774551986306,728.0701754385964
22,10,12,215.0,95.0,11.5,0.20002437446708046,0.7999756255329196,728.0701754385964
23,10,12,225.0,95.0,11.5,0.20002000577476423,0.7999799942252358,728.0701754385964
24,10,12,235.0,95.0,11.5,0.2000204701608009,0.7999795298391991,728.0701754385964
25,10,12,245.0,95.0,11.5,0.20002096794762728,0.7999790320523728,728.0701754385964
26,10,12,255.0,95.0,11.5,0.2000214619642587,0.7999785380357413,728.0701754385964
27,10,12,265.0,95.0,11.5,0.20002195295786895,0.799978047042131,728.0701754385964
28,10,12,275.0,95.0,11.5,0.2000224418459916,0.7999775581540084,728.0701754385964
29,10,12,285.0,95.0,11.5,0.2000229293316138,0.7999770706683862,728.0701754385964
30,10,12,295.0,95.0,11.5,0.2000234159013375,0.7999765840986626,728.0701754385964
31,10,12,305.0,95.0,11.5,0.20002390186645305,0.799976098133547,728.0701754385964
32,10,12,315.0,95.0,11.5,0.20002438741002393,0.7999756125899761,728.0701754385964
33,10,12,325.0,95.0,11.5,0.20002487262522894,0.7999751273747711,728.0701754385964
34,10,12,335.0,95.0,11.5,0.20002535754073378,0.7999746424592662,728.0701754385964
35,10,12,345.0,95.0,11.5,0.20002584213422256,0.7999741578657774,728.0701754385964
36,10,12,355.0,95.0,11.5,0.2000263263356726,0.7999736736643274,728.0701754385964
37,10,12,365.0,95.0,11.5,0.20002681002115594,0.799973189978844,728.0701754385964
38,10,12,375.0,95.0,11.5,0.20002729299603572,0.7999727070039643,728.0701754385964
39,10,12,385.0,95.0,11.5,0.20002777496416857,0.7999722250358314,728.0701754385964
40,10,12,395.0,95.0,11.5,0.20002825547553896,0.7999717445244611,728.0701754385964
41,10,12,405.0,95.0,11.5,0.2000287338391094,0.7999712661608906,728.0701754385964
42,10,12,415.0,95.0,11.5,0.20002920897763052,0.7999707910223695,728.0701754385964
43,10,12,425.0,95.0,11.5,0.20002967918512612,0.7999703208148738,728.0701754385964
44,10,12,435.0,95.0,11.5,0.2000301417219716,0.7999698582780284,728.0701754385964
45,10,12,445.0,95.0,11.5,0.20003059214525937,0.7999694078547406,728.0701754385964
46,10,12,455.0,95.0,11.5,0.20003102322509128,0.7999689767749087,728.0701754385964
47,10,12,465.0,95.0,11.5,0.20003142327374498,0.799968576726255,728.0701754385964
48,10,12,475.0,95.0,11.5,0.20003177383721132,0.7999682261627887,728.0701754385964
49,10,12,485.0,95.0,11.5,0.20003204737525895,0.7999679526247411,728.0701754385964
50,10,12,495.0,95.0,11.5,0.20003220773532376,0.7999677922646762,728.0701754385964
1,1,13,5.0,5.0,12.5,0.5989781472248864,0.4010218527751136,657.8947368421053
2,1,13,15.0,5.0,12.5,0.5877699027542542,0.4122300972457458,657.8947368421053
3,1,13,25.0,5.0,12.5,0.5754681211031601,0.42453187889683985,657.8947368421053
4,1,13,35.0,5.0,12.5,0.5631609322556783,0.4368390677443217,657.8947368421053
5,1,13,45.0,5.0,12.5,0.5512544597600189,0.44874554023998114,657.8947368421053
6,1,13,55.0,5.0,12.5,0.5397854045595936,0.46021459544040644,657.8947368421053
7,1,13,65.0,5.0,12.5,0.528808666223561,0.47119133377643896,657.8947368421053
8,1,13,75.0,5.0,12.5,0.5182325541640735,0.48176744583592646,657.8947368421053
9,1,13,85.0,5.0,12.5,0.5078906464234176,0.49210935357658236,657.8947368421053
10,1,13,95.0,5.0,12.5,0.49755481258014284,0.5024451874198572,657.8947368421053
11,1,13,105.0,5.0,12.5,0.4869342627164287,0.5130657372835713,657.8947368421053
12,1,13,115.0,5.0,12.5,0.4755500737641363,0.5244499262358637,657.8947368421053
13,1,13,125.0,5.0,12.5,0.4627293977319102,0.5372706022680898,657.8947368421053
14,1,13,135.0,5.0,12.5,0.44733900267317467,0.5526609973268253,657.8947368421053
15,1,13,145.0,5.0,12.5,0.4272700535057416,0.5727299464942583,657.8947368421053
16,1,13,155.0,5.0,12.5,0.3989657908465181,0.6010342091534819,657.8947368421053
17,1,13,165.0,5.0,12.5,0.3561649541206197,0.6438350458793802,657.8947368421053
18,1,13,175.0,5.0,12.5,0.29430741955241246,0.7056925804475875,657.8947368421053
19,1,13,185.0,5.0,12.5,0.2319282101822143,0.7680717898177857,657.8947368421053
20,1,13,195.0,5.0,12.5,0.2039316961436244,0.7960683038563756,657.8947368421053
21,1,13,205.0,5.0,12.5,0.20024015407473472,0.7997598459252653,657.8947368421053
22,1,13,215.0,5.0,12.5,0.20002242649022825,0.7999775735097717,657.8947368421053
23,1,13,225.0,5.0,12.5,0.20001980570056405,0.799980194299436,657.8947368421053
24,1,13,235.0,5.0,12.5,0.20002029058783838,0.7999797094121617,657.8947368421053
25,1,13,245.0,5.0,12.5,0.20002079083703156,0.7999792091629685,657.8947368421053
26,1,13,255.0,5.0,12.5,0.2000212853993867,0.7999787146006133,657.8947368421053
27,1,13,265.0,5.0,12.5,0.20002177607918484,0.7999782239208152,657.8947368421053
28,1,13,275.0,5.0,12.5,0.2000222643994209,0.799977735600579,657.8947368421053
29,1,13,285.0,5.0,12.5,0.20002275137548492,0.7999772486245151,657.8947368421053
30,1,13,295.0,5.0,12.5,0.20002323763687999,0.79997676236312,657.8947368421053
31,1,13,305.0,5.0,12.5,0.20002372355928139,0.7999762764407186,657.8947368421053
32,1,13,315.0,5.0,12.5,0.2000242093658511,0.7999757906341489,657.8947368421053
33,1,13,325.0,5.0,12.5,0.20002469519547927,0.7999753048045207,657.8947368421053
34,1,13,335.0,5.0,12.5,0.2000251811455827,0.7999748188544173,657.8947368421053
35,1,13,345.0,5.0,12.5,0.200025667298589,0.799974332701411,657.8947368421053
36,1,13,355.0,5.0,12.5,0.20002615373803523,0.7999738462619648,657.8947368421053
37,1,13,365.0,5.0,12.5,0.2000266405583796,0.7999733594416204,657.8947368421053
38,1,13,375.0,5.0,12.5,0.2000271278694122,0.7999728721305878,657.8947368421053
39,1,13,385.0,5.0,12.5,0.20002761579394257,0.7999723842060574,657.8947368421053
40,1,13,395.0,5.0,12.5,0.20002810445309957,0.7999718955469004,657.8947368421053
41,1,13,405.0,5.0,12.5,0.20002859392745034,0.7999714060725497,657.8947368421053
42,1,13,415.0,5.0,12.5,0.20002908417001994,0.79997091582998,657.8947368421053
43,1,13,425.0,5.0,12.5,0.20002957482569042,0.7999704251743096,657.8947368421053
44,1,13,435.0,5.0,12.5,0.20003006487335823,0.7999699351266418,657.8947368421053
45,1,13,445.0,5.0,12.5,0.2000305519316507,0.7999694480683492,657.8947368421053
46,1,13,455.0,5.0,12.5,0.2000310309514361,0.7999689690485638,657.8947368421053
47,1,13,465.0,5.0,12.5,0.20003149182100669,0.7999685081789933,657.8947368421053
48,1,13,475.0,5.0,12.5,0.20003191518427263,0.7999680848157273,657.8947368421053
49,1,13,485.0,5.0,12.5,0.2000322659531322,0.7999677340468678,657.8947368421053
50,1,13,495.0,5.0,12.5,0.20003248693236927,0.7999675130676307,657.8947368421053
1,2,13,5.0,15.0,12.5,0.6742223609711484,0.3257776390288516,657.8947368421053
2,2,13,15.0,15.0,12.5,0.6586107849569912,0.3413892150430088,657.8947368421053
3,2,13,25.0,15.0,12.5,0.6422749006923856,0.3577250993076144,657.8947368421053
4,2,13,35.0,15.0,12.5,0.6266105744084917,0.37338942559150834,657.8947368421053
5,2,13,45.0,15.0,12.5,0.6120577921217544,0.3879422078782456,657.8947368421053
6,2,13,55.0,15.0,12.5,0.5986270082063516,0.4013729917936484,657.8947368421053
7,2,13,65.0,15.0,12.5,0.5861291025513201,0.4138708974486799,657.8947368421053
8,2,13,75.0,15.0,12.5,0.5743719605290781,0.42562803947092187,657.8947368421053
9,2,13,85.0,15.0,12.5,0.5632175353359152,0.43678246466408477,657.8947368421053
10,2,13,95.0,15.0,12.5,0.5524683333508259,0.4475316666491741,657.8947368421053
11,2,13,105.0,15.0,12.5,0.5419402387753428,0.4580597612246572,657.8947368421053
12,2,13,115.0,15.0,12.5,0.5314149535852253,0.4685850464147747,657.8947368421053
13,2,13,125.0,15.0,12.5,0.5206164634558131,0.47938353654418686,657.8947368421053
14,2,13,135.0,15.0,12.5,0.5092125593105803,0.4907874406894197,657.8947368421053
15,2,13,145.0,15.0,12.5,0.49666796710867767,0.5033320328913223,657.8947368421053
16,2,13,155.0,15.0,12.5,0.4821230366900439,0.517876963309956,657.8947368421053
17,2,13,165.0,15.0,12.5,0.4641521929432466,0.5358478070567534,657.8947368421053
18,2,13,175.0,15.0,12.5,0.4398979953652848,0.5601020046347152,657.8947368421053
19,2,13,185.0,15.0,12.5,0.40390356927727306,0.596096430722727,657.8947368421053
20,2,13,195.0,15.0,12.5,0.34646585542054703,0.6535341445794529,657.8947368421053
21,2,13,205.0,15.0,12.5,0.2658622142746729,0.7341377857253271,657.8947368421053
22,2,13,215.0,15.0,12.5,0.20907379869987364,0.7909262013001264,657.8947368421053
23,2,13,225.0,15.0,12.5,0.20014761500042444,0.7998523849995756,657.8947368421053
24,2,13,235.0,15.0,12.5,0.20002118074805977,0.7999788192519403,657.8947368421053
25,2,13,245.0,15.0,12.5,0.20002080333570285,0.7999791966642972,657.8947368421053
26,2,13,255.0,15.0,12.5,0.2000212901113154,0.7999787098886846,657.8947368421053
27,2,13,265.0,15.0,12.5,0.2000217789390669,0.7999782210609331,657.8947368421053
28,2,13,275.0,15.0,12.5,0.2000222659983786,0.7999777340016214,657.8947368421053
29,2,13,285.0,15.0,12.5,0.2000227522075039,0.7999772477924961,657.8947368421053
30,2,13,295.0,15.0,12.5,0.200023238027531,0.799976761972469,657.8947368421053
31,2,13,305.0,15.0,12.5,0.20002372369778604,0.799976276302214,657.8947368421053
32,2,13,315.0,15.0,12.5,0.20002420935336054,0.7999757906466395,657.8947368421053
33,2,13,325.0,15.0,12.5,0.20002469508058562,0.7999753049194144,657.8947368421053
34,2,13,335.0,15.0,12.5,0.200025180946251,0.799974819053749,657.8947368421053
35,2,13,345.0,15.0,12.5,0.20002566701481964,0.7999743329851804,657.8947368421053
36,2,13,355.0,15.0,12.5,0.20002615335931073,0.7999738466406893,657.8947368421053
37,2,13,365.0,15.0,12.5,0.2000266400693971,0.7999733599306029,657.8947368421053
38,2,13,375.0,15.0,12.5,0.2000271272571166,0.7999728727428834,657.8947368421053
39,2,13,385.0,15.0,12.5,0.20002761505992267,0.7999723849400773,657.8947368421053
40,2,13,395.0,15.0,12.5,0.20002810363797968,0.7999718963620204,657.8947368421053
41,2,13,405.0,15.0,12.5,0.2000285931591735,0.7999714068408265,657.8947368421053
42,2,13,415.0,15.0,12.5,0.20002908375731,0.79997091624269,657.8947368421053
43,2,13,425.0,15.0,12.5,0.20002957543315078,0.7999704245668492,657.8947368421053
44,2,13,435.0,15.0,12.5,0.20003006784057895,0.799969932159421,657.8947368421053
45,2,13,445.0,15.0,12.5,0.20003055982583334,0.7999694401741666,657.8947368421053
46,2,13,455.0,15.0,12.5,0.20003104842484112,0.7999689515751589,657.8947368421053
47,2,13,465.0,15.0,12.5,0.20003152668829882,0.7999684733117012,657.8947368421053
48,2,13,475.0,15.0,12.5,0.20003197902202058,0.7999680209779794,657.8947368421053
49,2,13,485.0,15.0,12.5,0.20003237187794978,0.7999676281220502,657.8947368421053
50,2,13,495.0,15.0,12.5,0.20003263845881186,0.7999673615411882,657.8947368421053
1,3,13,5.0,25.0,12.5,0.7222737306967898,0.2777262693032102,657.8947368421053
2,3,13,15.0,25.0,12.5,0.7024824602270865,0.2975175397729135,657.8947368421053
3,3,13,25.0,25.0,12.5,0.6821429932421677,0.31785700675783235,657.8947368421053
4,3,13,35.0,25.0,12.5,0.6630230957105578,0.33697690428944216,657.8947368421053
5,3,13,45.0,25.0,12.5,0.6456383212130776,0.3543616787869224,657.8947368421053
6,3,13,55.0,25.0,12.5,0.6299260969522139,0.3700739030477861,657.8947368421053
7,3,13,65.0,25.0,12.5,0.6156236877898016,0.3843763122101984,657.8947368421053
8,3,13,75.0,25.0,12.5,0.6024354652993562,0.3975645347006438,657.8947368421053
9,3,13,85.0,25.0,12.5,0.590056650528334,0.409943349471666,657.8947368421053
10,3,13,95.0,25.0,12.5,0.578288835587962,0.42171116441203804,657.8947368421053
11,3,13,105.0,25.0,12.5,0.5669592884253046,0.43304071157469537,657.8947368421053
12,3,13,115.0,25.0,12.5,0.5558749036022157,0.4441250963977843,657.8947368421053
13,3,13,125.0,25.0,12.5,0.5448328008482685,0.45516719915173154,657.8947368421053
14,3,13,135.0,25.0,12.5,0.5336054872702222,0.46639451272977783,657.8947368421053
15,3,13,145.0,25.0,12.5,0.5218670263580549,0.47813297364194507,657.8947368421053
16,3,13,155.0,25.0,12.5,0.509177081561067,0.490822918438933,657.8947368421053
17,3,13,165.0,25.0,12.5,0.49484009596281653,0.5051599040371835,657.8947368421053
18,3,13,175.0,25.0,12.5,0.4776161432031132,0.5223838567968868,657.8947368421053
19,3,13,185.0,25.0,12.5,0.4552958580965327,0.5447041419034673,657.8947368421053
20,3,13,195.0,25.0,12.5,0.42332392387916584,0.5766760761208342,657.8947368421053
21,3,13,205.0,25.0,12.5,0.3728399568040246,0.6271600431959754,657.8947368421053
22,3,13,215.0,25.0,12.5,0.2941134606304946,0.7058865393695054,657.8947368421053
23,3,13,225.0,25.0,12.5,0.21943174583389352,0.7805682541661065,657.8947368421053
24,3,13,235.0,25.0,12.5,0.20055140854047876,0.7994485914595213,657.8947368421053
25,3,13,245.0,25.0,12.5,0.20002441392578318,0.7999755860742168,657.8947368421053
26,3,13,255.0,25.0,12.5,0.20002132230689304,0.7999786776931069,657.8947368421053
27,3,13,265.0,25.0,12.5,0.20002178435912107,0.7999782156408789,657.8947368421053
28,3,13,275.0,25.0,12.5,0.20002226881530888,0.7999777311846912,657.8947368421053
29,3,13,285.0,25.0,12.5,0.20002275359616528,0.7999772464038347,657.8947368421053
30,3,13,295.0,25.0,12.5,0.20002323863807914,0.7999767613619209,657.8947368421053
31,3,13,305.0,25.0,12.5,0.20002372388003406,0.7999762761199659,657.8947368421053
32,3,13,315.0,25.0,12.5,0.20002420928192938,0.7999757907180707,657.8947368421053
33,3,13,325.0,25.0,12.5,0.20002469483354232,0.7999753051664577,657.8947368421053
34,3,13,335.0,25.0,12.5,0.2000251805479224,0.7999748194520776,657.8947368421053
35,3,13,345.0,25.0,12.5,0.20002566645793088,0.7999743335420691,657.8947368421053
36,3,13,355.0,25.0,12.5,0.20002615261728426,0.7999738473827157,657.8947368421053
37,3,13,365.0,25.0,12.5,0.2000266391046251,0.799973360895375,657.8947368421053
38,3,13,375.0,25.0,12.5,0.20002712603109296,0.799972873968907,657.8947368421053
39,3,13,385.0,25.0,12.5,0.20002761355131687,0.7999723864486832,657.8947368421053
40,3,13,395.0,25.0,12.5,0.2000281018794958,0.7999718981205042,657.8947368421053
41,3,13,405.0,25.0,12.5,0.20002859131223902,0.799971408687761,657.8947368421053
42,3,13,415.0,25.0,12.5,0.20002908226101498,0.799970917738985,657.8947368421053
43,3,13,425.0,25.0,12.5,0.20002957529566814,0.7999704247043319,657.8947368421053
44,3,13,435.0,25.0,12.5,0.2000300711789652,0.7999699288210348,657.8947368421053
45,3,13,445.0,25.0,12.5,0.20003057085551337,0.7999694291444867,657.8947368421053
46,3,13,455.0,25.0,12.5,0.20003107515977608,0.799968924840224,657.8947368421053
47,3,13,465.0,25.0,12.5,0.20003158341937743,0.7999684165806226,657.8947368421053
48,3,13,475.0,25.0,12.5,0.2000320886923845,0.7999679113076155,657.8947368421053
49,3,13,485.0,25.0,12.5,0.2000325645849942,0.7999674354150058,657.8947368421053
50,3,13,495.0,25.0,12.5,0.20003293559240984,0.7999670644075901,657.8947368421053
1,4,13,5.0,35.0,12.5,0.7587202877657503,0.2412797122342497,657.8947368421053
2,4,13,15.0,35.0,12.5,0.7362031706968775,0.26379682930312254,657.8947368421053
3,4,13,25.0,35.0,12.5,0.7124670895622385,0.2875329104377615,657.8947368421053
4,4,13,35.0,35.0,12.5,0.6901493383647601,0.3098506616352399,657.8947368421053
5,4,13,45.0,35.0,12.5,0.6700958364637022,0.3299041635362978,657.8947368421053
6,4,13,55.0,35.0,12.5,0.6522659641491225,0.3477340358508775,657.8947368421053
7,4,13,65.0,35.0,12.5,0.6363036796107134,0.36369632038928656,657.8947368421053
8,4,13,75.0,35.0,12.5,0.621772403277172,0.378227596722828,657.8947368421053
9,4,13,85.0,35.0,12.5,0.6083237414414251,0.3916762585585749,657.8947368421053
10,4,13,95.0,35.0,12.5,0.5956594656887968,0.4043405343112032,657.8947368421053
11,4,13,105.0,35.0,12.5,0.5835527090850255,0.41644729091497446,657.8947368421053
12,4,13,115.0,35.0,12.5,0.5718658544944062,0.4281341455055938,657.8947368421053
13,4,13,125.0,35.0,12.5,0.5604075510324561,0.4395924489675439,657.8947368421053
14,4,13,135.0,35.0,12.5,0.5489680770496147,0.4510319229503853,657.8947368421053
15,4,13,145.0,35.0,12.5,0.5373014280435034,0.46269857195649655,657.8947368421053
16,4,13,155.0,35.0,12.5,0.5250759013481643,0.4749240986518357,657.8947368421053
17,4,13,165.0,35.0,12.5,0.5118172636323349,0.48818273636766507,657.8947368421053
18,4,13,175.0,35.0,12.5,0.4967713483719885,0.5032286516280116,657.8947368421053
19,4,13,185.0,35.0,12.5,0.47860556780999675,0.5213944321900033,657.8947368421053
20,4,13,195.0,35.0,12.5,0.45485671257131405,0.5451432874286859,657.8947368421053
21,4,13,205.0,35.0,12.5,0.42045275168296475,0.5795472483170352,657.8947368421053
22,4,13,215.0,35.0,12.5,0.3654852338983999,0.6345147661016002,657.8947368421053
23,4,13,225.0,35.0,12.5,0.28175500892273014,0.7182449910772699,657.8947368421053
24,4,13,235.0,35.0,12.5,0.2129956363796964,0.7870043636203036,657.8947368421053
25,4,13,245.0,35.0,12.5,0.20025742302069516,0.7997425769793048,657.8947368421053
26,4,13,255.0,35.0,12.5,0.20002286516310402,0.799977134836896,657.8947368421053
27,4,13,265.0,35.0,12.5,0.2000218004546003,0.7999781995453997,657.8947368421053
28,4,13,275.0,35.0,12.5,0.20002227200388822,0.7999777279961118,657.8947368421053
29,4,13,285.0,35.0,12.5,0.20002275498000902,0.799977245019991,657.8947368421053
30,4,13,295.0,35.0,12.5,0.20002323915239295,0.799976760847607,657.8947368421053
31,4,13,305.0,35.0,12.5,0.20002372394267995,0.79997627605732,657.8947368421053
32,4,13,315.0,35.0,12.5,0.20002420907702634,0.7999757909229737,657.8947368421053
33,4,13,325.0,35.0,12.5,0.20002469443123153,0.7999753055687685,657.8947368421053
34,4,13,335.0,35.0,12.5,0.20002517995809363,0.7999748200419063,657.8947368421053
35,4,13,345.0,35.0,12.5,0.20002566565465354,0.7999743343453465,657.8947368421053
36,4,13,355.0,35.0,12.5,0.20002615154953343,0.7999738484504666,657.8947368421053
37,4,13,365.0,35.0,12.5,0.2000266377025401,0.7999733622974599,657.8947368421053
38,4,13,375.0,35.0,12.5,0.2000271242124492,0.7999728757875508,657.8947368421053
39,4,13,385.0,35.0,12.5,0.20002761123493262,0.7999723887650674,657.8947368421053
40,4,13,395.0,35.0,12.5,0.2000280990149833,0.7999719009850167,657.8947368421053
41,4,13,405.0,35.0,12.5,0.20002858794465236,0.7999714120553476,657.8947368421053
42,4,13,415.0,35.0,12.5,0.20002907866586697,0.7999709213341331,657.8947368421053
43,4,13,425.0,35.0,12.5,0.20002957225665371,0.7999704277433463,657.8947368421053
44,4,13,435.0,35.0,12.5,0.20003007057043534,0.7999699294295647,657.8947368421053
45,4,13,445.0,35.0,12.5,0.20003057680743797,0.799969423192562,657.8947368421053
46,4,13,455.0,35.0,12.5,0.20003109636136396,0.799968903638636,657.8947368421053
47,4,13,465.0,35.0,12.5,0.20003163753789227,0.7999683624621077,657.8947368421053
48,4,13,475.0,35.0,12.5,0.2000322091852818,0.7999677908147182,657.8947368421053
49,4,13,485.0,35.0,12.5,0.2000328031737618,0.7999671968262382,657.8947368421053
50,4,13,495.0,35.0,12.5,0.20003334493986435,0.7999666550601356,657.8947368421053
1,5,13,5.0,45.0,12.5,0.7864297375009759,0.2135702624990241,657.8947368421053
2,5,13,15.0,45.0,12.5,0.7654192297961032,0.23458077020389678,657.8947368421053
3,5,13,25.0,45.0,12.5,0.7399976811270532,0.2600023188729468,657.8947368421053
4,5,13,35.0,45.0,12.5,0.7154978334880961,0.28450216651190385,657.8947368421053
5,5,13,45.0,45.0,12.5,0.6935922245817275,0.30640777541827247,657.8947368421053
6,5,13,55.0,45.0,12.5,0.6742106940377369,0.3257893059622631,657.8947368421053
7,5,13,65.0,45.0,12.5,0.6568935858846389,0.34310641411536114,657.8947368421053
8,5,13,75.0,45.0,12.5,0.6412305197834299,0.35876948021657007,657.8947368421053
9,5,13,85.0,45.0,12.5,0.6268461895757936,0.37315381042420637,657.8947368421053
10,5,13,95.0,45.0,12.5,0.6134258701009174,0.3865741298990826,657.8947368421053
11,5,13,105.0,45.0,12.5,0.6006790180124407,0.3993209819875593,657.8947368421053
12,5,13,115.0,45.0,12.5,0.5884071416666873,0.4115928583333127,657.8947368421053
13,5,13,125.0,45.0,12.5,0.5764440583644695,0.42355594163553045,657.8947368421053
14,5,13,135.0,45.0,12.5,0.5646051562617572,0.4353948437382428,657.8947368421053
15,5,13,145.0,45.0,12.5,0.5526773029886557,0.4473226970113443,657.8947368421053
16,5,13,155.0,45.0,12.5,0.5403973657299721,0.4596026342700279,657.8947368421053
17,5,13,165.0,45.0,12.5,0.5273945353820352,0.4726054646179648,657.8947368421053
18,5,13,175.0,45.0,12.5,0.5131071566582786,0.48689284334172145,657.8947368421053
19,5,13,185.0,45.0,12.5,0.49662486866293754,0.5033751313370625,657.8947368421053
20,5,13,195.0,45.0,12.5,0.4762783865309249,0.5237216134690751,657.8947368421053
21,5,13,205.0,45.0,12.5,0.4488652860171408,0.5511347139828592,657.8947368421053
22,5,13,215.0,45.0,12.5,0.40764048352049137,0.5923595164795086,657.8947368421053
23,5,13,225.0,45.0,12.5,0.3405105175246896,0.6594894824753104,657.8947368421053
24,5,13,235.0,45.0,12.5,0.250601471684493,0.749398528315507,657.8947368421053
25,5,13,245.0,45.0,12.5,0.2039591856273604,0.7960408143726396,657.8947368421053
26,5,13,255.0,45.0,12.5,0.20004974108938914,0.7999502589106109,657.8947368421053
27,5,13,265.0,45.0,12.5,0.200021990226416,0.799978009773584,657.8947368421053
28,5,13,275.0,45.0,12.5,0.20002227507237944,0.7999777249276205,657.8947368421053
29,5,13,285.0,45.0,12.5,0.20002275556217572,0.7999772444378243,657.8947368421053
30,5,13,295.0,45.0,12.5,0.2000232391898019,0.7999767608101981,657.8947368421053
31,5,13,305.0,45.0,12.5,0.20002372371382116,0.7999762762861788,657.8947368421053
32,5,13,315.0,45.0,12.5,0.20002420867242876,0.7999757913275712,657.8947368421053
33,5,13,325.0,45.0,12.5,0.20002469386471267,0.7999753061352873,657.8947368421053
34,5,13,335.0,45.0,12.5,0.20002517920315968,0.7999748207968403,657.8947368421053
35,5,13,345.0,45.0,12.5,0.20002566465601507,0.799974335343985,657.8947368421053
36,5,13,355.0,45.0,12.5,0.2000261502259958,0.7999738497740042,657.8947368421053
37,5,13,365.0,45.0,12.5,0.20002663594521303,0.799973364054787,657.8947368421053
38,5,13,375.0,45.0,12.5,0.2000271218821322,0.7999728781178678,657.8947368421053
39,5,13,385.0,45.0,12.5,0.20002760816048987,0.7999723918395101,657.8947368421053
40,5,13,395.0,45.0,12.5,0.20002809499779395,0.799971905002206,657.8947368421053
41,5,13,405.0,45.0,12.5,0.20002858277673294,0.799971417223267,657.8947368421053
42,5,13,415.0,45.0,12.5,0.20002907217831706,0.7999709278216829,657.8947368421053
43,5,13,425.0,45.0,12.5,0.20002956443033948,0.7999704355696605,657.8947368421053
44,5,13,435.0,45.0,12.5,0.20003006177924562,0.7999699382207544,657.8947368421053
45,5,13,445.0,45.0,12.5,0.20003056840367056,0.7999694315963295,657.8947368421053
46,5,13,455.0,45.0,12.5,0.20003109222227178,0.7999689077777282,657.8947368421053
47,5,13,465.0,45.0,12.5,0.20003164817736988,0.7999683518226302,657.8947368421053
48,5,13,475.0,45.0,12.5,0.2000322605514783,0.7999677394485217,657.8947368421053
49,5,13,485.0,45.0,12.5,0.2000329275963547,0.7999670724036453,657.8947368421053
50,5,13,495.0,45.0,12.5,0.20003341626779989,0.7999665837322001,657.8947368421053
1,6,13,5.0,55.0,12.5,0.7606098382663753,0.2393901617336247,657.8947368421053
2,6,13,15.0,55.0,12.5,0.7392679376118955,0.26073206238810454,657.8947368421053
3,6,13,25.0,55.0,12.5,0.7165861396939045,0.2834138603060955,657.8947368421053
4,6,13,35.0,55.0,12.5,0.6950246910286794,0.30497530897132064,657.8947368421053
5,6,13,45.0,55.0,12.5,0.6754328049801028,0.32456719501989717,657.8947368421053
6,6,13,55.0,55.0,12.5,0.6578141194440192,0.34218588055598076,657.8947368421053
7,6,13,65.0,55.0,12.5,0.6418734921110557,0.3581265078889443,657.8947368421053
8,6,13,75.0,55.0,12.5,0.627275583152984,0.37272441684701596,657.8947368421053
9,6,13,85.0,55.0,12.5,0.6137221276267562,0.38627787237324385,657.8947368421053
10,6,13,95.0,55.0,12.5,0.6009500713342324,0.3990499286657676,657.8947368421053
11,6,13,105.0,55.0,12.5,0.588709634048539,0.41129036595146096,657.8947368421053
12,6,13,115.0,55.0,12.5,0.5768641709175141,0.4231358290824859,657.8947368421053
13,6,13,125.0,55.0,12.5,0.5652389043041754,0.43476109569582455,657.8947368421053
14,6,13,135.0,55.0,12.5,0.5536371929397517,0.44636280706024833,657.8947368421053
15,6,13,145.0,55.0,12.5,0.541828395460332,0.458171604539668,657.8947368421053
16,6,13,155.0,55.0,12.5,0.5295071975553457,0.4704928024446543,657.8947368421053
17,6,13,165.0,55.0,12.5,0.5162238681382452,0.48377613186175483,657.8947368421053
18,6,13,175.0,55.0,12.5,0.5012915860567769,0.4987084139432231,657.8947368421053
19,6,13,185.0,55.0,12.5,0.4835010942281416,0.5164989057718584,657.8947368421053
20,6,13,195.0,55.0,12.5,0.4606293254783484,0.5393706745216515,657.8947368421053
21,6,13,205.0,55.0,12.5,0.42817464099080954,0.5718253590091904,657.8947368421053
22,6,13,215.0,55.0,12.5,0.37703144899715274,0.6229685510028473,657.8947368421053
23,6,13,225.0,55.0,12.5,0.29654323106808916,0.7034567689319109,657.8947368421053
24,6,13,235.0,55.0,12.5,0.21956835395122185,0.7804316460487781,657.8947368421053
25,6,13,245.0,55.0,12.5,0.20055172675080443,0.7994482732491955,657.8947368421053
26,6,13,255.0,55.0,12.5,0.20002484619024397,0.799975153809756,657.8947368421053
27,6,13,265.0,55.0,12.5,0.2000218141758262,0.7999781858241738,657.8947368421053
28,6,13,275.0,55.0,12.5,0.20002227211057463,0.7999777278894253,657.8947368421053
29,6,13,285.0,55.0,12.5,0.20002275456165633,0.7999772454383437,657.8947368421053
30,6,13,295.0,55.0,12.5,0.20002323849444137,0.7999767615055586,657.8947368421053
31,6,13,305.0,55.0,12.5,0.20002372310954347,0.7999762768904566,657.8947368421053
32,6,13,315.0,55.0,12.5,0.20002420805599433,0.7999757919440057,657.8947368421053
33,6,13,325.0,55.0,12.5,0.20002469316122745,0.7999753068387725,657.8947368421053
34,6,13,335.0,55.0,12.5,0.2000251783384092,0.7999748216615908,657.8947368421053
35,6,13,345.0,55.0,12.5,0.20002566354334908,0.799974336456651,657.8947368421053
36,6,13,355.0,55.0,12.5,0.20002614875539906,0.799973851244601,657.8947368421053
37,6,13,365.0,55.0,12.5,0.20002663397183743,0.7999733660281626,657.8947368421053
38,6,13,375.0,55.0,12.5,0.20002711921095104,0.7999728807890489,657.8947368421053
39,6,13,385.0,55.0,12.5,0.20002760452595497,0.799972395474045,657.8947368421053
40,6,13,395.0,55.0,12.5,0.2000280900339059,0.7999719099660941,657.8947368421053
41,6,13,405.0,55.0,12.5,0.20002857597245227,0.7999714240275477,657.8947368421053
42,6,13,415.0,55.0,12.5,0.2000290628044552,0.7999709371955448,657.8947368421053
43,6,13,425.0,55.0,12.5,0.20002955140891393,0.7999704485910861,657.8947368421053
44,6,13,435.0,55.0,12.5,0.20003004341784705,0.799969956582153,657.8947368421053
45,6,13,445.0,55.0,12.5,0.20003054177894036,0.7999694582210597,657.8947368421053
46,6,13,455.0,55.0,12.5,0.20003105155136236,0.7999689484486376,657.8947368421053
47,6,13,465.0,55.0,12.5,0.20003158037500532,0.7999684196249947,657.8947368421053
48,6,13,475.0,55.0,12.5,0.2000321354027914,0.7999678645972086,657.8947368421053
49,6,13,485.0,55.0,12.5,0.20003270554391725,0.7999672944560827,657.8947368421053
50,6,13,495.0,55.0,12.5,0.2000332157885931,0.7999667842114069,657.8947368421053
1,7,13,5.0,65.0,12.5,0.7280024158410594,0.2719975841589406,657.8947368421053
2,7,13,15.0,65.0,12.5,0.709328735521607,0.290671264478393,657.8947368421053
3,7,13,25.0,65.0,12.5,0.6898313145630895,0.31016868543691045,657.8947368421053
4,7,13,35.0,65.0,12.5,0.6712006052226729,0.3287993947773271,657.8947368421053
5,7,13,45.0,65.0,12.5,0.654021454558207,0.34597854544179296,657.8947368421053
6,7,13,55.0,65.0,12.5,0.6383215277856857,0.36167847221431426,657.8947368421053
7,7,13,65.0,65.0,12.5,0.6239124379552949,0.37608756204470506,657.8947368421053
8,7,13,75.0,65.0,12.5,0.6105550063819203,0.3894449936180797,657.8947368421053
9,7,13,85.0,65.0,12.5,0.5980040162525835,0.4019959837474165,657.8947368421053
10,7,13,95.0,65.0,12.5,0.5860172300798675,0.4139827699201325,657.8947368421053
11,7,13,105.0,65.0,12.5,0.5744651301050139,0.4255348698949861,657.8947368421053
12,7,13,115.0,65.0,12.5,0.563177442205604,0.43682255779439605,657.8947368421053
13,7,13,125.0,65.0,12.5,0.5519646381751817,0.4480353618248183,657.8947368421053
14,7,13,135.0,65.0,12.5,0.5406120372416626,0.4593879627583374,657.8947368421053
15,7,13,145.0,65.0,12.5,0.5288406437870798,0.47115935621292016,657.8947368421053
16,7,13,155.0,65.0,12.5,0.5162491761512603,0.4837508238487397,657.8947368421053
17,7,13,165.0,65.0,12.5,0.5022380132002247,0.49776198679977535,657.8947368421053
18,7,13,175.0,65.0,12.5,0.4857769433549057,0.5142230566450943,657.8947368421053
19,7,13,185.0,65.0,12.5,0.4650188161198933,0.5349811838801066,657.8947368421053
20,7,13,195.0,65.0,12.5,0.4363170397638872,0.5636829602361129,657.8947368421053
21,7,13,205.0,65.0,12.5,0.3922114554750745,0.6077885445249255,657.8947368421053
22,7,13,215.0,65.0,12.5,0.3210427369978837,0.6789572630021163,657.8947368421053
23,7,13,225.0,65.0,12.5,0.23625743556542358,0.7637425644345764,657.8947368421053
24,7,13,235.0,65.0,12.5,0.2019505363249801,0.7980494636750199,657.8947368421053
25,7,13,245.0,65.0,12.5,0.2000343292891577,0.7999656707108422,657.8947368421053
26,7,13,255.0,65.0,12.5,0.20002139156446613,0.7999786084355338,657.8947368421053
27,7,13,265.0,65.0,12.5,0.2000217854057877,0.7999782145942123,657.8947368421053
28,7,13,275.0,65.0,12.5,0.20002226835900364,0.7999777316409964,657.8947368421053
29,7,13,285.0,65.0,12.5,0.20002275256012536,0.7999772474398746,657.8947368421053
30,7,13,295.0,65.0,12.5,0.20002323726422314,0.7999767627357769,657.8947368421053
31,7,13,305.0,65.0,12.5,0.20002372222840373,0.7999762777715963,657.8947368421053
32,7,13,315.0,65.0,12.5,0.20002420730149081,0.7999757926985092,657.8947368421053
33,7,13,325.0,65.0,12.5,0.2000246923944396,0.7999753076055605,657.8947368421053
34,7,13,335.0,65.0,12.5,0.2000251774505145,0.7999748225494855,657.8947368421053
35,7,13,345.0,65.0,12.5,0.20002566242651437,0.7999743375734856,657.8947368421053
36,7,13,355.0,65.0,12.5,0.20002614728271506,0.7999738527172849,657.8947368421053
37,7,13,365.0,65.0,12.5,0.20002663197718584,0.7999733680228142,657.8947368421053
38,7,13,375.0,65.0,12.5,0.20002711646430044,0.7999728835356996,657.8947368421053
39,7,13,385.0,65.0,12.5,0.20002760069646022,0.7999723993035398,657.8947368421053
40,7,13,395.0,65.0,12.5,0.20002808463257918,0.7999719153674208,657.8947368421053
41,7,13,405.0,65.0,12.5,0.20002856825612703,0.799971431743873,657.8947368421053
42,7,13,415.0,65.0,12.5,0.20002905161013995,0.79997094838986,657.8947368421053
43,7,13,425.0,65.0,12.5,0.20002953485395192,0.7999704651460481,657.8947368421053
44,7,13,435.0,65.0,12.5,0.2000300183361742,0.7999699816638258,657.8947368421053
45,7,13,445.0,65.0,12.5,0.20003050261996816,0.7999694973800319,657.8947368421053
46,7,13,455.0,65.0,12.5,0.2000309882021331,0.7999690117978668,657.8947368421053
47,7,13,465.0,65.0,12.5,0.20003147408676947,0.7999685259132305,657.8947368421053
48,7,13,475.0,65.0,12.5,0.20003195300639903,0.799968046993601,657.8947368421053
49,7,13,485.0,65.0,12.5,0.20003239901138756,0.7999676009886124,657.8947368421053
50,7,13,495.0,65.0,12.5,0.2000327417193675,0.7999672582806325,657.8947368421053
1,8,13,5.0,75.0,12.5,0.6883202304529393,0.31167976954706067,657.8947368421053
2,8,13,15.0,75.0,12.5,0.6733409381186373,0.32665906188136273,657.8947368421053
3,8,13,25.0,75.0,12.5,0.6573991074820569,0.3426008925179431,657.8947368421053
4,8,13,35.0,75.0,12.5,0.6418628504128735,0.3581371495871265,657.8947368421053
5,8,13,45.0,75.0,12.5,0.6272378937226962,0.3727621062773038,657.8947368421053
6,8,13,55.0,75.0,12.5,0.6136050523274486,0.38639494767255145,657.8947368421053
7,8,13,65.0,75.0,12.5,0.6008637040883704,0.3991362959116296,657.8947368421053
8,8,13,75.0,75.0,12.5,0.588815361508447,0.41118463849155296,657.8947368421053
9,8,13,85.0,75.0,12.5,0.5773208774802364,0.4226791225197636,657.8947368421053
10,8,13,95.0,75.0,12.5,0.5662457234143149,0.4337542765856851,657.8947368421053
11,8,13,105.0,75.0,12.5,0.5554123908197227,0.4445876091802773,657.8947368421053
12,8,13,115.0,75.0,12.5,0.5446412546792394,0.4553587453207606,657.8947368421053
13,8,13,125.0,75.0,12.5,0.5337205747463651,0.46627942525363486,657.8947368421053
14,8,13,135.0,75.0,12.5,0.5223481494347164,0.4776518505652836,657.8947368421053
15,8,13,145.0,75.0,12.5,0.5101320188805508,0.4898679811194492,657.8947368421053
16,8,13,155.0,75.0,12.5,0.4964522655530599,0.5035477344469401,657.8947368421053
17,8,13,165.0,75.0,12.5,0.4802209240318452,0.5197790759681549,657.8947368421053
18,8,13,175.0,75.0,12.5,0.45957788148871626,0.5404221185112837,657.8947368421053
19,8,13,185.0,75.0,12.5,0.43070720538867246,0.5692927946113275,657.8947368421053
20,8,13,195.0,75.0,12.5,0.3861631338143122,0.6138368661856878,657.8947368421053
21,8,13,205.0,75.0,12.5,0.31506993219957385,0.6849300678004262,657.8947368421053
22,8,13,215.0,75.0,12.5,0.23357499503280127,0.7664250049671988,657.8947368421053
23,8,13,225.0,75.0,12.5,0.2017091788138212,0.7982908211861788,657.8947368421053
24,8,13,235.0,75.0,12.5,0.2000322508803474,0.7999677491196526,657.8947368421053
25,8,13,245.0,75.0,12.5,0.20002088178973454,0.7999791182102655,657.8947368421053
26,8,13,255.0,75.0,12.5,0.20002129149805356,0.7999787085019464,657.8947368421053
27,8,13,265.0,75.0,12.5,0.20002177833950507,0.7999782216604949,657.8947368421053
28,8,13,275.0,75.0,12.5,0.20002226455734937,0.7999777354426506,657.8947368421053
29,8,13,285.0,75.0,12.5,0.20002275033523922,0.7999772496647608,657.8947368421053
30,8,13,295.0,75.0,12.5,0.20002323588569057,0.7999767641143094,657.8947368421053
31,8,13,305.0,75.0,12.5,0.20002372128120452,0.7999762787187955,657.8947368421053
32,8,13,315.0,75.0,12.5,0.20002420654395792,0.7999757934560421,657.8947368421053
33,8,13,325.0,75.0,12.5,0.20002469167220024,0.7999753083277997,657.8947368421053
34,8,13,335.0,75.0,12.5,0.2000251766468734,0.7999748233531266,657.8947368421053
35,8,13,345.0,75.0,12.5,0.20002566143245487,0.7999743385675451,657.8947368421053
36,8,13,355.0,75.0,12.5,0.20002614597382734,0.7999738540261727,657.8947368421053
37,8,13,365.0,75.0,12.5,0.20002663019139216,0.7999733698086078,657.8947368421053
38,8,13,375.0,75.0,12.5,0.20002711397266176,0.7999728860273383,657.8947368421053
39,8,13,385.0,75.0,12.5,0.20002759716059565,0.7999724028394044,657.8947368421053
40,8,13,395.0,75.0,12.5,0.20002807953547816,0.7999719204645218,657.8947368421053
41,8,13,405.0,75.0,12.5,0.20002856078748416,0.7999714392125159,657.8947368421053
42,8,13,415.0,75.0,12.5,0.20002904047013778,0.7999709595298622,657.8947368421053
43,8,13,425.0,75.0,12.5,0.2000295179159073,0.7999704820840927,657.8947368421053
44,8,13,435.0,75.0,12.5,0.20002999206477573,0.7999700079352243,657.8947368421053
45,8,13,445.0,75.0,12.5,0.20003046108980227,0.7999695389101977,657.8947368421053
46,8,13,455.0,75.0,12.5,0.20003092154105775,0.7999690784589423,657.8947368421053
47,8,13,465.0,75.0,12.5,0.20003136640081065,0.7999686335991893,657.8947368421053
48,8,13,475.0,75.0,12.5,0.20003178092018398,0.7999682190798161,657.8947368421053
49,8,13,485.0,75.0,12.5,0.20003213475249668,0.7999678652475033,657.8947368421053
50,8,13,495.0,75.0,12.5,0.20003237015892328,0.7999676298410767,657.8947368421053
1,9,13,5.0,85.0,12.5,0.6386575890178999,0.36134241098210007,657.8947368421053
2,9,13,15.0,85.0,12.5,0.6274357507385422,0.3725642492614578,657.8947368421053
3,9,13,25.0,85.0,12.5,0.615045778416608,0.384954221583392,657.8947368421053
4,9,13,35.0,85.0,12.5,0.6025733205570192,0.3974266794429808,657.8947368421053
5,9,13,45.0,85.0,12.5,0.5904735065197629,0.40952649348023706,657.8947368421053
6,9,13,55.0,85.0,12.5,0.5788394593102257,0.42116054068977427,657.8947368421053
7,9,13,65.0,85.0,12.5,0.5677060515977032,0.43229394840229685,657.8947368421053
8,9,13,75.0,85.0,12.5,0.5570093595860682,0.44299064041393177,657.8947368421053
9,9,13,85.0,85.0,12.5,0.5466180672654082,0.4533819327345918,657.8947368421053
10,9,13,95.0,85.0,12.5,0.536377823601375,0.463622176398625,657.8947368421053
11,9,13,105.0,85.0,12.5,0.5260846873501436,0.4739153126498564,657.8947368421053
12,9,13,115.0,85.0,12.5,0.5154751281415053,0.4845248718584947,657.8947368421053
13,9,13,125.0,85.0,12.5,0.5042061264402584,0.4957938735597416,657.8947368421053
14,9,13,135.0,85.0,12.5,0.4917203342149282,0.5082796657850718,657.8947368421053
15,9,13,145.0,85.0,12.5,0.4771399445244615,0.5228600554755385,657.8947368421053
16,9,13,155.0,85.0,12.5,0.45896050050007986,0.5410394994999201,657.8947368421053
17,9,13,165.0,85.0,12.5,0.4342386132656035,0.5657613867343965,657.8947368421053
18,9,13,175.0,85.0,12.5,0.3975127218223634,0.6024872781776366,657.8947368421053
19,9,13,185.0,85.0,12.5,0.3396598457884212,0.6603401542115788,657.8947368421053
20,9,13,195.0,85.0,12.5,0.26164114611980893,0.7383588538801911,657.8947368421053
21,9,13,205.0,85.0,12.5,0.20871174361028444,0.7912882563897156,657.8947368421053
22,9,13,215.0,85.0,12.5,0.20016826970089813,0.7998317302991018,657.8947368421053
23,9,13,225.0,85.0,12.5,0.20002086296106625,0.7999791370389338,657.8947368421053
24,9,13,235.0,85.0,12.5,0.20002030042758634,0.7999796995724137,657.8947368421053
25,9,13,245.0,85.0,12.5,0.2000207907766857,0.7999792092233143,657.8947368421053
26,9,13,255.0,85.0,12.5,0.20002128364615268,0.7999787163538473,657.8947368421053
27,9,13,265.0,85.0,12.5,0.20002177354497155,0.7999782264550285,657.8947368421053
28,9,13,275.0,85.0,12.5,0.20002226159716152,0.7999777384028385,657.8947368421053
29,9,13,285.0,85.0,12.5,0.20002274851873514,0.7999772514812649,657.8947368421053
30,9,13,295.0,85.0,12.5,0.20002323473629025,0.7999767652637098,657.8947368421053
31,9,13,305.0,85.0,12.5,0.20002372049657643,0.7999762795034235,657.8947368421053
32,9,13,315.0,85.0,12.5,0.20002420593379383,0.7999757940662062,657.8947368421053
33,9,13,325.0,85.0,12.5,0.2000246911097279,0.7999753088902721,657.8947368421053
34,9,13,335.0,85.0,12.5,0.2000251760362028,0.7999748239637972,657.8947368421053
35,9,13,345.0,85.0,12.5,0.20002566068526648,0.7999743393147335,657.8947368421053
36,9,13,355.0,85.0,12.5,0.2000261449909174,0.7999738550090826,657.8947368421053
37,9,13,365.0,85.0,12.5,0.2000266288431685,0.7999733711568315,657.8947368421053
38,9,13,375.0,85.0,12.5,0.20002711207441956,0.7999728879255804,657.8947368421053
39,9,13,385.0,85.0,12.5,0.20002759443487197,0.799972405565128,657.8947368421053
40,9,13,395.0,85.0,12.5,0.20002807555219934,0.7999719244478006,657.8947368421053
41,9,13,405.0,85.0,12.5,0.20002855486433319,0.7999714451356668,657.8947368421053
42,9,13,415.0,85.0,12.5,0.20002903150754403,0.799970968492456,657.8947368421053
43,9,13,425.0,85.0,12.5,0.20002950412473577,0.7999704958752643,657.8947368421053
44,9,13,435.0,85.0,12.5,0.20002997053252367,0.7999700294674763,657.8947368421053
45,9,13,445.0,85.0,12.5,0.20003042713173594,0.7999695728682641,657.8947368421053
46,9,13,455.0,85.0,12.5,0.20003086785883256,0.7999691321411675,657.8947368421053
47,9,13,465.0,85.0,12.5,0.20003128234880482,0.7999687176511951,657.8947368421053
48,9,13,475.0,85.0,12.5,0.20003165291169156,0.7999683470883084,657.8947368421053
49,9,13,485.0,85.0,12.5,0.20003195035783147,0.7999680496421685,657.8947368421053
50,9,13,495.0,85.0,12.5,0.20003213112233345,0.7999678688776666,657.8947368421053
1,10,13,5.0,95.0,12.5,0.5594949821906349,0.44050501780936513,657.8947368421053
2,10,13,15.0,95.0,12.5,0.5514261423479927,0.4485738576520073,657.8947368421053
3,10,13,25.0,95.0,12.5,0.5420019382645371,0.45799806173546287,657.8947368421053
4,10,13,35.0,95.0,12.5,0.5319462809057913,0.4680537190942087,657.8947368421053
5,10,13,45.0,95.0,12.5,0.5216735142694895,0.4783264857305105,657.8947368421053
6,10,13,55.0,95.0,12.5,0.5114622434851761,0.4885377565148239,657.8947368421053
7,10,13,65.0,95.0,12.5,0.5013237702783908,0.4986762297216092,657.8947368421053
8,10,13,75.0,95.0,12.5,0.4911532134736493,0.5088467865263506,657.8947368421053
9,10,13,85.0,95.0,12.5,0.4807443981155493,0.5192556018844507,657.8947368421053
10,10,13,95.0,95.0,12.5,0.4697255246890718,0.5302744753109282,657.8947368421053
11,10,13,105.0,95.0,12.5,0.4575309258476718,0.5424690741523281,657.8947368421053
12,10,13,115.0,95.0,12.5,0.44323289542852107,0.5567671045714789,657.8947368421053
13,10,13,125.0,95.0,12.5,0.4251374956941615,0.5748625043058385,657.8947368421053
14,10,13,135.0,95.0,12.5,0.40048103291701154,0.5995189670829885,657.8947368421053
15,10,13,145.0,95.0,12.5,0.3645422791129663,0.6354577208870337,657.8947368421053
16,10,13,155.0,95.0,12.5,0.312554240945814,0.687445759054186,657.8947368421053
17,10,13,165.0,95.0,12.5,0.25288604712938745,0.7471139528706126,657.8947368421053
18,10,13,175.0,95.0,12.5,0.21349452905401475,0.7865054709459852,657.8947368421053
19,10,13,185.0,95.0,12.5,0.20220312817331737,0.7977968718266826,657.8947368421053
20,10,13,195.0,95.0,12.5,0.2002208686061893,0.7997791313938107,657.8947368421053
21,10,13,205.0,95.0,12.5,0.20002192308944813,0.7999780769105519,657.8947368421053
22,10,13,215.0,95.0,12.5,0.20001929702852445,0.7999807029714756,657.8947368421053
23,10,13,225.0,95.0,12.5,0.20001978359832254,0.7999802164016775,657.8947368421053
24,10,13,235.0,95.0,12.5,0.20002028723119572,0.7999797127688043,657.8947368421053
25,10,13,245.0,95.0,12.5,0.20002078571476162,0.7999792142852384,657.8947368421053
26,10,13,255.0,95.0,12.5,0.20002127995916824,0.7999787200408317,657.8947368421053
27,10,13,265.0,95.0,12.5,0.20002177106707367,0.7999782289329264,657.8947368421053
28,10,13,275.0,95.0,12.5,0.2000222600077877,0.7999777399922123,657.8947368421053
29,10,13,285.0,95.0,12.5,0.20002274751485055,0.7999772524851494,657.8947368421053
30,10,13,295.0,95.0,12.5,0.20002323409108735,0.7999767659089126,657.8947368421053
31,10,13,305.0,95.0,12.5,0.20002372005551441,0.7999762799444856,657.8947368421053
32,10,13,315.0,95.0,12.5,0.2000242055944592,0.7999757944055408,657.8947368421053
33,10,13,325.0,95.0,12.5,0.20002469080197013,0.7999753091980298,657.8947368421053
34,10,13,335.0,95.0,12.5,0.20002517570635034,0.7999748242936496,657.8947368421053
35,10,13,345.0,95.0,12.5,0.20002566028413843,0.7999743397158616,657.8947368421053
36,10,13,355.0,95.0,12.5,0.2000261444633835,0.7999738555366165,657.8947368421053
37,10,13,365.0,95.0,12.5,0.20002662811725952,0.7999733718827404,657.8947368421053
38,10,13,375.0,95.0,12.5,0.20002711104679266,0.7999728889532074,657.8947368421053
39,10,13,385.0,95.0,12.5,0.20002759294924966,0.7999724070507503,657.8947368421053
40,10,13,395.0,95.0,12.5,0.20002807336441877,0.7999719266355813,657.8947368421053
41,10,13,405.0,95.0,12.5,0.2000285515853054,0.7999714484146946,657.8947368421053
42,10,13,415.0,95.0,12.5,0.2000290265093721,0.799970973490628,657.8947368421053
43,10,13,425.0,95.0,12.5,0.2000294963905682,0.7999705036094318,657.8947368421053
44,10,13,435.0,95.0,12.5,0.2000299584264449,0.7999700415735551,657.8947368421053
45,10,13,445.0,95.0,12.5,0.20003040807877473,0.7999695919212253,657.8947368421053
46,10,13,455.0,95.0,12.5,0.2000308379832583,0.7999691620167417,657.8947368421053
47,10,13,465.0,95.0,12.5,0.20003123629148148,0.7999687637085185,657.8947368421053
48,10,13,475.0,95.0,12.5,0.20003158443450872,0.7999684155654913,657.8947368421053
49,10,13,485.0,95.0,12.5,0.20003185499957002,0.79996814500043,657.8947368421053
50,10,13,495.0,95.0,12.5,0.20003201253263325,0.7999679874673667,657.8947368421053
1,1,14,5.0,5.0,13.5,0.5829658215042711,0.4170341784957289,587.719298245614
2,1,14,15.0,5.0,13.5,0.5709151270826547,0.4290848729173453,587.719298245614
3,1,14,25.0,5.0,13.5,0.5577509897404256,0.4422490102595744,587.719298245614
4,1,14,35.0,5.0,13.5,0.5445661361645395,0.4554338638354605,587.719298245614
5,1,14,45.0,5.0,13.5,0.5316425302390825,0.4683574697609175,587.719298245614
6,1,14,55.0,5.0,13.5,0.5191256044584563,0.48087439554154365,587.719298245614
7,1,14,65.0,5.0,13.5,0.5070283936228672,0.4929716063771328,587.719298245614
8,1,14,75.0,5.0,13.5,0.49514564405491374,0.5048543559450862,587.719298245614
9,1,14,85.0,5.0,13.5,0.4831245947337502,0.5168754052662499,587.719298245614
10,1,14,95.0,5.0,13.5,0.4704438747319251,0.5295561252680749,587.719298245614
11,1,14,105.0,5.0,13.5,0.45635622585077745,0.5436437741492226,587.719298245614
12,1,14,115.0,5.0,13.5,0.4394690148907435,0.5605309851092565,587.719298245614
13,1,14,125.0,5.0,13.5,0.41760909867336793,0.5823909013266321,587.719298245614
14,1,14,135.0,5.0,13.5,0.3870223866784222,0.6129776133215779,587.719298245614
15,1,14,145.0,5.0,13.5,0.3420421267678238,0.6579578732321762,587.719298245614
16,1,14,155.0,5.0,13.5,0.2829154637660912,0.7170845362339088,587.719298245614
17,1,14,165.0,5.0,13.5,0.22955565191573976,0.7704443480842602,587.719298245614
18,1,14,175.0,5.0,13.5,0.20491816133454452,0.7950818386654555,587.719298245614
19,1,14,185.0,5.0,13.5,0.2004016376893607,0.7995983623106393,587.719298245614
20,1,14,195.0,5.0,13.5,0.2000326750630981,0.7999673249369019,587.719298245614
21,1,14,205.0,5.0,13.5,0.20001877480753316,0.7999812251924668,587.719298245614
22,1,14,215.0,5.0,13.5,0.20001908602479507,0.799980913975205,587.719298245614
23,1,14,225.0,5.0,13.5,0.20001959891435547,0.7999804010856445,587.719298245614
24,1,14,235.0,5.0,13.5,0.20002010686830785,0.7999798931316922,587.719298245614
25,1,14,245.0,5.0,13.5,0.20002060793467513,0.7999793920653249,587.719298245614
26,1,14,255.0,5.0,13.5,0.20002110302269305,0.799978896977307,587.719298245614
27,1,14,265.0,5.0,13.5,0.20002159401009614,0.7999784059899039,587.719298245614
28,1,14,275.0,5.0,13.5,0.2000220824858627,0.7999779175141373,587.719298245614
29,1,14,285.0,5.0,13.5,0.20002256953541117,0.7999774304645888,587.719298245614
30,1,14,295.0,5.0,13.5,0.20002305583135072,0.7999769441686493,587.719298245614
31,1,14,305.0,5.0,13.5,0.20002354177166284,0.7999764582283372,587.719298245614
32,1,14,315.0,5.0,13.5,0.2000240275902169,0.7999759724097831,587.719298245614
33,1,14,325.0,5.0,13.5,0.20002451343089556,0.7999754865691044,587.719298245614
34,1,14,335.0,5.0,13.5,0.20002499939364024,0.7999750006063597,587.719298245614
35,1,14,345.0,5.0,13.5,0.20002548556247624,0.7999745144375238,587.719298245614
36,1,14,355.0,5.0,13.5,0.20002597202223182,0.7999740279777682,587.719298245614
37,1,14,365.0,5.0,13.5,0.20002645886863996,0.79997354113136,587.719298245614
38,1,14,375.0,5.0,13.5,0.2000269462127142,0.7999730537872858,587.719298245614
39,1,14,385.0,5.0,13.5,0.20002743417807203,0.799972565821928,587.719298245614
40,1,14,395.0,5.0,13.5,0.20002792288541393,0.7999720771145861,587.719298245614
41,1,14,405.0,5.0,13.5,0.20002841241192837,0.7999715875880716,587.719298245614
42,1,14,415.0,5.0,13.5,0.20002890270075008,0.79997109729925,587.719298245614
43,1,14,425.0,5.0,13.5,0.20002939337362471,0.7999706066263753,587.719298245614
44,1,14,435.0,5.0,13.5,0.2000298833602328,0.7999701166397672,587.719298245614
45,1,14,445.0,5.0,13.5,0.20003037018165992,0.7999696298183401,587.719298245614
46,1,14,455.0,5.0,13.5,0.20003084860819462,0.7999691513918054,587.719298245614
47,1,14,465.0,5.0,13.5,0.2000313082255673,0.7999686917744326,587.719298245614
48,1,14,475.0,5.0,13.5,0.20003172926277865,0.7999682707372213,587.719298245614
49,1,14,485.0,5.0,13.5,0.20003207633939332,0.7999679236606067,587.719298245614
50,1,14,495.0,5.0,13.5,0.2000322928912369,0.7999677071087631,587.719298245614
1,2,14,5.0,15.0,13.5,0.6631022108959655,0.33689778910403445,587.719298245614
2,2,14,15.0,15.0,13.5,0.6462913475340739,0.3537086524659261,587.719298245614
3,2,14,25.0,15.0,13.5,0.6288179213616694,0.37118207863833064,587.719298245614
4,2,14,35.0,15.0,13.5,0.6121415711362257,0.3878584288637743,587.719298245614
5,2,14,45.0,15.0,13.5,0.5966756505417763,0.4033243494582237,587.719298245614
6,2,14,55.0,15.0,13.5,0.5823708658909916,0.41762913410900837,587.719298245614
7,2,14,65.0,15.0,13.5,0.5689546596755026,0.4310453403244974,587.719298245614
8,2,14,75.0,15.0,13.5,0.5563145054791515,0.4436854945208485,587.719298245614
9,2,14,85.0,15.0,13.5,0.5442290401175646,0.45577095988243543,587.719298245614
10,2,14,95.0,15.0,13.5,0.5324243578905455,0.46757564210945446,587.719298245614
11,2,14,105.0,15.0,13.5,0.5206275951288204,0.4793724048711796,587.719298245614
12,2,14,115.0,15.0,13.5,0.5084786675678661,0.4915213324321339,587.719298245614
13,2,14,125.0,15.0,13.5,0.4954367567898114,0.5045632432101885,587.719298245614
14,2,14,135.0,15.0,13.5,0.48079448040091366,0.5192055195990863,587.719298245614
15,2,14,145.0,15.0,13.5,0.4632496879998579,0.5367503120001421,587.719298245614
16,2,14,155.0,15.0,13.5,0.44043482481007196,0.559565175189928,587.719298245614
17,2,14,165.0,15.0,13.5,0.40820531178352953,0.5917946882164704,587.719298245614
18,2,14,175.0,15.0,13.5,0.35878935669403333,0.6412106433059667,587.719298245614
19,2,14,185.0,15.0,13.5,0.2878849563241661,0.7121150436758339,587.719298245614
20,2,14,195.0,15.0,13.5,0.22295830454392848,0.7770416954560715,587.719298245614
21,2,14,205.0,15.0,13.5,0.2011245357544773,0.7988754642455227,587.719298245614
22,2,14,215.0,15.0,13.5,0.20002682775176933,0.7999731722482306,587.719298245614
23,2,14,225.0,15.0,13.5,0.20001965031443777,0.7999803496855622,587.719298245614
24,2,14,235.0,15.0,13.5,0.20002011127947397,0.7999798887205261,587.719298245614
25,2,14,245.0,15.0,13.5,0.20002061289389672,0.7999793871061033,587.719298245614
26,2,14,255.0,15.0,13.5,0.20002110697922548,0.7999788930207745,587.719298245614
27,2,14,265.0,15.0,13.5,0.20002159659416593,0.799978403405834,587.719298245614
28,2,14,275.0,15.0,13.5,0.20002208398545446,0.7999779160145455,587.719298245614
29,2,14,285.0,15.0,13.5,0.2000225703317763,0.7999774296682237,587.719298245614
30,2,14,295.0,15.0,13.5,0.20002305620850283,0.7999769437914972,587.719298245614
31,2,14,305.0,15.0,13.5,0.20002354190418883,0.7999764580958112,587.719298245614
32,2,14,315.0,15.0,13.5,0.20002402757402707,0.799975972425973,587.719298245614
33,2,14,325.0,15.0,13.5,0.20002451331264584,0.7999754866873542,587.719298245614
34,2,14,335.0,15.0,13.5,0.20002499919052333,0.7999750008094767,587.719298245614
35,2,14,345.0,15.0,13.5,0.20002548527402672,0.7999745147259733,587.719298245614
36,2,14,355.0,15.0,13.5,0.2000259716377303,0.7999740283622697,587.719298245614
37,2,14,365.0,15.0,13.5,0.2000264583727662,0.7999735416272338,587.719298245614
38,2,14,375.0,15.0,13.5,0.20002694559278764,0.7999730544072123,587.719298245614
39,2,14,385.0,15.0,13.5,0.20002743343689297,0.799972566563107,587.719298245614
40,2,14,395.0,15.0,13.5,0.20002792206659678,0.7999720779334032,587.719298245614
41,2,14,405.0,15.0,13.5,0.2000284116498489,0.7999715883501511,587.719298245614
42,2,14,415.0,15.0,13.5,0.20002890231735657,0.7999710976826434,587.719298245614
43,2,14,425.0,15.0,13.5,0.200029394059596,0.799970605940404,587.719298245614
44,2,14,435.0,15.0,13.5,0.2000298865050379,0.7999701134949622,587.719298245614
45,2,14,445.0,15.0,13.5,0.20003037844343258,0.7999696215565675,587.719298245614
46,2,14,455.0,15.0,13.5,0.20003086679462004,0.79996913320538,587.719298245614
47,2,14,465.0,15.0,13.5,0.20003134438572612,0.7999686556142739,587.719298245614
48,2,14,475.0,15.0,13.5,0.2000317952314194,0.7999682047685805,587.719298245614
49,2,14,485.0,15.0,13.5,0.20003218523725494,0.799967814762745,587.719298245614
50,2,14,495.0,15.0,13.5,0.20003244740946327,0.7999675525905368,587.719298245614
1,3,14,5.0,25.0,13.5,0.7146468461500136,0.2853531538499864,587.719298245614
2,3,14,15.0,25.0,13.5,0.6931545275796296,0.3068454724203704,587.719298245614
3,3,14,25.0,25.0,13.5,0.6711987799258773,0.3288012200741227,587.719298245614
4,3,14,35.0,25.0,13.5,0.6506820302854333,0.34931796971456675,587.719298245614
5,3,14,45.0,25.0,13.5,0.6321241228411684,0.36787587715883163,587.719298245614
6,3,14,55.0,25.0,13.5,0.6154032598052315,0.3845967401947685,587.719298245614
7,3,14,65.0,25.0,13.5,0.600185980851609,0.399814019148391,587.719298245614
8,3,14,75.0,25.0,13.5,0.5861015869149542,0.4138984130850458,587.719298245614
9,3,14,85.0,25.0,13.5,0.5728098105760804,0.4271901894239196,587.719298245614
10,3,14,95.0,25.0,13.5,0.5601374864792349,0.4398625135207651,587.719298245614
11,3,14,105.0,25.0,13.5,0.5478530818600093,0.45214691813999075,587.719298245614
12,3,14,115.0,25.0,13.5,0.5356796622049848,0.46432033779501525,587.719298245614
13,3,14,125.0,25.0,13.5,0.5233131504451534,0.47668684955484664,587.719298245614
14,3,14,135.0,25.0,13.5,0.5103782586271337,0.4896217413728663,587.719298245614
15,3,14,145.0,25.0,13.5,0.49625480178547243,0.5037451982145276,587.719298245614
16,3,14,155.0,25.0,13.5,0.4800265828218432,0.5199734171781568,587.719298245614
17,3,14,165.0,25.0,13.5,0.46006767554525485,0.5399323244547451,587.719298245614
18,3,14,175.0,25.0,13.5,0.43317304517711236,0.5668269548228877,587.719298245614
19,3,14,185.0,25.0,13.5,0.3934327858426393,0.6065672141573607,587.719298245614
20,3,14,195.0,25.0,13.5,0.33118629249197556,0.6688137075080245,587.719298245614
21,3,14,205.0,25.0,13.5,0.2520205775401197,0.7479794224598804,587.719298245614
22,3,14,215.0,25.0,13.5,0.2057493688671937,0.7942506311328064,587.719298245614
23,3,14,225.0,25.0,13.5,0.2000600040332126,0.7999399959667874,587.719298245614
24,3,14,235.0,25.0,13.5,0.20002038597292987,0.7999796140270701,587.719298245614
25,3,14,245.0,25.0,13.5,0.2000206208557667,0.7999793791442333,587.719298245614
26,3,14,255.0,25.0,13.5,0.20002111367369557,0.7999788863263044,587.719298245614
27,3,14,265.0,25.0,13.5,0.20002160117286527,0.7999783988271347,587.719298245614
28,3,14,275.0,25.0,13.5,0.20002208657400566,0.7999779134259943,587.719298245614
29,3,14,285.0,25.0,13.5,0.2000225716465065,0.7999774283534935,587.719298245614
30,3,14,295.0,25.0,13.5,0.20002305679332372,0.7999769432066763,587.719298245614
31,3,14,305.0,25.0,13.5,0.20002354207554002,0.7999764579244599,587.719298245614
32,3,14,315.0,25.0,13.5,0.20002402749585688,0.7999759725041431,587.719298245614
33,3,14,325.0,25.0,13.5,0.2000245130593408,0.7999754869406592,587.719298245614
34,3,14,335.0,25.0,13.5,0.20002499878485708,0.799975001215143,587.719298245614
35,3,14,345.0,25.0,13.5,0.20002548470798295,0.799974515292017,587.719298245614
36,3,14,355.0,25.0,13.5,0.20002597088415808,0.7999740291158419,587.719298245614
37,3,14,365.0,25.0,13.5,0.2000264573938101,0.7999735426061899,587.719298245614
38,3,14,375.0,25.0,13.5,0.20002694435024024,0.7999730556497597,587.719298245614
39,3,14,385.0,25.0,13.5,0.20002743191098954,0.7999725680890104,587.719298245614
40,3,14,395.0,25.0,13.5,0.2000279202942815,0.7999720797057185,587.719298245614
41,3,14,405.0,25.0,13.5,0.200028409802257,0.799971590197743,587.719298245614
42,3,14,415.0,25.0,13.5,0.20002890085411051,0.7999710991458895,587.719298245614
43,3,14,425.0,25.0,13.5,0.2000293940304731,0.7999706059695268,587.719298245614
44,3,14,435.0,25.0,13.5,0.2000298901100701,0.7999701098899299,587.719298245614
45,3,14,445.0,25.0,13.5,0.2000303900612771,0.7999696099387229,587.719298245614
46,3,14,455.0,25.0,13.5,0.200030894752052,0.7999691052479481,587.719298245614
47,3,14,465.0,25.0,13.5,0.20003140355240323,0.7999685964475968,587.719298245614
48,3,14,475.0,25.0,13.5,0.20003190951725683,0.7999680904827432,587.719298245614
49,3,14,485.0,25.0,13.5,0.2000323858501608,0.7999676141498392,587.719298245614
50,3,14,495.0,25.0,13.5,0.20003275499596493,0.799967245004035,587.719298245614
1,4,14,5.0,35.0,13.5,0.7542787287199229,0.24572127128007715,587.719298245614
2,4,14,15.0,35.0,13.5,0.7296391833758314,0.27036081662416855,587.719298245614
3,4,14,25.0,35.0,13.5,0.7038254059799756,0.29617459402002444,587.719298245614
4,4,14,35.0,35.0,13.5,0.6796907118924905,0.32030928810750947,587.719298245614
5,4,14,45.0,35.0,13.5,0.6581335685142207,0.34186643148577933,587.719298245614
6,4,14,55.0,35.0,13.5,0.6390587926748564,0.36094120732514356,587.719298245614
7,4,14,65.0,35.0,13.5,0.6220523700881442,0.3779476299118558,587.719298245614
8,4,14,75.0,35.0,13.5,0.6065867494962183,0.39341325050378173,587.719298245614
9,4,14,85.0,35.0,13.5,0.5922426482838212,0.4077573517161788,587.719298245614
10,4,14,95.0,35.0,13.5,0.5786554275346222,0.4213445724653778,587.719298245614
11,4,14,105.0,35.0,13.5,0.565663338901065,0.434336661098935,587.719298245614
12,4,14,115.0,35.0,13.5,0.5530519628793681,0.4469480371206319,587.719298245614
13,4,14,125.0,35.0,13.5,0.5405532016667743,0.45944679833322566,587.719298245614
14,4,14,135.0,35.0,13.5,0.527857277543823,0.47214272245617706,587.719298245614
15,4,14,145.0,35.0,13.5,0.5145763026031999,0.48542369739680014,587.719298245614
16,4,14,155.0,35.0,13.5,0.5001097668914527,0.4998902331085473,587.719298245614
17,4,14,165.0,35.0,13.5,0.48350775115229927,0.5164922488477007,587.719298245614
18,4,14,175.0,35.0,13.5,0.4631246667490576,0.5368753332509424,587.719298245614
19,4,14,185.0,35.0,13.5,0.4356954584538324,0.5643045415461676,587.719298245614
20,4,14,195.0,35.0,13.5,0.39497542379136896,0.605024576208631,587.719298245614
21,4,14,205.0,35.0,13.5,0.33074632667590337,0.6692536733240966,587.719298245614
22,4,14,215.0,35.0,13.5,0.24918983074477324,0.7508101692552267,587.719298245614
23,4,14,225.0,35.0,13.5,0.20454392159159995,0.7954560784084,587.719298245614
24,4,14,235.0,35.0,13.5,0.20005088789175804,0.7999491121082419,587.719298245614
25,4,14,245.0,35.0,13.5,0.20002082417851993,0.79997917582148,587.719298245614
26,4,14,255.0,35.0,13.5,0.20002112124142213,0.7999788787585779,587.719298245614
27,4,14,265.0,35.0,13.5,0.20002160622303505,0.7999783937769649,587.719298245614
28,4,14,275.0,35.0,13.5,0.20002208933151894,0.799977910668481,587.719298245614
29,4,14,285.0,35.0,13.5,0.2000225729254857,0.7999774270745144,587.719298245614
30,4,14,295.0,35.0,13.5,0.20002305727546754,0.7999769427245325,587.719298245614
31,4,14,305.0,35.0,13.5,0.20002354212526094,0.799976457874739,587.719298245614
32,4,14,315.0,35.0,13.5,0.20002402728260477,0.7999759727173952,587.719298245614
33,4,14,325.0,35.0,13.5,0.20002451264863536,0.7999754873513647,587.719298245614
34,4,14,335.0,35.0,13.5,0.20002499818482852,0.7999750018151714,587.719298245614
35,4,14,345.0,35.0,13.5,0.2000254838915197,0.7999745161084804,587.719298245614
36,4,14,355.0,35.0,13.5,0.2000259697993416,0.7999740302006584,587.719298245614
37,4,14,365.0,35.0,13.5,0.20002645596994761,0.7999735440300524,587.719298245614
38,4,14,375.0,35.0,13.5,0.20002694250464922,0.7999730574953507,587.719298245614
39,4,14,385.0,35.0,13.5,0.20002742956298444,0.7999725704370155,587.719298245614
40,4,14,395.0,35.0,13.5,0.20002791739621148,0.7999720826037885,587.719298245614
41,4,14,405.0,35.0,13.5,0.2000284064068196,0.7999715935931804,587.719298245614
42,4,14,415.0,35.0,13.5,0.20002889725475695,0.7999711027452431,587.719298245614
43,4,14,425.0,35.0,13.5,0.200029391049839,0.799970608950161,587.719298245614
44,4,14,435.0,35.0,13.5,0.20002988970328742,0.7999701102967126,587.719298245614
45,4,14,445.0,35.0,13.5,0.20003039652658688,0.7999696034734132,587.719298245614
46,4,14,455.0,35.0,13.5,0.2000309171457686,0.7999690828542314,587.719298245614
47,4,14,465.0,35.0,13.5,0.20003146038765307,0.7999685396123469,587.719298245614
48,4,14,475.0,35.0,13.5,0.2000320362829121,0.7999679637170879,587.719298245614
49,4,14,485.0,35.0,13.5,0.2000326389035833,0.7999673610964166,587.719298245614
50,4,14,495.0,35.0,13.5,0.20003319296011868,0.7999668070398813,587.719298245614
1,5,14,5.0,45.0,13.5,0.7848080864466827,0.21519191355331735,587.719298245614
2,5,14,15.0,45.0,13.5,0.7616145814138479,0.23838541858615214,587.719298245614
3,5,14,25.0,45.0,13.5,0.7338025874332976,0.2661974125667024,587.719298245614
4,5,14,35.0,45.0,13.5,0.7071636347879432,0.2928363652120568,587.719298245614
5,5,14,45.0,45.0,13.5,0.6834861376138959,0.31651386238610413,587.719298245614
6,5,14,55.0,45.0,13.5,0.6626774138470333,0.33732258615296673,587.719298245614
7,5,14,65.0,45.0,13.5,0.6441792861273382,0.3558207138726618,587.719298245614
8,5,14,75.0,45.0,13.5,0.6274977939858113,0.3725022060141887,587.719298245614
9,5,14,85.0,45.0,13.5,0.6121823528191179,0.3878176471808821,587.719298245614
10,5,14,95.0,45.0,13.5,0.5978524516191188,0.4021475483808812,587.719298245614
11,5,14,105.0,45.0,13.5,0.5841939190344245,0.4158060809655755,587.719298245614
12,5,14,115.0,45.0,13.5,0.5710234009778787,0.42897659902212126,587.719298245614
13,5,14,125.0,45.0,13.5,0.5581148709886306,0.44188512901136945,587.719298245614
14,5,14,135.0,45.0,13.5,0.5452108230416556,0.4547891769583444,587.719298245614
15,5,14,145.0,45.0,13.5,0.5319872100959196,0.46801278990408035,587.719298245614
16,5,14,155.0,45.0,13.5,0.5180241575785046,0.4819758424214954,587.719298245614
17,5,14,165.0,45.0,13.5,0.5026526813625231,0.49734731863747694,587.719298245614
18,5,14,175.0,45.0,13.5,0.4847694086353057,0.5152305913646943,587.719298245614
19,5,14,185.0,45.0,13.5,0.4624086819078365,0.5375913180921634,587.719298245614
20,5,14,195.0,45.0,13.5,0.43158531196180544,0.5684146880381946,587.719298245614
21,5,14,205.0,45.0,13.5,0.3845464292004913,0.6154535707995087,587.719298245614
22,5,14,215.0,45.0,13.5,0.3106572804188852,0.6893427195811148,587.719298245614
23,5,14,225.0,45.0,13.5,0.23010983687750153,0.7698901631224985,587.719298245614
24,5,14,235.0,45.0,13.5,0.201287468308828,0.7987125316911721,587.719298245614
25,5,14,245.0,45.0,13.5,0.20002867735635124,0.7999713226436488,587.719298245614
26,5,14,255.0,45.0,13.5,0.20002117243105644,0.7999788275689436,587.719298245614
27,5,14,265.0,45.0,13.5,0.20002160942466174,0.7999783905753383,587.719298245614
28,5,14,275.0,45.0,13.5,0.20002209078068842,0.7999779092193116,587.719298245614
29,5,14,285.0,45.0,13.5,0.20002257341342244,0.7999774265865776,587.719298245614
30,5,14,295.0,45.0,13.5,0.2000230572899865,0.7999769427100135,587.719298245614
31,5,14,305.0,45.0,13.5,0.20002354188666568,0.7999764581133343,587.719298245614
32,5,14,315.0,45.0,13.5,0.20002402687002246,0.7999759731299776,587.719298245614
33,5,14,325.0,45.0,13.5,0.20002451207281077,0.7999754879271892,587.719298245614
34,5,14,335.0,45.0,13.5,0.2000249974176789,0.7999750025823211,587.719298245614
35,5,14,345.0,45.0,13.5,0.20002548287657634,0.7999745171234236,587.719298245614
36,5,14,355.0,45.0,13.5,0.2000259684539998,0.7999740315460002,587.719298245614
37,5,14,365.0,45.0,13.5,0.2000264541837293,0.7999735458162707,587.719298245614
38,5,14,375.0,45.0,13.5,0.20002694013650632,0.7999730598634937,587.719298245614
39,5,14,385.0,45.0,13.5,0.20002742643992835,0.7999725735600717,587.719298245614
40,5,14,395.0,45.0,13.5,0.2000279133182456,0.7999720866817543,587.719298245614
41,5,14,405.0,45.0,13.5,0.20002840116636117,0.7999715988336389,587.719298245614
42,5,14,415.0,45.0,13.5,0.20002889068769567,0.7999711093123043,587.719298245614
43,5,14,425.0,45.0,13.5,0.20002938315219543,0.7999706168478046,587.719298245614
44,5,14,435.0,45.0,13.5,0.20002988088806564,0.7999701191119344,587.719298245614
45,5,14,445.0,45.0,13.5,0.20003038824070135,0.7999696117592987,587.719298245614
46,5,14,455.0,45.0,13.5,0.20003091349712207,0.7999690865028779,587.719298245614
47,5,14,465.0,45.0,13.5,0.2000314725389156,0.7999685274610844,587.719298245614
48,5,14,475.0,45.0,13.5,0.20003209262045568,0.7999679073795443,587.719298245614
49,5,14,485.0,45.0,13.5,0.20003278191608745,0.7999672180839126,587.719298245614
50,5,14,495.0,45.0,13.5,0.200033304950965,0.799966695049035,587.719298245614
1,6,14,5.0,55.0,13.5,0.75633453263892,0.24366546736107997,587.719298245614
2,6,14,15.0,55.0,13.5,0.7329452694254704,0.26705473057452955,587.719298245614
3,6,14,25.0,55.0,13.5,0.7082398836575998,0.2917601163424002,587.719298245614
4,6,14,35.0,55.0,13.5,0.6848831855058384,0.3151168144941616,587.719298245614
5,6,14,45.0,55.0,13.5,0.6637887767696103,0.33621122323038966,587.719298245614
6,6,14,55.0,55.0,13.5,0.644930175426979,0.35506982457302105,587.719298245614
7,6,14,65.0,55.0,13.5,0.6279454341350538,0.37205456586494623,587.719298245614
8,6,14,75.0,55.0,13.5,0.6124120004737906,0.38758799952620937,587.719298245614
9,6,14,85.0,55.0,13.5,0.5979738020119248,0.40202619798807515,587.719298245614
10,6,14,95.0,55.0,13.5,0.584288285880814,0.41571171411918595,587.719298245614
11,6,14,105.0,55.0,13.5,0.5711575203844557,0.42884247961554434,587.719298245614
12,6,14,115.0,55.0,13.5,0.5583943724065752,0.4416056275934248,587.719298245614
13,6,14,125.0,55.0,13.5,0.5457621824928556,0.4542378175071444,587.719298245614
14,6,14,135.0,55.0,13.5,0.5329656946123349,0.4670343053876651,587.719298245614
15,6,14,145.0,55.0,13.5,0.5196473966517885,0.4803526033482115,587.719298245614
16,6,14,155.0,55.0,13.5,0.5052748326514573,0.49472516734854266,587.719298245614
17,6,14,165.0,55.0,13.5,0.4889692279713548,0.5110307720286452,587.719298245614
18,6,14,175.0,55.0,13.5,0.46928239059075205,0.530717609409248,587.719298245614
19,6,14,185.0,55.0,13.5,0.44335586506452557,0.5566441349354745,587.719298245614
20,6,14,195.0,55.0,13.5,0.4056218349351022,0.5943781650648978,587.719298245614
21,6,14,205.0,55.0,13.5,0.3461750665522598,0.6538249334477402,587.719298245614
22,6,14,215.0,55.0,13.5,0.2639961347880532,0.7360038652119467,587.719298245614
23,6,14,225.0,55.0,13.5,0.20829891284351837,0.7917010871564816,587.719298245614
24,6,14,235.0,55.0,13.5,0.2001153628693978,0.7998846371306022,587.719298245614
25,6,14,245.0,55.0,13.5,0.20002122154044585,0.7999787784595541,587.719298245614
26,6,14,255.0,55.0,13.5,0.20002112457585405,0.7999788754241459,587.719298245614
27,6,14,265.0,55.0,13.5,0.20002160678289438,0.7999783932171056,587.719298245614
28,6,14,275.0,55.0,13.5,0.20002208926870071,0.7999779107312993,587.719298245614
29,6,14,285.0,55.0,13.5,0.2000225724809059,0.7999774275190941,587.719298245614
30,6,14,295.0,55.0,13.5,0.20002305660535008,0.79997694339465,587.719298245614
31,6,14,305.0,55.0,13.5,0.20002354128111605,0.799976458718884,587.719298245614
32,6,14,315.0,55.0,13.5,0.2000240262478566,0.7999759737521435,587.719298245614
33,6,14,325.0,55.0,13.5,0.20002451136016733,0.7999754886398327,587.719298245614
34,6,14,335.0,55.0,13.5,0.20002499653990347,0.7999750034600965,587.719298245614
35,6,14,345.0,55.0,13.5,0.20002548174581342,0.7999745182541866,587.719298245614
36,6,14,355.0,55.0,13.5,0.2000259669585108,0.7999740330414892,587.719298245614
37,6,14,365.0,55.0,13.5,0.20002645217617543,0.7999735478238246,587.719298245614
38,6,14,375.0,55.0,13.5,0.20002693741850325,0.7999730625814967,587.719298245614
39,6,14,385.0,55.0,13.5,0.20002742274116223,0.7999725772588377,587.719298245614
40,6,14,395.0,55.0,13.5,0.200027908266141,0.799972091733859,587.719298245614
41,6,14,405.0,55.0,13.5,0.20002839424044094,0.7999716057595591,587.719298245614
42,6,14,415.0,55.0,13.5,0.20002888114501358,0.7999711188549864,587.719298245614
43,6,14,425.0,55.0,13.5,0.20002936989364445,0.7999706301063556,587.719298245614
44,6,14,435.0,55.0,13.5,0.20002986218642346,0.7999701378135765,587.719298245614
45,6,14,445.0,55.0,13.5,0.200030361107387,0.799969638892613,587.719298245614
46,6,14,455.0,55.0,13.5,0.20003087200124064,0.7999691279987593,587.719298245614
47,6,14,465.0,55.0,13.5,0.20003140313644882,0.7999685968635512,587.719298245614
48,6,14,475.0,55.0,13.5,0.20003196306578003,0.7999680369342199,587.719298245614
49,6,14,485.0,55.0,13.5,0.2000325431948508,0.7999674568051491,587.719298245614
50,6,14,495.0,55.0,13.5,0.20003306784824718,0.7999669321517529,587.719298245614
1,7,14,5.0,65.0,13.5,0.7207837790101835,0.27921622098981647,587.719298245614
2,7,14,15.0,65.0,13.5,0.700454232994037,0.299545767005963,587.719298245614
3,7,14,25.0,65.0,13.5,0.6793493647679958,0.3206506352320042,587.719298245614
4,7,14,35.0,65.0,13.5,0.6593010245628497,0.34069897543715033,587.719298245614
5,7,14,45.0,65.0,13.5,0.6409204172546169,0.3590795827453831,587.719298245614
6,7,14,55.0,65.0,13.5,0.6241928604927075,0.3758071395072925,587.719298245614
7,7,14,65.0,65.0,13.5,0.6088646234337569,0.3911353765662431,587.719298245614
8,7,14,75.0,65.0,13.5,0.5946344153449354,0.40536558465506456,587.719298245614
9,7,14,85.0,65.0,13.5,0.5811762523654536,0.41882374763454644,587.719298245614
10,7,14,95.0,65.0,13.5,0.5683046587073869,0.4316953412926131,587.719298245614
11,7,14,105.0,65.0,13.5,0.5558394015429889,0.44416059845701106,587.719298245614
12,7,14,115.0,65.0,13.5,0.543548528418645,0.456451471581355,587.719298245614
13,7,14,125.0,65.0,13.5,0.5311518830867171,0.4688481169132829,587.719298245614
14,7,14,135.0,65.0,13.5,0.5183130918745082,0.48168690812549175,587.719298245614
15,7,14,145.0,65.0,13.5,0.5045363177104887,0.4954636822895113,587.719298245614
16,7,14,155.0,65.0,13.5,0.4890299733023769,0.5109700266976231,587.719298245614
17,7,14,165.0,65.0,13.5,0.4705083027979769,0.5294916972020232,587.719298245614
18,7,14,175.0,65.0,13.5,0.4464766195992128,0.5535233804007872,587.719298245614
19,7,14,185.0,65.0,13.5,0.4121513698321281,0.5878486301678719,587.719298245614
20,7,14,195.0,65.0,13.5,0.358714914882428,0.641285085117572,587.719298245614
21,7,14,205.0,65.0,13.5,0.2807396408930554,0.7192603591069446,587.719298245614
22,7,14,215.0,65.0,13.5,0.21546391801039122,0.7845360819896088,587.719298245614
23,7,14,225.0,65.0,13.5,0.20032175937064803,0.799678240629352,587.719298245614
24,7,14,235.0,65.0,13.5,0.20002198829346615,0.7999780117065338,587.719298245614
25,7,14,245.0,65.0,13.5,0.20002063201616835,0.7999793679838316,587.719298245614
26,7,14,255.0,65.0,13.5,0.20002111508412912,0.7999788849158709,587.719298245614
27,7,14,265.0,65.0,13.5,0.20002160150489823,0.7999783984951018,587.719298245614
28,7,14,275.0,65.0,13.5,0.20002208602959623,0.7999779139704037,587.719298245614
29,7,14,285.0,65.0,13.5,0.20002257057960243,0.7999774294203976,587.719298245614
30,7,14,295.0,65.0,13.5,0.2000230554005752,0.7999769445994248,587.719298245614
31,7,14,305.0,65.0,13.5,0.20002354040415857,0.7999764595958414,587.719298245614
32,7,14,315.0,65.0,13.5,0.20002402548971487,0.7999759745102851,587.719298245614
33,7,14,325.0,65.0,13.5,0.20002451058516432,0.7999754894148356,587.719298245614
34,7,14,335.0,65.0,13.5,0.2000249956393701,0.79997500436063,587.719298245614
35,7,14,345.0,65.0,13.5,0.20002548061087516,0.7999745193891248,587.719298245614
36,7,14,355.0,65.0,13.5,0.20002596546026732,0.7999740345397327,587.719298245614
37,7,14,365.0,65.0,13.5,0.20002645014552048,0.7999735498544795,587.719298245614
38,7,14,375.0,65.0,13.5,0.2000269346207616,0.7999730653792384,587.719298245614
39,7,14,385.0,65.0,13.5,0.20002741883855785,0.7999725811614422,587.719298245614
40,7,14,395.0,65.0,13.5,0.20002790275873392,0.7999720972412661,587.719298245614
41,7,14,405.0,65.0,13.5,0.2000283863675978,0.7999716136324022,587.719298245614
42,7,14,415.0,65.0,13.5,0.20002886971472103,0.799971130285279,587.719298245614
43,7,14,425.0,65.0,13.5,0.20002935297333144,0.7999706470266685,587.719298245614
44,7,14,435.0,65.0,13.5,0.20002983651984677,0.7999701634801533,587.719298245614
45,7,14,445.0,65.0,13.5,0.20003032097138765,0.7999696790286124,587.719298245614
46,7,14,455.0,65.0,13.5,0.20003080692551622,0.7999691930744838,587.719298245614
47,7,14,465.0,65.0,13.5,0.2000312935589212,0.7999687064410788,587.719298245614
48,7,14,475.0,65.0,13.5,0.2000317738144971,0.7999682261855029,587.719298245614
49,7,14,485.0,65.0,13.5,0.20003222157595757,0.7999677784240424,587.719298245614
50,7,14,495.0,65.0,13.5,0.20003256432633623,0.7999674356736638,587.719298245614
1,8,14,5.0,75.0,13.5,0.6780386781679845,0.32196132183201553,587.719298245614
2,8,14,15.0,75.0,13.5,0.6618463281814192,0.3381536718185808,587.719298245614
3,8,14,25.0,75.0,13.5,0.6447261193870911,0.3552738806129089,587.719298245614
4,8,14,35.0,75.0,13.5,0.6281326170293874,0.3718673829706126,587.719298245614
5,8,14,45.0,75.0,13.5,0.6125593754633133,0.3874406245366867,587.719298245614
6,8,14,55.0,75.0,13.5,0.5980463124546744,0.40195368754532557,587.719298245614
7,8,14,65.0,75.0,13.5,0.5844282398978492,0.4155717601021508,587.719298245614
8,8,14,75.0,75.0,13.5,0.571479803062891,0.42852019693710897,587.719298245614
9,8,14,85.0,75.0,13.5,0.559091514435647,0.440908485564353,587.719298245614
10,8,14,95.0,75.0,13.5,0.5470665707882555,0.4529334292117445,587.719298245614
11,8,14,105.0,75.0,13.5,0.5351508663546434,0.4648491336453566,587.719298245614
12,8,14,115.0,75.0,13.5,0.5230700338929409,0.47692996610705907,587.719298245614
13,8,14,125.0,75.0,13.5,0.5104739323766512,0.4895260676233488,587.719298245614
14,8,14,135.0,75.0,13.5,0.4967789058470148,0.5032210941529852,587.719298245614
15,8,14,145.0,75.0,13.5,0.48116532517261595,0.518834674827384,587.719298245614
16,8,14,155.0,75.0,13.5,0.4621729997760467,0.5378270002239534,587.719298245614
17,8,14,165.0,75.0,13.5,0.43695121399166836,0.5630487860083316,587.719298245614
18,8,14,175.0,75.0,13.5,0.40037798559460935,0.5996220144053906,587.719298245614
19,8,14,185.0,75.0,13.5,0.3433948789785501,0.6566051210214499,587.719298245614
20,8,14,195.0,75.0,13.5,0.2661570757470281,0.7338429242529718,587.719298245614
21,8,14,205.0,75.0,13.5,0.21071703239830486,0.7892829676016951,587.719298245614
22,8,14,215.0,75.0,13.5,0.2001674153130953,0.7998325846869048,587.719298245614
23,8,14,225.0,75.0,13.5,0.20002057464154765,0.7999794253584523,587.719298245614
24,8,14,235.0,75.0,13.5,0.20002011923506802,0.799979880764932,587.719298245614
25,8,14,245.0,75.0,13.5,0.2000206146974221,0.7999793853025778,587.719298245614
26,8,14,255.0,75.0,13.5,0.20002110743443835,0.7999788925655617,587.719298245614
27,8,14,265.0,75.0,13.5,0.20002159584313864,0.7999784041568614,587.719298245614
28,8,14,275.0,75.0,13.5,0.20002208249399292,0.7999779175060071,587.719298245614
29,8,14,285.0,75.0,13.5,0.20002256843576366,0.7999774315642363,587.719298245614
30,8,14,295.0,75.0,13.5,0.20002305404633997,0.7999769459536601,587.719298245614
31,8,14,305.0,75.0,13.5,0.20002353946230064,0.7999764605376993,587.719298245614
32,8,14,315.0,75.0,13.5,0.20002402472991276,0.7999759752700872,587.719298245614
33,8,14,325.0,75.0,13.5,0.20002450985612918,0.7999754901438708,587.719298245614
34,8,14,335.0,75.0,13.5,0.20002499482476707,0.7999750051752329,587.719298245614
35,8,14,345.0,75.0,13.5,0.20002547960070755,0.7999745203992925,587.719298245614
36,8,14,355.0,75.0,13.5,0.20002596412824925,0.7999740358717508,587.719298245614
37,8,14,365.0,75.0,13.5,0.20002644832642047,0.7999735516735795,587.719298245614
38,8,14,375.0,75.0,13.5,0.20002693208082037,0.7999730679191797,587.719298245614
39,8,14,385.0,75.0,13.5,0.20002741523160772,0.7999725847683923,587.719298245614
40,8,14,395.0,75.0,13.5,0.20002789755533057,0.7999721024446694,587.719298245614
41,8,14,405.0,75.0,13.5,0.2000283787368379,0.7999716212631621,587.719298245614
42,8,14,415.0,75.0,13.5,0.20002885832224063,0.7999711416777594,587.719298245614
43,8,14,425.0,75.0,13.5,0.20002933563323308,0.7999706643667669,587.719298245614
44,8,14,435.0,75.0,13.5,0.20002980959368988,0.7999701904063101,587.719298245614
45,8,14,445.0,75.0,13.5,0.20003027835112452,0.7999697216488755,587.719298245614
46,8,14,455.0,75.0,13.5,0.20003073841209967,0.7999692615879004,587.719298245614
47,8,14,465.0,75.0,13.5,0.2000311826775796,0.7999688173224204,587.719298245614
48,8,14,475.0,75.0,13.5,0.20003159623210887,0.7999684037678911,587.719298245614
49,8,14,485.0,75.0,13.5,0.2000319483951802,0.7999680516048198,587.719298245614
50,8,14,495.0,75.0,13.5,0.2000321810267368,0.7999678189732632,587.719298245614
1,9,14,5.0,85.0,13.5,0.6251599373261303,0.3748400626738697,587.719298245614
2,9,14,15.0,85.0,13.5,0.6131042923281862,0.3868957076718138,587.719298245614
3,9,14,25.0,85.0,13.5,0.5998704263955656,0.40012957360443435,587.719298245614
4,9,14,35.0,85.0,13.5,0.5865677842730037,0.4134322157269963,587.719298245614
5,9,14,45.0,85.0,13.5,0.5736107489430753,0.4263892510569247,587.719298245614
6,9,14,55.0,85.0,13.5,0.5610772153969538,0.43892278460304623,587.719298245614
7,9,14,65.0,85.0,13.5,0.5490495916174494,0.4509504083825506,587.719298245614
8,9,14,75.0,85.0,13.5,0.5373858505782778,0.4626141494217222,587.719298245614
9,9,14,85.0,85.0,13.5,0.5258736379232325,0.4741263620767675,587.719298245614
10,9,14,95.0,85.0,13.5,0.5142632524574964,0.4857367475425036,587.719298245614
11,9,14,105.0,85.0,13.5,0.5021778989689979,0.4978221010310021,587.719298245614
12,9,14,115.0,85.0,13.5,0.489070437384154,0.510929562615846,587.719298245614
13,9,14,125.0,85.0,13.5,0.4741601822523045,0.5258398177476955,587.719298245614
14,9,14,135.0,85.0,13.5,0.4559922477922506,0.5440077522077493,587.719298245614
15,9,14,145.0,85.0,13.5,0.4320431995924711,0.5679568004075288,587.719298245614
16,9,14,155.0,85.0,13.5,0.3978066925304662,0.6021933074695338,587.719298245614
17,9,14,165.0,85.0,13.5,0.34575564156675254,0.6542443584332475,587.719298245614
18,9,14,175.0,85.0,13.5,0.27564333336612284,0.7243566666338772,587.719298245614
19,9,14,185.0,85.0,13.5,0.2181780537117924,0.7818219462882076,587.719298245614
20,9,14,195.0,85.0,13.5,0.20090381223520842,0.7990961877647915,587.719298245614
21,9,14,205.0,85.0,13.5,0.20002781630704372,0.7999721836929563,587.719298245614
22,9,14,215.0,85.0,13.5,0.20001916384350646,0.7999808361564935,587.719298245614
23,9,14,225.0,85.0,13.5,0.20001960345629885,0.7999803965437011,587.719298245614
24,9,14,235.0,85.0,13.5,0.20002010873731266,0.7999798912626873,587.719298245614
25,9,14,245.0,85.0,13.5,0.20002060752973905,0.799979392470261,587.719298245614
26,9,14,255.0,85.0,13.5,0.20002110118089464,0.7999788988191053,587.719298245614
27,9,14,265.0,85.0,13.5,0.20002159145566364,0.7999784085443363,587.719298245614
28,9,14,275.0,85.0,13.5,0.20002207967717714,0.7999779203228229,587.719298245614
29,9,14,285.0,85.0,13.5,0.20002256666935517,0.7999774333306449,587.719298245614
30,9,14,295.0,85.0,13.5,0.20002305291375466,0.7999769470862453,587.719298245614
31,9,14,305.0,85.0,13.5,0.20002353868189587,0.7999764613181042,587.719298245614
32,9,14,315.0,85.0,13.5,0.20002402411835243,0.7999759758816476,587.719298245614
33,9,14,325.0,85.0,13.5,0.20002450928881274,0.7999754907111872,587.719298245614
34,9,14,335.0,85.0,13.5,0.2000249942059866,0.7999750057940134,587.719298245614
35,9,14,345.0,85.0,13.5,0.20002547884144198,0.799974521158558,587.719298245614
36,9,14,355.0,85.0,13.5,0.20002596312771648,0.7999740368722835,587.719298245614
37,9,14,365.0,85.0,13.5,0.20002644695252525,0.7999735530474748,587.719298245614
38,9,14,375.0,85.0,13.5,0.20002693014474685,0.7999730698552532,587.719298245614
39,9,14,385.0,85.0,13.5,0.20002741244938235,0.7999725875506176,587.719298245614
40,9,14,395.0,85.0,13.5,0.20002789348612796,0.7999721065138721,587.719298245614
41,9,14,405.0,85.0,13.5,0.20002837268071064,0.7999716273192894,587.719298245614
42,9,14,415.0,85.0,13.5,0.2000288491501732,0.7999711508498268,587.719298245614
43,9,14,425.0,85.0,13.5,0.2000293215070549,0.7999706784929451,587.719298245614
44,9,14,435.0,85.0,13.5,0.20002978751962353,0.7999702124803765,587.719298245614
45,9,14,445.0,85.0,13.5,0.20003024351271675,0.7999697564872832,587.719298245614
46,9,14,455.0,85.0,13.5,0.20003068330774645,0.7999693166922536,587.719298245614
47,9,14,465.0,85.0,13.5,0.20003109638072433,0.7999689036192756,587.719298245614
48,9,14,475.0,85.0,13.5,0.20003146486981044,0.7999685351301895,587.719298245614
49,9,14,485.0,85.0,13.5,0.20003175954360086,0.7999682404563991,587.719298245614
50,9,14,495.0,85.0,13.5,0.2000319373133642,0.7999680626866358,587.719298245614
1,10,14,5.0,95.0,13.5,0.5406564426307647,0.45934355736923527,587.719298245614
2,10,14,15.0,95.0,13.5,0.5318417390902695,0.46815826090973045,587.719298245614
3,10,14,25.0,95.0,13.5,0.5215160116956454,0.47848398830435457,587.719298245614
4,10,14,35.0,95.0,13.5,0.510327170362288,0.48967282963771197,587.719298245614
5,10,14,45.0,95.0,13.5,0.4989322433911134,0.5010677566088866,587.719298245614
6,10,14,55.0,95.0,13.5,0.48741255763942093,0.5125874423605791,587.719298245614
7,10,14,65.0,95.0,13.5,0.4756304017966144,0.5243695982033856,587.719298245614
8,10,14,75.0,95.0,13.5,0.4632234874826524,0.5367765125173476,587.719298245614
9,10,14,85.0,95.0,13.5,0.4495669730139526,0.5504330269860473,587.719298245614
10,10,14,95.0,95.0,13.5,0.433499219043471,0.566500780956529,587.719298245614
11,10,14,105.0,95.0,13.5,0.4131349229381057,0.5868650770618943,587.719298245614
12,10,14,115.0,95.0,13.5,0.3853397144484037,0.6146602855515964,587.719298245614
13,10,14,125.0,95.0,13.5,0.3454710136857821,0.6545289863142179,587.719298245614
14,10,14,135.0,95.0,13.5,0.29281209622720866,0.7071879037727913,587.719298245614
15,10,14,145.0,95.0,13.5,0.24120923310765627,0.7587907668923437,587.719298245614
16,10,14,155.0,95.0,13.5,0.21123683505657853,0.7887631649434215,587.719298245614
17,10,14,165.0,95.0,13.5,0.20215544215342487,0.7978445578465752,587.719298245614
18,10,14,175.0,95.0,13.5,0.20030061311408429,0.7996993868859157,587.719298245614
19,10,14,185.0,95.0,13.5,0.20002914699626212,0.7999708530037379,587.719298245614
20,10,14,195.0,95.0,13.5,0.20001825856282182,0.7999817414371782,587.719298245614
21,10,14,205.0,95.0,13.5,0.20001858072835174,0.7999814192716482,587.719298245614
22,10,14,215.0,95.0,13.5,0.2000190910253978,0.7999809089746022,587.719298245614
23,10,14,225.0,95.0,13.5,0.20001960022755866,0.7999803997724413,587.719298245614
24,10,14,235.0,95.0,13.5,0.20002010444466797,0.799979895555332,587.719298245614
25,10,14,245.0,95.0,13.5,0.2000206033492362,0.7999793966507638,587.719298245614
26,10,14,255.0,95.0,13.5,0.200021097869586,0.799978902130414,587.719298245614
27,10,14,265.0,95.0,13.5,0.20002158913112386,0.7999784108688761,587.719298245614
28,10,14,275.0,95.0,13.5,0.20002207814776546,0.7999779218522345,587.719298245614
29,10,14,285.0,95.0,13.5,0.2000225656882807,0.7999774343117193,587.719298245614
30,10,14,295.0,95.0,13.5,0.20002305227672784,0.7999769477232721,587.719298245614
31,10,14,305.0,95.0,13.5,0.20002353824300514,0.7999764617569949,587.719298245614
32,10,14,315.0,95.0,13.5,0.2000240237783443,0.7999759762216557,587.719298245614
33,10,14,325.0,95.0,13.5,0.20002450897851112,0.7999754910214889,587.719298245614
34,10,14,335.0,95.0,13.5,0.2000249938718323,0.7999750061281676,587.719298245614
35,10,14,345.0,95.0,13.5,0.20002547843382756,0.7999745215661724,587.719298245614
36,10,14,355.0,95.0,13.5,0.20002596259067668,0.7999740374093234,587.719298245614
37,10,14,365.0,95.0,13.5,0.20002644621264393,0.799973553787356,587.719298245614
38,10,14,375.0,95.0,13.5,0.20002692909639672,0.7999730709036033,587.719298245614
39,10,14,385.0,95.0,13.5,0.2000274109325337,0.7999725890674663,587.719298245614
40,10,14,395.0,95.0,13.5,0.20002789125056503,0.7999721087494349,587.719298245614
41,10,14,405.0,95.0,13.5,0.2000283693273561,0.7999716306726439,587.719298245614
42,10,14,415.0,95.0,13.5,0.20002884403483678,0.7999711559651632,587.719298245614
43,10,14,425.0,95.0,13.5,0.20002931358647855,0.7999706864135214,587.719298245614
44,10,14,435.0,95.0,13.5,0.20002977511648137,0.7999702248835187,587.719298245614
45,10,14,445.0,95.0,13.5,0.20003022399070738,0.7999697760092926,587.719298245614
46,10,14,455.0,95.0,13.5,0.20003065271018042,0.7999693472898196,587.719298245614
47,10,14,465.0,95.0,13.5,0.20003104926699738,0.7999689507330026,587.719298245614
48,10,14,475.0,95.0,13.5,0.20003139498172479,0.7999686050182753,587.719298245614
49,10,14,485.0,95.0,13.5,0.2000316625779917,0.7999683374220083,587.719298245614
50,10,14,495.0,95.0,13.5,0.20003181730633476,0.7999681826936652,587.719298245614
1,1,15,5.0,5.0,14.5,0.5639454020386871,0.43605459796131285,517.5438596491229
2,1,15,15.0,5.0,14.5,0.5508700190094068,0.4491299809905932,517.5438596491229
3,1,15,25.0,5.0,14.5,0.536604607437093,0.46339539256290696,517.5438596491229
4,1,15,35.0,5.0,14.5,0.5221169772362871,0.47788302276371286,517.5438596491229
5,1,15,45.0,5.0,14.5,0.5075622983254446,0.49243770167455536,517.5438596491229
6,1,15,55.0,5.0,14.5,0.49332251601139093,0.506677483988609,517.5438596491229
7,1,15,65.0,5.0,14.5,0.4790401685390545,0.5209598314609455,517.5438596491229
8,1,15,75.0,5.0,14.5,0.4641194764742127,0.5358805235257873,517.5438596491229
9,1,15,85.0,5.0,14.5,0.4474653072547224,0.5525346927452777,517.5438596491229
10,1,15,95.0,5.0,14.5,0.42726842394119474,0.5727315760588052,517.5438596491229
11,1,15,105.0,5.0,14.5,0.4006611676211427,0.5993388323788573,517.5438596491229
12,1,15,115.0,5.0,14.5,0.3627118005083517,0.6372881994916483,517.5438596491229
13,1,15,125.0,5.0,14.5,0.31043948403565946,0.6895605159643405,517.5438596491229
14,1,15,135.0,5.0,14.5,0.2541780941670816,0.7458219058329184,517.5438596491229
15,1,15,145.0,5.0,14.5,0.2163019721786745,0.7836980278213255,517.5438596491229
16,1,15,155.0,5.0,14.5,0.20270932916941997,0.79729067083058,517.5438596491229
17,1,15,165.0,5.0,14.5,0.20026760927373932,0.7997323907262607,517.5438596491229
18,1,15,175.0,5.0,14.5,0.2000273776107122,0.7999726223892878,517.5438596491229
19,1,15,185.0,5.0,14.5,0.200017594692646,0.799982405307354,517.5438596491229
20,1,15,195.0,5.0,14.5,0.20001786137102012,0.7999821386289798,517.5438596491229
21,1,15,205.0,5.0,14.5,0.20001837947592863,0.7999816205240714,517.5438596491229
22,1,15,215.0,5.0,14.5,0.2000188998688249,0.7999811001311751,517.5438596491229
23,1,15,225.0,5.0,14.5,0.2000194148560876,0.7999805851439123,517.5438596491229
24,1,15,235.0,5.0,14.5,0.20001992336703758,0.7999800766329624,517.5438596491229
25,1,15,245.0,5.0,14.5,0.20002042499700842,0.7999795750029915,517.5438596491229
26,1,15,255.0,5.0,14.5,0.20002092058605916,0.7999790794139409,517.5438596491229
27,1,15,265.0,5.0,14.5,0.20002141189793773,0.7999785881020622,517.5438596491229
28,1,15,275.0,5.0,14.5,0.20002190054899016,0.7999780994510098,517.5438596491229
29,1,15,285.0,5.0,14.5,0.2000223876844642,0.7999776123155358,517.5438596491229
30,1,15,295.0,5.0,14.5,0.2000228740212611,0.7999771259787389,517.5438596491229
31,1,15,305.0,5.0,14.5,0.2000233599823857,0.7999766400176143,517.5438596491229
32,1,15,315.0,5.0,14.5,0.20002384581417826,0.7999761541858217,517.5438596491229
33,1,15,325.0,5.0,14.5,0.2000243316664574,0.7999756683335426,517.5438596491229
34,1,15,335.0,5.0,14.5,0.2000248176421404,0.7999751823578596,517.5438596491229
35,1,15,345.0,5.0,14.5,0.20002530382698078,0.7999746961730192,517.5438596491229
36,1,15,355.0,5.0,14.5,0.20002579030722165,0.7999742096927783,517.5438596491229
37,1,15,365.0,5.0,14.5,0.20002627717989555,0.7999737228201045,517.5438596491229
38,1,15,375.0,5.0,14.5,0.2000267645572405,0.7999732354427596,517.5438596491229
39,1,15,385.0,5.0,14.5,0.2000272525636676,0.7999727474363324,517.5438596491229
40,1,15,395.0,5.0,14.5,0.20002774131944107,0.7999722586805589,517.5438596491229
41,1,15,405.0,5.0,14.5,0.20002823089825078,0.7999717691017492,517.5438596491229
42,1,15,415.0,5.0,14.5,0.20002872123314705,0.7999712787668529,517.5438596491229
43,1,15,425.0,5.0,14.5,0.20002921192230497,0.7999707880776951,517.5438596491229
44,1,15,435.0,5.0,14.5,0.20002970184539906,0.799970298154601,517.5438596491229
45,1,15,445.0,5.0,14.5,0.20003018842452047,0.7999698115754795,517.5438596491229
46,1,15,455.0,5.0,14.5,0.20003066624716914,0.7999693337528309,517.5438596491229
47,1,15,465.0,5.0,14.5,0.20003112459434746,0.7999688754056525,517.5438596491229
48,1,15,475.0,5.0,14.5,0.20003154328182404,0.799968456718176,517.5438596491229
49,1,15,485.0,5.0,14.5,0.20003188665136384,0.7999681133486362,517.5438596491229
50,1,15,495.0,5.0,14.5,0.20003209879937844,0.7999679012006216,517.5438596491229
1,2,15,5.0,15.0,14.5,0.6497235859925609,0.35027641400743914,517.5438596491229
2,2,15,15.0,15.0,14.5,0.631522917188146,0.368477082811854,517.5438596491229
3,2,15,25.0,15.0,14.5,0.6127538993243936,0.3872461006756064,517.5438596491229
4,2,15,35.0,15.0,14.5,0.5949167181286212,0.40508328187137876,517.5438596491229
5,2,15,45.0,15.0,14.5,0.5783411438970933,0.42165885610290665,517.5438596491229
6,2,15,55.0,15.0,14.5,0.5628231280802941,0.4371768719197059,517.5438596491229
7,2,15,65.0,15.0,14.5,0.5481738922078503,0.4518261077921497,517.5438596491229
8,2,15,75.0,15.0,14.5,0.5341977529343783,0.4658022470656217,517.5438596491229
9,2,15,85.0,15.0,14.5,0.520551860679179,0.479448139320821,517.5438596491229
10,2,15,95.0,15.0,14.5,0.5067384768578832,0.4932615231421168,517.5438596491229
11,2,15,105.0,15.0,14.5,0.49220939732815977,0.5077906026718402,517.5438596491229
12,2,15,115.0,15.0,14.5,0.47610921880393176,0.5238907811960682,517.5438596491229
13,2,15,125.0,15.0,14.5,0.45687728984012904,0.543122710159871,517.5438596491229
14,2,15,135.0,15.0,14.5,0.43218300937277154,0.5678169906272285,517.5438596491229
15,2,15,145.0,15.0,14.5,0.397496929999624,0.602503070000376,517.5438596491229
16,2,15,155.0,15.0,14.5,0.3458278215721544,0.6541721784278456,517.5438596491229
17,2,15,165.0,15.0,14.5,0.27852995444760126,0.7214700455523988,517.5438596491229
18,2,15,175.0,15.0,14.5,0.2225192409428336,0.7774807590571664,517.5438596491229
19,2,15,185.0,15.0,14.5,0.20202132320194657,0.7979786767980535,517.5438596491229
20,2,15,195.0,15.0,14.5,0.20004314523748565,0.7999568547625143,517.5438596491229
21,2,15,205.0,15.0,14.5,0.20001855684858433,0.7999814431514156,517.5438596491229
22,2,15,215.0,15.0,14.5,0.2000188964565696,0.7999811035434304,517.5438596491229
23,2,15,225.0,15.0,14.5,0.20001941418363348,0.7999805858163666,517.5438596491229
24,2,15,235.0,15.0,14.5,0.20001992604310567,0.7999800739568943,517.5438596491229
25,2,15,245.0,15.0,14.5,0.20002042879381954,0.7999795712061805,517.5438596491229
26,2,15,255.0,15.0,14.5,0.20002092391385617,0.7999790760861438,517.5438596491229
27,2,15,265.0,15.0,14.5,0.20002141420787753,0.7999785857921224,517.5438596491229
28,2,15,275.0,15.0,14.5,0.20002190194194114,0.7999780980580589,517.5438596491229
29,2,15,285.0,15.0,14.5,0.2000223884410965,0.7999776115589035,517.5438596491229
30,2,15,295.0,15.0,14.5,0.20002287438328847,0.7999771256167115,517.5438596491229
31,2,15,305.0,15.0,14.5,0.20002336010831792,0.7999766398916821,517.5438596491229
32,2,15,315.0,15.0,14.5,0.20002384579407004,0.7999761542059299,517.5438596491229
33,2,15,325.0,15.0,14.5,0.20002433154478164,0.7999756684552184,517.5438596491229
34,2,15,335.0,15.0,14.5,0.20002481743516015,0.7999751825648398,517.5438596491229
35,2,15,345.0,15.0,14.5,0.2000253035338242,0.7999746964661758,517.5438596491229
36,2,15,355.0,15.0,14.5,0.20002578991690823,0.7999742100830918,517.5438596491229
37,2,15,365.0,15.0,14.5,0.2000262766770856,0.7999737233229144,517.5438596491229
38,2,15,375.0,15.0,14.5,0.2000267639296486,0.7999732360703514,517.5438596491229
39,2,15,385.0,15.0,14.5,0.200027251815358,0.799972748184642,517.5438596491229
40,2,15,395.0,15.0,14.5,0.20002774049703434,0.7999722595029657,517.5438596491229
41,2,15,405.0,15.0,14.5,0.20002823014268253,0.7999717698573174,517.5438596491229
42,2,15,415.0,15.0,14.5,0.20002872087979234,0.7999712791202076,517.5438596491229
43,2,15,425.0,15.0,14.5,0.2000292126883548,0.7999707873116452,517.5438596491229
44,2,15,435.0,15.0,14.5,0.20002970517096488,0.7999702948290351,517.5438596491229
45,2,15,445.0,15.0,14.5,0.2000301970600368,0.7999698029399632,517.5438596491229
46,2,15,455.0,15.0,14.5,0.2000306851580087,0.7999693148419913,517.5438596491229
47,2,15,465.0,15.0,14.5,0.20003116206700078,0.7999688379329992,517.5438596491229
48,2,15,475.0,15.0,14.5,0.20003161141094264,0.7999683885890574,517.5438596491229
49,2,15,485.0,15.0,14.5,0.2000319985558864,0.7999680014441136,517.5438596491229
50,2,15,495.0,15.0,14.5,0.20003225633139643,0.7999677436686036,517.5438596491229
1,3,15,5.0,25.0,14.5,0.7053155953380512,0.2946844046619488,517.5438596491229
2,3,15,15.0,25.0,14.5,0.6818068394509992,0.3181931605490008,517.5438596491229
3,3,15,25.0,25.0,14.5,0.6579626374744322,0.3420373625255678,517.5438596491229
4,3,15,35.0,25.0,14.5,0.6358382325686556,0.36416176743134443,517.5438596491229
5,3,15,45.0,25.0,14.5,0.6159493562222935,0.3840506437777065,517.5438596491229
6,3,15,55.0,25.0,14.5,0.5980665987641163,0.4019334012358837,517.5438596491229
7,3,15,65.0,25.0,14.5,0.5817161068830115,0.41828389311698855,517.5438596491229
8,3,15,75.0,25.0,14.5,0.5663993006606997,0.43360069933930034,517.5438596491229
9,3,15,85.0,25.0,14.5,0.5518960458930667,0.44810395410693327,517.5438596491229
10,3,15,95.0,25.0,14.5,0.5378859017145292,0.4621140982854708,517.5438596491229
11,3,15,105.0,25.0,14.5,0.5240323103849128,0.4759676896150872,517.5438596491229
12,3,15,115.0,25.0,14.5,0.5098519157278999,0.4901480842721001,517.5438596491229
13,3,15,125.0,25.0,14.5,0.49473194725785646,0.5052680527421436,517.5438596491229
14,3,15,135.0,25.0,14.5,0.4777973537682909,0.5222026462317091,517.5438596491229
15,3,15,145.0,25.0,14.5,0.4573513144147651,0.5426486855852348,517.5438596491229
16,3,15,155.0,25.0,14.5,0.43059280407004313,0.5694071959299569,517.5438596491229
17,3,15,165.0,25.0,14.5,0.3922554616505852,0.6077445383494148,517.5438596491229
18,3,15,175.0,25.0,14.5,0.3344086729219243,0.6655913270780758,517.5438596491229
19,3,15,185.0,25.0,14.5,0.2619096636078119,0.738090336392188,517.5438596491229
20,3,15,195.0,25.0,14.5,0.21189085289353038,0.7881091471064696,517.5438596491229
21,3,15,205.0,25.0,14.5,0.2004076625331109,0.7995923374668891,517.5438596491229
22,3,15,215.0,25.0,14.5,0.20002110922580452,0.7999788907741955,517.5438596491229
23,3,15,225.0,25.0,14.5,0.20001942270632242,0.7999805772936776,517.5438596491229
24,3,15,235.0,25.0,14.5,0.20001992695908197,0.799980073040918,517.5438596491229
25,3,15,245.0,25.0,14.5,0.20002043351803916,0.7999795664819609,517.5438596491229
26,3,15,255.0,25.0,14.5,0.2000209293158459,0.7999790706841541,517.5438596491229
27,3,15,265.0,25.0,14.5,0.20002141817338423,0.7999785818266157,517.5438596491229
28,3,15,275.0,25.0,14.5,0.2000219043003732,0.7999780956996267,517.5438596491229
29,3,15,285.0,25.0,14.5,0.20002238967571706,0.7999776103242829,517.5438596491229
30,3,15,295.0,25.0,14.5,0.20002287493951373,0.7999771250604862,517.5438596491229
31,3,15,305.0,25.0,14.5,0.20002336026774584,0.7999766397322542,517.5438596491229
32,3,15,315.0,25.0,14.5,0.2000238457088044,0.7999761542911956,517.5438596491229
33,3,15,325.0,25.0,14.5,0.20002433128505623,0.7999756687149437,517.5438596491229
34,3,15,335.0,25.0,14.5,0.20002481702210448,0.7999751829778955,517.5438596491229
35,3,15,345.0,25.0,14.5,0.20002530295853727,0.7999746970414627,517.5438596491229
36,3,15,355.0,25.0,14.5,0.20002578915171515,0.7999742108482848,517.5438596491229
37,3,15,365.0,25.0,14.5,0.20002627568386686,0.7999737243161331,517.5438596491229
38,3,15,375.0,25.0,14.5,0.2000267626705066,0.7999732373294934,517.5438596491229
39,3,15,385.0,25.0,14.5,0.20002725027213528,0.7999727497278647,517.5438596491229
40,3,15,395.0,25.0,14.5,0.20002773871099533,0.7999722612890047,517.5438596491229
41,3,15,405.0,25.0,14.5,0.20002822829484376,0.7999717717051562,517.5438596491229
42,3,15,415.0,25.0,14.5,0.2000287194506669,0.7999712805493331,517.5438596491229
43,3,15,425.0,25.0,14.5,0.20002921276999058,0.7999707872300095,517.5438596491229
44,3,15,435.0,25.0,14.5,0.20002970904775955,0.7999702909522405,517.5438596491229
45,3,15,445.0,25.0,14.5,0.200030209276763,0.799969790723237,517.5438596491229
46,3,15,455.0,25.0,14.5,0.20003071436023084,0.7999692856397691,517.5438596491229
47,3,15,465.0,25.0,14.5,0.20003122371636087,0.7999687762836392,517.5438596491229
48,3,15,475.0,25.0,14.5,0.20003173041211517,0.7999682695878848,517.5438596491229
49,3,15,485.0,25.0,14.5,0.20003220727012908,0.799967792729871,517.5438596491229
50,3,15,495.0,25.0,14.5,0.20003257463136412,0.7999674253686359,517.5438596491229
1,4,15,5.0,35.0,14.5,0.7487514008292929,0.2512485991707071,517.5438596491229
2,4,15,15.0,35.0,14.5,0.7215495017916204,0.27845049820837964,517.5438596491229
3,4,15,25.0,35.0,14.5,0.6932615482311127,0.30673845176888725,517.5438596491229
4,4,15,35.0,35.0,14.5,0.6669853644197944,0.3330146355802056,517.5438596491229
5,4,15,45.0,35.0,14.5,0.6436838184407271,0.3563161815592729,517.5438596491229
6,4,15,55.0,35.0,14.5,0.6231994600054522,0.37680053999454777,517.5438596491229
7,4,15,65.0,35.0,14.5,0.6049930032912406,0.3950069967087594,517.5438596491229
8,4,15,75.0,35.0,14.5,0.5883978592085497,0.4116021407914503,517.5438596491229
9,4,15,85.0,35.0,14.5,0.5728512444176176,0.4271487555823824,517.5438596491229
10,4,15,95.0,35.0,14.5,0.5580784730096291,0.4419215269903709,517.5438596491229
11,4,15,105.0,35.0,14.5,0.5438311635063573,0.4561688364936427,517.5438596491229
12,4,15,115.0,35.0,14.5,0.5297678952194615,0.47023210478053845,517.5438596491229
13,4,15,125.0,35.0,14.5,0.5154475953675065,0.4845524046324935,517.5438596491229
14,4,15,135.0,35.0,14.5,0.5002741805572473,0.49972581944275274,517.5438596491229
15,4,15,145.0,35.0,14.5,0.4834204736770775,0.5165795263229225,517.5438596491229
16,4,15,155.0,35.0,14.5,0.4633650159243917,0.5366349840756083,517.5438596491229
17,4,15,165.0,35.0,14.5,0.4374124660514801,0.5625875339485199,517.5438596491229
18,4,15,175.0,35.0,14.5,0.400617377880007,0.5993826221199929,517.5438596491229
19,4,15,185.0,35.0,14.5,0.34458021372159375,0.6554197862784062,517.5438596491229
20,4,15,195.0,35.0,14.5,0.2700003193772459,0.7299996806227541,517.5438596491229
21,4,15,205.0,35.0,14.5,0.21394376611738408,0.7860562338826159,517.5438596491229
22,4,15,215.0,35.0,14.5,0.20044118628304466,0.7995588137169554,517.5438596491229
23,4,15,225.0,35.0,14.5,0.20002175447401957,0.7999782455259804,517.5438596491229
24,4,15,235.0,35.0,14.5,0.20001993863474596,0.799980061365254,517.5438596491229
25,4,15,245.0,35.0,14.5,0.20002043637634434,0.7999795636236556,517.5438596491229
26,4,15,255.0,35.0,14.5,0.2000209342986,0.7999790657014,517.5438596491229
27,4,15,265.0,35.0,14.5,0.2000214223282249,0.7999785776717752,517.5438596491229
28,4,15,275.0,35.0,14.5,0.20002190672223338,0.7999780932777666,517.5438596491229
29,4,15,285.0,35.0,14.5,0.20002239084752302,0.799977609152477,517.5438596491229
30,4,15,295.0,35.0,14.5,0.20002287538676142,0.7999771246132386,517.5438596491229
31,4,15,305.0,35.0,14.5,0.20002336030344928,0.7999766396965508,517.5438596491229
32,4,15,315.0,35.0,14.5,0.2000238454867966,0.7999761545132034,517.5438596491229
33,4,15,325.0,35.0,14.5,0.20002433086581564,0.7999756691341844,517.5438596491229
34,4,15,335.0,35.0,14.5,0.2000248164117531,0.7999751835882469,517.5438596491229
35,4,15,345.0,35.0,14.5,0.2000253021287925,0.7999746978712075,517.5438596491229
36,4,15,355.0,35.0,14.5,0.2000257880497081,0.799974211950292,517.5438596491229
37,4,15,365.0,35.0,14.5,0.20002627423807726,0.7999737257619227,517.5438596491229
38,4,15,375.0,35.0,14.5,0.2000267607978162,0.7999732392021838,517.5438596491229
39,4,15,385.0,35.0,14.5,0.20002724789237097,0.799972752107629,517.5438596491229
40,4,15,395.0,35.0,14.5,0.20002773577933078,0.7999722642206692,517.5438596491229
41,4,15,405.0,35.0,14.5,0.2000282248717695,0.7999717751282305,517.5438596491229
42,4,15,415.0,35.0,14.5,0.20002871584789156,0.7999712841521085,517.5438596491229
43,4,15,425.0,35.0,14.5,0.20002920984977507,0.7999707901502249,517.5438596491229
44,4,15,435.0,35.0,14.5,0.2000297088473341,0.7999702911526659,517.5438596491229
45,4,15,445.0,35.0,14.5,0.20003021626555015,0.7999697837344498,517.5438596491229
46,4,15,455.0,35.0,14.5,0.2000307379692845,0.7999692620307155,517.5438596491229
47,4,15,465.0,35.0,14.5,0.20003128332678852,0.7999687166732115,517.5438596491229
48,4,15,475.0,35.0,14.5,0.20003186362616868,0.7999681363738314,517.5438596491229
49,4,15,485.0,35.0,14.5,0.20003247540358293,0.7999675245964171,517.5438596491229
50,4,15,495.0,35.0,14.5,0.2000330429862007,0.7999669570137993,517.5438596491229
1,5,15,5.0,45.0,14.5,0.7827528063795995,0.21724719362040046,517.5438596491229
2,5,15,15.0,45.0,14.5,0.7568604006794579,0.24313959932054208,517.5438596491229
3,5,15,25.0,45.0,14.5,0.7261573439341451,0.2738426560658549,517.5438596491229
4,5,15,35.0,45.0,14.5,0.6969630421900495,0.30303695780995055,517.5438596491229
5,5,15,45.0,45.0,14.5,0.6711890518984522,0.32881094810154776,517.5438596491229
6,5,15,55.0,45.0,14.5,0.6487236388198647,0.3512763611801353,517.5438596491229
7,5,15,65.0,45.0,14.5,0.6288841272030108,0.3711158727969892,517.5438596491229
8,5,15,75.0,45.0,14.5,0.6110302141689302,0.3889697858310698,517.5438596491229
9,5,15,85.0,45.0,14.5,0.5945798707016403,0.4054201292983597,517.5438596491229
10,5,15,95.0,45.0,14.5,0.5790534758805076,0.4209465241194924,517.5438596491229
11,5,15,105.0,45.0,14.5,0.5642343541974202,0.4357656458025798,517.5438596491229
12,5,15,115.0,45.0,14.5,0.5498086408257293,0.45019135917427067,517.5438596491229
13,5,15,125.0,45.0,14.5,0.535449657909995,0.464550342090005,517.5438596491229
14,5,15,135.0,45.0,14.5,0.5207315928803457,0.47926840711965435,517.5438596491229
15,5,15,145.0,45.0,14.5,0.505031048969699,0.49496895103030103,517.5438596491229
16,5,15,155.0,45.0,14.5,0.48746975151160693,0.5125302484883931,517.5438596491229
17,5,15,165.0,45.0,14.5,0.4664279584658098,0.5335720415341902,517.5438596491229
18,5,15,175.0,45.0,14.5,0.4389037817558841,0.5610962182441159,517.5438596491229
19,5,15,185.0,45.0,14.5,0.39930063302805574,0.6006993669719443,517.5438596491229
20,5,15,195.0,45.0,14.5,0.33827832739944147,0.6617216726005586,517.5438596491229
21,5,15,205.0,45.0,14.5,0.25945836527785765,0.7405416347221423,517.5438596491229
22,5,15,215.0,45.0,14.5,0.2084472267796627,0.7915527732203373,517.5438596491229
23,5,15,225.0,45.0,14.5,0.2001269512805804,0.7998730487194197,517.5438596491229
24,5,15,235.0,45.0,14.5,0.20002053374612117,0.7999794662538788,517.5438596491229
25,5,15,245.0,45.0,14.5,0.20002044067987568,0.7999795593201243,517.5438596491229
26,5,15,255.0,45.0,14.5,0.20002093667792012,0.7999790633220799,517.5438596491229
27,5,15,265.0,45.0,14.5,0.20002142453541147,0.7999785754645885,517.5438596491229
28,5,15,275.0,45.0,14.5,0.2000219078916074,0.7999780921083925,517.5438596491229
29,5,15,285.0,45.0,14.5,0.2000223912562875,0.7999776087437125,517.5438596491229
30,5,15,295.0,45.0,14.5,0.20002287537768668,0.7999771246223133,517.5438596491229
31,5,15,305.0,45.0,14.5,0.20002336005456428,0.7999766399454358,517.5438596491229
32,5,15,315.0,45.0,14.5,0.20002384506603968,0.7999761549339603,517.5438596491229
33,5,15,325.0,45.0,14.5,0.20002433028054425,0.7999756697194558,517.5438596491229
34,5,15,335.0,45.0,14.5,0.20002481563228736,0.7999751843677126,517.5438596491229
35,5,15,345.0,45.0,14.5,0.20002530109740907,0.7999746989025909,517.5438596491229
36,5,15,355.0,45.0,14.5,0.20002578668238638,0.7999742133176136,517.5438596491229
37,5,15,365.0,45.0,14.5,0.200026272422754,0.799973727577246,517.5438596491229
38,5,15,375.0,45.0,14.5,0.2000267583915687,0.7999732416084313,517.5438596491229
39,5,15,385.0,45.0,14.5,0.20002724472036215,0.7999727552796378,517.5438596491229
40,5,15,395.0,45.0,14.5,0.20002773164020798,0.7999722683597921,517.5438596491229
41,5,15,405.0,45.0,14.5,0.20002821955843397,0.799971780441566,517.5438596491229
42,5,15,415.0,45.0,14.5,0.20002870920117552,0.7999712907988245,517.5438596491229
43,5,15,425.0,45.0,14.5,0.20002920188124526,0.7999707981187547,517.5438596491229
44,5,15,435.0,45.0,14.5,0.20002970001003686,0.7999702999899632,517.5438596491229
45,5,15,445.0,45.0,14.5,0.20003020810301844,0.7999697918969816,517.5438596491229
46,5,15,455.0,45.0,14.5,0.2000307348245654,0.7999692651754347,517.5438596491229
47,5,15,465.0,45.0,14.5,0.20003129702872233,0.7999687029712776,517.5438596491229
48,5,15,475.0,45.0,14.5,0.200031925120772,0.7999680748792279,517.5438596491229
49,5,15,485.0,45.0,14.5,0.2000326386317631,0.7999673613682369,517.5438596491229
50,5,15,495.0,45.0,14.5,0.20003320611296102,0.799966793887039,517.5438596491229
1,6,15,5.0,55.0,14.5,0.7510060408138135,0.2489939591861865,517.5438596491229
2,6,15,15.0,55.0,14.5,0.7251383349159819,0.2748616650840181,517.5438596491229
3,6,15,25.0,55.0,14.5,0.6980125741811017,0.30198742581889826,517.5438596491229
4,6,15,35.0,55.0,14.5,0.6725307092694347,0.3274692907305653,517.5438596491229
5,6,15,45.0,55.0,14.5,0.6496832264677508,0.3503167735322492,517.5438596491229
6,6,15,55.0,55.0,14.5,0.629416608180014,0.370583391819986,517.5438596491229
7,6,15,65.0,55.0,14.5,0.6112418837335125,0.3887581162664875,517.5438596491229
8,6,15,75.0,55.0,14.5,0.5946010655546061,0.4053989344453939,517.5438596491229
9,6,15,85.0,55.0,14.5,0.5790150766991533,0.4209849233008467,517.5438596491229
10,6,15,95.0,55.0,14.5,0.5641356471406075,0.4358643528593925,517.5438596491229
11,6,15,105.0,55.0,14.5,0.549780385205525,0.45021961479447503,517.5438596491229
12,6,15,115.0,55.0,14.5,0.5356315485896511,0.4643684514103489,517.5438596491229
13,6,15,125.0,55.0,14.5,0.5213114792324274,0.4786885207675726,517.5438596491229
14,6,15,135.0,55.0,14.5,0.5062650622518344,0.49373493774816557,517.5438596491229
15,6,15,145.0,55.0,14.5,0.48975403252897676,0.5102459674710232,517.5438596491229
16,6,15,155.0,55.0,14.5,0.4705036108916413,0.5294963891083587,517.5438596491229
17,6,15,165.0,55.0,14.5,0.44612514033477485,0.5538748596652252,517.5438596491229
18,6,15,175.0,55.0,14.5,0.41238281431532425,0.5876171856846757,517.5438596491229
19,6,15,185.0,55.0,14.5,0.36138406053594896,0.638615939464051,517.5438596491229
20,6,15,195.0,55.0,14.5,0.288530644525934,0.711469355474066,517.5438596491229
21,6,15,205.0,55.0,14.5,0.2226805601852845,0.7773194398147155,517.5438596491229
22,6,15,215.0,55.0,14.5,0.20115249467250412,0.7988475053274959,517.5438596491229
23,6,15,225.0,55.0,14.5,0.20002594616245553,0.7999740538375445,517.5438596491229
24,6,15,235.0,55.0,14.5,0.20001996300548278,0.7999800369945173,517.5438596491229
25,6,15,245.0,55.0,14.5,0.20002043707093803,0.799979562929062,517.5438596491229
26,6,15,255.0,55.0,14.5,0.2000209350003515,0.7999790649996485,517.5438596491229
27,6,15,265.0,55.0,14.5,0.20002142267711376,0.7999785773228862,517.5438596491229
28,6,15,275.0,55.0,14.5,0.20002190658483396,0.799978093415166,517.5438596491229
29,6,15,285.0,55.0,14.5,0.20002239037736577,0.7999776096226342,517.5438596491229
30,6,15,295.0,55.0,14.5,0.2000228747040011,0.7999771252959988,517.5438596491229
31,6,15,305.0,55.0,14.5,0.20002335944805288,0.7999766405519471,517.5438596491229
32,6,15,315.0,55.0,14.5,0.20002384443819787,0.7999761555618021,517.5438596491229
33,6,15,325.0,55.0,14.5,0.20002432955869573,0.7999756704413042,517.5438596491229
34,6,15,335.0,55.0,14.5,0.20002481474137387,0.7999751852586261,517.5438596491229
35,6,15,345.0,55.0,14.5,0.200025299948384,0.799974700051616,517.5438596491229
36,6,15,355.0,55.0,14.5,0.20002578516179462,0.7999742148382054,517.5438596491229
37,6,15,365.0,55.0,14.5,0.20002627038074003,0.7999737296192599,517.5438596491229
38,6,15,375.0,55.0,14.5,0.20002675562635336,0.7999732443736467,517.5438596491229
39,6,15,385.0,55.0,14.5,0.2000272409568342,0.7999727590431658,517.5438596491229
40,6,15,395.0,55.0,14.5,0.2000277264991613,0.7999722735008387,517.5438596491229
41,6,15,405.0,55.0,14.5,0.20002821250985253,0.7999717874901475,517.5438596491229
42,6,15,415.0,55.0,14.5,0.20002869948827162,0.7999713005117284,517.5438596491229
43,6,15,425.0,55.0,14.5,0.200029188383618,0.799970811616382,517.5438596491229
44,6,15,435.0,55.0,14.5,0.20002968096538992,0.7999703190346101,517.5438596491229
45,6,15,445.0,55.0,14.5,0.2000301804572644,0.7999698195427356,517.5438596491229
46,6,15,455.0,55.0,14.5,0.20003069249790284,0.7999693075020972,517.5438596491229
47,6,15,465.0,55.0,14.5,0.20003122601009407,0.799968773989906,517.5438596491229
48,6,15,475.0,55.0,14.5,0.2000317910347811,0.7999682089652189,517.5438596491229
49,6,15,485.0,55.0,14.5,0.20003238176382573,0.7999676182361742,517.5438596491229
50,6,15,495.0,55.0,14.5,0.20003292220806695,0.799967077791933,517.5438596491229
1,7,15,5.0,65.0,14.5,0.7119277415786951,0.2880722584213049,517.5438596491229
2,7,15,15.0,65.0,14.5,0.6896195869291808,0.3103804130708192,517.5438596491229
3,7,15,25.0,65.0,14.5,0.6666183217021044,0.33338167829789556,517.5438596491229
4,7,15,35.0,65.0,14.5,0.6449282340656844,0.35507176593431555,517.5438596491229
5,7,15,45.0,65.0,14.5,0.6251854437520352,0.3748145562479648,517.5438596491229
6,7,15,55.0,65.0,14.5,0.6072894691113327,0.39271053088866725,517.5438596491229
7,7,15,65.0,65.0,14.5,0.5908641662305778,0.4091358337694222,517.5438596491229
8,7,15,75.0,65.0,14.5,0.5754869410467346,0.4245130589532654,517.5438596491229
9,7,15,85.0,65.0,14.5,0.5608263943650359,0.4391736056349641,517.5438596491229
10,7,15,95.0,65.0,14.5,0.5467179146667511,0.4532820853332489,517.5438596491229
11,7,15,105.0,65.0,14.5,0.53284849789779,0.46715150210221,517.5438596491229
12,7,15,115.0,65.0,14.5,0.5188407876679961,0.48115921233200387,517.5438596491229
13,7,15,125.0,65.0,14.5,0.5041606620516929,0.49583933794830715,517.5438596491229
14,7,15,135.0,65.0,14.5,0.4880988770602113,0.5119011229397887,517.5438596491229
15,7,15,145.0,65.0,14.5,0.4694241366315244,0.5305758633684756,517.5438596491229
16,7,15,155.0,65.0,14.5,0.4458952087258,0.5541047912742,517.5438596491229
17,7,15,165.0,65.0,14.5,0.41358985708351476,0.5864101429164852,517.5438596491229
18,7,15,175.0,65.0,14.5,0.36514492340652616,0.6348550765934738,517.5438596491229
19,7,15,185.0,65.0,14.5,0.29547663909488125,0.7045233609051187,517.5438596491229
20,7,15,195.0,65.0,14.5,0.22837111195236445,0.7716288880476355,517.5438596491229
21,7,15,205.0,65.0,14.5,0.20214788364280828,0.7978521163571917,517.5438596491229
22,7,15,215.0,65.0,14.5,0.2000333319359351,0.7999666680640649,517.5438596491229
23,7,15,225.0,65.0,14.5,0.20001949557432006,0.7999805044256799,517.5438596491229
24,7,15,235.0,65.0,14.5,0.20001992820887923,0.7999800717911207,517.5438596491229
25,7,15,245.0,65.0,14.5,0.2000204346901892,0.7999795653098107,517.5438596491229
26,7,15,255.0,65.0,14.5,0.20002093024510004,0.7999790697549,517.5438596491229
27,7,15,265.0,65.0,14.5,0.20002141828342587,0.7999785817165741,517.5438596491229
28,7,15,275.0,65.0,14.5,0.20002190367428432,0.7999780963257157,517.5438596491229
29,7,15,285.0,65.0,14.5,0.2000223885767762,0.7999776114232238,517.5438596491229
30,7,15,295.0,65.0,14.5,0.2000228735271287,0.7999771264728713,517.5438596491229
31,7,15,305.0,65.0,14.5,0.20002335857623268,0.7999766414237673,517.5438596491229
32,7,15,315.0,65.0,14.5,0.20002384367666956,0.7999761563233304,517.5438596491229
33,7,15,325.0,65.0,14.5,0.20002432877549664,0.7999756712245034,517.5438596491229
34,7,15,335.0,65.0,14.5,0.20002481382811557,0.7999751861718845,517.5438596491229
35,7,15,345.0,65.0,14.5,0.2000252987952027,0.7999747012047973,517.5438596491229
36,7,15,355.0,65.0,14.5,0.20002578363776408,0.7999742163622359,517.5438596491229
37,7,15,365.0,65.0,14.5,0.2000262683137452,0.7999737316862547,517.5438596491229
38,7,15,375.0,65.0,14.5,0.20002675277705817,0.7999732472229418,517.5438596491229
39,7,15,385.0,65.0,14.5,0.20002723698043534,0.7999727630195647,517.5438596491229
40,7,15,395.0,65.0,14.5,0.20002772088464932,0.7999722791153507,517.5438596491229
41,7,15,405.0,65.0,14.5,0.20002820447893194,0.7999717955210681,517.5438596491229
42,7,15,415.0,65.0,14.5,0.20002868781953287,0.7999713121804671,517.5438596491229
43,7,15,425.0,65.0,14.5,0.2000291710939431,0.7999708289060569,517.5438596491229
44,7,15,435.0,65.0,14.5,0.20002965470713235,0.7999703452928677,517.5438596491229
45,7,15,445.0,65.0,14.5,0.20003013933197494,0.799969860668025,517.5438596491229
46,7,15,455.0,65.0,14.5,0.20003062567102448,0.7999693743289755,517.5438596491229
47,7,15,465.0,65.0,14.5,0.20003111308394989,0.7999688869160502,517.5438596491229
48,7,15,475.0,65.0,14.5,0.2000315947465395,0.7999684052534605,517.5438596491229
49,7,15,485.0,65.0,14.5,0.20003204440035433,0.7999679555996457,517.5438596491229
50,7,15,495.0,65.0,14.5,0.20003238731056744,0.7999676126894326,517.5438596491229
1,8,15,5.0,75.0,14.5,0.6655925404368079,0.33440745956319207,517.5438596491229
2,8,15,15.0,75.0,14.5,0.6479787061974338,0.3520212938025662,517.5438596491229
3,8,15,25.0,75.0,14.5,0.6295058941025954,0.3704941058974046,517.5438596491229
4,8,15,35.0,75.0,14.5,0.6117095605392537,0.38829043946074626,517.5438596491229
5,8,15,45.0,75.0,14.5,0.5950361439184194,0.4049638560815806,517.5438596491229
6,8,15,55.0,75.0,14.5,0.579422137431978,0.420577862568022,517.5438596491229
7,8,15,65.0,75.0,14.5,0.564588332157808,0.435411667842192,517.5438596491229
8,8,15,75.0,75.0,14.5,0.5504359645203756,0.4495640354796244,517.5438596491229
9,8,15,85.0,75.0,14.5,0.5367125674122385,0.4632874325877615,517.5438596491229
10,8,15,95.0,75.0,14.5,0.5231216393700387,0.47687836062996125,517.5438596491229
11,8,15,105.0,75.0,14.5,0.5092000570753015,0.49079994292469853,517.5438596491229
12,8,15,115.0,75.0,14.5,0.49438324832937547,0.5056167516706245,517.5438596491229
13,8,15,125.0,75.0,14.5,0.47784564696319876,0.5221543530368012,517.5438596491229
14,8,15,135.0,75.0,14.5,0.4579637605000234,0.5420362394999766,517.5438596491229
15,8,15,145.0,75.0,14.5,0.43216452828997953,0.5678354717100205,517.5438596491229
16,8,15,155.0,75.0,14.5,0.3955989158645357,0.6044010841354643,517.5438596491229
17,8,15,165.0,75.0,14.5,0.34057888552902427,0.6594211144709757,517.5438596491229
18,8,15,175.0,75.0,14.5,0.26976515415961866,0.7302348458403813,517.5438596491229
19,8,15,185.0,75.0,14.5,0.21605699511767334,0.7839430048823266,517.5438596491229
20,8,15,195.0,75.0,14.5,0.20083941426630816,0.7991605857336919,517.5438596491229
21,8,15,205.0,75.0,14.5,0.20002349069547326,0.7999765093045268,517.5438596491229
22,8,15,215.0,75.0,14.5,0.20001892911050118,0.7999810708894988,517.5438596491229
23,8,15,225.0,75.0,14.5,0.2000194164358241,0.7999805835641759,517.5438596491229
24,8,15,235.0,75.0,14.5,0.20001992780919609,0.7999800721908039,517.5438596491229
25,8,15,245.0,75.0,14.5,0.20002042999850833,0.7999795700014917,517.5438596491229
26,8,15,255.0,75.0,14.5,0.20002092403363395,0.7999790759663661,517.5438596491229
27,8,15,265.0,75.0,14.5,0.20002141332026666,0.7999785866797333,517.5438596491229
28,8,15,275.0,75.0,14.5,0.2000219003993162,0.7999780996006838,517.5438596491229
29,8,15,285.0,75.0,14.5,0.20002238652039123,0.7999776134796088,517.5438596491229
30,8,15,295.0,75.0,14.5,0.20002287220037948,0.7999771277996205,517.5438596491229
31,8,15,305.0,75.0,14.5,0.2000233576408599,0.7999766423591401,517.5438596491229
32,8,15,315.0,75.0,14.5,0.2000238429149512,0.7999761570850488,517.5438596491229
33,8,15,325.0,75.0,14.5,0.20002432803971965,0.7999756719602804,517.5438596491229
34,8,15,335.0,75.0,14.5,0.2000248130024999,0.7999751869975,517.5438596491229
35,8,15,345.0,75.0,14.5,0.2000252977687912,0.7999747022312088,517.5438596491229
36,8,15,355.0,75.0,14.5,0.20002578228240905,0.7999742177175909,517.5438596491229
37,8,15,365.0,75.0,14.5,0.20002626646102886,0.7999737335389712,517.5438596491229
38,8,15,375.0,75.0,14.5,0.20002675018834062,0.7999732498116594,517.5438596491229
39,8,15,385.0,75.0,14.5,0.20002723330169353,0.7999727666983065,517.5438596491229
40,8,15,395.0,75.0,14.5,0.20002771557384097,0.799972284426159,517.5438596491229
41,8,15,405.0,75.0,14.5,0.2000281966842942,0.7999718033157058,517.5438596491229
42,8,15,415.0,75.0,14.5,0.20002867617173345,0.7999713238282665,517.5438596491229
43,8,15,425.0,75.0,14.5,0.20002915334704666,0.7999708466529534,517.5438596491229
44,8,15,435.0,75.0,14.5,0.2000296271180838,0.7999703728819162,517.5438596491229
45,8,15,445.0,75.0,14.5,0.20003009560711058,0.7999699043928894,517.5438596491229
46,8,15,455.0,75.0,14.5,0.2000305552781906,0.7999694447218094,517.5438596491229
47,8,15,465.0,75.0,14.5,0.20003099895325593,0.7999690010467441,517.5438596491229
48,8,15,475.0,75.0,14.5,0.2000314115541067,0.7999685884458934,517.5438596491229
49,8,15,485.0,75.0,14.5,0.20003176206758663,0.7999682379324133,517.5438596491229
50,8,15,495.0,75.0,14.5,0.20003199194333152,0.7999680080566685,517.5438596491229
1,9,15,5.0,85.0,14.5,0.6090222001739221,0.39097779982607794,517.5438596491229
2,9,15,15.0,85.0,14.5,0.5959880397947256,0.4040119602052744,517.5438596491229
3,9,15,25.0,85.0,14.5,0.5817491043924163,0.41825089560758366,517.5438596491229
4,9,15,35.0,85.0,14.5,0.5673830941201928,0.43261690587980717,517.5438596491229
5,9,15,45.0,85.0,14.5,0.5531824952879906,0.44681750471200943,517.5438596491229
6,9,15,55.0,85.0,14.5,0.539413715896949,0.460586284103051,517.5438596491229
7,9,15,65.0,85.0,14.5,0.5259835074949915,0.47401649250500855,517.5438596491229
8,9,15,75.0,85.0,14.5,0.5126196579692885,0.48738034203071146,517.5438596491229
9,9,15,85.0,85.0,14.5,0.4988739883155298,0.5011260116844702,517.5438596491229
10,9,15,95.0,85.0,14.5,0.4841778059063077,0.5158221940936922,517.5438596491229
11,9,15,105.0,85.0,14.5,0.46752279258510454,0.5324772074148955,517.5438596491229
12,9,15,115.0,85.0,14.5,0.4472114904723467,0.5527885095276532,517.5438596491229
13,9,15,125.0,85.0,14.5,0.42054738900145733,0.5794526109985427,517.5438596491229
14,9,15,135.0,85.0,14.5,0.38237505768387625,0.6176249423161237,517.5438596491229
15,9,15,145.0,85.0,14.5,0.3270188755232209,0.6729811244767792,517.5438596491229
16,9,15,155.0,85.0,14.5,0.26168871053694104,0.738311289463059,517.5438596491229
17,9,15,165.0,85.0,14.5,0.2153800376312858,0.7846199623687142,517.5438596491229
18,9,15,175.0,85.0,14.5,0.20121923435545117,0.7987807656445488,517.5438596491229
19,9,15,185.0,85.0,14.5,0.20003695181385905,0.799963048186141,517.5438596491229
20,9,15,195.0,85.0,14.5,0.20001811082533846,0.7999818891746615,517.5438596491229
21,9,15,205.0,85.0,14.5,0.20001839068388386,0.7999816093161162,517.5438596491229
22,9,15,215.0,85.0,14.5,0.20001890544433265,0.7999810945556673,517.5438596491229
23,9,15,225.0,85.0,14.5,0.2000194184337433,0.7999805815662567,517.5438596491229
24,9,15,235.0,85.0,14.5,0.20001992475628316,0.7999800752437168,517.5438596491229
25,9,15,245.0,85.0,14.5,0.20002042438715795,0.799979575612842,517.5438596491229
26,9,15,255.0,85.0,14.5,0.20002091867800034,0.7999790813219997,517.5438596491229
27,9,15,265.0,85.0,14.5,0.20002140932866422,0.7999785906713358,517.5438596491229
28,9,15,275.0,85.0,14.5,0.20002189773582782,0.7999781022641722,517.5438596491229
29,9,15,285.0,85.0,14.5,0.2000223848099693,0.7999776151900306,517.5438596491229
30,9,15,295.0,85.0,14.5,0.20002287108695882,0.7999771289130412,517.5438596491229
31,9,15,305.0,85.0,14.5,0.20002335686551112,0.7999766431344889,517.5438596491229
32,9,15,315.0,85.0,14.5,0.20002384230224815,0.7999761576977519,517.5438596491229
33,9,15,325.0,85.0,14.5,0.20002432746760423,0.7999756725323958,517.5438596491229
34,9,15,335.0,85.0,14.5,0.20002481237555458,0.7999751876244454,517.5438596491229
35,9,15,345.0,85.0,14.5,0.20002529699734634,0.7999747030026536,517.5438596491229
36,9,15,355.0,85.0,14.5,0.2000257812640941,0.7999742187359059,517.5438596491229
37,9,15,365.0,85.0,14.5,0.20002626506123036,0.7999737349387697,517.5438596491229
38,9,15,375.0,85.0,14.5,0.20002674821407,0.79997325178593,517.5438596491229
39,9,15,385.0,85.0,14.5,0.200027230462379,0.799972769537621,517.5438596491229
40,9,15,395.0,85.0,14.5,0.2000277114178011,0.7999722885821989,517.5438596491229
41,9,15,405.0,85.0,14.5,0.2000281904937197,0.7999718095062803,517.5438596491229
42,9,15,415.0,85.0,14.5,0.20002866678778722,0.7999713332122128,517.5438596491229
43,9,15,425.0,85.0,14.5,0.2000291388818814,0.7999708611181187,517.5438596491229
44,9,15,435.0,85.0,14.5,0.2000296044955245,0.7999703955044755,517.5438596491229
45,9,15,445.0,85.0,14.5,0.20003005987715353,0.7999699401228465,517.5438596491229
46,9,15,455.0,85.0,14.5,0.20003049873283776,0.7999695012671623,517.5438596491229
47,9,15,465.0,85.0,14.5,0.200030910380363,0.799969089619637,517.5438596491229
48,9,15,475.0,85.0,14.5,0.20003127678906732,0.7999687232109327,517.5438596491229
49,9,15,485.0,85.0,14.5,0.20003156869292157,0.7999684313070784,517.5438596491229
50,9,15,495.0,85.0,14.5,0.20003174348729486,0.7999682565127051,517.5438596491229
1,10,15,5.0,95.0,14.5,0.5178932613131805,0.4821067386868195,517.5438596491229
2,10,15,15.0,95.0,14.5,0.5079343588712997,0.4920656411287003,517.5438596491229
3,10,15,25.0,95.0,14.5,0.495977462494207,0.504022537505793,517.5438596491229
4,10,15,35.0,95.0,14.5,0.48309361650881083,0.5169063834911891,517.5438596491229
5,10,15,45.0,95.0,14.5,0.46958891061780694,0.5304110893821931,517.5438596491229
6,10,15,55.0,95.0,14.5,0.4551882049741333,0.5448117950258666,517.5438596491229
7,10,15,65.0,95.0,14.5,0.4391448060736061,0.5608551939263939,517.5438596491229
8,10,15,75.0,95.0,14.5,0.4199927890944547,0.5800072109055453,517.5438596491229
9,10,15,85.0,95.0,14.5,0.39526807276042975,0.6047319272395703,517.5438596491229
10,10,15,95.0,95.0,14.5,0.3609296040079232,0.6390703959920768,517.5438596491229
11,10,15,105.0,95.0,14.5,0.3140912649081339,0.6859087350918661,517.5438596491229
12,10,15,115.0,95.0,14.5,0.26195975920895714,0.7380402407910429,517.5438596491229
13,10,15,125.0,95.0,14.5,0.22310017484208064,0.7768998251579193,517.5438596491229
14,10,15,135.0,95.0,14.5,0.20593877987742185,0.7940612201225782,517.5438596491229
15,10,15,145.0,95.0,14.5,0.2011970533358882,0.7988029466641118,517.5438596491229
16,10,15,155.0,95.0,14.5,0.20015442436159328,0.7998455756384067,517.5438596491229
17,10,15,165.0,95.0,14.5,0.20002272574822902,0.799977274251771,517.5438596491229
18,10,15,175.0,95.0,14.5,0.20001703960274303,0.799982960397257,517.5438596491229
19,10,15,185.0,95.0,14.5,0.20001736912113055,0.7999826308788694,517.5438596491229
20,10,15,195.0,95.0,14.5,0.20001788006656585,0.7999821199334342,517.5438596491229
21,10,15,205.0,95.0,14.5,0.2000183948875914,0.7999816051124086,517.5438596491229
22,10,15,215.0,95.0,14.5,0.2000189075534282,0.7999810924465718,517.5438596491229
23,10,15,225.0,95.0,14.5,0.20001941705211476,0.7999805829478852,517.5438596491229
24,10,15,235.0,95.0,14.5,0.2000199216300709,0.7999800783699291,517.5438596491229
25,10,15,245.0,95.0,14.5,0.20002042092606703,0.799979579073933,517.5438596491229
26,10,15,255.0,95.0,14.5,0.20002091573315556,0.7999790842668444,517.5438596491229
27,10,15,265.0,95.0,14.5,0.20002140716683273,0.7999785928331673,517.5438596491229
28,10,15,275.0,95.0,14.5,0.20002189627308525,0.7999781037269147,517.5438596491229
29,10,15,285.0,95.0,14.5,0.2000223838549056,0.7999776161450944,517.5438596491229
30,10,15,295.0,95.0,14.5,0.2000228704593831,0.7999771295406168,517.5438596491229
31,10,15,305.0,95.0,14.5,0.20002335642923458,0.7999766435707654,517.5438596491229
32,10,15,315.0,95.0,14.5,0.20002384196169803,0.799976158038302,517.5438596491229
33,10,15,325.0,95.0,14.5,0.2000243271547772,0.7999756728452228,517.5438596491229
34,10,15,335.0,95.0,14.5,0.20002481203707687,0.7999751879629231,517.5438596491229
35,10,15,345.0,95.0,14.5,0.2000252965831869,0.7999747034168131,517.5438596491229
36,10,15,355.0,95.0,14.5,0.2000257807174601,0.7999742192825399,517.5438596491229
37,10,15,365.0,95.0,14.5,0.20002626430723508,0.799973735692765,517.5438596491229
38,10,15,375.0,95.0,14.5,0.20002674714478372,0.7999732528552163,517.5438596491229
39,10,15,385.0,95.0,14.5,0.2000272289139829,0.7999727710860172,517.5438596491229
40,10,15,395.0,95.0,14.5,0.20002770913393889,0.7999722908660611,517.5438596491229
41,10,15,405.0,95.0,14.5,0.20002818706521874,0.7999718129347813,517.5438596491229
42,10,15,415.0,95.0,14.5,0.2000286615539618,0.7999713384460382,517.5438596491229
43,10,15,425.0,95.0,14.5,0.20002913077276616,0.7999708692272338,517.5438596491229
44,10,15,435.0,95.0,14.5,0.20002959179194196,0.7999704082080581,517.5438596491229
45,10,15,445.0,95.0,14.5,0.2000300398808322,0.7999699601191678,517.5438596491229
46,10,15,455.0,95.0,14.5,0.20003046740558791,0.7999695325944121,517.5438596491229
47,10,15,465.0,95.0,14.5,0.20003086219997704,0.799969137800023,517.5438596491229
48,10,15,475.0,95.0,14.5,0.200031205478709,0.799968794521291,517.5438596491229
49,10,15,485.0,95.0,14.5,0.2000314701105872,0.7999685298894128,517.5438596491229
50,10,15,495.0,95.0,14.5,0.20003162205664193,0.7999683779433581,517.5438596491229
1,1,16,5.0,5.0,15.5,0.5404842328945051,0.4595157671054949,447.36842105263156
2,1,16,15.0,5.0,15.5,0.526008042329091,0.47399195767090896,447.36842105263156
3,1,16,25.0,5.0,15.5,0.5099988838237527,0.4900011161762473,447.36842105263156
4,1,16,35.0,5.0,15.5,0.49287320272512675,0.5071267972748732,447.36842105263156
5,1,16,45.0,5.0,15.5,0.4754576336145952,0.5245423663854047,447.36842105263156
6,1,16,55.0,5.0,15.5,0.4572319364745769,0.5427680635254231,447.36842105263156
7,1,16,65.0,5.0,15.5,0.43669179841554684,0.5633082015844532,447.36842105263156
8,1,16,75.0,5.0,15.5,0.4113221489556965,0.5886778510443035,447.36842105263156
9,1,16,85.0,5.0,15.5,0.3766448936718534,0.6233551063281466,447.36842105263156
10,1,16,95.0,5.0,15.5,0.3279113958025778,0.6720886041974222,447.36842105263156
11,1,16,105.0,5.0,15.5,0.27074514832630686,0.7292548516736932,447.36842105263156
12,1,16,115.0,5.0,15.5,0.22606212496700478,0.7739378750329953,447.36842105263156
13,1,16,125.0,5.0,15.5,0.20594327454292527,0.7940567254570747,447.36842105263156
14,1,16,135.0,5.0,15.5,0.2008437952979329,0.799156204702067,447.36842105263156
15,1,16,145.0,5.0,15.5,0.20008103337464075,0.7999189666253592,447.36842105263156
16,1,16,155.0,5.0,15.5,0.20001864517357848,0.7999813548264215,447.36842105263156
17,1,16,165.0,5.0,15.5,0.2000162896173151,0.7999837103826849,447.36842105263156
18,1,16,175.0,5.0,15.5,0.20001665331204055,0.7999833466879595,447.36842105263156
19,1,16,185.0,5.0,15.5,0.2000171594367436,0.7999828405632564,447.36842105263156
20,1,16,195.0,5.0,15.5,0.20001767626687317,0.7999823237331268,447.36842105263156
21,1,16,205.0,5.0,15.5,0.20001819661194806,0.7999818033880519,447.36842105263156
22,1,16,215.0,5.0,15.5,0.2000187162177416,0.7999812837822584,447.36842105263156
23,1,16,225.0,5.0,15.5,0.20001923121122048,0.7999807687887796,447.36842105263156
24,1,16,235.0,5.0,15.5,0.20001974004783526,0.7999802599521647,447.36842105263156
25,1,16,245.0,5.0,15.5,0.20002024212399291,0.7999797578760071,447.36842105263156
26,1,16,255.0,5.0,15.5,0.20002073815366064,0.7999792618463394,447.36842105263156
27,1,16,265.0,5.0,15.5,0.20002122977529768,0.7999787702247023,447.36842105263156
28,1,16,275.0,5.0,15.5,0.20002171860355478,0.7999782813964452,447.36842105263156
29,1,16,285.0,5.0,15.5,0.20002220582889205,0.7999777941711079,447.36842105263156
30,1,16,295.0,5.0,15.5,0.2000226922091713,0.7999773077908288,447.36842105263156
31,1,16,305.0,5.0,15.5,0.2000231781924535,0.7999768218075465,447.36842105263156
32,1,16,315.0,5.0,15.5,0.20002366403812102,0.799976335961879,447.36842105263156
33,1,16,325.0,5.0,15.5,0.20002414990231757,0.7999758500976825,447.36842105263156
34,1,16,335.0,5.0,15.5,0.20002463589112016,0.7999753641088798,447.36842105263156
35,1,16,345.0,5.0,15.5,0.20002512209213366,0.7999748779078664,447.36842105263156
36,1,16,355.0,5.0,15.5,0.2000256085930222,0.7999743914069778,447.36842105263156
37,1,16,365.0,5.0,15.5,0.20002609549215017,0.7999739045078498,447.36842105263156
38,1,16,375.0,5.0,15.5,0.20002658290299136,0.7999734170970086,447.36842105263156
39,1,16,385.0,5.0,15.5,0.20002707095074665,0.7999729290492533,447.36842105263156
40,1,16,395.0,5.0,15.5,0.20002755975518674,0.7999724402448133,447.36842105263156
41,1,16,405.0,5.0,15.5,0.20002804938641325,0.7999719506135867,447.36842105263156
42,1,16,415.0,5.0,15.5,0.20002853976719184,0.7999714602328082,447.36842105263156
43,1,16,425.0,5.0,15.5,0.20002903047170337,0.7999709695282966,447.36842105263156
44,1,16,435.0,5.0,15.5,0.20002952032877422,0.7999704796712258,447.36842105263156
45,1,16,445.0,5.0,15.5,0.2000300066600507,0.7999699933399493,447.36842105263156
46,1,16,455.0,5.0,15.5,0.2000304838680218,0.7999695161319782,447.36842105263156
47,1,16,465.0,5.0,15.5,0.20003094092680207,0.7999690590731979,447.36842105263156
48,1,16,475.0,5.0,15.5,0.2000313572407808,0.7999686427592192,447.36842105263156
49,1,16,485.0,5.0,15.5,0.2000316968887465,0.7999683031112534,447.36842105263156
50,1,16,495.0,5.0,15.5,0.20003190465708579,0.7999680953429142,447.36842105263156
1,2,16,5.0,15.0,15.5,0.6331259261204475,0.3668740738795525,447.36842105263156
2,2,16,15.0,15.0,15.5,0.6132438239623292,0.38675617603767076,447.36842105263156
3,2,16,25.0,15.0,15.5,0.5929334777361163,0.40706652226388373,447.36842105263156
4,2,16,35.0,15.0,15.5,0.5736709848283131,0.42632901517168686,447.36842105263156
5,2,16,45.0,15.0,15.5,0.5555168173389082,0.44448318266109177,447.36842105263156
6,2,16,55.0,15.0,15.5,0.5381238646854696,0.4618761353145304,447.36842105263156
7,2,16,65.0,15.0,15.5,0.5214334121335324,0.47856658786646755,447.36842105263156
8,2,16,75.0,15.0,15.5,0.5048584361011467,0.49514156389885333,447.36842105263156
9,2,16,85.0,15.0,15.5,0.48767931330400527,0.5123206866959947,447.36842105263156
10,2,16,95.0,15.0,15.5,0.46853682462413204,0.531463175375868,447.36842105263156
11,2,16,105.0,15.0,15.5,0.4455773989467956,0.5544226010532044,447.36842105263156
12,2,16,115.0,15.0,15.5,0.41552074186289045,0.5844792581371095,447.36842105263156
13,2,16,125.0,15.0,15.5,0.37225403213586983,0.6277459678641302,447.36842105263156
14,2,16,135.0,15.0,15.5,0.31243622650912634,0.6875637734908737,447.36842105263156
15,2,16,145.0,15.0,15.5,0.24980253194114482,0.7501974680588552,447.36842105263156
16,2,16,155.0,15.0,15.5,0.21172868159246705,0.788271318407533,447.36842105263156
17,2,16,165.0,15.0,15.5,0.20108915387304147,0.7989108461269585,447.36842105263156
18,2,16,175.0,15.0,15.5,0.20004780524252042,0.7999521947574796,447.36842105263156
19,2,16,185.0,15.0,15.5,0.200017683224807,0.7999823167751929,447.36842105263156
20,2,16,195.0,15.0,15.5,0.2000176747604711,0.7999823252395288,447.36842105263156
21,2,16,205.0,15.0,15.5,0.2000181909273505,0.7999818090726495,447.36842105263156
22,2,16,215.0,15.0,15.5,0.20001871228675866,0.7999812877132413,447.36842105263156
23,2,16,225.0,15.0,15.5,0.20001923028962904,0.7999807697103709,447.36842105263156
24,2,16,235.0,15.0,15.5,0.20001974182231075,0.7999802581776893,447.36842105263156
25,2,16,245.0,15.0,15.5,0.20002024507347765,0.7999797549265224,447.36842105263156
26,2,16,255.0,15.0,15.5,0.2000207409599004,0.7999792590400996,447.36842105263156
27,2,16,265.0,15.0,15.5,0.20002123183435744,0.7999787681656425,447.36842105263156
28,2,16,275.0,15.0,15.5,0.2000217198921347,0.7999782801078653,447.36842105263156
29,2,16,285.0,15.0,15.5,0.20002220654507308,0.7999777934549269,447.36842105263156
30,2,16,295.0,15.0,15.5,0.2000226925555062,0.7999773074444938,447.36842105263156
31,2,16,305.0,15.0,15.5,0.20002317831154812,0.7999768216884519,447.36842105263156
32,2,16,315.0,15.0,15.5,0.20002366401399788,0.7999763359860022,447.36842105263156
33,2,16,325.0,15.0,15.5,0.20002414977715616,0.7999758502228438,447.36842105263156
34,2,16,335.0,15.0,15.5,0.20002463568025206,0.7999753643197479,447.36842105263156
35,2,16,345.0,15.0,15.5,0.20002512179422088,0.7999748782057792,447.36842105263156
36,2,16,355.0,15.0,15.5,0.20002560819685647,0.7999743918031436,447.36842105263156
37,2,16,365.0,15.0,15.5,0.20002609498237808,0.7999739050176219,447.36842105263156
38,2,16,375.0,15.0,15.5,0.20002658226771178,0.7999734177322883,447.36842105263156
39,2,16,385.0,15.0,15.5,0.2000270701953094,0.7999729298046906,447.36842105263156
40,2,16,395.0,15.0,15.5,0.20002755892929847,0.7999724410707015,447.36842105263156
41,2,16,405.0,15.0,15.5,0.20002804863768509,0.7999719513623149,447.36842105263156
42,2,16,415.0,15.0,15.5,0.20002853944462254,0.7999714605553775,447.36842105263156
43,2,16,425.0,15.0,15.5,0.2000290313194219,0.799970968680578,447.36842105263156
44,2,16,435.0,15.0,15.5,0.20002952383833258,0.7999704761616674,447.36842105263156
45,2,16,445.0,15.0,15.5,0.20003001567557216,0.7999699843244279,447.36842105263156
46,2,16,455.0,15.0,15.5,0.20003050351486243,0.7999694964851376,447.36842105263156
47,2,16,465.0,15.0,15.5,0.200030979731903,0.799969020268097,447.36842105263156
48,2,16,475.0,15.0,15.5,0.20003142756035494,0.799968572439645,447.36842105263156
49,2,16,485.0,15.0,15.5,0.20003181183389457,0.7999681881661054,447.36842105263156
50,2,16,495.0,15.0,15.5,0.20003206522504424,0.7999679347749558,447.36842105263156
1,3,16,5.0,25.0,15.5,0.6936074313149935,0.3063925686850065,447.36842105263156
2,3,16,15.0,25.0,15.5,0.6676220736625628,0.33237792633743724,447.36842105263156
3,3,16,25.0,25.0,15.5,0.6414760639610981,0.35852393603890187,447.36842105263156
4,3,16,35.0,25.0,15.5,0.617435351022727,0.38256464897727305,447.36842105263156
5,3,16,45.0,25.0,15.5,0.5959814615703004,0.4040185384296996,447.36842105263156
6,3,16,55.0,25.0,15.5,0.5766518664686796,0.4233481335313204,447.36842105263156
7,3,16,65.0,25.0,15.5,0.5586296858133506,0.4413703141866494,447.36842105263156
8,3,16,75.0,25.0,15.5,0.5415279593157126,0.4584720406842874,447.36842105263156
9,3,16,85.0,25.0,15.5,0.5250138361071791,0.4749861638928209,447.36842105263156
10,3,16,95.0,25.0,15.5,0.5084556490654606,0.4915443509345394,447.36842105263156
11,3,16,105.0,25.0,15.5,0.49115680375625576,0.5088431962437443,447.36842105263156
12,3,16,115.0,25.0,15.5,0.471836196240478,0.528163803759522,447.36842105263156
13,3,16,125.0,25.0,15.5,0.4485457448422805,0.5514542551577195,447.36842105263156
14,3,16,135.0,25.0,15.5,0.4180354110577704,0.5819645889422296,447.36842105263156
15,3,16,145.0,25.0,15.5,0.3740233052264379,0.6259766947735621,447.36842105263156
16,3,16,155.0,25.0,15.5,0.3120367363236068,0.6879632636763933,447.36842105263156
17,3,16,165.0,25.0,15.5,0.24669013594505756,0.7533098640549425,447.36842105263156
18,3,16,175.0,25.0,15.5,0.20925013366330986,0.7907498663366901,447.36842105263156
19,3,16,185.0,25.0,15.5,0.20056466583314478,0.7994353341668552,447.36842105263156
20,3,16,195.0,25.0,15.5,0.20002588004954167,0.7999741199504583,447.36842105263156
21,3,16,205.0,25.0,15.5,0.200018259905955,0.799981740094045,447.36842105263156
22,3,16,215.0,25.0,15.5,0.2000187061199678,0.7999812938800321,447.36842105263156
23,3,16,225.0,25.0,15.5,0.20001922693307214,0.7999807730669278,447.36842105263156
24,3,16,235.0,25.0,15.5,0.20001974242360773,0.7999802575763922,447.36842105263156
25,3,16,245.0,25.0,15.5,0.2000202487705158,0.7999797512294842,447.36842105263156
26,3,16,255.0,25.0,15.5,0.2000207453940753,0.7999792546059247,447.36842105263156
27,3,16,265.0,25.0,15.5,0.2000212352799077,0.7999787647200923,447.36842105263156
28,3,16,275.0,25.0,15.5,0.2000217220359538,0.7999782779640462,447.36842105263156
29,3,16,285.0,25.0,15.5,0.20002220770023704,0.799977792299763,447.36842105263156
30,3,16,295.0,25.0,15.5,0.20002269308244125,0.7999773069175588,447.36842105263156
31,3,16,305.0,25.0,15.5,0.20002317845864598,0.7999768215413541,447.36842105263156
32,3,16,315.0,25.0,15.5,0.20002366392144225,0.7999763360785578,447.36842105263156
33,3,16,325.0,25.0,15.5,0.20002414951093392,0.799975850489066,447.36842105263156
34,3,16,335.0,25.0,15.5,0.20002463525973135,0.7999753647402686,447.36842105263156
35,3,16,345.0,25.0,15.5,0.20002512120963728,0.7999748787903627,447.36842105263156
36,3,16,355.0,25.0,15.5,0.20002560741995706,0.7999743925800429,447.36842105263156
37,3,16,365.0,25.0,15.5,0.20002609397481114,0.7999739060251889,447.36842105263156
38,3,16,375.0,25.0,15.5,0.20002658099190987,0.7999734190080902,447.36842105263156
39,3,16,385.0,25.0,15.5,0.2000270686347621,0.799972931365238,447.36842105263156
40,3,16,395.0,25.0,15.5,0.20002755712965853,0.7999724428703414,447.36842105263156
41,3,16,405.0,25.0,15.5,0.2000280467900269,0.7999719532099732,447.36842105263156
42,3,16,415.0,25.0,15.5,0.20002853805071374,0.7999714619492863,447.36842105263156
43,3,16,425.0,25.0,15.5,0.20002903151425855,0.7999709684857415,447.36842105263156
44,3,16,435.0,25.0,15.5,0.2000295279921081,0.799970472007892,447.36842105263156
45,3,16,445.0,25.0,15.5,0.20003002850208645,0.7999699714979136,447.36842105263156
46,3,16,455.0,25.0,15.5,0.20003053398459117,0.7999694660154089,447.36842105263156
47,3,16,465.0,25.0,15.5,0.20003104391200444,0.7999689560879956,447.36842105263156
48,3,16,475.0,25.0,15.5,0.2000315513793787,0.7999684486206213,447.36842105263156
49,3,16,485.0,25.0,15.5,0.20003202885120647,0.7999679711487935,447.36842105263156
50,3,16,495.0,25.0,15.5,0.20003239450744867,0.7999676054925513,447.36842105263156
1,4,16,5.0,35.0,15.5,0.7417056147587819,0.25829438524121806,447.36842105263156
2,4,16,15.0,35.0,15.5,0.7113351737741156,0.2886648262258844,447.36842105263156
3,4,16,25.0,35.0,15.5,0.6800042602982063,0.31999573970179374,447.36842105263156
4,4,16,35.0,35.0,15.5,0.6511048597732204,0.3488951402267796,447.36842105263156
5,4,16,45.0,35.0,15.5,0.6257037909722548,0.3742962090277452,447.36842105263156
6,4,16,55.0,35.0,15.5,0.6035781038811656,0.3964218961188344,447.36842105263156
7,4,16,65.0,35.0,15.5,0.5839125029844936,0.4160874970155064,447.36842105263156
8,4,16,75.0,35.0,15.5,0.5657424557704034,0.4342575442295966,447.36842105263156
9,4,16,85.0,35.0,15.5,0.5484670167952381,0.4515329832047619,447.36842105263156
10,4,16,95.0,35.0,15.5,0.5318711508725387,0.46812884912746133,447.36842105263156
11,4,16,105.0,35.0,15.5,0.5153663818796458,0.4846336181203542,447.36842105263156
12,4,16,115.0,35.0,15.5,0.49830741355464103,0.501692586445359,447.36842105263156
13,4,16,125.0,35.0,15.5,0.4796393215216917,0.5203606784783084,447.36842105263156
14,4,16,135.0,35.0,15.5,0.45762234665066504,0.542377653349335,447.36842105263156
15,4,16,145.0,35.0,15.5,0.42950751222199846,0.5704924877780015,447.36842105263156
16,4,16,155.0,35.0,15.5,0.3898342946031715,0.6101657053968286,447.36842105263156
17,4,16,165.0,35.0,15.5,0.33186741591673635,0.6681325840832637,447.36842105263156
18,4,16,175.0,35.0,15.5,0.26245164394724163,0.7375483560527584,447.36842105263156
19,4,16,185.0,35.0,15.5,0.21439735779719812,0.7856026422028018,447.36842105263156
20,4,16,195.0,35.0,15.5,0.20098568867344938,0.7990143113265507,447.36842105263156
21,4,16,205.0,35.0,15.5,0.20003117909591314,0.7999688209040868,447.36842105263156
22,4,16,215.0,35.0,15.5,0.20001879487745622,0.7999812051225438,447.36842105263156
23,4,16,225.0,35.0,15.5,0.20001922353543658,0.7999807764645634,447.36842105263156
24,4,16,235.0,35.0,15.5,0.20001974158142719,0.7999802584185728,447.36842105263156
25,4,16,245.0,35.0,15.5,0.20002025112035493,0.7999797488796451,447.36842105263156
26,4,16,255.0,35.0,15.5,0.20002074941646028,0.7999792505835397,447.36842105263156
27,4,16,265.0,35.0,15.5,0.20002123875086378,0.7999787612491362,447.36842105263156
28,4,16,275.0,35.0,15.5,0.20002172416785768,0.7999782758321423,447.36842105263156
29,4,16,285.0,35.0,15.5,0.20002220877060986,0.7999777912293902,447.36842105263156
30,4,16,295.0,35.0,15.5,0.20002269349475507,0.7999773065052449,447.36842105263156
31,4,16,305.0,35.0,15.5,0.20002317848000448,0.7999768215199955,447.36842105263156
32,4,16,315.0,35.0,15.5,0.2000236636905277,0.7999763363094723,447.36842105263156
33,4,16,325.0,35.0,15.5,0.20002414908304667,0.7999758509169533,447.36842105263156
34,4,16,335.0,35.0,15.5,0.20002463463897463,0.7999753653610253,447.36842105263156
35,4,16,345.0,35.0,15.5,0.2000251203664956,0.7999748796335044,447.36842105263156
36,4,16,355.0,35.0,15.5,0.20002560630064045,0.7999743936993595,447.36842105263156
37,4,16,365.0,35.0,15.5,0.20002609250694742,0.7999739074930525,447.36842105263156
38,4,16,375.0,35.0,15.5,0.2000265790919727,0.7999734209080274,447.36842105263156
39,4,16,385.0,35.0,15.5,0.2000270662230921,0.7999729337769079,447.36842105263156
40,4,16,395.0,35.0,15.5,0.20002755416435097,0.799972445835649,447.36842105263156
41,4,16,405.0,35.0,15.5,0.20002804333952645,0.7999719566604735,447.36842105263156
42,4,16,415.0,35.0,15.5,0.2000285344453308,0.7999714655546692,447.36842105263156
43,4,16,425.0,35.0,15.5,0.20002902865653993,0.7999709713434601,447.36842105263156
44,4,16,435.0,35.0,15.5,0.20002952800271243,0.7999704719972875,447.36842105263156
45,4,16,445.0,35.0,15.5,0.20003003602461614,0.7999699639753839,447.36842105263156
46,4,16,455.0,35.0,15.5,0.2000305588325959,0.7999694411674041,447.36842105263156
47,4,16,465.0,35.0,15.5,0.20003110635751095,0.799968893642489,447.36842105263156
48,4,16,475.0,35.0,15.5,0.2000316912235934,0.7999683087764066,447.36842105263156
49,4,16,485.0,35.0,15.5,0.20003231271460076,0.7999676872853992,447.36842105263156
50,4,16,495.0,35.0,15.5,0.20003289516855685,0.7999671048314432,447.36842105263156
1,5,16,5.0,45.0,15.5,0.780060392958502,0.21993960704149795,447.36842105263156
2,5,16,15.0,45.0,15.5,0.7507683558872932,0.24923164411270682,447.36842105263156
3,5,16,25.0,45.0,15.5,0.7164775688878395,0.28352243111216047,447.36842105263156
4,5,16,35.0,45.0,15.5,0.68412616215132,0.31587383784867995,447.36842105263156
5,5,16,45.0,45.0,15.5,0.6557809757136244,0.34421902428637563,447.36842105263156
6,5,16,55.0,45.0,15.5,0.6313128860141362,0.36868711398586385,447.36842105263156
7,5,16,65.0,45.0,15.5,0.6099105369424996,0.39008946305750036,447.36842105263156
8,5,16,75.0,45.0,15.5,0.5906271766198979,0.40937282338010206,447.36842105263156
9,5,16,85.0,45.0,15.5,0.5725834555602319,0.42741654443976806,447.36842105263156
10,5,16,95.0,45.0,15.5,0.5554403078619372,0.4445596921380628,447.36842105263156
11,5,16,105.0,45.0,15.5,0.538858457891754,0.461141542108246,447.36842105263156
12,5,16,115.0,45.0,15.5,0.5222675322624415,0.4777324677375585,447.36842105263156
13,5,16,125.0,45.0,15.5,0.5050433502560429,0.49495664974395714,447.36842105263156
14,5,16,135.0,45.0,15.5,0.4862167377910013,0.5137832622089987,447.36842105263156
15,5,16,145.0,45.0,15.5,0.4640558759260388,0.5359441240739612,447.36842105263156
16,5,16,155.0,45.0,15.5,0.43579927829227766,0.5642007217077223,447.36842105263156
17,5,16,165.0,45.0,15.5,0.3959997919938491,0.6040002080061508,447.36842105263156
18,5,16,175.0,45.0,15.5,0.33689522710443603,0.6631047728955639,447.36842105263156
19,5,16,185.0,45.0,15.5,0.26386336103478814,0.7361366389652119,447.36842105263156
20,5,16,195.0,45.0,15.5,0.21319275417037142,0.7868072458296286,447.36842105263156
21,5,16,205.0,45.0,15.5,0.2006206804970493,0.7993793195029507,447.36842105263156
22,5,16,215.0,45.0,15.5,0.20002340219192805,0.799976597808072,447.36842105263156
23,5,16,225.0,45.0,15.5,0.20001924496624285,0.7999807550337572,447.36842105263156
24,5,16,235.0,45.0,15.5,0.2000197411978361,0.7999802588021638,447.36842105263156
25,5,16,245.0,45.0,15.5,0.2000202520054779,0.7999797479945221,447.36842105263156
26,5,16,255.0,45.0,15.5,0.20002075127690747,0.7999792487230926,447.36842105263156
27,5,16,265.0,45.0,15.5,0.20002124047152023,0.7999787595284797,447.36842105263156
28,5,16,275.0,45.0,15.5,0.20002172512388372,0.7999782748761163,447.36842105263156
29,5,16,285.0,45.0,15.5,0.20002220911009286,0.7999777908899072,447.36842105263156
30,5,16,295.0,45.0,15.5,0.2000226934629121,0.7999773065370879,447.36842105263156
31,5,16,305.0,45.0,15.5,0.20002317822074867,0.7999768217792513,447.36842105263156
32,5,16,315.0,45.0,15.5,0.20002366326147344,0.7999763367385265,447.36842105263156
33,5,16,325.0,45.0,15.5,0.20002414848823782,0.7999758515117622,447.36842105263156
34,5,16,335.0,45.0,15.5,0.20002463384707567,0.7999753661529243,447.36842105263156
35,5,16,345.0,45.0,15.5,0.20002511931854883,0.7999748806814512,447.36842105263156
36,5,16,355.0,45.0,15.5,0.20002560491117316,0.7999743950888268,447.36842105263156
37,5,16,365.0,45.0,15.5,0.20002609066229815,0.7999739093377018,447.36842105263156
38,5,16,375.0,45.0,15.5,0.20002657664732898,0.799973423352671,447.36842105263156
39,5,16,385.0,45.0,15.5,0.20002706300180467,0.7999729369981954,447.36842105263156
40,5,16,395.0,45.0,15.5,0.20002754996371022,0.7999724500362898,447.36842105263156
41,5,16,405.0,45.0,15.5,0.20002803795297322,0.7999719620470268,447.36842105263156
42,5,16,415.0,45.0,15.5,0.2000285277188141,0.7999714722811859,447.36842105263156
43,5,16,425.0,45.0,15.5,0.20002902061759306,0.7999709793824069,447.36842105263156
44,5,16,435.0,45.0,15.5,0.20002951914535777,0.7999704808546422,447.36842105263156
45,5,16,445.0,45.0,15.5,0.20003002799104813,0.7999699720089519,447.36842105263156
46,5,16,455.0,45.0,15.5,0.20003055620558224,0.7999694437944178,447.36842105263156
47,5,16,465.0,45.0,15.5,0.2000311216498504,0.7999688783501496,447.36842105263156
48,5,16,475.0,45.0,15.5,0.200031758069102,0.799968241930898,447.36842105263156
49,5,16,485.0,45.0,15.5,0.20003249796038944,0.7999675020396105,447.36842105263156
50,5,16,495.0,45.0,15.5,0.20003312334003062,0.7999668766599694,447.36842105263156
1,6,16,5.0,55.0,15.5,0.7442063829773484,0.2557936170226516,447.36842105263156
2,6,16,15.0,55.0,15.5,0.715261601511733,0.284738398488267,447.36842105263156
3,6,16,25.0,55.0,15.5,0.6851496078742202,0.3148503921257798,447.36842105263156
4,6,16,35.0,55.0,15.5,0.6570513654435435,0.3429486345564565,447.36842105263156
5,6,16,45.0,55.0,15.5,0.6320828736425382,0.36791712635746177,447.36842105263156
6,6,16,55.0,55.0,15.5,0.6101617734416107,0.3898382265583893,447.36842105263156
7,6,16,65.0,55.0,15.5,0.5905823520563888,0.40941764794361124,447.36842105263156
8,6,16,75.0,55.0,15.5,0.5724731461352658,0.4275268538647342,447.36842105263156
9,6,16,85.0,55.0,15.5,0.5551754012069261,0.4448245987930739,447.36842105263156
10,6,16,95.0,55.0,15.5,0.5385729934386507,0.4614270065613493,447.36842105263156
11,6,16,105.0,55.0,15.5,0.5221360882456009,0.47786391175439913,447.36842105263156
12,6,16,115.0,55.0,15.5,0.5052800643231499,0.49471993567685013,447.36842105263156
13,6,16,125.0,55.0,15.5,0.4871644826853794,0.5128355173146206,447.36842105263156
14,6,16,135.0,55.0,15.5,0.46625993682255173,0.5337400631774483,447.36842105263156
15,6,16,145.0,55.0,15.5,0.4402228031579714,0.5597771968420286,447.36842105263156
16,6,16,155.0,55.0,15.5,0.4046100372979475,0.5953899627020525,447.36842105263156
17,6,16,165.0,55.0,15.5,0.35211891666179934,0.6478810833382007,447.36842105263156
18,6,16,175.0,55.0,15.5,0.2827751734321806,0.7172248265678194,447.36842105263156
19,6,16,185.0,55.0,15.5,0.22408127747642412,0.7759187225235759,447.36842105263156
20,6,16,195.0,55.0,15.5,0.20231959823267145,0.7976804017673286,447.36842105263156
21,6,16,205.0,55.0,15.5,0.20005823488063199,0.799941765119368,447.36842105263156
22,6,16,215.0,55.0,15.5,0.2000190057232815,0.7999809942767185,447.36842105263156
23,6,16,225.0,55.0,15.5,0.20001922479699535,0.7999807752030046,447.36842105263156
24,6,16,235.0,55.0,15.5,0.20001974187110602,0.799980258128894,447.36842105263156
25,6,16,245.0,55.0,15.5,0.20002025160670395,0.799979748393296,447.36842105263156
26,6,16,255.0,55.0,15.5,0.20002074993068197,0.799979250069318,447.36842105263156
27,6,16,265.0,55.0,15.5,0.2000212389533297,0.7999787610466703,447.36842105263156
28,6,16,275.0,55.0,15.5,0.20002172396792686,0.7999782760320732,447.36842105263156
29,6,16,285.0,55.0,15.5,0.20002220827644224,0.7999777917235578,447.36842105263156
30,6,16,295.0,55.0,15.5,0.20002269279934998,0.79997730720065,447.36842105263156
31,6,16,305.0,55.0,15.5,0.20002317761322763,0.7999768223867724,447.36842105263156
32,6,16,315.0,55.0,15.5,0.20002366262793328,0.7999763373720667,447.36842105263156
33,6,16,325.0,55.0,15.5,0.2000241477571126,0.7999758522428874,447.36842105263156
34,6,16,335.0,55.0,15.5,0.20002463294293435,0.7999753670570656,447.36842105263156
35,6,16,345.0,55.0,15.5,0.20002511815111734,0.7999748818488827,447.36842105263156
36,6,16,355.0,55.0,15.5,0.20002560336527359,0.7999743966347264,447.36842105263156
37,6,16,365.0,55.0,15.5,0.20002608858553628,0.7999739114144637,447.36842105263156
38,6,16,375.0,55.0,15.5,0.20002657383451486,0.7999734261654852,447.36842105263156
39,6,16,385.0,55.0,15.5,0.20002705917297803,0.799972940827022,447.36842105263156
40,6,16,395.0,55.0,15.5,0.20002754473297563,0.7999724552670244,447.36842105263156
41,6,16,405.0,55.0,15.5,0.20002803078071332,0.7999719692192867,447.36842105263156
42,6,16,415.0,55.0,15.5,0.2000285178342639,0.7999714821657361,447.36842105263156
43,6,16,425.0,55.0,15.5,0.20002900687890873,0.7999709931210912,447.36842105263156
44,6,16,435.0,55.0,15.5,0.20002949975495724,0.7999705002450428,447.36842105263156
45,6,16,445.0,55.0,15.5,0.20002999982898986,0.7999700001710102,447.36842105263156
46,6,16,455.0,55.0,15.5,0.20003051304234717,0.7999694869576528,447.36842105263156
47,6,16,465.0,55.0,15.5,0.20003104899884983,0.7999689510011502,447.36842105263156
48,6,16,475.0,55.0,15.5,0.2000316193205808,0.7999683806794192,447.36842105263156
49,6,16,485.0,55.0,15.5,0.200032221299974,0.799967778700026,447.36842105263156
50,6,16,495.0,55.0,15.5,0.2000327790428326,0.7999672209571674,447.36842105263156
1,7,16,5.0,65.0,15.5,0.7007788043466693,0.2992211956533307,447.36842105263156
2,7,16,15.0,65.0,15.5,0.676034647239497,0.323965352760503,447.36842105263156
3,7,16,25.0,65.0,15.5,0.6507102714625714,0.34928972853742857,447.36842105263156
4,7,16,35.0,65.0,15.5,0.627044458357576,0.37295554164242395,447.36842105263156
5,7,16,45.0,65.0,15.5,0.6057066141512757,0.3942933858487243,447.36842105263156
6,7,16,55.0,65.0,15.5,0.5864174542069508,0.4135825457930492,447.36842105263156
7,7,16,65.0,65.0,15.5,0.5685165772382046,0.4314834227617954,447.36842105263156
8,7,16,75.0,65.0,15.5,0.5513947900321146,0.44860520996788544,447.36842105263156
9,7,16,85.0,65.0,15.5,0.5349548431763663,0.4650451568236337,447.36842105263156
10,7,16,95.0,65.0,15.5,0.5186790645952496,0.4813209354047504,447.36842105263156
11,7,16,105.0,65.0,15.5,0.5019838509802549,0.4980161490197451,447.36842105263156
12,7,16,115.0,65.0,15.5,0.48398076202085966,0.5160192379791404,447.36842105263156
13,7,16,125.0,65.0,15.5,0.4631252751284688,0.5368747248715312,447.36842105263156
14,7,16,135.0,65.0,15.5,0.4370699218032661,0.5629300781967339,447.36842105263156
15,7,16,145.0,65.0,15.5,0.40126425118546916,0.5987357488145308,447.36842105263156
16,7,16,155.0,65.0,15.5,0.3487490336025494,0.6512509663974506,447.36842105263156
17,7,16,165.0,65.0,15.5,0.2807452662833579,0.7192547337166422,447.36842105263156
18,7,16,175.0,65.0,15.5,0.2241925550456071,0.7758074449543929,447.36842105263156
19,7,16,185.0,65.0,15.5,0.2026769725632593,0.7973230274367407,447.36842105263156
20,7,16,195.0,65.0,15.5,0.20008100191392714,0.7999189980860728,447.36842105263156
21,7,16,205.0,65.0,15.5,0.20001879616821708,0.799981203831783,447.36842105263156
22,7,16,215.0,65.0,15.5,0.20001871011614106,0.799981289883859,447.36842105263156
23,7,16,225.0,65.0,15.5,0.20001922779590212,0.7999807722040979,447.36842105263156
24,7,16,235.0,65.0,15.5,0.20001974327380603,0.799980256726194,447.36842105263156
25,7,16,245.0,65.0,15.5,0.2000202496992161,0.7999797503007839,447.36842105263156
26,7,16,255.0,65.0,15.5,0.2000207460132182,0.7999792539867818,447.36842105263156
27,7,16,265.0,65.0,15.5,0.20002123521153378,0.7999787647884662,447.36842105263156
28,7,16,275.0,65.0,15.5,0.20002172133625365,0.7999782786637464,447.36842105263156
29,7,16,285.0,65.0,15.5,0.20002220657004394,0.7999777934299561,447.36842105263156
30,7,16,295.0,65.0,15.5,0.2000226916502382,0.7999773083497618,447.36842105263156
31,7,16,305.0,65.0,15.5,0.20002317674678685,0.7999768232532132,447.36842105263156
32,7,16,315.0,65.0,15.5,0.20002366186309192,0.799976338136908,447.36842105263156
33,7,16,325.0,65.0,15.5,0.2000241469656899,0.7999758530343101,447.36842105263156
34,7,16,335.0,65.0,15.5,0.20002463201684276,0.7999753679831573,447.36842105263156
35,7,16,345.0,65.0,15.5,0.2000251169795279,0.799974883020472,447.36842105263156
36,7,16,355.0,65.0,15.5,0.2000256018152307,0.7999743981847693,447.36842105263156
37,7,16,365.0,65.0,15.5,0.20002608648188472,0.7999739135181153,447.36842105263156
38,7,16,375.0,65.0,15.5,0.20002657093319834,0.7999734290668017,447.36842105263156
39,7,16,385.0,65.0,15.5,0.20002705512208685,0.7999729448779132,447.36842105263156
40,7,16,395.0,65.0,15.5,0.20002753901032608,0.7999724609896739,447.36842105263156
41,7,16,405.0,65.0,15.5,0.20002802259012603,0.7999719774098739,447.36842105263156
42,7,16,415.0,65.0,15.5,0.20002850592459379,0.7999714940754062,447.36842105263156
43,7,16,425.0,65.0,15.5,0.20002898921582152,0.7999710107841784,447.36842105263156
44,7,16,435.0,65.0,15.5,0.20002947289813805,0.799970527101862,447.36842105263156
45,7,16,445.0,65.0,15.5,0.2000299577019416,0.7999700422980585,447.36842105263156
46,7,16,455.0,65.0,15.5,0.20003044443921897,0.7999695555607811,447.36842105263156
47,7,16,465.0,65.0,15.5,0.20003093266339847,0.7999690673366016,447.36842105263156
48,7,16,475.0,65.0,15.5,0.20003141580652356,0.7999685841934765,447.36842105263156
49,7,16,485.0,65.0,15.5,0.2000318674941838,0.7999681325058162,447.36842105263156
50,7,16,495.0,65.0,15.5,0.20003221068547603,0.799967789314524,447.36842105263156
1,8,16,5.0,75.0,15.5,0.6500719225553022,0.3499280774446978,447.36842105263156
2,8,16,15.0,75.0,15.5,0.6307257865606047,0.36927421343939526,447.36842105263156
3,8,16,25.0,75.0,15.5,0.6106425988960926,0.3893574011039074,447.36842105263156
4,8,16,35.0,75.0,15.5,0.5914265859550933,0.40857341404490666,447.36842105263156
5,8,16,45.0,75.0,15.5,0.5733673796490086,0.42663262035099137,447.36842105263156
6,8,16,55.0,75.0,15.5,0.5561044129026059,0.4438955870973941,447.36842105263156
7,8,16,65.0,75.0,15.5,0.5395023907076704,0.46049760929232963,447.36842105263156
8,8,16,75.0,75.0,15.5,0.5233278929557692,0.4766721070442308,447.36842105263156
9,8,16,85.0,75.0,15.5,0.50703604078926,0.49296395921074,447.36842105263156
10,8,16,95.0,75.0,15.5,0.4899773735495415,0.5100226264504585,447.36842105263156
11,8,16,105.0,75.0,15.5,0.47087785437917135,0.5291221456208286,447.36842105263156
12,8,16,115.0,75.0,15.5,0.44787876810379484,0.5521212318962052,447.36842105263156
13,8,16,125.0,75.0,15.5,0.4178419434896505,0.5821580565103495,447.36842105263156
14,8,16,135.0,75.0,15.5,0.37463028196346126,0.6253697180365387,447.36842105263156
15,8,16,145.0,75.0,15.5,0.3139313918872052,0.6860686081127948,447.36842105263156
16,8,16,155.0,75.0,15.5,0.24930794291310254,0.7506920570868975,447.36842105263156
17,8,16,165.0,75.0,15.5,0.21065376653280504,0.789346233467195,447.36842105263156
18,8,16,175.0,75.0,15.5,0.20077611264550116,0.7992238873544988,447.36842105263156
19,8,16,185.0,75.0,15.5,0.2000315560550543,0.7999684439449457,447.36842105263156
20,8,16,195.0,75.0,15.5,0.20001785036484312,0.7999821496351569,447.36842105263156
21,8,16,205.0,75.0,15.5,0.20001819691664685,0.7999818030833532,447.36842105263156
22,8,16,215.0,75.0,15.5,0.20001871540094293,0.799981284599057,447.36842105263156
23,8,16,225.0,75.0,15.5,0.20001923243582234,0.7999807675641777,447.36842105263156
24,8,16,235.0,75.0,15.5,0.20001974333856226,0.7999802566614378,447.36842105263156
25,8,16,245.0,75.0,15.5,0.20002024589016226,0.7999797541098377,447.36842105263156
26,8,16,255.0,75.0,15.5,0.2000207408217878,0.7999792591782122,447.36842105263156
27,8,16,265.0,75.0,15.5,0.2000212308287683,0.7999787691712317,447.36842105263156
28,8,16,275.0,75.0,15.5,0.20002171830125112,0.7999782816987488,447.36842105263156
29,8,16,285.0,75.0,15.5,0.20002220459982056,0.7999777954001794,447.36842105263156
30,8,16,295.0,75.0,15.5,0.2000226903516563,0.7999773096483437,447.36842105263156
31,8,16,305.0,75.0,15.5,0.20002317581827783,0.7999768241817222,447.36842105263156
32,8,16,315.0,75.0,15.5,0.20002366109957267,0.7999763389004273,447.36842105263156
33,8,16,325.0,75.0,15.5,0.20002414622316078,0.7999758537768392,447.36842105263156
34,8,16,335.0,75.0,15.5,0.20002463118012587,0.7999753688198741,447.36842105263156
35,8,16,345.0,75.0,15.5,0.20002511593673267,0.7999748840632673,447.36842105263156
36,8,16,355.0,75.0,15.5,0.20002560043631942,0.7999743995636805,447.36842105263156
37,8,16,365.0,75.0,15.5,0.20002608459524499,0.799973915404755,447.36842105263156
38,8,16,375.0,75.0,15.5,0.2000265682952333,0.7999734317047666,447.36842105263156
39,8,16,385.0,75.0,15.5,0.2000270513708426,0.7999729486291574,447.36842105263156
40,8,16,395.0,75.0,15.5,0.20002753359099645,0.7999724664090035,447.36842105263156
41,8,16,405.0,75.0,15.5,0.20002801462985056,0.7999719853701495,447.36842105263156
42,8,16,415.0,75.0,15.5,0.2000284940185914,0.7999715059814085,447.36842105263156
43,8,16,425.0,75.0,15.5,0.20002897105732304,0.7999710289426769,447.36842105263156
44,8,16,435.0,75.0,15.5,0.20002944463793101,0.799970555362069,447.36842105263156
45,8,16,445.0,75.0,15.5,0.20002991285776156,0.7999700871422384,447.36842105263156
46,8,16,455.0,75.0,15.5,0.20003037213941266,0.7999696278605873,447.36842105263156
47,8,16,465.0,75.0,15.5,0.2000308152281891,0.7999691847718109,447.36842105263156
48,8,16,475.0,75.0,15.5,0.20003122688700406,0.799968773112996,447.36842105263156
49,8,16,485.0,75.0,15.5,0.20003157577114622,0.7999684242288538,447.36842105263156
50,8,16,495.0,75.0,15.5,0.2000318029101898,0.7999681970898103,447.36842105263156
1,9,16,5.0,85.0,15.5,0.589032873083627,0.41096712691637305,447.36842105263156
2,9,16,15.0,85.0,15.5,0.5747820387709149,0.42521796122908506,447.36842105263156
3,9,16,25.0,85.0,15.5,0.5592153286216816,0.44078467137831845,447.36842105263156
4,9,16,35.0,85.0,15.5,0.5431782024604125,0.4568217975395875,447.36842105263156
5,9,16,45.0,85.0,15.5,0.5271046627141587,0.4728953372858413,447.36842105263156
6,9,16,55.0,85.0,15.5,0.5111300945752287,0.48886990542477127,447.36842105263156
7,9,16,65.0,85.0,15.5,0.4948171654156935,0.5051828345843066,447.36842105263156
8,9,16,75.0,85.0,15.5,0.47739077517247025,0.5226092248275298,447.36842105263156
9,9,16,85.0,85.0,15.5,0.4574120054934537,0.5425879945065464,447.36842105263156
10,9,16,95.0,85.0,15.5,0.4327686230136503,0.5672313769863497,447.36842105263156
11,9,16,105.0,85.0,15.5,0.3994148286795336,0.6005851713204664,447.36842105263156
12,9,16,115.0,85.0,15.5,0.3515034452285874,0.6484965547714125,447.36842105263156
13,9,16,125.0,85.0,15.5,0.28997975976871826,0.7100202402312817,447.36842105263156
14,9,16,135.0,85.0,15.5,0.23456536994926602,0.765434630050734,447.36842105263156
15,9,16,145.0,85.0,15.5,0.2068460954686696,0.7931539045313304,447.36842105263156
16,9,16,155.0,85.0,15.5,0.20053834395962603,0.799461656040374,447.36842105263156
17,9,16,165.0,85.0,15.5,0.20003128067833087,0.7999687193216691,447.36842105263156
18,9,16,175.0,85.0,15.5,0.20001701723438486,0.7999829827656151,447.36842105263156
19,9,16,185.0,85.0,15.5,0.20001717993664156,0.7999828200633584,447.36842105263156
20,9,16,195.0,85.0,15.5,0.20001768950180063,0.7999823104981993,447.36842105263156
21,9,16,205.0,85.0,15.5,0.20001820603672826,0.7999817939632717,447.36842105263156
22,9,16,215.0,85.0,15.5,0.20001872199522924,0.7999812780047708,447.36842105263156
23,9,16,225.0,85.0,15.5,0.20001923456215912,0.7999807654378409,447.36842105263156
24,9,16,235.0,85.0,15.5,0.20001974116985738,0.7999802588301426,447.36842105263156
25,9,16,245.0,85.0,15.5,0.2000202413845502,0.7999797586154498,447.36842105263156
26,9,16,255.0,85.0,15.5,0.2000207362019845,0.7999792637980155,447.36842105263156
27,9,16,265.0,85.0,15.5,0.20002122719717802,0.799978772802822,447.36842105263156
28,9,16,275.0,85.0,15.5,0.20002171578751152,0.7999782842124885,447.36842105263156
29,9,16,285.0,85.0,15.5,0.2000222029465088,0.7999777970534911,447.36842105263156
30,9,16,295.0,85.0,15.5,0.2000226892582726,0.7999773107417274,447.36842105263156
31,9,16,305.0,85.0,15.5,0.2000231750483368,0.7999768249516632,447.36842105263156
32,9,16,315.0,85.0,15.5,0.20002366048582473,0.7999763395141752,447.36842105263156
33,9,16,325.0,85.0,15.5,0.20002414564622303,0.7999758543537769,447.36842105263156
34,9,16,335.0,85.0,15.5,0.20002463054495884,0.7999753694550411,447.36842105263156
35,9,16,345.0,85.0,15.5,0.20002511515298713,0.7999748848470128,447.36842105263156
36,9,16,355.0,85.0,15.5,0.20002559940005518,0.7999744005999448,447.36842105263156
37,9,16,365.0,85.0,15.5,0.20002608316927087,0.7999739168307292,447.36842105263156
38,9,16,375.0,85.0,15.5,0.200026566282393,0.799973433717607,447.36842105263156
39,9,16,385.0,85.0,15.5,0.20002704847384953,0.7999729515261504,447.36842105263156
40,9,16,395.0,85.0,15.5,0.20002752934719692,0.7999724706528031,447.36842105263156
41,9,16,405.0,85.0,15.5,0.20002800830333486,0.7999719916966651,447.36842105263156
42,9,16,415.0,85.0,15.5,0.20002848442033605,0.799971515579664,447.36842105263156
43,9,16,425.0,85.0,15.5,0.2000289562491348,0.7999710437508651,447.36842105263156
44,9,16,435.0,85.0,15.5,0.2000294214601277,0.7999705785398723,447.36842105263156
45,9,16,445.0,85.0,15.5,0.20002987622488175,0.7999701237751182,447.36842105263156
46,9,16,455.0,85.0,15.5,0.20003031413391784,0.7999696858660822,447.36842105263156
47,9,16,465.0,85.0,15.5,0.20003072434751795,0.7999692756524821,447.36842105263156
48,9,16,475.0,85.0,15.5,0.20003108866936764,0.7999689113306323,447.36842105263156
49,9,16,485.0,85.0,15.5,0.20003137780590902,0.7999686221940909,447.36842105263156
50,9,16,495.0,85.0,15.5,0.20003154964437933,0.7999684503556207,447.36842105263156
1,10,16,5.0,95.0,15.5,0.4887588409581468,0.5112411590418532,447.36842105263156
2,10,16,15.0,95.0,15.5,0.4764633080245695,0.5235366919754305,447.36842105263156
3,10,16,25.0,95.0,15.5,0.46178315398463926,0.5382168460153607,447.36842105263156
4,10,16,35.0,95.0,15.5,0.44531686846334634,0.5546831315366536,447.36842105263156
5,10,16,45.0,95.0,15.5,0.42633080090527187,0.5736691990947281,447.36842105263156
6,10,16,55.0,95.0,15.5,0.40311555216420286,0.5968844478357971,447.36842105263156
7,10,16,65.0,95.0,15.5,0.37241469037027314,0.6275853096297268,447.36842105263156
8,10,16,75.0,95.0,15.5,0.3302776837062615,0.6697223162937385,447.36842105263156
9,10,16,85.0,95.0,15.5,0.27910191278454277,0.7208980872154572,447.36842105263156
10,10,16,95.0,95.0,15.5,0.23453009018709328,0.7654699098129067,447.36842105263156
11,10,16,105.0,95.0,15.5,0.2104899474735808,0.7895100525264191,447.36842105263156
12,10,16,115.0,95.0,15.5,0.20243567555561098,0.7975643244443891,447.36842105263156
13,10,16,125.0,95.0,15.5,0.20041002360726165,0.7995899763927383,447.36842105263156
14,10,16,135.0,95.0,15.5,0.2000467982523135,0.7999532017476865,447.36842105263156
15,10,16,145.0,95.0,15.5,0.20001675882731035,0.7999832411726897,447.36842105263156
16,10,16,155.0,95.0,15.5,0.20001576594307188,0.7999842340569281,447.36842105263156
17,10,16,165.0,95.0,15.5,0.200016177230591,0.7999838227694089,447.36842105263156
18,10,16,175.0,95.0,15.5,0.20001667555228647,0.7999833244477135,447.36842105263156
19,10,16,185.0,95.0,15.5,0.20001718397453572,0.7999828160254643,447.36842105263156
20,10,16,195.0,95.0,15.5,0.20001769718045273,0.7999823028195473,447.36842105263156
21,10,16,205.0,95.0,15.5,0.2000182115988842,0.7999817884011158,447.36842105263156
22,10,16,215.0,95.0,15.5,0.20001872437545848,0.7999812756245415,447.36842105263156
23,10,16,225.0,95.0,15.5,0.2000192340252825,0.7999807659747176,447.36842105263156
24,10,16,235.0,95.0,15.5,0.2000197388802296,0.7999802611197704,447.36842105263156
25,10,16,245.0,95.0,15.5,0.20002023851149311,0.7999797614885069,447.36842105263156
26,10,16,255.0,95.0,15.5,0.20002073358718428,0.7999792664128157,447.36842105263156
27,10,16,265.0,95.0,15.5,0.20002122519258902,0.799978774807411,447.36842105263156
28,10,16,275.0,95.0,15.5,0.2000217143922581,0.7999782856077419,447.36842105263156
29,10,16,285.0,95.0,15.5,0.20002220201836485,0.7999777979816352,447.36842105263156
30,10,16,295.0,95.0,15.5,0.20002268864061362,0.7999773113593864,447.36842105263156
31,10,16,305.0,95.0,15.5,0.2000231746148657,0.7999768253851343,447.36842105263156
32,10,16,315.0,95.0,15.5,0.2000236601447842,0.7999763398552158,447.36842105263156
33,10,16,325.0,95.0,15.5,0.20002414533087065,0.7999758546691293,447.36842105263156
34,10,16,335.0,95.0,15.5,0.20002463020211592,0.7999753697978841,447.36842105263156
35,10,16,345.0,95.0,15.5,0.20002511473222892,0.799974885267771,447.36842105263156
36,10,16,355.0,95.0,15.5,0.20002559884372845,0.7999744011562715,447.36842105263156
37,10,16,365.0,95.0,15.5,0.200026082401024,0.799973917598976,447.36842105263156
38,10,16,375.0,95.0,15.5,0.20002656519194698,0.799973434808053,447.36842105263156
39,10,16,385.0,95.0,15.5,0.20002704689356854,0.7999729531064315,447.36842105263156
40,10,16,395.0,95.0,15.5,0.20002752701450782,0.7999724729854922,447.36842105263156
41,10,16,405.0,95.0,15.5,0.20002800479884877,0.7999719952011513,447.36842105263156
42,10,16,415.0,95.0,15.5,0.20002847906667734,0.7999715209333227,447.36842105263156
43,10,16,425.0,95.0,15.5,0.2000289479493263,0.7999710520506738,447.36842105263156
44,10,16,435.0,95.0,15.5,0.20002940845266012,0.7999705915473398,447.36842105263156
45,10,16,445.0,95.0,15.5,0.20002985574894167,0.7999701442510583,447.36842105263156
46,10,16,455.0,95.0,15.5,0.2000302820692221,0.7999697179307779,447.36842105263156
47,10,16,465.0,95.0,15.5,0.20003067509017186,0.7999693249098281,447.36842105263156
48,10,16,475.0,95.0,15.5,0.20003101592529537,0.7999689840747046,447.36842105263156
49,10,16,485.0,95.0,15.5,0.20003127759744582,0.7999687224025542,447.36842105263156
50,10,16,495.0,95.0,15.5,0.20003142678373717,0.7999685732162628,447.36842105263156
1,1,17,5.0,5.0,16.5,0.5099203390408286,0.49007966095917144,377.1929824561404
2,1,17,15.0,5.0,16.5,0.49298823707930367,0.5070117629206963,377.1929824561404
3,1,17,25.0,5.0,16.5,0.4727118362361279,0.5272881637638721,377.1929824561404
4,1,17,35.0,5.0,16.5,0.45037855163097235,0.5496214483690276,377.1929824561404
5,1,17,45.0,5.0,16.5,0.4249413417288099,0.5750586582711901,377.1929824561404
6,1,17,55.0,5.0,16.5,0.392818372165971,0.607181627834029,377.1929824561404
7,1,17,65.0,5.0,16.5,0.34818659279982817,0.6518134072001718,377.1929824561404
8,1,17,75.0,5.0,16.5,0.2904916772512817,0.7095083227487182,377.1929824561404
9,1,17,85.0,5.0,16.5,0.23770970347851855,0.7622902965214815,377.1929824561404
10,1,17,95.0,5.0,16.5,0.209771750495628,0.790228249504372,377.1929824561404
11,1,17,105.0,5.0,16.5,0.2015880714624513,0.7984119285375487,377.1929824561404
12,1,17,115.0,5.0,16.5,0.20017156103695122,0.7998284389630488,377.1929824561404
13,1,17,125.0,5.0,16.5,0.20002300035285497,0.7999769996471451,377.1929824561404
14,1,17,135.0,5.0,16.5,0.20001505029200894,0.799984949707991,377.1929824561404
15,1,17,145.0,5.0,16.5,0.20001502691343515,0.7999849730865649,377.1929824561404
16,1,17,155.0,5.0,16.5,0.20001547855020255,0.7999845214497975,377.1929824561404
17,1,17,165.0,5.0,16.5,0.200015968552913,0.799984031447087,377.1929824561404
18,1,17,175.0,5.0,16.5,0.20001646944579332,0.7999835305542067,377.1929824561404
19,1,17,185.0,5.0,16.5,0.20001697883654954,0.7999830211634504,377.1929824561404
20,1,17,195.0,5.0,16.5,0.20001749482306805,0.7999825051769319,377.1929824561404
21,1,17,205.0,5.0,16.5,0.20001801418861123,0.7999819858113888,377.1929824561404
22,1,17,215.0,5.0,16.5,0.20001853309545886,0.7999814669045411,377.1929824561404
23,1,17,225.0,5.0,16.5,0.2000190479673403,0.7999809520326597,377.1929824561404
24,1,17,235.0,5.0,16.5,0.2000195569795237,0.7999804430204763,377.1929824561404
25,1,17,245.0,5.0,16.5,0.2000200593874892,0.7999799406125108,377.1929824561404
26,1,17,255.0,5.0,16.5,0.2000205557789083,0.7999794442210917,377.1929824561404
27,1,17,265.0,5.0,16.5,0.20002104767289586,0.7999789523271041,377.1929824561404
28,1,17,275.0,5.0,16.5,0.20002153666455397,0.7999784633354461,377.1929824561404
29,1,17,285.0,5.0,16.5,0.20002202397543634,0.7999779760245637,377.1929824561404
30,1,17,295.0,5.0,16.5,0.2000225103979458,0.7999774896020542,377.1929824561404
31,1,17,305.0,5.0,16.5,0.20002299640304833,0.7999770035969517,377.1929824561404
32,1,17,315.0,5.0,16.5,0.20002348226253375,0.7999765177374663,377.1929824561404
33,1,17,325.0,5.0,16.5,0.20002396813868012,0.7999760318613198,377.1929824561404
34,1,17,335.0,5.0,16.5,0.20002445414067374,0.7999755458593263,377.1929824561404
35,1,17,345.0,5.0,16.5,0.20002494035796473,0.7999750596420353,377.1929824561404
36,1,17,355.0,5.0,16.5,0.20002542687964728,0.7999745731203527,377.1929824561404
37,1,17,365.0,5.0,16.5,0.20002591380542015,0.7999740861945799,377.1929824561404
38,1,17,375.0,5.0,16.5,0.20002640124998214,0.7999735987500178,377.1929824561404
39,1,17,385.0,5.0,16.5,0.20002688933931292,0.7999731106606871,377.1929824561404
40,1,17,395.0,5.0,16.5,0.20002737819265162,0.7999726218073484,377.1929824561404
41,1,17,405.0,5.0,16.5,0.20002786787642224,0.7999721321235778,377.1929824561404
42,1,17,415.0,5.0,16.5,0.20002835830288246,0.7999716416971175,377.1929824561404
43,1,17,425.0,5.0,16.5,0.20002884902179,0.79997115097821,377.1929824561404
44,1,17,435.0,5.0,16.5,0.20002933881028548,0.7999706611897145,377.1929824561404
45,1,17,445.0,5.0,16.5,0.20002982488808027,0.7999701751119197,377.1929824561404
46,1,17,455.0,5.0,16.5,0.20003030147042644,0.7999696985295736,377.1929824561404
47,1,17,465.0,5.0,16.5,0.20003075722241467,0.7999692427775853,377.1929824561404
48,1,17,475.0,5.0,16.5,0.2000311711390176,0.7999688288609824,377.1929824561404
49,1,17,485.0,5.0,16.5,0.20003150705123668,0.7999684929487634,377.1929824561404
50,1,17,495.0,5.0,16.5,0.2000317104646365,0.7999682895353635,377.1929824561404
1,2,17,5.0,15.0,16.5,0.6117092346039822,0.3882907653960178,377.1929824561404
2,2,17,15.0,15.0,16.5,0.5896257430907265,0.41037425690927354,377.1929824561404
3,2,17,25.0,15.0,16.5,0.5673006837653548,0.4326993162346452,377.1929824561404
4,2,17,35.0,15.0,16.5,0.5459580007817295,0.4540419992182705,377.1929824561404
5,2,17,45.0,15.0,16.5,0.5247949635302444,0.47520503646975565,377.1929824561404
6,2,17,55.0,15.0,16.5,0.503993063441109,0.49600693655889105,377.1929824561404
7,2,17,65.0,15.0,16.5,0.48249077087038206,0.5175092291296179,377.1929824561404
8,2,17,75.0,15.0,16.5,0.45842497901934565,0.5415750209806544,377.1929824561404
9,2,17,85.0,15.0,16.5,0.4290356678517851,0.570964332148215,377.1929824561404
10,2,17,95.0,15.0,16.5,0.38851943311757037,0.6114805668824297,377.1929824561404
11,2,17,105.0,15.0,16.5,0.3316622586022985,0.6683377413977015,377.1929824561404
12,2,17,115.0,15.0,16.5,0.26711651680288245,0.7328834831971176,377.1929824561404
13,2,17,125.0,15.0,16.5,0.2208441635227204,0.7791558364772796,377.1929824561404
14,2,17,135.0,15.0,16.5,0.20333632366166215,0.7966636763383379,377.1929824561404
15,2,17,145.0,15.0,16.5,0.2002459431553995,0.7997540568446004,377.1929824561404
16,2,17,155.0,15.0,16.5,0.20002383023526363,0.7999761697647364,377.1929824561404
17,2,17,165.0,15.0,16.5,0.20001626149471394,0.799983738505286,377.1929824561404
18,2,17,175.0,15.0,16.5,0.2000164710049445,0.7999835289950555,377.1929824561404
19,2,17,185.0,15.0,16.5,0.20001697382685055,0.7999830261731494,377.1929824561404
20,2,17,195.0,15.0,16.5,0.20001748964557117,0.7999825103544288,377.1929824561404
21,2,17,205.0,15.0,16.5,0.20001800933531547,0.7999819906646846,377.1929824561404
22,2,17,215.0,15.0,16.5,0.20001852969630743,0.7999814703036926,377.1929824561404
23,2,17,225.0,15.0,16.5,0.2000190469433046,0.7999809530566954,377.1929824561404
24,2,17,235.0,15.0,16.5,0.20001955817699363,0.7999804418230063,377.1929824561404
25,2,17,245.0,15.0,16.5,0.20002006172855644,0.7999799382714435,377.1929824561404
26,2,17,255.0,15.0,16.5,0.20002055817174097,0.7999794418282591,377.1929824561404
27,2,17,265.0,15.0,16.5,0.2000210495168969,0.7999789504831031,377.1929824561404
28,2,17,275.0,15.0,16.5,0.2000215378584672,0.7999784621415328,377.1929824561404
29,2,17,285.0,15.0,16.5,0.20002202465351201,0.799977975346488,377.1929824561404
30,2,17,295.0,15.0,16.5,0.20002251072912225,0.7999774892708778,377.1929824561404
31,2,17,305.0,15.0,16.5,0.20002299651542443,0.7999770034845756,377.1929824561404
32,2,17,315.0,15.0,16.5,0.20002348223441468,0.7999765177655853,377.1929824561404
33,2,17,325.0,15.0,16.5,0.20002396801002734,0.7999760319899727,377.1929824561404
34,2,17,335.0,15.0,16.5,0.20002445392590246,0.7999755460740976,377.1929824561404
35,2,17,345.0,15.0,16.5,0.20002494005527544,0.7999750599447246,377.1929824561404
36,2,17,355.0,15.0,16.5,0.20002542647760335,0.7999745735223966,377.1929824561404
37,2,17,365.0,15.0,16.5,0.20002591328864372,0.7999740867113563,377.1929824561404
38,2,17,375.0,15.0,16.5,0.2000264006070014,0.7999735993929986,377.1929824561404
39,2,17,385.0,15.0,16.5,0.20002688857677386,0.7999731114232261,377.1929824561404
40,2,17,395.0,15.0,16.5,0.20002737736340534,0.7999726226365946,377.1929824561404
41,2,17,405.0,15.0,16.5,0.20002786713485493,0.799972132865145,377.1929824561404
42,2,17,415.0,15.0,16.5,0.20002835801185379,0.7999716419881462,377.1929824561404
43,2,17,425.0,15.0,16.5,0.20002884995279693,0.7999711500472031,377.1929824561404
44,2,17,435.0,15.0,16.5,0.20002934250712198,0.799970657492878,377.1929824561404
45,2,17,445.0,15.0,16.5,0.20002983428997484,0.7999701657100251,377.1929824561404
46,2,17,455.0,15.0,16.5,0.20003032186503478,0.7999696781349652,377.1929824561404
47,2,17,465.0,15.0,16.5,0.20003079738020504,0.799969202619795,377.1929824561404
48,2,17,475.0,15.0,16.5,0.20003124367947725,0.7999687563205228,377.1929824561404
49,2,17,485.0,15.0,16.5,0.20003162507137529,0.7999683749286247,377.1929824561404
50,2,17,495.0,15.0,16.5,0.20003187409087994,0.79996812590912,377.1929824561404
1,3,17,5.0,25.0,16.5,0.6784739421989311,0.3215260578010689,377.1929824561404
2,3,17,15.0,25.0,16.5,0.6493019653128362,0.35069803468716376,377.1929824561404
3,3,17,25.0,25.0,16.5,0.6201513310363608,0.3798486689636392,377.1929824561404
4,3,17,35.0,25.0,16.5,0.5936380888544178,0.4063619111455822,377.1929824561404
5,3,17,45.0,25.0,16.5,0.5701797420914634,0.4298202579085366,377.1929824561404
6,3,17,55.0,25.0,16.5,0.5486147393297054,0.4513852606702946,377.1929824561404
7,3,17,65.0,25.0,16.5,0.5276666470386645,0.4723333529613355,377.1929824561404
8,3,17,75.0,25.0,16.5,0.5072127493818956,0.49278725061810436,377.1929824561404
9,3,17,85.0,25.0,16.5,0.4860014971071546,0.5139985028928453,377.1929824561404
10,3,17,95.0,25.0,16.5,0.4622165227965649,0.5377834772034351,377.1929824561404
11,3,17,105.0,25.0,16.5,0.4332589672496434,0.5667410327503566,377.1929824561404
12,3,17,115.0,25.0,16.5,0.39369840757157165,0.6063015924284283,377.1929824561404
13,3,17,125.0,25.0,16.5,0.33761889027326336,0.6623811097267367,377.1929824561404
14,3,17,135.0,25.0,16.5,0.27163253530961173,0.7283674646903883,377.1929824561404
15,3,17,145.0,25.0,16.5,0.2224829276252508,0.7775170723747492,377.1929824561404
16,3,17,155.0,25.0,16.5,0.20352079565137235,0.7964792043486276,377.1929824561404
17,3,17,165.0,25.0,16.5,0.20022509965768714,0.7997749003423129,377.1929824561404
18,3,17,175.0,25.0,16.5,0.2000218854919293,0.7999781145080707,377.1929824561404
19,3,17,185.0,25.0,16.5,0.20001710703113507,0.7999828929688649,377.1929824561404
20,3,17,195.0,25.0,16.5,0.20001748380710027,0.7999825161928997,377.1929824561404
21,3,17,205.0,25.0,16.5,0.20001800222545696,0.799981997774543,377.1929824561404
22,3,17,215.0,25.0,16.5,0.20001852409851947,0.7999814759014805,377.1929824561404
23,3,17,225.0,25.0,16.5,0.200019044082164,0.799980955917836,377.1929824561404
24,3,17,235.0,25.0,16.5,0.20001955859768566,0.7999804414023144,377.1929824561404
25,3,17,245.0,25.0,16.5,0.2000200647013429,0.7999799352986571,377.1929824561404
26,3,17,255.0,25.0,16.5,0.20002056188536016,0.7999794381146399,377.1929824561404
27,3,17,265.0,25.0,16.5,0.20002105254086905,0.799978947459131,377.1929824561404
28,3,17,275.0,25.0,16.5,0.20002153981492843,0.7999784601850716,377.1929824561404
29,3,17,285.0,25.0,16.5,0.20002202573555625,0.7999779742644437,377.1929824561404
30,3,17,295.0,25.0,16.5,0.20002251122811637,0.7999774887718836,377.1929824561404
31,3,17,305.0,25.0,16.5,0.20002299665046555,0.7999770033495345,377.1929824561404
32,3,17,315.0,25.0,16.5,0.2000234821346141,0.7999765178653859,377.1929824561404
33,3,17,325.0,25.0,16.5,0.20002396773728326,0.7999760322627167,377.1929824561404
34,3,17,335.0,25.0,16.5,0.20002445349786588,0.7999755465021341,377.1929824561404
35,3,17,345.0,25.0,16.5,0.20002493946133296,0.7999750605386671,377.1929824561404
36,3,17,355.0,25.0,16.5,0.20002542568892362,0.7999745743110764,377.1929824561404
37,3,17,365.0,25.0,16.5,0.2000259122666511,0.7999740877333489,377.1929824561404
38,3,17,375.0,25.0,16.5,0.20002639931446808,0.7999736006855319,377.1929824561404
39,3,17,385.0,25.0,16.5,0.20002688699887883,0.7999731130011212,377.1929824561404
40,3,17,395.0,25.0,16.5,0.2000273755502886,0.7999726244497114,377.1929824561404
41,3,17,405.0,25.0,16.5,0.20002786528782632,0.7999721347121737,377.1929824561404
42,3,17,415.0,25.0,16.5,0.20002835665427865,0.7999716433457214,377.1929824561404
43,3,17,425.0,25.0,16.5,0.20002885026330952,0.7999711497366905,377.1929824561404
44,3,17,435.0,25.0,16.5,0.2000293469431777,0.7999706530568222,377.1929824561404
45,3,17,445.0,25.0,16.5,0.20002984773736446,0.7999701522626356,377.1929824561404
46,3,17,455.0,25.0,16.5,0.20003035362542168,0.7999696463745783,377.1929824561404
47,3,17,465.0,25.0,16.5,0.20003086414012786,0.7999691358598722,377.1929824561404
48,3,17,475.0,25.0,16.5,0.20003137242146227,0.7999686275785377,377.1929824561404
49,3,17,485.0,25.0,16.5,0.20003185059987366,0.7999681494001263,377.1929824561404
50,3,17,495.0,25.0,16.5,0.20003221463330786,0.7999677853666921,377.1929824561404
1,4,17,5.0,35.0,16.5,0.7324583408072598,0.2675416591927402,377.1929824561404
2,4,17,15.0,35.0,16.5,0.6980741041943688,0.30192589580563123,377.1929824561404
3,4,17,25.0,35.0,16.5,0.6628530271686304,0.33714697283136963,377.1929824561404
4,4,17,35.0,35.0,16.5,0.6305237857870762,0.36947621421292376,377.1929824561404
5,4,17,45.0,35.0,16.5,0.6023992618801237,0.3976007381198763,377.1929824561404
6,4,17,55.0,35.0,16.5,0.5782065046961794,0.4217934953038206,377.1929824561404
7,4,17,65.0,35.0,16.5,0.5564827036620753,0.4435172963379247,377.1929824561404
8,4,17,75.0,35.0,16.5,0.5355856659750301,0.4644143340249699,377.1929824561404
9,4,17,85.0,35.0,16.5,0.5153571634249552,0.4846428365750448,377.1929824561404
10,4,17,95.0,35.0,16.5,0.4948105728034401,0.5051894271965599,377.1929824561404
11,4,17,105.0,35.0,16.5,0.4723743406698077,0.5276256593301922,377.1929824561404
12,4,17,115.0,35.0,16.5,0.44596030950740356,0.5540396904925964,377.1929824561404
13,4,17,125.0,35.0,16.5,0.4113985871131236,0.5886014128868764,377.1929824561404
14,4,17,135.0,35.0,16.5,0.3621039691317543,0.6378960308682458,377.1929824561404
15,4,17,145.0,35.0,16.5,0.2973389238299622,0.7026610761700378,377.1929824561404
16,4,17,155.0,35.0,16.5,0.23732241497787038,0.7626775850221297,377.1929824561404
17,4,17,165.0,35.0,16.5,0.20734066478343144,0.7926593352165685,377.1929824561404
18,4,17,175.0,35.0,16.5,0.2005636026108572,0.7994363973891427,377.1929824561404
19,4,17,185.0,35.0,16.5,0.2000314678814882,0.7999685321185118,377.1929824561404
20,4,17,195.0,35.0,16.5,0.20001776715276579,0.7999822328472342,377.1929824561404
21,4,17,205.0,35.0,16.5,0.20001799923162722,0.7999820007683728,377.1929824561404
22,4,17,215.0,35.0,16.5,0.2000185190195376,0.7999814809804624,377.1929824561404
23,4,17,225.0,35.0,16.5,0.20001904090317618,0.7999809590968239,377.1929824561404
24,4,17,235.0,35.0,16.5,0.20001955801451649,0.7999804419854835,377.1929824561404
25,4,17,245.0,35.0,16.5,0.200020066705391,0.799979933294609,377.1929824561404
26,4,17,255.0,35.0,16.5,0.20002056521457165,0.7999794347854283,377.1929824561404
27,4,17,265.0,35.0,16.5,0.20002105549453833,0.7999789445054617,377.1929824561404
28,4,17,275.0,35.0,16.5,0.20002154170795186,0.7999784582920482,377.1929824561404
29,4,17,285.0,35.0,16.5,0.20002202671590402,0.7999779732840959,377.1929824561404
30,4,17,295.0,35.0,16.5,0.20002251160772053,0.7999774883922794,377.1929824561404
31,4,17,305.0,35.0,16.5,0.20002299665787782,0.7999770033421222,377.1929824561404
32,4,17,315.0,35.0,16.5,0.2000234818948213,0.7999765181051787,377.1929824561404
33,4,17,325.0,35.0,16.5,0.20002396730071262,0.7999760326992874,377.1929824561404
34,4,17,335.0,35.0,16.5,0.20002445286663353,0.7999755471333665,377.1929824561404
35,4,17,345.0,35.0,16.5,0.2000249386047038,0.7999750613952962,377.1929824561404
36,4,17,355.0,35.0,16.5,0.20002542455217137,0.7999745754478287,377.1929824561404
37,4,17,365.0,35.0,16.5,0.20002591077657392,0.799974089223426,377.1929824561404
38,4,17,375.0,35.0,16.5,0.20002639738711742,0.7999736026128825,377.1929824561404
39,4,17,385.0,35.0,16.5,0.20002688455517154,0.7999731154448284,377.1929824561404
40,4,17,395.0,35.0,16.5,0.2000273725512944,0.7999726274487056,377.1929824561404
41,4,17,405.0,35.0,16.5,0.20002786181012167,0.7999721381898783,377.1929824561404
42,4,17,415.0,35.0,16.5,0.20002835304711303,0.799971646952887,377.1929824561404
43,4,17,425.0,35.0,16.5,0.20002884747022764,0.7999711525297724,377.1929824561404
44,4,17,435.0,35.0,16.5,0.2000293471695739,0.7999706528304261,377.1929824561404
45,4,17,445.0,35.0,16.5,0.20002985580410618,0.7999701441958939,377.1929824561404
46,4,17,455.0,35.0,16.5,0.2000303797364721,0.7999696202635279,377.1929824561404
47,4,17,465.0,35.0,16.5,0.20003092948207177,0.7999690705179282,377.1929824561404
48,4,17,475.0,35.0,16.5,0.2000315190840679,0.7999684809159321,377.1929824561404
49,4,17,485.0,35.0,16.5,0.20003215087993756,0.7999678491200625,377.1929824561404
50,4,17,495.0,35.0,16.5,0.200032749670042,0.799967250329958,377.1929824561404
1,5,17,5.0,45.0,16.5,0.7764264552790061,0.2235735447209939,377.1929824561404
2,5,17,15.0,45.0,16.5,0.7427126279212981,0.2572873720787019,377.1929824561404
3,5,17,25.0,45.0,16.5,0.7038538389040687,0.2961461610959313,377.1929824561404
4,5,17,35.0,45.0,16.5,0.6674383749425515,0.33256162505744846,377.1929824561404
5,5,17,45.0,45.0,16.5,0.6357258395612766,0.3642741604387234,377.1929824561404
6,5,17,55.0,45.0,16.5,0.608671894908794,0.39132810509120597,377.1929824561404
7,5,17,65.0,45.0,16.5,0.5852907924324702,0.4147092075675298,377.1929824561404
8,5,17,75.0,45.0,16.5,0.5639353262476078,0.4360646737523922,377.1929824561404
9,5,17,85.0,45.0,16.5,0.5434579576119272,0.45654204238807283,377.1929824561404
10,5,17,95.0,45.0,16.5,0.5235638858880594,0.47643611411194065,377.1929824561404
11,5,17,105.0,45.0,16.5,0.503386509143088,0.496613490856912,377.1929824561404
12,5,17,115.0,45.0,16.5,0.4814881505292515,0.5185118494707486,377.1929824561404
13,5,17,125.0,45.0,16.5,0.45593670492950866,0.5440632950704913,377.1929824561404
14,5,17,135.0,45.0,16.5,0.42317746767502784,0.5768225323249722,377.1929824561404
15,5,17,145.0,45.0,16.5,0.37657151378964504,0.623428486210355,377.1929824561404
16,5,17,155.0,45.0,16.5,0.3121300065006704,0.6878699934993295,377.1929824561404
17,5,17,165.0,45.0,16.5,0.24588641494115013,0.7541135850588498,377.1929824561404
18,5,17,175.0,45.0,16.5,0.2090980952639264,0.7909019047360736,377.1929824561404
19,5,17,185.0,45.0,16.5,0.2006066147855474,0.7993933852144526,377.1929824561404
20,5,17,195.0,45.0,16.5,0.2000291049681656,0.7999708950318344,377.1929824561404
21,5,17,205.0,45.0,16.5,0.20001815067984716,0.7999818493201528,377.1929824561404
22,5,17,215.0,45.0,16.5,0.20001851822756953,0.7999814817724304,377.1929824561404
23,5,17,225.0,45.0,16.5,0.20001903962861345,0.7999809603713866,377.1929824561404
24,5,17,235.0,45.0,16.5,0.2000195576978184,0.7999804423021816,377.1929824561404
25,5,17,245.0,45.0,16.5,0.2000200674979879,0.799979932502012,377.1929824561404
26,5,17,255.0,45.0,16.5,0.20002056672101268,0.7999794332789874,377.1929824561404
27,5,17,265.0,45.0,16.5,0.20002105687759197,0.799978943122408,377.1929824561404
28,5,17,275.0,45.0,16.5,0.2000215425026296,0.7999784574973704,377.1929824561404
29,5,17,285.0,45.0,16.5,0.20002202699737,0.79997797300263,377.1929824561404
30,5,17,295.0,45.0,16.5,0.2000225115551577,0.7999774884448423,377.1929824561404
31,5,17,305.0,45.0,16.5,0.20002299638855553,0.7999770036114444,377.1929824561404
32,5,17,315.0,45.0,16.5,0.20002348145748658,0.7999765185425134,377.1929824561404
33,5,17,325.0,45.0,16.5,0.2000239666963061,0.7999760333036939,377.1929824561404
34,5,17,335.0,45.0,16.5,0.20002445206221653,0.7999755479377835,377.1929824561404
35,5,17,345.0,45.0,16.5,0.20002493754005218,0.7999750624599478,377.1929824561404
36,5,17,355.0,45.0,16.5,0.20002542314039418,0.7999745768596058,377.1929824561404
37,5,17,365.0,45.0,16.5,0.2000259089023803,0.7999740910976196,377.1929824561404
38,5,17,375.0,45.0,16.5,0.20002639490381072,0.7999736050961893,377.1929824561404
39,5,17,385.0,45.0,16.5,0.2000268812842693,0.7999731187157307,377.1929824561404
40,5,17,395.0,45.0,16.5,0.20002736828877518,0.7999726317112248,377.1929824561404
41,5,17,405.0,45.0,16.5,0.20002785635001602,0.799972143649984,377.1929824561404
42,5,17,415.0,45.0,16.5,0.20002834624067273,0.7999716537593273,377.1929824561404
43,5,17,425.0,45.0,16.5,0.20002883936134674,0.7999711606386533,377.1929824561404
44,5,17,435.0,45.0,16.5,0.2000293382942437,0.7999706617057563,377.1929824561404
45,5,17,445.0,45.0,16.5,0.20002984790521997,0.7999701520947801,377.1929824561404
46,5,17,455.0,45.0,16.5,0.20003037764119097,0.7999696223588091,377.1929824561404
47,5,17,465.0,45.0,16.5,0.20003094640550395,0.7999690535944961,377.1929824561404
48,5,17,475.0,45.0,16.5,0.2000315914830295,0.7999684085169705,377.1929824561404
49,5,17,485.0,45.0,16.5,0.20003236014243078,0.7999676398575692,377.1929824561404
50,5,17,495.0,45.0,16.5,0.20003306144640245,0.7999669385535976,377.1929824561404
1,6,17,5.0,55.0,16.5,0.735258368695089,0.264741631304911,377.1929824561404
2,6,17,15.0,55.0,16.5,0.7024184855232966,0.29758151447670345,377.1929824561404
3,6,17,25.0,55.0,16.5,0.668485570802693,0.331514429197307,377.1929824561404
4,6,17,35.0,55.0,16.5,0.6369608087492551,0.3630391912507449,377.1929824561404
5,6,17,45.0,55.0,16.5,0.6092161863917749,0.3907838136082251,377.1929824561404
6,6,17,55.0,55.0,16.5,0.5852180839883367,0.41478191601166325,377.1929824561404
7,6,17,65.0,55.0,16.5,0.5637573006114625,0.43624269938853755,377.1929824561404
8,6,17,75.0,55.0,16.5,0.5431188793058597,0.45688112069414033,377.1929824561404
9,6,17,85.0,55.0,16.5,0.5230719655144604,0.47692803448553955,377.1929824561404
10,6,17,95.0,55.0,16.5,0.5029748108920022,0.49702518910799776,377.1929824561404
11,6,17,105.0,55.0,16.5,0.4814496274810391,0.5185503725189609,377.1929824561404
12,6,17,115.0,55.0,16.5,0.45669426246201944,0.5433057375379806,377.1929824561404
13,6,17,125.0,55.0,16.5,0.42555982516002255,0.5744401748399774,377.1929824561404
14,6,17,135.0,55.0,16.5,0.3819361026977386,0.6180638973022614,377.1929824561404
15,6,17,145.0,55.0,16.5,0.32121435717451585,0.6787856428254841,377.1929824561404
16,6,17,155.0,55.0,16.5,0.2553839275732549,0.7446160724267451,377.1929824561404
17,6,17,165.0,55.0,16.5,0.213770119730769,0.786229880269231,377.1929824561404
18,6,17,175.0,55.0,16.5,0.20140482847164456,0.7985951715283555,377.1929824561404
19,6,17,185.0,55.0,16.5,0.20006239366251743,0.7999376063374826,377.1929824561404
20,6,17,195.0,55.0,16.5,0.20001828555454476,0.7999817144454553,377.1929824561404
21,6,17,205.0,55.0,16.5,0.20001800667917952,0.7999819933208205,377.1929824561404
22,6,17,215.0,55.0,16.5,0.20001851963005204,0.799981480369948,377.1929824561404
23,6,17,225.0,55.0,16.5,0.20001904125175032,0.7999809587482497,377.1929824561404
24,6,17,235.0,55.0,16.5,0.20001955834977433,0.7999804416502256,377.1929824561404
25,6,17,245.0,55.0,16.5,0.20002006712894918,0.7999799328710508,377.1929824561404
26,6,17,255.0,55.0,16.5,0.2000205655917807,0.7999794344082193,377.1929824561404
27,6,17,265.0,55.0,16.5,0.20002105558836297,0.799978944411637,377.1929824561404
28,6,17,275.0,55.0,16.5,0.20002154145705475,0.7999784585429452,377.1929824561404
29,6,17,285.0,55.0,16.5,0.2000220262002072,0.7999779737997927,377.1929824561404
30,6,17,295.0,55.0,16.5,0.20002251090012726,0.7999774890998728,377.1929824561404
31,6,17,305.0,55.0,16.5,0.20002299577973523,0.7999770042202647,377.1929824561404
32,6,17,315.0,55.0,16.5,0.20002348081813429,0.7999765191818657,377.1929824561404
33,6,17,325.0,55.0,16.5,0.2000239659558165,0.7999760340441835,377.1929824561404
34,6,17,335.0,55.0,16.5,0.20002445114471476,0.7999755488552852,377.1929824561404
35,6,17,345.0,55.0,16.5,0.20002493635406282,0.7999750636459372,377.1929824561404
36,6,17,355.0,55.0,16.5,0.20002542156896716,0.7999745784310328,377.1929824561404
37,6,17,365.0,55.0,16.5,0.2000259067905819,0.7999740932094181,377.1929824561404
38,6,17,375.0,55.0,16.5,0.2000263920429931,0.7999736079570069,377.1929824561404
39,6,17,385.0,55.0,16.5,0.20002687738959649,0.7999731226104035,377.1929824561404
40,6,17,395.0,55.0,16.5,0.2000273629675941,0.7999726370324058,377.1929824561404
41,6,17,405.0,55.0,16.5,0.2000278490530418,0.7999721509469582,377.1929824561404
42,6,17,415.0,55.0,16.5,0.2000283361830407,0.7999716638169593,377.1929824561404
43,6,17,425.0,55.0,16.5,0.2000288253796168,0.7999711746203833,377.1929824561404
44,6,17,435.0,55.0,16.5,0.20002931855530537,0.7999706814446946,377.1929824561404
45,6,17,445.0,55.0,16.5,0.2000298192229676,0.7999701807770324,377.1929824561404
46,6,17,455.0,55.0,16.5,0.20003033363561085,0.7999696663643892,377.1929824561404
47,6,17,465.0,55.0,16.5,0.20003087210576434,0.7999691278942357,377.1929824561404
48,6,17,475.0,55.0,16.5,0.20003144793455585,0.7999685520654441,377.1929824561404
49,6,17,485.0,55.0,16.5,0.20003206185548197,0.799967938144518,377.1929824561404
50,6,17,495.0,55.0,16.5,0.20003263854315345,0.7999673614568465,377.1929824561404
1,7,17,5.0,65.0,16.5,0.6863421763795349,0.3136578236204651,377.1929824561404
2,7,17,15.0,65.0,16.5,0.6584645689108763,0.34153543108912365,377.1929824561404
3,7,17,25.0,65.0,16.5,0.6301018360936814,0.3698981639063186,377.1929824561404
4,7,17,35.0,65.0,16.5,0.6038672402831723,0.3961327597168277,377.1929824561404
5,7,17,45.0,65.0,16.5,0.580526604822945,0.41947339517705495,377.1929824561404
6,7,17,55.0,65.0,16.5,0.5593326569919596,0.44066734300804045,377.1929824561404
7,7,17,65.0,65.0,16.5,0.5387958153921661,0.46120418460783386,377.1929824561404
8,7,17,75.0,65.0,16.5,0.5187759721806112,0.4812240278193888,377.1929824561404
9,7,17,85.0,65.0,16.5,0.4985834981691204,0.5014165018308796,377.1929824561404
10,7,17,95.0,65.0,16.5,0.4767760415748028,0.5232239584251972,377.1929824561404
11,7,17,105.0,65.0,16.5,0.45146474637075135,0.5485352536292487,377.1929824561404
12,7,17,115.0,65.0,16.5,0.4190999368357429,0.5809000631642571,377.1929824561404
13,7,17,125.0,65.0,16.5,0.37337736062593485,0.6266226393740651,377.1929824561404
14,7,17,135.0,65.0,16.5,0.3113079118044479,0.688692088195552,377.1929824561404
15,7,17,145.0,65.0,16.5,0.24819728691159487,0.7518027130884051,377.1929824561404
16,7,17,155.0,65.0,16.5,0.2114947223945127,0.7885052776054873,377.1929824561404
17,7,17,165.0,65.0,16.5,0.20118724552809808,0.7988127544719019,377.1929824561404
18,7,17,175.0,65.0,16.5,0.20005886680600984,0.7999411331939902,377.1929824561404
19,7,17,185.0,65.0,16.5,0.20001787210896063,0.7999821278910394,377.1929824561404
20,7,17,195.0,65.0,16.5,0.2000175001386903,0.7999824998613096,377.1929824561404
21,7,17,205.0,65.0,16.5,0.20001800495270466,0.7999819950472953,377.1929824561404
22,7,17,215.0,65.0,16.5,0.20001852567692466,0.7999814743230753,377.1929824561404
23,7,17,225.0,65.0,16.5,0.2000190451108764,0.7999809548891236,377.1929824561404
24,7,17,235.0,65.0,16.5,0.20001955944666597,0.7999804405533341,377.1929824561404
25,7,17,245.0,65.0,16.5,0.20002006544935783,0.7999799345506422,377.1929824561404
26,7,17,255.0,65.0,16.5,0.20002056227802062,0.7999794377219793,377.1929824561404
27,7,17,265.0,65.0,16.5,0.20002105233257983,0.7999789476674202,377.1929824561404
28,7,17,275.0,65.0,16.5,0.20002153905201034,0.7999784609479896,377.1929824561404
29,7,17,285.0,65.0,16.5,0.20002202457620652,0.7999779754237935,377.1929824561404
30,7,17,295.0,65.0,16.5,0.20002250977646593,0.799977490223534,377.1929824561404
31,7,17,305.0,65.0,16.5,0.20002299491818604,0.799977005081814,377.1929824561404
32,7,17,315.0,65.0,16.5,0.20002348004983828,0.7999765199501617,377.1929824561404
33,7,17,325.0,65.0,16.5,0.20002396515605106,0.799976034843949,377.1929824561404
34,7,17,335.0,65.0,16.5,0.200024450205678,0.799975549794322,377.1929824561404
35,7,17,345.0,65.0,16.5,0.20002493516389963,0.7999750648361004,377.1929824561404
36,7,17,355.0,65.0,16.5,0.2000254199926849,0.7999745800073151,377.1929824561404
37,7,17,365.0,65.0,16.5,0.20002590464993497,0.799974095350065,377.1929824561404
38,7,17,375.0,65.0,16.5,0.2000263890891776,0.7999736109108224,377.1929824561404
39,7,17,385.0,65.0,16.5,0.20002687326351545,0.7999731267364846,377.1929824561404
40,7,17,395.0,65.0,16.5,0.20002735713576275,0.7999726428642373,377.1929824561404
41,7,17,405.0,65.0,16.5,0.2000278407011839,0.799972159298816,377.1929824561404
42,7,17,415.0,65.0,16.5,0.2000283240299191,0.7999716759700809,377.1929824561404
43,7,17,425.0,65.0,16.5,0.20002880733901027,0.7999711926609897,377.1929824561404
44,7,17,435.0,65.0,16.5,0.20002929109295198,0.799970708907048,377.1929824561404
45,7,17,445.0,65.0,16.5,0.20002977608153782,0.7999702239184622,377.1929824561404
46,7,17,455.0,65.0,16.5,0.2000302632307127,0.7999697367692873,377.1929824561404
47,7,17,465.0,65.0,16.5,0.20003075229880352,0.7999692477011965,377.1929824561404
48,7,17,475.0,65.0,16.5,0.20003123699864594,0.7999687630013541,377.1929824561404
49,7,17,485.0,65.0,16.5,0.20003169086747563,0.7999683091325244,377.1929824561404
50,7,17,495.0,65.0,16.5,0.2000320344650248,0.7999679655349752,377.1929824561404
1,8,17,5.0,75.0,16.5,0.6299978981728587,0.3700021018271413,377.1929824561404
2,8,17,15.0,75.0,16.5,0.6083874441428627,0.3916125558571373,377.1929824561404
3,8,17,25.0,75.0,16.5,0.586230737543203,0.413769262456797,377.1929824561404
4,8,17,35.0,75.0,16.5,0.565168893776974,0.434831106223026,377.1929824561404
5,8,17,45.0,75.0,16.5,0.5448948066218355,0.45510519337816446,377.1929824561404
6,8,17,55.0,75.0,16.5,0.5247202888704127,0.47527971112958733,377.1929824561404
7,8,17,65.0,75.0,16.5,0.5047432625115841,0.4952567374884159,377.1929824561404
8,8,17,75.0,75.0,16.5,0.4837855837816171,0.5162144162183828,377.1929824561404
9,8,17,85.0,75.0,16.5,0.4601364038517793,0.5398635961482208,377.1929824561404
10,8,17,95.0,75.0,16.5,0.4312317499383203,0.5687682500616797,377.1929824561404
11,8,17,105.0,75.0,16.5,0.39161706286763437,0.6083829371323657,377.1929824561404
12,8,17,115.0,75.0,16.5,0.3357437852775703,0.6642562147224297,377.1929824561404
13,8,17,125.0,75.0,16.5,0.270721434089442,0.7292785659105581,377.1929824561404
14,8,17,135.0,75.0,16.5,0.22247183244382848,0.7775281675561715,377.1929824561404
15,8,17,145.0,75.0,16.5,0.2036288545273483,0.7963711454726516,377.1929824561404
16,8,17,155.0,75.0,16.5,0.2002464477202561,0.7997535522797439,377.1929824561404
17,8,17,165.0,75.0,16.5,0.20002270507058423,0.7999772949294157,377.1929824561404
18,8,17,175.0,75.0,16.5,0.20001666887368805,0.7999833311263119,377.1929824561404
19,8,17,185.0,75.0,16.5,0.20001698611995175,0.7999830138800482,377.1929824561404
20,8,17,195.0,75.0,16.5,0.2000174971057908,0.7999825028942091,377.1929824561404
21,8,17,205.0,75.0,16.5,0.20001801473140274,0.7999819852685972,377.1929824561404
22,8,17,215.0,75.0,16.5,0.20001853310506149,0.7999814668949385,377.1929824561404
23,8,17,225.0,75.0,16.5,0.20001904914295665,0.7999809508570433,377.1929824561404
24,8,17,235.0,75.0,16.5,0.20001955952378767,0.7999804404762123,377.1929824561404
25,8,17,245.0,75.0,16.5,0.2000200622775917,0.7999799377224083,377.1929824561404
26,8,17,255.0,75.0,16.5,0.20002055784012854,0.7999794421598715,377.1929824561404
27,8,17,265.0,75.0,16.5,0.2000210484143192,0.7999789515856808,377.1929824561404
28,8,17,275.0,75.0,16.5,0.20002153622451357,0.7999784637754864,377.1929824561404
29,8,17,285.0,75.0,16.5,0.20002202268480862,0.7999779773151914,377.1929824561404
30,8,17,295.0,75.0,16.5,0.20002250850441558,0.7999774914955844,377.1929824561404
31,8,17,305.0,75.0,16.5,0.20002299399617574,0.7999770060038243,377.1929824561404
32,8,17,315.0,75.0,16.5,0.20002347928437758,0.7999765207156224,377.1929824561404
33,8,17,325.0,75.0,16.5,0.2000239644066801,0.7999760355933199,377.1929824561404
34,8,17,335.0,75.0,16.5,0.20002444935773714,0.7999755506422629,377.1929824561404
35,8,17,345.0,75.0,16.5,0.20002493410456418,0.7999750658954359,377.1929824561404
36,8,17,355.0,75.0,16.5,0.200025418589991,0.799974581410009,377.1929824561404
37,8,17,365.0,75.0,16.5,0.20002590272904874,0.7999740972709513,377.1929824561404
38,8,17,375.0,75.0,16.5,0.20002638640148637,0.7999736135985136,377.1929824561404
39,8,17,385.0,75.0,16.5,0.20002686943904693,0.7999731305609531,377.1929824561404
40,8,17,395.0,75.0,16.5,0.2000273516067846,0.7999726483932155,377.1929824561404
41,8,17,405.0,75.0,16.5,0.20002783257347637,0.7999721674265237,377.1929824561404
42,8,17,415.0,75.0,16.5,0.20002831186279707,0.799971688137203,377.1929824561404
43,8,17,425.0,75.0,16.5,0.2000287887640459,0.799971211235954,377.1929824561404
44,8,17,435.0,75.0,16.5,0.20002926215321284,0.7999707378467872,377.1929824561404
45,8,17,445.0,75.0,16.5,0.20002973010310524,0.7999702698968948,377.1929824561404
46,8,17,455.0,75.0,16.5,0.20003018899588113,0.7999698110041189,377.1929824561404
47,8,17,465.0,75.0,16.5,0.20003063150272432,0.7999693684972757,377.1929824561404
48,8,17,475.0,75.0,16.5,0.20003104223165102,0.799968957768349,377.1929824561404
49,8,17,485.0,75.0,16.5,0.20003138950734364,0.7999686104926563,377.1929824561404
50,8,17,495.0,75.0,16.5,0.2000316139288612,0.7999683860711388,377.1929824561404
1,9,17,5.0,85.0,16.5,0.5630329750884404,0.4369670249115596,377.1929824561404
2,9,17,15.0,85.0,16.5,0.5470653604047016,0.45293463959529845,377.1929824561404
3,9,17,25.0,85.0,16.5,0.5292623920192421,0.4707376079807579,377.1929824561404
4,9,17,35.0,85.0,16.5,0.5100752653206245,0.4899247346793755,377.1929824561404
5,9,17,45.0,85.0,16.5,0.49027557667169924,0.5097244233283007,377.1929824561404
6,9,17,55.0,85.0,16.5,0.4687513905710321,0.5312486094289679,377.1929824561404
7,9,17,65.0,85.0,16.5,0.4436971040513824,0.5563028959486176,377.1929824561404
8,9,17,75.0,85.0,16.5,0.41171081602276544,0.5882891839772346,377.1929824561404
9,9,17,85.0,85.0,16.5,0.36682878824476106,0.6331712117552389,377.1929824561404
10,9,17,95.0,85.0,16.5,0.3071538996595346,0.6928461003404653,377.1929824561404
11,9,17,105.0,85.0,16.5,0.24785040694506594,0.752149593054934,377.1929824561404
12,9,17,115.0,85.0,16.5,0.21256480165564584,0.7874351983443542,377.1929824561404
13,9,17,125.0,85.0,16.5,0.20163820871718474,0.7983617912828153,377.1929824561404
14,9,17,135.0,85.0,16.5,0.20011065878220827,0.7998893412177918,377.1929824561404
15,9,17,145.0,85.0,16.5,0.2000184662021655,0.7999815337978344,377.1929824561404
16,9,17,155.0,85.0,16.5,0.20001564153559953,0.7999843584644004,377.1929824561404
17,9,17,165.0,85.0,16.5,0.2000159908211513,0.7999840091788487,377.1929824561404
18,9,17,175.0,85.0,16.5,0.2000164871642577,0.7999835128357423,377.1929824561404
19,9,17,185.0,85.0,16.5,0.2000169949510493,0.7999830050489507,377.1929824561404
20,9,17,195.0,85.0,16.5,0.20001750795965761,0.7999824920403424,377.1929824561404
21,9,17,205.0,85.0,16.5,0.2000180237141861,0.7999819762858139,377.1929824561404
22,9,17,215.0,85.0,16.5,0.20001853902779237,0.7999814609722076,377.1929824561404
23,9,17,225.0,85.0,16.5,0.20001905122315022,0.7999809487768498,377.1929824561404
24,9,17,235.0,85.0,16.5,0.20001955795890478,0.7999804420410952,377.1929824561404
25,9,17,245.0,85.0,16.5,0.20002005857225355,0.7999799414277464,377.1929824561404
26,9,17,255.0,85.0,16.5,0.20002055380169456,0.7999794461983054,377.1929824561404
27,9,17,265.0,85.0,16.5,0.2000210450905823,0.7999789549094177,377.1929824561404
28,9,17,275.0,85.0,16.5,0.200021533846609,0.799978466153391,377.1929824561404
29,9,17,285.0,85.0,16.5,0.2000220210851643,0.7999779789148357,377.1929824561404
30,9,17,295.0,85.0,16.5,0.20002250743024647,0.7999774925697536,377.1929824561404
31,9,17,305.0,85.0,16.5,0.20002299323141087,0.7999770067685892,377.1929824561404
32,9,17,315.0,85.0,16.5,0.2000234786695097,0.7999765213304904,377.1929824561404
33,9,17,325.0,85.0,16.5,0.20002396382484294,0.7999760361751571,377.1929824561404
34,9,17,335.0,85.0,16.5,0.20002444871426225,0.7999755512857377,377.1929824561404
35,9,17,345.0,85.0,16.5,0.2000249333083987,0.7999750666916012,377.1929824561404
36,9,17,355.0,85.0,16.5,0.20002541753560757,0.7999745824643925,377.1929824561404
37,9,17,365.0,85.0,16.5,0.2000259012766478,0.7999740987233522,377.1929824561404
38,9,17,375.0,85.0,16.5,0.20002638434968711,0.7999736156503129,377.1929824561404
39,9,17,385.0,85.0,16.5,0.20002686648377452,0.7999731335162255,377.1929824561404
40,9,17,395.0,85.0,16.5,0.20002734727428667,0.7999726527257134,377.1929824561404
41,9,17,405.0,85.0,16.5,0.20002782610951253,0.7999721738904875,377.1929824561404
42,9,17,415.0,85.0,16.5,0.2000283020477693,0.7999716979522307,377.1929824561404
43,9,17,425.0,85.0,16.5,0.20002877360874383,0.7999712263912562,377.1929824561404
44,9,17,435.0,85.0,16.5,0.20002923841332126,0.7999707615866787,377.1929824561404
45,9,17,445.0,85.0,16.5,0.20002969255577158,0.7999703074442284,377.1929824561404
46,9,17,455.0,85.0,16.5,0.2000301295108264,0.7999698704891736,377.1929824561404
47,9,17,465.0,85.0,16.5,0.2000305382820239,0.7999694617179761,377.1929824561404
48,9,17,475.0,85.0,16.5,0.20003090051064937,0.7999690994893507,377.1929824561404
49,9,17,485.0,85.0,16.5,0.2000311868826968,0.7999688131173032,377.1929824561404
50,9,17,495.0,85.0,16.5,0.20003135578489006,0.7999686442151099,377.1929824561404
1,10,17,5.0,95.0,16.5,0.4477806461401057,0.5522193538598943,377.1929824561404
2,10,17,15.0,95.0,16.5,0.4313125679335061,0.5686874320664939,377.1929824561404
3,10,17,25.0,95.0,16.5,0.4103700268707464,0.5896299731292536,377.1929824561404
4,10,17,35.0,95.0,16.5,0.3834149096369562,0.6165850903630439,377.1929824561404
5,10,17,45.0,95.0,16.5,0.34738284299844513,0.6526171570015549,377.1929824561404
6,10,17,55.0,95.0,16.5,0.3004873230568178,0.6995126769431822,377.1929824561404
7,10,17,65.0,95.0,16.5,0.25150273423341657,0.7484972657665834,377.1929824561404
8,10,17,75.0,95.0,16.5,0.218123685361697,0.781876314638303,377.1929824561404
9,10,17,85.0,95.0,16.5,0.20452117660221825,0.7954788233977818,377.1929824561404
10,10,17,95.0,95.0,16.5,0.20081797267252552,0.7991820273274745,377.1929824561404
11,10,17,105.0,95.0,16.5,0.20009419612067894,0.7999058038793211,377.1929824561404
12,10,17,115.0,95.0,16.5,0.20001829309352048,0.7999817069064795,377.1929824561404
13,10,17,125.0,95.0,16.5,0.2000143980666638,0.7999856019333362,377.1929824561404
14,10,17,135.0,95.0,16.5,0.2000145733511262,0.7999854266488737,377.1929824561404
15,10,17,145.0,95.0,16.5,0.20001502545652336,0.7999849745434766,377.1929824561404
16,10,17,155.0,95.0,16.5,0.20001550417330857,0.7999844958266914,377.1929824561404
17,10,17,165.0,95.0,16.5,0.20001599452676516,0.7999840054732348,377.1929824561404
18,10,17,175.0,95.0,16.5,0.20001649455867856,0.7999835054413215,377.1929824561404
19,10,17,185.0,95.0,16.5,0.20001700228434743,0.7999829977156525,377.1929824561404
20,10,17,195.0,95.0,16.5,0.2000175147565524,0.7999824852434476,377.1929824561404
21,10,17,205.0,95.0,16.5,0.2000180287559717,0.7999819712440284,377.1929824561404
22,10,17,215.0,95.0,16.5,0.20001854150036244,0.7999814584996375,377.1929824561404
23,10,17,225.0,95.0,16.5,0.2000190512101501,0.7999809487898499,377.1929824561404
24,10,17,235.0,95.0,16.5,0.20001955626081086,0.7999804437391891,377.1929824561404
25,10,17,245.0,95.0,16.5,0.20002005615904495,0.799979943840955,377.1929824561404
26,10,17,255.0,95.0,16.5,0.20002055146597128,0.7999794485340287,377.1929824561404
27,10,17,265.0,95.0,16.5,0.20002104322707068,0.7999789567729293,377.1929824561404
28,10,17,275.0,95.0,16.5,0.20002153251426524,0.7999784674857348,377.1929824561404
29,10,17,285.0,95.0,16.5,0.20002202018278575,0.7999779798172142,377.1929824561404
30,10,17,295.0,95.0,16.5,0.2000225068222083,0.7999774931777917,377.1929824561404
31,10,17,305.0,95.0,16.5,0.2000229928006523,0.7999770071993477,377.1929824561404
32,10,17,315.0,95.0,16.5,0.20002347832792383,0.7999765216720762,377.1929824561404
33,10,17,325.0,95.0,16.5,0.20002396350693163,0.7999760364930684,377.1929824561404
34,10,17,335.0,95.0,16.5,0.2000244483670091,0.7999755516329909,377.1929824561404
35,10,17,345.0,95.0,16.5,0.20002493288097745,0.7999750671190226,377.1929824561404
36,10,17,355.0,95.0,16.5,0.2000254169694962,0.7999745830305038,377.1929824561404
37,10,17,365.0,95.0,16.5,0.2000259004940149,0.7999740995059851,377.1929824561404
38,10,17,375.0,95.0,16.5,0.2000263832378703,0.7999736167621296,377.1929824561404
39,10,17,385.0,95.0,16.5,0.20002686487127916,0.7999731351287208,377.1929824561404
40,10,17,395.0,95.0,16.5,0.20002734489224855,0.7999726551077515,377.1929824561404
41,10,17,405.0,95.0,16.5,0.20002782252821052,0.7999721774717895,377.1929824561404
42,10,17,415.0,95.0,16.5,0.20002829657292104,0.799971703427079,377.1929824561404
43,10,17,425.0,95.0,16.5,0.20002876511605508,0.799971234883945,377.1929824561404
44,10,17,435.0,95.0,16.5,0.20002922509850454,0.7999707749014955,377.1929824561404
45,10,17,445.0,95.0,16.5,0.20002967159484605,0.7999703284051539,377.1929824561404
46,10,17,455.0,95.0,16.5,0.20003009670081445,0.7999699032991856,377.1929824561404
47,10,17,465.0,95.0,16.5,0.20003048793730746,0.7999695120626925,377.1929824561404
48,10,17,475.0,95.0,16.5,0.20003082632133096,0.799969173678669,377.1929824561404
49,10,17,485.0,95.0,16.5,0.20003108503864564,0.7999689149613544,377.1929824561404
50,10,17,495.0,95.0,16.5,0.2000312314878396,0.7999687685121604,377.1929824561404
1,1,18,5.0,5.0,17.5,0.4663134001100134,0.5336865998899867,307.0175438596491
2,1,18,15.0,5.0,17.5,0.4423425510333865,0.5576574489666135,307.0175438596491
3,1,18,25.0,5.0,17.5,0.41240324627622443,0.5875967537237756,307.0175438596491
4,1,18,35.0,5.0,17.5,0.3740429101161533,0.6259570898838467,307.0175438596491
5,1,18,45.0,5.0,17.5,0.32179380163510024,0.6782061983648997,307.0175438596491
6,1,18,55.0,5.0,17.5,0.2617436797601421,0.7382563202398579,307.0175438596491
7,1,18,65.0,5.0,17.5,0.2190282512239849,0.780971748776015,307.0175438596491
8,1,18,75.0,5.0,17.5,0.2033330712673369,0.7966669287326631,307.0175438596491
9,1,18,85.0,5.0,17.5,0.20035647318265137,0.7996435268173486,307.0175438596491
10,1,18,95.0,5.0,17.5,0.20003286235136647,0.7999671376486335,307.0175438596491
11,1,18,105.0,5.0,17.5,0.20001403554061659,0.7999859644593834,307.0175438596491
12,1,18,115.0,5.0,17.5,0.20001351538969112,0.7999864846103089,307.0175438596491
13,1,18,125.0,5.0,17.5,0.20001389514672066,0.7999861048532794,307.0175438596491
14,1,18,135.0,5.0,17.5,0.20001434881717772,0.7999856511828223,307.0175438596491
15,1,18,145.0,5.0,17.5,0.20001481768243082,0.7999851823175692,307.0175438596491
16,1,18,155.0,5.0,17.5,0.20001529779598873,0.7999847022040113,307.0175438596491
17,1,18,165.0,5.0,17.5,0.20001578869483508,0.799984211305165,307.0175438596491
18,1,18,175.0,5.0,17.5,0.2000162893091162,0.7999837106908838,307.0175438596491
19,1,18,185.0,5.0,17.5,0.20001679820553567,0.7999832017944644,307.0175438596491
20,1,18,195.0,5.0,17.5,0.2000173134837274,0.7999826865162726,307.0175438596491
21,1,18,205.0,5.0,17.5,0.20001783208626,0.79998216791374,307.0175438596491
22,1,18,215.0,5.0,17.5,0.20001835042052732,0.7999816495794727,307.0175438596491
23,1,18,225.0,5.0,17.5,0.20001886511795733,0.7999811348820427,307.0175438596491
24,1,18,235.0,5.0,17.5,0.2000193742044337,0.7999806257955663,307.0175438596491
25,1,18,245.0,5.0,17.5,0.20001987683972905,0.799980123160271,307.0175438596491
26,1,18,255.0,5.0,17.5,0.2000203735051201,0.7999796264948799,307.0175438596491
27,1,18,265.0,5.0,17.5,0.2000208656179726,0.7999791343820274,307.0175438596491
28,1,18,275.0,5.0,17.5,0.2000213547463121,0.7999786452536879,307.0175438596491
29,1,18,285.0,5.0,17.5,0.20002184213079646,0.7999781578692036,307.0175438596491
30,1,18,295.0,5.0,17.5,0.20002232859048735,0.7999776714095126,307.0175438596491
31,1,18,305.0,5.0,17.5,0.20002281461537258,0.7999771853846274,307.0175438596491
32,1,18,315.0,5.0,17.5,0.2000233004878927,0.7999766995121073,307.0175438596491
33,1,18,325.0,5.0,17.5,0.20002378637573054,0.7999762136242694,307.0175438596491
34,1,18,335.0,5.0,17.5,0.2000242723908802,0.7999757276091198,307.0175438596491
35,1,18,345.0,5.0,17.5,0.20002475862451494,0.799975241375485,307.0175438596491
36,1,18,355.0,5.0,17.5,0.2000252451671223,0.7999747548328777,307.0175438596491
37,1,18,365.0,5.0,17.5,0.20002573211971328,0.7999742678802867,307.0175438596491
38,1,18,375.0,5.0,17.5,0.20002621959821326,0.7999737804017868,307.0175438596491
39,1,18,385.0,5.0,17.5,0.20002670772936848,0.7999732922706315,307.0175438596491
40,1,18,395.0,5.0,17.5,0.20002719663184287,0.7999728033681571,307.0175438596491
41,1,18,405.0,5.0,17.5,0.20002768636827795,0.799972313631722,307.0175438596491
42,1,18,415.0,5.0,17.5,0.2000281768402085,0.7999718231597915,307.0175438596491
43,1,18,425.0,5.0,17.5,0.20002866757253326,0.7999713324274668,307.0175438596491
44,1,18,435.0,5.0,17.5,0.2000291572898462,0.7999708427101538,307.0175438596491
45,1,18,445.0,5.0,17.5,0.20002964310842708,0.7999703568915729,307.0175438596491
46,1,18,455.0,5.0,17.5,0.20003011905403967,0.7999698809459603,307.0175438596491
47,1,18,465.0,5.0,17.5,0.20003057348064607,0.799969426519354,307.0175438596491
48,1,18,475.0,5.0,17.5,0.20003098497593458,0.7999690150240655,307.0175438596491
49,1,18,485.0,5.0,17.5,0.20003131713857344,0.7999686828614265,307.0175438596491
50,1,18,495.0,5.0,17.5,0.2000315162223594,0.7999684837776406,307.0175438596491
1,2,18,5.0,15.0,17.5,0.5826596526741962,0.41734034732580383,307.0175438596491
2,2,18,15.0,15.0,17.5,0.5571731660869834,0.4428268339130166,307.0175438596491
3,2,18,25.0,15.0,17.5,0.531523566745944,0.46847643325405597,307.0175438596491
4,2,18,35.0,15.0,17.5,0.5053728319929165,0.4946271680070835,307.0175438596491
5,2,18,45.0,15.0,17.5,0.47751911070991115,0.5224808892900888,307.0175438596491
6,2,18,55.0,15.0,17.5,0.44625361495113103,0.553746385048869,307.0175438596491
7,2,18,65.0,15.0,17.5,0.4063046042028178,0.5936953957971822,307.0175438596491
8,2,18,75.0,15.0,17.5,0.3502497246638508,0.6497502753361493,307.0175438596491
9,2,18,85.0,15.0,17.5,0.28231870702066575,0.7176812929793343,307.0175438596491
10,2,18,95.0,15.0,17.5,0.22835508933624515,0.7716449106637548,307.0175438596491
11,2,18,105.0,15.0,17.5,0.20534545798650508,0.794654542013495,307.0175438596491
12,2,18,115.0,15.0,17.5,0.20049420032095727,0.7995057996790427,307.0175438596491
13,2,18,125.0,15.0,17.5,0.20003758600887708,0.7999624139911229,307.0175438596491
14,2,18,135.0,15.0,17.5,0.20001536103272569,0.7999846389672743,307.0175438596491
15,2,18,145.0,15.0,17.5,0.20001486285451445,0.7999851371454856,307.0175438596491
16,2,18,155.0,15.0,17.5,0.20001529531601564,0.7999847046839843,307.0175438596491
17,2,18,165.0,15.0,17.5,0.20001578445025098,0.799984215549749,307.0175438596491
18,2,18,175.0,15.0,17.5,0.20001628501714064,0.7999837149828594,307.0175438596491
19,2,18,185.0,15.0,17.5,0.20001679363831057,0.7999832063616894,307.0175438596491
20,2,18,195.0,15.0,17.5,0.20001730888577351,0.7999826911142265,307.0175438596491
21,2,18,205.0,15.0,17.5,0.20001782784333244,0.7999821721566676,307.0175438596491
22,2,18,215.0,15.0,17.5,0.20001834741007488,0.7999816525899252,307.0175438596491
23,2,18,225.0,15.0,17.5,0.20001886406237032,0.7999811359376297,307.0175438596491
24,2,18,235.0,15.0,17.5,0.20001937503642106,0.7999806249635789,307.0175438596491
25,2,18,245.0,15.0,17.5,0.2000198787562079,0.7999801212437921,307.0175438596491
26,2,18,255.0,15.0,17.5,0.2000203755866407,0.7999796244133592,307.0175438596491
27,2,18,265.0,15.0,17.5,0.20002086728972324,0.7999791327102768,307.0175438596491
28,2,18,275.0,15.0,17.5,0.20002135586080325,0.7999786441391967,307.0175438596491
29,2,18,285.0,15.0,17.5,0.20002184277571539,0.7999781572242846,307.0175438596491
30,2,18,295.0,15.0,17.5,0.20002232890806299,0.7999776710919371,307.0175438596491
31,2,18,305.0,15.0,17.5,0.20002281472150918,0.7999771852784908,307.0175438596491
32,2,18,315.0,15.0,17.5,0.20002330045591601,0.799976699544084,307.0175438596491
33,2,18,325.0,15.0,17.5,0.20002378624362,0.79997621375638,307.0175438596491
34,2,18,335.0,15.0,17.5,0.20002427217219393,0.7999757278278061,307.0175438596491
35,2,18,345.0,15.0,17.5,0.20002475831702604,0.799975241682974,307.0175438596491
36,2,18,355.0,15.0,17.5,0.20002524475915825,0.7999747552408417,307.0175438596491
37,2,18,365.0,15.0,17.5,0.20002573159590525,0.7999742684040947,307.0175438596491
38,2,18,375.0,15.0,17.5,0.20002621894750997,0.7999737810524901,307.0175438596491
39,2,18,385.0,15.0,17.5,0.20002670695974956,0.7999732930402504,307.0175438596491
40,2,18,395.0,15.0,17.5,0.2000271957993548,0.7999728042006452,307.0175438596491
41,2,18,405.0,15.0,17.5,0.20002768563420503,0.799972314365795,307.0175438596491
42,2,18,415.0,15.0,17.5,0.2000281765814939,0.799971823418506,307.0175438596491
43,2,18,425.0,15.0,17.5,0.20002866858847715,0.7999713314115229,307.0175438596491
44,2,18,435.0,15.0,17.5,0.20002916117728833,0.7999708388227117,307.0175438596491
45,2,18,445.0,15.0,17.5,0.20002965290316058,0.7999703470968395,307.0175438596491
46,2,18,455.0,15.0,17.5,0.2000301402083597,0.7999698597916403,307.0175438596491
47,2,18,465.0,15.0,17.5,0.20003061501164468,0.7999693849883553,307.0175438596491
48,2,18,475.0,15.0,17.5,0.20003105976807148,0.7999689402319285,307.0175438596491
49,2,18,485.0,15.0,17.5,0.200031438268346,0.799968561731654,307.0175438596491
50,2,18,495.0,15.0,17.5,0.20003168292934984,0.7999683170706502,307.0175438596491
1,3,18,5.0,25.0,17.5,0.6583202862031924,0.3416797137968076,307.0175438596491
2,3,18,15.0,25.0,17.5,0.6247649827202922,0.37523501727970776,307.0175438596491
3,3,18,25.0,25.0,17.5,0.5911731564939372,0.4088268435060628,307.0175438596491
4,3,18,35.0,25.0,17.5,0.5608456636236572,0.4391543363763428,307.0175438596491
5,3,18,45.0,25.0,17.5,0.5340802746899074,0.4659197253100926,307.0175438596491
6,3,18,55.0,25.0,17.5,0.5074476981676791,0.4925523018323209,307.0175438596491
7,3,18,65.0,25.0,17.5,0.4797590994314011,0.5202409005685988,307.0175438596491
8,3,18,75.0,25.0,17.5,0.4487162822273107,0.5512837177726893,307.0175438596491
9,3,18,85.0,25.0,17.5,0.4090644677575018,0.5909355322424982,307.0175438596491
10,3,18,95.0,25.0,17.5,0.35370527841468274,0.6462947215853172,307.0175438596491
11,3,18,105.0,25.0,17.5,0.2860548970481513,0.7139451029518487,307.0175438596491
12,3,18,115.0,25.0,17.5,0.23100393866429506,0.768996061335705,307.0175438596491
13,3,18,125.0,25.0,17.5,0.20638578152827455,0.7936142184717254,307.0175438596491
14,3,18,135.0,25.0,17.5,0.20063776808883796,0.7993622319111621,307.0175438596491
15,3,18,145.0,25.0,17.5,0.20004479822872687,0.7999552017712731,307.0175438596491
16,3,18,155.0,25.0,17.5,0.2000164198110164,0.7999835801889836,307.0175438596491
17,3,18,165.0,25.0,17.5,0.20001582506289287,0.7999841749371072,307.0175438596491
18,3,18,175.0,25.0,17.5,0.20001627964730304,0.7999837203526969,307.0175438596491
19,3,18,185.0,25.0,17.5,0.20001678696781988,0.7999832130321801,307.0175438596491
20,3,18,195.0,25.0,17.5,0.20001730217431882,0.7999826978256812,307.0175438596491
21,3,18,205.0,25.0,17.5,0.20001782154471082,0.7999821784552892,307.0175438596491
22,3,18,215.0,25.0,17.5,0.20001834250303593,0.799981657496964,307.0175438596491
23,3,18,225.0,25.0,17.5,0.20001886155282358,0.7999811384471764,307.0175438596491
24,3,18,235.0,25.0,17.5,0.20001937533030595,0.7999806246696941,307.0175438596491
25,3,18,245.0,25.0,17.5,0.2000198812269559,0.7999801187730441,307.0175438596491
26,3,18,255.0,25.0,17.5,0.200020378779743,0.799979621220257,307.0175438596491
27,3,18,265.0,25.0,17.5,0.20002086998936222,0.7999791300106378,307.0175438596491
28,3,18,275.0,25.0,17.5,0.20002135766443183,0.7999786423355681,307.0175438596491
29,3,18,285.0,25.0,17.5,0.20002184379527668,0.7999781562047233,307.0175438596491
30,3,18,295.0,25.0,17.5,0.20002232938224346,0.7999776706177566,307.0175438596491
31,3,18,305.0,25.0,17.5,0.20002281484538387,0.7999771851546161,307.0175438596491
32,3,18,315.0,25.0,17.5,0.20002330034912078,0.7999766996508793,307.0175438596491
33,3,18,325.0,25.0,17.5,0.2000237859643846,0.7999762140356154,307.0175438596491
34,3,18,335.0,25.0,17.5,0.2000242717366229,0.799975728263377,307.0175438596491
35,3,18,345.0,25.0,17.5,0.20002475771365352,0.7999752422863464,307.0175438596491
36,3,18,355.0,25.0,17.5,0.20002524395863527,0.7999747560413647,307.0175438596491
37,3,18,365.0,25.0,17.5,0.20002573055940281,0.7999742694405971,307.0175438596491
38,3,18,375.0,25.0,17.5,0.2000262176381802,0.7999737823618198,307.0175438596491
39,3,18,385.0,25.0,17.5,0.20002670536449604,0.7999732946355039,307.0175438596491
40,3,18,395.0,25.0,17.5,0.20002719397289695,0.7999728060271031,307.0175438596491
41,3,18,405.0,25.0,17.5,0.20002768378826344,0.7999723162117366,307.0175438596491
42,3,18,415.0,25.0,17.5,0.20002817526139507,0.799971824738605,307.0175438596491
43,3,18,425.0,25.0,17.5,0.20002866901718355,0.7999713309828165,307.0175438596491
44,3,18,435.0,25.0,17.5,0.20002916590103487,0.7999708340989651,307.0175438596491
45,3,18,445.0,25.0,17.5,0.20002966698270813,0.7999703330172918,307.0175438596491
46,3,18,455.0,25.0,17.5,0.20003017328299622,0.7999698267170038,307.0175438596491
47,3,18,465.0,25.0,17.5,0.2000306844015332,0.7999693155984668,307.0175438596491
48,3,18,475.0,25.0,17.5,0.2000311935409037,0.7999688064590963,307.0175438596491
49,3,18,485.0,25.0,17.5,0.20003167252285806,0.799968327477142,307.0175438596491
50,3,18,495.0,25.0,17.5,0.20003203501832065,0.7999679649816793,307.0175438596491
1,4,18,5.0,35.0,17.5,0.7199292932298587,0.28007070677014134,307.0175438596491
2,4,18,15.0,35.0,17.5,0.6803578419560736,0.31964215804392637,307.0175438596491
3,4,18,25.0,35.0,17.5,0.639923729713717,0.360076270286283,307.0175438596491
4,4,18,35.0,35.0,17.5,0.6026239885752961,0.3973760114247039,307.0175438596491
5,4,18,45.0,35.0,17.5,0.5703125566850835,0.4296874433149165,307.0175438596491
6,4,18,55.0,35.0,17.5,0.5428905787519924,0.4571094212480076,307.0175438596491
7,4,18,65.0,35.0,17.5,0.5167971166503037,0.4832028833496963,307.0175438596491
8,4,18,75.0,35.0,17.5,0.4901892674095209,0.509810732590479,307.0175438596491
9,4,18,85.0,35.0,17.5,0.4613606235477839,0.5386393764522162,307.0175438596491
10,4,18,95.0,35.0,17.5,0.42648866606922425,0.5735113339307758,307.0175438596491
11,4,18,105.0,35.0,17.5,0.3787438793487799,0.6212561206512202,307.0175438596491
12,4,18,115.0,35.0,17.5,0.3152646502881452,0.6847353497118548,307.0175438596491
13,4,18,125.0,35.0,17.5,0.2514487731794072,0.7485512268205927,307.0175438596491
14,4,18,135.0,35.0,17.5,0.21370466572273733,0.7862953342772627,307.0175438596491
15,4,18,145.0,35.0,17.5,0.2018807731519153,0.7981192268480847,307.0175438596491
16,4,18,155.0,35.0,17.5,0.20012646796354266,0.7998735320364574,307.0175438596491
17,4,18,165.0,35.0,17.5,0.20001950022475692,0.7999804997752431,307.0175438596491
18,4,18,175.0,35.0,17.5,0.20001641941596313,0.7999835805840368,307.0175438596491
19,4,18,185.0,35.0,17.5,0.2000167846961758,0.7999832153038242,307.0175438596491
20,4,18,195.0,35.0,17.5,0.20001729655539519,0.7999827034446048,307.0175438596491
21,4,18,205.0,35.0,17.5,0.20001781628348744,0.7999821837165125,307.0175438596491
22,4,18,215.0,35.0,17.5,0.20001833807344283,0.7999816619265572,307.0175438596491
23,4,18,225.0,35.0,17.5,0.20001885885397447,0.7999811411460256,307.0175438596491
24,4,18,235.0,35.0,17.5,0.2000193749079975,0.7999806250920025,307.0175438596491
25,4,18,245.0,35.0,17.5,0.2000198829711174,0.7999801170288826,307.0175438596491
26,4,18,255.0,35.0,17.5,0.2000203816187774,0.7999796183812227,307.0175438596491
27,4,18,265.0,35.0,17.5,0.20002087256432857,0.7999791274356715,307.0175438596491
28,4,18,275.0,35.0,17.5,0.2000213593709529,0.7999786406290471,307.0175438596491
29,4,18,285.0,35.0,17.5,0.200021844701083,0.799978155298917,307.0175438596491
30,4,18,295.0,35.0,17.5,0.20002232973326192,0.799977670266738,307.0175438596491
31,4,18,305.0,35.0,17.5,0.20002281483993506,0.799977185160065,307.0175438596491
32,4,18,315.0,35.0,17.5,0.20002330010069658,0.7999766998993034,307.0175438596491
33,4,18,325.0,35.0,17.5,0.20002378551917332,0.7999762144808267,307.0175438596491
34,4,18,335.0,35.0,17.5,0.20002427109484666,0.7999757289051533,307.0175438596491
35,4,18,345.0,35.0,17.5,0.20002475684345794,0.7999752431565421,307.0175438596491
36,4,18,355.0,35.0,17.5,0.2000252428043202,0.7999747571956798,307.0175438596491
37,4,18,365.0,35.0,17.5,0.20002572904697433,0.7999742709530256,307.0175438596491
38,4,18,375.0,35.0,17.5,0.20002621568325663,0.7999737843167434,307.0175438596491
39,4,18,385.0,35.0,17.5,0.2000267028886214,0.7999732971113787,307.0175438596491
40,4,18,395.0,35.0,17.5,0.2000271909401737,0.7999728090598263,307.0175438596491
41,4,18,405.0,35.0,17.5,0.20002768028358422,0.7999723197164158,307.0175438596491
42,4,18,415.0,35.0,17.5,0.20002817165328104,0.799971828346719,307.0175438596491
43,4,18,425.0,35.0,17.5,0.20002866629091642,0.7999713337090836,307.0175438596491
44,4,18,435.0,35.0,17.5,0.2000291663480673,0.7999708336519327,307.0175438596491
45,4,18,445.0,35.0,17.5,0.20002967560431867,0.7999703243956813,307.0175438596491
46,4,18,455.0,35.0,17.5,0.2000302006816626,0.7999697993183374,307.0175438596491
47,4,18,465.0,35.0,17.5,0.20003075270277212,0.7999692472972278,307.0175438596491
48,4,18,475.0,35.0,17.5,0.2000313472168208,0.7999686527831792,307.0175438596491
49,4,18,485.0,35.0,17.5,0.20003198994556776,0.7999680100544322,307.0175438596491
50,4,18,495.0,35.0,17.5,0.20003260666738568,0.7999673933326144,307.0175438596491
1,5,18,5.0,45.0,17.5,0.7712485039706726,0.22875149602932743,307.0175438596491
2,5,18,15.0,45.0,17.5,0.7316664202285726,0.26833357977142736,307.0175438596491
3,5,18,25.0,45.0,17.5,0.6868740636922548,0.3131259363077452,307.0175438596491
4,5,18,35.0,45.0,17.5,0.6449637769159354,0.3550362230840646,307.0175438596491
5,5,18,45.0,45.0,17.5,0.6083423474680911,0.3916576525319089,307.0175438596491
6,5,18,55.0,45.0,17.5,0.5773333520542083,0.4226666479457917,307.0175438596491
7,5,18,65.0,45.0,17.5,0.550883354718436,0.44911664528156403,307.0175438596491
8,5,18,75.0,45.0,17.5,0.5256793124485611,0.47432068755143886,307.0175438596491
9,5,18,85.0,45.0,17.5,0.5002499859956556,0.4997500140043444,307.0175438596491
10,5,18,95.0,45.0,17.5,0.4729244313216967,0.5270755686783033,307.0175438596491
11,5,18,105.0,45.0,17.5,0.44079308394683087,0.5592069160531692,307.0175438596491
12,5,18,115.0,45.0,17.5,0.3977245287707234,0.6022754712292766,307.0175438596491
13,5,18,125.0,45.0,17.5,0.3380180916566347,0.6619819083433653,307.0175438596491
14,5,18,135.0,45.0,17.5,0.2697380857593712,0.7302619142406288,307.0175438596491
15,5,18,145.0,45.0,17.5,0.22105775672558306,0.778942243274417,307.0175438596491
16,5,18,155.0,45.0,17.5,0.2031626147924527,0.7968373852075473,307.0175438596491
17,5,18,165.0,45.0,17.5,0.20020324399900644,0.7997967560009935,307.0175438596491
18,5,18,175.0,45.0,17.5,0.20002136124476785,0.7999786387552321,307.0175438596491
19,5,18,185.0,45.0,17.5,0.2000169304310516,0.7999830695689484,307.0175438596491
20,5,18,195.0,45.0,17.5,0.20001729728032483,0.7999827027196752,307.0175438596491
21,5,18,205.0,45.0,17.5,0.20001781449183068,0.7999821855081694,307.0175438596491
22,5,18,215.0,45.0,17.5,0.20001833656351925,0.7999816634364807,307.0175438596491
23,5,18,225.0,45.0,17.5,0.20001885781489015,0.7999811421851099,307.0175438596491
24,5,18,235.0,45.0,17.5,0.20001937470839312,0.7999806252916069,307.0175438596491
25,5,18,245.0,45.0,17.5,0.2000198836854176,0.7999801163145824,307.0175438596491
26,5,18,255.0,45.0,17.5,0.20002038287905421,0.7999796171209458,307.0175438596491
27,5,18,265.0,45.0,17.5,0.20002087371509877,0.7999791262849012,307.0175438596491
28,5,18,275.0,45.0,17.5,0.20002136004711182,0.7999786399528882,307.0175438596491
29,5,18,285.0,45.0,17.5,0.20002184493622058,0.7999781550637795,307.0175438596491
30,5,18,295.0,45.0,17.5,0.20002232966274225,0.7999776703372578,307.0175438596491
31,5,18,305.0,45.0,17.5,0.2000228145611481,0.7999771854388519,307.0175438596491
32,5,18,315.0,45.0,17.5,0.2000232996551991,0.7999767003448008,307.0175438596491
33,5,18,325.0,45.0,17.5,0.2000237849051179,0.7999762150948821,307.0175438596491
34,5,18,335.0,45.0,17.5,0.20002427027784073,0.7999757297221592,307.0175438596491
35,5,18,345.0,45.0,17.5,0.20002475576196804,0.7999752442380319,307.0175438596491
36,5,18,355.0,45.0,17.5,0.20002524137006975,0.7999747586299303,307.0175438596491
37,5,18,365.0,45.0,17.5,0.200025727142998,0.7999742728570021,307.0175438596491
38,5,18,375.0,45.0,17.5,0.20002621316102168,0.7999737868389784,307.0175438596491
39,5,18,385.0,45.0,17.5,0.20002669956775407,0.7999733004322459,307.0175438596491
40,5,18,395.0,45.0,17.5,0.20002718661541494,0.799972813384585,307.0175438596491
41,5,18,405.0,45.0,17.5,0.20002767474958735,0.7999723252504126,307.0175438596491
42,5,18,415.0,45.0,17.5,0.20002816476680665,0.7999718352331934,307.0175438596491
43,5,18,425.0,45.0,17.5,0.2000286581126021,0.7999713418873979,307.0175438596491
44,5,18,435.0,45.0,17.5,0.20002915745689015,0.7999708425431098,307.0175438596491
45,5,18,445.0,45.0,17.5,0.20002966784596735,0.7999703321540327,307.0175438596491
46,5,18,455.0,45.0,17.5,0.2000301991324267,0.7999698008675733,307.0175438596491
47,5,18,465.0,45.0,17.5,0.20003077129894342,0.7999692287010566,307.0175438596491
48,5,18,475.0,45.0,17.5,0.20003142538083918,0.7999685746191608,307.0175438596491
49,5,18,485.0,45.0,17.5,0.20003222544436544,0.7999677745556346,307.0175438596491
50,5,18,495.0,45.0,17.5,0.200033026922505,0.799966973077495,307.0175438596491
1,6,18,5.0,55.0,17.5,0.7231142474646086,0.2768857525353914,307.0175438596491
2,6,18,15.0,55.0,17.5,0.6852342318328265,0.3147657681671735,307.0175438596491
3,6,18,25.0,55.0,17.5,0.6462126707606224,0.3537873292393776,307.0175438596491
4,6,18,35.0,55.0,17.5,0.6097602375402147,0.3902397624597853,307.0175438596491
5,6,18,45.0,55.0,17.5,0.5777379084371069,0.42226209156289307,307.0175438596491
6,6,18,55.0,55.0,17.5,0.5505437132976191,0.4494562867023809,307.0175438596491
7,6,18,65.0,55.0,17.5,0.525325577352448,0.474674422647552,307.0175438596491
8,6,18,75.0,55.0,17.5,0.4996130232354235,0.5003869767645766,307.0175438596491
9,6,18,85.0,55.0,17.5,0.47221740429456077,0.5277825957054392,307.0175438596491
10,6,18,95.0,55.0,17.5,0.4403884177577518,0.5596115822422483,307.0175438596491
11,6,18,105.0,55.0,17.5,0.39817921461629,0.60182078538371,307.0175438596491
12,6,18,115.0,55.0,17.5,0.3399720260440205,0.6600279739559796,307.0175438596491
13,6,18,125.0,55.0,17.5,0.2730952102442771,0.7269047897557229,307.0175438596491
14,6,18,135.0,55.0,17.5,0.22390487651371802,0.776095123486282,307.0175438596491
15,6,18,145.0,55.0,17.5,0.20424450867059368,0.7957554913294063,307.0175438596491
16,6,18,155.0,55.0,17.5,0.20033885455661357,0.7996611454433864,307.0175438596491
17,6,18,165.0,55.0,17.5,0.20002789051266912,0.7999721094873309,307.0175438596491
18,6,18,175.0,55.0,17.5,0.20001670038340977,0.7999832996165902,307.0175438596491
19,6,18,185.0,55.0,17.5,0.2000167939163547,0.7999832060836453,307.0175438596491
20,6,18,195.0,55.0,17.5,0.2000172983343991,0.7999827016656009,307.0175438596491
21,6,18,205.0,55.0,17.5,0.20001781737247132,0.7999821826275286,307.0175438596491
22,6,18,215.0,55.0,17.5,0.20001833875367128,0.7999816612463287,307.0175438596491
23,6,18,225.0,55.0,17.5,0.20001885928668345,0.7999811407133166,307.0175438596491
24,6,18,235.0,55.0,17.5,0.2000193752721104,0.7999806247278896,307.0175438596491
25,6,18,245.0,55.0,17.5,0.20001988334410414,0.7999801166558959,307.0175438596491
26,6,18,255.0,55.0,17.5,0.20002038189748395,0.799979618102516,307.0175438596491
27,6,18,265.0,55.0,17.5,0.20002087257907097,0.799979127420929,307.0175438596491
28,6,18,275.0,55.0,17.5,0.20002135908009805,0.7999786409199019,307.0175438596491
29,6,18,285.0,55.0,17.5,0.2000218441668022,0.7999781558331978,307.0175438596491
30,6,18,295.0,55.0,17.5,0.20002232901414177,0.7999776709858583,307.0175438596491
31,6,18,305.0,55.0,17.5,0.20002281395051832,0.7999771860494816,307.0175438596491
32,6,18,315.0,55.0,17.5,0.20002329900984153,0.7999767009901585,307.0175438596491
33,6,18,325.0,55.0,17.5,0.20002378415516545,0.7999762158448346,307.0175438596491
34,6,18,335.0,55.0,17.5,0.20002426934684733,0.7999757306531526,307.0175438596491
35,6,18,345.0,55.0,17.5,0.200024754557272,0.799975245442728,307.0175438596491
36,6,18,355.0,55.0,17.5,0.20002523977288614,0.7999747602271139,307.0175438596491
37,6,18,365.0,55.0,17.5,0.2000257249958869,0.7999742750041131,307.0175438596491
38,6,18,375.0,55.0,17.5,0.20002621025178305,0.799973789748217,307.0175438596491
39,6,18,385.0,55.0,17.5,0.20002669560670755,0.7999733043932924,307.0175438596491
40,6,18,395.0,55.0,17.5,0.20002718120302368,0.7999728187969763,307.0175438596491
41,6,18,405.0,55.0,17.5,0.20002766732686267,0.7999723326731374,307.0175438596491
42,6,18,415.0,55.0,17.5,0.2000281545346366,0.7999718454653634,307.0175438596491
43,6,18,425.0,55.0,17.5,0.20002864388582814,0.7999713561141719,307.0175438596491
44,6,18,435.0,55.0,17.5,0.20002913736661668,0.7999708626333834,307.0175438596491
45,6,18,445.0,55.0,17.5,0.20002963863963033,0.7999703613603697,307.0175438596491
46,6,18,455.0,55.0,17.5,0.20003015427872858,0.7999698457212714,307.0175438596491
47,6,18,465.0,55.0,17.5,0.20003069533392442,0.7999693046660756,307.0175438596491
48,6,18,475.0,55.0,17.5,0.20003127688846623,0.7999687231115338,307.0175438596491
49,6,18,485.0,55.0,17.5,0.20003190348581604,0.799968096514184,307.0175438596491
50,6,18,495.0,55.0,17.5,0.20003250091654884,0.7999674990834511,307.0175438596491
1,7,18,5.0,65.0,17.5,0.6671020713896738,0.3328979286103262,307.0175438596491
2,7,18,15.0,65.0,17.5,0.6349732747942818,0.3650267252057182,307.0175438596491
3,7,18,25.0,65.0,17.5,0.6021886832314964,0.39781131676850356,307.0175438596491
4,7,18,35.0,65.0,17.5,0.5719929079543065,0.42800709204569354,307.0175438596491
5,7,18,45.0,65.0,17.5,0.5455393087847831,0.4544606912152169,307.0175438596491
6,7,18,55.0,65.0,17.5,0.5202922197320549,0.47970778026794514,307.0175438596491
7,7,18,65.0,65.0,17.5,0.4942258999610421,0.505774100038958,307.0175438596491
8,7,18,75.0,65.0,17.5,0.46612347923226444,0.5338765207677356,307.0175438596491
9,7,18,85.0,65.0,17.5,0.432703587774464,0.567296412225536,307.0175438596491
10,7,18,95.0,65.0,17.5,0.3874952559191916,0.6125047440808085,307.0175438596491
11,7,18,105.0,65.0,17.5,0.32622832999339996,0.6737716700066001,307.0175438596491
12,7,18,115.0,65.0,17.5,0.2607635646857251,0.7392364353142749,307.0175438596491
13,7,18,125.0,65.0,17.5,0.21802437833492216,0.7819756216650778,307.0175438596491
14,7,18,135.0,65.0,17.5,0.2029037412262653,0.7970962587737347,307.0175438596491
15,7,18,145.0,65.0,17.5,0.20022056699951143,0.7997794330004886,307.0175438596491
16,7,18,155.0,65.0,17.5,0.2000233198872423,0.7999766801127577,307.0175438596491
17,7,18,165.0,65.0,17.5,0.2000161173360403,0.7999838826639597,307.0175438596491
18,7,18,175.0,65.0,17.5,0.2000162935565775,0.7999837064434225,307.0175438596491
19,7,18,185.0,65.0,17.5,0.200016792346412,0.799983207653588,307.0175438596491
20,7,18,195.0,65.0,17.5,0.20001730613116034,0.7999826938688397,307.0175438596491
21,7,18,205.0,65.0,17.5,0.2000178243713598,0.7999821756286403,307.0175438596491
22,7,18,215.0,65.0,17.5,0.20001834428419016,0.7999816557158098,307.0175438596491
23,7,18,225.0,65.0,17.5,0.20001886270176938,0.7999811372982306,307.0175438596491
24,7,18,235.0,65.0,17.5,0.20001937616944448,0.7999806238305556,307.0175438596491
25,7,18,245.0,65.0,17.5,0.20001988184300118,0.7999801181569988,307.0175438596491
26,7,18,255.0,65.0,17.5,0.20002037900998498,0.799979620990015,307.0175438596491
27,7,18,265.0,65.0,17.5,0.20002086967511792,0.7999791303248821,307.0175438596491
28,7,18,275.0,65.0,17.5,0.20002135684985578,0.7999786431501442,307.0175438596491
29,7,18,285.0,65.0,17.5,0.20002184261003536,0.7999781573899647,307.0175438596491
30,7,18,295.0,65.0,17.5,0.20002232791186225,0.7999776720881377,307.0175438596491
31,7,18,305.0,65.0,17.5,0.20002281309272868,0.7999771869072714,307.0175438596491
32,7,18,315.0,65.0,17.5,0.20002329823775597,0.799976701762244,307.0175438596491
33,7,18,325.0,65.0,17.5,0.20002378334687984,0.7999762166531201,307.0175438596491
34,7,18,335.0,65.0,17.5,0.20002426839473053,0.7999757316052695,307.0175438596491
35,7,18,345.0,65.0,17.5,0.20002475334834202,0.799975246651658,307.0175438596491
36,7,18,355.0,65.0,17.5,0.20002523817014367,0.7999747618298563,307.0175438596491
37,7,18,365.0,65.0,17.5,0.200025722817896,0.799974277182104,307.0175438596491
38,7,18,375.0,65.0,17.5,0.20002620724500775,0.7999737927549923,307.0175438596491
39,7,18,385.0,65.0,17.5,0.2000266914047168,0.7999733085952832,307.0175438596491
40,7,18,395.0,65.0,17.5,0.20002717526096295,0.7999728247390371,307.0175438596491
41,7,18,405.0,65.0,17.5,0.20002765881210566,0.7999723411878943,307.0175438596491
42,7,18,415.0,65.0,17.5,0.20002814213552225,0.7999718578644778,307.0175438596491
43,7,18,425.0,65.0,17.5,0.20002862546354302,0.799971374536457,307.0175438596491
44,7,18,435.0,65.0,17.5,0.2000291092916788,0.7999708907083212,307.0175438596491
45,7,18,445.0,65.0,17.5,0.20002959447099247,0.7999704055290076,307.0175438596491
46,7,18,455.0,65.0,17.5,0.20003008204608963,0.7999699179539104,307.0175438596491
47,7,18,465.0,65.0,17.5,0.20003057199175667,0.7999694280082433,307.0175438596491
48,7,18,475.0,65.0,17.5,0.20003105832719367,0.7999689416728063,307.0175438596491
49,7,18,485.0,65.0,17.5,0.2000315145306203,0.7999684854693797,307.0175438596491
50,7,18,495.0,65.0,17.5,0.20003185866363896,0.7999681413363611,307.0175438596491
1,8,18,5.0,75.0,17.5,0.6028767598794341,0.3971232401205659,307.0175438596491
2,8,18,15.0,75.0,17.5,0.5778500285105194,0.42214997148948064,307.0175438596491
3,8,18,25.0,75.0,17.5,0.5524692800016487,0.44753071999835126,307.0175438596491
4,8,18,35.0,75.0,17.5,0.5281902472443767,0.4718097527556233,307.0175438596491
5,8,18,45.0,75.0,17.5,0.502759507863772,0.497240492136228,307.0175438596491
6,8,18,55.0,75.0,17.5,0.47575525483797876,0.5242447451620212,307.0175438596491
7,8,18,65.0,75.0,17.5,0.44495884042773187,0.5550411595722682,307.0175438596491
8,8,18,75.0,75.0,17.5,0.40511114942280935,0.5948888505771907,307.0175438596491
9,8,18,85.0,75.0,17.5,0.3495849260856716,0.6504150739143284,307.0175438596491
10,8,18,95.0,75.0,17.5,0.28285022449500774,0.7171497755049923,307.0175438596491
11,8,18,105.0,75.0,17.5,0.22954761978438787,0.7704523802156121,307.0175438596491
12,8,18,115.0,75.0,17.5,0.20600636643269857,0.7939936335673015,307.0175438596491
13,8,18,125.0,75.0,17.5,0.20059611207157887,0.7994038879284211,307.0175438596491
14,8,18,135.0,75.0,17.5,0.2000430123484369,0.7999569876515631,307.0175438596491
15,8,18,145.0,75.0,17.5,0.2000159536904088,0.7999840463095912,307.0175438596491
16,8,18,155.0,75.0,17.5,0.20001535597522158,0.7999846440247784,307.0175438596491
17,8,18,165.0,75.0,17.5,0.20001579779616763,0.7999842022038324,307.0175438596491
18,8,18,175.0,75.0,17.5,0.20001629588840492,0.7999837041115951,307.0175438596491
19,8,18,185.0,75.0,17.5,0.20001680337421054,0.7999831966257894,307.0175438596491
20,8,18,195.0,75.0,17.5,0.20001731655536814,0.7999826834446319,307.0175438596491
21,8,18,205.0,75.0,17.5,0.2000178334415132,0.7999821665584868,307.0175438596491
22,8,18,215.0,75.0,17.5,0.20001835101917867,0.7999816489808214,307.0175438596491
23,8,18,225.0,75.0,17.5,0.20001886629990454,0.7999811337000955,307.0175438596491
24,8,18,235.0,75.0,17.5,0.20001937626914626,0.7999806237308538,307.0175438596491
25,8,18,245.0,75.0,17.5,0.2000198791226728,0.7999801208773272,307.0175438596491
26,8,18,255.0,75.0,17.5,0.20002037511432783,0.7999796248856722,307.0175438596491
27,8,18,265.0,75.0,17.5,0.200020866111171,0.799979133888829,307.0175438596491
28,8,18,275.0,75.0,17.5,0.2000213541902428,0.7999786458097572,307.0175438596491
29,8,18,285.0,75.0,17.5,0.20002184078518856,0.7999781592148114,307.0175438596491
30,8,18,295.0,75.0,17.5,0.200022326662746,0.799977673337254,307.0175438596491
31,8,18,305.0,75.0,17.5,0.2000228121761453,0.7999771878238547,307.0175438596491
32,8,18,315.0,75.0,17.5,0.20002329746996667,0.7999767025300333,307.0175438596491
33,8,18,325.0,75.0,17.5,0.2000237825905018,0.7999762174094982,307.0175438596491
34,8,18,335.0,75.0,17.5,0.20002426753541372,0.7999757324645863,307.0175438596491
35,8,18,345.0,75.0,17.5,0.20002475227232708,0.7999752477276729,307.0175438596491
36,8,18,355.0,75.0,17.5,0.20002523674342987,0.7999747632565701,307.0175438596491
37,8,18,365.0,75.0,17.5,0.2000257208624531,0.7999742791375469,307.0175438596491
38,8,18,375.0,75.0,17.5,0.20002620450709224,0.7999737954929078,307.0175438596491
39,8,18,385.0,75.0,17.5,0.2000266875062938,0.7999733124937062,307.0175438596491
40,8,18,395.0,75.0,17.5,0.2000271696211904,0.7999728303788096,307.0175438596491
41,8,18,405.0,75.0,17.5,0.20002765051516844,0.7999723494848315,307.0175438596491
42,8,18,415.0,75.0,17.5,0.20002812970432737,0.7999718702956726,307.0175438596491
43,8,18,425.0,75.0,17.5,0.20002860646718829,0.7999713935328117,307.0175438596491
44,8,18,435.0,75.0,17.5,0.2000290796639106,0.7999709203360894,307.0175438596491
45,8,18,445.0,75.0,17.5,0.20002954734314699,0.799970452656853,307.0175438596491
46,8,18,455.0,75.0,17.5,0.20003000584770173,0.7999699941522983,307.0175438596491
47,8,18,465.0,75.0,17.5,0.20003044777721965,0.7999695522227803,307.0175438596491
48,8,18,475.0,75.0,17.5,0.20003085758892322,0.7999691424110768,307.0175438596491
49,8,18,485.0,75.0,17.5,0.2000312032776905,0.7999687967223095,307.0175438596491
50,8,18,495.0,75.0,17.5,0.2000314250008869,0.7999685749991131,307.0175438596491
1,9,18,5.0,85.0,17.5,0.5266412721267992,0.47335872787320077,307.0175438596491
2,9,18,15.0,85.0,17.5,0.5073777537262233,0.4926222462737767,307.0175438596491
3,9,18,25.0,85.0,17.5,0.48396810511782157,0.5160318948821785,307.0175438596491
4,9,18,35.0,85.0,17.5,0.4575197123290003,0.5424802876709998,307.0175438596491
5,9,18,45.0,85.0,17.5,0.42553648044715675,0.5744635195528432,307.0175438596491
6,9,18,55.0,85.0,17.5,0.38266878438829466,0.6173312156117053,307.0175438596491
7,9,18,65.0,85.0,17.5,0.32425226417724545,0.6757477358227546,307.0175438596491
8,9,18,75.0,85.0,17.5,0.26082072757965635,0.7391792724203436,307.0175438596491
9,9,18,85.0,85.0,17.5,0.21805053950654016,0.7819494604934598,307.0175438596491
10,9,18,95.0,85.0,17.5,0.20279317159341262,0.7972068284065874,307.0175438596491
11,9,18,105.0,85.0,17.5,0.20021869790901542,0.7997813020909845,307.0175438596491
12,9,18,115.0,85.0,17.5,0.20002262665041592,0.7999773733495841,307.0175438596491
13,9,18,125.0,85.0,17.5,0.20001439589318323,0.7999856041068167,307.0175438596491
14,9,18,135.0,85.0,17.5,0.20001439120219125,0.7999856087978088,307.0175438596491
15,9,18,145.0,85.0,17.5,0.20001483866350644,0.7999851613364936,307.0175438596491
16,9,18,155.0,85.0,17.5,0.2000153171915558,0.7999846828084443,307.0175438596491
17,9,18,165.0,85.0,17.5,0.20001580738391103,0.799984192616089,307.0175438596491
18,9,18,175.0,85.0,17.5,0.20001630676583967,0.7999836932341603,307.0175438596491
19,9,18,185.0,85.0,17.5,0.2000168140612388,0.7999831859387612,307.0175438596491
20,9,18,195.0,85.0,17.5,0.20001732651982554,0.7999826734801745,307.0175438596491
21,9,18,205.0,85.0,17.5,0.20001784164515016,0.7999821583548499,307.0175438596491
22,9,18,215.0,85.0,17.5,0.20001835645223415,0.7999816435477658,307.0175438596491
23,9,18,225.0,85.0,17.5,0.20001886833843405,0.7999811316615659,307.0175438596491
24,9,18,235.0,85.0,17.5,0.20001937511063408,0.7999806248893659,307.0175438596491
25,9,18,245.0,85.0,17.5,0.2000198759828454,0.7999801240171546,307.0175438596491
26,9,18,255.0,85.0,17.5,0.20002037151440885,0.7999796284855911,307.0175438596491
27,9,18,265.0,85.0,17.5,0.20002086303406463,0.7999791369659354,307.0175438596491
28,9,18,275.0,85.0,17.5,0.20002135192628448,0.7999786480737155,307.0175438596491
29,9,18,285.0,85.0,17.5,0.20002183923205738,0.7999781607679426,307.0175438596491
30,9,18,295.0,85.0,17.5,0.20002232560550143,0.7999776743944986,307.0175438596491
31,9,18,305.0,85.0,17.5,0.20002281141579184,0.7999771885842082,307.0175438596491
32,9,18,315.0,85.0,17.5,0.20002329685370268,0.7999767031462973,307.0175438596491
33,9,18,325.0,85.0,17.5,0.20002378200362494,0.7999762179963751,307.0175438596491
34,9,18,335.0,85.0,17.5,0.20002426688353261,0.7999757331164674,307.0175438596491
35,9,18,345.0,85.0,17.5,0.20002475146360146,0.7999752485363986,307.0175438596491
36,9,18,355.0,85.0,17.5,0.20002523567076308,0.799974764329237,307.0175438596491
37,9,18,365.0,85.0,17.5,0.20002571938335956,0.7999742806166404,307.0175438596491
38,9,18,375.0,85.0,17.5,0.20002620241594998,0.79997379758405,307.0175438596491
39,9,18,385.0,85.0,17.5,0.20002668449213665,0.7999733155078633,307.0175438596491
40,9,18,395.0,85.0,17.5,0.20002716519904398,0.799972834800956,307.0175438596491
41,9,18,405.0,85.0,17.5,0.20002764391222083,0.7999723560877792,307.0175438596491
42,9,18,415.0,85.0,17.5,0.20002811967003034,0.7999718803299697,307.0175438596491
43,9,18,425.0,85.0,17.5,0.2000285909606251,0.7999714090393749,307.0175438596491
44,9,18,435.0,85.0,17.5,0.2000290553550018,0.7999709446449982,307.0175438596491
45,9,18,445.0,85.0,17.5,0.20002950886966164,0.7999704911303384,307.0175438596491
46,9,18,455.0,85.0,17.5,0.2000299448633617,0.7999700551366383,307.0175438596491
47,9,18,465.0,85.0,17.5,0.20003035218370405,0.799969647816296,307.0175438596491
48,9,18,475.0,85.0,17.5,0.2000307123128296,0.7999692876871705,307.0175438596491
49,9,18,485.0,85.0,17.5,0.20003099592340143,0.7999690040765985,307.0175438596491
50,9,18,495.0,85.0,17.5,0.20003116190905817,0.7999688380909418,307.0175438596491
1,10,18,5.0,95.0,17.5,0.38594660695524524,0.6140533930447547,307.0175438596491
2,10,18,15.0,95.0,17.5,0.35948191100278193,0.6405180889972181,307.0175438596491
3,10,18,25.0,95.0,17.5,0.32282479031398226,0.6771752096860177,307.0175438596491
4,10,18,35.0,95.0,17.5,0.27756346269755705,0.722436537302443,307.0175438596491
5,10,18,45.0,95.0,17.5,0.2352205392451628,0.7647794607548372,307.0175438596491
6,10,18,55.0,95.0,17.5,0.21044008972841569,0.7895599102715843,307.0175438596491
7,10,18,65.0,95.0,17.5,0.20198340398209086,0.7980165960179091,307.0175438596491
8,10,18,75.0,95.0,17.5,0.20022772420051627,0.7997722757994837,307.0175438596491
9,10,18,85.0,95.0,17.5,0.2000242576110225,0.7999757423889775,307.0175438596491
10,10,18,95.0,95.0,17.5,0.2000132948960453,0.7999867051039546,307.0175438596491
11,10,18,105.0,95.0,17.5,0.20001309639491494,0.7999869036050851,307.0175438596491
12,10,18,115.0,95.0,17.5,0.20001348436518568,0.7999865156348143,307.0175438596491
13,10,18,125.0,95.0,17.5,0.2000139231867454,0.7999860768132546,307.0175438596491
14,10,18,135.0,95.0,17.5,0.20001437741509068,0.7999856225849094,307.0175438596491
15,10,18,145.0,95.0,17.5,0.20001484463136934,0.7999851553686307,307.0175438596491
16,10,18,155.0,95.0,17.5,0.2000153238446358,0.7999846761553642,307.0175438596491
17,10,18,165.0,95.0,17.5,0.20001581398825316,0.7999841860117468,307.0175438596491
18,10,18,175.0,95.0,17.5,0.20001631359725552,0.7999836864027445,307.0175438596491
19,10,18,185.0,95.0,17.5,0.200016820752869,0.799983179247131,307.0175438596491
20,10,18,195.0,95.0,17.5,0.20001733265771027,0.7999826673422897,307.0175438596491
21,10,18,205.0,95.0,17.5,0.20001784629203465,0.7999821537079653,307.0175438596491
22,10,18,215.0,95.0,17.5,0.2000183589358617,0.7999816410641383,307.0175438596491
23,10,18,225.0,95.0,17.5,0.20001886864526083,0.7999811313547391,307.0175438596491
24,10,18,235.0,95.0,17.5,0.20001937381898657,0.7999806261810134,307.0175438596491
25,10,18,245.0,95.0,17.5,0.20001987391174147,0.7999801260882585,307.0175438596491
26,10,18,255.0,95.0,17.5,0.20002036939941062,0.7999796306005894,307.0175438596491
27,10,18,265.0,95.0,17.5,0.20002086128756005,0.79997913871244,307.0175438596491
28,10,18,275.0,95.0,17.5,0.20002135064803228,0.7999786493519677,307.0175438596491
29,10,18,285.0,95.0,17.5,0.20002183835235682,0.7999781616476431,307.0175438596491
30,10,18,295.0,95.0,17.5,0.20002232500601033,0.7999776749939896,307.0175438596491
31,10,18,305.0,95.0,17.5,0.20002281098737612,0.7999771890126239,307.0175438596491
32,10,18,315.0,95.0,17.5,0.20002329651143172,0.7999767034885683,307.0175438596491
33,10,18,325.0,95.0,17.5,0.20002378168308257,0.7999762183169175,307.0175438596491
34,10,18,335.0,95.0,17.5,0.20002426653180755,0.7999757334681925,307.0175438596491
35,10,18,345.0,95.0,17.5,0.2000247510294526,0.7999752489705474,307.0175438596491
36,10,18,355.0,95.0,17.5,0.20002523509476214,0.7999747649052379,307.0175438596491
37,10,18,365.0,95.0,17.5,0.20002571858620016,0.7999742814137998,307.0175438596491
38,10,18,375.0,95.0,17.5,0.20002620128254828,0.7999737987174518,307.0175438596491
39,10,18,385.0,95.0,17.5,0.20002668284709987,0.7999733171529001,307.0175438596491
40,10,18,395.0,95.0,17.5,0.2000271627671319,0.799972837232868,307.0175438596491
41,10,18,405.0,95.0,17.5,0.20002764025325873,0.7999723597467413,307.0175438596491
42,10,18,415.0,95.0,17.5,0.20002811407262777,0.7999718859273722,307.0175438596491
43,10,18,425.0,95.0,17.5,0.20002858227286588,0.7999714177271341,307.0175438596491
44,10,18,435.0,95.0,17.5,0.20002904172932376,0.7999709582706762,307.0175438596491
45,10,18,445.0,95.0,17.5,0.20002948741833404,0.799970512581666,307.0175438596491
46,10,18,455.0,95.0,17.5,0.20002991130010656,0.7999700886998935,307.0175438596491
47,10,18,465.0,95.0,17.5,0.20003030074112044,0.7999696992588796,307.0175438596491
48,10,18,475.0,95.0,17.5,0.20003063666667728,0.7999693633333227,307.0175438596491
49,10,18,485.0,95.0,17.5,0.20003089243427719,0.7999691075657228,307.0175438596491
50,10,18,495.0,95.0,17.5,0.2000310361691449,0.7999689638308551,307.0175438596491
1,1,19,5.0,5.0,18.5,0.3932267529979486,0.6067732470020514,236.84210526315795
2,1,19,15.0,5.0,18.5,0.3539901889623577,0.6460098110376423,236.84210526315795
3,1,19,25.0,5.0,18.5,0.30154546936003074,0.6984545306399692,236.84210526315795
4,1,19,35.0,5.0,18.5,0.24561279547115536,0.7543872045288447,236.84210526315795
5,1,19,45.0,5.0,18.5,0.21111927624156093,0.7888807237584391,236.84210526315795
6,1,19,55.0,5.0,18.5,0.20127704553170642,0.7987229544682936,236.84210526315795
7,1,19,65.0,5.0,18.5,0.20008237990761338,0.7999176200923866,236.84210526315795
8,1,19,75.0,5.0,18.5,0.20001408275445964,0.7999859172455404,236.84210526315795
9,1,19,85.0,5.0,18.5,0.20001214946061052,0.7999878505393895,236.84210526315795
10,1,19,95.0,5.0,18.5,0.20001242573902597,0.799987574260974,236.84210526315795
11,1,19,105.0,5.0,18.5,0.20001283673577236,0.7999871632642277,236.84210526315795
12,1,19,115.0,5.0,18.5,0.20001326755970023,0.7999867324402998,236.84210526315795
13,1,19,125.0,5.0,18.5,0.20001371175326213,0.7999862882467379,236.84210526315795
14,1,19,135.0,5.0,18.5,0.20001416860192697,0.799985831398073,236.84210526315795
15,1,19,145.0,5.0,18.5,0.2000146376284712,0.7999853623715288,236.84210526315795
16,1,19,155.0,5.0,18.5,0.2000151177713323,0.7999848822286677,236.84210526315795
17,1,19,165.0,5.0,18.5,0.20001560854069955,0.7999843914593004,236.84210526315795
18,1,19,175.0,5.0,18.5,0.20001610891769606,0.7999838910823039,236.84210526315795
19,1,19,185.0,5.0,18.5,0.20001661744977467,0.7999833825502254,236.84210526315795
20,1,19,195.0,5.0,18.5,0.20001713220972744,0.7999828677902725,236.84210526315795
21,1,19,205.0,5.0,18.5,0.20001765025183404,0.799982349748166,236.84210526315795
22,1,19,215.0,5.0,18.5,0.2000181681461281,0.7999818318538718,236.84210526315795
23,1,19,225.0,5.0,18.5,0.20001868266339684,0.7999813173366032,236.84210526315795
24,1,19,235.0,5.0,18.5,0.20001919175564464,0.7999808082443554,236.84210526315795
25,1,19,245.0,5.0,18.5,0.2000196945229718,0.7999803054770283,236.84210526315795
26,1,19,255.0,5.0,18.5,0.20002019136911475,0.7999798086308852,236.84210526315795
27,1,19,265.0,5.0,18.5,0.20002068363482242,0.7999793163651776,236.84210526315795
28,1,19,275.0,5.0,18.5,0.20002117286212956,0.7999788271378705,236.84210526315795
29,1,19,285.0,5.0,18.5,0.20002166030136423,0.7999783396986357,236.84210526315795
30,1,19,295.0,5.0,18.5,0.20002214678962882,0.7999778532103712,236.84210526315795
31,1,19,305.0,5.0,18.5,0.20002263283060506,0.7999773671693949,236.84210526315795
32,1,19,315.0,5.0,18.5,0.20002311871467723,0.7999768812853227,236.84210526315795
33,1,19,325.0,5.0,18.5,0.20002360461365876,0.7999763953863412,236.84210526315795
34,1,19,335.0,5.0,18.5,0.2000240906418104,0.7999759093581896,236.84210526315795
35,1,19,345.0,5.0,18.5,0.20002457689180927,0.7999754231081907,236.84210526315795
36,1,19,355.0,5.0,18.5,0.200025063455451,0.799974936544549,236.84210526315795
37,1,19,365.0,5.0,18.5,0.20002555043503772,0.7999744495649623,236.84210526315795
38,1,19,375.0,5.0,18.5,0.2000260379476959,0.7999739620523041,236.84210526315795
39,1,19,385.0,5.0,18.5,0.20002652612092403,0.799973473879076,236.84210526315795
40,1,19,395.0,5.0,18.5,0.20002701507276335,0.7999729849272367,236.84210526315795
41,1,19,405.0,5.0,18.5,0.20002750486197812,0.7999724951380218,236.84210526315795
42,1,19,415.0,5.0,18.5,0.20002799537915805,0.799972004620842,236.84210526315795
43,1,19,425.0,5.0,18.5,0.20002848612388885,0.7999715138761112,236.84210526315795
44,1,19,435.0,5.0,18.5,0.2000289757673617,0.7999710242326383,236.84210526315795
45,1,19,445.0,5.0,18.5,0.20002946132090127,0.7999705386790987,236.84210526315795
46,1,19,455.0,5.0,18.5,0.20002993661851226,0.7999700633814877,236.84210526315795
47,1,19,465.0,5.0,18.5,0.20003038970094258,0.7999696102990574,236.84210526315795
48,1,19,475.0,5.0,18.5,0.20003079875089302,0.799969201249107,236.84210526315795
49,1,19,485.0,5.0,18.5,0.2000311271504663,0.7999688728495337,236.84210526315795
50,1,19,495.0,5.0,18.5,0.20003132193052506,0.7999686780694749,236.84210526315795
1,2,19,5.0,15.0,18.5,0.5407375672686305,0.45926243273136946,236.84210526315795
2,2,19,15.0,15.0,18.5,0.5081149305308659,0.49188506946913413,236.84210526315795
3,2,19,25.0,15.0,18.5,0.47330357017209806,0.526696429827902,236.84210526315795
4,2,19,35.0,15.0,18.5,0.43150859250101997,0.56849140749898,236.84210526315795
5,2,19,45.0,15.0,18.5,0.37667857554693,0.62332142445307,236.84210526315795
6,2,19,55.0,15.0,18.5,0.3052680420117273,0.6947319579882727,236.84210526315795
7,2,19,65.0,15.0,18.5,0.23997565971221402,0.760024340287786,236.84210526315795
8,2,19,75.0,15.0,18.5,0.20806252435781317,0.7919374756421869,236.84210526315795
9,2,19,85.0,15.0,18.5,0.20077391299663636,0.7992260870033636,236.84210526315795
10,2,19,95.0,15.0,18.5,0.20004959629714836,0.7999504037028516,236.84210526315795
11,2,19,105.0,15.0,18.5,0.20001430179474763,0.7999856982052523,236.84210526315795
12,2,19,115.0,15.0,18.5,0.20001334933562795,0.799986650664372,236.84210526315795
13,2,19,125.0,15.0,18.5,0.20001371089490882,0.7999862891050912,236.84210526315795
14,2,19,135.0,15.0,18.5,0.20001416450665616,0.7999858354933438,236.84210526315795
15,2,19,145.0,15.0,18.5,0.20001463362239802,0.799985366377602,236.84210526315795
16,2,19,155.0,15.0,18.5,0.2000151139211504,0.7999848860788497,236.84210526315795
17,2,19,165.0,15.0,18.5,0.20001560456810058,0.7999843954318995,236.84210526315795
18,2,19,175.0,15.0,18.5,0.20001610490994176,0.7999838950900582,236.84210526315795
19,2,19,185.0,15.0,18.5,0.20001661324778947,0.7999833867522106,236.84210526315795
20,2,19,195.0,15.0,18.5,0.20001712800831306,0.7999828719916869,236.84210526315795
21,2,19,205.0,15.0,18.5,0.2000176464173471,0.7999823535826529,236.84210526315795
22,2,19,215.0,15.0,18.5,0.20001816540178455,0.7999818345982155,236.84210526315795
23,2,19,225.0,15.0,18.5,0.2000186816081084,0.7999813183918916,236.84210526315795
24,2,19,235.0,15.0,18.5,0.20001919236693375,0.7999808076330662,236.84210526315795
25,2,19,245.0,15.0,18.5,0.20001969616206516,0.7999803038379348,236.84210526315795
26,2,19,255.0,15.0,18.5,0.20002019323527626,0.7999798067647237,236.84210526315795
27,2,19,265.0,15.0,18.5,0.20002068518165525,0.7999793148183447,236.84210526315795
28,2,19,275.0,15.0,18.5,0.20002117391660706,0.7999788260833929,236.84210526315795
29,2,19,285.0,15.0,18.5,0.20002166092029078,0.7999783390797093,236.84210526315795
30,2,19,295.0,15.0,18.5,0.2000221470960688,0.7999778529039312,236.84210526315795
31,2,19,305.0,15.0,18.5,0.20002263293132236,0.7999773670686776,236.84210526315795
32,2,19,315.0,15.0,18.5,0.200023118679093,0.7999768813209069,236.84210526315795
33,2,19,325.0,15.0,18.5,0.2000236044781565,0.7999763955218435,236.84210526315795
34,2,19,335.0,15.0,18.5,0.2000240904192117,0.7999759095807883,236.84210526315795
35,2,19,345.0,15.0,18.5,0.2000245765794986,0.7999754234205014,236.84210526315795
36,2,19,355.0,15.0,18.5,0.2000250630415422,0.7999749369584578,236.84210526315795
37,2,19,365.0,15.0,18.5,0.20002554990416127,0.7999744500958388,236.84210526315795
38,2,19,375.0,15.0,18.5,0.20002603728925014,0.7999739627107498,236.84210526315795
39,2,19,385.0,15.0,18.5,0.20002652534424686,0.7999734746557532,236.84210526315795
40,2,19,395.0,15.0,18.5,0.20002701423715968,0.7999729857628404,236.84210526315795
41,2,19,405.0,15.0,18.5,0.2000275041357415,0.7999724958642584,236.84210526315795
42,2,19,415.0,15.0,18.5,0.20002799515353972,0.7999720048464602,236.84210526315795
43,2,19,425.0,15.0,18.5,0.20002848722644942,0.7999715127735506,236.84210526315795
44,2,19,435.0,15.0,18.5,0.2000289798488026,0.7999710201511974,236.84210526315795
45,2,19,445.0,15.0,18.5,0.20002947151504383,0.7999705284849562,236.84210526315795
46,2,19,455.0,15.0,18.5,0.20002995854467626,0.7999700414553237,236.84210526315795
47,2,19,465.0,15.0,18.5,0.20003043262598796,0.799969567374012,236.84210526315795
48,2,19,475.0,15.0,18.5,0.2000308758259162,0.7999691241740838,236.84210526315795
49,2,19,485.0,15.0,18.5,0.20003125142492434,0.7999687485750757,236.84210526315795
50,2,19,495.0,15.0,18.5,0.20003149174092416,0.7999685082590758,236.84210526315795
1,3,19,5.0,25.0,18.5,0.6308099896011335,0.36919001039886645,236.84210526315795
2,3,19,15.0,25.0,18.5,0.5907521849866708,0.4092478150133292,236.84210526315795
3,3,19,25.0,25.0,18.5,0.5491937864977194,0.45080621350228056,236.84210526315795
4,3,19,35.0,25.0,18.5,0.510403081793315,0.48959691820668505,236.84210526315795
5,3,19,45.0,25.0,18.5,0.47327789930165126,0.5267221006983487,236.84210526315795
6,3,19,55.0,25.0,18.5,0.42989393483390076,0.5701060651660992,236.84210526315795
7,3,19,65.0,25.0,18.5,0.37179879787646114,0.6282012021235388,236.84210526315795
8,3,19,75.0,25.0,18.5,0.29924559752745106,0.7007544024725489,236.84210526315795
9,3,19,85.0,25.0,18.5,0.23717948754190257,0.7628205124580975,236.84210526315795
10,3,19,95.0,25.0,18.5,0.20809432232924183,0.7919056776707581,236.84210526315795
11,3,19,105.0,25.0,18.5,0.20089704516521548,0.7991029548347846,236.84210526315795
12,3,19,115.0,25.0,18.5,0.20006205125126808,0.7999379487487319,236.84210526315795
13,3,19,125.0,25.0,18.5,0.2000158184379734,0.7999841815620266,236.84210526315795
14,3,19,135.0,25.0,18.5,0.20001428258975215,0.7999857174102478,236.84210526315795
15,3,19,145.0,25.0,18.5,0.2000146324115831,0.7999853675884169,236.84210526315795
16,3,19,155.0,25.0,18.5,0.20001510816245818,0.7999848918375418,236.84210526315795
17,3,19,165.0,25.0,18.5,0.20001559874066532,0.7999844012593347,236.84210526315795
18,3,19,175.0,25.0,18.5,0.20001609891369782,0.7999839010863021,236.84210526315795
19,3,19,185.0,25.0,18.5,0.20001660706013624,0.7999833929398638,236.84210526315795
20,3,19,195.0,25.0,18.5,0.20001712182375472,0.7999828781762452,236.84210526315795
21,3,19,205.0,25.0,18.5,0.20001764068115313,0.7999823593188469,236.84210526315795
22,3,19,215.0,25.0,18.5,0.2000181609648927,0.7999818390351073,236.84210526315795
23,3,19,225.0,25.0,18.5,0.20001867933457182,0.7999813206654282,236.84210526315795
24,3,19,235.0,25.0,18.5,0.20001919257923978,0.7999808074207602,236.84210526315795
25,3,19,245.0,25.0,18.5,0.2000196983050891,0.799980301694911,236.84210526315795
26,3,19,255.0,25.0,18.5,0.20002019607764437,0.7999798039223556,236.84210526315795
27,3,19,265.0,25.0,18.5,0.20002068765236605,0.799979312347634,236.84210526315795
28,3,19,275.0,25.0,18.5,0.20002117560735608,0.7999788243926439,236.84210526315795
29,3,19,285.0,25.0,18.5,0.20002166189164283,0.7999783381083572,236.84210526315795
30,3,19,295.0,25.0,18.5,0.20002214755013803,0.799977852449862,236.84210526315795
31,3,19,305.0,25.0,18.5,0.2000226330455065,0.7999773669544935,236.84210526315795
32,3,19,315.0,25.0,18.5,0.20002311856574195,0.799976881434258,236.84210526315795
33,3,19,325.0,25.0,18.5,0.2000236041925358,0.7999763958074642,236.84210526315795
34,3,19,335.0,25.0,18.5,0.20002408997610022,0.7999759100238998,236.84210526315795
35,3,19,345.0,25.0,18.5,0.2000245759666515,0.7999754240333485,236.84210526315795
36,3,19,355.0,25.0,18.5,0.20002506222909996,0.7999749377709,236.84210526315795
37,3,19,365.0,25.0,18.5,0.20002554885307114,0.7999744511469289,236.84210526315795
38,3,19,375.0,25.0,18.5,0.20002603596305696,0.799973964036943,236.84210526315795
39,3,19,385.0,25.0,18.5,0.20002652373161983,0.7999734762683801,236.84210526315795
40,3,19,395.0,25.0,18.5,0.2000270123974938,0.7999729876025062,236.84210526315795
41,3,19,405.0,25.0,18.5,0.20002750229134839,0.7999724977086516,236.84210526315795
42,3,19,415.0,25.0,18.5,0.2000279938720791,0.799972006127921,236.84210526315795
43,3,19,425.0,25.0,18.5,0.2000284877759156,0.7999715122240845,236.84210526315795
44,3,19,435.0,25.0,18.5,0.20002898486573478,0.7999710151342652,236.84210526315795
45,3,19,445.0,25.0,18.5,0.20002948623824257,0.7999705137617574,236.84210526315795
46,3,19,455.0,25.0,18.5,0.20002999295758825,0.7999700070424117,236.84210526315795
47,3,19,465.0,25.0,18.5,0.20003050469704417,0.7999694953029558,236.84210526315795
48,3,19,475.0,25.0,18.5,0.20003101474032817,0.7999689852596719,236.84210526315795
49,3,19,485.0,25.0,18.5,0.20003149462722336,0.7999685053727766,236.84210526315795
50,3,19,495.0,25.0,18.5,0.20003185567211143,0.7999681443278885,236.84210526315795
1,4,19,5.0,35.0,18.5,0.7023993933017846,0.2976006066982154,236.84210526315795
2,4,19,15.0,35.0,18.5,0.6561075333876183,0.3438924666123817,236.84210526315795
3,4,19,25.0,35.0,18.5,0.6084103714227633,0.39158962857723667,236.84210526315795
4,4,19,35.0,35.0,18.5,0.5627960779868867,0.4372039220131133,236.84210526315795
5,4,19,45.0,35.0,18.5,0.5216151090708601,0.47838489092913994,236.84210526315795
6,4,19,55.0,35.0,18.5,0.48547189971529364,0.5145281002847064,236.84210526315795
7,4,19,65.0,35.0,18.5,0.44532201772093405,0.554677982279066,236.84210526315795
8,4,19,75.0,35.0,18.5,0.39403121103384975,0.6059687889661503,236.84210526315795
9,4,19,85.0,35.0,18.5,0.3268400221475354,0.6731599778524646,236.84210526315795
10,4,19,95.0,35.0,18.5,0.2583589514700202,0.7416410485299798,236.84210526315795
11,4,19,105.0,35.0,18.5,0.216567764339956,0.783432235660044,236.84210526315795
12,4,19,115.0,35.0,18.5,0.2026434251544093,0.7973565748455906,236.84210526315795
13,4,19,125.0,35.0,18.5,0.2002123009495351,0.7997876990504649,236.84210526315795
14,4,19,135.0,35.0,18.5,0.20002334377986433,0.7999766562201357,236.84210526315795
15,4,19,145.0,35.0,18.5,0.20001509492700076,0.7999849050729992,236.84210526315795
16,4,19,155.0,35.0,18.5,0.2000151235169839,0.7999848764830161,236.84210526315795
17,4,19,165.0,35.0,18.5,0.2000155946267846,0.7999844053732155,236.84210526315795
18,4,19,175.0,35.0,18.5,0.20001609388839564,0.7999839061116043,236.84210526315795
19,4,19,185.0,35.0,18.5,0.20001660205782698,0.799983397942173,236.84210526315795
20,4,19,195.0,35.0,18.5,0.20001711664078467,0.7999828833592153,236.84210526315795
21,4,19,205.0,35.0,18.5,0.20001763585573448,0.7999823641442655,236.84210526315795
22,4,19,215.0,35.0,18.5,0.2000181569840408,0.7999818430159592,236.84210526315795
23,4,19,225.0,35.0,18.5,0.20001867695533498,0.7999813230446651,236.84210526315795
24,4,19,235.0,35.0,18.5,0.20001919225308668,0.7999808077469133,236.84210526315795
25,4,19,245.0,35.0,18.5,0.20001969987004287,0.7999803001299571,236.84210526315795
26,4,19,255.0,35.0,18.5,0.20002019859111195,0.799979801408888,236.84210526315795
27,4,19,265.0,35.0,18.5,0.20002068996913192,0.7999793100308681,236.84210526315795
28,4,19,275.0,35.0,18.5,0.20002117718032528,0.7999788228196747,236.84210526315795
29,4,19,285.0,35.0,18.5,0.20002166274117872,0.7999783372588213,236.84210526315795
30,4,19,295.0,35.0,18.5,0.2000221478782397,0.7999778521217603,236.84210526315795
31,4,19,305.0,35.0,18.5,0.20002263302886136,0.7999773669711386,236.84210526315795
32,4,19,315.0,35.0,18.5,0.20002311830914235,0.7999768816908577,236.84210526315795
33,4,19,325.0,35.0,18.5,0.2000236037387696,0.7999763962612304,236.84210526315795
34,4,19,335.0,35.0,18.5,0.20002408932374952,0.7999759106762505,236.84210526315795
35,4,19,345.0,35.0,18.5,0.2000245750828006,0.7999754249171994,236.84210526315795
36,4,19,355.0,35.0,18.5,0.20002506105709988,0.7999749389429001,236.84210526315795
37,4,19,365.0,35.0,18.5,0.2000255473181449,0.7999744526818551,236.84210526315795
38,4,19,375.0,35.0,18.5,0.20002603398040217,0.7999739660195978,236.84210526315795
39,4,19,385.0,35.0,18.5,0.20002652122344458,0.7999734787765554,236.84210526315795
40,4,19,395.0,35.0,18.5,0.20002700933100592,0.7999729906689941,236.84210526315795
41,4,19,405.0,35.0,18.5,0.20002749875993314,0.7999725012400669,236.84210526315795
42,4,19,415.0,35.0,18.5,0.20002799026388582,0.7999720097361142,236.84210526315795
43,4,19,425.0,35.0,18.5,0.20002848511868124,0.7999715148813188,236.84210526315795
44,4,19,435.0,35.0,18.5,0.20002898553833487,0.7999710144616652,236.84210526315795
45,4,19,445.0,35.0,18.5,0.200029495425553,0.799970504574447,236.84210526315795
46,4,19,455.0,35.0,18.5,0.20003002166893563,0.7999699783310643,236.84210526315795
47,4,19,465.0,35.0,18.5,0.2000305760219908,0.7999694239780092,236.84210526315795
48,4,19,475.0,35.0,18.5,0.20003117563151346,0.7999688243684866,236.84210526315795
49,4,19,485.0,35.0,18.5,0.2000318299601317,0.7999681700398683,236.84210526315795
50,4,19,495.0,35.0,18.5,0.20003246635255356,0.7999675336474464,236.84210526315795
1,5,19,5.0,45.0,18.5,0.7633128542823032,0.23668714571769678,236.84210526315795
2,5,19,15.0,45.0,18.5,0.7159252947017729,0.2840747052982271,236.84210526315795
3,5,19,25.0,45.0,18.5,0.6634380003737255,0.33656199962627453,236.84210526315795
4,5,19,35.0,45.0,18.5,0.6138313325107165,0.38616866748928347,236.84210526315795
5,5,19,45.0,45.0,18.5,0.5689441478253038,0.4310558521746962,236.84210526315795
6,5,19,55.0,45.0,18.5,0.5295250085618136,0.4704749914381864,236.84210526315795
7,5,19,65.0,45.0,18.5,0.49523257133517573,0.5047674286648243,236.84210526315795
8,5,19,75.0,45.0,18.5,0.4586273786624906,0.5413726213375094,236.84210526315795
9,5,19,85.0,45.0,18.5,0.41307678349506866,0.5869232165049314,236.84210526315795
10,5,19,95.0,45.0,18.5,0.35182473651151985,0.6481752634884801,236.84210526315795
11,5,19,105.0,45.0,18.5,0.2811058037773578,0.7188941962226423,236.84210526315795
12,5,19,115.0,45.0,18.5,0.22759387847669443,0.7724061215233056,236.84210526315795
13,5,19,125.0,45.0,18.5,0.20532913067011008,0.79467086932989,236.84210526315795
14,5,19,135.0,45.0,18.5,0.20049362464840312,0.7995063753515969,236.84210526315795
15,5,19,145.0,45.0,18.5,0.20003673216950538,0.7999632678304947,236.84210526315795
16,5,19,155.0,45.0,18.5,0.20001594395986672,0.7999840560401332,236.84210526315795
17,5,19,165.0,45.0,18.5,0.20001562741597362,0.7999843725840263,236.84210526315795
18,5,19,175.0,45.0,18.5,0.20001609364268744,0.7999839063573125,236.84210526315795
19,5,19,185.0,45.0,18.5,0.20001660063563062,0.7999833993643694,236.84210526315795
20,5,19,195.0,45.0,18.5,0.20001711521181076,0.7999828847881892,236.84210526315795
21,5,19,205.0,45.0,18.5,0.20001763426415517,0.7999823657358448,236.84210526315795
22,5,19,215.0,45.0,18.5,0.20001815563697511,0.7999818443630249,236.84210526315795
23,5,19,225.0,45.0,18.5,0.2000186760739651,0.7999813239260349,236.84210526315795
24,5,19,235.0,45.0,18.5,0.20001919212534758,0.7999808078746524,236.84210526315795
25,5,19,245.0,45.0,18.5,0.2000197005260979,0.799980299473902,236.84210526315795
26,5,19,255.0,45.0,18.5,0.20002019968970156,0.7999798003102985,236.84210526315795
27,5,19,265.0,45.0,18.5,0.20002069096795524,0.7999793090320447,236.84210526315795
28,5,19,275.0,45.0,18.5,0.20002117777492712,0.7999788222250729,236.84210526315795
29,5,19,285.0,45.0,18.5,0.20002166294218557,0.7999783370578144,236.84210526315795
30,5,19,295.0,45.0,18.5,0.20002214779322747,0.7999778522067725,236.84210526315795
31,5,19,305.0,45.0,18.5,0.20002263274152493,0.7999773672584751,236.84210526315795
32,5,19,315.0,45.0,18.5,0.20002311785569343,0.7999768821443065,236.84210526315795
33,5,19,325.0,45.0,18.5,0.20002360311506362,0.7999763968849364,236.84210526315795
34,5,19,335.0,45.0,18.5,0.20002408849406877,0.7999759115059313,236.84210526315795
35,5,19,345.0,45.0,18.5,0.2000245739843419,0.7999754260156581,236.84210526315795
36,5,19,355.0,45.0,18.5,0.20002505960020606,0.799974940399794,236.84210526315795
37,5,19,365.0,45.0,18.5,0.20002554538416575,0.7999744546158343,236.84210526315795
38,5,19,375.0,45.0,18.5,0.20002603141895933,0.7999739685810406,236.84210526315795
39,5,19,385.0,45.0,18.5,0.2000265178522824,0.7999734821477176,236.84210526315795
40,5,19,395.0,45.0,18.5,0.20002700494364198,0.799972995056358,236.84210526315795
41,5,19,405.0,45.0,18.5,0.20002749315171814,0.7999725068482819,236.84210526315795
42,5,19,415.0,45.0,18.5,0.20002798329726304,0.799972016702737,236.84210526315795
43,5,19,425.0,45.0,18.5,0.20002847687146766,0.7999715231285324,236.84210526315795
44,5,19,435.0,45.0,18.5,0.20002897663350383,0.7999710233664962,236.84210526315795
45,5,19,445.0,45.0,18.5,0.20002948781372412,0.7999705121862759,236.84210526315795
46,5,19,455.0,45.0,18.5,0.20003002068032405,0.799969979319676,236.84210526315795
47,5,19,465.0,45.0,18.5,0.2000305963335066,0.7999694036664934,236.84210526315795
48,5,19,475.0,45.0,18.5,0.20003125978163905,0.799968740218361,236.84210526315795
49,5,19,485.0,45.0,18.5,0.20003209416206325,0.7999679058379368,236.84210526315795
50,5,19,495.0,45.0,18.5,0.20003302855297161,0.7999669714470283,236.84210526315795
1,6,19,5.0,55.0,18.5,0.7060610475272606,0.2939389524727394,236.84210526315795
2,6,19,15.0,55.0,18.5,0.6616757213564376,0.3383242786435624,236.84210526315795
3,6,19,25.0,55.0,18.5,0.6156844785171182,0.38431552148288184,236.84210526315795
4,6,19,35.0,55.0,18.5,0.5712782206049579,0.4287217793950421,236.84210526315795
5,6,19,45.0,55.0,18.5,0.5304866071209737,0.46951339287902627,236.84210526315795
6,6,19,55.0,55.0,18.5,0.4953277014772183,0.5046722985227817,236.84210526315795
7,6,19,65.0,55.0,18.5,0.45812155924045905,0.541878440759541,236.84210526315795
8,6,19,75.0,55.0,18.5,0.41208708675661054,0.5879129132433895,236.84210526315795
9,6,19,85.0,55.0,18.5,0.3504093555658415,0.6495906444341585,236.84210526315795
10,6,19,95.0,55.0,18.5,0.2801055308246406,0.7198944691753594,236.84210526315795
11,6,19,105.0,55.0,18.5,0.22768327708890382,0.7723167229110962,236.84210526315795
12,6,19,115.0,55.0,18.5,0.20566166395482896,0.794338336045171,236.84210526315795
13,6,19,125.0,55.0,18.5,0.20057774234834863,0.7994222576516514,236.84210526315795
14,6,19,135.0,55.0,18.5,0.20004459777461675,0.7999554022253832,236.84210526315795
15,6,19,145.0,55.0,18.5,0.20001587571686263,0.7999841242831374,236.84210526315795
16,6,19,155.0,55.0,18.5,0.2000151724724116,0.7999848275275884,236.84210526315795
17,6,19,165.0,55.0,18.5,0.20001559915988518,0.7999844008401148,236.84210526315795
18,6,19,175.0,55.0,18.5,0.20001609659923625,0.7999839034007638,236.84210526315795
19,6,19,185.0,55.0,18.5,0.2000166043045233,0.7999833956954767,236.84210526315795
20,6,19,195.0,55.0,18.5,0.20001711837905334,0.7999828816209467,236.84210526315795
21,6,19,205.0,55.0,18.5,0.20001763703625955,0.7999823629637405,236.84210526315795
22,6,19,215.0,55.0,18.5,0.2000181577381545,0.7999818422618454,236.84210526315795
23,6,19,225.0,55.0,18.5,0.20001867744190632,0.7999813225580936,236.84210526315795
24,6,19,235.0,55.0,18.5,0.20001919263171122,0.7999808073682888,236.84210526315795
25,6,19,245.0,55.0,18.5,0.2000197002056197,0.7999802997943803,236.84210526315795
26,6,19,255.0,55.0,18.5,0.20002019880288346,0.7999798011971165,236.84210526315795
27,6,19,265.0,55.0,18.5,0.20002068992944758,0.7999793100705525,236.84210526315795
28,6,19,275.0,55.0,18.5,0.20002117686007306,0.799978823139927,236.84210526315795
29,6,19,285.0,55.0,18.5,0.20002166219182196,0.7999783378081781,236.84210526315795
30,6,19,295.0,55.0,18.5,0.20002214714856062,0.7999778528514394,236.84210526315795
31,6,19,305.0,55.0,18.5,0.20002263212836865,0.7999773678716313,236.84210526315795
32,6,19,315.0,55.0,18.5,0.2000231172040773,0.7999768827959227,236.84210526315795
33,6,19,325.0,55.0,18.5,0.20002360235551112,0.7999763976444889,236.84210526315795
34,6,19,335.0,55.0,18.5,0.20002408754944795,0.7999759124505521,236.84210526315795
35,6,19,345.0,55.0,18.5,0.20002457276077998,0.79997542723922,236.84210526315795
36,6,19,355.0,55.0,18.5,0.20002505797705245,0.7999749420229476,236.84210526315795
37,6,19,365.0,55.0,18.5,0.20002554320144733,0.7999744567985527,236.84210526315795
38,6,19,375.0,55.0,18.5,0.2000260284608977,0.7999739715391023,236.84210526315795
39,6,19,385.0,55.0,18.5,0.20002651382430153,0.7999734861756984,236.84210526315795
40,6,19,395.0,55.0,18.5,0.20002699943927976,0.7999730005607202,236.84210526315795
41,6,19,405.0,55.0,18.5,0.20002748560219397,0.799972514397806,236.84210526315795
42,6,19,415.0,55.0,18.5,0.20002797288910446,0.7999720271108955,236.84210526315795
43,6,19,425.0,55.0,18.5,0.20002846239763078,0.7999715376023693,236.84210526315795
44,6,19,435.0,55.0,18.5,0.20002895618908992,0.7999710438109101,236.84210526315795
45,6,19,445.0,55.0,18.5,0.20002945807939707,0.7999705419206029,236.84210526315795
46,6,19,455.0,55.0,18.5,0.20002997497277264,0.7999700250272274,236.84210526315795
47,6,19,465.0,55.0,18.5,0.20003051868652946,0.7999694813134706,236.84210526315795
48,6,19,475.0,55.0,18.5,0.20003110619452577,0.7999688938054742,236.84210526315795
49,6,19,485.0,55.0,18.5,0.200031746250002,0.799968253749998,236.84210526315795
50,6,19,495.0,55.0,18.5,0.20003236638921829,0.7999676336107817,236.84210526315795
1,7,19,5.0,65.0,18.5,0.6408583742359271,0.35914162576407294,236.84210526315795
2,7,19,15.0,65.0,18.5,0.6026517968610707,0.39734820313892927,236.84210526315795
3,7,19,25.0,65.0,18.5,0.5624027816169904,0.4375972183830096,236.84210526315795
4,7,19,35.0,65.0,18.5,0.5238323120317379,0.47616768796826214,236.84210526315795
5,7,19,45.0,65.0,18.5,0.4892315316219339,0.5107684683780661,236.84210526315795
6,7,19,55.0,65.0,18.5,0.45061057909538293,0.5493894209046171,236.84210526315795
7,7,19,65.0,65.0,18.5,0.4015643882811164,0.5984356117188836,236.84210526315795
8,7,19,75.0,65.0,18.5,0.3362945169422504,0.6637054830577496,236.84210526315795
9,7,19,85.0,65.0,18.5,0.26646711337580176,0.7335328866241982,236.84210526315795
10,7,19,95.0,65.0,18.5,0.22040194473070407,0.7795980552692959,236.84210526315795
11,7,19,105.0,65.0,18.5,0.20361346928343071,0.7963865307165693,236.84210526315795
12,7,19,115.0,65.0,18.5,0.2003179269435263,0.7996820730564738,236.84210526315795
13,7,19,125.0,65.0,18.5,0.2000291264470485,0.7999708735529515,236.84210526315795
14,7,19,135.0,65.0,18.5,0.2000149240605118,0.7999850759394882,236.84210526315795
15,7,19,145.0,65.0,18.5,0.20001467345575577,0.7999853265442443,236.84210526315795
16,7,19,155.0,65.0,18.5,0.20001511682999992,0.79998488317,236.84210526315795
17,7,19,165.0,65.0,18.5,0.20001560558726614,0.7999843944127338,236.84210526315795
18,7,19,175.0,65.0,18.5,0.20001610506481635,0.7999838949351836,236.84210526315795
19,7,19,185.0,65.0,18.5,0.20001661237941784,0.7999833876205822,236.84210526315795
20,7,19,195.0,65.0,18.5,0.20001712593586368,0.7999828740641364,236.84210526315795
21,7,19,205.0,65.0,18.5,0.20001764364005112,0.7999823563599489,236.84210526315795
22,7,19,215.0,65.0,18.5,0.20001816287586666,0.7999818371241334,236.84210526315795
23,7,19,225.0,65.0,18.5,0.20001868055686498,0.799981319443135,236.84210526315795
24,7,19,235.0,65.0,18.5,0.20001919340550062,0.7999808065944993,236.84210526315795
25,7,19,245.0,65.0,18.5,0.20001969883012397,0.7999803011698761,236.84210526315795
26,7,19,255.0,65.0,18.5,0.200020196197678,0.799979803802322,236.84210526315795
27,7,19,265.0,65.0,18.5,0.20002068726302824,0.7999793127369718,236.84210526315795
28,7,19,275.0,65.0,18.5,0.2000211747533675,0.7999788252466324,236.84210526315795
29,7,19,285.0,65.0,18.5,0.20002166068441923,0.7999783393155808,236.84210526315795
30,7,19,295.0,65.0,18.5,0.20002214606210186,0.7999778539378981,236.84210526315795
31,7,19,305.0,65.0,18.5,0.20002263127263809,0.7999773687273619,236.84210526315795
32,7,19,315.0,65.0,18.5,0.2000231164276462,0.7999768835723537,236.84210526315795
33,7,19,325.0,65.0,18.5,0.20002360153846768,0.7999763984615323,236.84210526315795
34,7,19,335.0,65.0,18.5,0.20002408658409318,0.7999759134159068,236.84210526315795
35,7,19,345.0,65.0,18.5,0.20002457153290454,0.7999754284670955,236.84210526315795
36,7,19,355.0,65.0,18.5,0.2000250563476099,0.7999749436523901,236.84210526315795
37,7,19,365.0,65.0,18.5,0.2000255409857776,0.7999744590142224,236.84210526315795
38,7,19,375.0,65.0,18.5,0.20002602540067413,0.7999739745993258,236.84210526315795
39,7,19,385.0,65.0,18.5,0.20002650954569307,0.799973490454307,236.84210526315795
40,7,19,395.0,65.0,18.5,0.20002699338592408,0.7999730066140759,236.84210526315795
41,7,19,405.0,65.0,18.5,0.20002747692290515,0.7999725230770949,236.84210526315795
42,7,19,415.0,65.0,18.5,0.20002796024142117,0.7999720397585788,236.84210526315795
43,7,19,425.0,65.0,18.5,0.2000284435894686,0.7999715564105314,236.84210526315795
44,7,19,435.0,65.0,18.5,0.2000289274944135,0.7999710725055865,236.84210526315795
45,7,19,445.0,65.0,18.5,0.20002941287055165,0.7999705871294484,236.84210526315795
46,7,19,455.0,65.0,18.5,0.20002990088596567,0.7999700991140344,236.84210526315795
47,7,19,465.0,65.0,18.5,0.20003039174387352,0.7999696082561265,236.84210526315795
48,7,19,475.0,65.0,18.5,0.20003087979661088,0.7999691202033892,236.84210526315795
49,7,19,485.0,65.0,18.5,0.20003133849442703,0.799968661505573,236.84210526315795
50,7,19,495.0,65.0,18.5,0.20003168329625623,0.7999683167037438,236.84210526315795
1,8,19,5.0,75.0,18.5,0.5644545262493526,0.43554547375064745,236.84210526315795
2,8,19,15.0,75.0,18.5,0.532805078242004,0.46719492175799604,236.84210526315795
3,8,19,25.0,75.0,18.5,0.5000109472044629,0.49998905279553707,236.84210526315795
4,8,19,35.0,75.0,18.5,0.46483618888818173,0.5351638111118182,236.84210526315795
5,8,19,45.0,75.0,18.5,0.42236946312651286,0.5776305368734871,236.84210526315795
6,8,19,55.0,75.0,18.5,0.36473888605432864,0.6352611139456714,236.84210526315795
7,8,19,65.0,75.0,18.5,0.2939014976105878,0.7060985023894122,236.84210526315795
8,8,19,75.0,75.0,18.5,0.23466291907848025,0.7653370809215198,236.84210526315795
9,8,19,85.0,75.0,18.5,0.20735572839033958,0.7926442716096604,236.84210526315795
10,8,19,95.0,75.0,18.5,0.200788943093551,0.799211056906449,236.84210526315795
11,8,19,105.0,75.0,18.5,0.20005517097177541,0.7999448290282246,236.84210526315795
12,8,19,115.0,75.0,18.5,0.2000151338287308,0.7999848661712692,236.84210526315795
13,8,19,125.0,75.0,18.5,0.20001383404211134,0.7999861659578886,236.84210526315795
14,8,19,135.0,75.0,18.5,0.20001418350452835,0.7999858164954716,236.84210526315795
15,8,19,145.0,75.0,18.5,0.20001464719489914,0.7999853528051009,236.84210526315795
16,8,19,155.0,75.0,18.5,0.2000151265989124,0.7999848734010876,236.84210526315795
17,8,19,165.0,75.0,18.5,0.20001561666663703,0.799984383333363,236.84210526315795
18,8,19,175.0,75.0,18.5,0.20001611585730442,0.7999838841426956,236.84210526315795
19,8,19,185.0,75.0,18.5,0.200016623002941,0.799983376997059,236.84210526315795
20,8,19,195.0,75.0,18.5,0.2000171358031663,0.7999828641968337,236.84210526315795
21,8,19,205.0,75.0,18.5,0.20001765213697434,0.7999823478630257,236.84210526315795
22,8,19,215.0,75.0,18.5,0.20001816913139125,0.7999818308686087,236.84210526315795
23,8,19,225.0,75.0,18.5,0.2000186838665762,0.7999813161334238,236.84210526315795
24,8,19,235.0,75.0,18.5,0.20001919352421726,0.7999808064757827,236.84210526315795
25,8,19,245.0,75.0,18.5,0.20001969640878212,0.7999803035912179,236.84210526315795
26,8,19,255.0,75.0,18.5,0.20002019266640314,0.7999798073335969,236.84210526315795
27,8,19,265.0,75.0,18.5,0.2000206839474776,0.7999793160525224,236.84210526315795
28,8,19,275.0,75.0,18.5,0.2000211722166964,0.7999788277833035,236.84210526315795
29,8,19,285.0,75.0,18.5,0.20002165891004467,0.7999783410899554,236.84210526315795
30,8,19,295.0,75.0,18.5,0.20002214483056854,0.7999778551694314,236.84210526315795
31,8,19,305.0,75.0,18.5,0.20002263035973444,0.7999773696402656,236.84210526315795
32,8,19,315.0,75.0,18.5,0.20002311565693207,0.7999768843430679,236.84210526315795
33,8,19,325.0,75.0,18.5,0.20002360077483783,0.7999763992251622,236.84210526315795
34,8,19,335.0,75.0,18.5,0.20002408571323868,0.7999759142867613,236.84210526315795
35,8,19,345.0,75.0,18.5,0.20002457044003294,0.799975429559967,236.84210526315795
36,8,19,355.0,75.0,18.5,0.20002505489664915,0.7999749451033509,236.84210526315795
37,8,19,365.0,75.0,18.5,0.20002553899544778,0.7999744610045523,236.84210526315795
38,8,19,375.0,75.0,18.5,0.20002602261205482,0.7999739773879452,236.84210526315795
39,8,19,385.0,75.0,18.5,0.2000265055725781,0.7999734944274219,236.84210526315795
40,8,19,395.0,75.0,18.5,0.20002698763420898,0.799973012365791,236.84210526315795
41,8,19,405.0,75.0,18.5,0.20002746845490593,0.7999725315450941,236.84210526315795
42,8,19,415.0,75.0,18.5,0.20002794754316566,0.7999720524568343,236.84210526315795
43,8,19,425.0,75.0,18.5,0.20002842416672514,0.7999715758332748,236.84210526315795
44,8,19,435.0,75.0,18.5,0.20002889717001007,0.79997110282999,236.84210526315795
45,8,19,445.0,75.0,18.5,0.20002936457789958,0.7999706354221005,236.84210526315795
46,8,19,455.0,75.0,18.5,0.20002982269498146,0.7999701773050185,236.84210526315795
47,8,19,465.0,75.0,18.5,0.20003026405203567,0.7999697359479643,236.84210526315795
48,8,19,475.0,75.0,18.5,0.20003067295969823,0.7999693270403018,236.84210526315795
49,8,19,485.0,75.0,18.5,0.20003101708371468,0.7999689829162853,236.84210526315795
50,8,19,495.0,75.0,18.5,0.20003123612784332,0.7999687638721567,236.84210526315795
1,9,19,5.0,85.0,18.5,0.46892412832043445,0.5310758716795656,236.84210526315795
2,9,19,15.0,85.0,18.5,0.43843716542577754,0.5615628345742225,236.84210526315795
3,9,19,25.0,85.0,18.5,0.39904934018856625,0.6009506598114338,236.84210526315795
4,9,19,35.0,85.0,18.5,0.34486219180489724,0.6551378081951027,236.84210526315795
5,9,19,45.0,85.0,18.5,0.27945779146410765,0.7205422085358923,236.84210526315795
6,9,19,55.0,85.0,18.5,0.22699073449077373,0.7730092655092262,236.84210526315795
7,9,19,65.0,85.0,18.5,0.2046654788793789,0.7953345211206211,236.84210526315795
8,9,19,75.0,85.0,18.5,0.20037044864290837,0.7996295513570917,236.84210526315795
9,9,19,85.0,85.0,18.5,0.20002751413301204,0.799972485866988,236.84210526315795
10,9,19,95.0,85.0,18.5,0.20001318627492015,0.7999868137250798,236.84210526315795
11,9,19,105.0,85.0,18.5,0.20001290382326686,0.7999870961767331,236.84210526315795
12,9,19,115.0,85.0,18.5,0.20001329537735588,0.7999867046226441,236.84210526315795
13,9,19,125.0,85.0,18.5,0.2000137351564586,0.7999862648435414,236.84210526315795
14,9,19,135.0,85.0,18.5,0.2000141902373913,0.7999858097626087,236.84210526315795
15,9,19,145.0,85.0,18.5,0.20001465770446444,0.7999853422955355,236.84210526315795
16,9,19,155.0,85.0,18.5,0.20001513695072146,0.7999848630492785,236.84210526315795
17,9,19,165.0,85.0,18.5,0.20001562699221434,0.7999843730077857,236.84210526315795
18,9,19,175.0,85.0,18.5,0.2000161261827448,0.7999838738172552,236.84210526315795
19,9,19,185.0,85.0,18.5,0.20001663308496967,0.7999833669150304,236.84210526315795
20,9,19,195.0,85.0,18.5,0.20001714513240212,0.7999828548675979,236.84210526315795
21,9,19,205.0,85.0,18.5,0.20001765979982378,0.7999823402001762,236.84210526315795
22,9,19,215.0,85.0,18.5,0.20001817422777873,0.7999818257722213,236.84210526315795
23,9,19,225.0,85.0,18.5,0.2000186858683224,0.7999813141316776,236.84210526315795
24,9,19,235.0,85.0,18.5,0.2000191926231333,0.7999808073768667,236.84210526315795
25,9,19,245.0,85.0,18.5,0.20001969364283592,0.7999803063571641,236.84210526315795
26,9,19,255.0,85.0,18.5,0.2000201893706759,0.7999798106293241,236.84210526315795
27,9,19,265.0,85.0,18.5,0.20002068104937257,0.7999793189506275,236.84210526315795
28,9,19,275.0,85.0,18.5,0.20002117003866707,0.799978829961333,236.84210526315795
29,9,19,285.0,85.0,18.5,0.20002165739298042,0.7999783426070196,236.84210526315795
30,9,19,295.0,85.0,18.5,0.20002214378656036,0.7999778562134396,236.84210526315795
31,9,19,305.0,85.0,18.5,0.20002262960251774,0.7999773703974823,236.84210526315795
32,9,19,315.0,85.0,18.5,0.20002311503882023,0.7999768849611798,236.84210526315795
33,9,19,325.0,85.0,18.5,0.200023600182724,0.799976399817276,236.84210526315795
34,9,19,335.0,85.0,18.5,0.2000240850528234,0.7999759149471766,236.84210526315795
35,9,19,345.0,85.0,18.5,0.2000245696186164,0.7999754303813836,236.84210526315795
36,9,19,355.0,85.0,18.5,0.20002505380551708,0.799974946194483,236.84210526315795
37,9,19,365.0,85.0,18.5,0.20002553748940197,0.799974462510598,236.84210526315795
38,9,19,375.0,85.0,18.5,0.20002602048117468,0.7999739795188253,236.84210526315795
39,9,19,385.0,85.0,18.5,0.20002650249893175,0.7999734975010683,236.84210526315795
40,9,19,395.0,85.0,18.5,0.20002698312145906,0.7999730168785409,236.84210526315795
41,9,19,405.0,85.0,18.5,0.20002746171143126,0.7999725382885687,236.84210526315795
42,9,19,415.0,85.0,18.5,0.20002793728707588,0.7999720627129241,236.84210526315795
43,9,19,425.0,85.0,18.5,0.20002840830471602,0.799971591695284,236.84210526315795
44,9,19,435.0,85.0,18.5,0.20002887228505878,0.7999711277149413,236.84210526315795
45,9,19,445.0,85.0,18.5,0.20002932516640776,0.7999706748335922,236.84210526315795
46,9,19,455.0,85.0,18.5,0.20002976019135046,0.7999702398086496,236.84210526315795
47,9,19,465.0,85.0,18.5,0.20003016605236662,0.7999698339476333,236.84210526315795
48,9,19,475.0,85.0,18.5,0.20003052407582753,0.7999694759241724,236.84210526315795
49,9,19,485.0,85.0,18.5,0.20003080492814754,0.7999691950718525,236.84210526315795
50,9,19,495.0,85.0,18.5,0.2000309680171614,0.7999690319828386,236.84210526315795
1,10,19,5.0,95.0,18.5,0.29255425770396387,0.7074457422960361,236.84210526315795
2,10,19,15.0,95.0,18.5,0.2576314505509093,0.7423685494490907,236.84210526315795
3,10,19,25.0,95.0,18.5,0.22507814331369638,0.7749218566863036,236.84210526315795
4,10,19,35.0,95.0,18.5,0.2064654774319005,0.7935345225680995,236.84210526315795
5,10,19,45.0,95.0,18.5,0.2008503104626831,0.7991496895373169,236.84210526315795
6,10,19,55.0,95.0,18.5,0.20006001593355868,0.7999399840664413,236.84210526315795
7,10,19,65.0,95.0,18.5,0.20001308042406163,0.7999869195759384,236.84210526315795
8,10,19,75.0,95.0,18.5,0.2000117952623536,0.7999882047376464,236.84210526315795
9,10,19,85.0,95.0,18.5,0.20001207695732018,0.7999879230426798,236.84210526315795
10,10,19,95.0,95.0,18.5,0.20001246579401313,0.7999875342059869,236.84210526315795
11,10,19,105.0,95.0,18.5,0.20001287560127243,0.7999871243987275,236.84210526315795
12,10,19,115.0,95.0,18.5,0.20001330152299243,0.7999866984770075,236.84210526315795
13,10,19,125.0,95.0,18.5,0.20001374226907592,0.799986257730924,236.84210526315795
14,10,19,135.0,95.0,18.5,0.20001419678867507,0.799985803211325,236.84210526315795
15,10,19,145.0,95.0,18.5,0.2000146640885864,0.7999853359114136,236.84210526315795
16,10,19,155.0,95.0,18.5,0.2000151432724591,0.7999848567275409,236.84210526315795
17,10,19,165.0,95.0,18.5,0.20001563326657534,0.7999843667334247,236.84210526315795
18,10,19,175.0,95.0,18.5,0.20001613258433518,0.7999838674156649,236.84210526315795
19,10,19,185.0,95.0,18.5,0.2000166393327561,0.799983360667244,236.84210526315795
20,10,19,195.0,95.0,18.5,0.20001715082508462,0.7999828491749154,236.84210526315795
21,10,19,205.0,95.0,18.5,0.20001766416768602,0.7999823358323139,236.84210526315795
22,10,19,215.0,95.0,18.5,0.20001817668939031,0.7999818233106097,236.84210526315795
23,10,19,225.0,95.0,18.5,0.20001868636022854,0.7999813136397714,236.84210526315795
24,10,19,235.0,95.0,18.5,0.20001919159278392,0.7999808084072161,236.84210526315795
25,10,19,245.0,95.0,18.5,0.20001969180571277,0.7999803081942872,236.84210526315795
26,10,19,255.0,95.0,18.5,0.20002018741400968,0.7999798125859903,236.84210526315795
27,10,19,265.0,95.0,18.5,0.20002067939013876,0.7999793206098612,236.84210526315795
28,10,19,275.0,95.0,18.5,0.20002116880202245,0.7999788311979775,236.84210526315795
29,10,19,285.0,95.0,18.5,0.2000216565311168,0.7999783434688832,236.84210526315795
30,10,19,295.0,95.0,18.5,0.2000221431938365,0.7999778568061635,236.84210526315795
31,10,19,305.0,95.0,18.5,0.20002262917580454,0.7999773708241955,236.84210526315795
32,10,19,315.0,95.0,18.5,0.20002311469562434,0.7999768853043756,236.84210526315795
33,10,19,325.0,95.0,18.5,0.20002359985944904,0.7999764001405509,236.84210526315795
34,10,19,335.0,95.0,18.5,0.2000240846965535,0.7999759153034465,236.84210526315795
35,10,19,345.0,95.0,18.5,0.20002456917766698,0.799975430822333,236.84210526315795
36,10,19,355.0,95.0,18.5,0.20002505321953395,0.799974946780466,236.84210526315795
37,10,19,365.0,95.0,18.5,0.20002553667757386,0.7999744633224262,236.84210526315795
38,10,19,375.0,95.0,18.5,0.20002601932597164,0.7999739806740284,236.84210526315795
39,10,19,385.0,95.0,18.5,0.20002650082101298,0.7999734991789871,236.84210526315795
40,10,19,395.0,95.0,18.5,0.20002698063913213,0.7999730193608678,236.84210526315795
41,10,19,405.0,95.0,18.5,0.2000274579739502,0.7999725420260498,236.84210526315795
42,10,19,415.0,95.0,18.5,0.20002793156573415,0.7999720684342658,236.84210526315795
43,10,19,425.0,95.0,18.5,0.20002839941965064,0.7999716005803493,236.84210526315795
44,10,19,435.0,95.0,18.5,0.2000288583449699,0.7999711416550301,236.84210526315795
45,10,19,445.0,95.0,18.5,0.20002930321918636,0.7999706967808137,236.84210526315795
46,10,19,455.0,95.0,18.5,0.20002972586682616,0.7999702741331738,236.84210526315795
47,10,19,465.0,95.0,18.5,0.2000301135013318,0.7999698864986682,236.84210526315795
48,10,19,475.0,95.0,18.5,0.20003044696116257,0.7999695530388374,236.84210526315795
49,10,19,485.0,95.0,18.5,0.20003069978441854,0.7999693002155814,236.84210526315795
50,10,19,495.0,95.0,18.5,0.20003084082785352,0.7999691591721465,236.84210526315795
1,1,20,5.0,5.0,19.5,0.2785155815599804,0.7214844184400195,166.66666666666666
2,1,20,15.0,5.0,19.5,0.23452222940977308,0.7654777705902269,166.66666666666666
3,1,20,25.0,5.0,19.5,0.20727316966222656,0.7927268303377735,166.66666666666666
4,1,20,35.0,5.0,19.5,0.20054031901052127,0.7994596809894787,166.66666666666666
5,1,20,45.0,5.0,19.5,0.20002419014697284,0.7999758098530272,166.66666666666666
6,1,20,55.0,5.0,19.5,0.20001113532336914,0.7999888646766309,166.66666666666666
7,1,20,65.0,5.0,19.5,0.20001109643658668,0.7999889035634133,166.66666666666666
8,1,20,75.0,5.0,19.5,0.20001145141785573,0.7999885485821443,166.66666666666666
9,1,20,85.0,5.0,19.5,0.20001183650142648,0.7999881634985735,166.66666666666666
10,1,20,95.0,5.0,19.5,0.20001223838836973,0.7999877616116302,166.66666666666666
11,1,20,105.0,5.0,19.5,0.20001265523567732,0.7999873447643226,166.66666666666666
12,1,20,115.0,5.0,19.5,0.2000130865581669,0.7999869134418331,166.66666666666666
13,1,20,125.0,5.0,19.5,0.20001353101077265,0.7999864689892273,166.66666666666666
14,1,20,135.0,5.0,19.5,0.20001398801627296,0.799986011983727,166.66666666666666
15,1,20,145.0,5.0,19.5,0.20001445710342106,0.799985542896579,166.66666666666666
16,1,20,155.0,5.0,19.5,0.200014937284272,0.799985062715728,166.66666666666666
17,1,20,165.0,5.0,19.5,0.20001542799475064,0.7999845720052494,166.66666666666666
18,1,20,175.0,5.0,19.5,0.20001592823318606,0.799984071766814,166.66666666666666
19,1,20,185.0,5.0,19.5,0.2000164365397169,0.7999835634602831,166.66666666666666
20,1,20,195.0,5.0,19.5,0.20001695097806876,0.7999830490219313,166.66666666666666
21,1,20,205.0,5.0,19.5,0.20001746866652714,0.7999825313334729,166.66666666666666
22,1,20,215.0,5.0,19.5,0.20001798626665343,0.7999820137333465,166.66666666666666
23,1,20,225.0,5.0,19.5,0.20001850062879645,0.7999814993712036,166.66666666666666
24,1,20,235.0,5.0,19.5,0.20001900967716466,0.7999809903228353,166.66666666666666
25,1,20,245.0,5.0,19.5,0.20001951248349334,0.7999804875165066,166.66666666666666
26,1,20,255.0,5.0,19.5,0.20002000940848094,0.799979990591519,166.66666666666666
27,1,20,265.0,5.0,19.5,0.20002050174792518,0.7999794982520748,166.66666666666666
28,1,20,275.0,5.0,19.5,0.20002099102538673,0.7999790089746133,166.66666666666666
29,1,20,285.0,5.0,19.5,0.2000214784936228,0.7999785215063772,166.66666666666666
30,1,20,295.0,5.0,19.5,0.2000219649982517,0.7999780350017482,166.66666666666666
31,1,20,305.0,5.0,19.5,0.20002245104996874,0.7999775489500313,166.66666666666666
32,1,20,315.0,5.0,19.5,0.2000229369433756,0.7999770630566244,166.66666666666666
33,1,20,325.0,5.0,19.5,0.20002342285266145,0.7999765771473386,166.66666666666666
34,1,20,335.0,5.0,19.5,0.20002390889354196,0.7999760911064581,166.66666666666666
35,1,20,345.0,5.0,19.5,0.20002439515988144,0.7999756048401185,166.66666666666666
36,1,20,355.0,5.0,19.5,0.2000248817446515,0.7999751182553485,166.66666666666666
37,1,20,365.0,5.0,19.5,0.2000253687513963,0.7999746312486037,166.66666666666666
38,1,20,375.0,5.0,19.5,0.20002585629842956,0.7999741437015704,166.66666666666666
39,1,20,385.0,5.0,19.5,0.20002634451397527,0.7999736554860247,166.66666666666666
40,1,20,395.0,5.0,19.5,0.2000268335154127,0.7999731664845873,166.66666666666666
41,1,20,405.0,5.0,19.5,0.2000273233575152,0.7999726766424848,166.66666666666666
42,1,20,415.0,5.0,19.5,0.20002781391970956,0.7999721860802904,166.66666666666666
43,1,20,425.0,5.0,19.5,0.20002830467581484,0.7999716953241851,166.66666666666666
44,1,20,435.0,5.0,19.5,0.20002879424273667,0.7999712057572633,166.66666666666666
45,1,20,445.0,5.0,19.5,0.20002927952530375,0.7999707204746962,166.66666666666666
46,1,20,455.0,5.0,19.5,0.20002975416347663,0.7999702458365234,166.66666666666666
47,1,20,465.0,5.0,19.5,0.200030205882737,0.799969794117263,166.66666666666666
48,1,20,475.0,5.0,19.5,0.20003061246324785,0.7999693875367522,166.66666666666666
49,1,20,485.0,5.0,19.5,0.20003093708662312,0.7999690629133769,166.66666666666666
50,1,20,495.0,5.0,19.5,0.20003112758943883,0.7999688724105611,166.66666666666666
1,2,20,5.0,15.0,19.5,0.47415356332721226,0.5258464366727877,166.66666666666666
2,2,20,15.0,15.0,19.5,0.41581333623787403,0.584186663762126,166.66666666666666
3,2,20,25.0,15.0,19.5,0.33876488067728366,0.6612351193227164,166.66666666666666
4,2,20,35.0,15.0,19.5,0.2617211855380178,0.7382788144619822,166.66666666666666
5,2,20,45.0,15.0,19.5,0.21420234148660036,0.7857976585133997,166.66666666666666
6,2,20,55.0,15.0,19.5,0.20136230491818224,0.7986376950818177,166.66666666666666
7,2,20,65.0,15.0,19.5,0.2000648797485029,0.799935120251497,166.66666666666666
8,2,20,75.0,15.0,19.5,0.20001316423048393,0.7999868357695161,166.66666666666666
9,2,20,85.0,15.0,19.5,0.20001191560072587,0.7999880843992742,166.66666666666666
10,2,20,95.0,15.0,19.5,0.20001223559486822,0.7999877644051318,166.66666666666666
11,2,20,105.0,15.0,19.5,0.20001265009046149,0.7999873499095385,166.66666666666666
12,2,20,115.0,15.0,19.5,0.20001308178263819,0.7999869182173618,166.66666666666666
13,2,20,125.0,15.0,19.5,0.20001352679601833,0.7999864732039816,166.66666666666666
14,2,20,135.0,15.0,19.5,0.20001398394839723,0.7999860160516028,166.66666666666666
15,2,20,145.0,15.0,19.5,0.20001445325568046,0.7999855467443195,166.66666666666666
16,2,20,155.0,15.0,19.5,0.20001493356687675,0.7999850664331233,166.66666666666666
17,2,20,165.0,15.0,19.5,0.20001542419760143,0.7999845758023986,166.66666666666666
18,2,20,175.0,15.0,19.5,0.20001592438848065,0.7999840756115193,166.66666666666666
19,2,20,185.0,15.0,19.5,0.20001643254089974,0.7999835674591003,166.66666666666666
20,2,20,195.0,15.0,19.5,0.20001694699781117,0.7999830530021889,166.66666666666666
21,2,20,205.0,15.0,19.5,0.20001746505731804,0.7999825349426819,166.66666666666666
22,2,20,215.0,15.0,19.5,0.20001798367247173,0.7999820163275283,166.66666666666666
23,2,20,225.0,15.0,19.5,0.20001849958409654,0.7999815004159034,166.66666666666666
24,2,20,235.0,15.0,19.5,0.2000190101789145,0.7999809898210855,166.66666666666666
25,2,20,245.0,15.0,19.5,0.20001951397525486,0.7999804860247451,166.66666666666666
26,2,20,255.0,15.0,19.5,0.20002001115495416,0.7999799888450458,166.66666666666666
27,2,20,265.0,15.0,19.5,0.2000205032223729,0.7999794967776271,166.66666666666666
28,2,20,275.0,15.0,19.5,0.20002099204352175,0.7999790079564782,166.66666666666666
29,2,20,285.0,15.0,19.5,0.20002147909590431,0.7999785209040957,166.66666666666666
30,2,20,295.0,15.0,19.5,0.20002196529694627,0.7999780347030537,166.66666666666666
31,2,20,305.0,15.0,19.5,0.200022451146401,0.799977548853599,166.66666666666666
32,2,20,315.0,15.0,19.5,0.20002293690455808,0.7999770630954419,166.66666666666666
33,2,20,325.0,15.0,19.5,0.2000234227138708,0.7999765772861291,166.66666666666666
34,2,20,335.0,15.0,19.5,0.2000239086670461,0.7999760913329539,166.66666666666666
35,2,20,345.0,15.0,19.5,0.20002439484273254,0.7999756051572675,166.66666666666666
36,2,20,355.0,15.0,19.5,0.20002488132476595,0.7999751186752341,166.66666666666666
37,2,20,365.0,15.0,19.5,0.20002536821342423,0.7999746317865758,166.66666666666666
38,2,20,375.0,15.0,19.5,0.20002585563222178,0.7999741443677783,166.66666666666666
39,2,20,385.0,15.0,19.5,0.2000263437302671,0.7999736562697329,166.66666666666666
40,2,20,395.0,15.0,19.5,0.20002683267681745,0.7999731673231826,166.66666666666666
41,2,20,405.0,15.0,19.5,0.20002732263946407,0.7999726773605359,166.66666666666666
42,2,20,415.0,15.0,19.5,0.20002781372798795,0.799972186272012,166.66666666666666
43,2,20,425.0,15.0,19.5,0.2000283058666975,0.7999716941333025,166.66666666666666
44,2,20,435.0,15.0,19.5,0.20002879852162284,0.7999712014783772,166.66666666666666
45,2,20,445.0,15.0,19.5,0.20002929012552872,0.7999707098744713,166.66666666666666
46,2,20,455.0,15.0,19.5,0.20002977687380363,0.7999702231261964,166.66666666666666
47,2,20,465.0,15.0,19.5,0.20003025022297335,0.7999697497770266,166.66666666666666
48,2,20,475.0,15.0,19.5,0.20003069185278285,0.7999693081472171,166.66666666666666
49,2,20,485.0,15.0,19.5,0.20003106454115874,0.7999689354588413,166.66666666666666
50,2,20,495.0,15.0,19.5,0.20003130052605114,0.7999686994739489,166.66666666666666
1,3,20,5.0,25.0,19.5,0.5926116978631144,0.4073883021368856,166.66666666666666
2,3,20,15.0,25.0,19.5,0.5421194787297506,0.45788052127024936,166.66666666666666
3,3,20,25.0,25.0,19.5,0.4821684835866393,0.5178315164133607,166.66666666666666
4,3,20,35.0,25.0,19.5,0.40726711747071,0.59273288252929,166.66666666666666
5,3,20,45.0,25.0,19.5,0.3190797836536461,0.6809202163463539,166.66666666666666
6,3,20,55.0,25.0,19.5,0.2448361968550825,0.7551638031449175,166.66666666666666
7,3,20,65.0,25.0,19.5,0.20935759976241974,0.7906424002375803,166.66666666666666
8,3,20,75.0,25.0,19.5,0.2009539643368678,0.7990460356631321,166.66666666666666
9,3,20,85.0,25.0,19.5,0.20005662471965716,0.7999433752803429,166.66666666666666
10,3,20,95.0,25.0,19.5,0.2000141069881947,0.7999858930118053,166.66666666666666
11,3,20,105.0,25.0,19.5,0.20001275308942754,0.7999872469105724,166.66666666666666
12,3,20,115.0,25.0,19.5,0.20001307943201066,0.7999869205679894,166.66666666666666
13,3,20,125.0,25.0,19.5,0.20001352049376367,0.7999864795062364,166.66666666666666
14,3,20,135.0,25.0,19.5,0.2000139779177669,0.7999860220822331,166.66666666666666
15,3,20,145.0,25.0,19.5,0.20001444756771378,0.7999855524322862,166.66666666666666
16,3,20,155.0,25.0,19.5,0.2000149278863535,0.7999850721136466,166.66666666666666
17,3,20,165.0,25.0,19.5,0.20001541858872984,0.7999845814112702,166.66666666666666
18,3,20,175.0,25.0,19.5,0.2000159186379489,0.7999840813620511,166.66666666666666
19,3,20,185.0,25.0,19.5,0.20001642663391322,0.7999835733660867,166.66666666666666
20,3,20,195.0,25.0,19.5,0.20001694111124435,0.7999830588887556,166.66666666666666
21,3,20,205.0,25.0,19.5,0.2000174596348509,0.799982540365149,166.66666666666666
22,3,20,215.0,25.0,19.5,0.20001797949783717,0.7999820205021628,166.66666666666666
23,3,20,225.0,25.0,19.5,0.2000184974432289,0.7999815025567711,166.66666666666666
24,3,20,235.0,25.0,19.5,0.20001901035120964,0.7999809896487904,166.66666666666666
25,3,20,245.0,25.0,19.5,0.20001951594444928,0.7999804840555507,166.66666666666666
26,3,20,255.0,25.0,19.5,0.20002001380565582,0.7999799861943442,166.66666666666666
27,3,20,265.0,25.0,19.5,0.20002050556301168,0.7999794944369883,166.66666666666666
28,3,20,275.0,25.0,19.5,0.20002099366714135,0.7999790063328587,166.66666666666666
29,3,20,285.0,25.0,19.5,0.20002148003687376,0.7999785199631262,166.66666666666666
30,3,20,295.0,25.0,19.5,0.2000219657371714,0.7999780342628287,166.66666666666666
31,3,20,305.0,25.0,19.5,0.20002245125296947,0.7999775487470305,166.66666666666666
32,3,20,315.0,25.0,19.5,0.20002293678528787,0.7999770632147121,166.66666666666666
33,3,20,325.0,25.0,19.5,0.20002342242203652,0.7999765775779635,166.66666666666666
34,3,20,335.0,25.0,19.5,0.20002390821640875,0.7999760917835912,166.66666666666666
35,3,20,345.0,25.0,19.5,0.20002439422036744,0.7999756057796326,166.66666666666666
36,3,20,355.0,25.0,19.5,0.20002488050034034,0.7999751194996596,166.66666666666666
37,3,20,365.0,25.0,19.5,0.20002536714766717,0.7999746328523328,166.66666666666666
38,3,20,375.0,25.0,19.5,0.20002585428910682,0.7999741457108932,166.66666666666666
39,3,20,385.0,25.0,19.5,0.2000263421002617,0.7999736578997383,166.66666666666666
40,3,20,395.0,25.0,19.5,0.20002683082408995,0.79997316917591,166.66666666666666
41,3,20,405.0,25.0,19.5,0.2000273207970993,0.7999726792029007,166.66666666666666
42,3,20,415.0,25.0,19.5,0.20002781248635396,0.7999721875136461,166.66666666666666
43,3,20,425.0,25.0,19.5,0.20002830653953838,0.7999716934604616,166.66666666666666
44,3,20,435.0,25.0,19.5,0.20002880383733268,0.7999711961626673,166.66666666666666
45,3,20,445.0,25.0,19.5,0.2000293055040759,0.7999706944959241,166.66666666666666
46,3,20,455.0,25.0,19.5,0.20002981264947503,0.7999701873505249,166.66666666666666
47,3,20,465.0,25.0,19.5,0.200030325027501,0.7999696749724989,166.66666666666666
48,3,20,475.0,25.0,19.5,0.200030836022418,0.799969163977582,166.66666666666666
49,3,20,485.0,25.0,19.5,0.20003131692021725,0.7999686830797827,166.66666666666666
50,3,20,495.0,25.0,19.5,0.20003167660472657,0.7999683233952735,166.66666666666666
1,4,20,5.0,35.0,19.5,0.6770292121596775,0.3229707878403225,166.66666666666666
2,4,20,15.0,35.0,19.5,0.6222759912665857,0.3777240087334143,166.66666666666666
3,4,20,25.0,35.0,19.5,0.5642106993778297,0.43578930062217025,166.66666666666666
4,4,20,35.0,35.0,19.5,0.5022139924990346,0.49778600750096536,166.66666666666666
5,4,20,45.0,35.0,19.5,0.4297498275756352,0.5702501724243648,166.66666666666666
6,4,20,55.0,35.0,19.5,0.34278583657816825,0.6572141634218318,166.66666666666666
7,4,20,65.0,35.0,19.5,0.26309673994152016,0.7369032600584798,166.66666666666666
8,4,20,75.0,35.0,19.5,0.21682816980300326,0.7831718301969968,166.66666666666666
9,4,20,85.0,35.0,19.5,0.20247994142004333,0.7975200585799567,166.66666666666666
10,4,20,95.0,35.0,19.5,0.20018254500296842,0.7998174549970316,166.66666666666666
11,4,20,105.0,35.0,19.5,0.20002062686228844,0.7999793731377116,166.66666666666666
12,4,20,115.0,35.0,19.5,0.20001350070510726,0.7999864992948927,166.66666666666666
13,4,20,125.0,35.0,19.5,0.2000135371493524,0.7999864628506476,166.66666666666666
14,4,20,135.0,35.0,19.5,0.20001397409969618,0.7999860259003038,166.66666666666666
15,4,20,145.0,35.0,19.5,0.20001444269189975,0.7999855573081003,166.66666666666666
16,4,20,155.0,35.0,19.5,0.20001492330885823,0.7999850766911418,166.66666666666666
17,4,20,165.0,35.0,19.5,0.20001541402740391,0.799984585972596,166.66666666666666
18,4,20,175.0,35.0,19.5,0.20001591384643244,0.7999840861535675,166.66666666666666
19,4,20,185.0,35.0,19.5,0.20001642182871943,0.7999835781712805,166.66666666666666
20,4,20,195.0,35.0,19.5,0.20001693619424477,0.7999830638057552,166.66666666666666
21,4,20,205.0,35.0,19.5,0.20001745505779525,0.7999825449422048,166.66666666666666
22,4,20,215.0,35.0,19.5,0.20001797576496233,0.7999820242350377,166.66666666666666
23,4,20,225.0,35.0,19.5,0.20001849523948445,0.7999815047605155,166.66666666666666
24,4,20,235.0,35.0,19.5,0.2000190100754933,0.7999809899245067,166.66666666666666
25,4,20,245.0,35.0,19.5,0.20001951741137608,0.7999804825886239,166.66666666666666
26,4,20,255.0,35.0,19.5,0.20002001614275544,0.7999799838572446,166.66666666666666
27,4,20,265.0,35.0,19.5,0.2000205077364031,0.7999794922635969,166.66666666666666
28,4,20,275.0,35.0,19.5,0.2000209951625259,0.7999790048374741,166.66666666666666
29,4,20,285.0,35.0,19.5,0.20002148085159213,0.7999785191484079,166.66666666666666
30,4,20,295.0,35.0,19.5,0.20002196604958367,0.7999780339504163,166.66666666666666
31,4,20,305.0,35.0,19.5,0.2000224512273859,0.7999775487726141,166.66666666666666
32,4,20,315.0,35.0,19.5,0.20002293652117537,0.7999770634788246,166.66666666666666
33,4,20,325.0,35.0,19.5,0.2000234219598658,0.7999765780401342,166.66666666666666
34,4,20,335.0,35.0,19.5,0.20002390755347163,0.7999760924465283,166.66666666666666
35,4,20,345.0,35.0,19.5,0.20002439332277974,0.7999756066772202,166.66666666666666
36,4,20,355.0,35.0,19.5,0.20002487931054144,0.7999751206894585,166.66666666666666
37,4,20,365.0,35.0,19.5,0.2000253655901,0.7999746344099,166.66666666666666
38,4,20,375.0,35.0,19.5,0.20002585227856678,0.7999741477214333,166.66666666666666
39,4,20,385.0,35.0,19.5,0.20002633955965107,0.7999736604403489,166.66666666666666
40,4,20,395.0,35.0,19.5,0.20002682772381175,0.7999731722761882,166.66666666666666
41,4,20,405.0,35.0,19.5,0.2000273172391965,0.7999726827608035,166.66666666666666
42,4,20,415.0,35.0,19.5,0.20002780887897129,0.7999721911210287,166.66666666666666
43,4,20,425.0,35.0,19.5,0.2000283039536005,0.7999716960463995,166.66666666666666
44,4,20,435.0,35.0,19.5,0.20002880474052964,0.7999711952594704,166.66666666666666
45,4,20,445.0,35.0,19.5,0.20002931526811596,0.799970684731884,166.66666666666666
46,4,20,455.0,35.0,19.5,0.20002984269906668,0.7999701573009333,166.66666666666666
47,4,20,465.0,35.0,19.5,0.20003039944214454,0.7999696005578555,166.66666666666666
48,4,20,475.0,35.0,19.5,0.20003100433813883,0.7999689956618612,166.66666666666666
49,4,20,485.0,35.0,19.5,0.20003167097546323,0.7999683290245367,166.66666666666666
50,4,20,495.0,35.0,19.5,0.2000323289344073,0.7999676710655927,166.66666666666666
1,5,20,5.0,45.0,19.5,0.7497364295206647,0.25026357047933534,166.66666666666666
2,5,20,15.0,45.0,19.5,0.6925388261642292,0.30746117383577076,166.66666666666666
3,5,20,25.0,45.0,19.5,0.6304953715742471,0.36950462842575293,166.66666666666666
4,5,20,35.0,45.0,19.5,0.5700451900812187,0.4299548099187813,166.66666666666666
5,5,20,45.0,45.0,19.5,0.5091560067463569,0.49084399325364314,166.66666666666666
6,5,20,55.0,45.0,19.5,0.44100382659579396,0.558996173404206,166.66666666666666
7,5,20,65.0,45.0,19.5,0.36074935129352276,0.6392506487064773,166.66666666666666
8,5,20,75.0,45.0,19.5,0.2817826762688751,0.7182173237311249,166.66666666666666
9,5,20,85.0,45.0,19.5,0.22686598825248375,0.7731340117475163,166.66666666666666
10,5,20,95.0,45.0,19.5,0.20515970906054368,0.7948402909394563,166.66666666666666
11,5,20,105.0,45.0,19.5,0.20049923496249103,0.799500765037509,166.66666666666666
12,5,20,115.0,45.0,19.5,0.20003804226435223,0.7999619577356478,166.66666666666666
13,5,20,125.0,45.0,19.5,0.20001453608202685,0.7999854639179731,166.66666666666666
14,5,20,135.0,45.0,19.5,0.20001403077110436,0.7999859692288956,166.66666666666666
15,5,20,145.0,45.0,19.5,0.20001444409743022,0.7999855559025698,166.66666666666666
16,5,20,155.0,45.0,19.5,0.2000149223406242,0.7999850776593758,166.66666666666666
17,5,20,165.0,45.0,19.5,0.20001541305321824,0.7999845869467818,166.66666666666666
18,5,20,175.0,45.0,19.5,0.20001591283491457,0.7999840871650854,166.66666666666666
19,5,20,185.0,45.0,19.5,0.20001642052014043,0.7999835794798595,166.66666666666666
20,5,20,195.0,45.0,19.5,0.2000169348361685,0.7999830651638316,166.66666666666666
21,5,20,205.0,45.0,19.5,0.20001745358555303,0.799982546414447,166.66666666666666
22,5,20,215.0,45.0,19.5,0.2000179745114094,0.7999820254885905,166.66666666666666
23,5,20,225.0,45.0,19.5,0.20001849444318734,0.7999815055568127,166.66666666666666
24,5,20,235.0,45.0,19.5,0.20001900998466532,0.7999809900153347,166.66666666666666
25,5,20,245.0,45.0,19.5,0.20001951803386192,0.799980481966138,166.66666666666666
26,5,20,255.0,45.0,19.5,0.2000200171540419,0.7999799828459581,166.66666666666666
27,5,20,265.0,45.0,19.5,0.20002050865282592,0.799979491347174,166.66666666666666
28,5,20,275.0,45.0,19.5,0.20002099571071996,0.79997900428928,166.66666666666666
29,5,20,285.0,45.0,19.5,0.2000214810314647,0.7999785189685353,166.66666666666666
30,5,20,295.0,45.0,19.5,0.2000219659541964,0.7999780340458036,166.66666666666666
31,5,20,305.0,45.0,19.5,0.2000224509327059,0.7999775490672941,166.66666666666666
32,5,20,315.0,45.0,19.5,0.2000229360600705,0.7999770639399295,166.66666666666666
33,5,20,325.0,45.0,19.5,0.20002342132654347,0.7999765786734565,166.66666666666666
34,5,20,335.0,45.0,19.5,0.20002390671104162,0.7999760932889584,166.66666666666666
35,5,20,345.0,45.0,19.5,0.20002439220723175,0.7999756077927682,166.66666666666666
36,5,20,355.0,45.0,19.5,0.2000248778308243,0.7999751221691758,166.66666666666666
37,5,20,365.0,45.0,19.5,0.2000253636258978,0.7999746363741023,166.66666666666666
38,5,20,375.0,45.0,19.5,0.20002584967763015,0.7999741503223698,166.66666666666666
39,5,20,385.0,45.0,19.5,0.20002633613786464,0.7999736638621353,166.66666666666666
40,5,20,395.0,45.0,19.5,0.20002682327347077,0.7999731767265292,166.66666666666666
41,5,20,405.0,45.0,19.5,0.2000273115564397,0.7999726884435603,166.66666666666666
42,5,20,415.0,45.0,19.5,0.2000278018320967,0.7999721981679033,166.66666666666666
43,5,20,425.0,45.0,19.5,0.20002829563804758,0.7999717043619524,166.66666666666666
44,5,20,435.0,45.0,19.5,0.20002879582428823,0.7999712041757118,166.66666666666666
45,5,20,445.0,45.0,19.5,0.20002930780893172,0.7999706921910683,166.66666666666666
46,5,20,455.0,45.0,19.5,0.20002984228593526,0.7999701577140648,166.66666666666666
47,5,20,465.0,45.0,19.5,0.2000304215126123,0.7999695784873877,166.66666666666666
48,5,20,475.0,45.0,19.5,0.20003109470549946,0.7999689052945005,166.66666666666666
49,5,20,485.0,45.0,19.5,0.20003196662447809,0.7999680333755219,166.66666666666666
50,5,20,495.0,45.0,19.5,0.2000330782696466,0.7999669217303533,166.66666666666666
1,6,20,5.0,55.0,19.5,0.6812462853303218,0.31875371466967817,166.66666666666666
2,6,20,15.0,55.0,19.5,0.628729841966401,0.371270158033599,166.66666666666666
3,6,20,25.0,55.0,19.5,0.5731106795525236,0.4268893204474764,166.66666666666666
4,6,20,35.0,55.0,19.5,0.5142026226044631,0.48579737739553686,166.66666666666666
5,6,20,45.0,55.0,19.5,0.4464197913170932,0.5535802086829068,166.66666666666666
6,6,20,55.0,55.0,19.5,0.3634068905840587,0.6365931094159414,166.66666666666666
7,6,20,65.0,55.0,19.5,0.2813537059083891,0.718646294091611,166.66666666666666
8,6,20,75.0,55.0,19.5,0.2261554949986169,0.7738445050013831,166.66666666666666
9,6,20,85.0,55.0,19.5,0.20495731314640936,0.7950426868535907,166.66666666666666
10,6,20,95.0,55.0,19.5,0.200473727707255,0.799526272292745,166.66666666666666
11,6,20,105.0,55.0,19.5,0.20003775168003246,0.7999622483199675,166.66666666666666
12,6,20,115.0,55.0,19.5,0.20001424063494502,0.799985759365055,166.66666666666666
13,6,20,125.0,55.0,19.5,0.20001359239732522,0.7999864076026748,166.66666666666666
14,6,20,135.0,55.0,19.5,0.2000139802843486,0.7999860197156514,166.66666666666666
15,6,20,145.0,55.0,19.5,0.2000144464310297,0.7999855535689703,166.66666666666666
16,6,20,155.0,55.0,19.5,0.2000149265618456,0.7999850734381544,166.66666666666666
17,6,20,165.0,55.0,19.5,0.2000154171276797,0.7999845828723203,166.66666666666666
18,6,20,175.0,55.0,19.5,0.20001591654252748,0.7999840834574725,166.66666666666666
19,6,20,185.0,55.0,19.5,0.20001642410740625,0.7999835758925937,166.66666666666666
20,6,20,195.0,55.0,19.5,0.2000169379632505,0.7999830620367495,166.66666666666666
21,6,20,205.0,55.0,19.5,0.20001745628158413,0.7999825437184158,166.66666666666666
22,6,20,215.0,55.0,19.5,0.20001797655527778,0.7999820234447222,166.66666666666666
23,6,20,225.0,55.0,19.5,0.20001849575154693,0.799981504248453,166.66666666666666
24,6,20,235.0,55.0,19.5,0.20001901045830106,0.7999809895416989,166.66666666666666
25,6,20,245.0,55.0,19.5,0.20001951772386783,0.7999804822761322,166.66666666666666
26,6,20,255.0,55.0,19.5,0.2000200163163949,0.7999799836836051,166.66666666666666
27,6,20,265.0,55.0,19.5,0.2000205076651344,0.7999794923348655,166.66666666666666
28,6,20,275.0,55.0,19.5,0.20002099482370037,0.7999790051762996,166.66666666666666
29,6,20,285.0,55.0,19.5,0.2000214802910509,0.7999785197089491,166.66666666666666
30,6,20,295.0,55.0,19.5,0.2000219653105382,0.7999780346894618,166.66666666666666
31,6,20,305.0,55.0,19.5,0.2000224503160993,0.7999775496839007,166.66666666666666
32,6,20,315.0,55.0,19.5,0.2000229354018817,0.7999770645981183,166.66666666666666
33,6,20,325.0,55.0,19.5,0.20002342055722083,0.7999765794427791,166.66666666666666
34,6,20,335.0,55.0,19.5,0.20002390575266132,0.7999760942473386,166.66666666666666
35,6,20,345.0,55.0,19.5,0.20002439096463095,0.799975609035369,166.66666666666666
36,6,20,355.0,55.0,19.5,0.20002487618148637,0.7999751238185137,166.66666666666666
37,6,20,365.0,55.0,19.5,0.20002536140727245,0.7999746385927275,166.66666666666666
38,6,20,375.0,55.0,19.5,0.2000258466703504,0.7999741533296496,166.66666666666666
39,6,20,385.0,55.0,19.5,0.2000263320423884,0.7999736679576116,166.66666666666666
40,6,20,395.0,55.0,19.5,0.2000268176763756,0.7999731823236245,166.66666666666666
41,6,20,405.0,55.0,19.5,0.20002730387905585,0.7999726961209441,166.66666666666666
42,6,20,415.0,55.0,19.5,0.20002779124648612,0.7999722087535139,166.66666666666666
43,6,20,425.0,55.0,19.5,0.20002828091511074,0.7999717190848893,166.66666666666666
44,6,20,435.0,55.0,19.5,0.20002877502291266,0.7999712249770874,166.66666666666666
45,6,20,445.0,55.0,19.5,0.20002927754269373,0.7999707224573063,166.66666666666666
46,6,20,455.0,55.0,19.5,0.20002979571882173,0.7999702042811783,166.66666666666666
47,6,20,465.0,55.0,19.5,0.20003034216682977,0.7999696578331702,166.66666666666666
48,6,20,475.0,55.0,19.5,0.20003093586548826,0.7999690641345117,166.66666666666666
49,6,20,485.0,55.0,19.5,0.20003159021077938,0.7999684097892206,166.66666666666666
50,6,20,495.0,55.0,19.5,0.20003223520786087,0.7999677647921392,166.66666666666666
1,7,20,5.0,65.0,19.5,0.6044635330108418,0.39553646698915823,166.66666666666666
2,7,20,15.0,65.0,19.5,0.5571692504255835,0.4428307495744165,166.66666666666666
3,7,20,25.0,65.0,19.5,0.5019254713280592,0.4980745286719408,166.66666666666666
4,7,20,35.0,65.0,19.5,0.434451739535649,0.565548260464351,166.66666666666666
5,7,20,45.0,65.0,19.5,0.3503916381097786,0.6496083618902214,166.66666666666666
6,7,20,55.0,65.0,19.5,0.26981112901727405,0.730188870982726,166.66666666666666
7,7,20,65.0,65.0,19.5,0.21999021299694974,0.7800097870030502,166.66666666666666
8,7,20,75.0,65.0,19.5,0.20322375583598468,0.7967762441640154,166.66666666666666
9,7,20,85.0,65.0,19.5,0.20025394578454472,0.7997460542154553,166.66666666666666
10,7,20,95.0,65.0,19.5,0.20002395757885771,0.7999760424211423,166.66666666666666
11,7,20,105.0,65.0,19.5,0.20001325807148485,0.7999867419285152,166.66666666666666
12,7,20,115.0,65.0,19.5,0.20001312026981077,0.7999868797301892,166.66666666666666
13,7,20,125.0,65.0,19.5,0.20001353158770038,0.7999864684122996,166.66666666666666
14,7,20,135.0,65.0,19.5,0.20001398673446552,0.7999860132655345,166.66666666666666
15,7,20,145.0,65.0,19.5,0.2000144553939209,0.7999855446060791,166.66666666666666
16,7,20,155.0,65.0,19.5,0.2000149353849026,0.7999850646150974,166.66666666666666
17,7,20,165.0,65.0,19.5,0.20001542542965087,0.7999845745703491,166.66666666666666
18,7,20,175.0,65.0,19.5,0.20001592481652208,0.7999840751834779,166.66666666666666
19,7,20,185.0,65.0,19.5,0.20001643198185787,0.7999835680181422,166.66666666666666
20,7,20,195.0,65.0,19.5,0.20001694528861375,0.7999830547113862,166.66666666666666
21,7,20,205.0,65.0,19.5,0.2000174626535233,0.7999825373464767,166.66666666666666
22,7,20,215.0,65.0,19.5,0.2000179814690575,0.7999820185309425,166.66666666666666
23,7,20,225.0,65.0,19.5,0.20001849869718588,0.7999815013028141,166.66666666666666
24,7,20,235.0,65.0,19.5,0.20001901116431467,0.7999809888356854,166.66666666666666
25,7,20,245.0,65.0,19.5,0.20001951641607116,0.7999804835839288,166.66666666666666
26,7,20,255.0,65.0,19.5,0.20002001386259272,0.7999799861374073,166.66666666666666
27,7,20,265.0,65.0,19.5,0.20002050512876646,0.7999794948712335,166.66666666666666
28,7,20,275.0,65.0,19.5,0.20002099278705054,0.7999790072129495,166.66666666666666
29,7,20,285.0,65.0,19.5,0.2000214788123927,0.7999785211876073,166.66666666666666
30,7,20,295.0,65.0,19.5,0.20002196423287683,0.7999780357671231,166.66666666666666
31,7,20,305.0,65.0,19.5,0.20002244946016567,0.7999775505398343,166.66666666666666
32,7,20,315.0,65.0,19.5,0.2000229346203499,0.7999770653796501,166.66666666666666
33,7,20,325.0,65.0,19.5,0.20002341973112853,0.7999765802688714,166.66666666666666
34,7,20,335.0,65.0,19.5,0.20002390477387488,0.7999760952261251,166.66666666666666
35,7,20,345.0,65.0,19.5,0.2000243897176306,0.7999756102823694,166.66666666666666
36,7,20,355.0,65.0,19.5,0.20002487452509807,0.7999751254749019,166.66666666666666
37,7,20,365.0,65.0,19.5,0.20002535915359243,0.7999746408464076,166.66666666666666
38,7,20,375.0,65.0,19.5,0.20002584355618344,0.7999741564438165,166.66666666666666
39,7,20,385.0,65.0,19.5,0.20002632768644768,0.7999736723135523,166.66666666666666
40,7,20,395.0,65.0,19.5,0.20002681151064547,0.7999731884893545,166.66666666666666
41,7,20,405.0,65.0,19.5,0.2000272950335847,0.7999727049664153,166.66666666666666
42,7,20,415.0,65.0,19.5,0.20002777834762545,0.7999722216523746,166.66666666666666
43,7,20,425.0,65.0,19.5,0.20002826171682556,0.7999717382831745,166.66666666666666
44,7,20,435.0,65.0,19.5,0.20002874570124954,0.7999712542987505,166.66666666666666
45,7,20,445.0,65.0,19.5,0.20002923128045375,0.7999707687195463,166.66666666666666
46,7,20,455.0,65.0,19.5,0.2000297197509474,0.7999702802490526,166.66666666666666
47,7,20,465.0,65.0,19.5,0.20003021155681538,0.7999697884431847,166.66666666666666
48,7,20,475.0,65.0,19.5,0.20003070141147225,0.7999692985885277,166.66666666666666
49,7,20,485.0,65.0,19.5,0.20003116277010988,0.7999688372298901,166.66666666666666
50,7,20,495.0,65.0,19.5,0.20003150837838857,0.7999684916216114,166.66666666666666
1,8,20,5.0,75.0,19.5,0.5068422434623941,0.49315775653760585,166.66666666666666
2,8,20,15.0,75.0,19.5,0.45638021492422826,0.5436197850757718,166.66666666666666
3,8,20,25.0,75.0,19.5,0.3877289427058146,0.6122710572941854,166.66666666666666
4,8,20,35.0,75.0,19.5,0.3074382484532034,0.6925617515467966,166.66666666666666
5,8,20,45.0,75.0,19.5,0.24009948658692742,0.7599005134130725,166.66666666666666
6,8,20,55.0,75.0,19.5,0.20818595635656154,0.7918140436434384,166.66666666666666
7,8,20,65.0,75.0,19.5,0.20080558935706538,0.7991944106429346,166.66666666666666
8,8,20,75.0,75.0,19.5,0.20004873078848454,0.7999512692115155,166.66666666666666
9,8,20,85.0,75.0,19.5,0.2000134181672054,0.7999865818327946,166.66666666666666
10,8,20,95.0,75.0,19.5,0.200012349963852,0.799987650036148,166.66666666666666
11,8,20,105.0,75.0,19.5,0.2000126750503532,0.7999873249496467,166.66666666666666
12,8,20,115.0,75.0,19.5,0.20001310005578155,0.7999868999442185,166.66666666666666
13,8,20,125.0,75.0,19.5,0.20001354257417275,0.7999864574258273,166.66666666666666
14,8,20,135.0,75.0,19.5,0.2000139986426509,0.7999860013573491,166.66666666666666
15,8,20,145.0,75.0,19.5,0.20001446661135272,0.7999855333886473,166.66666666666666
16,8,20,155.0,75.0,19.5,0.20001494620406546,0.7999850537959345,166.66666666666666
17,8,20,165.0,75.0,19.5,0.20001543622354356,0.7999845637764564,166.66666666666666
18,8,20,175.0,75.0,19.5,0.2000159353404169,0.799984064659583,166.66666666666666
19,8,20,185.0,75.0,19.5,0.20001644227227217,0.7999835577277279,166.66666666666666
20,8,20,195.0,75.0,19.5,0.2000169548277065,0.7999830451722935,166.66666666666666
21,8,20,205.0,75.0,19.5,0.2000174708206741,0.7999825291793259,166.66666666666666
22,8,20,215.0,75.0,19.5,0.20001798745026514,0.7999820125497349,166.66666666666666
23,8,20,225.0,75.0,19.5,0.20001850184373646,0.7999814981562635,166.66666666666666
24,8,20,235.0,75.0,19.5,0.20001901128969468,0.7999809887103053,166.66666666666666
25,8,20,245.0,75.0,19.5,0.20001951415358368,0.7999804858464163,166.66666666666666
26,8,20,255.0,75.0,19.5,0.20002001052950594,0.7999799894704941,166.66666666666666
27,8,20,265.0,75.0,19.5,0.20002050195312365,0.7999794980468764,166.66666666666666
28,8,20,275.0,75.0,19.5,0.20002099032232953,0.7999790096776704,166.66666666666666
29,8,20,285.0,75.0,19.5,0.20002147706847617,0.7999785229315238,166.66666666666666
30,8,20,295.0,75.0,19.5,0.2000219630118235,0.7999780369881765,166.66666666666666
31,8,20,305.0,75.0,19.5,0.20002244854852824,0.7999775514514718,166.66666666666666
32,8,20,315.0,75.0,19.5,0.20002293384589856,0.7999770661541015,166.66666666666666
33,8,20,325.0,75.0,19.5,0.2000234189599172,0.7999765810400827,166.66666666666666
34,8,20,335.0,75.0,19.5,0.20002390389130273,0.7999760961086972,166.66666666666666
35,8,20,345.0,75.0,19.5,0.20002438860771615,0.7999756113922838,166.66666666666666
36,8,20,355.0,75.0,19.5,0.20002487304966513,0.7999751269503349,166.66666666666666
37,8,20,365.0,75.0,19.5,0.20002535712804048,0.7999746428719595,166.66666666666666
38,8,20,375.0,75.0,19.5,0.20002584071637122,0.7999741592836288,166.66666666666666
39,8,20,385.0,75.0,19.5,0.20002632363789313,0.7999736763621068,166.66666666666666
40,8,20,395.0,75.0,19.5,0.2000268056458292,0.7999731943541708,166.66666666666666
41,8,20,405.0,75.0,19.5,0.20002728639267212,0.7999727136073279,166.66666666666666
42,8,20,415.0,75.0,19.5,0.20002776537929098,0.799972234620709,166.66666666666666
43,8,20,425.0,75.0,19.5,0.20002824186263282,0.7999717581373672,166.66666666666666
44,8,20,435.0,75.0,19.5,0.20002871467148858,0.7999712853285115,166.66666666666666
45,8,20,445.0,75.0,19.5,0.20002918180736426,0.7999708181926357,166.66666666666666
46,8,20,455.0,75.0,19.5,0.20002963953782388,0.7999703604621762,166.66666666666666
47,8,20,465.0,75.0,19.5,0.20003008032754332,0.7999699196724567,166.66666666666666
48,8,20,475.0,75.0,19.5,0.20003048834487924,0.7999695116551208,166.66666666666666
49,8,20,485.0,75.0,19.5,0.20003083092697416,0.7999691690730258,166.66666666666666
50,8,20,495.0,75.0,19.5,0.20003104731131333,0.7999689526886866,166.66666666666666
1,9,20,5.0,85.0,19.5,0.35340039898462106,0.6465996010153789,166.66666666666666
2,9,20,15.0,85.0,19.5,0.29638241192867787,0.7036175880713221,166.66666666666666
3,9,20,25.0,85.0,19.5,0.24015444746034653,0.7598455525396535,166.66666666666666
4,9,20,35.0,85.0,19.5,0.208433537059519,0.791566462940481,166.66666666666666
5,9,20,45.0,85.0,19.5,0.20070889167893055,0.7992911083210694,166.66666666666666
6,9,20,55.0,85.0,19.5,0.20003617290878423,0.7999638270912157,166.66666666666666
7,9,20,65.0,85.0,19.5,0.20001201380767714,0.7999879861923229,166.66666666666666
8,9,20,75.0,85.0,19.5,0.20001154344258898,0.799988456557411,166.66666666666666
9,9,20,85.0,85.0,19.5,0.20001188023921185,0.7999881197607881,166.66666666666666
10,9,20,95.0,85.0,19.5,0.20001227339581415,0.7999877266041858,166.66666666666666
11,9,20,105.0,85.0,19.5,0.20001268527080843,0.7999873147291916,166.66666666666666
12,9,20,115.0,85.0,19.5,0.2000131125283643,0.7999868874716357,166.66666666666666
13,9,20,125.0,85.0,19.5,0.20001355406936672,0.7999864459306333,166.66666666666666
14,9,20,135.0,85.0,19.5,0.2000140093682901,0.7999859906317099,166.66666666666666
15,9,20,145.0,85.0,19.5,0.20001447697730573,0.7999855230226942,166.66666666666666
16,9,20,155.0,85.0,19.5,0.2000149562734791,0.7999850437265209,166.66666666666666
17,9,20,165.0,85.0,19.5,0.20001544624587203,0.7999845537541279,166.66666666666666
18,9,20,175.0,85.0,19.5,0.20001594533007483,0.7999840546699252,166.66666666666666
19,9,20,185.0,85.0,19.5,0.2000164520027581,0.7999835479972419,166.66666666666666
20,9,20,195.0,85.0,19.5,0.2000169637932421,0.7999830362067579,166.66666666666666
21,9,20,205.0,85.0,19.5,0.20001747817317148,0.7999825218268285,166.66666666666666
22,9,20,215.0,85.0,19.5,0.20001799235156725,0.7999820076484327,166.66666666666666
23,9,20,225.0,85.0,19.5,0.20001850381531902,0.799981496184681,166.66666666666666
24,9,20,235.0,85.0,19.5,0.2000190105190596,0.7999809894809404,166.66666666666666
25,9,20,245.0,85.0,19.5,0.20001951158737083,0.7999804884126291,166.66666666666666
26,9,20,255.0,85.0,19.5,0.20002000740297107,0.7999799925970289,166.66666666666666
27,9,20,265.0,85.0,19.5,0.20002049915857475,0.7999795008414252,166.66666666666666
28,9,20,275.0,85.0,19.5,0.20002098819593525,0.7999790118040647,166.66666666666666
29,9,20,285.0,85.0,19.5,0.20002147557377759,0.7999785244262224,166.66666666666666
30,9,20,295.0,85.0,19.5,0.20002196197598374,0.7999780380240162,166.66666666666666
31,9,20,305.0,85.0,19.5,0.20002244779265968,0.7999775522073403,166.66666666666666
32,9,20,315.0,85.0,19.5,0.20002293322528447,0.7999770667747155,166.66666666666666
33,9,20,325.0,85.0,19.5,0.20002341836231138,0.7999765816376886,166.66666666666666
34,9,20,335.0,85.0,19.5,0.2000239032221915,0.7999760967778085,166.66666666666666
35,9,20,345.0,85.0,19.5,0.2000243877734659,0.7999756122265341,166.66666666666666
36,9,20,355.0,85.0,19.5,0.20002487193987442,0.7999751280601256,166.66666666666666
37,9,20,365.0,85.0,19.5,0.20002535559477888,0.7999746444052211,166.66666666666666
38,9,20,375.0,85.0,19.5,0.200025838545355,0.799974161454645,166.66666666666666
39,9,20,385.0,85.0,19.5,0.2000263205041422,0.7999736794958578,166.66666666666666
40,9,20,395.0,85.0,19.5,0.20002680104150208,0.7999731989584979,166.66666666666666
41,9,20,405.0,85.0,19.5,0.2000272795071067,0.7999727204928933,166.66666666666666
42,9,20,415.0,85.0,19.5,0.2000277548988482,0.7999722451011518,166.66666666666666
43,9,20,425.0,85.0,19.5,0.20002822564092915,0.7999717743590709,166.66666666666666
44,9,20,435.0,85.0,19.5,0.20002868920337458,0.7999713107966254,166.66666666666666
45,9,20,445.0,85.0,19.5,0.20002914144584855,0.7999708585541514,166.66666666666666
46,9,20,455.0,85.0,19.5,0.20002957549458686,0.7999704245054131,166.66666666666666
47,9,20,465.0,85.0,19.5,0.20002997988782475,0.7999700201121752,166.66666666666666
48,9,20,475.0,85.0,19.5,0.20003033579955748,0.7999696642004426,166.66666666666666
49,9,20,485.0,85.0,19.5,0.200030613897048,0.799969386102952,166.66666666666666
50,9,20,495.0,85.0,19.5,0.20003077410943187,0.7999692258905682,166.66666666666666
1,10,20,5.0,95.0,19.5,0.21267842438652676,0.7873215756134733,166.66666666666666
2,10,20,15.0,95.0,19.5,0.20295795848237513,0.7970420415176249,166.66666666666666
3,10,20,25.0,95.0,19.5,0.20026674578712197,0.799733254212878,166.66666666666666
4,10,20,35.0,95.0,19.5,0.200018103761426,0.799981896238574,166.66666666666666
5,10,20,45.0,95.0,19.5,0.20001085164889149,0.7999891483511086,166.66666666666666
6,10,20,55.0,95.0,19.5,0.20001084745392608,0.799989152546074,166.66666666666666
7,10,20,65.0,95.0,19.5,0.20001116463656668,0.7999888353634333,166.66666666666666
8,10,20,75.0,95.0,19.5,0.20001151624933822,0.7999884837506618,166.66666666666666
9,10,20,85.0,95.0,19.5,0.20001188996215474,0.7999881100378452,166.66666666666666
10,10,20,95.0,95.0,19.5,0.2000122830461126,0.7999877169538874,166.66666666666666
11,10,20,105.0,95.0,19.5,0.20001269358508095,0.799987306414919,166.66666666666666
12,10,20,115.0,95.0,19.5,0.20001311995157817,0.7999868800484218,166.66666666666666
13,10,20,125.0,95.0,19.5,0.2000135610051976,0.7999864389948024,166.66666666666666
14,10,20,135.0,95.0,19.5,0.20001401574690608,0.7999859842530939,166.66666666666666
15,10,20,145.0,95.0,19.5,0.20001448317122117,0.7999855168287788,166.66666666666666
16,10,20,155.0,95.0,19.5,0.20001496238921218,0.7999850376107878,166.66666666666666
17,10,20,165.0,95.0,19.5,0.20001545232396836,0.7999845476760317,166.66666666666666
18,10,20,175.0,95.0,19.5,0.20001595148762283,0.7999840485123771,166.66666666666666
19,10,20,185.0,95.0,19.5,0.2000164579974597,0.7999835420025403,166.66666666666666
20,10,20,195.0,95.0,19.5,0.20001696923545276,0.7999830307645472,166.66666666666666
21,10,20,205.0,95.0,19.5,0.2000174823777033,0.7999825176222967,166.66666666666666
22,10,20,215.0,95.0,19.5,0.20001799478546825,0.7999820052145318,166.66666666666666
23,10,20,225.0,95.0,19.5,0.2000185043935559,0.7999814956064442,166.66666666666666
24,10,20,235.0,95.0,19.5,0.20001900962422045,0.7999809903757795,166.66666666666666
25,10,20,245.0,95.0,19.5,0.2000195098780573,0.7999804901219427,166.66666666666666
26,10,20,255.0,95.0,19.5,0.20002000553639815,0.7999799944636019,166.66666666666666
27,10,20,265.0,95.0,19.5,0.20002049755089557,0.7999795024491044,166.66666666666666
28,10,20,275.0,95.0,19.5,0.20002098698477988,0.7999790130152201,166.66666666666666
29,10,20,285.0,95.0,19.5,0.2000214747232001,0.7999785252767999,166.66666666666666
30,10,20,295.0,95.0,19.5,0.20002196138753914,0.7999780386124609,166.66666666666666
31,10,20,305.0,95.0,19.5,0.20002244736672925,0.7999775526332707,166.66666666666666
32,10,20,315.0,95.0,19.5,0.20002293288083273,0.7999770671191673,166.66666666666666
33,10,20,325.0,95.0,19.5,0.20002341803615992,0.79997658196384,166.66666666666666
34,10,20,335.0,95.0,19.5,0.20002390286130176,0.7999760971386982,166.66666666666666
35,10,20,345.0,95.0,19.5,0.20002438732563546,0.7999756126743646,166.66666666666666
36,10,20,355.0,95.0,19.5,0.20002487134380886,0.7999751286561911,166.66666666666666
37,10,20,365.0,95.0,19.5,0.20002535476813285,0.7999746452318671,166.66666666666666
38,10,20,375.0,95.0,19.5,0.20002583736812807,0.7999741626318719,166.66666666666666
39,10,20,385.0,95.0,19.5,0.20002631879299712,0.7999736812070029,166.66666666666666
40,10,20,395.0,95.0,19.5,0.2000267985082182,0.7999732014917817,166.66666666666666
41,10,20,405.0,95.0,19.5,0.20002727569023615,0.7999727243097638,166.66666666666666
42,10,20,415.0,95.0,19.5,0.20002774905216583,0.7999722509478342,166.66666666666666
43,10,20,425.0,95.0,19.5,0.20002821655629913,0.7999717834437009,166.66666666666666
44,10,20,435.0,95.0,19.5,0.2000286749452793,0.7999713250547207,166.66666666666666
45,10,20,445.0,95.0,19.5,0.20002911899717754,0.7999708810028224,166.66666666666666
46,10,20,455.0,95.0,19.5,0.20002954040069398,0.799970459599306,166.66666666666666
47,10,20,465.0,95.0,19.5,0.20002992621765742,0.7999700737823425,166.66666666666666
48,10,20,475.0,95.0,19.5,0.20003025720462597,0.799969742795374,166.66666666666666
49,10,20,485.0,95.0,19.5,0.2000305070891409,0.7999694929108591,166.66666666666666
50,10,20,495.0,95.0,19.5,0.2000306454641452,0.7999693545358548,166.66666666666666
