i,j,k,x_m,y_m,depth_m,Sw,So,permeability_md
1,1,1,5.0,5.0,0.5,0.2,0.8,166.66666666666666
2,1,1,15.0,5.0,0.5,0.2,0.8,166.66666666666666
3,1,1,25.0,5.0,0.5,0.2,0.8,166.66666666666666
4,1,1,35.0,5.0,0.5,0.2,0.8,166.66666666666666
5,1,1,45.0,5.0,0.5,0.2,0.8,166.66666666666666
6,1,1,55.0,5.0,0.5,0.2,0.8,166.66666666666666
7,1,1,65.0,5.0,0.5,0.2,0.8,166.66666666666666
8,1,1,75.0,5.0,0.5,0.2,0.8,166.66666666666666
9,1,1,85.0,5.0,0.5,0.2,0.8,166.66666666666666
10,1,1,95.0,5.0,0.5,0.2,0.8,166.66666666666666
11,1,1,105.0,5.0,0.5,0.2,0.8,166.66666666666666
12,1,1,115.0,5.0,0.5,0.2,0.8,166.66666666666666
13,1,1,125.0,5.0,0.5,0.2,0.8,166.66666666666666
14,1,1,135.0,5.0,0.5,0.2,0.8,166.66666666666666
15,1,1,145.0,5.0,0.5,0.2,0.8,166.66666666666666
16,1,1,155.0,5.0,0.5,0.2,0.8,166.66666666666666
17,1,1,165.0,5.0,0.5,0.2,0.8,166.66666666666666
18,1,1,175.0,5.0,0.5,0.2,0.8,166.66666666666666
19,1,1,185.0,5.0,0.5,0.2,0.8,166.66666666666666
20,1,1,195.0,5.0,0.5,0.2,0.8,166.66666666666666
21,1,1,205.0,5.0,0.5,0.2,0.8,166.66666666666666
22,1,1,215.0,5.0,0.5,0.2,0.8,166.66666666666666
23,1,1,225.0,5.0,0.5,0.2,0.8,166.66666666666666
24,1,1,235.0,5.0,0.5,0.2,0.8,166.66666666666666
25,1,1,245.0,5.0,0.5,0.2,0.8,166.66666666666666
26,1,1,255.0,5.0,0.5,0.2,0.8,166.66666666666666
27,1,1,265.0,5.0,0.5,0.2,0.8,166.66666666666666
28,1,1,275.0,5.0,0.5,0.2,0.8,166.66666666666666
29,1,1,285.0,5.0,0.5,0.2,0.8,166.66666666666666
30,1,1,295.0,5.0,0.5,0.2,0.8,166.66666666666666
31,1,1,305.0,5.0,0.5,0.2,0.8,166.66666666666666
32,1,1,315.0,5.0,0.5,0.2,0.8,166.66666666666666
33,1,1,325.0,5.0,0.5,0.2,0.8,166.66666666666666
34,1,1,335.0,5.0,0.5,0.2,0.8,166.66666666666666
35,1,1,345.0,5.0,0.5,0.2,0.8,166.66666666666666
36,1,1,355.0,5.0,0.5,0.2,0.8,166.66666666666666
37,1,1,365.0,5.0,0.5,0.2,0.8,166.66666666666666
38,1,1,375.0,5.0,0.5,0.2,0.8,166.66666666666666
39,1,1,385.0,5.0,0.5,0.2,0.8,166.66666666666666
40,1,1,395.0,5.0,0.5,0.2,0.8,166.66666666666666
41,1,1,405.0,5.0,0.5,0.2,0.8,166.66666666666666
42,1,1,415.0,5.0,0.5,0.2,0.8,166.66666666666666
43,1,1,425.0,5.0,0.5,0.2,0.8,166.66666666666666
44,1,1,435.0,5.0,0.5,0.2,0.8,166.66666666666666
45,1,1,445.0,5.0,0.5,0.2,0.8,166.66666666666666
46,1,1,455.0,5.0,0.5,0.2,0.8,166.66666666666666
47,1,1,465.0,5.0,0.5,0.2,0.8,166.66666666666666
48,1,1,475.0,5.0,0.5,0.2,0.8,166.66666666666666
49,1,1,485.0,5.0,0.5,0.2,0.8,166.66666666666666
50,1,1,495.0,5.0,0.5,0.2,0.8,166.66666666666666
1,2,1,5.0,15.0,0.5,0.2,0.8,166.66666666666666
2,2,1,15.0,15.0,0.5,0.2,0.8,166.66666666666666
3,2,1,25.0,15.0,0.5,0.2,0.8,166.66666666666666
4,2,1,35.0,15.0,0.5,0.2,0.8,166.66666666666666
5,2,1,45.0,15.0,0.5,0.2,0.8,166.66666666666666
6,2,1,55.0,15.0,0.5,0.2,0.8,166.66666666666666
7,2,1,65.0,15.0,0.5,0.2,0.8,166.66666666666666
8,2,1,75.0,15.0,0.5,0.2,0.8,166.66666666666666
9,2,1,85.0,15.0,0.5,0.2,0.8,166.66666666666666
10,2,1,95.0,15.0,0.5,0.2,0.8,166.66666666666666
11,2,1,105.0,15.0,0.5,0.2,0.8,166.66666666666666
12,2,1,115.0,15.0,0.5,0.2,0.8,166.66666666666666
13,2,1,125.0,15.0,0.5,0.2,0.8,166.66666666666666
14,2,1,135.0,15.0,0.5,0.2,0.8,166.66666666666666
15,2,1,145.0,15.0,0.5,0.2,0.8,166.66666666666666
16,2,1,155.0,15.0,0.5,0.2,0.8,166.66666666666666
17,2,1,165.0,15.0,0.5,0.2,0.8,166.66666666666666
18,2,1,175.0,15.0,0.5,0.2,0.8,166.66666666666666
19,2,1,185.0,15.0,0.5,0.2,0.8,166.66666666666666
20,2,1,195.0,15.0,0.5,0.2,0.8,166.66666666666666
21,2,1,205.0,15.0,0.5,0.2,0.8,166.66666666666666
22,2,1,215.0,15.0,0.5,0.2,0.8,166.66666666666666
23,2,1,225.0,15.0,0.5,0.2,0.8,166.66666666666666
24,2,1,235.0,15.0,0.5,0.2,0.8,166.66666666666666
25,2,1,245.0,15.0,0.5,0.2,0.8,166.66666666666666
26,2,1,255.0,15.0,0.5,0.2,0.8,166.66666666666666
27,2,1,265.0,15.0,0.5,0.2,0.8,166.66666666666666
28,2,1,275.0,15.0,0.5,0.2,0.8,166.66666666666666
29,2,1,285.0,15.0,0.5,0.2,0.8,166.66666666666666
30,2,1,295.0,15.0,0.5,0.2,0.8,166.66666666666666
31,2,1,305.0,15.0,0.5,0.2,0.8,166.66666666666666
32,2,1,315.0,15.0,0.5,0.2,0.8,166.66666666666666
33,2,1,325.0,15.0,0.5,0.2,0.8,166.66666666666666
34,2,1,335.0,15.0,0.5,0.2,0.8,166.66666666666666
35,2,1,345.0,15.0,0.5,0.2,0.8,166.66666666666666
36,2,1,355.0,15.0,0.5,0.2,0.8,166.66666666666666
37,2,1,365.0,15.0,0.5,0.2,0.8,166.66666666666666
38,2,1,375.0,15.0,0.5,0.2,0.8,166.66666666666666
39,2,1,385.0,15.0,0.5,0.2,0.8,166.66666666666666
40,2,1,395.0,15.0,0.5,0.2,0.8,166.66666666666666
41,2,1,405.0,15.0,0.5,0.2,0.8,166.66666666666666
42,2,1,415.0,15.0,0.5,0.2,0.8,166.66666666666666
43,2,1,425.0,15.0,0.5,0.2,0.8,166.66666666666666
44,2,1,435.0,15.0,0.5,0.2,0.8,166.66666666666666
45,2,1,445.0,15.0,0.5,0.2,0.8,166.66666666666666
46,2,1,455.0,15.0,0.5,0.2,0.8,166.66666666666666
47,2,1,465.0,15.0,0.5,0.2,0.8,166.66666666666666
48,2,1,475.0,15.0,0.5,0.2,0.8,166.66666666666666
49,2,1,485.0,15.0,0.5,0.2,0.8,166.66666666666666
50,2,1,495.0,15.0,0.5,0.2,0.8,166.66666666666666
1,3,1,5.0,25.0,0.5,0.2,0.8,166.66666666666666
2,3,1,15.0,25.0,0.5,0.2,0.8,166.66666666666666
3,3,1,25.0,25.0,0.5,0.2,0.8,166.66666666666666
4,3,1,35.0,25.0,0.5,0.2,0.8,166.66666666666666
5,3,1,45.0,25.0,0.5,0.2,0.8,166.66666666666666
6,3,1,55.0,25.0,0.5,0.2,0.8,166.66666666666666
7,3,1,65.0,25.0,0.5,0.2,0.8,166.66666666666666
8,3,1,75.0,25.0,0.5,0.2,0.8,166.66666666666666
9,3,1,85.0,25.0,0.5,0.2,0.8,166.66666666666666
10,3,1,95.0,25.0,0.5,0.2,0.8,166.66666666666666
11,3,1,105.0,25.0,0.5,0.2,0.8,166.66666666666666
12,3,1,115.0,25.0,0.5,0.2,0.8,166.66666666666666
13,3,1,125.0,25.0,0.5,0.2,0.8,166.66666666666666
14,3,1,135.0,25.0,0.5,0.2,0.8,166.66666666666666
15,3,1,145.0,25.0,0.5,0.2,0.8,166.66666666666666
16,3,1,155.0,25.0,0.5,0.2,0.8,166.66666666666666
17,3,1,165.0,25.0,0.5,0.2,0.8,166.66666666666666
18,3,1,175.0,25.0,0.5,0.2,0.8,166.66666666666666
19,3,1,185.0,25.0,0.5,0.2,0.8,166.66666666666666
20,3,1,195.0,25.0,0.5,0.2,0.8,166.66666666666666
21,3,1,205.0,25.0,0.5,0.2,0.8,166.66666666666666
22,3,1,215.0,25.0,0.5,0.2,0.8,166.66666666666666
23,3,1,225.0,25.0,0.5,0.2,0.8,166.66666666666666
24,3,1,235.0,25.0,0.5,0.2,0.8,166.66666666666666
25,3,1,245.0,25.0,0.5,0.2,0.8,166.66666666666666
26,3,1,255.0,25.0,0.5,0.2,0.8,166.66666666666666
27,3,1,265.0,25.0,0.5,0.2,0.8,166.66666666666666
28,3,1,275.0,25.0,0.5,0.2,0.8,166.66666666666666
29,3,1,285.0,25.0,0.5,0.2,0.8,166.66666666666666
30,3,1,295.0,25.0,0.5,0.2,0.8,166.66666666666666
31,3,1,305.0,25.0,0.5,0.2,0.8,166.66666666666666
32,3,1,315.0,25.0,0.5,0.2,0.8,166.66666666666666
33,3,1,325.0,25.0,0.5,0.2,0.8,166.66666666666666
34,3,1,335.0,25.0,0.5,0.2,0.8,166.66666666666666
35,3,1,345.0,25.0,0.5,0.2,0.8,166.66666666666666
36,3,1,355.0,25.0,0.5,0.2,0.8,166.66666666666666
37,3,1,365.0,25.0,0.5,0.2,0.8,166.66666666666666
38,3,1,375.0,25.0,0.5,0.2,0.8,166.66666666666666
39,3,1,385.0,25.0,0.5,0.2,0.8,166.66666666666666
40,3,1,395.0,25.0,0.5,0.2,0.8,166.66666666666666
41,3,1,405.0,25.0,0.5,0.2,0.8,166.66666666666666
42,3,1,415.0,25.0,0.5,0.2,0.8,166.66666666666666
43,3,1,425.0,25.0,0.5,0.2,0.8,166.66666666666666
44,3,1,435.0,25.0,0.5,0.2,0.8,166.66666666666666
45,3,1,445.0,25.0,0.5,0.2,0.8,166.66666666666666
46,3,1,455.0,25.0,0.5,0.2,0.8,166.66666666666666
47,3,1,465.0,25.0,0.5,0.2,0.8,166.66666666666666
48,3,1,475.0,25.0,0.5,0.2,0.8,166.66666666666666
49,3,1,485.0,25.0,0.5,0.2,0.8,166.66666666666666
50,3,1,495.0,25.0,0.5,0.2,0.8,166.66666666666666
1,4,1,5.0,35.0,0.5,0.2,0.8,166.66666666666666
2,4,1,15.0,35.0,0.5,0.2,0.8,166.66666666666666
3,4,1,25.0,35.0,0.5,0.2,0.8,166.66666666666666
4,4,1,35.0,35.0,0.5,0.2,0.8,166.66666666666666
5,4,1,45.0,35.0,0.5,0.2,0.8,166.66666666666666
6,4,1,55.0,35.0,0.5,0.2,0.8,166.66666666666666
7,4,1,65.0,35.0,0.5,0.2,0.8,166.66666666666666
8,4,1,75.0,35.0,0.5,0.2,0.8,166.66666666666666
9,4,1,85.0,35.0,0.5,0.2,0.8,166.66666666666666
10,4,1,95.0,35.0,0.5,0.2,0.8,166.66666666666666
11,4,1,105.0,35.0,0.5,0.2,0.8,166.66666666666666
12,4,1,115.0,35.0,0.5,0.2,0.8,166.66666666666666
13,4,1,125.0,35.0,0.5,0.2,0.8,166.66666666666666
14,4,1,135.0,35.0,0.5,0.2,0.8,166.66666666666666
15,4,1,145.0,35.0,0.5,0.2,0.8,166.66666666666666
16,4,1,155.0,35.0,0.5,0.2,0.8,166.66666666666666
17,4,1,165.0,35.0,0.5,0.2,0.8,166.66666666666666
18,4,1,175.0,35.0,0.5,0.2,0.8,166.66666666666666
19,4,1,185.0,35.0,0.5,0.2,0.8,166.66666666666666
20,4,1,195.0,35.0,0.5,0.2,0.8,166.66666666666666
21,4,1,205.0,35.0,0.5,0.2,0.8,166.66666666666666
22,4,1,215.0,35.0,0.5,0.2,0.8,166.66666666666666
23,4,1,225.0,35.0,0.5,0.2,0.8,166.66666666666666
24,4,1,235.0,35.0,0.5,0.2,0.8,166.66666666666666
25,4,1,245.0,35.0,0.5,0.2,0.8,166.66666666666666
26,4,1,255.0,35.0,0.5,0.2,0.8,166.66666666666666
27,4,1,265.0,35.0,0.5,0.2,0.8,166.66666666666666
28,4,1,275.0,35.0,0.5,0.2,0.8,166.66666666666666
29,4,1,285.0,35.0,0.5,0.2,0.8,166.66666666666666
30,4,1,295.0,35.0,0.5,0.2,0.8,166.66666666666666
31,4,1,305.0,35.0,0.5,0.2,0.8,166.66666666666666
32,4,1,315.0,35.0,0.5,0.2,0.8,166.66666666666666
33,4,1,325.0,35.0,0.5,0.2,0.8,166.66666666666666
34,4,1,335.0,35.0,0.5,0.2,0.8,166.66666666666666
35,4,1,345.0,35.0,0.5,0.2,0.8,166.66666666666666
36,4,1,355.0,35.0,0.5,0.2,0.8,166.66666666666666
37,4,1,365.0,35.0,0.5,0.2,0.8,166.66666666666666
38,4,1,375.0,35.0,0.5,0.2,0.8,166.66666666666666
39,4,1,385.0,35.0,0.5,0.2,0.8,166.66666666666666
40,4,1,395.0,35.0,0.5,0.2,0.8,166.66666666666666
41,4,1,405.0,35.0,0.5,0.2,0.8,166.66666666666666
42,4,1,415.0,35.0,0.5,0.2,0.8,166.66666666666666
43,4,1,425.0,35.0,0.5,0.2,0.8,166.66666666666666
44,4,1,435.0,35.0,0.5,0.2,0.8,166.66666666666666
45,4,1,445.0,35.0,0.5,0.2,0.8,166.66666666666666
46,4,1,455.0,35.0,0.5,0.2,0.8,166.66666666666666
47,4,1,465.0,35.0,0.5,0.2,0.8,166.66666666666666
48,4,1,475.0,35.0,0.5,0.2,0.8,166.66666666666666
49,4,1,485.0,35.0,0.5,0.2,0.8,166.66666666666666
50,4,1,495.0,35.0,0.5,0.2,0.8,166.66666666666666
1,5,1,5.0,45.0,0.5,0.2,0.8,166.66666666666666
2,5,1,15.0,45.0,0.5,0.2,0.8,166.66666666666666
3,5,1,25.0,45.0,0.5,0.2,0.8,166.66666666666666
4,5,1,35.0,45.0,0.5,0.2,0.8,166.66666666666666
5,5,1,45.0,45.0,0.5,0.2,0.8,166.66666666666666
6,5,1,55.0,45.0,0.5,0.2,0.8,166.66666666666666
7,5,1,65.0,45.0,0.5,0.2,0.8,166.66666666666666
8,5,1,75.0,45.0,0.5,0.2,0.8,166.66666666666666
9,5,1,85.0,45.0,0.5,0.2,0.8,166.66666666666666
10,5,1,95.0,45.0,0.5,0.2,0.8,166.66666666666666
11,5,1,105.0,45.0,0.5,0.2,0.8,166.66666666666666
12,5,1,115.0,45.0,0.5,0.2,0.8,166.66666666666666
13,5,1,125.0,45.0,0.5,0.2,0.8,166.66666666666666
14,5,1,135.0,45.0,0.5,0.2,0.8,166.66666666666666
15,5,1,145.0,45.0,0.5,0.2,0.8,166.66666666666666
16,5,1,155.0,45.0,0.5,0.2,0.8,166.66666666666666
17,5,1,165.0,45.0,0.5,0.2,0.8,166.66666666666666
18,5,1,175.0,45.0,0.5,0.2,0.8,166.66666666666666
19,5,1,185.0,45.0,0.5,0.2,0.8,166.66666666666666
20,5,1,195.0,45.0,0.5,0.2,0.8,166.66666666666666
21,5,1,205.0,45.0,0.5,0.2,0.8,166.66666666666666
22,5,1,215.0,45.0,0.5,0.2,0.8,166.66666666666666
23,5,1,225.0,45.0,0.5,0.2,0.8,166.66666666666666
24,5,1,235.0,45.0,0.5,0.2,0.8,166.66666666666666
25,5,1,245.0,45.0,0.5,0.2,0.8,166.66666666666666
26,5,1,255.0,45.0,0.5,0.2,0.8,166.66666666666666
27,5,1,265.0,45.0,0.5,0.2,0.8,166.66666666666666
28,5,1,275.0,45.0,0.5,0.2,0.8,166.66666666666666
29,5,1,285.0,45.0,0.5,0.2,0.8,166.66666666666666
30,5,1,295.0,45.0,0.5,0.2,0.8,166.66666666666666
31,5,1,305.0,45.0,0.5,0.2,0.8,166.66666666666666
32,5,1,315.0,45.0,0.5,0.2,0.8,166.66666666666666
33,5,1,325.0,45.0,0.5,0.2,0.8,166.66666666666666
34,5,1,335.0,45.0,0.5,0.2,0.8,166.66666666666666
35,5,1,345.0,45.0,0.5,0.2,0.8,166.66666666666666
36,5,1,355.0,45.0,0.5,0.2,0.8,166.66666666666666
37,5,1,365.0,45.0,0.5,0.2,0.8,166.66666666666666
38,5,1,375.0,45.0,0.5,0.2,0.8,166.66666666666666
39,5,1,385.0,45.0,0.5,0.2,0.8,166.66666666666666
40,5,1,395.0,45.0,0.5,0.2,0.8,166.66666666666666
41,5,1,405.0,45.0,0.5,0.2,0.8,166.66666666666666
42,5,1,415.0,45.0,0.5,0.2,0.8,166.66666666666666
43,5,1,425.0,45.0,0.5,0.2,0.8,166.66666666666666
44,5,1,435.0,45.0,0.5,0.2,0.8,166.66666666666666
45,5,1,445.0,45.0,0.5,0.2,0.8,166.66666666666666
46,5,1,455.0,45.0,0.5,0.2,0.8,166.66666666666666
47,5,1,465.0,45.0,0.5,0.2,0.8,166.66666666666666
48,5,1,475.0,45.0,0.5,0.2,0.8,166.66666666666666
49,5,1,485.0,45.0,0.5,0.2,0.8,166.66666666666666
50,5,1,495.0,45.0,0.5,0.2,0.8,166.66666666666666
1,6,1,5.0,55.0,0.5,0.2,0.8,166.66666666666666
2,6,1,15.0,55.0,0.5,0.2,0.8,166.66666666666666
3,6,1,25.0,55.0,0.5,0.2,0.8,166.66666666666666
4,6,1,35.0,55.0,0.5,0.2,0.8,166.66666666666666
5,6,1,45.0,55.0,0.5,0.2,0.8,166.66666666666666
6,6,1,55.0,55.0,0.5,0.2,0.8,166.66666666666666
7,6,1,65.0,55.0,0.5,0.2,0.8,166.66666666666666
8,6,1,75.0,55.0,0.5,0.2,0.8,166.66666666666666
9,6,1,85.0,55.0,0.5,0.2,0.8,166.66666666666666
10,6,1,95.0,55.0,0.5,0.2,0.8,166.66666666666666
11,6,1,105.0,55.0,0.5,0.2,0.8,166.66666666666666
12,6,1,115.0,55.0,0.5,0.2,0.8,166.66666666666666
13,6,1,125.0,55.0,0.5,0.2,0.8,166.66666666666666
14,6,1,135.0,55.0,0.5,0.2,0.8,166.66666666666666
15,6,1,145.0,55.0,0.5,0.2,0.8,166.66666666666666
16,6,1,155.0,55.0,0.5,0.2,0.8,166.66666666666666
17,6,1,165.0,55.0,0.5,0.2,0.8,166.66666666666666
18,6,1,175.0,55.0,0.5,0.2,0.8,166.66666666666666
19,6,1,185.0,55.0,0.5,0.2,0.8,166.66666666666666
20,6,1,195.0,55.0,0.5,0.2,0.8,166.66666666666666
21,6,1,205.0,55.0,0.5,0.2,0.8,166.66666666666666
22,6,1,215.0,55.0,0.5,0.2,0.8,166.66666666666666
23,6,1,225.0,55.0,0.5,0.2,0.8,166.66666666666666
24,6,1,235.0,55.0,0.5,0.2,0.8,166.66666666666666
25,6,1,245.0,55.0,0.5,0.2,0.8,166.66666666666666
26,6,1,255.0,55.0,0.5,0.2,0.8,166.66666666666666
27,6,1,265.0,55.0,0.5,0.2,0.8,166.66666666666666
28,6,1,275.0,55.0,0.5,0.2,0.8,166.66666666666666
29,6,1,285.0,55.0,0.5,0.2,0.8,166.66666666666666
30,6,1,295.0,55.0,0.5,0.2,0.8,166.66666666666666
31,6,1,305.0,55.0,0.5,0.2,0.8,166.66666666666666
32,6,1,315.0,55.0,0.5,0.2,0.8,166.66666666666666
33,6,1,325.0,55.0,0.5,0.2,0.8,166.66666666666666
34,6,1,335.0,55.0,0.5,0.2,0.8,166.66666666666666
35,6,1,345.0,55.0,0.5,0.2,0.8,166.66666666666666
36,6,1,355.0,55.0,0.5,0.2,0.8,166.66666666666666
37,6,1,365.0,55.0,0.5,0.2,0.8,166.66666666666666
38,6,1,375.0,55.0,0.5,0.2,0.8,166.66666666666666
39,6,1,385.0,55.0,0.5,0.2,0.8,166.66666666666666
40,6,1,395.0,55.0,0.5,0.2,0.8,166.66666666666666
41,6,1,405.0,55.0,0.5,0.2,0.8,166.66666666666666
42,6,1,415.0,55.0,0.5,0.2,0.8,166.66666666666666
43,6,1,425.0,55.0,0.5,0.2,0.8,166.66666666666666
44,6,1,435.0,55.0,0.5,0.2,0.8,166.66666666666666
45,6,1,445.0,55.0,0.5,0.2,0.8,166.66666666666666
46,6,1,455.0,55.0,0.5,0.2,0.8,166.66666666666666
47,6,1,465.0,55.0,0.5,0.2,0.8,166.66666666666666
48,6,1,475.0,55.0,0.5,0.2,0.8,166.66666666666666
49,6,1,485.0,55.0,0.5,0.2,0.8,166.66666666666666
50,6,1,495.0,55.0,0.5,0.2,0.8,166.66666666666666
1,7,1,5.0,65.0,0.5,0.2,0.8,166.66666666666666
2,7,1,15.0,65.0,0.5,0.2,0.8,166.66666666666666
3,7,1,25.0,65.0,0.5,0.2,0.8,166.66666666666666
4,7,1,35.0,65.0,0.5,0.2,0.8,166.66666666666666
5,7,1,45.0,65.0,0.5,0.2,0.8,166.66666666666666
6,7,1,55.0,65.0,0.5,0.2,0.8,166.66666666666666
7,7,1,65.0,65.0,0.5,0.2,0.8,166.66666666666666
8,7,1,75.0,65.0,0.5,0.2,0.8,166.66666666666666
9,7,1,85.0,65.0,0.5,0.2,0.8,166.66666666666666
10,7,1,95.0,65.0,0.5,0.2,0.8,166.66666666666666
11,7,1,105.0,65.0,0.5,0.2,0.8,166.66666666666666
12,7,1,115.0,65.0,0.5,0.2,0.8,166.66666666666666
13,7,1,125.0,65.0,0.5,0.2,0.8,166.66666666666666
14,7,1,135.0,65.0,0.5,0.2,0.8,166.66666666666666
15,7,1,145.0,65.0,0.5,0.2,0.8,166.66666666666666
16,7,1,155.0,65.0,0.5,0.2,0.8,166.66666666666666
17,7,1,165.0,65.0,0.5,0.2,0.8,166.66666666666666
18,7,1,175.0,65.0,0.5,0.2,0.8,166.66666666666666
19,7,1,185.0,65.0,0.5,0.2,0.8,166.66666666666666
20,7,1,195.0,65.0,0.5,0.2,0.8,166.66666666666666
21,7,1,205.0,65.0,0.5,0.2,0.8,166.66666666666666
22,7,1,215.0,65.0,0.5,0.2,0.8,166.66666666666666
23,7,1,225.0,65.0,0.5,0.2,0.8,166.66666666666666
24,7,1,235.0,65.0,0.5,0.2,0.8,166.66666666666666
25,7,1,245.0,65.0,0.5,0.2,0.8,166.66666666666666
26,7,1,255.0,65.0,0.5,0.2,0.8,166.66666666666666
27,7,1,265.0,65.0,0.5,0.2,0.8,166.66666666666666
28,7,1,275.0,65.0,0.5,0.2,0.8,166.66666666666666
29,7,1,285.0,65.0,0.5,0.2,0.8,166.66666666666666
30,7,1,295.0,65.0,0.5,0.2,0.8,166.66666666666666
31,7,1,305.0,65.0,0.5,0.2,0.8,166.66666666666666
32,7,1,315.0,65.0,0.5,0.2,0.8,166.66666666666666
33,7,1,325.0,65.0,0.5,0.2,0.8,166.66666666666666
34,7,1,335.0,65.0,0.5,0.2,0.8,166.66666666666666
35,7,1,345.0,65.0,0.5,0.2,0.8,166.66666666666666
36,7,1,355.0,65.0,0.5,0.2,0.8,166.66666666666666
37,7,1,365.0,65.0,0.5,0.2,0.8,166.66666666666666
38,7,1,375.0,65.0,0.5,0.2,0.8,166.66666666666666
39,7,1,385.0,65.0,0.5,0.2,0.8,166.66666666666666
40,7,1,395.0,65.0,0.5,0.2,0.8,166.66666666666666
41,7,1,405.0,65.0,0.5,0.2,0.8,166.66666666666666
42,7,1,415.0,65.0,0.5,0.2,0.8,166.66666666666666
43,7,1,425.0,65.0,0.5,0.2,0.8,166.66666666666666
44,7,1,435.0,65.0,0.5,0.2,0.8,166.66666666666666
45,7,1,445.0,65.0,0.5,0.2,0.8,166.66666666666666
46,7,1,455.0,65.0,0.5,0.2,0.8,166.66666666666666
47,7,1,465.0,65.0,0.5,0.2,0.8,166.66666666666666
48,7,1,475.0,65.0,0.5,0.2,0.8,166.66666666666666
49,7,1,485.0,65.0,0.5,0.2,0.8,166.66666666666666
50,7,1,495.0,65.0,0.5,0.2,0.8,166.66666666666666
1,8,1,5.0,75.0,0.5,0.2,0.8,166.66666666666666
2,8,1,15.0,75.0,0.5,0.2,0.8,166.66666666666666
3,8,1,25.0,75.0,0.5,0.2,0.8,166.66666666666666
4,8,1,35.0,75.0,0.5,0.2,0.8,166.66666666666666
5,8,1,45.0,75.0,0.5,0.2,0.8,166.66666666666666
6,8,1,55.0,75.0,0.5,0.2,0.8,166.66666666666666
7,8,1,65.0,75.0,0.5,0.2,0.8,166.66666666666666
8,8,1,75.0,75.0,0.5,0.2,0.8,166.66666666666666
9,8,1,85.0,75.0,0.5,0.2,0.8,166.66666666666666
10,8,1,95.0,75.0,0.5,0.2,0.8,166.66666666666666
11,8,1,105.0,75.0,0.5,0.2,0.8,166.66666666666666
12,8,1,115.0,75.0,0.5,0.2,0.8,166.66666666666666
13,8,1,125.0,75.0,0.5,0.2,0.8,166.66666666666666
14,8,1,135.0,75.0,0.5,0.2,0.8,166.66666666666666
15,8,1,145.0,75.0,0.5,0.2,0.8,166.66666666666666
16,8,1,155.0,75.0,0.5,0.2,0.8,166.66666666666666
17,8,1,165.0,75.0,0.5,0.2,0.8,166.66666666666666
18,8,1,175.0,75.0,0.5,0.2,0.8,166.66666666666666
19,8,1,185.0,75.0,0.5,0.2,0.8,166.66666666666666
20,8,1,195.0,75.0,0.5,0.2,0.8,166.66666666666666
21,8,1,205.0,75.0,0.5,0.2,0.8,166.66666666666666
22,8,1,215.0,75.0,0.5,0.2,0.8,166.66666666666666
23,8,1,225.0,75.0,0.5,0.2,0.8,166.66666666666666
24,8,1,235.0,75.0,0.5,0.2,0.8,166.66666666666666
25,8,1,245.0,75.0,0.5,0.2,0.8,166.66666666666666
26,8,1,255.0,75.0,0.5,0.2,0.8,166.66666666666666
27,8,1,265.0,75.0,0.5,0.2,0.8,166.66666666666666
28,8,1,275.0,75.0,0.5,0.2,0.8,166.66666666666666
29,8,1,285.0,75.0,0.5,0.2,0.8,166.66666666666666
30,8,1,295.0,75.0,0.5,0.2,0.8,166.66666666666666
31,8,1,305.0,75.0,0.5,0.2,0.8,166.66666666666666
32,8,1,315.0,75.0,0.5,0.2,0.8,166.66666666666666
33,8,1,325.0,75.0,0.5,0.2,0.8,166.66666666666666
34,8,1,335.0,75.0,0.5,0.2,0.8,166.66666666666666
35,8,1,345.0,75.0,0.5,0.2,0.8,166.66666666666666
36,8,1,355.0,75.0,0.5,0.2,0.8,166.66666666666666
37,8,1,365.0,75.0,0.5,0.2,0.8,166.66666666666666
38,8,1,375.0,75.0,0.5,0.2,0.8,166.66666666666666
39,8,1,385.0,75.0,0.5,0.2,0.8,166.66666666666666
40,8,1,395.0,75.0,0.5,0.2,0.8,166.66666666666666
41,8,1,405.0,75.0,0.5,0.2,0.8,166.66666666666666
42,8,1,415.0,75.0,0.5,0.2,0.8,166.66666666666666
43,8,1,425.0,75.0,0.5,0.2,0.8,166.66666666666666
44,8,1,435.0,75.0,0.5,0.2,0.8,166.66666666666666
45,8,1,445.0,75.0,0.5,0.2,0.8,166.66666666666666
46,8,1,455.0,75.0,0.5,0.2,0.8,166.66666666666666
47,8,1,465.0,75.0,0.5,0.2,0.8,166.66666666666666
48,8,1,475.0,75.0,0.5,0.2,0.8,166.66666666666666
49,8,1,485.0,75.0,0.5,0.2,0.8,166.66666666666666
50,8,1,495.0,75.0,0.5,0.2,0.8,166.66666666666666
1,9,1,5.0,85.0,0.5,0.2,0.8,166.66666666666666
2,9,1,15.0,85.0,0.5,0.2,0.8,166.66666666666666
3,9,1,25.0,85.0,0.5,0.2,0.8,166.66666666666666
4,9,1,35.0,85.0,0.5,0.2,0.8,166.66666666666666
5,9,1,45.0,85.0,0.5,0.2,0.8,166.66666666666666
6,9,1,55.0,85.0,0.5,0.2,0.8,166.66666666666666
7,9,1,65.0,85.0,0.5,0.2,0.8,166.66666666666666
8,9,1,75.0,85.0,0.5,0.2,0.8,166.66666666666666
9,9,1,85.0,85.0,0.5,0.2,0.8,166.66666666666666
10,9,1,95.0,85.0,0.5,0.2,0.8,166.66666666666666
11,9,1,105.0,85.0,0.5,0.2,0.8,166.66666666666666
12,9,1,115.0,85.0,0.5,0.2,0.8,166.66666666666666
13,9,1,125.0,85.0,0.5,0.2,0.8,166.66666666666666
14,9,1,135.0,85.0,0.5,0.2,0.8,166.66666666666666
15,9,1,145.0,85.0,0.5,0.2,0.8,166.66666666666666
16,9,1,155.0,85.0,0.5,0.2,0.8,166.66666666666666
17,9,1,165.0,85.0,0.5,0.2,0.8,166.66666666666666
18,9,1,175.0,85.0,0.5,0.2,0.8,166.66666666666666
19,9,1,185.0,85.0,0.5,0.2,0.8,166.66666666666666
20,9,1,195.0,85.0,0.5,0.2,0.8,166.66666666666666
21,9,1,205.0,85.0,0.5,0.2,0.8,166.66666666666666
22,9,1,215.0,85.0,0.5,0.2,0.8,166.66666666666666
23,9,1,225.0,85.0,0.5,0.2,0.8,166.66666666666666
24,9,1,235.0,85.0,0.5,0.2,0.8,166.66666666666666
25,9,1,245.0,85.0,0.5,0.2,0.8,166.66666666666666
26,9,1,255.0,85.0,0.5,0.2,0.8,166.66666666666666
27,9,1,265.0,85.0,0.5,0.2,0.8,166.66666666666666
28,9,1,275.0,85.0,0.5,0.2,0.8,166.66666666666666
29,9,1,285.0,85.0,0.5,0.2,0.8,166.66666666666666
30,9,1,295.0,85.0,0.5,0.2,0.8,166.66666666666666
31,9,1,305.0,85.0,0.5,0.2,0.8,166.66666666666666
32,9,1,315.0,85.0,0.5,0.2,0.8,166.66666666666666
33,9,1,325.0,85.0,0.5,0.2,0.8,166.66666666666666
34,9,1,335.0,85.0,0.5,0.2,0.8,166.66666666666666
35,9,1,345.0,85.0,0.5,0.2,0.8,166.66666666666666
36,9,1,355.0,85.0,0.5,0.2,0.8,166.66666666666666
37,9,1,365.0,85.0,0.5,0.2,0.8,166.66666666666666
38,9,1,375.0,85.0,0.5,0.2,0.8,166.66666666666666
39,9,1,385.0,85.0,0.5,0.2,0.8,166.66666666666666
40,9,1,395.0,85.0,0.5,0.2,0.8,166.66666666666666
41,9,1,405.0,85.0,0.5,0.2,0.8,166.66666666666666
42,9,1,415.0,85.0,0.5,0.2,0.8,166.66666666666666
43,9,1,425.0,85.0,0.5,0.2,0.8,166.66666666666666
44,9,1,435.0,85.0,0.5,0.2,0.8,166.66666666666666
45,9,1,445.0,85.0,0.5,0.2,0.8,166.66666666666666
46,9,1,455.0,85.0,0.5,0.2,0.8,166.66666666666666
47,9,1,465.0,85.0,0.5,0.2,0.8,166.66666666666666
48,9,1,475.0,85.0,0.5,0.2,0.8,166.66666666666666
49,9,1,485.0,85.0,0.5,0.2,0.8,166.66666666666666
50,9,1,495.0,85.0,0.5,0.2,0.8,166.66666666666666
1,10,1,5.0,95.0,0.5,0.2,0.8,166.66666666666666
2,10,1,15.0,95.0,0.5,0.2,0.8,166.66666666666666
3,10,1,25.0,95.0,0.5,0.2,0.8,166.66666666666666
4,10,1,35.0,95.0,0.5,0.2,0.8,166.66666666666666
5,10,1,45.0,95.0,0.5,0.2,0.8,166.66666666666666
6,10,1,55.0,95.0,0.5,0.2,0.8,166.66666666666666
7,10,1,65.0,95.0,0.5,0.2,0.8,166.66666666666666
8,10,1,75.0,95.0,0.5,0.2,0.8,166.66666666666666
9,10,1,85.0,95.0,0.5,0.2,0.8,166.66666666666666
10,10,1,95.0,95.0,0.5,0.2,0.8,166.66666666666666
11,10,1,105.0,95.0,0.5,0.2,0.8,166.66666666666666
12,10,1,115.0,95.0,0.5,0.2,0.8,166.66666666666666
13,10,1,125.0,95.0,0.5,0.2,0.8,166.66666666666666
14,10,1,135.0,95.0,0.5,0.2,0.8,166.66666666666666
15,10,1,145.0,95.0,0.5,0.2,0.8,166.66666666666666
16,10,1,155.0,95.0,0.5,0.2,0.8,166.66666666666666
17,10,1,165.0,95.0,0.5,0.2,0.8,166.66666666666666
18,10,1,175.0,95.0,0.5,0.2,0.8,166.66666666666666
19,10,1,185.0,95.0,0.5,0.2,0.8,166.66666666666666
20,10,1,195.0,95.0,0.5,0.2,0.8,166.66666666666666
21,10,1,205.0,95.0,0.5,0.2,0.8,166.66666666666666
22,10,1,215.0,95.0,0.5,0.2,0.8,166.66666666666666
23,10,1,225.0,95.0,0.5,0.2,0.8,166.66666666666666
24,10,1,235.0,95.0,0.5,0.2,0.8,166.66666666666666
25,10,1,245.0,95.0,0.5,0.2,0.8,166.66666666666666
26,10,1,255.0,95.0,0.5,0.2,0.8,166.66666666666666
27,10,1,265.0,95.0,0.5,0.2,0.8,166.66666666666666
28,10,1,275.0,95.0,0.5,0.2,0.8,166.66666666666666
29,10,1,285.0,95.0,0.5,0.2,0.8,166.66666666666666
30,10,1,295.0,95.0,0.5,0.2,0.8,166.66666666666666
31,10,1,305.0,95.0,0.5,0.2,0.8,166.66666666666666
32,10,1,315.0,95.0,0.5,0.2,0.8,166.66666666666666
33,10,1,325.0,95.0,0.5,0.2,0.8,166.66666666666666
34,10,1,335.0,95.0,0.5,0.2,0.8,166.66666666666666
35,10,1,345.0,95.0,0.5,0.2,0.8,166.66666666666666
36,10,1,355.0,95.0,0.5,0.2,0.8,166.66666666666666
37,10,1,365.0,95.0,0.5,0.2,0.8,166.66666666666666
38,10,1,375.0,95.0,0.5,0.2,0.8,166.66666666666666
39,10,1,385.0,95.0,0.5,0.2,0.8,166.66666666666666
40,10,1,395.0,95.0,0.5,0.2,0.8,166.66666666666666
41,10,1,405.0,95.0,0.5,0.2,0.8,166.66666666666666
42,10,1,415.0,95.0,0.5,0.2,0.8,166.66666666666666
43,10,1,425.0,95.0,0.5,0.2,0.8,166.66666666666666
44,10,1,435.0,95.0,0.5,0.2,0.8,166.66666666666666
45,10,1,445.0,95.0,0.5,0.2,0.8,166.66666666666666
46,10,1,455.0,95.0,0.5,0.2,0.8,166.66666666666666
47,10,1,465.0,95.0,0.5,0.2,0.8,166.66666666666666
48,10,1,475.0,95.0,0.5,0.2,0.8,166.66666666666666
49,10,1,485.0,95.0,0.5,0.2,0.8,166.66666666666666
50,10,1,495.0,95.0,0.5,0.2,0.8,166.66666666666666
1,1,2,5.0,5.0,1.5,0.2,0.8,236.84210526315786
2,1,2,15.0,5.0,1.5,0.2,0.8,236.84210526315786
3,1,2,25.0,5.0,1.5,0.2,0.8,236.84210526315786
4,1,2,35.0,5.0,1.5,0.2,0.8,236.84210526315786
5,1,2,45.0,5.0,1.5,0.2,0.8,236.84210526315786
6,1,2,55.0,5.0,1.5,0.2,0.8,236.84210526315786
7,1,2,65.0,5.0,1.5,0.2,0.8,236.84210526315786
8,1,2,75.0,5.0,1.5,0.2,0.8,236.84210526315786
9,1,2,85.0,5.0,1.5,0.2,0.8,236.84210526315786
10,1,2,95.0,5.0,1.5,0.2,0.8,236.84210526315786
11,1,2,105.0,5.0,1.5,0.2,0.8,236.84210526315786
12,1,2,115.0,5.0,1.5,0.2,0.8,236.84210526315786
13,1,2,125.0,5.0,1.5,0.2,0.8,236.84210526315786
14,1,2,135.0,5.0,1.5,0.2,0.8,236.84210526315786
15,1,2,145.0,5.0,1.5,0.2,0.8,236.84210526315786
16,1,2,155.0,5.0,1.5,0.2,0.8,236.84210526315786
17,1,2,165.0,5.0,1.5,0.2,0.8,236.84210526315786
18,1,2,175.0,5.0,1.5,0.2,0.8,236.84210526315786
19,1,2,185.0,5.0,1.5,0.2,0.8,236.84210526315786
20,1,2,195.0,5.0,1.5,0.2,0.8,236.84210526315786
21,1,2,205.0,5.0,1.5,0.2,0.8,236.84210526315786
22,1,2,215.0,5.0,1.5,0.2,0.8,236.84210526315786
23,1,2,225.0,5.0,1.5,0.2,0.8,236.84210526315786
24,1,2,235.0,5.0,1.5,0.2,0.8,236.84210526315786
25,1,2,245.0,5.0,1.5,0.2,0.8,236.84210526315786
26,1,2,255.0,5.0,1.5,0.2,0.8,236.84210526315786
27,1,2,265.0,5.0,1.5,0.2,0.8,236.84210526315786
28,1,2,275.0,5.0,1.5,0.2,0.8,236.84210526315786
29,1,2,285.0,5.0,1.5,0.2,0.8,236.84210526315786
30,1,2,295.0,5.0,1.5,0.2,0.8,236.84210526315786
31,1,2,305.0,5.0,1.5,0.2,0.8,236.84210526315786
32,1,2,315.0,5.0,1.5,0.2,0.8,236.84210526315786
33,1,2,325.0,5.0,1.5,0.2,0.8,236.84210526315786
34,1,2,335.0,5.0,1.5,0.2,0.8,236.84210526315786
35,1,2,345.0,5.0,1.5,0.2,0.8,236.84210526315786
36,1,2,355.0,5.0,1.5,0.2,0.8,236.84210526315786
37,1,2,365.0,5.0,1.5,0.2,0.8,236.84210526315786
38,1,2,375.0,5.0,1.5,0.2,0.8,236.84210526315786
39,1,2,385.0,5.0,1.5,0.2,0.8,236.84210526315786
40,1,2,395.0,5.0,1.5,0.2,0.8,236.84210526315786
41,1,2,405.0,5.0,1.5,0.2,0.8,236.84210526315786
42,1,2,415.0,5.0,1.5,0.2,0.8,236.84210526315786
43,1,2,425.0,5.0,1.5,0.2,0.8,236.84210526315786
44,1,2,435.0,5.0,1.5,0.2,0.8,236.84210526315786
45,1,2,445.0,5.0,1.5,0.2,0.8,236.84210526315786
46,1,2,455.0,5.0,1.5,0.2,0.8,236.84210526315786
47,1,2,465.0,5.0,1.5,0.2,0.8,236.84210526315786
48,1,2,475.0,5.0,1.5,0.2,0.8,236.84210526315786
49,1,2,485.0,5.0,1.5,0.2,0.8,236.84210526315786
50,1,2,495.0,5.0,1.5,0.2,0.8,236.84210526315786
1,2,2,5.0,15.0,1.5,0.2,0.8,236.84210526315786
2,2,2,15.0,15.0,1.5,0.2,0.8,236.84210526315786
3,2,2,25.0,15.0,1.5,0.2,0.8,236.84210526315786
4,2,2,35.0,15.0,1.5,0.2,0.8,236.84210526315786
5,2,2,45.0,15.0,1.5,0.2,0.8,236.84210526315786
6,2,2,55.0,15.0,1.5,0.2,0.8,236.84210526315786
7,2,2,65.0,15.0,1.5,0.2,0.8,236.84210526315786
8,2,2,75.0,15.0,1.5,0.2,0.8,236.84210526315786
9,2,2,85.0,15.0,1.5,0.2,0.8,236.84210526315786
10,2,2,95.0,15.0,1.5,0.2,0.8,236.84210526315786
11,2,2,105.0,15.0,1.5,0.2,0.8,236.84210526315786
12,2,2,115.0,15.0,1.5,0.2,0.8,236.84210526315786
13,2,2,125.0,15.0,1.5,0.2,0.8,236.84210526315786
14,2,2,135.0,15.0,1.5,0.2,0.8,236.84210526315786
15,2,2,145.0,15.0,1.5,0.2,0.8,236.84210526315786
16,2,2,155.0,15.0,1.5,0.2,0.8,236.84210526315786
17,2,2,165.0,15.0,1.5,0.2,0.8,236.84210526315786
18,2,2,175.0,15.0,1.5,0.2,0.8,236.84210526315786
19,2,2,185.0,15.0,1.5,0.2,0.8,236.84210526315786
20,2,2,195.0,15.0,1.5,0.2,0.8,236.84210526315786
21,2,2,205.0,15.0,1.5,0.2,0.8,236.84210526315786
22,2,2,215.0,15.0,1.5,0.2,0.8,236.84210526315786
23,2,2,225.0,15.0,1.5,0.2,0.8,236.84210526315786
24,2,2,235.0,15.0,1.5,0.2,0.8,236.84210526315786
25,2,2,245.0,15.0,1.5,0.2,0.8,236.84210526315786
26,2,2,255.0,15.0,1.5,0.2,0.8,236.84210526315786
27,2,2,265.0,15.0,1.5,0.2,0.8,236.84210526315786
28,2,2,275.0,15.0,1.5,0.2,0.8,236.84210526315786
29,2,2,285.0,15.0,1.5,0.2,0.8,236.84210526315786
30,2,2,295.0,15.0,1.5,0.2,0.8,236.84210526315786
31,2,2,305.0,15.0,1.5,0.2,0.8,236.84210526315786
32,2,2,315.0,15.0,1.5,0.2,0.8,236.84210526315786
33,2,2,325.0,15.0,1.5,0.2,0.8,236.84210526315786
34,2,2,335.0,15.0,1.5,0.2,0.8,236.84210526315786
35,2,2,345.0,15.0,1.5,0.2,0.8,236.84210526315786
36,2,2,355.0,15.0,1.5,0.2,0.8,236.84210526315786
37,2,2,365.0,15.0,1.5,0.2,0.8,236.84210526315786
38,2,2,375.0,15.0,1.5,0.2,0.8,236.84210526315786
39,2,2,385.0,15.0,1.5,0.2,0.8,236.84210526315786
40,2,2,395.0,15.0,1.5,0.2,0.8,236.84210526315786
41,2,2,405.0,15.0,1.5,0.2,0.8,236.84210526315786
42,2,2,415.0,15.0,1.5,0.2,0.8,236.84210526315786
43,2,2,425.0,15.0,1.5,0.2,0.8,236.84210526315786
44,2,2,435.0,15.0,1.5,0.2,0.8,236.84210526315786
45,2,2,445.0,15.0,1.5,0.2,0.8,236.84210526315786
46,2,2,455.0,15.0,1.5,0.2,0.8,236.84210526315786
47,2,2,465.0,15.0,1.5,0.2,0.8,236.84210526315786
48,2,2,475.0,15.0,1.5,0.2,0.8,236.84210526315786
49,2,2,485.0,15.0,1.5,0.2,0.8,236.84210526315786
50,2,2,495.0,15.0,1.5,0.2,0.8,236.84210526315786
1,3,2,5.0,25.0,1.5,0.2,0.8,236.84210526315786
2,3,2,15.0,25.0,1.5,0.2,0.8,236.84210526315786
3,3,2,25.0,25.0,1.5,0.2,0.8,236.84210526315786
4,3,2,35.0,25.0,1.5,0.2,0.8,236.84210526315786
5,3,2,45.0,25.0,1.5,0.2,0.8,236.84210526315786
6,3,2,55.0,25.0,1.5,0.2,0.8,236.84210526315786
7,3,2,65.0,25.0,1.5,0.2,0.8,236.84210526315786
8,3,2,75.0,25.0,1.5,0.2,0.8,236.84210526315786
9,3,2,85.0,25.0,1.5,0.2,0.8,236.84210526315786
10,3,2,95.0,25.0,1.5,0.2,0.8,236.84210526315786
11,3,2,105.0,25.0,1.5,0.2,0.8,236.84210526315786
12,3,2,115.0,25.0,1.5,0.2,0.8,236.84210526315786
13,3,2,125.0,25.0,1.5,0.2,0.8,236.84210526315786
14,3,2,135.0,25.0,1.5,0.2,0.8,236.84210526315786
15,3,2,145.0,25.0,1.5,0.2,0.8,236.84210526315786
16,3,2,155.0,25.0,1.5,0.2,0.8,236.84210526315786
17,3,2,165.0,25.0,1.5,0.2,0.8,236.84210526315786
18,3,2,175.0,25.0,1.5,0.2,0.8,236.84210526315786
19,3,2,185.0,25.0,1.5,0.2,0.8,236.84210526315786
20,3,2,195.0,25.0,1.5,0.2,0.8,236.84210526315786
21,3,2,205.0,25.0,1.5,0.2,0.8,236.84210526315786
22,3,2,215.0,25.0,1.5,0.2,0.8,236.84210526315786
23,3,2,225.0,25.0,1.5,0.2,0.8,236.84210526315786
24,3,2,235.0,25.0,1.5,0.2,0.8,236.84210526315786
25,3,2,245.0,25.0,1.5,0.2,0.8,236.84210526315786
26,3,2,255.0,25.0,1.5,0.2,0.8,236.84210526315786
27,3,2,265.0,25.0,1.5,0.2,0.8,236.84210526315786
28,3,2,275.0,25.0,1.5,0.2,0.8,236.84210526315786
29,3,2,285.0,25.0,1.5,0.2,0.8,236.84210526315786
30,3,2,295.0,25.0,1.5,0.2,0.8,236.84210526315786
31,3,2,305.0,25.0,1.5,0.2,0.8,236.84210526315786
32,3,2,315.0,25.0,1.5,0.2,0.8,236.84210526315786
33,3,2,325.0,25.0,1.5,0.2,0.8,236.84210526315786
34,3,2,335.0,25.0,1.5,0.2,0.8,236.84210526315786
35,3,2,345.0,25.0,1.5,0.2,0.8,236.84210526315786
36,3,2,355.0,25.0,1.5,0.2,0.8,236.84210526315786
37,3,2,365.0,25.0,1.5,0.2,0.8,236.84210526315786
38,3,2,375.0,25.0,1.5,0.2,0.8,236.84210526315786
39,3,2,385.0,25.0,1.5,0.2,0.8,236.84210526315786
40,3,2,395.0,25.0,1.5,0.2,0.8,236.84210526315786
41,3,2,405.0,25.0,1.5,0.2,0.8,236.84210526315786
42,3,2,415.0,25.0,1.5,0.2,0.8,236.84210526315786
43,3,2,425.0,25.0,1.5,0.2,0.8,236.84210526315786
44,3,2,435.0,25.0,1.5,0.2,0.8,236.84210526315786
45,3,2,445.0,25.0,1.5,0.2,0.8,236.84210526315786
46,3,2,455.0,25.0,1.5,0.2,0.8,236.84210526315786
47,3,2,465.0,25.0,1.5,0.2,0.8,236.84210526315786
48,3,2,475.0,25.0,1.5,0.2,0.8,236.84210526315786
49,3,2,485.0,25.0,1.5,0.2,0.8,236.84210526315786
50,3,2,495.0,25.0,1.5,0.2,0.8,236.84210526315786
1,4,2,5.0,35.0,1.5,0.2,0.8,236.84210526315786
2,4,2,15.0,35.0,1.5,0.2,0.8,236.84210526315786
3,4,2,25.0,35.0,1.5,0.2,0.8,236.84210526315786
4,4,2,35.0,35.0,1.5,0.2,0.8,236.84210526315786
5,4,2,45.0,35.0,1.5,0.2,0.8,236.84210526315786
6,4,2,55.0,35.0,1.5,0.2,0.8,236.84210526315786
7,4,2,65.0,35.0,1.5,0.2,0.8,236.84210526315786
8,4,2,75.0,35.0,1.5,0.2,0.8,236.84210526315786
9,4,2,85.0,35.0,1.5,0.2,0.8,236.84210526315786
10,4,2,95.0,35.0,1.5,0.2,0.8,236.84210526315786
11,4,2,105.0,35.0,1.5,0.2,0.8,236.84210526315786
12,4,2,115.0,35.0,1.5,0.2,0.8,236.84210526315786
13,4,2,125.0,35.0,1.5,0.2,0.8,236.84210526315786
14,4,2,135.0,35.0,1.5,0.2,0.8,236.84210526315786
15,4,2,145.0,35.0,1.5,0.2,0.8,236.84210526315786
16,4,2,155.0,35.0,1.5,0.2,0.8,236.84210526315786
17,4,2,165.0,35.0,1.5,0.2,0.8,236.84210526315786
18,4,2,175.0,35.0,1.5,0.2,0.8,236.84210526315786
19,4,2,185.0,35.0,1.5,0.2,0.8,236.84210526315786
20,4,2,195.0,35.0,1.5,0.2,0.8,236.84210526315786
21,4,2,205.0,35.0,1.5,0.2,0.8,236.84210526315786
22,4,2,215.0,35.0,1.5,0.2,0.8,236.84210526315786
23,4,2,225.0,35.0,1.5,0.2,0.8,236.84210526315786
24,4,2,235.0,35.0,1.5,0.2,0.8,236.84210526315786
25,4,2,245.0,35.0,1.5,0.2,0.8,236.84210526315786
26,4,2,255.0,35.0,1.5,0.2,0.8,236.84210526315786
27,4,2,265.0,35.0,1.5,0.2,0.8,236.84210526315786
28,4,2,275.0,35.0,1.5,0.2,0.8,236.84210526315786
29,4,2,285.0,35.0,1.5,0.2,0.8,236.84210526315786
30,4,2,295.0,35.0,1.5,0.2,0.8,236.84210526315786
31,4,2,305.0,35.0,1.5,0.2,0.8,236.84210526315786
32,4,2,315.0,35.0,1.5,0.2,0.8,236.84210526315786
33,4,2,325.0,35.0,1.5,0.2,0.8,236.84210526315786
34,4,2,335.0,35.0,1.5,0.2,0.8,236.84210526315786
35,4,2,345.0,35.0,1.5,0.2,0.8,236.84210526315786
36,4,2,355.0,35.0,1.5,0.2,0.8,236.84210526315786
37,4,2,365.0,35.0,1.5,0.2,0.8,236.84210526315786
38,4,2,375.0,35.0,1.5,0.2,0.8,236.84210526315786
39,4,2,385.0,35.0,1.5,0.2,0.8,236.84210526315786
40,4,2,395.0,35.0,1.5,0.2,0.8,236.84210526315786
41,4,2,405.0,35.0,1.5,0.2,0.8,236.84210526315786
42,4,2,415.0,35.0,1.5,0.2,0.8,236.84210526315786
43,4,2,425.0,35.0,1.5,0.2,0.8,236.84210526315786
44,4,2,435.0,35.0,1.5,0.2,0.8,236.84210526315786
45,4,2,445.0,35.0,1.5,0.2,0.8,236.84210526315786
46,4,2,455.0,35.0,1.5,0.2,0.8,236.84210526315786
47,4,2,465.0,35.0,1.5,0.2,0.8,236.84210526315786
48,4,2,475.0,35.0,1.5,0.2,0.8,236.84210526315786
49,4,2,485.0,35.0,1.5,0.2,0.8,236.84210526315786
50,4,2,495.0,35.0,1.5,0.2,0.8,236.84210526315786
1,5,2,5.0,45.0,1.5,0.2,0.8,236.84210526315786
2,5,2,15.0,45.0,1.5,0.2,0.8,236.84210526315786
3,5,2,25.0,45.0,1.5,0.2,0.8,236.84210526315786
4,5,2,35.0,45.0,1.5,0.2,0.8,236.84210526315786
5,5,2,45.0,45.0,1.5,0.2,0.8,236.84210526315786
6,5,2,55.0,45.0,1.5,0.2,0.8,236.84210526315786
7,5,2,65.0,45.0,1.5,0.2,0.8,236.84210526315786
8,5,2,75.0,45.0,1.5,0.2,0.8,236.84210526315786
9,5,2,85.0,45.0,1.5,0.2,0.8,236.84210526315786
10,5,2,95.0,45.0,1.5,0.2,0.8,236.84210526315786
11,5,2,105.0,45.0,1.5,0.2,0.8,236.84210526315786
12,5,2,115.0,45.0,1.5,0.2,0.8,236.84210526315786
13,5,2,125.0,45.0,1.5,0.2,0.8,236.84210526315786
14,5,2,135.0,45.0,1.5,0.2,0.8,236.84210526315786
15,5,2,145.0,45.0,1.5,0.2,0.8,236.84210526315786
16,5,2,155.0,45.0,1.5,0.2,0.8,236.84210526315786
17,5,2,165.0,45.0,1.5,0.2,0.8,236.84210526315786
18,5,2,175.0,45.0,1.5,0.2,0.8,236.84210526315786
19,5,2,185.0,45.0,1.5,0.2,0.8,236.84210526315786
20,5,2,195.0,45.0,1.5,0.2,0.8,236.84210526315786
21,5,2,205.0,45.0,1.5,0.2,0.8,236.84210526315786
22,5,2,215.0,45.0,1.5,0.2,0.8,236.84210526315786
23,5,2,225.0,45.0,1.5,0.2,0.8,236.84210526315786
24,5,2,235.0,45.0,1.5,0.2,0.8,236.84210526315786
25,5,2,245.0,45.0,1.5,0.2,0.8,236.84210526315786
26,5,2,255.0,45.0,1.5,0.2,0.8,236.84210526315786
27,5,2,265.0,45.0,1.5,0.2,0.8,236.84210526315786
28,5,2,275.0,45.0,1.5,0.2,0.8,236.84210526315786
29,5,2,285.0,45.0,1.5,0.2,0.8,236.84210526315786
30,5,2,295.0,45.0,1.5,0.2,0.8,236.84210526315786
31,5,2,305.0,45.0,1.5,0.2,0.8,236.84210526315786
32,5,2,315.0,45.0,1.5,0.2,0.8,236.84210526315786
33,5,2,325.0,45.0,1.5,0.2,0.8,236.84210526315786
34,5,2,335.0,45.0,1.5,0.2,0.8,236.84210526315786
35,5,2,345.0,45.0,1.5,0.2,0.8,236.84210526315786
36,5,2,355.0,45.0,1.5,0.2,0.8,236.84210526315786
37,5,2,365.0,45.0,1.5,0.2,0.8,236.84210526315786
38,5,2,375.0,45.0,1.5,0.2,0.8,236.84210526315786
39,5,2,385.0,45.0,1.5,0.2,0.8,236.84210526315786
40,5,2,395.0,45.0,1.5,0.2,0.8,236.84210526315786
41,5,2,405.0,45.0,1.5,0.2,0.8,236.84210526315786
42,5,2,415.0,45.0,1.5,0.2,0.8,236.84210526315786
43,5,2,425.0,45.0,1.5,0.2,0.8,236.84210526315786
44,5,2,435.0,45.0,1.5,0.2,0.8,236.84210526315786
45,5,2,445.0,45.0,1.5,0.2,0.8,236.84210526315786
46,5,2,455.0,45.0,1.5,0.2,0.8,236.84210526315786
47,5,2,465.0,45.0,1.5,0.2,0.8,236.84210526315786
48,5,2,475.0,45.0,1.5,0.2,0.8,236.84210526315786
49,5,2,485.0,45.0,1.5,0.2,0.8,236.84210526315786
50,5,2,495.0,45.0,1.5,0.2,0.8,236.84210526315786
1,6,2,5.0,55.0,1.5,0.2,0.8,236.84210526315786
2,6,2,15.0,55.0,1.5,0.2,0.8,236.84210526315786
3,6,2,25.0,55.0,1.5,0.2,0.8,236.84210526315786
4,6,2,35.0,55.0,1.5,0.2,0.8,236.84210526315786
5,6,2,45.0,55.0,1.5,0.2,0.8,236.84210526315786
6,6,2,55.0,55.0,1.5,0.2,0.8,236.84210526315786
7,6,2,65.0,55.0,1.5,0.2,0.8,236.84210526315786
8,6,2,75.0,55.0,1.5,0.2,0.8,236.84210526315786
9,6,2,85.0,55.0,1.5,0.2,0.8,236.84210526315786
10,6,2,95.0,55.0,1.5,0.2,0.8,236.84210526315786
11,6,2,105.0,55.0,1.5,0.2,0.8,236.84210526315786
12,6,2,115.0,55.0,1.5,0.2,0.8,236.84210526315786
13,6,2,125.0,55.0,1.5,0.2,0.8,236.84210526315786
14,6,2,135.0,55.0,1.5,0.2,0.8,236.84210526315786
15,6,2,145.0,55.0,1.5,0.2,0.8,236.84210526315786
16,6,2,155.0,55.0,1.5,0.2,0.8,236.84210526315786
17,6,2,165.0,55.0,1.5,0.2,0.8,236.84210526315786
18,6,2,175.0,55.0,1.5,0.2,0.8,236.84210526315786
19,6,2,185.0,55.0,1.5,0.2,0.8,236.84210526315786
20,6,2,195.0,55.0,1.5,0.2,0.8,236.84210526315786
21,6,2,205.0,55.0,1.5,0.2,0.8,236.84210526315786
22,6,2,215.0,55.0,1.5,0.2,0.8,236.84210526315786
23,6,2,225.0,55.0,1.5,0.2,0.8,236.84210526315786
24,6,2,235.0,55.0,1.5,0.2,0.8,236.84210526315786
25,6,2,245.0,55.0,1.5,0.2,0.8,236.84210526315786
26,6,2,255.0,55.0,1.5,0.2,0.8,236.84210526315786
27,6,2,265.0,55.0,1.5,0.2,0.8,236.84210526315786
28,6,2,275.0,55.0,1.5,0.2,0.8,236.84210526315786
29,6,2,285.0,55.0,1.5,0.2,0.8,236.84210526315786
30,6,2,295.0,55.0,1.5,0.2,0.8,236.84210526315786
31,6,2,305.0,55.0,1.5,0.2,0.8,236.84210526315786
32,6,2,315.0,55.0,1.5,0.2,0.8,236.84210526315786
33,6,2,325.0,55.0,1.5,0.2,0.8,236.84210526315786
34,6,2,335.0,55.0,1.5,0.2,0.8,236.84210526315786
35,6,2,345.0,55.0,1.5,0.2,0.8,236.84210526315786
36,6,2,355.0,55.0,1.5,0.2,0.8,236.84210526315786
37,6,2,365.0,55.0,1.5,0.2,0.8,236.84210526315786
38,6,2,375.0,55.0,1.5,0.2,0.8,236.84210526315786
39,6,2,385.0,55.0,1.5,0.2,0.8,236.84210526315786
40,6,2,395.0,55.0,1.5,0.2,0.8,236.84210526315786
41,6,2,405.0,55.0,1.5,0.2,0.8,236.84210526315786
42,6,2,415.0,55.0,1.5,0.2,0.8,236.84210526315786
43,6,2,425.0,55.0,1.5,0.2,0.8,236.84210526315786
44,6,2,435.0,55.0,1.5,0.2,0.8,236.84210526315786
45,6,2,445.0,55.0,1.5,0.2,0.8,236.84210526315786
46,6,2,455.0,55.0,1.5,0.2,0.8,236.84210526315786
47,6,2,465.0,55.0,1.5,0.2,0.8,236.84210526315786
48,6,2,475.0,55.0,1.5,0.2,0.8,236.84210526315786
49,6,2,485.0,55.0,1.5,0.2,0.8,236.84210526315786
50,6,2,495.0,55.0,1.5,0.2,0.8,236.84210526315786
1,7,2,5.0,65.0,1.5,0.2,0.8,236.84210526315786
2,7,2,15.0,65.0,1.5,0.2,0.8,236.84210526315786
3,7,2,25.0,65.0,1.5,0.2,0.8,236.84210526315786
4,7,2,35.0,65.0,1.5,0.2,0.8,236.84210526315786
5,7,2,45.0,65.0,1.5,0.2,0.8,236.84210526315786
6,7,2,55.0,65.0,1.5,0.2,0.8,236.84210526315786
7,7,2,65.0,65.0,1.5,0.2,0.8,236.84210526315786
8,7,2,75.0,65.0,1.5,0.2,0.8,236.84210526315786
9,7,2,85.0,65.0,1.5,0.2,0.8,236.84210526315786
10,7,2,95.0,65.0,1.5,0.2,0.8,236.84210526315786
11,7,2,105.0,65.0,1.5,0.2,0.8,236.84210526315786
12,7,2,115.0,65.0,1.5,0.2,0.8,236.84210526315786
13,7,2,125.0,65.0,1.5,0.2,0.8,236.84210526315786
14,7,2,135.0,65.0,1.5,0.2,0.8,236.84210526315786
15,7,2,145.0,65.0,1.5,0.2,0.8,236.84210526315786
16,7,2,155.0,65.0,1.5,0.2,0.8,236.84210526315786
17,7,2,165.0,65.0,1.5,0.2,0.8,236.84210526315786
18,7,2,175.0,65.0,1.5,0.2,0.8,236.84210526315786
19,7,2,185.0,65.0,1.5,0.2,0.8,236.84210526315786
20,7,2,195.0,65.0,1.5,0.2,0.8,236.84210526315786
21,7,2,205.0,65.0,1.5,0.2,0.8,236.84210526315786
22,7,2,215.0,65.0,1.5,0.2,0.8,236.84210526315786
23,7,2,225.0,65.0,1.5,0.2,0.8,236.84210526315786
24,7,2,235.0,65.0,1.5,0.2,0.8,236.84210526315786
25,7,2,245.0,65.0,1.5,0.2,0.8,236.84210526315786
26,7,2,255.0,65.0,1.5,0.2,0.8,236.84210526315786
27,7,2,265.0,65.0,1.5,0.2,0.8,236.84210526315786
28,7,2,275.0,65.0,1.5,0.2,0.8,236.84210526315786
29,7,2,285.0,65.0,1.5,0.2,0.8,236.84210526315786
30,7,2,295.0,65.0,1.5,0.2,0.8,236.84210526315786
31,7,2,305.0,65.0,1.5,0.2,0.8,236.84210526315786
32,7,2,315.0,65.0,1.5,0.2,0.8,236.84210526315786
33,7,2,325.0,65.0,1.5,0.2,0.8,236.84210526315786
34,7,2,335.0,65.0,1.5,0.2,0.8,236.84210526315786
35,7,2,345.0,65.0,1.5,0.2,0.8,236.84210526315786
36,7,2,355.0,65.0,1.5,0.2,0.8,236.84210526315786
37,7,2,365.0,65.0,1.5,0.2,0.8,236.84210526315786
38,7,2,375.0,65.0,1.5,0.2,0.8,236.84210526315786
39,7,2,385.0,65.0,1.5,0.2,0.8,236.84210526315786
40,7,2,395.0,65.0,1.5,0.2,0.8,236.84210526315786
41,7,2,405.0,65.0,1.5,0.2,0.8,236.84210526315786
42,7,2,415.0,65.0,1.5,0.2,0.8,236.84210526315786
43,7,2,425.0,65.0,1.5,0.2,0.8,236.84210526315786
44,7,2,435.0,65.0,1.5,0.2,0.8,236.84210526315786
45,7,2,445.0,65.0,1.5,0.2,0.8,236.84210526315786
46,7,2,455.0,65.0,1.5,0.2,0.8,236.84210526315786
47,7,2,465.0,65.0,1.5,0.2,0.8,236.84210526315786
48,7,2,475.0,65.0,1.5,0.2,0.8,236.84210526315786
49,7,2,485.0,65.0,1.5,0.2,0.8,236.84210526315786
50,7,2,495.0,65.0,1.5,0.2,0.8,236.84210526315786
1,8,2,5.0,75.0,1.5,0.2,0.8,236.84210526315786
2,8,2,15.0,75.0,1.5,0.2,0.8,236.84210526315786
3,8,2,25.0,75.0,1.5,0.2,0.8,236.84210526315786
4,8,2,35.0,75.0,1.5,0.2,0.8,236.84210526315786
5,8,2,45.0,75.0,1.5,0.2,0.8,236.84210526315786
6,8,2,55.0,75.0,1.5,0.2,0.8,236.84210526315786
7,8,2,65.0,75.0,1.5,0.2,0.8,236.84210526315786
8,8,2,75.0,75.0,1.5,0.2,0.8,236.84210526315786
9,8,2,85.0,75.0,1.5,0.2,0.8,236.84210526315786
10,8,2,95.0,75.0,1.5,0.2,0.8,236.84210526315786
11,8,2,105.0,75.0,1.5,0.2,0.8,236.84210526315786
12,8,2,115.0,75.0,1.5,0.2,0.8,236.84210526315786
13,8,2,125.0,75.0,1.5,0.2,0.8,236.84210526315786
14,8,2,135.0,75.0,1.5,0.2,0.8,236.84210526315786
15,8,2,145.0,75.0,1.5,0.2,0.8,236.84210526315786
16,8,2,155.0,75.0,1.5,0.2,0.8,236.84210526315786
17,8,2,165.0,75.0,1.5,0.2,0.8,236.84210526315786
18,8,2,175.0,75.0,1.5,0.2,0.8,236.84210526315786
19,8,2,185.0,75.0,1.5,0.2,0.8,236.84210526315786
20,8,2,195.0,75.0,1.5,0.2,0.8,236.84210526315786
21,8,2,205.0,75.0,1.5,0.2,0.8,236.84210526315786
22,8,2,215.0,75.0,1.5,0.2,0.8,236.84210526315786
23,8,2,225.0,75.0,1.5,0.2,0.8,236.84210526315786
24,8,2,235.0,75.0,1.5,0.2,0.8,236.84210526315786
25,8,2,245.0,75.0,1.5,0.2,0.8,236.84210526315786
26,8,2,255.0,75.0,1.5,0.2,0.8,236.84210526315786
27,8,2,265.0,75.0,1.5,0.2,0.8,236.84210526315786
28,8,2,275.0,75.0,1.5,0.2,0.8,236.84210526315786
29,8,2,285.0,75.0,1.5,0.2,0.8,236.84210526315786
30,8,2,295.0,75.0,1.5,0.2,0.8,236.84210526315786
31,8,2,305.0,75.0,1.5,0.2,0.8,236.84210526315786
32,8,2,315.0,75.0,1.5,0.2,0.8,236.84210526315786
33,8,2,325.0,75.0,1.5,0.2,0.8,236.84210526315786
34,8,2,335.0,75.0,1.5,0.2,0.8,236.84210526315786
35,8,2,345.0,75.0,1.5,0.2,0.8,236.84210526315786
36,8,2,355.0,75.0,1.5,0.2,0.8,236.84210526315786
37,8,2,365.0,75.0,1.5,0.2,0.8,236.84210526315786
38,8,2,375.0,75.0,1.5,0.2,0.8,236.84210526315786
39,8,2,385.0,75.0,1.5,0.2,0.8,236.84210526315786
40,8,2,395.0,75.0,1.5,0.2,0.8,236.84210526315786
41,8,2,405.0,75.0,1.5,0.2,0.8,236.84210526315786
42,8,2,415.0,75.0,1.5,0.2,0.8,236.84210526315786
43,8,2,425.0,75.0,1.5,0.2,0.8,236.84210526315786
44,8,2,435.0,75.0,1.5,0.2,0.8,236.84210526315786
45,8,2,445.0,75.0,1.5,0.2,0.8,236.84210526315786
46,8,2,455.0,75.0,1.5,0.2,0.8,236.84210526315786
47,8,2,465.0,75.0,1.5,0.2,0.8,236.84210526315786
48,8,2,475.0,75.0,1.5,0.2,0.8,236.84210526315786
49,8,2,485.0,75.0,1.5,0.2,0.8,236.84210526315786
50,8,2,495.0,75.0,1.5,0.2,0.8,236.84210526315786
1,9,2,5.0,85.0,1.5,0.2,0.8,236.84210526315786
2,9,2,15.0,85.0,1.5,0.2,0.8,236.84210526315786
3,9,2,25.0,85.0,1.5,0.2,0.8,236.84210526315786
4,9,2,35.0,85.0,1.5,0.2,0.8,236.84210526315786
5,9,2,45.0,85.0,1.5,0.2,0.8,236.84210526315786
6,9,2,55.0,85.0,1.5,0.2,0.8,236.84210526315786
7,9,2,65.0,85.0,1.5,0.2,0.8,236.84210526315786
8,9,2,75.0,85.0,1.5,0.2,0.8,236.84210526315786
9,9,2,85.0,85.0,1.5,0.2,0.8,236.84210526315786
10,9,2,95.0,85.0,1.5,0.2,0.8,236.84210526315786
11,9,2,105.0,85.0,1.5,0.2,0.8,236.84210526315786
12,9,2,115.0,85.0,1.5,0.2,0.8,236.84210526315786
13,9,2,125.0,85.0,1.5,0.2,0.8,236.84210526315786
14,9,2,135.0,85.0,1.5,0.2,0.8,236.84210526315786
15,9,2,145.0,85.0,1.5,0.2,0.8,236.84210526315786
16,9,2,155.0,85.0,1.5,0.2,0.8,236.84210526315786
17,9,2,165.0,85.0,1.5,0.2,0.8,236.84210526315786
18,9,2,175.0,85.0,1.5,0.2,0.8,236.84210526315786
19,9,2,185.0,85.0,1.5,0.2,0.8,236.84210526315786
20,9,2,195.0,85.0,1.5,0.2,0.8,236.84210526315786
21,9,2,205.0,85.0,1.5,0.2,0.8,236.84210526315786
22,9,2,215.0,85.0,1.5,0.2,0.8,236.84210526315786
23,9,2,225.0,85.0,1.5,0.2,0.8,236.84210526315786
24,9,2,235.0,85.0,1.5,0.2,0.8,236.84210526315786
25,9,2,245.0,85.0,1.5,0.2,0.8,236.84210526315786
26,9,2,255.0,85.0,1.5,0.2,0.8,236.84210526315786
27,9,2,265.0,85.0,1.5,0.2,0.8,236.84210526315786
28,9,2,275.0,85.0,1.5,0.2,0.8,236.84210526315786
29,9,2,285.0,85.0,1.5,0.2,0.8,236.84210526315786
30,9,2,295.0,85.0,1.5,0.2,0.8,236.84210526315786
31,9,2,305.0,85.0,1.5,0.2,0.8,236.84210526315786
32,9,2,315.0,85.0,1.5,0.2,0.8,236.84210526315786
33,9,2,325.0,85.0,1.5,0.2,0.8,236.84210526315786
34,9,2,335.0,85.0,1.5,0.2,0.8,236.84210526315786
35,9,2,345.0,85.0,1.5,0.2,0.8,236.84210526315786
36,9,2,355.0,85.0,1.5,0.2,0.8,236.84210526315786
37,9,2,365.0,85.0,1.5,0.2,0.8,236.84210526315786
38,9,2,375.0,85.0,1.5,0.2,0.8,236.84210526315786
39,9,2,385.0,85.0,1.5,0.2,0.8,236.84210526315786
40,9,2,395.0,85.0,1.5,0.2,0.8,236.84210526315786
41,9,2,405.0,85.0,1.5,0.2,0.8,236.84210526315786
42,9,2,415.0,85.0,1.5,0.2,0.8,236.84210526315786
43,9,2,425.0,85.0,1.5,0.2,0.8,236.84210526315786
44,9,2,435.0,85.0,1.5,0.2,0.8,236.84210526315786
45,9,2,445.0,85.0,1.5,0.2,0.8,236.84210526315786
46,9,2,455.0,85.0,1.5,0.2,0.8,236.84210526315786
47,9,2,465.0,85.0,1.5,0.2,0.8,236.84210526315786
48,9,2,475.0,85.0,1.5,0.2,0.8,236.84210526315786
49,9,2,485.0,85.0,1.5,0.2,0.8,236.84210526315786
50,9,2,495.0,85.0,1.5,0.2,0.8,236.84210526315786
1,10,2,5.0,95.0,1.5,0.2,0.8,236.84210526315786
2,10,2,15.0,95.0,1.5,0.2,0.8,236.84210526315786
3,10,2,25.0,95.0,1.5,0.2,0.8,236.84210526315786
4,10,2,35.0,95.0,1.5,0.2,0.8,236.84210526315786
5,10,2,45.0,95.0,1.5,0.2,0.8,236.84210526315786
6,10,2,55.0,95.0,1.5,0.2,0.8,236.84210526315786
7,10,2,65.0,95.0,1.5,0.2,0.8,236.84210526315786
8,10,2,75.0,95.0,1.5,0.2,0.8,236.84210526315786
9,10,2,85.0,95.0,1.5,0.2,0.8,236.84210526315786
10,10,2,95.0,95.0,1.5,0.2,0.8,236.84210526315786
11,10,2,105.0,95.0,1.5,0.2,0.8,236.84210526315786
12,10,2,115.0,95.0,1.5,0.2,0.8,236.84210526315786
13,10,2,125.0,95.0,1.5,0.2,0.8,236.84210526315786
14,10,2,135.0,95.0,1.5,0.2,0.8,236.84210526315786
15,10,2,145.0,95.0,1.5,0.2,0.8,236.84210526315786
16,10,2,155.0,95.0,1.5,0.2,0.8,236.84210526315786
17,10,2,165.0,95.0,1.5,0.2,0.8,236.84210526315786
18,10,2,175.0,95.0,1.5,0.2,0.8,236.84210526315786
19,10,2,185.0,95.0,1.5,0.2,0.8,236.84210526315786
20,10,2,195.0,95.0,1.5,0.2,0.8,236.84210526315786
21,10,2,205.0,95.0,1.5,0.2,0.8,236.84210526315786
22,10,2,215.0,95.0,1.5,0.2,0.8,236.84210526315786
23,10,2,225.0,95.0,1.5,0.2,0.8,236.84210526315786
24,10,2,235.0,95.0,1.5,0.2,0.8,236.84210526315786
25,10,2,245.0,95.0,1.5,0.2,0.8,236.84210526315786
26,10,2,255.0,95.0,1.5,0.2,0.8,236.84210526315786
27,10,2,265.0,95.0,1.5,0.2,0.8,236.84210526315786
28,10,2,275.0,95.0,1.5,0.2,0.8,236.84210526315786
29,10,2,285.0,95.0,1.5,0.2,0.8,236.84210526315786
30,10,2,295.0,95.0,1.5,0.2,0.8,236.84210526315786
31,10,2,305.0,95.0,1.5,0.2,0.8,236.84210526315786
32,10,2,315.0,95.0,1.5,0.2,0.8,236.84210526315786
33,10,2,325.0,95.0,1.5,0.2,0.8,236.84210526315786
34,10,2,335.0,95.0,1.5,0.2,0.8,236.84210526315786
35,10,2,345.0,95.0,1.5,0.2,0.8,236.84210526315786
36,10,2,355.0,95.0,1.5,0.2,0.8,236.84210526315786
37,10,2,365.0,95.0,1.5,0.2,0.8,236.84210526315786
38,10,2,375.0,95.0,1.5,0.2,0.8,236.84210526315786
39,10,2,385.0,95.0,1.5,0.2,0.8,236.84210526315786
40,10,2,395.0,95.0,1.5,0.2,0.8,236.84210526315786
41,10,2,405.0,95.0,1.5,0.2,0.8,236.84210526315786
42,10,2,415.0,95.0,1.5,0.2,0.8,236.84210526315786
43,10,2,425.0,95.0,1.5,0.2,0.8,236.84210526315786
44,10,2,435.0,95.0,1.5,0.2,0.8,236.84210526315786
45,10,2,445.0,95.0,1.5,0.2,0.8,236.84210526315786
46,10,2,455.0,95.0,1.5,0.2,0.8,236.84210526315786
47,10,2,465.0,95.0,1.5,0.2,0.8,236.84210526315786
48,10,2,475.0,95.0,1.5,0.2,0.8,236.84210526315786
49,10,2,485.0,95.0,1.5,0.2,0.8,236.84210526315786
50,10,2,495.0,95.0,1.5,0.2,0.8,236.84210526315786
1,1,3,5.0,5.0,2.5,0.2,0.8,307.0175438596491
2,1,3,15.0,5.0,2.5,0.2,0.8,307.0175438596491
3,1,3,25.0,5.0,2.5,0.2,0.8,307.0175438596491
4,1,3,35.0,5.0,2.5,0.2,0.8,307.0175438596491
5,1,3,45.0,5.0,2.5,0.2,0.8,307.0175438596491
6,1,3,55.0,5.0,2.5,0.2,0.8,307.0175438596491
7,1,3,65.0,5.0,2.5,0.2,0.8,307.0175438596491
8,1,3,75.0,5.0,2.5,0.2,0.8,307.0175438596491
9,1,3,85.0,5.0,2.5,0.2,0.8,307.0175438596491
10,1,3,95.0,5.0,2.5,0.2,0.8,307.0175438596491
11,1,3,105.0,5.0,2.5,0.2,0.8,307.0175438596491
12,1,3,115.0,5.0,2.5,0.2,0.8,307.0175438596491
13,1,3,125.0,5.0,2.5,0.2,0.8,307.0175438596491
14,1,3,135.0,5.0,2.5,0.2,0.8,307.0175438596491
15,1,3,145.0,5.0,2.5,0.2,0.8,307.0175438596491
16,1,3,155.0,5.0,2.5,0.2,0.8,307.0175438596491
17,1,3,165.0,5.0,2.5,0.2,0.8,307.0175438596491
18,1,3,175.0,5.0,2.5,0.2,0.8,307.0175438596491
19,1,3,185.0,5.0,2.5,0.2,0.8,307.0175438596491
20,1,3,195.0,5.0,2.5,0.2,0.8,307.0175438596491
21,1,3,205.0,5.0,2.5,0.2,0.8,307.0175438596491
22,1,3,215.0,5.0,2.5,0.2,0.8,307.0175438596491
23,1,3,225.0,5.0,2.5,0.2,0.8,307.0175438596491
24,1,3,235.0,5.0,2.5,0.2,0.8,307.0175438596491
25,1,3,245.0,5.0,2.5,0.2,0.8,307.0175438596491
26,1,3,255.0,5.0,2.5,0.2,0.8,307.0175438596491
27,1,3,265.0,5.0,2.5,0.2,0.8,307.0175438596491
28,1,3,275.0,5.0,2.5,0.2,0.8,307.0175438596491
29,1,3,285.0,5.0,2.5,0.2,0.8,307.0175438596491
30,1,3,295.0,5.0,2.5,0.2,0.8,307.0175438596491
31,1,3,305.0,5.0,2.5,0.2,0.8,307.0175438596491
32,1,3,315.0,5.0,2.5,0.2,0.8,307.0175438596491
33,1,3,325.0,5.0,2.5,0.2,0.8,307.0175438596491
34,1,3,335.0,5.0,2.5,0.2,0.8,307.0175438596491
35,1,3,345.0,5.0,2.5,0.2,0.8,307.0175438596491
36,1,3,355.0,5.0,2.5,0.2,0.8,307.0175438596491
37,1,3,365.0,5.0,2.5,0.2,0.8,307.0175438596491
38,1,3,375.0,5.0,2.5,0.2,0.8,307.0175438596491
39,1,3,385.0,5.0,2.5,0.2,0.8,307.0175438596491
40,1,3,395.0,5.0,2.5,0.2,0.8,307.0175438596491
41,1,3,405.0,5.0,2.5,0.2,0.8,307.0175438596491
42,1,3,415.0,5.0,2.5,0.2,0.8,307.0175438596491
43,1,3,425.0,5.0,2.5,0.2,0.8,307.0175438596491
44,1,3,435.0,5.0,2.5,0.2,0.8,307.0175438596491
45,1,3,445.0,5.0,2.5,0.2,0.8,307.0175438596491
46,1,3,455.0,5.0,2.5,0.2,0.8,307.0175438596491
47,1,3,465.0,5.0,2.5,0.2,0.8,307.0175438596491
48,1,3,475.0,5.0,2.5,0.2,0.8,307.0175438596491
49,1,3,485.0,5.0,2.5,0.2,0.8,307.0175438596491
50,1,3,495.0,5.0,2.5,0.2,0.8,307.0175438596491
1,2,3,5.0,15.0,2.5,0.2,0.8,307.0175438596491
2,2,3,15.0,15.0,2.5,0.2,0.8,307.0175438596491
3,2,3,25.0,15.0,2.5,0.2,0.8,307.0175438596491
4,2,3,35.0,15.0,2.5,0.2,0.8,307.0175438596491
5,2,3,45.0,15.0,2.5,0.2,0.8,307.0175438596491
6,2,3,55.0,15.0,2.5,0.2,0.8,307.0175438596491
7,2,3,65.0,15.0,2.5,0.2,0.8,307.0175438596491
8,2,3,75.0,15.0,2.5,0.2,0.8,307.0175438596491
9,2,3,85.0,15.0,2.5,0.2,0.8,307.0175438596491
10,2,3,95.0,15.0,2.5,0.2,0.8,307.0175438596491
11,2,3,105.0,15.0,2.5,0.2,0.8,307.0175438596491
12,2,3,115.0,15.0,2.5,0.2,0.8,307.0175438596491
13,2,3,125.0,15.0,2.5,0.2,0.8,307.0175438596491
14,2,3,135.0,15.0,2.5,0.2,0.8,307.0175438596491
15,2,3,145.0,15.0,2.5,0.2,0.8,307.0175438596491
16,2,3,155.0,15.0,2.5,0.2,0.8,307.0175438596491
17,2,3,165.0,15.0,2.5,0.2,0.8,307.0175438596491
18,2,3,175.0,15.0,2.5,0.2,0.8,307.0175438596491
19,2,3,185.0,15.0,2.5,0.2,0.8,307.0175438596491
20,2,3,195.0,15.0,2.5,0.2,0.8,307.0175438596491
21,2,3,205.0,15.0,2.5,0.2,0.8,307.0175438596491
22,2,3,215.0,15.0,2.5,0.2,0.8,307.0175438596491
23,2,3,225.0,15.0,2.5,0.2,0.8,307.0175438596491
24,2,3,235.0,15.0,2.5,0.2,0.8,307.0175438596491
25,2,3,245.0,15.0,2.5,0.2,0.8,307.0175438596491
26,2,3,255.0,15.0,2.5,0.2,0.8,307.0175438596491
27,2,3,265.0,15.0,2.5,0.2,0.8,307.0175438596491
28,2,3,275.0,15.0,2.5,0.2,0.8,307.0175438596491
29,2,3,285.0,15.0,2.5,0.2,0.8,307.0175438596491
30,2,3,295.0,15.0,2.5,0.2,0.8,307.0175438596491
31,2,3,305.0,15.0,2.5,0.2,0.8,307.0175438596491
32,2,3,315.0,15.0,2.5,0.2,0.8,307.0175438596491
33,2,3,325.0,15.0,2.5,0.2,0.8,307.0175438596491
34,2,3,335.0,15.0,2.5,0.2,0.8,307.0175438596491
35,2,3,345.0,15.0,2.5,0.2,0.8,307.0175438596491
36,2,3,355.0,15.0,2.5,0.2,0.8,307.0175438596491
37,2,3,365.0,15.0,2.5,0.2,0.8,307.0175438596491
38,2,3,375.0,15.0,2.5,0.2,0.8,307.0175438596491
39,2,3,385.0,15.0,2.5,0.2,0.8,307.0175438596491
40,2,3,395.0,15.0,2.5,0.2,0.8,307.0175438596491
41,2,3,405.0,15.0,2.5,0.2,0.8,307.0175438596491
42,2,3,415.0,15.0,2.5,0.2,0.8,307.0175438596491
43,2,3,425.0,15.0,2.5,0.2,0.8,307.0175438596491
44,2,3,435.0,15.0,2.5,0.2,0.8,307.0175438596491
45,2,3,445.0,15.0,2.5,0.2,0.8,307.0175438596491
46,2,3,455.0,15.0,2.5,0.2,0.8,307.0175438596491
47,2,3,465.0,15.0,2.5,0.2,0.8,307.0175438596491
48,2,3,475.0,15.0,2.5,0.2,0.8,307.0175438596491
49,2,3,485.0,15.0,2.5,0.2,0.8,307.0175438596491
50,2,3,495.0,15.0,2.5,0.2,0.8,307.0175438596491
1,3,3,5.0,25.0,2.5,0.2,0.8,307.0175438596491
2,3,3,15.0,25.0,2.5,0.2,0.8,307.0175438596491
3,3,3,25.0,25.0,2.5,0.2,0.8,307.0175438596491
4,3,3,35.0,25.0,2.5,0.2,0.8,307.0175438596491
5,3,3,45.0,25.0,2.5,0.2,0.8,307.0175438596491
6,3,3,55.0,25.0,2.5,0.2,0.8,307.0175438596491
7,3,3,65.0,25.0,2.5,0.2,0.8,307.0175438596491
8,3,3,75.0,25.0,2.5,0.2,0.8,307.0175438596491
9,3,3,85.0,25.0,2.5,0.2,0.8,307.0175438596491
10,3,3,95.0,25.0,2.5,0.2,0.8,307.0175438596491
11,3,3,105.0,25.0,2.5,0.2,0.8,307.0175438596491
12,3,3,115.0,25.0,2.5,0.2,0.8,307.0175438596491
13,3,3,125.0,25.0,2.5,0.2,0.8,307.0175438596491
14,3,3,135.0,25.0,2.5,0.2,0.8,307.0175438596491
15,3,3,145.0,25.0,2.5,0.2,0.8,307.0175438596491
16,3,3,155.0,25.0,2.5,0.2,0.8,307.0175438596491
17,3,3,165.0,25.0,2.5,0.2,0.8,307.0175438596491
18,3,3,175.0,25.0,2.5,0.2,0.8,307.0175438596491
19,3,3,185.0,25.0,2.5,0.2,0.8,307.0175438596491
20,3,3,195.0,25.0,2.5,0.2,0.8,307.0175438596491
21,3,3,205.0,25.0,2.5,0.2,0.8,307.0175438596491
22,3,3,215.0,25.0,2.5,0.2,0.8,307.0175438596491
23,3,3,225.0,25.0,2.5,0.2,0.8,307.0175438596491
24,3,3,235.0,25.0,2.5,0.2,0.8,307.0175438596491
25,3,3,245.0,25.0,2.5,0.2,0.8,307.0175438596491
26,3,3,255.0,25.0,2.5,0.2,0.8,307.0175438596491
27,3,3,265.0,25.0,2.5,0.2,0.8,307.0175438596491
28,3,3,275.0,25.0,2.5,0.2,0.8,307.0175438596491
29,3,3,285.0,25.0,2.5,0.2,0.8,307.0175438596491
30,3,3,295.0,25.0,2.5,0.2,0.8,307.0175438596491
31,3,3,305.0,25.0,2.5,0.2,0.8,307.0175438596491
32,3,3,315.0,25.0,2.5,0.2,0.8,307.0175438596491
33,3,3,325.0,25.0,2.5,0.2,0.8,307.0175438596491
34,3,3,335.0,25.0,2.5,0.2,0.8,307.0175438596491
35,3,3,345.0,25.0,2.5,0.2,0.8,307.0175438596491
36,3,3,355.0,25.0,2.5,0.2,0.8,307.0175438596491
37,3,3,365.0,25.0,2.5,0.2,0.8,307.0175438596491
38,3,3,375.0,25.0,2.5,0.2,0.8,307.0175438596491
39,3,3,385.0,25.0,2.5,0.2,0.8,307.0175438596491
40,3,3,395.0,25.0,2.5,0.2,0.8,307.0175438596491
41,3,3,405.0,25.0,2.5,0.2,0.8,307.0175438596491
42,3,3,415.0,25.0,2.5,0.2,0.8,307.0175438596491
43,3,3,425.0,25.0,2.5,0.2,0.8,307.0175438596491
44,3,3,435.0,25.0,2.5,0.2,0.8,307.0175438596491
45,3,3,445.0,25.0,2.5,0.2,0.8,307.0175438596491
46,3,3,455.0,25.0,2.5,0.2,0.8,307.0175438596491
47,3,3,465.0,25.0,2.5,0.2,0.8,307.0175438596491
48,3,3,475.0,25.0,2.5,0.2,0.8,307.0175438596491
49,3,3,485.0,25.0,2.5,0.2,0.8,307.0175438596491
50,3,3,495.0,25.0,2.5,0.2,0.8,307.0175438596491
1,4,3,5.0,35.0,2.5,0.2,0.8,307.0175438596491
2,4,3,15.0,35.0,2.5,0.2,0.8,307.0175438596491
3,4,3,25.0,35.0,2.5,0.2,0.8,307.0175438596491
4,4,3,35.0,35.0,2.5,0.2,0.8,307.0175438596491
5,4,3,45.0,35.0,2.5,0.2,0.8,307.0175438596491
6,4,3,55.0,35.0,2.5,0.2,0.8,307.0175438596491
7,4,3,65.0,35.0,2.5,0.2,0.8,307.0175438596491
8,4,3,75.0,35.0,2.5,0.2,0.8,307.0175438596491
9,4,3,85.0,35.0,2.5,0.2,0.8,307.0175438596491
10,4,3,95.0,35.0,2.5,0.2,0.8,307.0175438596491
11,4,3,105.0,35.0,2.5,0.2,0.8,307.0175438596491
12,4,3,115.0,35.0,2.5,0.2,0.8,307.0175438596491
13,4,3,125.0,35.0,2.5,0.2,0.8,307.0175438596491
14,4,3,135.0,35.0,2.5,0.2,0.8,307.0175438596491
15,4,3,145.0,35.0,2.5,0.2,0.8,307.0175438596491
16,4,3,155.0,35.0,2.5,0.2,0.8,307.0175438596491
17,4,3,165.0,35.0,2.5,0.2,0.8,307.0175438596491
18,4,3,175.0,35.0,2.5,0.2,0.8,307.0175438596491
19,4,3,185.0,35.0,2.5,0.2,0.8,307.0175438596491
20,4,3,195.0,35.0,2.5,0.2,0.8,307.0175438596491
21,4,3,205.0,35.0,2.5,0.2,0.8,307.0175438596491
22,4,3,215.0,35.0,2.5,0.2,0.8,307.0175438596491
23,4,3,225.0,35.0,2.5,0.2,0.8,307.0175438596491
24,4,3,235.0,35.0,2.5,0.2,0.8,307.0175438596491
25,4,3,245.0,35.0,2.5,0.2,0.8,307.0175438596491
26,4,3,255.0,35.0,2.5,0.2,0.8,307.0175438596491
27,4,3,265.0,35.0,2.5,0.2,0.8,307.0175438596491
28,4,3,275.0,35.0,2.5,0.2,0.8,307.0175438596491
29,4,3,285.0,35.0,2.5,0.2,0.8,307.0175438596491
30,4,3,295.0,35.0,2.5,0.2,0.8,307.0175438596491
31,4,3,305.0,35.0,2.5,0.2,0.8,307.0175438596491
32,4,3,315.0,35.0,2.5,0.2,0.8,307.0175438596491
33,4,3,325.0,35.0,2.5,0.2,0.8,307.0175438596491
34,4,3,335.0,35.0,2.5,0.2,0.8,307.0175438596491
35,4,3,345.0,35.0,2.5,0.2,0.8,307.0175438596491
36,4,3,355.0,35.0,2.5,0.2,0.8,307.0175438596491
37,4,3,365.0,35.0,2.5,0.2,0.8,307.0175438596491
38,4,3,375.0,35.0,2.5,0.2,0.8,307.0175438596491
39,4,3,385.0,35.0,2.5,0.2,0.8,307.0175438596491
40,4,3,395.0,35.0,2.5,0.2,0.8,307.0175438596491
41,4,3,405.0,35.0,2.5,0.2,0.8,307.0175438596491
42,4,3,415.0,35.0,2.5,0.2,0.8,307.0175438596491
43,4,3,425.0,35.0,2.5,0.2,0.8,307.0175438596491
44,4,3,435.0,35.0,2.5,0.2,0.8,307.0175438596491
45,4,3,445.0,35.0,2.5,0.2,0.8,307.0175438596491
46,4,3,455.0,35.0,2.5,0.2,0.8,307.0175438596491
47,4,3,465.0,35.0,2.5,0.2,0.8,307.0175438596491
48,4,3,475.0,35.0,2.5,0.2,0.8,307.0175438596491
49,4,3,485.0,35.0,2.5,0.2,0.8,307.0175438596491
50,4,3,495.0,35.0,2.5,0.2,0.8,307.0175438596491
1,5,3,5.0,45.0,2.5,0.2,0.8,307.0175438596491
2,5,3,15.0,45.0,2.5,0.2,0.8,307.0175438596491
3,5,3,25.0,45.0,2.5,0.2,0.8,307.0175438596491
4,5,3,35.0,45.0,2.5,0.2,0.8,307.0175438596491
5,5,3,45.0,45.0,2.5,0.2,0.8,307.0175438596491
6,5,3,55.0,45.0,2.5,0.2,0.8,307.0175438596491
7,5,3,65.0,45.0,2.5,0.2,0.8,307.0175438596491
8,5,3,75.0,45.0,2.5,0.2,0.8,307.0175438596491
9,5,3,85.0,45.0,2.5,0.2,0.8,307.0175438596491
10,5,3,95.0,45.0,2.5,0.2,0.8,307.0175438596491
11,5,3,105.0,45.0,2.5,0.2,0.8,307.0175438596491
12,5,3,115.0,45.0,2.5,0.2,0.8,307.0175438596491
13,5,3,125.0,45.0,2.5,0.2,0.8,307.0175438596491
14,5,3,135.0,45.0,2.5,0.2,0.8,307.0175438596491
15,5,3,145.0,45.0,2.5,0.2,0.8,307.0175438596491
16,5,3,155.0,45.0,2.5,0.2,0.8,307.0175438596491
17,5,3,165.0,45.0,2.5,0.2,0.8,307.0175438596491
18,5,3,175.0,45.0,2.5,0.2,0.8,307.0175438596491
19,5,3,185.0,45.0,2.5,0.2,0.8,307.0175438596491
20,5,3,195.0,45.0,2.5,0.2,0.8,307.0175438596491
21,5,3,205.0,45.0,2.5,0.2,0.8,307.0175438596491
22,5,3,215.0,45.0,2.5,0.2,0.8,307.0175438596491
23,5,3,225.0,45.0,2.5,0.2,0.8,307.0175438596491
24,5,3,235.0,45.0,2.5,0.2,0.8,307.0175438596491
25,5,3,245.0,45.0,2.5,0.2,0.8,307.0175438596491
26,5,3,255.0,45.0,2.5,0.2,0.8,307.0175438596491
27,5,3,265.0,45.0,2.5,0.2,0.8,307.0175438596491
28,5,3,275.0,45.0,2.5,0.2,0.8,307.0175438596491
29,5,3,285.0,45.0,2.5,0.2,0.8,307.0175438596491
30,5,3,295.0,45.0,2.5,0.2,0.8,307.0175438596491
31,5,3,305.0,45.0,2.5,0.2,0.8,307.0175438596491
32,5,3,315.0,45.0,2.5,0.2,0.8,307.0175438596491
33,5,3,325.0,45.0,2.5,0.2,0.8,307.0175438596491
34,5,3,335.0,45.0,2.5,0.2,0.8,307.0175438596491
35,5,3,345.0,45.0,2.5,0.2,0.8,307.0175438596491
36,5,3,355.0,45.0,2.5,0.2,0.8,307.0175438596491
37,5,3,365.0,45.0,2.5,0.2,0.8,307.0175438596491
38,5,3,375.0,45.0,2.5,0.2,0.8,307.0175438596491
39,5,3,385.0,45.0,2.5,0.2,0.8,307.0175438596491
40,5,3,395.0,45.0,2.5,0.2,0.8,307.0175438596491
41,5,3,405.0,45.0,2.5,0.2,0.8,307.0175438596491
42,5,3,415.0,45.0,2.5,0.2,0.8,307.0175438596491
43,5,3,425.0,45.0,2.5,0.2,0.8,307.0175438596491
44,5,3,435.0,45.0,2.5,0.2,0.8,307.0175438596491
45,5,3,445.0,45.0,2.5,0.2,0.8,307.0175438596491
46,5,3,455.0,45.0,2.5,0.2,0.8,307.0175438596491
47,5,3,465.0,45.0,2.5,0.2,0.8,307.0175438596491
48,5,3,475.0,45.0,2.5,0.2,0.8,307.0175438596491
49,5,3,485.0,45.0,2.5,0.2,0.8,307.0175438596491
50,5,3,495.0,45.0,2.5,0.2,0.8,307.0175438596491
1,6,3,5.0,55.0,2.5,0.2,0.8,307.0175438596491
2,6,3,15.0,55.0,2.5,0.2,0.8,307.0175438596491
3,6,3,25.0,55.0,2.5,0.2,0.8,307.0175438596491
4,6,3,35.0,55.0,2.5,0.2,0.8,307.0175438596491
5,6,3,45.0,55.0,2.5,0.2,0.8,307.0175438596491
6,6,3,55.0,55.0,2.5,0.2,0.8,307.0175438596491
7,6,3,65.0,55.0,2.5,0.2,0.8,307.0175438596491
8,6,3,75.0,55.0,2.5,0.2,0.8,307.0175438596491
9,6,3,85.0,55.0,2.5,0.2,0.8,307.0175438596491
10,6,3,95.0,55.0,2.5,0.2,0.8,307.0175438596491
11,6,3,105.0,55.0,2.5,0.2,0.8,307.0175438596491
12,6,3,115.0,55.0,2.5,0.2,0.8,307.0175438596491
13,6,3,125.0,55.0,2.5,0.2,0.8,307.0175438596491
14,6,3,135.0,55.0,2.5,0.2,0.8,307.0175438596491
15,6,3,145.0,55.0,2.5,0.2,0.8,307.0175438596491
16,6,3,155.0,55.0,2.5,0.2,0.8,307.0175438596491
17,6,3,165.0,55.0,2.5,0.2,0.8,307.0175438596491
18,6,3,175.0,55.0,2.5,0.2,0.8,307.0175438596491
19,6,3,185.0,55.0,2.5,0.2,0.8,307.0175438596491
20,6,3,195.0,55.0,2.5,0.2,0.8,307.0175438596491
21,6,3,205.0,55.0,2.5,0.2,0.8,307.0175438596491
22,6,3,215.0,55.0,2.5,0.2,0.8,307.0175438596491
23,6,3,225.0,55.0,2.5,0.2,0.8,307.0175438596491
24,6,3,235.0,55.0,2.5,0.2,0.8,307.0175438596491
25,6,3,245.0,55.0,2.5,0.2,0.8,307.0175438596491
26,6,3,255.0,55.0,2.5,0.2,0.8,307.0175438596491
27,6,3,265.0,55.0,2.5,0.2,0.8,307.0175438596491
28,6,3,275.0,55.0,2.5,0.2,0.8,307.0175438596491
29,6,3,285.0,55.0,2.5,0.2,0.8,307.0175438596491
30,6,3,295.0,55.0,2.5,0.2,0.8,307.0175438596491
31,6,3,305.0,55.0,2.5,0.2,0.8,307.0175438596491
32,6,3,315.0,55.0,2.5,0.2,0.8,307.0175438596491
33,6,3,325.0,55.0,2.5,0.2,0.8,307.0175438596491
34,6,3,335.0,55.0,2.5,0.2,0.8,307.0175438596491
35,6,3,345.0,55.0,2.5,0.2,0.8,307.0175438596491
36,6,3,355.0,55.0,2.5,0.2,0.8,307.0175438596491
37,6,3,365.0,55.0,2.5,0.2,0.8,307.0175438596491
38,6,3,375.0,55.0,2.5,0.2,0.8,307.0175438596491
39,6,3,385.0,55.0,2.5,0.2,0.8,307.0175438596491
40,6,3,395.0,55.0,2.5,0.2,0.8,307.0175438596491
41,6,3,405.0,55.0,2.5,0.2,0.8,307.0175438596491
42,6,3,415.0,55.0,2.5,0.2,0.8,307.0175438596491
43,6,3,425.0,55.0,2.5,0.2,0.8,307.0175438596491
44,6,3,435.0,55.0,2.5,0.2,0.8,307.0175438596491
45,6,3,445.0,55.0,2.5,0.2,0.8,307.0175438596491
46,6,3,455.0,55.0,2.5,0.2,0.8,307.0175438596491
47,6,3,465.0,55.0,2.5,0.2,0.8,307.0175438596491
48,6,3,475.0,55.0,2.5,0.2,0.8,307.0175438596491
49,6,3,485.0,55.0,2.5,0.2,0.8,307.0175438596491
50,6,3,495.0,55.0,2.5,0.2,0.8,307.0175438596491
1,7,3,5.0,65.0,2.5,0.2,0.8,307.0175438596491
2,7,3,15.0,65.0,2.5,0.2,0.8,307.0175438596491
3,7,3,25.0,65.0,2.5,0.2,0.8,307.0175438596491
4,7,3,35.0,65.0,2.5,0.2,0.8,307.0175438596491
5,7,3,45.0,65.0,2.5,0.2,0.8,307.0175438596491
6,7,3,55.0,65.0,2.5,0.2,0.8,307.0175438596491
7,7,3,65.0,65.0,2.5,0.2,0.8,307.0175438596491
8,7,3,75.0,65.0,2.5,0.2,0.8,307.0175438596491
9,7,3,85.0,65.0,2.5,0.2,0.8,307.0175438596491
10,7,3,95.0,65.0,2.5,0.2,0.8,307.0175438596491
11,7,3,105.0,65.0,2.5,0.2,0.8,307.0175438596491
12,7,3,115.0,65.0,2.5,0.2,0.8,307.0175438596491
13,7,3,125.0,65.0,2.5,0.2,0.8,307.0175438596491
14,7,3,135.0,65.0,2.5,0.2,0.8,307.0175438596491
15,7,3,145.0,65.0,2.5,0.2,0.8,307.0175438596491
16,7,3,155.0,65.0,2.5,0.2,0.8,307.0175438596491
17,7,3,165.0,65.0,2.5,0.2,0.8,307.0175438596491
18,7,3,175.0,65.0,2.5,0.2,0.8,307.0175438596491
19,7,3,185.0,65.0,2.5,0.2,0.8,307.0175438596491
20,7,3,195.0,65.0,2.5,0.2,0.8,307.0175438596491
21,7,3,205.0,65.0,2.5,0.2,0.8,307.0175438596491
22,7,3,215.0,65.0,2.5,0.2,0.8,307.0175438596491
23,7,3,225.0,65.0,2.5,0.2,0.8,307.0175438596491
24,7,3,235.0,65.0,2.5,0.2,0.8,307.0175438596491
25,7,3,245.0,65.0,2.5,0.2,0.8,307.0175438596491
26,7,3,255.0,65.0,2.5,0.2,0.8,307.0175438596491
27,7,3,265.0,65.0,2.5,0.2,0.8,307.0175438596491
28,7,3,275.0,65.0,2.5,0.2,0.8,307.0175438596491
29,7,3,285.0,65.0,2.5,0.2,0.8,307.0175438596491
30,7,3,295.0,65.0,2.5,0.2,0.8,307.0175438596491
31,7,3,305.0,65.0,2.5,0.2,0.8,307.0175438596491
32,7,3,315.0,65.0,2.5,0.2,0.8,307.0175438596491
33,7,3,325.0,65.0,2.5,0.2,0.8,307.0175438596491
34,7,3,335.0,65.0,2.5,0.2,0.8,307.0175438596491
35,7,3,345.0,65.0,2.5,0.2,0.8,307.0175438596491
36,7,3,355.0,65.0,2.5,0.2,0.8,307.0175438596491
37,7,3,365.0,65.0,2.5,0.2,0.8,307.0175438596491
38,7,3,375.0,65.0,2.5,0.2,0.8,307.0175438596491
39,7,3,385.0,65.0,2.5,0.2,0.8,307.0175438596491
40,7,3,395.0,65.0,2.5,0.2,0.8,307.0175438596491
41,7,3,405.0,65.0,2.5,0.2,0.8,307.0175438596491
42,7,3,415.0,65.0,2.5,0.2,0.8,307.0175438596491
43,7,3,425.0,65.0,2.5,0.2,0.8,307.0175438596491
44,7,3,435.0,65.0,2.5,0.2,0.8,307.0175438596491
45,7,3,445.0,65.0,2.5,0.2,0.8,307.0175438596491
46,7,3,455.0,65.0,2.5,0.2,0.8,307.0175438596491
47,7,3,465.0,65.0,2.5,0.2,0.8,307.0175438596491
48,7,3,475.0,65.0,2.5,0.2,0.8,307.0175438596491
49,7,3,485.0,65.0,2.5,0.2,0.8,307.0175438596491
50,7,3,495.0,65.0,2.5,0.2,0.8,307.0175438596491
1,8,3,5.0,75.0,2.5,0.2,0.8,307.0175438596491
2,8,3,15.0,75.0,2.5,0.2,0.8,307.0175438596491
3,8,3,25.0,75.0,2.5,0.2,0.8,307.0175438596491
4,8,3,35.0,75.0,2.5,0.2,0.8,307.0175438596491
5,8,3,45.0,75.0,2.5,0.2,0.8,307.0175438596491
6,8,3,55.0,75.0,2.5,0.2,0.8,307.0175438596491
7,8,3,65.0,75.0,2.5,0.2,0.8,307.0175438596491
8,8,3,75.0,75.0,2.5,0.2,0.8,307.0175438596491
9,8,3,85.0,75.0,2.5,0.2,0.8,307.0175438596491
10,8,3,95.0,75.0,2.5,0.2,0.8,307.0175438596491
11,8,3,105.0,75.0,2.5,0.2,0.8,307.0175438596491
12,8,3,115.0,75.0,2.5,0.2,0.8,307.0175438596491
13,8,3,125.0,75.0,2.5,0.2,0.8,307.0175438596491
14,8,3,135.0,75.0,2.5,0.2,0.8,307.0175438596491
15,8,3,145.0,75.0,2.5,0.2,0.8,307.0175438596491
16,8,3,155.0,75.0,2.5,0.2,0.8,307.0175438596491
17,8,3,165.0,75.0,2.5,0.2,0.8,307.0175438596491
18,8,3,175.0,75.0,2.5,0.2,0.8,307.0175438596491
19,8,3,185.0,75.0,2.5,0.2,0.8,307.0175438596491
20,8,3,195.0,75.0,2.5,0.2,0.8,307.0175438596491
21,8,3,205.0,75.0,2.5,0.2,0.8,307.0175438596491
22,8,3,215.0,75.0,2.5,0.2,0.8,307.0175438596491
23,8,3,225.0,75.0,2.5,0.2,0.8,307.0175438596491
24,8,3,235.0,75.0,2.5,0.2,0.8,307.0175438596491
25,8,3,245.0,75.0,2.5,0.2,0.8,307.0175438596491
26,8,3,255.0,75.0,2.5,0.2,0.8,307.0175438596491
27,8,3,265.0,75.0,2.5,0.2,0.8,307.0175438596491
28,8,3,275.0,75.0,2.5,0.2,0.8,307.0175438596491
29,8,3,285.0,75.0,2.5,0.2,0.8,307.0175438596491
30,8,3,295.0,75.0,2.5,0.2,0.8,307.0175438596491
31,8,3,305.0,75.0,2.5,0.2,0.8,307.0175438596491
32,8,3,315.0,75.0,2.5,0.2,0.8,307.0175438596491
33,8,3,325.0,75.0,2.5,0.2,0.8,307.0175438596491
34,8,3,335.0,75.0,2.5,0.2,0.8,307.0175438596491
35,8,3,345.0,75.0,2.5,0.2,0.8,307.0175438596491
36,8,3,355.0,75.0,2.5,0.2,0.8,307.0175438596491
37,8,3,365.0,75.0,2.5,0.2,0.8,307.0175438596491
38,8,3,375.0,75.0,2.5,0.2,0.8,307.0175438596491
39,8,3,385.0,75.0,2.5,0.2,0.8,307.0175438596491
40,8,3,395.0,75.0,2.5,0.2,0.8,307.0175438596491
41,8,3,405.0,75.0,2.5,0.2,0.8,307.0175438596491
42,8,3,415.0,75.0,2.5,0.2,0.8,307.0175438596491
43,8,3,425.0,75.0,2.5,0.2,0.8,307.0175438596491
44,8,3,435.0,75.0,2.5,0.2,0.8,307.0175438596491
45,8,3,445.0,75.0,2.5,0.2,0.8,307.0175438596491
46,8,3,455.0,75.0,2.5,0.2,0.8,307.0175438596491
47,8,3,465.0,75.0,2.5,0.2,0.8,307.0175438596491
48,8,3,475.0,75.0,2.5,0.2,0.8,307.0175438596491
49,8,3,485.0,75.0,2.5,0.2,0.8,307.0175438596491
50,8,3,495.0,75.0,2.5,0.2,0.8,307.0175438596491
1,9,3,5.0,85.0,2.5,0.2,0.8,307.0175438596491
2,9,3,15.0,85.0,2.5,0.2,0.8,307.0175438596491
3,9,3,25.0,85.0,2.5,0.2,0.8,307.0175438596491
4,9,3,35.0,85.0,2.5,0.2,0.8,307.0175438596491
5,9,3,45.0,85.0,2.5,0.2,0.8,307.0175438596491
6,9,3,55.0,85.0,2.5,0.2,0.8,307.0175438596491
7,9,3,65.0,85.0,2.5,0.2,0.8,307.0175438596491
8,9,3,75.0,85.0,2.5,0.2,0.8,307.0175438596491
9,9,3,85.0,85.0,2.5,0.2,0.8,307.0175438596491
10,9,3,95.0,85.0,2.5,0.2,0.8,307.0175438596491
11,9,3,105.0,85.0,2.5,0.2,0.8,307.0175438596491
12,9,3,115.0,85.0,2.5,0.2,0.8,307.0175438596491
13,9,3,125.0,85.0,2.5,0.2,0.8,307.0175438596491
14,9,3,135.0,85.0,2.5,0.2,0.8,307.0175438596491
15,9,3,145.0,85.0,2.5,0.2,0.8,307.0175438596491
16,9,3,155.0,85.0,2.5,0.2,0.8,307.0175438596491
17,9,3,165.0,85.0,2.5,0.2,0.8,307.0175438596491
18,9,3,175.0,85.0,2.5,0.2,0.8,307.0175438596491
19,9,3,185.0,85.0,2.5,0.2,0.8,307.0175438596491
20,9,3,195.0,85.0,2.5,0.2,0.8,307.0175438596491
21,9,3,205.0,85.0,2.5,0.2,0.8,307.0175438596491
22,9,3,215.0,85.0,2.5,0.2,0.8,307.0175438596491
23,9,3,225.0,85.0,2.5,0.2,0.8,307.0175438596491
24,9,3,235.0,85.0,2.5,0.2,0.8,307.0175438596491
25,9,3,245.0,85.0,2.5,0.2,0.8,307.0175438596491
26,9,3,255.0,85.0,2.5,0.2,0.8,307.0175438596491
27,9,3,265.0,85.0,2.5,0.2,0.8,307.0175438596491
28,9,3,275.0,85.0,2.5,0.2,0.8,307.0175438596491
29,9,3,285.0,85.0,2.5,0.2,0.8,307.0175438596491
30,9,3,295.0,85.0,2.5,0.2,0.8,307.0175438596491
31,9,3,305.0,85.0,2.5,0.2,0.8,307.0175438596491
32,9,3,315.0,85.0,2.5,0.2,0.8,307.0175438596491
33,9,3,325.0,85.0,2.5,0.2,0.8,307.0175438596491
34,9,3,335.0,85.0,2.5,0.2,0.8,307.0175438596491
35,9,3,345.0,85.0,2.5,0.2,0.8,307.0175438596491
36,9,3,355.0,85.0,2.5,0.2,0.8,307.0175438596491
37,9,3,365.0,85.0,2.5,0.2,0.8,307.0175438596491
38,9,3,375.0,85.0,2.5,0.2,0.8,307.0175438596491
39,9,3,385.0,85.0,2.5,0.2,0.8,307.0175438596491
40,9,3,395.0,85.0,2.5,0.2,0.8,307.0175438596491
41,9,3,405.0,85.0,2.5,0.2,0.8,307.0175438596491
42,9,3,415.0,85.0,2.5,0.2,0.8,307.0175438596491
43,9,3,425.0,85.0,2.5,0.2,0.8,307.0175438596491
44,9,3,435.0,85.0,2.5,0.2,0.8,307.0175438596491
45,9,3,445.0,85.0,2.5,0.2,0.8,307.0175438596491
46,9,3,455.0,85.0,2.5,0.2,0.8,307.0175438596491
47,9,3,465.0,85.0,2.5,0.2,0.8,307.0175438596491
48,9,3,475.0,85.0,2.5,0.2,0.8,307.0175438596491
49,9,3,485.0,85.0,2.5,0.2,0.8,307.0175438596491
50,9,3,495.0,85.0,2.5,0.2,0.8,307.0175438596491
1,10,3,5.0,95.0,2.5,0.2,0.8,307.0175438596491
2,10,3,15.0,95.0,2.5,0.2,0.8,307.0175438596491
3,10,3,25.0,95.0,2.5,0.2,0.8,307.0175438596491
4,10,3,35.0,95.0,2.5,0.2,0.8,307.0175438596491
5,10,3,45.0,95.0,2.5,0.2,0.8,307.0175438596491
6,10,3,55.0,95.0,2.5,0.2,0.8,307.0175438596491
7,10,3,65.0,95.0,2.5,0.2,0.8,307.0175438596491
8,10,3,75.0,95.0,2.5,0.2,0.8,307.0175438596491
9,10,3,85.0,95.0,2.5,0.2,0.8,307.0175438596491
10,10,3,95.0,95.0,2.5,0.2,0.8,307.0175438596491
11,10,3,105.0,95.0,2.5,0.2,0.8,307.0175438596491
12,10,3,115.0,95.0,2.5,0.2,0.8,307.0175438596491
13,10,3,125.0,95.0,2.5,0.2,0.8,307.0175438596491
14,10,3,135.0,95.0,2.5,0.2,0.8,307.0175438596491
15,10,3,145.0,95.0,2.5,0.2,0.8,307.0175438596491
16,10,3,155.0,95.0,2.5,0.2,0.8,307.0175438596491
17,10,3,165.0,95.0,2.5,0.2,0.8,307.0175438596491
18,10,3,175.0,95.0,2.5,0.2,0.8,307.0175438596491
19,10,3,185.0,95.0,2.5,0.2,0.8,307.0175438596491
20,10,3,195.0,95.0,2.5,0.2,0.8,307.0175438596491
21,10,3,205.0,95.0,2.5,0.2,0.8,307.0175438596491
22,10,3,215.0,95.0,2.5,0.2,0.8,307.0175438596491
23,10,3,225.0,95.0,2.5,0.2,0.8,307.0175438596491
24,10,3,235.0,95.0,2.5,0.2,0.8,307.0175438596491
25,10,3,245.0,95.0,2.5,0.2,0.8,307.0175438596491
26,10,3,255.0,95.0,2.5,0.2,0.8,307.0175438596491
27,10,3,265.0,95.0,2.5,0.2,0.8,307.0175438596491
28,10,3,275.0,95.0,2.5,0.2,0.8,307.0175438596491
29,10,3,285.0,95.0,2.5,0.2,0.8,307.0175438596491
30,10,3,295.0,95.0,2.5,0.2,0.8,307.0175438596491
31,10,3,305.0,95.0,2.5,0.2,0.8,307.0175438596491
32,10,3,315.0,95.0,2.5,0.2,0.8,307.0175438596491
33,10,3,325.0,95.0,2.5,0.2,0.8,307.0175438596491
34,10,3,335.0,95.0,2.5,0.2,0.8,307.0175438596491
35,10,3,345.0,95.0,2.5,0.2,0.8,307.0175438596491
36,10,3,355.0,95.0,2.5,0.2,0.8,307.0175438596491
37,10,3,365.0,95.0,2.5,0.2,0.8,307.0175438596491
38,10,3,375.0,95.0,2.5,0.2,0.8,307.0175438596491
39,10,3,385.0,95.0,2.5,0.2,0.8,307.0175438596491
40,10,3,395.0,95.0,2.5,0.2,0.8,307.0175438596491
41,10,3,405.0,95.0,2.5,0.2,0.8,307.0175438596491
42,10,3,415.0,95.0,2.5,0.2,0.8,307.0175438596491
43,10,3,425.0,95.0,2.5,0.2,0.8,307.0175438596491
44,10,3,435.0,95.0,2.5,0.2,0.8,307.0175438596491
45,10,3,445.0,95.0,2.5,0.2,0.8,307.0175438596491
46,10,3,455.0,95.0,2.5,0.2,0.8,307.0175438596491
47,10,3,465.0,95.0,2.5,0.2,0.8,307.0175438596491
48,10,3,475.0,95.0,2.5,0.2,0.8,307.0175438596491
49,10,3,485.0,95.0,2.5,0.2,0.8,307.0175438596491
50,10,3,495.0,95.0,2.5,0.2,0.8,307.0175438596491
1,1,4,5.0,5.0,3.5,0.2,0.8,377.1929824561403
2,1,4,15.0,5.0,3.5,0.2,0.8,377.1929824561403
3,1,4,25.0,5.0,3.5,0.2,0.8,377.1929824561403
4,1,4,35.0,5.0,3.5,0.2,0.8,377.1929824561403
5,1,4,45.0,5.0,3.5,0.2,0.8,377.1929824561403
6,1,4,55.0,5.0,3.5,0.2,0.8,377.1929824561403
7,1,4,65.0,5.0,3.5,0.2,0.8,377.1929824561403
8,1,4,75.0,5.0,3.5,0.2,0.8,377.1929824561403
9,1,4,85.0,5.0,3.5,0.2,0.8,377.1929824561403
10,1,4,95.0,5.0,3.5,0.2,0.8,377.1929824561403
11,1,4,105.0,5.0,3.5,0.2,0.8,377.1929824561403
12,1,4,115.0,5.0,3.5,0.2,0.8,377.1929824561403
13,1,4,125.0,5.0,3.5,0.2,0.8,377.1929824561403
14,1,4,135.0,5.0,3.5,0.2,0.8,377.1929824561403
15,1,4,145.0,5.0,3.5,0.2,0.8,377.1929824561403
16,1,4,155.0,5.0,3.5,0.2,0.8,377.1929824561403
17,1,4,165.0,5.0,3.5,0.2,0.8,377.1929824561403
18,1,4,175.0,5.0,3.5,0.2,0.8,377.1929824561403
19,1,4,185.0,5.0,3.5,0.2,0.8,377.1929824561403
20,1,4,195.0,5.0,3.5,0.2,0.8,377.1929824561403
21,1,4,205.0,5.0,3.5,0.2,0.8,377.1929824561403
22,1,4,215.0,5.0,3.5,0.2,0.8,377.1929824561403
23,1,4,225.0,5.0,3.5,0.2,0.8,377.1929824561403
24,1,4,235.0,5.0,3.5,0.2,0.8,377.1929824561403
25,1,4,245.0,5.0,3.5,0.2,0.8,377.1929824561403
26,1,4,255.0,5.0,3.5,0.2,0.8,377.1929824561403
27,1,4,265.0,5.0,3.5,0.2,0.8,377.1929824561403
28,1,4,275.0,5.0,3.5,0.2,0.8,377.1929824561403
29,1,4,285.0,5.0,3.5,0.2,0.8,377.1929824561403
30,1,4,295.0,5.0,3.5,0.2,0.8,377.1929824561403
31,1,4,305.0,5.0,3.5,0.2,0.8,377.1929824561403
32,1,4,315.0,5.0,3.5,0.2,0.8,377.1929824561403
33,1,4,325.0,5.0,3.5,0.2,0.8,377.1929824561403
34,1,4,335.0,5.0,3.5,0.2,0.8,377.1929824561403
35,1,4,345.0,5.0,3.5,0.2,0.8,377.1929824561403
36,1,4,355.0,5.0,3.5,0.2,0.8,377.1929824561403
37,1,4,365.0,5.0,3.5,0.2,0.8,377.1929824561403
38,1,4,375.0,5.0,3.5,0.2,0.8,377.1929824561403
39,1,4,385.0,5.0,3.5,0.2,0.8,377.1929824561403
40,1,4,395.0,5.0,3.5,0.2,0.8,377.1929824561403
41,1,4,405.0,5.0,3.5,0.2,0.8,377.1929824561403
42,1,4,415.0,5.0,3.5,0.2,0.8,377.1929824561403
43,1,4,425.0,5.0,3.5,0.2,0.8,377.1929824561403
44,1,4,435.0,5.0,3.5,0.2,0.8,377.1929824561403
45,1,4,445.0,5.0,3.5,0.2,0.8,377.1929824561403
46,1,4,455.0,5.0,3.5,0.2,0.8,377.1929824561403
47,1,4,465.0,5.0,3.5,0.2,0.8,377.1929824561403
48,1,4,475.0,5.0,3.5,0.2,0.8,377.1929824561403
49,1,4,485.0,5.0,3.5,0.2,0.8,377.1929824561403
50,1,4,495.0,5.0,3.5,0.2,0.8,377.1929824561403
1,2,4,5.0,15.0,3.5,0.2,0.8,377.1929824561403
2,2,4,15.0,15.0,3.5,0.2,0.8,377.1929824561403
3,2,4,25.0,15.0,3.5,0.2,0.8,377.1929824561403
4,2,4,35.0,15.0,3.5,0.2,0.8,377.1929824561403
5,2,4,45.0,15.0,3.5,0.2,0.8,377.1929824561403
6,2,4,55.0,15.0,3.5,0.2,0.8,377.1929824561403
7,2,4,65.0,15.0,3.5,0.2,0.8,377.1929824561403
8,2,4,75.0,15.0,3.5,0.2,0.8,377.1929824561403
9,2,4,85.0,15.0,3.5,0.2,0.8,377.1929824561403
10,2,4,95.0,15.0,3.5,0.2,0.8,377.1929824561403
11,2,4,105.0,15.0,3.5,0.2,0.8,377.1929824561403
12,2,4,115.0,15.0,3.5,0.2,0.8,377.1929824561403
13,2,4,125.0,15.0,3.5,0.2,0.8,377.1929824561403
14,2,4,135.0,15.0,3.5,0.2,0.8,377.1929824561403
15,2,4,145.0,15.0,3.5,0.2,0.8,377.1929824561403
16,2,4,155.0,15.0,3.5,0.2,0.8,377.1929824561403
17,2,4,165.0,15.0,3.5,0.2,0.8,377.1929824561403
18,2,4,175.0,15.0,3.5,0.2,0.8,377.1929824561403
19,2,4,185.0,15.0,3.5,0.2,0.8,377.1929824561403
20,2,4,195.0,15.0,3.5,0.2,0.8,377.1929824561403
21,2,4,205.0,15.0,3.5,0.2,0.8,377.1929824561403
22,2,4,215.0,15.0,3.5,0.2,0.8,377.1929824561403
23,2,4,225.0,15.0,3.5,0.2,0.8,377.1929824561403
24,2,4,235.0,15.0,3.5,0.2,0.8,377.1929824561403
25,2,4,245.0,15.0,3.5,0.2,0.8,377.1929824561403
26,2,4,255.0,15.0,3.5,0.2,0.8,377.1929824561403
27,2,4,265.0,15.0,3.5,0.2,0.8,377.1929824561403
28,2,4,275.0,15.0,3.5,0.2,0.8,377.1929824561403
29,2,4,285.0,15.0,3.5,0.2,0.8,377.1929824561403
30,2,4,295.0,15.0,3.5,0.2,0.8,377.1929824561403
31,2,4,305.0,15.0,3.5,0.2,0.8,377.1929824561403
32,2,4,315.0,15.0,3.5,0.2,0.8,377.1929824561403
33,2,4,325.0,15.0,3.5,0.2,0.8,377.1929824561403
34,2,4,335.0,15.0,3.5,0.2,0.8,377.1929824561403
35,2,4,345.0,15.0,3.5,0.2,0.8,377.1929824561403
36,2,4,355.0,15.0,3.5,0.2,0.8,377.1929824561403
37,2,4,365.0,15.0,3.5,0.2,0.8,377.1929824561403
38,2,4,375.0,15.0,3.5,0.2,0.8,377.1929824561403
39,2,4,385.0,15.0,3.5,0.2,0.8,377.1929824561403
40,2,4,395.0,15.0,3.5,0.2,0.8,377.1929824561403
41,2,4,405.0,15.0,3.5,0.2,0.8,377.1929824561403
42,2,4,415.0,15.0,3.5,0.2,0.8,377.1929824561403
43,2,4,425.0,15.0,3.5,0.2,0.8,377.1929824561403
44,2,4,435.0,15.0,3.5,0.2,0.8,377.1929824561403
45,2,4,445.0,15.0,3.5,0.2,0.8,377.1929824561403
46,2,4,455.0,15.0,3.5,0.2,0.8,377.1929824561403
47,2,4,465.0,15.0,3.5,0.2,0.8,377.1929824561403
48,2,4,475.0,15.0,3.5,0.2,0.8,377.1929824561403
49,2,4,485.0,15.0,3.5,0.2,0.8,377.1929824561403
50,2,4,495.0,15.0,3.5,0.2,0.8,377.1929824561403
1,3,4,5.0,25.0,3.5,0.2,0.8,377.1929824561403
2,3,4,15.0,25.0,3.5,0.2,0.8,377.1929824561403
3,3,4,25.0,25.0,3.5,0.2,0.8,377.1929824561403
4,3,4,35.0,25.0,3.5,0.2,0.8,377.1929824561403
5,3,4,45.0,25.0,3.5,0.2,0.8,377.1929824561403
6,3,4,55.0,25.0,3.5,0.2,0.8,377.1929824561403
7,3,4,65.0,25.0,3.5,0.2,0.8,377.1929824561403
8,3,4,75.0,25.0,3.5,0.2,0.8,377.1929824561403
9,3,4,85.0,25.0,3.5,0.2,0.8,377.1929824561403
10,3,4,95.0,25.0,3.5,0.2,0.8,377.1929824561403
11,3,4,105.0,25.0,3.5,0.2,0.8,377.1929824561403
12,3,4,115.0,25.0,3.5,0.2,0.8,377.1929824561403
13,3,4,125.0,25.0,3.5,0.2,0.8,377.1929824561403
14,3,4,135.0,25.0,3.5,0.2,0.8,377.1929824561403
15,3,4,145.0,25.0,3.5,0.2,0.8,377.1929824561403
16,3,4,155.0,25.0,3.5,0.2,0.8,377.1929824561403
17,3,4,165.0,25.0,3.5,0.2,0.8,377.1929824561403
18,3,4,175.0,25.0,3.5,0.2,0.8,377.1929824561403
19,3,4,185.0,25.0,3.5,0.2,0.8,377.1929824561403
20,3,4,195.0,25.0,3.5,0.2,0.8,377.1929824561403
21,3,4,205.0,25.0,3.5,0.2,0.8,377.1929824561403
22,3,4,215.0,25.0,3.5,0.2,0.8,377.1929824561403
23,3,4,225.0,25.0,3.5,0.2,0.8,377.1929824561403
24,3,4,235.0,25.0,3.5,0.2,0.8,377.1929824561403
25,3,4,245.0,25.0,3.5,0.2,0.8,377.1929824561403
26,3,4,255.0,25.0,3.5,0.2,0.8,377.1929824561403
27,3,4,265.0,25.0,3.5,0.2,0.8,377.1929824561403
28,3,4,275.0,25.0,3.5,0.2,0.8,377.1929824561403
29,3,4,285.0,25.0,3.5,0.2,0.8,377.1929824561403
30,3,4,295.0,25.0,3.5,0.2,0.8,377.1929824561403
31,3,4,305.0,25.0,3.5,0.2,0.8,377.1929824561403
32,3,4,315.0,25.0,3.5,0.2,0.8,377.1929824561403
33,3,4,325.0,25.0,3.5,0.2,0.8,377.1929824561403
34,3,4,335.0,25.0,3.5,0.2,0.8,377.1929824561403
35,3,4,345.0,25.0,3.5,0.2,0.8,377.1929824561403
36,3,4,355.0,25.0,3.5,0.2,0.8,377.1929824561403
37,3,4,365.0,25.0,3.5,0.2,0.8,377.1929824561403
38,3,4,375.0,25.0,3.5,0.2,0.8,377.1929824561403
39,3,4,385.0,25.0,3.5,0.2,0.8,377.1929824561403
40,3,4,395.0,25.0,3.5,0.2,0.8,377.1929824561403
41,3,4,405.0,25.0,3.5,0.2,0.8,377.1929824561403
42,3,4,415.0,25.0,3.5,0.2,0.8,377.1929824561403
43,3,4,425.0,25.0,3.5,0.2,0.8,377.1929824561403
44,3,4,435.0,25.0,3.5,0.2,0.8,377.1929824561403
45,3,4,445.0,25.0,3.5,0.2,0.8,377.1929824561403
46,3,4,455.0,25.0,3.5,0.2,0.8,377.1929824561403
47,3,4,465.0,25.0,3.5,0.2,0.8,377.1929824561403
48,3,4,475.0,25.0,3.5,0.2,0.8,377.1929824561403
49,3,4,485.0,25.0,3.5,0.2,0.8,377.1929824561403
50,3,4,495.0,25.0,3.5,0.2,0.8,377.1929824561403
1,4,4,5.0,35.0,3.5,0.2,0.8,377.1929824561403
2,4,4,15.0,35.0,3.5,0.2,0.8,377.1929824561403
3,4,4,25.0,35.0,3.5,0.2,0.8,377.1929824561403
4,4,4,35.0,35.0,3.5,0.2,0.8,377.1929824561403
5,4,4,45.0,35.0,3.5,0.2,0.8,377.1929824561403
6,4,4,55.0,35.0,3.5,0.2,0.8,377.1929824561403
7,4,4,65.0,35.0,3.5,0.2,0.8,377.1929824561403
8,4,4,75.0,35.0,3.5,0.2,0.8,377.1929824561403
9,4,4,85.0,35.0,3.5,0.2,0.8,377.1929824561403
10,4,4,95.0,35.0,3.5,0.2,0.8,377.1929824561403
11,4,4,105.0,35.0,3.5,0.2,0.8,377.1929824561403
12,4,4,115.0,35.0,3.5,0.2,0.8,377.1929824561403
13,4,4,125.0,35.0,3.5,0.2,0.8,377.1929824561403
14,4,4,135.0,35.0,3.5,0.2,0.8,377.1929824561403
15,4,4,145.0,35.0,3.5,0.2,0.8,377.1929824561403
16,4,4,155.0,35.0,3.5,0.2,0.8,377.1929824561403
17,4,4,165.0,35.0,3.5,0.2,0.8,377.1929824561403
18,4,4,175.0,35.0,3.5,0.2,0.8,377.1929824561403
19,4,4,185.0,35.0,3.5,0.2,0.8,377.1929824561403
20,4,4,195.0,35.0,3.5,0.2,0.8,377.1929824561403
21,4,4,205.0,35.0,3.5,0.2,0.8,377.1929824561403
22,4,4,215.0,35.0,3.5,0.2,0.8,377.1929824561403
23,4,4,225.0,35.0,3.5,0.2,0.8,377.1929824561403
24,4,4,235.0,35.0,3.5,0.2,0.8,377.1929824561403
25,4,4,245.0,35.0,3.5,0.2,0.8,377.1929824561403
26,4,4,255.0,35.0,3.5,0.2,0.8,377.1929824561403
27,4,4,265.0,35.0,3.5,0.2,0.8,377.1929824561403
28,4,4,275.0,35.0,3.5,0.2,0.8,377.1929824561403
29,4,4,285.0,35.0,3.5,0.2,0.8,377.1929824561403
30,4,4,295.0,35.0,3.5,0.2,0.8,377.1929824561403
31,4,4,305.0,35.0,3.5,0.2,0.8,377.1929824561403
32,4,4,315.0,35.0,3.5,0.2,0.8,377.1929824561403
33,4,4,325.0,35.0,3.5,0.2,0.8,377.1929824561403
34,4,4,335.0,35.0,3.5,0.2,0.8,377.1929824561403
35,4,4,345.0,35.0,3.5,0.2,0.8,377.1929824561403
36,4,4,355.0,35.0,3.5,0.2,0.8,377.1929824561403
37,4,4,365.0,35.0,3.5,0.2,0.8,377.1929824561403
38,4,4,375.0,35.0,3.5,0.2,0.8,377.1929824561403
39,4,4,385.0,35.0,3.5,0.2,0.8,377.1929824561403
40,4,4,395.0,35.0,3.5,0.2,0.8,377.1929824561403
41,4,4,405.0,35.0,3.5,0.2,0.8,377.1929824561403
42,4,4,415.0,35.0,3.5,0.2,0.8,377.1929824561403
43,4,4,425.0,35.0,3.5,0.2,0.8,377.1929824561403
44,4,4,435.0,35.0,3.5,0.2,0.8,377.1929824561403
45,4,4,445.0,35.0,3.5,0.2,0.8,377.1929824561403
46,4,4,455.0,35.0,3.5,0.2,0.8,377.1929824561403
47,4,4,465.0,35.0,3.5,0.2,0.8,377.1929824561403
48,4,4,475.0,35.0,3.5,0.2,0.8,377.1929824561403
49,4,4,485.0,35.0,3.5,0.2,0.8,377.1929824561403
50,4,4,495.0,35.0,3.5,0.2,0.8,377.1929824561403
1,5,4,5.0,45.0,3.5,0.2,0.8,377.1929824561403
2,5,4,15.0,45.0,3.5,0.2,0.8,377.1929824561403
3,5,4,25.0,45.0,3.5,0.2,0.8,377.1929824561403
4,5,4,35.0,45.0,3.5,0.2,0.8,377.1929824561403
5,5,4,45.0,45.0,3.5,0.2,0.8,377.1929824561403
6,5,4,55.0,45.0,3.5,0.2,0.8,377.1929824561403
7,5,4,65.0,45.0,3.5,0.2,0.8,377.1929824561403
8,5,4,75.0,45.0,3.5,0.2,0.8,377.1929824561403
9,5,4,85.0,45.0,3.5,0.2,0.8,377.1929824561403
10,5,4,95.0,45.0,3.5,0.2,0.8,377.1929824561403
11,5,4,105.0,45.0,3.5,0.2,0.8,377.1929824561403
12,5,4,115.0,45.0,3.5,0.2,0.8,377.1929824561403
13,5,4,125.0,45.0,3.5,0.2,0.8,377.1929824561403
14,5,4,135.0,45.0,3.5,0.2,0.8,377.1929824561403
15,5,4,145.0,45.0,3.5,0.2,0.8,377.1929824561403
16,5,4,155.0,45.0,3.5,0.2,0.8,377.1929824561403
17,5,4,165.0,45.0,3.5,0.2,0.8,377.1929824561403
18,5,4,175.0,45.0,3.5,0.2,0.8,377.1929824561403
19,5,4,185.0,45.0,3.5,0.2,0.8,377.1929824561403
20,5,4,195.0,45.0,3.5,0.2,0.8,377.1929824561403
21,5,4,205.0,45.0,3.5,0.2,0.8,377.1929824561403
22,5,4,215.0,45.0,3.5,0.2,0.8,377.1929824561403
23,5,4,225.0,45.0,3.5,0.2,0.8,377.1929824561403
24,5,4,235.0,45.0,3.5,0.2,0.8,377.1929824561403
25,5,4,245.0,45.0,3.5,0.2,0.8,377.1929824561403
26,5,4,255.0,45.0,3.5,0.2,0.8,377.1929824561403
27,5,4,265.0,45.0,3.5,0.2,0.8,377.1929824561403
28,5,4,275.0,45.0,3.5,0.2,0.8,377.1929824561403
29,5,4,285.0,45.0,3.5,0.2,0.8,377.1929824561403
30,5,4,295.0,45.0,3.5,0.2,0.8,377.1929824561403
31,5,4,305.0,45.0,3.5,0.2,0.8,377.1929824561403
32,5,4,315.0,45.0,3.5,0.2,0.8,377.1929824561403
33,5,4,325.0,45.0,3.5,0.2,0.8,377.1929824561403
34,5,4,335.0,45.0,3.5,0.2,0.8,377.1929824561403
35,5,4,345.0,45.0,3.5,0.2,0.8,377.1929824561403
36,5,4,355.0,45.0,3.5,0.2,0.8,377.1929824561403
37,5,4,365.0,45.0,3.5,0.2,0.8,377.1929824561403
38,5,4,375.0,45.0,3.5,0.2,0.8,377.1929824561403
39,5,4,385.0,45.0,3.5,0.2,0.8,377.1929824561403
40,5,4,395.0,45.0,3.5,0.2,0.8,377.1929824561403
41,5,4,405.0,45.0,3.5,0.2,0.8,377.1929824561403
42,5,4,415.0,45.0,3.5,0.2,0.8,377.1929824561403
43,5,4,425.0,45.0,3.5,0.2,0.8,377.1929824561403
44,5,4,435.0,45.0,3.5,0.2,0.8,377.1929824561403
45,5,4,445.0,45.0,3.5,0.2,0.8,377.1929824561403
46,5,4,455.0,45.0,3.5,0.2,0.8,377.1929824561403
47,5,4,465.0,45.0,3.5,0.2,0.8,377.1929824561403
48,5,4,475.0,45.0,3.5,0.2,0.8,377.1929824561403
49,5,4,485.0,45.0,3.5,0.2,0.8,377.1929824561403
50,5,4,495.0,45.0,3.5,0.2,0.8,377.1929824561403
1,6,4,5.0,55.0,3.5,0.2,0.8,377.1929824561403
2,6,4,15.0,55.0,3.5,0.2,0.8,377.1929824561403
3,6,4,25.0,55.0,3.5,0.2,0.8,377.1929824561403
4,6,4,35.0,55.0,3.5,0.2,0.8,377.1929824561403
5,6,4,45.0,55.0,3.5,0.2,0.8,377.1929824561403
6,6,4,55.0,55.0,3.5,0.2,0.8,377.1929824561403
7,6,4,65.0,55.0,3.5,0.2,0.8,377.1929824561403
8,6,4,75.0,55.0,3.5,0.2,0.8,377.1929824561403
9,6,4,85.0,55.0,3.5,0.2,0.8,377.1929824561403
10,6,4,95.0,55.0,3.5,0.2,0.8,377.1929824561403
11,6,4,105.0,55.0,3.5,0.2,0.8,377.1929824561403
12,6,4,115.0,55.0,3.5,0.2,0.8,377.1929824561403
13,6,4,125.0,55.0,3.5,0.2,0.8,377.1929824561403
14,6,4,135.0,55.0,3.5,0.2,0.8,377.1929824561403
15,6,4,145.0,55.0,3.5,0.2,0.8,377.1929824561403
16,6,4,155.0,55.0,3.5,0.2,0.8,377.1929824561403
17,6,4,165.0,55.0,3.5,0.2,0.8,377.1929824561403
18,6,4,175.0,55.0,3.5,0.2,0.8,377.1929824561403
19,6,4,185.0,55.0,3.5,0.2,0.8,377.1929824561403
20,6,4,195.0,55.0,3.5,0.2,0.8,377.1929824561403
21,6,4,205.0,55.0,3.5,0.2,0.8,377.1929824561403
22,6,4,215.0,55.0,3.5,0.2,0.8,377.1929824561403
23,6,4,225.0,55.0,3.5,0.2,0.8,377.1929824561403
24,6,4,235.0,55.0,3.5,0.2,0.8,377.1929824561403
25,6,4,245.0,55.0,3.5,0.2,0.8,377.1929824561403
26,6,4,255.0,55.0,3.5,0.2,0.8,377.1929824561403
27,6,4,265.0,55.0,3.5,0.2,0.8,377.1929824561403
28,6,4,275.0,55.0,3.5,0.2,0.8,377.1929824561403
29,6,4,285.0,55.0,3.5,0.2,0.8,377.1929824561403
30,6,4,295.0,55.0,3.5,0.2,0.8,377.1929824561403
31,6,4,305.0,55.0,3.5,0.2,0.8,377.1929824561403
32,6,4,315.0,55.0,3.5,0.2,0.8,377.1929824561403
33,6,4,325.0,55.0,3.5,0.2,0.8,377.1929824561403
34,6,4,335.0,55.0,3.5,0.2,0.8,377.1929824561403
35,6,4,345.0,55.0,3.5,0.2,0.8,377.1929824561403
36,6,4,355.0,55.0,3.5,0.2,0.8,377.1929824561403
37,6,4,365.0,55.0,3.5,0.2,0.8,377.1929824561403
38,6,4,375.0,55.0,3.5,0.2,0.8,377.1929824561403
39,6,4,385.0,55.0,3.5,0.2,0.8,377.1929824561403
40,6,4,395.0,55.0,3.5,0.2,0.8,377.1929824561403
41,6,4,405.0,55.0,3.5,0.2,0.8,377.1929824561403
42,6,4,415.0,55.0,3.5,0.2,0.8,377.1929824561403
43,6,4,425.0,55.0,3.5,0.2,0.8,377.1929824561403
44,6,4,435.0,55.0,3.5,0.2,0.8,377.1929824561403
45,6,4,445.0,55.0,3.5,0.2,0.8,377.1929824561403
46,6,4,455.0,55.0,3.5,0.2,0.8,377.1929824561403
47,6,4,465.0,55.0,3.5,0.2,0.8,377.1929824561403
48,6,4,475.0,55.0,3.5,0.2,0.8,377.1929824561403
49,6,4,485.0,55.0,3.5,0.2,0.8,377.1929824561403
50,6,4,495.0,55.0,3.5,0.2,0.8,377.1929824561403
1,7,4,5.0,65.0,3.5,0.2,0.8,377.1929824561403
2,7,4,15.0,65.0,3.5,0.2,0.8,377.1929824561403
3,7,4,25.0,65.0,3.5,0.2,0.8,377.1929824561403
4,7,4,35.0,65.0,3.5,0.2,0.8,377.1929824561403
5,7,4,45.0,65.0,3.5,0.2,0.8,377.1929824561403
6,7,4,55.0,65.0,3.5,0.2,0.8,377.1929824561403
7,7,4,65.0,65.0,3.5,0.2,0.8,377.1929824561403
8,7,4,75.0,65.0,3.5,0.2,0.8,377.1929824561403
9,7,4,85.0,65.0,3.5,0.2,0.8,377.1929824561403
10,7,4,95.0,65.0,3.5,0.2,0.8,377.1929824561403
11,7,4,105.0,65.0,3.5,0.2,0.8,377.1929824561403
12,7,4,115.0,65.0,3.5,0.2,0.8,377.1929824561403
13,7,4,125.0,65.0,3.5,0.2,0.8,377.1929824561403
14,7,4,135.0,65.0,3.5,0.2,0.8,377.1929824561403
15,7,4,145.0,65.0,3.5,0.2,0.8,377.1929824561403
16,7,4,155.0,65.0,3.5,0.2,0.8,377.1929824561403
17,7,4,165.0,65.0,3.5,0.2,0.8,377.1929824561403
18,7,4,175.0,65.0,3.5,0.2,0.8,377.1929824561403
19,7,4,185.0,65.0,3.5,0.2,0.8,377.1929824561403
20,7,4,195.0,65.0,3.5,0.2,0.8,377.1929824561403
21,7,4,205.0,65.0,3.5,0.2,0.8,377.1929824561403
22,7,4,215.0,65.0,3.5,0.2,0.8,377.1929824561403
23,7,4,225.0,65.0,3.5,0.2,0.8,377.1929824561403
24,7,4,235.0,65.0,3.5,0.2,0.8,377.1929824561403
25,7,4,245.0,65.0,3.5,0.2,0.8,377.1929824561403
26,7,4,255.0,65.0,3.5,0.2,0.8,377.1929824561403
27,7,4,265.0,65.0,3.5,0.2,0.8,377.1929824561403
28,7,4,275.0,65.0,3.5,0.2,0.8,377.1929824561403
29,7,4,285.0,65.0,3.5,0.2,0.8,377.1929824561403
30,7,4,295.0,65.0,3.5,0.2,0.8,377.1929824561403
31,7,4,305.0,65.0,3.5,0.2,0.8,377.1929824561403
32,7,4,315.0,65.0,3.5,0.2,0.8,377.1929824561403
33,7,4,325.0,65.0,3.5,0.2,0.8,377.1929824561403
34,7,4,335.0,65.0,3.5,0.2,0.8,377.1929824561403
35,7,4,345.0,65.0,3.5,0.2,0.8,377.1929824561403
36,7,4,355.0,65.0,3.5,0.2,0.8,377.1929824561403
37,7,4,365.0,65.0,3.5,0.2,0.8,377.1929824561403
38,7,4,375.0,65.0,3.5,0.2,0.8,377.1929824561403
39,7,4,385.0,65.0,3.5,0.2,0.8,377.1929824561403
40,7,4,395.0,65.0,3.5,0.2,0.8,377.1929824561403
41,7,4,405.0,65.0,3.5,0.2,0.8,377.1929824561403
42,7,4,415.0,65.0,3.5,0.2,0.8,377.1929824561403
43,7,4,425.0,65.0,3.5,0.2,0.8,377.1929824561403
44,7,4,435.0,65.0,3.5,0.2,0.8,377.1929824561403
45,7,4,445.0,65.0,3.5,0.2,0.8,377.1929824561403
46,7,4,455.0,65.0,3.5,0.2,0.8,377.1929824561403
47,7,4,465.0,65.0,3.5,0.2,0.8,377.1929824561403
48,7,4,475.0,65.0,3.5,0.2,0.8,377.1929824561403
49,7,4,485.0,65.0,3.5,0.2,0.8,377.1929824561403
50,7,4,495.0,65.0,3.5,0.2,0.8,377.1929824561403
1,8,4,5.0,75.0,3.5,0.2,0.8,377.1929824561403
2,8,4,15.0,75.0,3.5,0.2,0.8,377.1929824561403
3,8,4,25.0,75.0,3.5,0.2,0.8,377.1929824561403
4,8,4,35.0,75.0,3.5,0.2,0.8,377.1929824561403
5,8,4,45.0,75.0,3.5,0.2,0.8,377.1929824561403
6,8,4,55.0,75.0,3.5,0.2,0.8,377.1929824561403
7,8,4,65.0,75.0,3.5,0.2,0.8,377.1929824561403
8,8,4,75.0,75.0,3.5,0.2,0.8,377.1929824561403
9,8,4,85.0,75.0,3.5,0.2,0.8,377.1929824561403
10,8,4,95.0,75.0,3.5,0.2,0.8,377.1929824561403
11,8,4,105.0,75.0,3.5,0.2,0.8,377.1929824561403
12,8,4,115.0,75.0,3.5,0.2,0.8,377.1929824561403
13,8,4,125.0,75.0,3.5,0.2,0.8,377.1929824561403
14,8,4,135.0,75.0,3.5,0.2,0.8,377.1929824561403
15,8,4,145.0,75.0,3.5,0.2,0.8,377.1929824561403
16,8,4,155.0,75.0,3.5,0.2,0.8,377.1929824561403
17,8,4,165.0,75.0,3.5,0.2,0.8,377.1929824561403
18,8,4,175.0,75.0,3.5,0.2,0.8,377.1929824561403
19,8,4,185.0,75.0,3.5,0.2,0.8,377.1929824561403
20,8,4,195.0,75.0,3.5,0.2,0.8,377.1929824561403
21,8,4,205.0,75.0,3.5,0.2,0.8,377.1929824561403
22,8,4,215.0,75.0,3.5,0.2,0.8,377.1929824561403
23,8,4,225.0,75.0,3.5,0.2,0.8,377.1929824561403
24,8,4,235.0,75.0,3.5,0.2,0.8,377.1929824561403
25,8,4,245.0,75.0,3.5,0.2,0.8,377.1929824561403
26,8,4,255.0,75.0,3.5,0.2,0.8,377.1929824561403
27,8,4,265.0,75.0,3.5,0.2,0.8,377.1929824561403
28,8,4,275.0,75.0,3.5,0.2,0.8,377.1929824561403
29,8,4,285.0,75.0,3.5,0.2,0.8,377.1929824561403
30,8,4,295.0,75.0,3.5,0.2,0.8,377.1929824561403
31,8,4,305.0,75.0,3.5,0.2,0.8,377.1929824561403
32,8,4,315.0,75.0,3.5,0.2,0.8,377.1929824561403
33,8,4,325.0,75.0,3.5,0.2,0.8,377.1929824561403
34,8,4,335.0,75.0,3.5,0.2,0.8,377.1929824561403
35,8,4,345.0,75.0,3.5,0.2,0.8,377.1929824561403
36,8,4,355.0,75.0,3.5,0.2,0.8,377.1929824561403
37,8,4,365.0,75.0,3.5,0.2,0.8,377.1929824561403
38,8,4,375.0,75.0,3.5,0.2,0.8,377.1929824561403
39,8,4,385.0,75.0,3.5,0.2,0.8,377.1929824561403
40,8,4,395.0,75.0,3.5,0.2,0.8,377.1929824561403
41,8,4,405.0,75.0,3.5,0.2,0.8,377.1929824561403
42,8,4,415.0,75.0,3.5,0.2,0.8,377.1929824561403
43,8,4,425.0,75.0,3.5,0.2,0.8,377.1929824561403
44,8,4,435.0,75.0,3.5,0.2,0.8,377.1929824561403
45,8,4,445.0,75.0,3.5,0.2,0.8,377.1929824561403
46,8,4,455.0,75.0,3.5,0.2,0.8,377.1929824561403
47,8,4,465.0,75.0,3.5,0.2,0.8,377.1929824561403
48,8,4,475.0,75.0,3.5,0.2,0.8,377.1929824561403
49,8,4,485.0,75.0,3.5,0.2,0.8,377.1929824561403
50,8,4,495.0,75.0,3.5,0.2,0.8,377.1929824561403
1,9,4,5.0,85.0,3.5,0.2,0.8,377.1929824561403
2,9,4,15.0,85.0,3.5,0.2,0.8,377.1929824561403
3,9,4,25.0,85.0,3.5,0.2,0.8,377.1929824561403
4,9,4,35.0,85.0,3.5,0.2,0.8,377.1929824561403
5,9,4,45.0,85.0,3.5,0.2,0.8,377.1929824561403
6,9,4,55.0,85.0,3.5,0.2,0.8,377.1929824561403
7,9,4,65.0,85.0,3.5,0.2,0.8,377.1929824561403
8,9,4,75.0,85.0,3.5,0.2,0.8,377.1929824561403
9,9,4,85.0,85.0,3.5,0.2,0.8,377.1929824561403
10,9,4,95.0,85.0,3.5,0.2,0.8,377.1929824561403
11,9,4,105.0,85.0,3.5,0.2,0.8,377.1929824561403
12,9,4,115.0,85.0,3.5,0.2,0.8,377.1929824561403
13,9,4,125.0,85.0,3.5,0.2,0.8,377.1929824561403
14,9,4,135.0,85.0,3.5,0.2,0.8,377.1929824561403
15,9,4,145.0,85.0,3.5,0.2,0.8,377.1929824561403
16,9,4,155.0,85.0,3.5,0.2,0.8,377.1929824561403
17,9,4,165.0,85.0,3.5,0.2,0.8,377.1929824561403
18,9,4,175.0,85.0,3.5,0.2,0.8,377.1929824561403
19,9,4,185.0,85.0,3.5,0.2,0.8,377.1929824561403
20,9,4,195.0,85.0,3.5,0.2,0.8,377.1929824561403
21,9,4,205.0,85.0,3.5,0.2,0.8,377.1929824561403
22,9,4,215.0,85.0,3.5,0.2,0.8,377.1929824561403
23,9,4,225.0,85.0,3.5,0.2,0.8,377.1929824561403
24,9,4,235.0,85.0,3.5,0.2,0.8,377.1929824561403
25,9,4,245.0,85.0,3.5,0.2,0.8,377.1929824561403
26,9,4,255.0,85.0,3.5,0.2,0.8,377.1929824561403
27,9,4,265.0,85.0,3.5,0.2,0.8,377.1929824561403
28,9,4,275.0,85.0,3.5,0.2,0.8,377.1929824561403
29,9,4,285.0,85.0,3.5,0.2,0.8,377.1929824561403
30,9,4,295.0,85.0,3.5,0.2,0.8,377.1929824561403
31,9,4,305.0,85.0,3.5,0.2,0.8,377.1929824561403
32,9,4,315.0,85.0,3.5,0.2,0.8,377.1929824561403
33,9,4,325.0,85.0,3.5,0.2,0.8,377.1929824561403
34,9,4,335.0,85.0,3.5,0.2,0.8,377.1929824561403
35,9,4,345.0,85.0,3.5,0.2,0.8,377.1929824561403
36,9,4,355.0,85.0,3.5,0.2,0.8,377.1929824561403
37,9,4,365.0,85.0,3.5,0.2,0.8,377.1929824561403
38,9,4,375.0,85.0,3.5,0.2,0.8,377.1929824561403
39,9,4,385.0,85.0,3.5,0.2,0.8,377.1929824561403
40,9,4,395.0,85.0,3.5,0.2,0.8,377.1929824561403
41,9,4,405.0,85.0,3.5,0.2,0.8,377.1929824561403
42,9,4,415.0,85.0,3.5,0.2,0.8,377.1929824561403
43,9,4,425.0,85.0,3.5,0.2,0.8,377.1929824561403
44,9,4,435.0,85.0,3.5,0.2,0.8,377.1929824561403
45,9,4,445.0,85.0,3.5,0.2,0.8,377.1929824561403
46,9,4,455.0,85.0,3.5,0.2,0.8,377.1929824561403
47,9,4,465.0,85.0,3.5,0.2,0.8,377.1929824561403
48,9,4,475.0,85.0,3.5,0.2,0.8,377.1929824561403
49,9,4,485.0,85.0,3.5,0.2,0.8,377.1929824561403
50,9,4,495.0,85.0,3.5,0.2,0.8,377.1929824561403
1,10,4,5.0,95.0,3.5,0.2,0.8,377.1929824561403
2,10,4,15.0,95.0,3.5,0.2,0.8,377.1929824561403
3,10,4,25.0,95.0,3.5,0.2,0.8,377.1929824561403
4,10,4,35.0,95.0,3.5,0.2,0.8,377.1929824561403
5,10,4,45.0,95.0,3.5,0.2,0.8,377.1929824561403
6,10,4,55.0,95.0,3.5,0.2,0.8,377.1929824561403
7,10,4,65.0,95.0,3.5,0.2,0.8,377.1929824561403
8,10,4,75.0,95.0,3.5,0.2,0.8,377.1929824561403
9,10,4,85.0,95.0,3.5,0.2,0.8,377.1929824561403
10,10,4,95.0,95.0,3.5,0.2,0.8,377.1929824561403
11,10,4,105.0,95.0,3.5,0.2,0.8,377.1929824561403
12,10,4,115.0,95.0,3.5,0.2,0.8,377.1929824561403
13,10,4,125.0,95.0,3.5,0.2,0.8,377.1929824561403
14,10,4,135.0,95.0,3.5,0.2,0.8,377.1929824561403
15,10,4,145.0,95.0,3.5,0.2,0.8,377.1929824561403
16,10,4,155.0,95.0,3.5,0.2,0.8,377.1929824561403
17,10,4,165.0,95.0,3.5,0.2,0.8,377.1929824561403
18,10,4,175.0,95.0,3.5,0.2,0.8,377.1929824561403
19,10,4,185.0,95.0,3.5,0.2,0.8,377.1929824561403
20,10,4,195.0,95.0,3.5,0.2,0.8,377.1929824561403
21,10,4,205.0,95.0,3.5,0.2,0.8,377.1929824561403
22,10,4,215.0,95.0,3.5,0.2,0.8,377.1929824561403
23,10,4,225.0,95.0,3.5,0.2,0.8,377.1929824561403
24,10,4,235.0,95.0,3.5,0.2,0.8,377.1929824561403
25,10,4,245.0,95.0,3.5,0.2,0.8,377.1929824561403
26,10,4,255.0,95.0,3.5,0.2,0.8,377.1929824561403
27,10,4,265.0,95.0,3.5,0.2,0.8,377.1929824561403
28,10,4,275.0,95.0,3.5,0.2,0.8,377.1929824561403
29,10,4,285.0,95.0,3.5,0.2,0.8,377.1929824561403
30,10,4,295.0,95.0,3.5,0.2,0.8,377.1929824561403
31,10,4,305.0,95.0,3.5,0.2,0.8,377.1929824561403
32,10,4,315.0,95.0,3.5,0.2,0.8,377.1929824561403
33,10,4,325.0,95.0,3.5,0.2,0.8,377.1929824561403
34,10,4,335.0,95.0,3.5,0.2,0.8,377.1929824561403
35,10,4,345.0,95.0,3.5,0.2,0.8,377.1929824561403
36,10,4,355.0,95.0,3.5,0.2,0.8,377.1929824561403
37,10,4,365.0,95.0,3.5,0.2,0.8,377.1929824561403
38,10,4,375.0,95.0,3.5,0.2,0.8,377.1929824561403
39,10,4,385.0,95.0,3.5,0.2,0.8,377.1929824561403
40,10,4,395.0,95.0,3.5,0.2,0.8,377.1929824561403
41,10,4,405.0,95.0,3.5,0.2,0.8,377.1929824561403
42,10,4,415.0,95.0,3.5,0.2,0.8,377.1929824561403
43,10,4,425.0,95.0,3.5,0.2,0.8,377.1929824561403
44,10,4,435.0,95.0,3.5,0.2,0.8,377.1929824561403
45,10,4,445.0,95.0,3.5,0.2,0.8,377.1929824561403
46,10,4,455.0,95.0,3.5,0.2,0.8,377.1929824561403
47,10,4,465.0,95.0,3.5,0.2,0.8,377.1929824561403
48,10,4,475.0,95.0,3.5,0.2,0.8,377.1929824561403
49,10,4,485.0,95.0,3.5,0.2,0.8,377.1929824561403
50,10,4,495.0,95.0,3.5,0.2,0.8,377.1929824561403
1,1,5,5.0,5.0,4.5,0.2,0.8,447.36842105263156
2,1,5,15.0,5.0,4.5,0.2,0.8,447.36842105263156
3,1,5,25.0,5.0,4.5,0.2,0.8,447.36842105263156
4,1,5,35.0,5.0,4.5,0.2,0.8,447.36842105263156
5,1,5,45.0,5.0,4.5,0.2,0.8,447.36842105263156
6,1,5,55.0,5.0,4.5,0.2,0.8,447.36842105263156
7,1,5,65.0,5.0,4.5,0.2,0.8,447.36842105263156
8,1,5,75.0,5.0,4.5,0.2,0.8,447.36842105263156
9,1,5,85.0,5.0,4.5,0.2,0.8,447.36842105263156
10,1,5,95.0,5.0,4.5,0.2,0.8,447.36842105263156
11,1,5,105.0,5.0,4.5,0.2,0.8,447.36842105263156
12,1,5,115.0,5.0,4.5,0.2,0.8,447.36842105263156
13,1,5,125.0,5.0,4.5,0.2,0.8,447.36842105263156
14,1,5,135.0,5.0,4.5,0.2,0.8,447.36842105263156
15,1,5,145.0,5.0,4.5,0.2,0.8,447.36842105263156
16,1,5,155.0,5.0,4.5,0.2,0.8,447.36842105263156
17,1,5,165.0,5.0,4.5,0.2,0.8,447.36842105263156
18,1,5,175.0,5.0,4.5,0.2,0.8,447.36842105263156
19,1,5,185.0,5.0,4.5,0.2,0.8,447.36842105263156
20,1,5,195.0,5.0,4.5,0.2,0.8,447.36842105263156
21,1,5,205.0,5.0,4.5,0.2,0.8,447.36842105263156
22,1,5,215.0,5.0,4.5,0.2,0.8,447.36842105263156
23,1,5,225.0,5.0,4.5,0.2,0.8,447.36842105263156
24,1,5,235.0,5.0,4.5,0.2,0.8,447.36842105263156
25,1,5,245.0,5.0,4.5,0.2,0.8,447.36842105263156
26,1,5,255.0,5.0,4.5,0.2,0.8,447.36842105263156
27,1,5,265.0,5.0,4.5,0.2,0.8,447.36842105263156
28,1,5,275.0,5.0,4.5,0.2,0.8,447.36842105263156
29,1,5,285.0,5.0,4.5,0.2,0.8,447.36842105263156
30,1,5,295.0,5.0,4.5,0.2,0.8,447.36842105263156
31,1,5,305.0,5.0,4.5,0.2,0.8,447.36842105263156
32,1,5,315.0,5.0,4.5,0.2,0.8,447.36842105263156
33,1,5,325.0,5.0,4.5,0.2,0.8,447.36842105263156
34,1,5,335.0,5.0,4.5,0.2,0.8,447.36842105263156
35,1,5,345.0,5.0,4.5,0.2,0.8,447.36842105263156
36,1,5,355.0,5.0,4.5,0.2,0.8,447.36842105263156
37,1,5,365.0,5.0,4.5,0.2,0.8,447.36842105263156
38,1,5,375.0,5.0,4.5,0.2,0.8,447.36842105263156
39,1,5,385.0,5.0,4.5,0.2,0.8,447.36842105263156
40,1,5,395.0,5.0,4.5,0.2,0.8,447.36842105263156
41,1,5,405.0,5.0,4.5,0.2,0.8,447.36842105263156
42,1,5,415.0,5.0,4.5,0.2,0.8,447.36842105263156
43,1,5,425.0,5.0,4.5,0.2,0.8,447.36842105263156
44,1,5,435.0,5.0,4.5,0.2,0.8,447.36842105263156
45,1,5,445.0,5.0,4.5,0.2,0.8,447.36842105263156
46,1,5,455.0,5.0,4.5,0.2,0.8,447.36842105263156
47,1,5,465.0,5.0,4.5,0.2,0.8,447.36842105263156
48,1,5,475.0,5.0,4.5,0.2,0.8,447.36842105263156
49,1,5,485.0,5.0,4.5,0.2,0.8,447.36842105263156
50,1,5,495.0,5.0,4.5,0.2,0.8,447.36842105263156
1,2,5,5.0,15.0,4.5,0.2,0.8,447.36842105263156
2,2,5,15.0,15.0,4.5,0.2,0.8,447.36842105263156
3,2,5,25.0,15.0,4.5,0.2,0.8,447.36842105263156
4,2,5,35.0,15.0,4.5,0.2,0.8,447.36842105263156
5,2,5,45.0,15.0,4.5,0.2,0.8,447.36842105263156
6,2,5,55.0,15.0,4.5,0.2,0.8,447.36842105263156
7,2,5,65.0,15.0,4.5,0.2,0.8,447.36842105263156
8,2,5,75.0,15.0,4.5,0.2,0.8,447.36842105263156
9,2,5,85.0,15.0,4.5,0.2,0.8,447.36842105263156
10,2,5,95.0,15.0,4.5,0.2,0.8,447.36842105263156
11,2,5,105.0,15.0,4.5,0.2,0.8,447.36842105263156
12,2,5,115.0,15.0,4.5,0.2,0.8,447.36842105263156
13,2,5,125.0,15.0,4.5,0.2,0.8,447.36842105263156
14,2,5,135.0,15.0,4.5,0.2,0.8,447.36842105263156
15,2,5,145.0,15.0,4.5,0.2,0.8,447.36842105263156
16,2,5,155.0,15.0,4.5,0.2,0.8,447.36842105263156
17,2,5,165.0,15.0,4.5,0.2,0.8,447.36842105263156
18,2,5,175.0,15.0,4.5,0.2,0.8,447.36842105263156
19,2,5,185.0,15.0,4.5,0.2,0.8,447.36842105263156
20,2,5,195.0,15.0,4.5,0.2,0.8,447.36842105263156
21,2,5,205.0,15.0,4.5,0.2,0.8,447.36842105263156
22,2,5,215.0,15.0,4.5,0.2,0.8,447.36842105263156
23,2,5,225.0,15.0,4.5,0.2,0.8,447.36842105263156
24,2,5,235.0,15.0,4.5,0.2,0.8,447.36842105263156
25,2,5,245.0,15.0,4.5,0.2,0.8,447.36842105263156
26,2,5,255.0,15.0,4.5,0.2,0.8,447.36842105263156
27,2,5,265.0,15.0,4.5,0.2,0.8,447.36842105263156
28,2,5,275.0,15.0,4.5,0.2,0.8,447.36842105263156
29,2,5,285.0,15.0,4.5,0.2,0.8,447.36842105263156
30,2,5,295.0,15.0,4.5,0.2,0.8,447.36842105263156
31,2,5,305.0,15.0,4.5,0.2,0.8,447.36842105263156
32,2,5,315.0,15.0,4.5,0.2,0.8,447.36842105263156
33,2,5,325.0,15.0,4.5,0.2,0.8,447.36842105263156
34,2,5,335.0,15.0,4.5,0.2,0.8,447.36842105263156
35,2,5,345.0,15.0,4.5,0.2,0.8,447.36842105263156
36,2,5,355.0,15.0,4.5,0.2,0.8,447.36842105263156
37,2,5,365.0,15.0,4.5,0.2,0.8,447.36842105263156
38,2,5,375.0,15.0,4.5,0.2,0.8,447.36842105263156
39,2,5,385.0,15.0,4.5,0.2,0.8,447.36842105263156
40,2,5,395.0,15.0,4.5,0.2,0.8,447.36842105263156
41,2,5,405.0,15.0,4.5,0.2,0.8,447.36842105263156
42,2,5,415.0,15.0,4.5,0.2,0.8,447.36842105263156
43,2,5,425.0,15.0,4.5,0.2,0.8,447.36842105263156
44,2,5,435.0,15.0,4.5,0.2,0.8,447.36842105263156
45,2,5,445.0,15.0,4.5,0.2,0.8,447.36842105263156
46,2,5,455.0,15.0,4.5,0.2,0.8,447.36842105263156
47,2,5,465.0,15.0,4.5,0.2,0.8,447.36842105263156
48,2,5,475.0,15.0,4.5,0.2,0.8,447.36842105263156
49,2,5,485.0,15.0,4.5,0.2,0.8,447.36842105263156
50,2,5,495.0,15.0,4.5,0.2,0.8,447.36842105263156
1,3,5,5.0,25.0,4.5,0.2,0.8,447.36842105263156
2,3,5,15.0,25.0,4.5,0.2,0.8,447.36842105263156
3,3,5,25.0,25.0,4.5,0.2,0.8,447.36842105263156
4,3,5,35.0,25.0,4.5,0.2,0.8,447.36842105263156
5,3,5,45.0,25.0,4.5,0.2,0.8,447.36842105263156
6,3,5,55.0,25.0,4.5,0.2,0.8,447.36842105263156
7,3,5,65.0,25.0,4.5,0.2,0.8,447.36842105263156
8,3,5,75.0,25.0,4.5,0.2,0.8,447.36842105263156
9,3,5,85.0,25.0,4.5,0.2,0.8,447.36842105263156
10,3,5,95.0,25.0,4.5,0.2,0.8,447.36842105263156
11,3,5,105.0,25.0,4.5,0.2,0.8,447.36842105263156
12,3,5,115.0,25.0,4.5,0.2,0.8,447.36842105263156
13,3,5,125.0,25.0,4.5,0.2,0.8,447.36842105263156
14,3,5,135.0,25.0,4.5,0.2,0.8,447.36842105263156
15,3,5,145.0,25.0,4.5,0.2,0.8,447.36842105263156
16,3,5,155.0,25.0,4.5,0.2,0.8,447.36842105263156
17,3,5,165.0,25.0,4.5,0.2,0.8,447.36842105263156
18,3,5,175.0,25.0,4.5,0.2,0.8,447.36842105263156
19,3,5,185.0,25.0,4.5,0.2,0.8,447.36842105263156
20,3,5,195.0,25.0,4.5,0.2,0.8,447.36842105263156
21,3,5,205.0,25.0,4.5,0.2,0.8,447.36842105263156
22,3,5,215.0,25.0,4.5,0.2,0.8,447.36842105263156
23,3,5,225.0,25.0,4.5,0.2,0.8,447.36842105263156
24,3,5,235.0,25.0,4.5,0.2,0.8,447.36842105263156
25,3,5,245.0,25.0,4.5,0.2,0.8,447.36842105263156
26,3,5,255.0,25.0,4.5,0.2,0.8,447.36842105263156
27,3,5,265.0,25.0,4.5,0.2,0.8,447.36842105263156
28,3,5,275.0,25.0,4.5,0.2,0.8,447.36842105263156
29,3,5,285.0,25.0,4.5,0.2,0.8,447.36842105263156
30,3,5,295.0,25.0,4.5,0.2,0.8,447.36842105263156
31,3,5,305.0,25.0,4.5,0.2,0.8,447.36842105263156
32,3,5,315.0,25.0,4.5,0.2,0.8,447.36842105263156
33,3,5,325.0,25.0,4.5,0.2,0.8,447.36842105263156
34,3,5,335.0,25.0,4.5,0.2,0.8,447.36842105263156
35,3,5,345.0,25.0,4.5,0.2,0.8,447.36842105263156
36,3,5,355.0,25.0,4.5,0.2,0.8,447.36842105263156
37,3,5,365.0,25.0,4.5,0.2,0.8,447.36842105263156
38,3,5,375.0,25.0,4.5,0.2,0.8,447.36842105263156
39,3,5,385.0,25.0,4.5,0.2,0.8,447.36842105263156
40,3,5,395.0,25.0,4.5,0.2,0.8,447.36842105263156
41,3,5,405.0,25.0,4.5,0.2,0.8,447.36842105263156
42,3,5,415.0,25.0,4.5,0.2,0.8,447.36842105263156
43,3,5,425.0,25.0,4.5,0.2,0.8,447.36842105263156
44,3,5,435.0,25.0,4.5,0.2,0.8,447.36842105263156
45,3,5,445.0,25.0,4.5,0.2,0.8,447.36842105263156
46,3,5,455.0,25.0,4.5,0.2,0.8,447.36842105263156
47,3,5,465.0,25.0,4.5,0.2,0.8,447.36842105263156
48,3,5,475.0,25.0,4.5,0.2,0.8,447.36842105263156
49,3,5,485.0,25.0,4.5,0.2,0.8,447.36842105263156
50,3,5,495.0,25.0,4.5,0.2,0.8,447.36842105263156
1,4,5,5.0,35.0,4.5,0.2,0.8,447.36842105263156
2,4,5,15.0,35.0,4.5,0.2,0.8,447.36842105263156
3,4,5,25.0,35.0,4.5,0.2,0.8,447.36842105263156
4,4,5,35.0,35.0,4.5,0.2,0.8,447.36842105263156
5,4,5,45.0,35.0,4.5,0.2,0.8,447.36842105263156
6,4,5,55.0,35.0,4.5,0.2,0.8,447.36842105263156
7,4,5,65.0,35.0,4.5,0.2,0.8,447.36842105263156
8,4,5,75.0,35.0,4.5,0.2,0.8,447.36842105263156
9,4,5,85.0,35.0,4.5,0.2,0.8,447.36842105263156
10,4,5,95.0,35.0,4.5,0.2,0.8,447.36842105263156
11,4,5,105.0,35.0,4.5,0.2,0.8,447.36842105263156
12,4,5,115.0,35.0,4.5,0.2,0.8,447.36842105263156
13,4,5,125.0,35.0,4.5,0.2,0.8,447.36842105263156
14,4,5,135.0,35.0,4.5,0.2,0.8,447.36842105263156
15,4,5,145.0,35.0,4.5,0.2,0.8,447.36842105263156
16,4,5,155.0,35.0,4.5,0.2,0.8,447.36842105263156
17,4,5,165.0,35.0,4.5,0.2,0.8,447.36842105263156
18,4,5,175.0,35.0,4.5,0.2,0.8,447.36842105263156
19,4,5,185.0,35.0,4.5,0.2,0.8,447.36842105263156
20,4,5,195.0,35.0,4.5,0.2,0.8,447.36842105263156
21,4,5,205.0,35.0,4.5,0.2,0.8,447.36842105263156
22,4,5,215.0,35.0,4.5,0.2,0.8,447.36842105263156
23,4,5,225.0,35.0,4.5,0.2,0.8,447.36842105263156
24,4,5,235.0,35.0,4.5,0.2,0.8,447.36842105263156
25,4,5,245.0,35.0,4.5,0.2,0.8,447.36842105263156
26,4,5,255.0,35.0,4.5,0.2,0.8,447.36842105263156
27,4,5,265.0,35.0,4.5,0.2,0.8,447.36842105263156
28,4,5,275.0,35.0,4.5,0.2,0.8,447.36842105263156
29,4,5,285.0,35.0,4.5,0.2,0.8,447.36842105263156
30,4,5,295.0,35.0,4.5,0.2,0.8,447.36842105263156
31,4,5,305.0,35.0,4.5,0.2,0.8,447.36842105263156
32,4,5,315.0,35.0,4.5,0.2,0.8,447.36842105263156
33,4,5,325.0,35.0,4.5,0.2,0.8,447.36842105263156
34,4,5,335.0,35.0,4.5,0.2,0.8,447.36842105263156
35,4,5,345.0,35.0,4.5,0.2,0.8,447.36842105263156
36,4,5,355.0,35.0,4.5,0.2,0.8,447.36842105263156
37,4,5,365.0,35.0,4.5,0.2,0.8,447.36842105263156
38,4,5,375.0,35.0,4.5,0.2,0.8,447.36842105263156
39,4,5,385.0,35.0,4.5,0.2,0.8,447.36842105263156
40,4,5,395.0,35.0,4.5,0.2,0.8,447.36842105263156
41,4,5,405.0,35.0,4.5,0.2,0.8,447.36842105263156
42,4,5,415.0,35.0,4.5,0.2,0.8,447.36842105263156
43,4,5,425.0,35.0,4.5,0.2,0.8,447.36842105263156
44,4,5,435.0,35.0,4.5,0.2,0.8,447.36842105263156
45,4,5,445.0,35.0,4.5,0.2,0.8,447.36842105263156
46,4,5,455.0,35.0,4.5,0.2,0.8,447.36842105263156
47,4,5,465.0,35.0,4.5,0.2,0.8,447.36842105263156
48,4,5,475.0,35.0,4.5,0.2,0.8,447.36842105263156
49,4,5,485.0,35.0,4.5,0.2,0.8,447.36842105263156
50,4,5,495.0,35.0,4.5,0.2,0.8,447.36842105263156
1,5,5,5.0,45.0,4.5,0.2,0.8,447.36842105263156
2,5,5,15.0,45.0,4.5,0.2,0.8,447.36842105263156
3,5,5,25.0,45.0,4.5,0.2,0.8,447.36842105263156
4,5,5,35.0,45.0,4.5,0.2,0.8,447.36842105263156
5,5,5,45.0,45.0,4.5,0.2,0.8,447.36842105263156
6,5,5,55.0,45.0,4.5,0.2,0.8,447.36842105263156
7,5,5,65.0,45.0,4.5,0.2,0.8,447.36842105263156
8,5,5,75.0,45.0,4.5,0.2,0.8,447.36842105263156
9,5,5,85.0,45.0,4.5,0.2,0.8,447.36842105263156
10,5,5,95.0,45.0,4.5,0.2,0.8,447.36842105263156
11,5,5,105.0,45.0,4.5,0.2,0.8,447.36842105263156
12,5,5,115.0,45.0,4.5,0.2,0.8,447.36842105263156
13,5,5,125.0,45.0,4.5,0.2,0.8,447.36842105263156
14,5,5,135.0,45.0,4.5,0.2,0.8,447.36842105263156
15,5,5,145.0,45.0,4.5,0.2,0.8,447.36842105263156
16,5,5,155.0,45.0,4.5,0.2,0.8,447.36842105263156
17,5,5,165.0,45.0,4.5,0.2,0.8,447.36842105263156
18,5,5,175.0,45.0,4.5,0.2,0.8,447.36842105263156
19,5,5,185.0,45.0,4.5,0.2,0.8,447.36842105263156
20,5,5,195.0,45.0,4.5,0.2,0.8,447.36842105263156
21,5,5,205.0,45.0,4.5,0.2,0.8,447.36842105263156
22,5,5,215.0,45.0,4.5,0.2,0.8,447.36842105263156
23,5,5,225.0,45.0,4.5,0.2,0.8,447.36842105263156
24,5,5,235.0,45.0,4.5,0.2,0.8,447.36842105263156
25,5,5,245.0,45.0,4.5,0.2,0.8,447.36842105263156
26,5,5,255.0,45.0,4.5,0.2,0.8,447.36842105263156
27,5,5,265.0,45.0,4.5,0.2,0.8,447.36842105263156
28,5,5,275.0,45.0,4.5,0.2,0.8,447.36842105263156
29,5,5,285.0,45.0,4.5,0.2,0.8,447.36842105263156
30,5,5,295.0,45.0,4.5,0.2,0.8,447.36842105263156
31,5,5,305.0,45.0,4.5,0.2,0.8,447.36842105263156
32,5,5,315.0,45.0,4.5,0.2,0.8,447.36842105263156
33,5,5,325.0,45.0,4.5,0.2,0.8,447.36842105263156
34,5,5,335.0,45.0,4.5,0.2,0.8,447.36842105263156
35,5,5,345.0,45.0,4.5,0.2,0.8,447.36842105263156
36,5,5,355.0,45.0,4.5,0.2,0.8,447.36842105263156
37,5,5,365.0,45.0,4.5,0.2,0.8,447.36842105263156
38,5,5,375.0,45.0,4.5,0.2,0.8,447.36842105263156
39,5,5,385.0,45.0,4.5,0.2,0.8,447.36842105263156
40,5,5,395.0,45.0,4.5,0.2,0.8,447.36842105263156
41,5,5,405.0,45.0,4.5,0.2,0.8,447.36842105263156
42,5,5,415.0,45.0,4.5,0.2,0.8,447.36842105263156
43,5,5,425.0,45.0,4.5,0.2,0.8,447.36842105263156
44,5,5,435.0,45.0,4.5,0.2,0.8,447.36842105263156
45,5,5,445.0,45.0,4.5,0.2,0.8,447.36842105263156
46,5,5,455.0,45.0,4.5,0.2,0.8,447.36842105263156
47,5,5,465.0,45.0,4.5,0.2,0.8,447.36842105263156
48,5,5,475.0,45.0,4.5,0.2,0.8,447.36842105263156
49,5,5,485.0,45.0,4.5,0.2,0.8,447.36842105263156
50,5,5,495.0,45.0,4.5,0.2,0.8,447.36842105263156
1,6,5,5.0,55.0,4.5,0.2,0.8,447.36842105263156
2,6,5,15.0,55.0,4.5,0.2,0.8,447.36842105263156
3,6,5,25.0,55.0,4.5,0.2,0.8,447.36842105263156
4,6,5,35.0,55.0,4.5,0.2,0.8,447.36842105263156
5,6,5,45.0,55.0,4.5,0.2,0.8,447.36842105263156
6,6,5,55.0,55.0,4.5,0.2,0.8,447.36842105263156
7,6,5,65.0,55.0,4.5,0.2,0.8,447.36842105263156
8,6,5,75.0,55.0,4.5,0.2,0.8,447.36842105263156
9,6,5,85.0,55.0,4.5,0.2,0.8,447.36842105263156
10,6,5,95.0,55.0,4.5,0.2,0.8,447.36842105263156
11,6,5,105.0,55.0,4.5,0.2,0.8,447.36842105263156
12,6,5,115.0,55.0,4.5,0.2,0.8,447.36842105263156
13,6,5,125.0,55.0,4.5,0.2,0.8,447.36842105263156
14,6,5,135.0,55.0,4.5,0.2,0.8,447.36842105263156
15,6,5,145.0,55.0,4.5,0.2,0.8,447.36842105263156
16,6,5,155.0,55.0,4.5,0.2,0.8,447.36842105263156
17,6,5,165.0,55.0,4.5,0.2,0.8,447.36842105263156
18,6,5,175.0,55.0,4.5,0.2,0.8,447.36842105263156
19,6,5,185.0,55.0,4.5,0.2,0.8,447.36842105263156
20,6,5,195.0,55.0,4.5,0.2,0.8,447.36842105263156
21,6,5,205.0,55.0,4.5,0.2,0.8,447.36842105263156
22,6,5,215.0,55.0,4.5,0.2,0.8,447.36842105263156
23,6,5,225.0,55.0,4.5,0.2,0.8,447.36842105263156
24,6,5,235.0,55.0,4.5,0.2,0.8,447.36842105263156
25,6,5,245.0,55.0,4.5,0.2,0.8,447.36842105263156
26,6,5,255.0,55.0,4.5,0.2,0.8,447.36842105263156
27,6,5,265.0,55.0,4.5,0.2,0.8,447.36842105263156
28,6,5,275.0,55.0,4.5,0.2,0.8,447.36842105263156
29,6,5,285.0,55.0,4.5,0.2,0.8,447.36842105263156
30,6,5,295.0,55.0,4.5,0.2,0.8,447.36842105263156
31,6,5,305.0,55.0,4.5,0.2,0.8,447.36842105263156
32,6,5,315.0,55.0,4.5,0.2,0.8,447.36842105263156
33,6,5,325.0,55.0,4.5,0.2,0.8,447.36842105263156
34,6,5,335.0,55.0,4.5,0.2,0.8,447.36842105263156
35,6,5,345.0,55.0,4.5,0.2,0.8,447.36842105263156
36,6,5,355.0,55.0,4.5,0.2,0.8,447.36842105263156
37,6,5,365.0,55.0,4.5,0.2,0.8,447.36842105263156
38,6,5,375.0,55.0,4.5,0.2,0.8,447.36842105263156
39,6,5,385.0,55.0,4.5,0.2,0.8,447.36842105263156
40,6,5,395.0,55.0,4.5,0.2,0.8,447.36842105263156
41,6,5,405.0,55.0,4.5,0.2,0.8,447.36842105263156
42,6,5,415.0,55.0,4.5,0.2,0.8,447.36842105263156
43,6,5,425.0,55.0,4.5,0.2,0.8,447.36842105263156
44,6,5,435.0,55.0,4.5,0.2,0.8,447.36842105263156
45,6,5,445.0,55.0,4.5,0.2,0.8,447.36842105263156
46,6,5,455.0,55.0,4.5,0.2,0.8,447.36842105263156
47,6,5,465.0,55.0,4.5,0.2,0.8,447.36842105263156
48,6,5,475.0,55.0,4.5,0.2,0.8,447.36842105263156
49,6,5,485.0,55.0,4.5,0.2,0.8,447.36842105263156
50,6,5,495.0,55.0,4.5,0.2,0.8,447.36842105263156
1,7,5,5.0,65.0,4.5,0.2,0.8,447.36842105263156
2,7,5,15.0,65.0,4.5,0.2,0.8,447.36842105263156
3,7,5,25.0,65.0,4.5,0.2,0.8,447.36842105263156
4,7,5,35.0,65.0,4.5,0.2,0.8,447.36842105263156
5,7,5,45.0,65.0,4.5,0.2,0.8,447.36842105263156
6,7,5,55.0,65.0,4.5,0.2,0.8,447.36842105263156
7,7,5,65.0,65.0,4.5,0.2,0.8,447.36842105263156
8,7,5,75.0,65.0,4.5,0.2,0.8,447.36842105263156
9,7,5,85.0,65.0,4.5,0.2,0.8,447.36842105263156
10,7,5,95.0,65.0,4.5,0.2,0.8,447.36842105263156
11,7,5,105.0,65.0,4.5,0.2,0.8,447.36842105263156
12,7,5,115.0,65.0,4.5,0.2,0.8,447.36842105263156
13,7,5,125.0,65.0,4.5,0.2,0.8,447.36842105263156
14,7,5,135.0,65.0,4.5,0.2,0.8,447.36842105263156
15,7,5,145.0,65.0,4.5,0.2,0.8,447.36842105263156
16,7,5,155.0,65.0,4.5,0.2,0.8,447.36842105263156
17,7,5,165.0,65.0,4.5,0.2,0.8,447.36842105263156
18,7,5,175.0,65.0,4.5,0.2,0.8,447.36842105263156
19,7,5,185.0,65.0,4.5,0.2,0.8,447.36842105263156
20,7,5,195.0,65.0,4.5,0.2,0.8,447.36842105263156
21,7,5,205.0,65.0,4.5,0.2,0.8,447.36842105263156
22,7,5,215.0,65.0,4.5,0.2,0.8,447.36842105263156
23,7,5,225.0,65.0,4.5,0.2,0.8,447.36842105263156
24,7,5,235.0,65.0,4.5,0.2,0.8,447.36842105263156
25,7,5,245.0,65.0,4.5,0.2,0.8,447.36842105263156
26,7,5,255.0,65.0,4.5,0.2,0.8,447.36842105263156
27,7,5,265.0,65.0,4.5,0.2,0.8,447.36842105263156
28,7,5,275.0,65.0,4.5,0.2,0.8,447.36842105263156
29,7,5,285.0,65.0,4.5,0.2,0.8,447.36842105263156
30,7,5,295.0,65.0,4.5,0.2,0.8,447.36842105263156
31,7,5,305.0,65.0,4.5,0.2,0.8,447.36842105263156
32,7,5,315.0,65.0,4.5,0.2,0.8,447.36842105263156
33,7,5,325.0,65.0,4.5,0.2,0.8,447.36842105263156
34,7,5,335.0,65.0,4.5,0.2,0.8,447.36842105263156
35,7,5,345.0,65.0,4.5,0.2,0.8,447.36842105263156
36,7,5,355.0,65.0,4.5,0.2,0.8,447.36842105263156
37,7,5,365.0,65.0,4.5,0.2,0.8,447.36842105263156
38,7,5,375.0,65.0,4.5,0.2,0.8,447.36842105263156
39,7,5,385.0,65.0,4.5,0.2,0.8,447.36842105263156
40,7,5,395.0,65.0,4.5,0.2,0.8,447.36842105263156
41,7,5,405.0,65.0,4.5,0.2,0.8,447.36842105263156
42,7,5,415.0,65.0,4.5,0.2,0.8,447.36842105263156
43,7,5,425.0,65.0,4.5,0.2,0.8,447.36842105263156
44,7,5,435.0,65.0,4.5,0.2,0.8,447.36842105263156
45,7,5,445.0,65.0,4.5,0.2,0.8,447.36842105263156
46,7,5,455.0,65.0,4.5,0.2,0.8,447.36842105263156
47,7,5,465.0,65.0,4.5,0.2,0.8,447.36842105263156
48,7,5,475.0,65.0,4.5,0.2,0.8,447.36842105263156
49,7,5,485.0,65.0,4.5,0.2,0.8,447.36842105263156
50,7,5,495.0,65.0,4.5,0.2,0.8,447.36842105263156
1,8,5,5.0,75.0,4.5,0.2,0.8,447.36842105263156
2,8,5,15.0,75.0,4.5,0.2,0.8,447.36842105263156
3,8,5,25.0,75.0,4.5,0.2,0.8,447.36842105263156
4,8,5,35.0,75.0,4.5,0.2,0.8,447.36842105263156
5,8,5,45.0,75.0,4.5,0.2,0.8,447.36842105263156
6,8,5,55.0,75.0,4.5,0.2,0.8,447.36842105263156
7,8,5,65.0,75.0,4.5,0.2,0.8,447.36842105263156
8,8,5,75.0,75.0,4.5,0.2,0.8,447.36842105263156
9,8,5,85.0,75.0,4.5,0.2,0.8,447.36842105263156
10,8,5,95.0,75.0,4.5,0.2,0.8,447.36842105263156
11,8,5,105.0,75.0,4.5,0.2,0.8,447.36842105263156
12,8,5,115.0,75.0,4.5,0.2,0.8,447.36842105263156
13,8,5,125.0,75.0,4.5,0.2,0.8,447.36842105263156
14,8,5,135.0,75.0,4.5,0.2,0.8,447.36842105263156
15,8,5,145.0,75.0,4.5,0.2,0.8,447.36842105263156
16,8,5,155.0,75.0,4.5,0.2,0.8,447.36842105263156
17,8,5,165.0,75.0,4.5,0.2,0.8,447.36842105263156
18,8,5,175.0,75.0,4.5,0.2,0.8,447.36842105263156
19,8,5,185.0,75.0,4.5,0.2,0.8,447.36842105263156
20,8,5,195.0,75.0,4.5,0.2,0.8,447.36842105263156
21,8,5,205.0,75.0,4.5,0.2,0.8,447.36842105263156
22,8,5,215.0,75.0,4.5,0.2,0.8,447.36842105263156
23,8,5,225.0,75.0,4.5,0.2,0.8,447.36842105263156
24,8,5,235.0,75.0,4.5,0.2,0.8,447.36842105263156
25,8,5,245.0,75.0,4.5,0.2,0.8,447.36842105263156
26,8,5,255.0,75.0,4.5,0.2,0.8,447.36842105263156
27,8,5,265.0,75.0,4.5,0.2,0.8,447.36842105263156
28,8,5,275.0,75.0,4.5,0.2,0.8,447.36842105263156
29,8,5,285.0,75.0,4.5,0.2,0.8,447.36842105263156
30,8,5,295.0,75.0,4.5,0.2,0.8,447.36842105263156
31,8,5,305.0,75.0,4.5,0.2,0.8,447.36842105263156
32,8,5,315.0,75.0,4.5,0.2,0.8,447.36842105263156
33,8,5,325.0,75.0,4.5,0.2,0.8,447.36842105263156
34,8,5,335.0,75.0,4.5,0.2,0.8,447.36842105263156
35,8,5,345.0,75.0,4.5,0.2,0.8,447.36842105263156
36,8,5,355.0,75.0,4.5,0.2,0.8,447.36842105263156
37,8,5,365.0,75.0,4.5,0.2,0.8,447.36842105263156
38,8,5,375.0,75.0,4.5,0.2,0.8,447.36842105263156
39,8,5,385.0,75.0,4.5,0.2,0.8,447.36842105263156
40,8,5,395.0,75.0,4.5,0.2,0.8,447.36842105263156
41,8,5,405.0,75.0,4.5,0.2,0.8,447.36842105263156
42,8,5,415.0,75.0,4.5,0.2,0.8,447.36842105263156
43,8,5,425.0,75.0,4.5,0.2,0.8,447.36842105263156
44,8,5,435.0,75.0,4.5,0.2,0.8,447.36842105263156
45,8,5,445.0,75.0,4.5,0.2,0.8,447.36842105263156
46,8,5,455.0,75.0,4.5,0.2,0.8,447.36842105263156
47,8,5,465.0,75.0,4.5,0.2,0.8,447.36842105263156
48,8,5,475.0,75.0,4.5,0.2,0.8,447.36842105263156
49,8,5,485.0,75.0,4.5,0.2,0.8,447.36842105263156
50,8,5,495.0,75.0,4.5,0.2,0.8,447.36842105263156
1,9,5,5.0,85.0,4.5,0.2,0.8,447.36842105263156
2,9,5,15.0,85.0,4.5,0.2,0.8,447.36842105263156
3,9,5,25.0,85.0,4.5,0.2,0.8,447.36842105263156
4,9,5,35.0,85.0,4.5,0.2,0.8,447.36842105263156
5,9,5,45.0,85.0,4.5,0.2,0.8,447.36842105263156
6,9,5,55.0,85.0,4.5,0.2,0.8,447.36842105263156
7,9,5,65.0,85.0,4.5,0.2,0.8,447.36842105263156
8,9,5,75.0,85.0,4.5,0.2,0.8,447.36842105263156
9,9,5,85.0,85.0,4.5,0.2,0.8,447.36842105263156
10,9,5,95.0,85.0,4.5,0.2,0.8,447.36842105263156
11,9,5,105.0,85.0,4.5,0.2,0.8,447.36842105263156
12,9,5,115.0,85.0,4.5,0.2,0.8,447.36842105263156
13,9,5,125.0,85.0,4.5,0.2,0.8,447.36842105263156
14,9,5,135.0,85.0,4.5,0.2,0.8,447.36842105263156
15,9,5,145.0,85.0,4.5,0.2,0.8,447.36842105263156
16,9,5,155.0,85.0,4.5,0.2,0.8,447.36842105263156
17,9,5,165.0,85.0,4.5,0.2,0.8,447.36842105263156
18,9,5,175.0,85.0,4.5,0.2,0.8,447.36842105263156
19,9,5,185.0,85.0,4.5,0.2,0.8,447.36842105263156
20,9,5,195.0,85.0,4.5,0.2,0.8,447.36842105263156
21,9,5,205.0,85.0,4.5,0.2,0.8,447.36842105263156
22,9,5,215.0,85.0,4.5,0.2,0.8,447.36842105263156
23,9,5,225.0,85.0,4.5,0.2,0.8,447.36842105263156
24,9,5,235.0,85.0,4.5,0.2,0.8,447.36842105263156
25,9,5,245.0,85.0,4.5,0.2,0.8,447.36842105263156
26,9,5,255.0,85.0,4.5,0.2,0.8,447.36842105263156
27,9,5,265.0,85.0,4.5,0.2,0.8,447.36842105263156
28,9,5,275.0,85.0,4.5,0.2,0.8,447.36842105263156
29,9,5,285.0,85.0,4.5,0.2,0.8,447.36842105263156
30,9,5,295.0,85.0,4.5,0.2,0.8,447.36842105263156
31,9,5,305.0,85.0,4.5,0.2,0.8,447.36842105263156
32,9,5,315.0,85.0,4.5,0.2,0.8,447.36842105263156
33,9,5,325.0,85.0,4.5,0.2,0.8,447.36842105263156
34,9,5,335.0,85.0,4.5,0.2,0.8,447.36842105263156
35,9,5,345.0,85.0,4.5,0.2,0.8,447.36842105263156
36,9,5,355.0,85.0,4.5,0.2,0.8,447.36842105263156
37,9,5,365.0,85.0,4.5,0.2,0.8,447.36842105263156
38,9,5,375.0,85.0,4.5,0.2,0.8,447.36842105263156
39,9,5,385.0,85.0,4.5,0.2,0.8,447.36842105263156
40,9,5,395.0,85.0,4.5,0.2,0.8,447.36842105263156
41,9,5,405.0,85.0,4.5,0.2,0.8,447.36842105263156
42,9,5,415.0,85.0,4.5,0.2,0.8,447.36842105263156
43,9,5,425.0,85.0,4.5,0.2,0.8,447.36842105263156
44,9,5,435.0,85.0,4.5,0.2,0.8,447.36842105263156
45,9,5,445.0,85.0,4.5,0.2,0.8,447.36842105263156
46,9,5,455.0,85.0,4.5,0.2,0.8,447.36842105263156
47,9,5,465.0,85.0,4.5,0.2,0.8,447.36842105263156
48,9,5,475.0,85.0,4.5,0.2,0.8,447.36842105263156
49,9,5,485.0,85.0,4.5,0.2,0.8,447.36842105263156
50,9,5,495.0,85.0,4.5,0.2,0.8,447.36842105263156
1,10,5,5.0,95.0,4.5,0.2,0.8,447.36842105263156
2,10,5,15.0,95.0,4.5,0.2,0.8,447.36842105263156
3,10,5,25.0,95.0,4.5,0.2,0.8,447.36842105263156
4,10,5,35.0,95.0,4.5,0.2,0.8,447.36842105263156
5,10,5,45.0,95.0,4.5,0.2,0.8,447.36842105263156
6,10,5,55.0,95.0,4.5,0.2,0.8,447.36842105263156
7,10,5,65.0,95.0,4.5,0.2,0.8,447.36842105263156
8,10,5,75.0,95.0,4.5,0.2,0.8,447.36842105263156
9,10,5,85.0,95.0,4.5,0.2,0.8,447.36842105263156
10,10,5,95.0,95.0,4.5,0.2,0.8,447.36842105263156
11,10,5,105.0,95.0,4.5,0.2,0.8,447.36842105263156
12,10,5,115.0,95.0,4.5,0.2,0.8,447.36842105263156
13,10,5,125.0,95.0,4.5,0.2,0.8,447.36842105263156
14,10,5,135.0,95.0,4.5,0.2,0.8,447.36842105263156
15,10,5,145.0,95.0,4.5,0.2,0.8,447.36842105263156
16,10,5,155.0,95.0,4.5,0.2,0.8,447.36842105263156
17,10,5,165.0,95.0,4.5,0.2,0.8,447.36842105263156
18,10,5,175.0,95.0,4.5,0.2,0.8,447.36842105263156
19,10,5,185.0,95.0,4.5,0.2,0.8,447.36842105263156
20,10,5,195.0,95.0,4.5,0.2,0.8,447.36842105263156
21,10,5,205.0,95.0,4.5,0.2,0.8,447.36842105263156
22,10,5,215.0,95.0,4.5,0.2,0.8,447.36842105263156
23,10,5,225.0,95.0,4.5,0.2,0.8,447.36842105263156
24,10,5,235.0,95.0,4.5,0.2,0.8,447.36842105263156
25,10,5,245.0,95.0,4.5,0.2,0.8,447.36842105263156
26,10,5,255.0,95.0,4.5,0.2,0.8,447.36842105263156
27,10,5,265.0,95.0,4.5,0.2,0.8,447.36842105263156
28,10,5,275.0,95.0,4.5,0.2,0.8,447.36842105263156
29,10,5,285.0,95.0,4.5,0.2,0.8,447.36842105263156
30,10,5,295.0,95.0,4.5,0.2,0.8,447.36842105263156
31,10,5,305.0,95.0,4.5,0.2,0.8,447.36842105263156
32,10,5,315.0,95.0,4.5,0.2,0.8,447.36842105263156
33,10,5,325.0,95.0,4.5,0.2,0.8,447.36842105263156
34,10,5,335.0,95.0,4.5,0.2,0.8,447.36842105263156
35,10,5,345.0,95.0,4.5,0.2,0.8,447.36842105263156
36,10,5,355.0,95.0,4.5,0.2,0.8,447.36842105263156
37,10,5,365.0,95.0,4.5,0.2,0.8,447.36842105263156
38,10,5,375.0,95.0,4.5,0.2,0.8,447.36842105263156
39,10,5,385.0,95.0,4.5,0.2,0.8,447.36842105263156
40,10,5,395.0,95.0,4.5,0.2,0.8,447.36842105263156
41,10,5,405.0,95.0,4.5,0.2,0.8,447.36842105263156
42,10,5,415.0,95.0,4.5,0.2,0.8,447.36842105263156
43,10,5,425.0,95.0,4.5,0.2,0.8,447.36842105263156
44,10,5,435.0,95.0,4.5,0.2,0.8,447.36842105263156
45,10,5,445.0,95.0,4.5,0.2,0.8,447.36842105263156
46,10,5,455.0,95.0,4.5,0.2,0.8,447.36842105263156
47,10,5,465.0,95.0,4.5,0.2,0.8,447.36842105263156
48,10,5,475.0,95.0,4.5,0.2,0.8,447.36842105263156
49,10,5,485.0,95.0,4.5,0.2,0.8,447.36842105263156
50,10,5,495.0,95.0,4.5,0.2,0.8,447.36842105263156
1,1,6,5.0,5.0,5.5,0.2,0.8,517.5438596491227
2,1,6,15.0,5.0,5.5,0.2,0.8,517.5438596491227
3,1,6,25.0,5.0,5.5,0.2,0.8,517.5438596491227
4,1,6,35.0,5.0,5.5,0.2,0.8,517.5438596491227
5,1,6,45.0,5.0,5.5,0.2,0.8,517.5438596491227
6,1,6,55.0,5.0,5.5,0.2,0.8,517.5438596491227
7,1,6,65.0,5.0,5.5,0.2,0.8,517.5438596491227
8,1,6,75.0,5.0,5.5,0.2,0.8,517.5438596491227
9,1,6,85.0,5.0,5.5,0.2,0.8,517.5438596491227
10,1,6,95.0,5.0,5.5,0.2,0.8,517.5438596491227
11,1,6,105.0,5.0,5.5,0.2,0.8,517.5438596491227
12,1,6,115.0,5.0,5.5,0.2,0.8,517.5438596491227
13,1,6,125.0,5.0,5.5,0.2,0.8,517.5438596491227
14,1,6,135.0,5.0,5.5,0.2,0.8,517.5438596491227
15,1,6,145.0,5.0,5.5,0.2,0.8,517.5438596491227
16,1,6,155.0,5.0,5.5,0.2,0.8,517.5438596491227
17,1,6,165.0,5.0,5.5,0.2,0.8,517.5438596491227
18,1,6,175.0,5.0,5.5,0.2,0.8,517.5438596491227
19,1,6,185.0,5.0,5.5,0.2,0.8,517.5438596491227
20,1,6,195.0,5.0,5.5,0.2,0.8,517.5438596491227
21,1,6,205.0,5.0,5.5,0.2,0.8,517.5438596491227
22,1,6,215.0,5.0,5.5,0.2,0.8,517.5438596491227
23,1,6,225.0,5.0,5.5,0.2,0.8,517.5438596491227
24,1,6,235.0,5.0,5.5,0.2,0.8,517.5438596491227
25,1,6,245.0,5.0,5.5,0.2,0.8,517.5438596491227
26,1,6,255.0,5.0,5.5,0.2,0.8,517.5438596491227
27,1,6,265.0,5.0,5.5,0.2,0.8,517.5438596491227
28,1,6,275.0,5.0,5.5,0.2,0.8,517.5438596491227
29,1,6,285.0,5.0,5.5,0.2,0.8,517.5438596491227
30,1,6,295.0,5.0,5.5,0.2,0.8,517.5438596491227
31,1,6,305.0,5.0,5.5,0.2,0.8,517.5438596491227
32,1,6,315.0,5.0,5.5,0.2,0.8,517.5438596491227
33,1,6,325.0,5.0,5.5,0.2,0.8,517.5438596491227
34,1,6,335.0,5.0,5.5,0.2,0.8,517.5438596491227
35,1,6,345.0,5.0,5.5,0.2,0.8,517.5438596491227
36,1,6,355.0,5.0,5.5,0.2,0.8,517.5438596491227
37,1,6,365.0,5.0,5.5,0.2,0.8,517.5438596491227
38,1,6,375.0,5.0,5.5,0.2,0.8,517.5438596491227
39,1,6,385.0,5.0,5.5,0.2,0.8,517.5438596491227
40,1,6,395.0,5.0,5.5,0.2,0.8,517.5438596491227
41,1,6,405.0,5.0,5.5,0.2,0.8,517.5438596491227
42,1,6,415.0,5.0,5.5,0.2,0.8,517.5438596491227
43,1,6,425.0,5.0,5.5,0.2,0.8,517.5438596491227
44,1,6,435.0,5.0,5.5,0.2,0.8,517.5438596491227
45,1,6,445.0,5.0,5.5,0.2,0.8,517.5438596491227
46,1,6,455.0,5.0,5.5,0.2,0.8,517.5438596491227
47,1,6,465.0,5.0,5.5,0.2,0.8,517.5438596491227
48,1,6,475.0,5.0,5.5,0.2,0.8,517.5438596491227
49,1,6,485.0,5.0,5.5,0.2,0.8,517.5438596491227
50,1,6,495.0,5.0,5.5,0.2,0.8,517.5438596491227
1,2,6,5.0,15.0,5.5,0.2,0.8,517.5438596491227
2,2,6,15.0,15.0,5.5,0.2,0.8,517.5438596491227
3,2,6,25.0,15.0,5.5,0.2,0.8,517.5438596491227
4,2,6,35.0,15.0,5.5,0.2,0.8,517.5438596491227
5,2,6,45.0,15.0,5.5,0.2,0.8,517.5438596491227
6,2,6,55.0,15.0,5.5,0.2,0.8,517.5438596491227
7,2,6,65.0,15.0,5.5,0.2,0.8,517.5438596491227
8,2,6,75.0,15.0,5.5,0.2,0.8,517.5438596491227
9,2,6,85.0,15.0,5.5,0.2,0.8,517.5438596491227
10,2,6,95.0,15.0,5.5,0.2,0.8,517.5438596491227
11,2,6,105.0,15.0,5.5,0.2,0.8,517.5438596491227
12,2,6,115.0,15.0,5.5,0.2,0.8,517.5438596491227
13,2,6,125.0,15.0,5.5,0.2,0.8,517.5438596491227
14,2,6,135.0,15.0,5.5,0.2,0.8,517.5438596491227
15,2,6,145.0,15.0,5.5,0.2,0.8,517.5438596491227
16,2,6,155.0,15.0,5.5,0.2,0.8,517.5438596491227
17,2,6,165.0,15.0,5.5,0.2,0.8,517.5438596491227
18,2,6,175.0,15.0,5.5,0.2,0.8,517.5438596491227
19,2,6,185.0,15.0,5.5,0.2,0.8,517.5438596491227
20,2,6,195.0,15.0,5.5,0.2,0.8,517.5438596491227
21,2,6,205.0,15.0,5.5,0.2,0.8,517.5438596491227
22,2,6,215.0,15.0,5.5,0.2,0.8,517.5438596491227
23,2,6,225.0,15.0,5.5,0.2,0.8,517.5438596491227
24,2,6,235.0,15.0,5.5,0.2,0.8,517.5438596491227
25,2,6,245.0,15.0,5.5,0.2,0.8,517.5438596491227
26,2,6,255.0,15.0,5.5,0.2,0.8,517.5438596491227
27,2,6,265.0,15.0,5.5,0.2,0.8,517.5438596491227
28,2,6,275.0,15.0,5.5,0.2,0.8,517.5438596491227
29,2,6,285.0,15.0,5.5,0.2,0.8,517.5438596491227
30,2,6,295.0,15.0,5.5,0.2,0.8,517.5438596491227
31,2,6,305.0,15.0,5.5,0.2,0.8,517.5438596491227
32,2,6,315.0,15.0,5.5,0.2,0.8,517.5438596491227
33,2,6,325.0,15.0,5.5,0.2,0.8,517.5438596491227
34,2,6,335.0,15.0,5.5,0.2,0.8,517.5438596491227
35,2,6,345.0,15.0,5.5,0.2,0.8,517.5438596491227
36,2,6,355.0,15.0,5.5,0.2,0.8,517.5438596491227
37,2,6,365.0,15.0,5.5,0.2,0.8,517.5438596491227
38,2,6,375.0,15.0,5.5,0.2,0.8,517.5438596491227
39,2,6,385.0,15.0,5.5,0.2,0.8,517.5438596491227
40,2,6,395.0,15.0,5.5,0.2,0.8,517.5438596491227
41,2,6,405.0,15.0,5.5,0.2,0.8,517.5438596491227
42,2,6,415.0,15.0,5.5,0.2,0.8,517.5438596491227
43,2,6,425.0,15.0,5.5,0.2,0.8,517.5438596491227
44,2,6,435.0,15.0,5.5,0.2,0.8,517.5438596491227
45,2,6,445.0,15.0,5.5,0.2,0.8,517.5438596491227
46,2,6,455.0,15.0,5.5,0.2,0.8,517.5438596491227
47,2,6,465.0,15.0,5.5,0.2,0.8,517.5438596491227
48,2,6,475.0,15.0,5.5,0.2,0.8,517.5438596491227
49,2,6,485.0,15.0,5.5,0.2,0.8,517.5438596491227
50,2,6,495.0,15.0,5.5,0.2,0.8,517.5438596491227
1,3,6,5.0,25.0,5.5,0.2,0.8,517.5438596491227
2,3,6,15.0,25.0,5.5,0.2,0.8,517.5438596491227
3,3,6,25.0,25.0,5.5,0.2,0.8,517.5438596491227
4,3,6,35.0,25.0,5.5,0.2,0.8,517.5438596491227
5,3,6,45.0,25.0,5.5,0.2,0.8,517.5438596491227
6,3,6,55.0,25.0,5.5,0.2,0.8,517.5438596491227
7,3,6,65.0,25.0,5.5,0.2,0.8,517.5438596491227
8,3,6,75.0,25.0,5.5,0.2,0.8,517.5438596491227
9,3,6,85.0,25.0,5.5,0.2,0.8,517.5438596491227
10,3,6,95.0,25.0,5.5,0.2,0.8,517.5438596491227
11,3,6,105.0,25.0,5.5,0.2,0.8,517.5438596491227
12,3,6,115.0,25.0,5.5,0.2,0.8,517.5438596491227
13,3,6,125.0,25.0,5.5,0.2,0.8,517.5438596491227
14,3,6,135.0,25.0,5.5,0.2,0.8,517.5438596491227
15,3,6,145.0,25.0,5.5,0.2,0.8,517.5438596491227
16,3,6,155.0,25.0,5.5,0.2,0.8,517.5438596491227
17,3,6,165.0,25.0,5.5,0.2,0.8,517.5438596491227
18,3,6,175.0,25.0,5.5,0.2,0.8,517.5438596491227
19,3,6,185.0,25.0,5.5,0.2,0.8,517.5438596491227
20,3,6,195.0,25.0,5.5,0.2,0.8,517.5438596491227
21,3,6,205.0,25.0,5.5,0.2,0.8,517.5438596491227
22,3,6,215.0,25.0,5.5,0.2,0.8,517.5438596491227
23,3,6,225.0,25.0,5.5,0.2,0.8,517.5438596491227
24,3,6,235.0,25.0,5.5,0.2,0.8,517.5438596491227
25,3,6,245.0,25.0,5.5,0.2,0.8,517.5438596491227
26,3,6,255.0,25.0,5.5,0.2,0.8,517.5438596491227
27,3,6,265.0,25.0,5.5,0.2,0.8,517.5438596491227
28,3,6,275.0,25.0,5.5,0.2,0.8,517.5438596491227
29,3,6,285.0,25.0,5.5,0.2,0.8,517.5438596491227
30,3,6,295.0,25.0,5.5,0.2,0.8,517.5438596491227
31,3,6,305.0,25.0,5.5,0.2,0.8,517.5438596491227
32,3,6,315.0,25.0,5.5,0.2,0.8,517.5438596491227
33,3,6,325.0,25.0,5.5,0.2,0.8,517.5438596491227
34,3,6,335.0,25.0,5.5,0.2,0.8,517.5438596491227
35,3,6,345.0,25.0,5.5,0.2,0.8,517.5438596491227
36,3,6,355.0,25.0,5.5,0.2,0.8,517.5438596491227
37,3,6,365.0,25.0,5.5,0.2,0.8,517.5438596491227
38,3,6,375.0,25.0,5.5,0.2,0.8,517.5438596491227
39,3,6,385.0,25.0,5.5,0.2,0.8,517.5438596491227
40,3,6,395.0,25.0,5.5,0.2,0.8,517.5438596491227
41,3,6,405.0,25.0,5.5,0.2,0.8,517.5438596491227
42,3,6,415.0,25.0,5.5,0.2,0.8,517.5438596491227
43,3,6,425.0,25.0,5.5,0.2,0.8,517.5438596491227
44,3,6,435.0,25.0,5.5,0.2,0.8,517.5438596491227
45,3,6,445.0,25.0,5.5,0.2,0.8,517.5438596491227
46,3,6,455.0,25.0,5.5,0.2,0.8,517.5438596491227
47,3,6,465.0,25.0,5.5,0.2,0.8,517.5438596491227
48,3,6,475.0,25.0,5.5,0.2,0.8,517.5438596491227
49,3,6,485.0,25.0,5.5,0.2,0.8,517.5438596491227
50,3,6,495.0,25.0,5.5,0.2,0.8,517.5438596491227
1,4,6,5.0,35.0,5.5,0.2,0.8,517.5438596491227
2,4,6,15.0,35.0,5.5,0.2,0.8,517.5438596491227
3,4,6,25.0,35.0,5.5,0.2,0.8,517.5438596491227
4,4,6,35.0,35.0,5.5,0.2,0.8,517.5438596491227
5,4,6,45.0,35.0,5.5,0.2,0.8,517.5438596491227
6,4,6,55.0,35.0,5.5,0.2,0.8,517.5438596491227
7,4,6,65.0,35.0,5.5,0.2,0.8,517.5438596491227
8,4,6,75.0,35.0,5.5,0.2,0.8,517.5438596491227
9,4,6,85.0,35.0,5.5,0.2,0.8,517.5438596491227
10,4,6,95.0,35.0,5.5,0.2,0.8,517.5438596491227
11,4,6,105.0,35.0,5.5,0.2,0.8,517.5438596491227
12,4,6,115.0,35.0,5.5,0.2,0.8,517.5438596491227
13,4,6,125.0,35.0,5.5,0.2,0.8,517.5438596491227
14,4,6,135.0,35.0,5.5,0.2,0.8,517.5438596491227
15,4,6,145.0,35.0,5.5,0.2,0.8,517.5438596491227
16,4,6,155.0,35.0,5.5,0.2,0.8,517.5438596491227
17,4,6,165.0,35.0,5.5,0.2,0.8,517.5438596491227
18,4,6,175.0,35.0,5.5,0.2,0.8,517.5438596491227
19,4,6,185.0,35.0,5.5,0.2,0.8,517.5438596491227
20,4,6,195.0,35.0,5.5,0.2,0.8,517.5438596491227
21,4,6,205.0,35.0,5.5,0.2,0.8,517.5438596491227
22,4,6,215.0,35.0,5.5,0.2,0.8,517.5438596491227
23,4,6,225.0,35.0,5.5,0.2,0.8,517.5438596491227
24,4,6,235.0,35.0,5.5,0.2,0.8,517.5438596491227
25,4,6,245.0,35.0,5.5,0.2,0.8,517.5438596491227
26,4,6,255.0,35.0,5.5,0.2,0.8,517.5438596491227
27,4,6,265.0,35.0,5.5,0.2,0.8,517.5438596491227
28,4,6,275.0,35.0,5.5,0.2,0.8,517.5438596491227
29,4,6,285.0,35.0,5.5,0.2,0.8,517.5438596491227
30,4,6,295.0,35.0,5.5,0.2,0.8,517.5438596491227
31,4,6,305.0,35.0,5.5,0.2,0.8,517.5438596491227
32,4,6,315.0,35.0,5.5,0.2,0.8,517.5438596491227
33,4,6,325.0,35.0,5.5,0.2,0.8,517.5438596491227
34,4,6,335.0,35.0,5.5,0.2,0.8,517.5438596491227
35,4,6,345.0,35.0,5.5,0.2,0.8,517.5438596491227
36,4,6,355.0,35.0,5.5,0.2,0.8,517.5438596491227
37,4,6,365.0,35.0,5.5,0.2,0.8,517.5438596491227
38,4,6,375.0,35.0,5.5,0.2,0.8,517.5438596491227
39,4,6,385.0,35.0,5.5,0.2,0.8,517.5438596491227
40,4,6,395.0,35.0,5.5,0.2,0.8,517.5438596491227
41,4,6,405.0,35.0,5.5,0.2,0.8,517.5438596491227
42,4,6,415.0,35.0,5.5,0.2,0.8,517.5438596491227
43,4,6,425.0,35.0,5.5,0.2,0.8,517.5438596491227
44,4,6,435.0,35.0,5.5,0.2,0.8,517.5438596491227
45,4,6,445.0,35.0,5.5,0.2,0.8,517.5438596491227
46,4,6,455.0,35.0,5.5,0.2,0.8,517.5438596491227
47,4,6,465.0,35.0,5.5,0.2,0.8,517.5438596491227
48,4,6,475.0,35.0,5.5,0.2,0.8,517.5438596491227
49,4,6,485.0,35.0,5.5,0.2,0.8,517.5438596491227
50,4,6,495.0,35.0,5.5,0.2,0.8,517.5438596491227
1,5,6,5.0,45.0,5.5,0.2,0.8,517.5438596491227
2,5,6,15.0,45.0,5.5,0.2,0.8,517.5438596491227
3,5,6,25.0,45.0,5.5,0.2,0.8,517.5438596491227
4,5,6,35.0,45.0,5.5,0.2,0.8,517.5438596491227
5,5,6,45.0,45.0,5.5,0.2,0.8,517.5438596491227
6,5,6,55.0,45.0,5.5,0.2,0.8,517.5438596491227
7,5,6,65.0,45.0,5.5,0.2,0.8,517.5438596491227
8,5,6,75.0,45.0,5.5,0.2,0.8,517.5438596491227
9,5,6,85.0,45.0,5.5,0.2,0.8,517.5438596491227
10,5,6,95.0,45.0,5.5,0.2,0.8,517.5438596491227
11,5,6,105.0,45.0,5.5,0.2,0.8,517.5438596491227
12,5,6,115.0,45.0,5.5,0.2,0.8,517.5438596491227
13,5,6,125.0,45.0,5.5,0.2,0.8,517.5438596491227
14,5,6,135.0,45.0,5.5,0.2,0.8,517.5438596491227
15,5,6,145.0,45.0,5.5,0.2,0.8,517.5438596491227
16,5,6,155.0,45.0,5.5,0.2,0.8,517.5438596491227
17,5,6,165.0,45.0,5.5,0.2,0.8,517.5438596491227
18,5,6,175.0,45.0,5.5,0.2,0.8,517.5438596491227
19,5,6,185.0,45.0,5.5,0.2,0.8,517.5438596491227
20,5,6,195.0,45.0,5.5,0.2,0.8,517.5438596491227
21,5,6,205.0,45.0,5.5,0.2,0.8,517.5438596491227
22,5,6,215.0,45.0,5.5,0.2,0.8,517.5438596491227
23,5,6,225.0,45.0,5.5,0.2,0.8,517.5438596491227
24,5,6,235.0,45.0,5.5,0.2,0.8,517.5438596491227
25,5,6,245.0,45.0,5.5,0.2,0.8,517.5438596491227
26,5,6,255.0,45.0,5.5,0.2,0.8,517.5438596491227
27,5,6,265.0,45.0,5.5,0.2,0.8,517.5438596491227
28,5,6,275.0,45.0,5.5,0.2,0.8,517.5438596491227
29,5,6,285.0,45.0,5.5,0.2,0.8,517.5438596491227
30,5,6,295.0,45.0,5.5,0.2,0.8,517.5438596491227
31,5,6,305.0,45.0,5.5,0.2,0.8,517.5438596491227
32,5,6,315.0,45.0,5.5,0.2,0.8,517.5438596491227
33,5,6,325.0,45.0,5.5,0.2,0.8,517.5438596491227
34,5,6,335.0,45.0,5.5,0.2,0.8,517.5438596491227
35,5,6,345.0,45.0,5.5,0.2,0.8,517.5438596491227
36,5,6,355.0,45.0,5.5,0.2,0.8,517.5438596491227
37,5,6,365.0,45.0,5.5,0.2,0.8,517.5438596491227
38,5,6,375.0,45.0,5.5,0.2,0.8,517.5438596491227
39,5,6,385.0,45.0,5.5,0.2,0.8,517.5438596491227
40,5,6,395.0,45.0,5.5,0.2,0.8,517.5438596491227
41,5,6,405.0,45.0,5.5,0.2,0.8,517.5438596491227
42,5,6,415.0,45.0,5.5,0.2,0.8,517.5438596491227
43,5,6,425.0,45.0,5.5,0.2,0.8,517.5438596491227
44,5,6,435.0,45.0,5.5,0.2,0.8,517.5438596491227
45,5,6,445.0,45.0,5.5,0.2,0.8,517.5438596491227
46,5,6,455.0,45.0,5.5,0.2,0.8,517.5438596491227
47,5,6,465.0,45.0,5.5,0.2,0.8,517.5438596491227
48,5,6,475.0,45.0,5.5,0.2,0.8,517.5438596491227
49,5,6,485.0,45.0,5.5,0.2,0.8,517.5438596491227
50,5,6,495.0,45.0,5.5,0.2,0.8,517.5438596491227
1,6,6,5.0,55.0,5.5,0.2,0.8,517.5438596491227
2,6,6,15.0,55.0,5.5,0.2,0.8,517.5438596491227
3,6,6,25.0,55.0,5.5,0.2,0.8,517.5438596491227
4,6,6,35.0,55.0,5.5,0.2,0.8,517.5438596491227
5,6,6,45.0,55.0,5.5,0.2,0.8,517.5438596491227
6,6,6,55.0,55.0,5.5,0.2,0.8,517.5438596491227
7,6,6,65.0,55.0,5.5,0.2,0.8,517.5438596491227
8,6,6,75.0,55.0,5.5,0.2,0.8,517.5438596491227
9,6,6,85.0,55.0,5.5,0.2,0.8,517.5438596491227
10,6,6,95.0,55.0,5.5,0.2,0.8,517.5438596491227
11,6,6,105.0,55.0,5.5,0.2,0.8,517.5438596491227
12,6,6,115.0,55.0,5.5,0.2,0.8,517.5438596491227
13,6,6,125.0,55.0,5.5,0.2,0.8,517.5438596491227
14,6,6,135.0,55.0,5.5,0.2,0.8,517.5438596491227
15,6,6,145.0,55.0,5.5,0.2,0.8,517.5438596491227
16,6,6,155.0,55.0,5.5,0.2,0.8,517.5438596491227
17,6,6,165.0,55.0,5.5,0.2,0.8,517.5438596491227
18,6,6,175.0,55.0,5.5,0.2,0.8,517.5438596491227
19,6,6,185.0,55.0,5.5,0.2,0.8,517.5438596491227
20,6,6,195.0,55.0,5.5,0.2,0.8,517.5438596491227
21,6,6,205.0,55.0,5.5,0.2,0.8,517.5438596491227
22,6,6,215.0,55.0,5.5,0.2,0.8,517.5438596491227
23,6,6,225.0,55.0,5.5,0.2,0.8,517.5438596491227
24,6,6,235.0,55.0,5.5,0.2,0.8,517.5438596491227
25,6,6,245.0,55.0,5.5,0.2,0.8,517.5438596491227
26,6,6,255.0,55.0,5.5,0.2,0.8,517.5438596491227
27,6,6,265.0,55.0,5.5,0.2,0.8,517.5438596491227
28,6,6,275.0,55.0,5.5,0.2,0.8,517.5438596491227
29,6,6,285.0,55.0,5.5,0.2,0.8,517.5438596491227
30,6,6,295.0,55.0,5.5,0.2,0.8,517.5438596491227
31,6,6,305.0,55.0,5.5,0.2,0.8,517.5438596491227
32,6,6,315.0,55.0,5.5,0.2,0.8,517.5438596491227
33,6,6,325.0,55.0,5.5,0.2,0.8,517.5438596491227
34,6,6,335.0,55.0,5.5,0.2,0.8,517.5438596491227
35,6,6,345.0,55.0,5.5,0.2,0.8,517.5438596491227
36,6,6,355.0,55.0,5.5,0.2,0.8,517.5438596491227
37,6,6,365.0,55.0,5.5,0.2,0.8,517.5438596491227
38,6,6,375.0,55.0,5.5,0.2,0.8,517.5438596491227
39,6,6,385.0,55.0,5.5,0.2,0.8,517.5438596491227
40,6,6,395.0,55.0,5.5,0.2,0.8,517.5438596491227
41,6,6,405.0,55.0,5.5,0.2,0.8,517.5438596491227
42,6,6,415.0,55.0,5.5,0.2,0.8,517.5438596491227
43,6,6,425.0,55.0,5.5,0.2,0.8,517.5438596491227
44,6,6,435.0,55.0,5.5,0.2,0.8,517.5438596491227
45,6,6,445.0,55.0,5.5,0.2,0.8,517.5438596491227
46,6,6,455.0,55.0,5.5,0.2,0.8,517.5438596491227
47,6,6,465.0,55.0,5.5,0.2,0.8,517.5438596491227
48,6,6,475.0,55.0,5.5,0.2,0.8,517.5438596491227
49,6,6,485.0,55.0,5.5,0.2,0.8,517.5438596491227
50,6,6,495.0,55.0,5.5,0.2,0.8,517.5438596491227
1,7,6,5.0,65.0,5.5,0.2,0.8,517.5438596491227
2,7,6,15.0,65.0,5.5,0.2,0.8,517.5438596491227
3,7,6,25.0,65.0,5.5,0.2,0.8,517.5438596491227
4,7,6,35.0,65.0,5.5,0.2,0.8,517.5438596491227
5,7,6,45.0,65.0,5.5,0.2,0.8,517.5438596491227
6,7,6,55.0,65.0,5.5,0.2,0.8,517.5438596491227
7,7,6,65.0,65.0,5.5,0.2,0.8,517.5438596491227
8,7,6,75.0,65.0,5.5,0.2,0.8,517.5438596491227
9,7,6,85.0,65.0,5.5,0.2,0.8,517.5438596491227
10,7,6,95.0,65.0,5.5,0.2,0.8,517.5438596491227
11,7,6,105.0,65.0,5.5,0.2,0.8,517.5438596491227
12,7,6,115.0,65.0,5.5,0.2,0.8,517.5438596491227
13,7,6,125.0,65.0,5.5,0.2,0.8,517.5438596491227
14,7,6,135.0,65.0,5.5,0.2,0.8,517.5438596491227
15,7,6,145.0,65.0,5.5,0.2,0.8,517.5438596491227
16,7,6,155.0,65.0,5.5,0.2,0.8,517.5438596491227
17,7,6,165.0,65.0,5.5,0.2,0.8,517.5438596491227
18,7,6,175.0,65.0,5.5,0.2,0.8,517.5438596491227
19,7,6,185.0,65.0,5.5,0.2,0.8,517.5438596491227
20,7,6,195.0,65.0,5.5,0.2,0.8,517.5438596491227
21,7,6,205.0,65.0,5.5,0.2,0.8,517.5438596491227
22,7,6,215.0,65.0,5.5,0.2,0.8,517.5438596491227
23,7,6,225.0,65.0,5.5,0.2,0.8,517.5438596491227
24,7,6,235.0,65.0,5.5,0.2,0.8,517.5438596491227
25,7,6,245.0,65.0,5.5,0.2,0.8,517.5438596491227
26,7,6,255.0,65.0,5.5,0.2,0.8,517.5438596491227
27,7,6,265.0,65.0,5.5,0.2,0.8,517.5438596491227
28,7,6,275.0,65.0,5.5,0.2,0.8,517.5438596491227
29,7,6,285.0,65.0,5.5,0.2,0.8,517.5438596491227
30,7,6,295.0,65.0,5.5,0.2,0.8,517.5438596491227
31,7,6,305.0,65.0,5.5,0.2,0.8,517.5438596491227
32,7,6,315.0,65.0,5.5,0.2,0.8,517.5438596491227
33,7,6,325.0,65.0,5.5,0.2,0.8,517.5438596491227
34,7,6,335.0,65.0,5.5,0.2,0.8,517.5438596491227
35,7,6,345.0,65.0,5.5,0.2,0.8,517.5438596491227
36,7,6,355.0,65.0,5.5,0.2,0.8,517.5438596491227
37,7,6,365.0,65.0,5.5,0.2,0.8,517.5438596491227
38,7,6,375.0,65.0,5.5,0.2,0.8,517.5438596491227
39,7,6,385.0,65.0,5.5,0.2,0.8,517.5438596491227
40,7,6,395.0,65.0,5.5,0.2,0.8,517.5438596491227
41,7,6,405.0,65.0,5.5,0.2,0.8,517.5438596491227
42,7,6,415.0,65.0,5.5,0.2,0.8,517.5438596491227
43,7,6,425.0,65.0,5.5,0.2,0.8,517.5438596491227
44,7,6,435.0,65.0,5.5,0.2,0.8,517.5438596491227
45,7,6,445.0,65.0,5.5,0.2,0.8,517.5438596491227
46,7,6,455.0,65.0,5.5,0.2,0.8,517.5438596491227
47,7,6,465.0,65.0,5.5,0.2,0.8,517.5438596491227
48,7,6,475.0,65.0,5.5,0.2,0.8,517.5438596491227
49,7,6,485.0,65.0,5.5,0.2,0.8,517.5438596491227
50,7,6,495.0,65.0,5.5,0.2,0.8,517.5438596491227
1,8,6,5.0,75.0,5.5,0.2,0.8,517.5438596491227
2,8,6,15.0,75.0,5.5,0.2,0.8,517.5438596491227
3,8,6,25.0,75.0,5.5,0.2,0.8,517.5438596491227
4,8,6,35.0,75.0,5.5,0.2,0.8,517.5438596491227
5,8,6,45.0,75.0,5.5,0.2,0.8,517.5438596491227
6,8,6,55.0,75.0,5.5,0.2,0.8,517.5438596491227
7,8,6,65.0,75.0,5.5,0.2,0.8,517.5438596491227
8,8,6,75.0,75.0,5.5,0.2,0.8,517.5438596491227
9,8,6,85.0,75.0,5.5,0.2,0.8,517.5438596491227
10,8,6,95.0,75.0,5.5,0.2,0.8,517.5438596491227
11,8,6,105.0,75.0,5.5,0.2,0.8,517.5438596491227
12,8,6,115.0,75.0,5.5,0.2,0.8,517.5438596491227
13,8,6,125.0,75.0,5.5,0.2,0.8,517.5438596491227
14,8,6,135.0,75.0,5.5,0.2,0.8,517.5438596491227
15,8,6,145.0,75.0,5.5,0.2,0.8,517.5438596491227
16,8,6,155.0,75.0,5.5,0.2,0.8,517.5438596491227
17,8,6,165.0,75.0,5.5,0.2,0.8,517.5438596491227
18,8,6,175.0,75.0,5.5,0.2,0.8,517.5438596491227
19,8,6,185.0,75.0,5.5,0.2,0.8,517.5438596491227
20,8,6,195.0,75.0,5.5,0.2,0.8,517.5438596491227
21,8,6,205.0,75.0,5.5,0.2,0.8,517.5438596491227
22,8,6,215.0,75.0,5.5,0.2,0.8,517.5438596491227
23,8,6,225.0,75.0,5.5,0.2,0.8,517.5438596491227
24,8,6,235.0,75.0,5.5,0.2,0.8,517.5438596491227
25,8,6,245.0,75.0,5.5,0.2,0.8,517.5438596491227
26,8,6,255.0,75.0,5.5,0.2,0.8,517.5438596491227
27,8,6,265.0,75.0,5.5,0.2,0.8,517.5438596491227
28,8,6,275.0,75.0,5.5,0.2,0.8,517.5438596491227
29,8,6,285.0,75.0,5.5,0.2,0.8,517.5438596491227
30,8,6,295.0,75.0,5.5,0.2,0.8,517.5438596491227
31,8,6,305.0,75.0,5.5,0.2,0.8,517.5438596491227
32,8,6,315.0,75.0,5.5,0.2,0.8,517.5438596491227
33,8,6,325.0,75.0,5.5,0.2,0.8,517.5438596491227
34,8,6,335.0,75.0,5.5,0.2,0.8,517.5438596491227
35,8,6,345.0,75.0,5.5,0.2,0.8,517.5438596491227
36,8,6,355.0,75.0,5.5,0.2,0.8,517.5438596491227
37,8,6,365.0,75.0,5.5,0.2,0.8,517.5438596491227
38,8,6,375.0,75.0,5.5,0.2,0.8,517.5438596491227
39,8,6,385.0,75.0,5.5,0.2,0.8,517.5438596491227
40,8,6,395.0,75.0,5.5,0.2,0.8,517.5438596491227
41,8,6,405.0,75.0,5.5,0.2,0.8,517.5438596491227
42,8,6,415.0,75.0,5.5,0.2,0.8,517.5438596491227
43,8,6,425.0,75.0,5.5,0.2,0.8,517.5438596491227
44,8,6,435.0,75.0,5.5,0.2,0.8,517.5438596491227
45,8,6,445.0,75.0,5.5,0.2,0.8,517.5438596491227
46,8,6,455.0,75.0,5.5,0.2,0.8,517.5438596491227
47,8,6,465.0,75.0,5.5,0.2,0.8,517.5438596491227
48,8,6,475.0,75.0,5.5,0.2,0.8,517.5438596491227
49,8,6,485.0,75.0,5.5,0.2,0.8,517.5438596491227
50,8,6,495.0,75.0,5.5,0.2,0.8,517.5438596491227
1,9,6,5.0,85.0,5.5,0.2,0.8,517.5438596491227
2,9,6,15.0,85.0,5.5,0.2,0.8,517.5438596491227
3,9,6,25.0,85.0,5.5,0.2,0.8,517.5438596491227
4,9,6,35.0,85.0,5.5,0.2,0.8,517.5438596491227
5,9,6,45.0,85.0,5.5,0.2,0.8,517.5438596491227
6,9,6,55.0,85.0,5.5,0.2,0.8,517.5438596491227
7,9,6,65.0,85.0,5.5,0.2,0.8,517.5438596491227
8,9,6,75.0,85.0,5.5,0.2,0.8,517.5438596491227
9,9,6,85.0,85.0,5.5,0.2,0.8,517.5438596491227
10,9,6,95.0,85.0,5.5,0.2,0.8,517.5438596491227
11,9,6,105.0,85.0,5.5,0.2,0.8,517.5438596491227
12,9,6,115.0,85.0,5.5,0.2,0.8,517.5438596491227
13,9,6,125.0,85.0,5.5,0.2,0.8,517.5438596491227
14,9,6,135.0,85.0,5.5,0.2,0.8,517.5438596491227
15,9,6,145.0,85.0,5.5,0.2,0.8,517.5438596491227
16,9,6,155.0,85.0,5.5,0.2,0.8,517.5438596491227
17,9,6,165.0,85.0,5.5,0.2,0.8,517.5438596491227
18,9,6,175.0,85.0,5.5,0.2,0.8,517.5438596491227
19,9,6,185.0,85.0,5.5,0.2,0.8,517.5438596491227
20,9,6,195.0,85.0,5.5,0.2,0.8,517.5438596491227
21,9,6,205.0,85.0,5.5,0.2,0.8,517.5438596491227
22,9,6,215.0,85.0,5.5,0.2,0.8,517.5438596491227
23,9,6,225.0,85.0,5.5,0.2,0.8,517.5438596491227
24,9,6,235.0,85.0,5.5,0.2,0.8,517.5438596491227
25,9,6,245.0,85.0,5.5,0.2,0.8,517.5438596491227
26,9,6,255.0,85.0,5.5,0.2,0.8,517.5438596491227
27,9,6,265.0,85.0,5.5,0.2,0.8,517.5438596491227
28,9,6,275.0,85.0,5.5,0.2,0.8,517.5438596491227
29,9,6,285.0,85.0,5.5,0.2,0.8,517.5438596491227
30,9,6,295.0,85.0,5.5,0.2,0.8,517.5438596491227
31,9,6,305.0,85.0,5.5,0.2,0.8,517.5438596491227
32,9,6,315.0,85.0,5.5,0.2,0.8,517.5438596491227
33,9,6,325.0,85.0,5.5,0.2,0.8,517.5438596491227
34,9,6,335.0,85.0,5.5,0.2,0.8,517.5438596491227
35,9,6,345.0,85.0,5.5,0.2,0.8,517.5438596491227
36,9,6,355.0,85.0,5.5,0.2,0.8,517.5438596491227
37,9,6,365.0,85.0,5.5,0.2,0.8,517.5438596491227
38,9,6,375.0,85.0,5.5,0.2,0.8,517.5438596491227
39,9,6,385.0,85.0,5.5,0.2,0.8,517.5438596491227
40,9,6,395.0,85.0,5.5,0.2,0.8,517.5438596491227
41,9,6,405.0,85.0,5.5,0.2,0.8,517.5438596491227
42,9,6,415.0,85.0,5.5,0.2,0.8,517.5438596491227
43,9,6,425.0,85.0,5.5,0.2,0.8,517.5438596491227
44,9,6,435.0,85.0,5.5,0.2,0.8,517.5438596491227
45,9,6,445.0,85.0,5.5,0.2,0.8,517.5438596491227
46,9,6,455.0,85.0,5.5,0.2,0.8,517.5438596491227
47,9,6,465.0,85.0,5.5,0.2,0.8,517.5438596491227
48,9,6,475.0,85.0,5.5,0.2,0.8,517.5438596491227
49,9,6,485.0,85.0,5.5,0.2,0.8,517.5438596491227
50,9,6,495.0,85.0,5.5,0.2,0.8,517.5438596491227
1,10,6,5.0,95.0,5.5,0.2,0.8,517.5438596491227
2,10,6,15.0,95.0,5.5,0.2,0.8,517.5438596491227
3,10,6,25.0,95.0,5.5,0.2,0.8,517.5438596491227
4,10,6,35.0,95.0,5.5,0.2,0.8,517.5438596491227
5,10,6,45.0,95.0,5.5,0.2,0.8,517.5438596491227
6,10,6,55.0,95.0,5.5,0.2,0.8,517.5438596491227
7,10,6,65.0,95.0,5.5,0.2,0.8,517.5438596491227
8,10,6,75.0,95.0,5.5,0.2,0.8,517.5438596491227
9,10,6,85.0,95.0,5.5,0.2,0.8,517.5438596491227
10,10,6,95.0,95.0,5.5,0.2,0.8,517.5438596491227
11,10,6,105.0,95.0,5.5,0.2,0.8,517.5438596491227
12,10,6,115.0,95.0,5.5,0.2,0.8,517.5438596491227
13,10,6,125.0,95.0,5.5,0.2,0.8,517.5438596491227
14,10,6,135.0,95.0,5.5,0.2,0.8,517.5438596491227
15,10,6,145.0,95.0,5.5,0.2,0.8,517.5438596491227
16,10,6,155.0,95.0,5.5,0.2,0.8,517.5438596491227
17,10,6,165.0,95.0,5.5,0.2,0.8,517.5438596491227
18,10,6,175.0,95.0,5.5,0.2,0.8,517.5438596491227
19,10,6,185.0,95.0,5.5,0.2,0.8,517.5438596491227
20,10,6,195.0,95.0,5.5,0.2,0.8,517.5438596491227
21,10,6,205.0,95.0,5.5,0.2,0.8,517.5438596491227
22,10,6,215.0,95.0,5.5,0.2,0.8,517.5438596491227
23,10,6,225.0,95.0,5.5,0.2,0.8,517.5438596491227
24,10,6,235.0,95.0,5.5,0.2,0.8,517.5438596491227
25,10,6,245.0,95.0,5.5,0.2,0.8,517.5438596491227
26,10,6,255.0,95.0,5.5,0.2,0.8,517.5438596491227
27,10,6,265.0,95.0,5.5,0.2,0.8,517.5438596491227
28,10,6,275.0,95.0,5.5,0.2,0.8,517.5438596491227
29,10,6,285.0,95.0,5.5,0.2,0.8,517.5438596491227
30,10,6,295.0,95.0,5.5,0.2,0.8,517.5438596491227
31,10,6,305.0,95.0,5.5,0.2,0.8,517.5438596491227
32,10,6,315.0,95.0,5.5,0.2,0.8,517.5438596491227
33,10,6,325.0,95.0,5.5,0.2,0.8,517.5438596491227
34,10,6,335.0,95.0,5.5,0.2,0.8,517.5438596491227
35,10,6,345.0,95.0,5.5,0.2,0.8,517.5438596491227
36,10,6,355.0,95.0,5.5,0.2,0.8,517.5438596491227
37,10,6,365.0,95.0,5.5,0.2,0.8,517.5438596491227
38,10,6,375.0,95.0,5.5,0.2,0.8,517.5438596491227
39,10,6,385.0,95.0,5.5,0.2,0.8,517.5438596491227
40,10,6,395.0,95.0,5.5,0.2,0.8,517.5438596491227
41,10,6,405.0,95.0,5.5,0.2,0.8,517.5438596491227
42,10,6,415.0,95.0,5.5,0.2,0.8,517.5438596491227
43,10,6,425.0,95.0,5.5,0.2,0.8,517.5438596491227
44,10,6,435.0,95.0,5.5,0.2,0.8,517.5438596491227
45,10,6,445.0,95.0,5.5,0.2,0.8,517.5438596491227
46,10,6,455.0,95.0,5.5,0.2,0.8,517.5438596491227
47,10,6,465.0,95.0,5.5,0.2,0.8,517.5438596491227
48,10,6,475.0,95.0,5.5,0.2,0.8,517.5438596491227
49,10,6,485.0,95.0,5.5,0.2,0.8,517.5438596491227
50,10,6,495.0,95.0,5.5,0.2,0.8,517.5438596491227
1,1,7,5.0,5.0,6.5,0.2,0.8,587.719298245614
2,1,7,15.0,5.0,6.5,0.2,0.8,587.719298245614
3,1,7,25.0,5.0,6.5,0.2,0.8,587.719298245614
4,1,7,35.0,5.0,6.5,0.2,0.8,587.719298245614
5,1,7,45.0,5.0,6.5,0.2,0.8,587.719298245614
6,1,7,55.0,5.0,6.5,0.2,0.8,587.719298245614
7,1,7,65.0,5.0,6.5,0.2,0.8,587.719298245614
8,1,7,75.0,5.0,6.5,0.2,0.8,587.719298245614
9,1,7,85.0,5.0,6.5,0.2,0.8,587.719298245614
10,1,7,95.0,5.0,6.5,0.2,0.8,587.719298245614
11,1,7,105.0,5.0,6.5,0.2,0.8,587.719298245614
12,1,7,115.0,5.0,6.5,0.2,0.8,587.719298245614
13,1,7,125.0,5.0,6.5,0.2,0.8,587.719298245614
14,1,7,135.0,5.0,6.5,0.2,0.8,587.719298245614
15,1,7,145.0,5.0,6.5,0.2,0.8,587.719298245614
16,1,7,155.0,5.0,6.5,0.2,0.8,587.719298245614
17,1,7,165.0,5.0,6.5,0.2,0.8,587.719298245614
18,1,7,175.0,5.0,6.5,0.2,0.8,587.719298245614
19,1,7,185.0,5.0,6.5,0.2,0.8,587.719298245614
20,1,7,195.0,5.0,6.5,0.2,0.8,587.719298245614
21,1,7,205.0,5.0,6.5,0.2,0.8,587.719298245614
22,1,7,215.0,5.0,6.5,0.2,0.8,587.719298245614
23,1,7,225.0,5.0,6.5,0.2,0.8,587.719298245614
24,1,7,235.0,5.0,6.5,0.2,0.8,587.719298245614
25,1,7,245.0,5.0,6.5,0.2,0.8,587.719298245614
26,1,7,255.0,5.0,6.5,0.2,0.8,587.719298245614
27,1,7,265.0,5.0,6.5,0.2,0.8,587.719298245614
28,1,7,275.0,5.0,6.5,0.2,0.8,587.719298245614
29,1,7,285.0,5.0,6.5,0.2,0.8,587.719298245614
30,1,7,295.0,5.0,6.5,0.2,0.8,587.719298245614
31,1,7,305.0,5.0,6.5,0.2,0.8,587.719298245614
32,1,7,315.0,5.0,6.5,0.2,0.8,587.719298245614
33,1,7,325.0,5.0,6.5,0.2,0.8,587.719298245614
34,1,7,335.0,5.0,6.5,0.2,0.8,587.719298245614
35,1,7,345.0,5.0,6.5,0.2,0.8,587.719298245614
36,1,7,355.0,5.0,6.5,0.2,0.8,587.719298245614
37,1,7,365.0,5.0,6.5,0.2,0.8,587.719298245614
38,1,7,375.0,5.0,6.5,0.2,0.8,587.719298245614
39,1,7,385.0,5.0,6.5,0.2,0.8,587.719298245614
40,1,7,395.0,5.0,6.5,0.2,0.8,587.719298245614
41,1,7,405.0,5.0,6.5,0.2,0.8,587.719298245614
42,1,7,415.0,5.0,6.5,0.2,0.8,587.719298245614
43,1,7,425.0,5.0,6.5,0.2,0.8,587.719298245614
44,1,7,435.0,5.0,6.5,0.2,0.8,587.719298245614
45,1,7,445.0,5.0,6.5,0.2,0.8,587.719298245614
46,1,7,455.0,5.0,6.5,0.2,0.8,587.719298245614
47,1,7,465.0,5.0,6.5,0.2,0.8,587.719298245614
48,1,7,475.0,5.0,6.5,0.2,0.8,587.719298245614
49,1,7,485.0,5.0,6.5,0.2,0.8,587.719298245614
50,1,7,495.0,5.0,6.5,0.2,0.8,587.719298245614
1,2,7,5.0,15.0,6.5,0.2,0.8,587.719298245614
2,2,7,15.0,15.0,6.5,0.2,0.8,587.719298245614
3,2,7,25.0,15.0,6.5,0.2,0.8,587.719298245614
4,2,7,35.0,15.0,6.5,0.2,0.8,587.719298245614
5,2,7,45.0,15.0,6.5,0.2,0.8,587.719298245614
6,2,7,55.0,15.0,6.5,0.2,0.8,587.719298245614
7,2,7,65.0,15.0,6.5,0.2,0.8,587.719298245614
8,2,7,75.0,15.0,6.5,0.2,0.8,587.719298245614
9,2,7,85.0,15.0,6.5,0.2,0.8,587.719298245614
10,2,7,95.0,15.0,6.5,0.2,0.8,587.719298245614
11,2,7,105.0,15.0,6.5,0.2,0.8,587.719298245614
12,2,7,115.0,15.0,6.5,0.2,0.8,587.719298245614
13,2,7,125.0,15.0,6.5,0.2,0.8,587.719298245614
14,2,7,135.0,15.0,6.5,0.2,0.8,587.719298245614
15,2,7,145.0,15.0,6.5,0.2,0.8,587.719298245614
16,2,7,155.0,15.0,6.5,0.2,0.8,587.719298245614
17,2,7,165.0,15.0,6.5,0.2,0.8,587.719298245614
18,2,7,175.0,15.0,6.5,0.2,0.8,587.719298245614
19,2,7,185.0,15.0,6.5,0.2,0.8,587.719298245614
20,2,7,195.0,15.0,6.5,0.2,0.8,587.719298245614
21,2,7,205.0,15.0,6.5,0.2,0.8,587.719298245614
22,2,7,215.0,15.0,6.5,0.2,0.8,587.719298245614
23,2,7,225.0,15.0,6.5,0.2,0.8,587.719298245614
24,2,7,235.0,15.0,6.5,0.2,0.8,587.719298245614
25,2,7,245.0,15.0,6.5,0.2,0.8,587.719298245614
26,2,7,255.0,15.0,6.5,0.2,0.8,587.719298245614
27,2,7,265.0,15.0,6.5,0.2,0.8,587.719298245614
28,2,7,275.0,15.0,6.5,0.2,0.8,587.719298245614
29,2,7,285.0,15.0,6.5,0.2,0.8,587.719298245614
30,2,7,295.0,15.0,6.5,0.2,0.8,587.719298245614
31,2,7,305.0,15.0,6.5,0.2,0.8,587.719298245614
32,2,7,315.0,15.0,6.5,0.2,0.8,587.719298245614
33,2,7,325.0,15.0,6.5,0.2,0.8,587.719298245614
34,2,7,335.0,15.0,6.5,0.2,0.8,587.719298245614
35,2,7,345.0,15.0,6.5,0.2,0.8,587.719298245614
36,2,7,355.0,15.0,6.5,0.2,0.8,587.719298245614
37,2,7,365.0,15.0,6.5,0.2,0.8,587.719298245614
38,2,7,375.0,15.0,6.5,0.2,0.8,587.719298245614
39,2,7,385.0,15.0,6.5,0.2,0.8,587.719298245614
40,2,7,395.0,15.0,6.5,0.2,0.8,587.719298245614
41,2,7,405.0,15.0,6.5,0.2,0.8,587.719298245614
42,2,7,415.0,15.0,6.5,0.2,0.8,587.719298245614
43,2,7,425.0,15.0,6.5,0.2,0.8,587.719298245614
44,2,7,435.0,15.0,6.5,0.2,0.8,587.719298245614
45,2,7,445.0,15.0,6.5,0.2,0.8,587.719298245614
46,2,7,455.0,15.0,6.5,0.2,0.8,587.719298245614
47,2,7,465.0,15.0,6.5,0.2,0.8,587.719298245614
48,2,7,475.0,15.0,6.5,0.2,0.8,587.719298245614
49,2,7,485.0,15.0,6.5,0.2,0.8,587.719298245614
50,2,7,495.0,15.0,6.5,0.2,0.8,587.719298245614
1,3,7,5.0,25.0,6.5,0.2,0.8,587.719298245614
2,3,7,15.0,25.0,6.5,0.2,0.8,587.719298245614
3,3,7,25.0,25.0,6.5,0.2,0.8,587.719298245614
4,3,7,35.0,25.0,6.5,0.2,0.8,587.719298245614
5,3,7,45.0,25.0,6.5,0.2,0.8,587.719298245614
6,3,7,55.0,25.0,6.5,0.2,0.8,587.719298245614
7,3,7,65.0,25.0,6.5,0.2,0.8,587.719298245614
8,3,7,75.0,25.0,6.5,0.2,0.8,587.719298245614
9,3,7,85.0,25.0,6.5,0.2,0.8,587.719298245614
10,3,7,95.0,25.0,6.5,0.2,0.8,587.719298245614
11,3,7,105.0,25.0,6.5,0.2,0.8,587.719298245614
12,3,7,115.0,25.0,6.5,0.2,0.8,587.719298245614
13,3,7,125.0,25.0,6.5,0.2,0.8,587.719298245614
14,3,7,135.0,25.0,6.5,0.2,0.8,587.719298245614
15,3,7,145.0,25.0,6.5,0.2,0.8,587.719298245614
16,3,7,155.0,25.0,6.5,0.2,0.8,587.719298245614
17,3,7,165.0,25.0,6.5,0.2,0.8,587.719298245614
18,3,7,175.0,25.0,6.5,0.2,0.8,587.719298245614
19,3,7,185.0,25.0,6.5,0.2,0.8,587.719298245614
20,3,7,195.0,25.0,6.5,0.2,0.8,587.719298245614
21,3,7,205.0,25.0,6.5,0.2,0.8,587.719298245614
22,3,7,215.0,25.0,6.5,0.2,0.8,587.719298245614
23,3,7,225.0,25.0,6.5,0.2,0.8,587.719298245614
24,3,7,235.0,25.0,6.5,0.2,0.8,587.719298245614
25,3,7,245.0,25.0,6.5,0.2,0.8,587.719298245614
26,3,7,255.0,25.0,6.5,0.2,0.8,587.719298245614
27,3,7,265.0,25.0,6.5,0.2,0.8,587.719298245614
28,3,7,275.0,25.0,6.5,0.2,0.8,587.719298245614
29,3,7,285.0,25.0,6.5,0.2,0.8,587.719298245614
30,3,7,295.0,25.0,6.5,0.2,0.8,587.719298245614
31,3,7,305.0,25.0,6.5,0.2,0.8,587.719298245614
32,3,7,315.0,25.0,6.5,0.2,0.8,587.719298245614
33,3,7,325.0,25.0,6.5,0.2,0.8,587.719298245614
34,3,7,335.0,25.0,6.5,0.2,0.8,587.719298245614
35,3,7,345.0,25.0,6.5,0.2,0.8,587.719298245614
36,3,7,355.0,25.0,6.5,0.2,0.8,587.719298245614
37,3,7,365.0,25.0,6.5,0.2,0.8,587.719298245614
38,3,7,375.0,25.0,6.5,0.2,0.8,587.719298245614
39,3,7,385.0,25.0,6.5,0.2,0.8,587.719298245614
40,3,7,395.0,25.0,6.5,0.2,0.8,587.719298245614
41,3,7,405.0,25.0,6.5,0.2,0.8,587.719298245614
42,3,7,415.0,25.0,6.5,0.2,0.8,587.719298245614
43,3,7,425.0,25.0,6.5,0.2,0.8,587.719298245614
44,3,7,435.0,25.0,6.5,0.2,0.8,587.719298245614
45,3,7,445.0,25.0,6.5,0.2,0.8,587.719298245614
46,3,7,455.0,25.0,6.5,0.2,0.8,587.719298245614
47,3,7,465.0,25.0,6.5,0.2,0.8,587.719298245614
48,3,7,475.0,25.0,6.5,0.2,0.8,587.719298245614
49,3,7,485.0,25.0,6.5,0.2,0.8,587.719298245614
50,3,7,495.0,25.0,6.5,0.2,0.8,587.719298245614
1,4,7,5.0,35.0,6.5,0.2,0.8,587.719298245614
2,4,7,15.0,35.0,6.5,0.2,0.8,587.719298245614
3,4,7,25.0,35.0,6.5,0.2,0.8,587.719298245614
4,4,7,35.0,35.0,6.5,0.2,0.8,587.719298245614
5,4,7,45.0,35.0,6.5,0.2,0.8,587.719298245614
6,4,7,55.0,35.0,6.5,0.2,0.8,587.719298245614
7,4,7,65.0,35.0,6.5,0.2,0.8,587.719298245614
8,4,7,75.0,35.0,6.5,0.2,0.8,587.719298245614
9,4,7,85.0,35.0,6.5,0.2,0.8,587.719298245614
10,4,7,95.0,35.0,6.5,0.2,0.8,587.719298245614
11,4,7,105.0,35.0,6.5,0.2,0.8,587.719298245614
12,4,7,115.0,35.0,6.5,0.2,0.8,587.719298245614
13,4,7,125.0,35.0,6.5,0.2,0.8,587.719298245614
14,4,7,135.0,35.0,6.5,0.2,0.8,587.719298245614
15,4,7,145.0,35.0,6.5,0.2,0.8,587.719298245614
16,4,7,155.0,35.0,6.5,0.2,0.8,587.719298245614
17,4,7,165.0,35.0,6.5,0.2,0.8,587.719298245614
18,4,7,175.0,35.0,6.5,0.2,0.8,587.719298245614
19,4,7,185.0,35.0,6.5,0.2,0.8,587.719298245614
20,4,7,195.0,35.0,6.5,0.2,0.8,587.719298245614
21,4,7,205.0,35.0,6.5,0.2,0.8,587.719298245614
22,4,7,215.0,35.0,6.5,0.2,0.8,587.719298245614
23,4,7,225.0,35.0,6.5,0.2,0.8,587.719298245614
24,4,7,235.0,35.0,6.5,0.2,0.8,587.719298245614
25,4,7,245.0,35.0,6.5,0.2,0.8,587.719298245614
26,4,7,255.0,35.0,6.5,0.2,0.8,587.719298245614
27,4,7,265.0,35.0,6.5,0.2,0.8,587.719298245614
28,4,7,275.0,35.0,6.5,0.2,0.8,587.719298245614
29,4,7,285.0,35.0,6.5,0.2,0.8,587.719298245614
30,4,7,295.0,35.0,6.5,0.2,0.8,587.719298245614
31,4,7,305.0,35.0,6.5,0.2,0.8,587.719298245614
32,4,7,315.0,35.0,6.5,0.2,0.8,587.719298245614
33,4,7,325.0,35.0,6.5,0.2,0.8,587.719298245614
34,4,7,335.0,35.0,6.5,0.2,0.8,587.719298245614
35,4,7,345.0,35.0,6.5,0.2,0.8,587.719298245614
36,4,7,355.0,35.0,6.5,0.2,0.8,587.719298245614
37,4,7,365.0,35.0,6.5,0.2,0.8,587.719298245614
38,4,7,375.0,35.0,6.5,0.2,0.8,587.719298245614
39,4,7,385.0,35.0,6.5,0.2,0.8,587.719298245614
40,4,7,395.0,35.0,6.5,0.2,0.8,587.719298245614
41,4,7,405.0,35.0,6.5,0.2,0.8,587.719298245614
42,4,7,415.0,35.0,6.5,0.2,0.8,587.719298245614
43,4,7,425.0,35.0,6.5,0.2,0.8,587.719298245614
44,4,7,435.0,35.0,6.5,0.2,0.8,587.719298245614
45,4,7,445.0,35.0,6.5,0.2,0.8,587.719298245614
46,4,7,455.0,35.0,6.5,0.2,0.8,587.719298245614
47,4,7,465.0,35.0,6.5,0.2,0.8,587.719298245614
48,4,7,475.0,35.0,6.5,0.2,0.8,587.719298245614
49,4,7,485.0,35.0,6.5,0.2,0.8,587.719298245614
50,4,7,495.0,35.0,6.5,0.2,0.8,587.719298245614
1,5,7,5.0,45.0,6.5,0.2,0.8,587.719298245614
2,5,7,15.0,45.0,6.5,0.2,0.8,587.719298245614
3,5,7,25.0,45.0,6.5,0.2,0.8,587.719298245614
4,5,7,35.0,45.0,6.5,0.2,0.8,587.719298245614
5,5,7,45.0,45.0,6.5,0.2,0.8,587.719298245614
6,5,7,55.0,45.0,6.5,0.2,0.8,587.719298245614
7,5,7,65.0,45.0,6.5,0.2,0.8,587.719298245614
8,5,7,75.0,45.0,6.5,0.2,0.8,587.719298245614
9,5,7,85.0,45.0,6.5,0.2,0.8,587.719298245614
10,5,7,95.0,45.0,6.5,0.2,0.8,587.719298245614
11,5,7,105.0,45.0,6.5,0.2,0.8,587.719298245614
12,5,7,115.0,45.0,6.5,0.2,0.8,587.719298245614
13,5,7,125.0,45.0,6.5,0.2,0.8,587.719298245614
14,5,7,135.0,45.0,6.5,0.2,0.8,587.719298245614
15,5,7,145.0,45.0,6.5,0.2,0.8,587.719298245614
16,5,7,155.0,45.0,6.5,0.2,0.8,587.719298245614
17,5,7,165.0,45.0,6.5,0.2,0.8,587.719298245614
18,5,7,175.0,45.0,6.5,0.2,0.8,587.719298245614
19,5,7,185.0,45.0,6.5,0.2,0.8,587.719298245614
20,5,7,195.0,45.0,6.5,0.2,0.8,587.719298245614
21,5,7,205.0,45.0,6.5,0.2,0.8,587.719298245614
22,5,7,215.0,45.0,6.5,0.2,0.8,587.719298245614
23,5,7,225.0,45.0,6.5,0.2,0.8,587.719298245614
24,5,7,235.0,45.0,6.5,0.2,0.8,587.719298245614
25,5,7,245.0,45.0,6.5,0.2,0.8,587.719298245614
26,5,7,255.0,45.0,6.5,0.2,0.8,587.719298245614
27,5,7,265.0,45.0,6.5,0.2,0.8,587.719298245614
28,5,7,275.0,45.0,6.5,0.2,0.8,587.719298245614
29,5,7,285.0,45.0,6.5,0.2,0.8,587.719298245614
30,5,7,295.0,45.0,6.5,0.2,0.8,587.719298245614
31,5,7,305.0,45.0,6.5,0.2,0.8,587.719298245614
32,5,7,315.0,45.0,6.5,0.2,0.8,587.719298245614
33,5,7,325.0,45.0,6.5,0.2,0.8,587.719298245614
34,5,7,335.0,45.0,6.5,0.2,0.8,587.719298245614
35,5,7,345.0,45.0,6.5,0.2,0.8,587.719298245614
36,5,7,355.0,45.0,6.5,0.2,0.8,587.719298245614
37,5,7,365.0,45.0,6.5,0.2,0.8,587.719298245614
38,5,7,375.0,45.0,6.5,0.2,0.8,587.719298245614
39,5,7,385.0,45.0,6.5,0.2,0.8,587.719298245614
40,5,7,395.0,45.0,6.5,0.2,0.8,587.719298245614
41,5,7,405.0,45.0,6.5,0.2,0.8,587.719298245614
42,5,7,415.0,45.0,6.5,0.2,0.8,587.719298245614
43,5,7,425.0,45.0,6.5,0.2,0.8,587.719298245614
44,5,7,435.0,45.0,6.5,0.2,0.8,587.719298245614
45,5,7,445.0,45.0,6.5,0.2,0.8,587.719298245614
46,5,7,455.0,45.0,6.5,0.2,0.8,587.719298245614
47,5,7,465.0,45.0,6.5,0.2,0.8,587.719298245614
48,5,7,475.0,45.0,6.5,0.2,0.8,587.719298245614
49,5,7,485.0,45.0,6.5,0.2,0.8,587.719298245614
50,5,7,495.0,45.0,6.5,0.2,0.8,587.719298245614
1,6,7,5.0,55.0,6.5,0.2,0.8,587.719298245614
2,6,7,15.0,55.0,6.5,0.2,0.8,587.719298245614
3,6,7,25.0,55.0,6.5,0.2,0.8,587.719298245614
4,6,7,35.0,55.0,6.5,0.2,0.8,587.719298245614
5,6,7,45.0,55.0,6.5,0.2,0.8,587.719298245614
6,6,7,55.0,55.0,6.5,0.2,0.8,587.719298245614
7,6,7,65.0,55.0,6.5,0.2,0.8,587.719298245614
8,6,7,75.0,55.0,6.5,0.2,0.8,587.719298245614
9,6,7,85.0,55.0,6.5,0.2,0.8,587.719298245614
10,6,7,95.0,55.0,6.5,0.2,0.8,587.719298245614
11,6,7,105.0,55.0,6.5,0.2,0.8,587.719298245614
12,6,7,115.0,55.0,6.5,0.2,0.8,587.719298245614
13,6,7,125.0,55.0,6.5,0.2,0.8,587.719298245614
14,6,7,135.0,55.0,6.5,0.2,0.8,587.719298245614
15,6,7,145.0,55.0,6.5,0.2,0.8,587.719298245614
16,6,7,155.0,55.0,6.5,0.2,0.8,587.719298245614
17,6,7,165.0,55.0,6.5,0.2,0.8,587.719298245614
18,6,7,175.0,55.0,6.5,0.2,0.8,587.719298245614
19,6,7,185.0,55.0,6.5,0.2,0.8,587.719298245614
20,6,7,195.0,55.0,6.5,0.2,0.8,587.719298245614
21,6,7,205.0,55.0,6.5,0.2,0.8,587.719298245614
22,6,7,215.0,55.0,6.5,0.2,0.8,587.719298245614
23,6,7,225.0,55.0,6.5,0.2,0.8,587.719298245614
24,6,7,235.0,55.0,6.5,0.2,0.8,587.719298245614
25,6,7,245.0,55.0,6.5,0.2,0.8,587.719298245614
26,6,7,255.0,55.0,6.5,0.2,0.8,587.719298245614
27,6,7,265.0,55.0,6.5,0.2,0.8,587.719298245614
28,6,7,275.0,55.0,6.5,0.2,0.8,587.719298245614
29,6,7,285.0,55.0,6.5,0.2,0.8,587.719298245614
30,6,7,295.0,55.0,6.5,0.2,0.8,587.719298245614
31,6,7,305.0,55.0,6.5,0.2,0.8,587.719298245614
32,6,7,315.0,55.0,6.5,0.2,0.8,587.719298245614
33,6,7,325.0,55.0,6.5,0.2,0.8,587.719298245614
34,6,7,335.0,55.0,6.5,0.2,0.8,587.719298245614
35,6,7,345.0,55.0,6.5,0.2,0.8,587.719298245614
36,6,7,355.0,55.0,6.5,0.2,0.8,587.719298245614
37,6,7,365.0,55.0,6.5,0.2,0.8,587.719298245614
38,6,7,375.0,55.0,6.5,0.2,0.8,587.719298245614
39,6,7,385.0,55.0,6.5,0.2,0.8,587.719298245614
40,6,7,395.0,55.0,6.5,0.2,0.8,587.719298245614
41,6,7,405.0,55.0,6.5,0.2,0.8,587.719298245614
42,6,7,415.0,55.0,6.5,0.2,0.8,587.719298245614
43,6,7,425.0,55.0,6.5,0.2,0.8,587.719298245614
44,6,7,435.0,55.0,6.5,0.2,0.8,587.719298245614
45,6,7,445.0,55.0,6.5,0.2,0.8,587.719298245614
46,6,7,455.0,55.0,6.5,0.2,0.8,587.719298245614
47,6,7,465.0,55.0,6.5,0.2,0.8,587.719298245614
48,6,7,475.0,55.0,6.5,0.2,0.8,587.719298245614
49,6,7,485.0,55.0,6.5,0.2,0.8,587.719298245614
50,6,7,495.0,55.0,6.5,0.2,0.8,587.719298245614
1,7,7,5.0,65.0,6.5,0.2,0.8,587.719298245614
2,7,7,15.0,65.0,6.5,0.2,0.8,587.719298245614
3,7,7,25.0,65.0,6.5,0.2,0.8,587.719298245614
4,7,7,35.0,65.0,6.5,0.2,0.8,587.719298245614
5,7,7,45.0,65.0,6.5,0.2,0.8,587.719298245614
6,7,7,55.0,65.0,6.5,0.2,0.8,587.719298245614
7,7,7,65.0,65.0,6.5,0.2,0.8,587.719298245614
8,7,7,75.0,65.0,6.5,0.2,0.8,587.719298245614
9,7,7,85.0,65.0,6.5,0.2,0.8,587.719298245614
10,7,7,95.0,65.0,6.5,0.2,0.8,587.719298245614
11,7,7,105.0,65.0,6.5,0.2,0.8,587.719298245614
12,7,7,115.0,65.0,6.5,0.2,0.8,587.719298245614
13,7,7,125.0,65.0,6.5,0.2,0.8,587.719298245614
14,7,7,135.0,65.0,6.5,0.2,0.8,587.719298245614
15,7,7,145.0,65.0,6.5,0.2,0.8,587.719298245614
16,7,7,155.0,65.0,6.5,0.2,0.8,587.719298245614
17,7,7,165.0,65.0,6.5,0.2,0.8,587.719298245614
18,7,7,175.0,65.0,6.5,0.2,0.8,587.719298245614
19,7,7,185.0,65.0,6.5,0.2,0.8,587.719298245614
20,7,7,195.0,65.0,6.5,0.2,0.8,587.719298245614
21,7,7,205.0,65.0,6.5,0.2,0.8,587.719298245614
22,7,7,215.0,65.0,6.5,0.2,0.8,587.719298245614
23,7,7,225.0,65.0,6.5,0.2,0.8,587.719298245614
24,7,7,235.0,65.0,6.5,0.2,0.8,587.719298245614
25,7,7,245.0,65.0,6.5,0.2,0.8,587.719298245614
26,7,7,255.0,65.0,6.5,0.2,0.8,587.719298245614
27,7,7,265.0,65.0,6.5,0.2,0.8,587.719298245614
28,7,7,275.0,65.0,6.5,0.2,0.8,587.719298245614
29,7,7,285.0,65.0,6.5,0.2,0.8,587.719298245614
30,7,7,295.0,65.0,6.5,0.2,0.8,587.719298245614
31,7,7,305.0,65.0,6.5,0.2,0.8,587.719298245614
32,7,7,315.0,65.0,6.5,0.2,0.8,587.719298245614
33,7,7,325.0,65.0,6.5,0.2,0.8,587.719298245614
34,7,7,335.0,65.0,6.5,0.2,0.8,587.719298245614
35,7,7,345.0,65.0,6.5,0.2,0.8,587.719298245614
36,7,7,355.0,65.0,6.5,0.2,0.8,587.719298245614
37,7,7,365.0,65.0,6.5,0.2,0.8,587.719298245614
38,7,7,375.0,65.0,6.5,0.2,0.8,587.719298245614
39,7,7,385.0,65.0,6.5,0.2,0.8,587.719298245614
40,7,7,395.0,65.0,6.5,0.2,0.8,587.719298245614
41,7,7,405.0,65.0,6.5,0.2,0.8,587.719298245614
42,7,7,415.0,65.0,6.5,0.2,0.8,587.719298245614
43,7,7,425.0,65.0,6.5,0.2,0.8,587.719298245614
44,7,7,435.0,65.0,6.5,0.2,0.8,587.719298245614
45,7,7,445.0,65.0,6.5,0.2,0.8,587.719298245614
46,7,7,455.0,65.0,6.5,0.2,0.8,587.719298245614
47,7,7,465.0,65.0,6.5,0.2,0.8,587.719298245614
48,7,7,475.0,65.0,6.5,0.2,0.8,587.719298245614
49,7,7,485.0,65.0,6.5,0.2,0.8,587.719298245614
50,7,7,495.0,65.0,6.5,0.2,0.8,587.719298245614
1,8,7,5.0,75.0,6.5,0.2,0.8,587.719298245614
2,8,7,15.0,75.0,6.5,0.2,0.8,587.719298245614
3,8,7,25.0,75.0,6.5,0.2,0.8,587.719298245614
4,8,7,35.0,75.0,6.5,0.2,0.8,587.719298245614
5,8,7,45.0,75.0,6.5,0.2,0.8,587.719298245614
6,8,7,55.0,75.0,6.5,0.2,0.8,587.719298245614
7,8,7,65.0,75.0,6.5,0.2,0.8,587.719298245614
8,8,7,75.0,75.0,6.5,0.2,0.8,587.719298245614
9,8,7,85.0,75.0,6.5,0.2,0.8,587.719298245614
10,8,7,95.0,75.0,6.5,0.2,0.8,587.719298245614
11,8,7,105.0,75.0,6.5,0.2,0.8,587.719298245614
12,8,7,115.0,75.0,6.5,0.2,0.8,587.719298245614
13,8,7,125.0,75.0,6.5,0.2,0.8,587.719298245614
14,8,7,135.0,75.0,6.5,0.2,0.8,587.719298245614
15,8,7,145.0,75.0,6.5,0.2,0.8,587.719298245614
16,8,7,155.0,75.0,6.5,0.2,0.8,587.719298245614
17,8,7,165.0,75.0,6.5,0.2,0.8,587.719298245614
18,8,7,175.0,75.0,6.5,0.2,0.8,587.719298245614
19,8,7,185.0,75.0,6.5,0.2,0.8,587.719298245614
20,8,7,195.0,75.0,6.5,0.2,0.8,587.719298245614
21,8,7,205.0,75.0,6.5,0.2,0.8,587.719298245614
22,8,7,215.0,75.0,6.5,0.2,0.8,587.719298245614
23,8,7,225.0,75.0,6.5,0.2,0.8,587.719298245614
24,8,7,235.0,75.0,6.5,0.2,0.8,587.719298245614
25,8,7,245.0,75.0,6.5,0.2,0.8,587.719298245614
26,8,7,255.0,75.0,6.5,0.2,0.8,587.719298245614
27,8,7,265.0,75.0,6.5,0.2,0.8,587.719298245614
28,8,7,275.0,75.0,6.5,0.2,0.8,587.719298245614
29,8,7,285.0,75.0,6.5,0.2,0.8,587.719298245614
30,8,7,295.0,75.0,6.5,0.2,0.8,587.719298245614
31,8,7,305.0,75.0,6.5,0.2,0.8,587.719298245614
32,8,7,315.0,75.0,6.5,0.2,0.8,587.719298245614
33,8,7,325.0,75.0,6.5,0.2,0.8,587.719298245614
34,8,7,335.0,75.0,6.5,0.2,0.8,587.719298245614
35,8,7,345.0,75.0,6.5,0.2,0.8,587.719298245614
36,8,7,355.0,75.0,6.5,0.2,0.8,587.719298245614
37,8,7,365.0,75.0,6.5,0.2,0.8,587.719298245614
38,8,7,375.0,75.0,6.5,0.2,0.8,587.719298245614
39,8,7,385.0,75.0,6.5,0.2,0.8,587.719298245614
40,8,7,395.0,75.0,6.5,0.2,0.8,587.719298245614
41,8,7,405.0,75.0,6.5,0.2,0.8,587.719298245614
42,8,7,415.0,75.0,6.5,0.2,0.8,587.719298245614
43,8,7,425.0,75.0,6.5,0.2,0.8,587.719298245614
44,8,7,435.0,75.0,6.5,0.2,0.8,587.719298245614
45,8,7,445.0,75.0,6.5,0.2,0.8,587.719298245614
46,8,7,455.0,75.0,6.5,0.2,0.8,587.719298245614
47,8,7,465.0,75.0,6.5,0.2,0.8,587.719298245614
48,8,7,475.0,75.0,6.5,0.2,0.8,587.719298245614
49,8,7,485.0,75.0,6.5,0.2,0.8,587.719298245614
50,8,7,495.0,75.0,6.5,0.2,0.8,587.719298245614
1,9,7,5.0,85.0,6.5,0.2,0.8,587.719298245614
2,9,7,15.0,85.0,6.5,0.2,0.8,587.719298245614
3,9,7,25.0,85.0,6.5,0.2,0.8,587.719298245614
4,9,7,35.0,85.0,6.5,0.2,0.8,587.719298245614
5,9,7,45.0,85.0,6.5,0.2,0.8,587.719298245614
6,9,7,55.0,85.0,6.5,0.2,0.8,587.719298245614
7,9,7,65.0,85.0,6.5,0.2,0.8,587.719298245614
8,9,7,75.0,85.0,6.5,0.2,0.8,587.719298245614
9,9,7,85.0,85.0,6.5,0.2,0.8,587.719298245614
10,9,7,95.0,85.0,6.5,0.2,0.8,587.719298245614
11,9,7,105.0,85.0,6.5,0.2,0.8,587.719298245614
12,9,7,115.0,85.0,6.5,0.2,0.8,587.719298245614
13,9,7,125.0,85.0,6.5,0.2,0.8,587.719298245614
14,9,7,135.0,85.0,6.5,0.2,0.8,587.719298245614
15,9,7,145.0,85.0,6.5,0.2,0.8,587.719298245614
16,9,7,155.0,85.0,6.5,0.2,0.8,587.719298245614
17,9,7,165.0,85.0,6.5,0.2,0.8,587.719298245614
18,9,7,175.0,85.0,6.5,0.2,0.8,587.719298245614
19,9,7,185.0,85.0,6.5,0.2,0.8,587.719298245614
20,9,7,195.0,85.0,6.5,0.2,0.8,587.719298245614
21,9,7,205.0,85.0,6.5,0.2,0.8,587.719298245614
22,9,7,215.0,85.0,6.5,0.2,0.8,587.719298245614
23,9,7,225.0,85.0,6.5,0.2,0.8,587.719298245614
24,9,7,235.0,85.0,6.5,0.2,0.8,587.719298245614
25,9,7,245.0,85.0,6.5,0.2,0.8,587.719298245614
26,9,7,255.0,85.0,6.5,0.2,0.8,587.719298245614
27,9,7,265.0,85.0,6.5,0.2,0.8,587.719298245614
28,9,7,275.0,85.0,6.5,0.2,0.8,587.719298245614
29,9,7,285.0,85.0,6.5,0.2,0.8,587.719298245614
30,9,7,295.0,85.0,6.5,0.2,0.8,587.719298245614
31,9,7,305.0,85.0,6.5,0.2,0.8,587.719298245614
32,9,7,315.0,85.0,6.5,0.2,0.8,587.719298245614
33,9,7,325.0,85.0,6.5,0.2,0.8,587.719298245614
34,9,7,335.0,85.0,6.5,0.2,0.8,587.719298245614
35,9,7,345.0,85.0,6.5,0.2,0.8,587.719298245614
36,9,7,355.0,85.0,6.5,0.2,0.8,587.719298245614
37,9,7,365.0,85.0,6.5,0.2,0.8,587.719298245614
38,9,7,375.0,85.0,6.5,0.2,0.8,587.719298245614
39,9,7,385.0,85.0,6.5,0.2,0.8,587.719298245614
40,9,7,395.0,85.0,6.5,0.2,0.8,587.719298245614
41,9,7,405.0,85.0,6.5,0.2,0.8,587.719298245614
42,9,7,415.0,85.0,6.5,0.2,0.8,587.719298245614
43,9,7,425.0,85.0,6.5,0.2,0.8,587.719298245614
44,9,7,435.0,85.0,6.5,0.2,0.8,587.719298245614
45,9,7,445.0,85.0,6.5,0.2,0.8,587.719298245614
46,9,7,455.0,85.0,6.5,0.2,0.8,587.719298245614
47,9,7,465.0,85.0,6.5,0.2,0.8,587.719298245614
48,9,7,475.0,85.0,6.5,0.2,0.8,587.719298245614
49,9,7,485.0,85.0,6.5,0.2,0.8,587.719298245614
50,9,7,495.0,85.0,6.5,0.2,0.8,587.719298245614
1,10,7,5.0,95.0,6.5,0.2,0.8,587.719298245614
2,10,7,15.0,95.0,6.5,0.2,0.8,587.719298245614
3,10,7,25.0,95.0,6.5,0.2,0.8,587.719298245614
4,10,7,35.0,95.0,6.5,0.2,0.8,587.719298245614
5,10,7,45.0,95.0,6.5,0.2,0.8,587.719298245614
6,10,7,55.0,95.0,6.5,0.2,0.8,587.719298245614
7,10,7,65.0,95.0,6.5,0.2,0.8,587.719298245614
8,10,7,75.0,95.0,6.5,0.2,0.8,587.719298245614
9,10,7,85.0,95.0,6.5,0.2,0.8,587.719298245614
10,10,7,95.0,95.0,6.5,0.2,0.8,587.719298245614
11,10,7,105.0,95.0,6.5,0.2,0.8,587.719298245614
12,10,7,115.0,95.0,6.5,0.2,0.8,587.719298245614
13,10,7,125.0,95.0,6.5,0.2,0.8,587.719298245614
14,10,7,135.0,95.0,6.5,0.2,0.8,587.719298245614
15,10,7,145.0,95.0,6.5,0.2,0.8,587.719298245614
16,10,7,155.0,95.0,6.5,0.2,0.8,587.719298245614
17,10,7,165.0,95.0,6.5,0.2,0.8,587.719298245614
18,10,7,175.0,95.0,6.5,0.2,0.8,587.719298245614
19,10,7,185.0,95.0,6.5,0.2,0.8,587.719298245614
20,10,7,195.0,95.0,6.5,0.2,0.8,587.719298245614
21,10,7,205.0,95.0,6.5,0.2,0.8,587.719298245614
22,10,7,215.0,95.0,6.5,0.2,0.8,587.719298245614
23,10,7,225.0,95.0,6.5,0.2,0.8,587.719298245614
24,10,7,235.0,95.0,6.5,0.2,0.8,587.719298245614
25,10,7,245.0,95.0,6.5,0.2,0.8,587.719298245614
26,10,7,255.0,95.0,6.5,0.2,0.8,587.719298245614
27,10,7,265.0,95.0,6.5,0.2,0.8,587.719298245614
28,10,7,275.0,95.0,6.5,0.2,0.8,587.719298245614
29,10,7,285.0,95.0,6.5,0.2,0.8,587.719298245614
30,10,7,295.0,95.0,6.5,0.2,0.8,587.719298245614
31,10,7,305.0,95.0,6.5,0.2,0.8,587.719298245614
32,10,7,315.0,95.0,6.5,0.2,0.8,587.719298245614
33,10,7,325.0,95.0,6.5,0.2,0.8,587.719298245614
34,10,7,335.0,95.0,6.5,0.2,0.8,587.719298245614
35,10,7,345.0,95.0,6.5,0.2,0.8,587.719298245614
36,10,7,355.0,95.0,6.5,0.2,0.8,587.719298245614
37,10,7,365.0,95.0,6.5,0.2,0.8,587.719298245614
38,10,7,375.0,95.0,6.5,0.2,0.8,587.719298245614
39,10,7,385.0,95.0,6.5,0.2,0.8,587.719298245614
40,10,7,395.0,95.0,6.5,0.2,0.8,587.719298245614
41,10,7,405.0,95.0,6.5,0.2,0.8,587.719298245614
42,10,7,415.0,95.0,6.5,0.2,0.8,587.719298245614
43,10,7,425.0,95.0,6.5,0.2,0.8,587.719298245614
44,10,7,435.0,95.0,6.5,0.2,0.8,587.719298245614
45,10,7,445.0,95.0,6.5,0.2,0.8,587.719298245614
46,10,7,455.0,95.0,6.5,0.2,0.8,587.719298245614
47,10,7,465.0,95.0,6.5,0.2,0.8,587.719298245614
48,10,7,475.0,95.0,6.5,0.2,0.8,587.719298245614
49,10,7,485.0,95.0,6.5,0.2,0.8,587.719298245614
50,10,7,495.0,95.0,6.5,0.2,0.8,587.719298245614
1,1,8,5.0,5.0,7.5,0.2,0.8,657.8947368421052
2,1,8,15.0,5.0,7.5,0.2,0.8,657.8947368421052
3,1,8,25.0,5.0,7.5,0.2,0.8,657.8947368421052
4,1,8,35.0,5.0,7.5,0.2,0.8,657.8947368421052
5,1,8,45.0,5.0,7.5,0.2,0.8,657.8947368421052
6,1,8,55.0,5.0,7.5,0.2,0.8,657.8947368421052
7,1,8,65.0,5.0,7.5,0.2,0.8,657.8947368421052
8,1,8,75.0,5.0,7.5,0.2,0.8,657.8947368421052
9,1,8,85.0,5.0,7.5,0.2,0.8,657.8947368421052
10,1,8,95.0,5.0,7.5,0.2,0.8,657.8947368421052
11,1,8,105.0,5.0,7.5,0.2,0.8,657.8947368421052
12,1,8,115.0,5.0,7.5,0.2,0.8,657.8947368421052
13,1,8,125.0,5.0,7.5,0.2,0.8,657.8947368421052
14,1,8,135.0,5.0,7.5,0.2,0.8,657.8947368421052
15,1,8,145.0,5.0,7.5,0.2,0.8,657.8947368421052
16,1,8,155.0,5.0,7.5,0.2,0.8,657.8947368421052
17,1,8,165.0,5.0,7.5,0.2,0.8,657.8947368421052
18,1,8,175.0,5.0,7.5,0.2,0.8,657.8947368421052
19,1,8,185.0,5.0,7.5,0.2,0.8,657.8947368421052
20,1,8,195.0,5.0,7.5,0.2,0.8,657.8947368421052
21,1,8,205.0,5.0,7.5,0.2,0.8,657.8947368421052
22,1,8,215.0,5.0,7.5,0.2,0.8,657.8947368421052
23,1,8,225.0,5.0,7.5,0.2,0.8,657.8947368421052
24,1,8,235.0,5.0,7.5,0.2,0.8,657.8947368421052
25,1,8,245.0,5.0,7.5,0.2,0.8,657.8947368421052
26,1,8,255.0,5.0,7.5,0.2,0.8,657.8947368421052
27,1,8,265.0,5.0,7.5,0.2,0.8,657.8947368421052
28,1,8,275.0,5.0,7.5,0.2,0.8,657.8947368421052
29,1,8,285.0,5.0,7.5,0.2,0.8,657.8947368421052
30,1,8,295.0,5.0,7.5,0.2,0.8,657.8947368421052
31,1,8,305.0,5.0,7.5,0.2,0.8,657.8947368421052
32,1,8,315.0,5.0,7.5,0.2,0.8,657.8947368421052
33,1,8,325.0,5.0,7.5,0.2,0.8,657.8947368421052
34,1,8,335.0,5.0,7.5,0.2,0.8,657.8947368421052
35,1,8,345.0,5.0,7.5,0.2,0.8,657.8947368421052
36,1,8,355.0,5.0,7.5,0.2,0.8,657.8947368421052
37,1,8,365.0,5.0,7.5,0.2,0.8,657.8947368421052
38,1,8,375.0,5.0,7.5,0.2,0.8,657.8947368421052
39,1,8,385.0,5.0,7.5,0.2,0.8,657.8947368421052
40,1,8,395.0,5.0,7.5,0.2,0.8,657.8947368421052
41,1,8,405.0,5.0,7.5,0.2,0.8,657.8947368421052
42,1,8,415.0,5.0,7.5,0.2,0.8,657.8947368421052
43,1,8,425.0,5.0,7.5,0.2,0.8,657.8947368421052
44,1,8,435.0,5.0,7.5,0.2,0.8,657.8947368421052
45,1,8,445.0,5.0,7.5,0.2,0.8,657.8947368421052
46,1,8,455.0,5.0,7.5,0.2,0.8,657.8947368421052
47,1,8,465.0,5.0,7.5,0.2,0.8,657.8947368421052
48,1,8,475.0,5.0,7.5,0.2,0.8,657.8947368421052
49,1,8,485.0,5.0,7.5,0.2,0.8,657.8947368421052
50,1,8,495.0,5.0,7.5,0.2,0.8,657.8947368421052
1,2,8,5.0,15.0,7.5,0.2,0.8,657.8947368421052
2,2,8,15.0,15.0,7.5,0.2,0.8,657.8947368421052
3,2,8,25.0,15.0,7.5,0.2,0.8,657.8947368421052
4,2,8,35.0,15.0,7.5,0.2,0.8,657.8947368421052
5,2,8,45.0,15.0,7.5,0.2,0.8,657.8947368421052
6,2,8,55.0,15.0,7.5,0.2,0.8,657.8947368421052
7,2,8,65.0,15.0,7.5,0.2,0.8,657.8947368421052
8,2,8,75.0,15.0,7.5,0.2,0.8,657.8947368421052
9,2,8,85.0,15.0,7.5,0.2,0.8,657.8947368421052
10,2,8,95.0,15.0,7.5,0.2,0.8,657.8947368421052
11,2,8,105.0,15.0,7.5,0.2,0.8,657.8947368421052
12,2,8,115.0,15.0,7.5,0.2,0.8,657.8947368421052
13,2,8,125.0,15.0,7.5,0.2,0.8,657.8947368421052
14,2,8,135.0,15.0,7.5,0.2,0.8,657.8947368421052
15,2,8,145.0,15.0,7.5,0.2,0.8,657.8947368421052
16,2,8,155.0,15.0,7.5,0.2,0.8,657.8947368421052
17,2,8,165.0,15.0,7.5,0.2,0.8,657.8947368421052
18,2,8,175.0,15.0,7.5,0.2,0.8,657.8947368421052
19,2,8,185.0,15.0,7.5,0.2,0.8,657.8947368421052
20,2,8,195.0,15.0,7.5,0.2,0.8,657.8947368421052
21,2,8,205.0,15.0,7.5,0.2,0.8,657.8947368421052
22,2,8,215.0,15.0,7.5,0.2,0.8,657.8947368421052
23,2,8,225.0,15.0,7.5,0.2,0.8,657.8947368421052
24,2,8,235.0,15.0,7.5,0.2,0.8,657.8947368421052
25,2,8,245.0,15.0,7.5,0.2,0.8,657.8947368421052
26,2,8,255.0,15.0,7.5,0.2,0.8,657.8947368421052
27,2,8,265.0,15.0,7.5,0.2,0.8,657.8947368421052
28,2,8,275.0,15.0,7.5,0.2,0.8,657.8947368421052
29,2,8,285.0,15.0,7.5,0.2,0.8,657.8947368421052
30,2,8,295.0,15.0,7.5,0.2,0.8,657.8947368421052
31,2,8,305.0,15.0,7.5,0.2,0.8,657.8947368421052
32,2,8,315.0,15.0,7.5,0.2,0.8,657.8947368421052
33,2,8,325.0,15.0,7.5,0.2,0.8,657.8947368421052
34,2,8,335.0,15.0,7.5,0.2,0.8,657.8947368421052
35,2,8,345.0,15.0,7.5,0.2,0.8,657.8947368421052
36,2,8,355.0,15.0,7.5,0.2,0.8,657.8947368421052
37,2,8,365.0,15.0,7.5,0.2,0.8,657.8947368421052
38,2,8,375.0,15.0,7.5,0.2,0.8,657.8947368421052
39,2,8,385.0,15.0,7.5,0.2,0.8,657.8947368421052
40,2,8,395.0,15.0,7.5,0.2,0.8,657.8947368421052
41,2,8,405.0,15.0,7.5,0.2,0.8,657.8947368421052
42,2,8,415.0,15.0,7.5,0.2,0.8,657.8947368421052
43,2,8,425.0,15.0,7.5,0.2,0.8,657.8947368421052
44,2,8,435.0,15.0,7.5,0.2,0.8,657.8947368421052
45,2,8,445.0,15.0,7.5,0.2,0.8,657.8947368421052
46,2,8,455.0,15.0,7.5,0.2,0.8,657.8947368421052
47,2,8,465.0,15.0,7.5,0.2,0.8,657.8947368421052
48,2,8,475.0,15.0,7.5,0.2,0.8,657.8947368421052
49,2,8,485.0,15.0,7.5,0.2,0.8,657.8947368421052
50,2,8,495.0,15.0,7.5,0.2,0.8,657.8947368421052
1,3,8,5.0,25.0,7.5,0.2,0.8,657.8947368421052
2,3,8,15.0,25.0,7.5,0.2,0.8,657.8947368421052
3,3,8,25.0,25.0,7.5,0.2,0.8,657.8947368421052
4,3,8,35.0,25.0,7.5,0.2,0.8,657.8947368421052
5,3,8,45.0,25.0,7.5,0.2,0.8,657.8947368421052
6,3,8,55.0,25.0,7.5,0.2,0.8,657.8947368421052
7,3,8,65.0,25.0,7.5,0.2,0.8,657.8947368421052
8,3,8,75.0,25.0,7.5,0.2,0.8,657.8947368421052
9,3,8,85.0,25.0,7.5,0.2,0.8,657.8947368421052
10,3,8,95.0,25.0,7.5,0.2,0.8,657.8947368421052
11,3,8,105.0,25.0,7.5,0.2,0.8,657.8947368421052
12,3,8,115.0,25.0,7.5,0.2,0.8,657.8947368421052
13,3,8,125.0,25.0,7.5,0.2,0.8,657.8947368421052
14,3,8,135.0,25.0,7.5,0.2,0.8,657.8947368421052
15,3,8,145.0,25.0,7.5,0.2,0.8,657.8947368421052
16,3,8,155.0,25.0,7.5,0.2,0.8,657.8947368421052
17,3,8,165.0,25.0,7.5,0.2,0.8,657.8947368421052
18,3,8,175.0,25.0,7.5,0.2,0.8,657.8947368421052
19,3,8,185.0,25.0,7.5,0.2,0.8,657.8947368421052
20,3,8,195.0,25.0,7.5,0.2,0.8,657.8947368421052
21,3,8,205.0,25.0,7.5,0.2,0.8,657.8947368421052
22,3,8,215.0,25.0,7.5,0.2,0.8,657.8947368421052
23,3,8,225.0,25.0,7.5,0.2,0.8,657.8947368421052
24,3,8,235.0,25.0,7.5,0.2,0.8,657.8947368421052
25,3,8,245.0,25.0,7.5,0.2,0.8,657.8947368421052
26,3,8,255.0,25.0,7.5,0.2,0.8,657.8947368421052
27,3,8,265.0,25.0,7.5,0.2,0.8,657.8947368421052
28,3,8,275.0,25.0,7.5,0.2,0.8,657.8947368421052
29,3,8,285.0,25.0,7.5,0.2,0.8,657.8947368421052
30,3,8,295.0,25.0,7.5,0.2,0.8,657.8947368421052
31,3,8,305.0,25.0,7.5,0.2,0.8,657.8947368421052
32,3,8,315.0,25.0,7.5,0.2,0.8,657.8947368421052
33,3,8,325.0,25.0,7.5,0.2,0.8,657.8947368421052
34,3,8,335.0,25.0,7.5,0.2,0.8,657.8947368421052
35,3,8,345.0,25.0,7.5,0.2,0.8,657.8947368421052
36,3,8,355.0,25.0,7.5,0.2,0.8,657.8947368421052
37,3,8,365.0,25.0,7.5,0.2,0.8,657.8947368421052
38,3,8,375.0,25.0,7.5,0.2,0.8,657.8947368421052
39,3,8,385.0,25.0,7.5,0.2,0.8,657.8947368421052
40,3,8,395.0,25.0,7.5,0.2,0.8,657.8947368421052
41,3,8,405.0,25.0,7.5,0.2,0.8,657.8947368421052
42,3,8,415.0,25.0,7.5,0.2,0.8,657.8947368421052
43,3,8,425.0,25.0,7.5,0.2,0.8,657.8947368421052
44,3,8,435.0,25.0,7.5,0.2,0.8,657.8947368421052
45,3,8,445.0,25.0,7.5,0.2,0.8,657.8947368421052
46,3,8,455.0,25.0,7.5,0.2,0.8,657.8947368421052
47,3,8,465.0,25.0,7.5,0.2,0.8,657.8947368421052
48,3,8,475.0,25.0,7.5,0.2,0.8,657.8947368421052
49,3,8,485.0,25.0,7.5,0.2,0.8,657.8947368421052
50,3,8,495.0,25.0,7.5,0.2,0.8,657.8947368421052
1,4,8,5.0,35.0,7.5,0.2,0.8,657.8947368421052
2,4,8,15.0,35.0,7.5,0.2,0.8,657.8947368421052
3,4,8,25.0,35.0,7.5,0.2,0.8,657.8947368421052
4,4,8,35.0,35.0,7.5,0.2,0.8,657.8947368421052
5,4,8,45.0,35.0,7.5,0.2,0.8,657.8947368421052
6,4,8,55.0,35.0,7.5,0.2,0.8,657.8947368421052
7,4,8,65.0,35.0,7.5,0.2,0.8,657.8947368421052
8,4,8,75.0,35.0,7.5,0.2,0.8,657.8947368421052
9,4,8,85.0,35.0,7.5,0.2,0.8,657.8947368421052
10,4,8,95.0,35.0,7.5,0.2,0.8,657.8947368421052
11,4,8,105.0,35.0,7.5,0.2,0.8,657.8947368421052
12,4,8,115.0,35.0,7.5,0.2,0.8,657.8947368421052
13,4,8,125.0,35.0,7.5,0.2,0.8,657.8947368421052
14,4,8,135.0,35.0,7.5,0.2,0.8,657.8947368421052
15,4,8,145.0,35.0,7.5,0.2,0.8,657.8947368421052
16,4,8,155.0,35.0,7.5,0.2,0.8,657.8947368421052
17,4,8,165.0,35.0,7.5,0.2,0.8,657.8947368421052
18,4,8,175.0,35.0,7.5,0.2,0.8,657.8947368421052
19,4,8,185.0,35.0,7.5,0.2,0.8,657.8947368421052
20,4,8,195.0,35.0,7.5,0.2,0.8,657.8947368421052
21,4,8,205.0,35.0,7.5,0.2,0.8,657.8947368421052
22,4,8,215.0,35.0,7.5,0.2,0.8,657.8947368421052
23,4,8,225.0,35.0,7.5,0.2,0.8,657.8947368421052
24,4,8,235.0,35.0,7.5,0.2,0.8,657.8947368421052
25,4,8,245.0,35.0,7.5,0.2,0.8,657.8947368421052
26,4,8,255.0,35.0,7.5,0.2,0.8,657.8947368421052
27,4,8,265.0,35.0,7.5,0.2,0.8,657.8947368421052
28,4,8,275.0,35.0,7.5,0.2,0.8,657.8947368421052
29,4,8,285.0,35.0,7.5,0.2,0.8,657.8947368421052
30,4,8,295.0,35.0,7.5,0.2,0.8,657.8947368421052
31,4,8,305.0,35.0,7.5,0.2,0.8,657.8947368421052
32,4,8,315.0,35.0,7.5,0.2,0.8,657.8947368421052
33,4,8,325.0,35.0,7.5,0.2,0.8,657.8947368421052
34,4,8,335.0,35.0,7.5,0.2,0.8,657.8947368421052
35,4,8,345.0,35.0,7.5,0.2,0.8,657.8947368421052
36,4,8,355.0,35.0,7.5,0.2,0.8,657.8947368421052
37,4,8,365.0,35.0,7.5,0.2,0.8,657.8947368421052
38,4,8,375.0,35.0,7.5,0.2,0.8,657.8947368421052
39,4,8,385.0,35.0,7.5,0.2,0.8,657.8947368421052
40,4,8,395.0,35.0,7.5,0.2,0.8,657.8947368421052
41,4,8,405.0,35.0,7.5,0.2,0.8,657.8947368421052
42,4,8,415.0,35.0,7.5,0.2,0.8,657.8947368421052
43,4,8,425.0,35.0,7.5,0.2,0.8,657.8947368421052
44,4,8,435.0,35.0,7.5,0.2,0.8,657.8947368421052
45,4,8,445.0,35.0,7.5,0.2,0.8,657.8947368421052
46,4,8,455.0,35.0,7.5,0.2,0.8,657.8947368421052
47,4,8,465.0,35.0,7.5,0.2,0.8,657.8947368421052
48,4,8,475.0,35.0,7.5,0.2,0.8,657.8947368421052
49,4,8,485.0,35.0,7.5,0.2,0.8,657.8947368421052
50,4,8,495.0,35.0,7.5,0.2,0.8,657.8947368421052
1,5,8,5.0,45.0,7.5,0.2,0.8,657.8947368421052
2,5,8,15.0,45.0,7.5,0.2,0.8,657.8947368421052
3,5,8,25.0,45.0,7.5,0.2,0.8,657.8947368421052
4,5,8,35.0,45.0,7.5,0.2,0.8,657.8947368421052
5,5,8,45.0,45.0,7.5,0.2,0.8,657.8947368421052
6,5,8,55.0,45.0,7.5,0.2,0.8,657.8947368421052
7,5,8,65.0,45.0,7.5,0.2,0.8,657.8947368421052
8,5,8,75.0,45.0,7.5,0.2,0.8,657.8947368421052
9,5,8,85.0,45.0,7.5,0.2,0.8,657.8947368421052
10,5,8,95.0,45.0,7.5,0.2,0.8,657.8947368421052
11,5,8,105.0,45.0,7.5,0.2,0.8,657.8947368421052
12,5,8,115.0,45.0,7.5,0.2,0.8,657.8947368421052
13,5,8,125.0,45.0,7.5,0.2,0.8,657.8947368421052
14,5,8,135.0,45.0,7.5,0.2,0.8,657.8947368421052
15,5,8,145.0,45.0,7.5,0.2,0.8,657.8947368421052
16,5,8,155.0,45.0,7.5,0.2,0.8,657.8947368421052
17,5,8,165.0,45.0,7.5,0.2,0.8,657.8947368421052
18,5,8,175.0,45.0,7.5,0.2,0.8,657.8947368421052
19,5,8,185.0,45.0,7.5,0.2,0.8,657.8947368421052
20,5,8,195.0,45.0,7.5,0.2,0.8,657.8947368421052
21,5,8,205.0,45.0,7.5,0.2,0.8,657.8947368421052
22,5,8,215.0,45.0,7.5,0.2,0.8,657.8947368421052
23,5,8,225.0,45.0,7.5,0.2,0.8,657.8947368421052
24,5,8,235.0,45.0,7.5,0.2,0.8,657.8947368421052
25,5,8,245.0,45.0,7.5,0.2,0.8,657.8947368421052
26,5,8,255.0,45.0,7.5,0.2,0.8,657.8947368421052
27,5,8,265.0,45.0,7.5,0.2,0.8,657.8947368421052
28,5,8,275.0,45.0,7.5,0.2,0.8,657.8947368421052
29,5,8,285.0,45.0,7.5,0.2,0.8,657.8947368421052
30,5,8,295.0,45.0,7.5,0.2,0.8,657.8947368421052
31,5,8,305.0,45.0,7.5,0.2,0.8,657.8947368421052
32,5,8,315.0,45.0,7.5,0.2,0.8,657.8947368421052
33,5,8,325.0,45.0,7.5,0.2,0.8,657.8947368421052
34,5,8,335.0,45.0,7.5,0.2,0.8,657.8947368421052
35,5,8,345.0,45.0,7.5,0.2,0.8,657.8947368421052
36,5,8,355.0,45.0,7.5,0.2,0.8,657.8947368421052
37,5,8,365.0,45.0,7.5,0.2,0.8,657.8947368421052
38,5,8,375.0,45.0,7.5,0.2,0.8,657.8947368421052
39,5,8,385.0,45.0,7.5,0.2,0.8,657.8947368421052
40,5,8,395.0,45.0,7.5,0.2,0.8,657.8947368421052
41,5,8,405.0,45.0,7.5,0.2,0.8,657.8947368421052
42,5,8,415.0,45.0,7.5,0.2,0.8,657.8947368421052
43,5,8,425.0,45.0,7.5,0.2,0.8,657.8947368421052
44,5,8,435.0,45.0,7.5,0.2,0.8,657.8947368421052
45,5,8,445.0,45.0,7.5,0.2,0.8,657.8947368421052
46,5,8,455.0,45.0,7.5,0.2,0.8,657.8947368421052
47,5,8,465.0,45.0,7.5,0.2,0.8,657.8947368421052
48,5,8,475.0,45.0,7.5,0.2,0.8,657.8947368421052
49,5,8,485.0,45.0,7.5,0.2,0.8,657.8947368421052
50,5,8,495.0,45.0,7.5,0.2,0.8,657.8947368421052
1,6,8,5.0,55.0,7.5,0.2,0.8,657.8947368421052
2,6,8,15.0,55.0,7.5,0.2,0.8,657.8947368421052
3,6,8,25.0,55.0,7.5,0.2,0.8,657.8947368421052
4,6,8,35.0,55.0,7.5,0.2,0.8,657.8947368421052
5,6,8,45.0,55.0,7.5,0.2,0.8,657.8947368421052
6,6,8,55.0,55.0,7.5,0.2,0.8,657.8947368421052
7,6,8,65.0,55.0,7.5,0.2,0.8,657.8947368421052
8,6,8,75.0,55.0,7.5,0.2,0.8,657.8947368421052
9,6,8,85.0,55.0,7.5,0.2,0.8,657.8947368421052
10,6,8,95.0,55.0,7.5,0.2,0.8,657.8947368421052
11,6,8,105.0,55.0,7.5,0.2,0.8,657.8947368421052
12,6,8,115.0,55.0,7.5,0.2,0.8,657.8947368421052
13,6,8,125.0,55.0,7.5,0.2,0.8,657.8947368421052
14,6,8,135.0,55.0,7.5,0.2,0.8,657.8947368421052
15,6,8,145.0,55.0,7.5,0.2,0.8,657.8947368421052
16,6,8,155.0,55.0,7.5,0.2,0.8,657.8947368421052
17,6,8,165.0,55.0,7.5,0.2,0.8,657.8947368421052
18,6,8,175.0,55.0,7.5,0.2,0.8,657.8947368421052
19,6,8,185.0,55.0,7.5,0.2,0.8,657.8947368421052
20,6,8,195.0,55.0,7.5,0.2,0.8,657.8947368421052
21,6,8,205.0,55.0,7.5,0.2,0.8,657.8947368421052
22,6,8,215.0,55.0,7.5,0.2,0.8,657.8947368421052
23,6,8,225.0,55.0,7.5,0.2,0.8,657.8947368421052
24,6,8,235.0,55.0,7.5,0.2,0.8,657.8947368421052
25,6,8,245.0,55.0,7.5,0.2,0.8,657.8947368421052
26,6,8,255.0,55.0,7.5,0.2,0.8,657.8947368421052
27,6,8,265.0,55.0,7.5,0.2,0.8,657.8947368421052
28,6,8,275.0,55.0,7.5,0.2,0.8,657.8947368421052
29,6,8,285.0,55.0,7.5,0.2,0.8,657.8947368421052
30,6,8,295.0,55.0,7.5,0.2,0.8,657.8947368421052
31,6,8,305.0,55.0,7.5,0.2,0.8,657.8947368421052
32,6,8,315.0,55.0,7.5,0.2,0.8,657.8947368421052
33,6,8,325.0,55.0,7.5,0.2,0.8,657.8947368421052
34,6,8,335.0,55.0,7.5,0.2,0.8,657.8947368421052
35,6,8,345.0,55.0,7.5,0.2,0.8,657.8947368421052
36,6,8,355.0,55.0,7.5,0.2,0.8,657.8947368421052
37,6,8,365.0,55.0,7.5,0.2,0.8,657.8947368421052
38,6,8,375.0,55.0,7.5,0.2,0.8,657.8947368421052
39,6,8,385.0,55.0,7.5,0.2,0.8,657.8947368421052
40,6,8,395.0,55.0,7.5,0.2,0.8,657.8947368421052
41,6,8,405.0,55.0,7.5,0.2,0.8,657.8947368421052
42,6,8,415.0,55.0,7.5,0.2,0.8,657.8947368421052
43,6,8,425.0,55.0,7.5,0.2,0.8,657.8947368421052
44,6,8,435.0,55.0,7.5,0.2,0.8,657.8947368421052
45,6,8,445.0,55.0,7.5,0.2,0.8,657.8947368421052
46,6,8,455.0,55.0,7.5,0.2,0.8,657.8947368421052
47,6,8,465.0,55.0,7.5,0.2,0.8,657.8947368421052
48,6,8,475.0,55.0,7.5,0.2,0.8,657.8947368421052
49,6,8,485.0,55.0,7.5,0.2,0.8,657.8947368421052
50,6,8,495.0,55.0,7.5,0.2,0.8,657.8947368421052
1,7,8,5.0,65.0,7.5,0.2,0.8,657.8947368421052
2,7,8,15.0,65.0,7.5,0.2,0.8,657.8947368421052
3,7,8,25.0,65.0,7.5,0.2,0.8,657.8947368421052
4,7,8,35.0,65.0,7.5,0.2,0.8,657.8947368421052
5,7,8,45.0,65.0,7.5,0.2,0.8,657.8947368421052
6,7,8,55.0,65.0,7.5,0.2,0.8,657.8947368421052
7,7,8,65.0,65.0,7.5,0.2,0.8,657.8947368421052
8,7,8,75.0,65.0,7.5,0.2,0.8,657.8947368421052
9,7,8,85.0,65.0,7.5,0.2,0.8,657.8947368421052
10,7,8,95.0,65.0,7.5,0.2,0.8,657.8947368421052
11,7,8,105.0,65.0,7.5,0.2,0.8,657.8947368421052
12,7,8,115.0,65.0,7.5,0.2,0.8,657.8947368421052
13,7,8,125.0,65.0,7.5,0.2,0.8,657.8947368421052
14,7,8,135.0,65.0,7.5,0.2,0.8,657.8947368421052
15,7,8,145.0,65.0,7.5,0.2,0.8,657.8947368421052
16,7,8,155.0,65.0,7.5,0.2,0.8,657.8947368421052
17,7,8,165.0,65.0,7.5,0.2,0.8,657.8947368421052
18,7,8,175.0,65.0,7.5,0.2,0.8,657.8947368421052
19,7,8,185.0,65.0,7.5,0.2,0.8,657.8947368421052
20,7,8,195.0,65.0,7.5,0.2,0.8,657.8947368421052
21,7,8,205.0,65.0,7.5,0.2,0.8,657.8947368421052
22,7,8,215.0,65.0,7.5,0.2,0.8,657.8947368421052
23,7,8,225.0,65.0,7.5,0.2,0.8,657.8947368421052
24,7,8,235.0,65.0,7.5,0.2,0.8,657.8947368421052
25,7,8,245.0,65.0,7.5,0.2,0.8,657.8947368421052
26,7,8,255.0,65.0,7.5,0.2,0.8,657.8947368421052
27,7,8,265.0,65.0,7.5,0.2,0.8,657.8947368421052
28,7,8,275.0,65.0,7.5,0.2,0.8,657.8947368421052
29,7,8,285.0,65.0,7.5,0.2,0.8,657.8947368421052
30,7,8,295.0,65.0,7.5,0.2,0.8,657.8947368421052
31,7,8,305.0,65.0,7.5,0.2,0.8,657.8947368421052
32,7,8,315.0,65.0,7.5,0.2,0.8,657.8947368421052
33,7,8,325.0,65.0,7.5,0.2,0.8,657.8947368421052
34,7,8,335.0,65.0,7.5,0.2,0.8,657.8947368421052
35,7,8,345.0,65.0,7.5,0.2,0.8,657.8947368421052
36,7,8,355.0,65.0,7.5,0.2,0.8,657.8947368421052
37,7,8,365.0,65.0,7.5,0.2,0.8,657.8947368421052
38,7,8,375.0,65.0,7.5,0.2,0.8,657.8947368421052
39,7,8,385.0,65.0,7.5,0.2,0.8,657.8947368421052
40,7,8,395.0,65.0,7.5,0.2,0.8,657.8947368421052
41,7,8,405.0,65.0,7.5,0.2,0.8,657.8947368421052
42,7,8,415.0,65.0,7.5,0.2,0.8,657.8947368421052
43,7,8,425.0,65.0,7.5,0.2,0.8,657.8947368421052
44,7,8,435.0,65.0,7.5,0.2,0.8,657.8947368421052
45,7,8,445.0,65.0,7.5,0.2,0.8,657.8947368421052
46,7,8,455.0,65.0,7.5,0.2,0.8,657.8947368421052
47,7,8,465.0,65.0,7.5,0.2,0.8,657.8947368421052
48,7,8,475.0,65.0,7.5,0.2,0.8,657.8947368421052
49,7,8,485.0,65.0,7.5,0.2,0.8,657.8947368421052
50,7,8,495.0,65.0,7.5,0.2,0.8,657.8947368421052
1,8,8,5.0,75.0,7.5,0.2,0.8,657.8947368421052
2,8,8,15.0,75.0,7.5,0.2,0.8,657.8947368421052
3,8,8,25.0,75.0,7.5,0.2,0.8,657.8947368421052
4,8,8,35.0,75.0,7.5,0.2,0.8,657.8947368421052
5,8,8,45.0,75.0,7.5,0.2,0.8,657.8947368421052
6,8,8,55.0,75.0,7.5,0.2,0.8,657.8947368421052
7,8,8,65.0,75.0,7.5,0.2,0.8,657.8947368421052
8,8,8,75.0,75.0,7.5,0.2,0.8,657.8947368421052
9,8,8,85.0,75.0,7.5,0.2,0.8,657.8947368421052
10,8,8,95.0,75.0,7.5,0.2,0.8,657.8947368421052
11,8,8,105.0,75.0,7.5,0.2,0.8,657.8947368421052
12,8,8,115.0,75.0,7.5,0.2,0.8,657.8947368421052
13,8,8,125.0,75.0,7.5,0.2,0.8,657.8947368421052
14,8,8,135.0,75.0,7.5,0.2,0.8,657.8947368421052
15,8,8,145.0,75.0,7.5,0.2,0.8,657.8947368421052
16,8,8,155.0,75.0,7.5,0.2,0.8,657.8947368421052
17,8,8,165.0,75.0,7.5,0.2,0.8,657.8947368421052
18,8,8,175.0,75.0,7.5,0.2,0.8,657.8947368421052
19,8,8,185.0,75.0,7.5,0.2,0.8,657.8947368421052
20,8,8,195.0,75.0,7.5,0.2,0.8,657.8947368421052
21,8,8,205.0,75.0,7.5,0.2,0.8,657.8947368421052
22,8,8,215.0,75.0,7.5,0.2,0.8,657.8947368421052
23,8,8,225.0,75.0,7.5,0.2,0.8,657.8947368421052
24,8,8,235.0,75.0,7.5,0.2,0.8,657.8947368421052
25,8,8,245.0,75.0,7.5,0.2,0.8,657.8947368421052
26,8,8,255.0,75.0,7.5,0.2,0.8,657.8947368421052
27,8,8,265.0,75.0,7.5,0.2,0.8,657.8947368421052
28,8,8,275.0,75.0,7.5,0.2,0.8,657.8947368421052
29,8,8,285.0,75.0,7.5,0.2,0.8,657.8947368421052
30,8,8,295.0,75.0,7.5,0.2,0.8,657.8947368421052
31,8,8,305.0,75.0,7.5,0.2,0.8,657.8947368421052
32,8,8,315.0,75.0,7.5,0.2,0.8,657.8947368421052
33,8,8,325.0,75.0,7.5,0.2,0.8,657.8947368421052
34,8,8,335.0,75.0,7.5,0.2,0.8,657.8947368421052
35,8,8,345.0,75.0,7.5,0.2,0.8,657.8947368421052
36,8,8,355.0,75.0,7.5,0.2,0.8,657.8947368421052
37,8,8,365.0,75.0,7.5,0.2,0.8,657.8947368421052
38,8,8,375.0,75.0,7.5,0.2,0.8,657.8947368421052
39,8,8,385.0,75.0,7.5,0.2,0.8,657.8947368421052
40,8,8,395.0,75.0,7.5,0.2,0.8,657.8947368421052
41,8,8,405.0,75.0,7.5,0.2,0.8,657.8947368421052
42,8,8,415.0,75.0,7.5,0.2,0.8,657.8947368421052
43,8,8,425.0,75.0,7.5,0.2,0.8,657.8947368421052
44,8,8,435.0,75.0,7.5,0.2,0.8,657.8947368421052
45,8,8,445.0,75.0,7.5,0.2,0.8,657.8947368421052
46,8,8,455.0,75.0,7.5,0.2,0.8,657.8947368421052
47,8,8,465.0,75.0,7.5,0.2,0.8,657.8947368421052
48,8,8,475.0,75.0,7.5,0.2,0.8,657.8947368421052
49,8,8,485.0,75.0,7.5,0.2,0.8,657.8947368421052
50,8,8,495.0,75.0,7.5,0.2,0.8,657.8947368421052
1,9,8,5.0,85.0,7.5,0.2,0.8,657.8947368421052
2,9,8,15.0,85.0,7.5,0.2,0.8,657.8947368421052
3,9,8,25.0,85.0,7.5,0.2,0.8,657.8947368421052
4,9,8,35.0,85.0,7.5,0.2,0.8,657.8947368421052
5,9,8,45.0,85.0,7.5,0.2,0.8,657.8947368421052
6,9,8,55.0,85.0,7.5,0.2,0.8,657.8947368421052
7,9,8,65.0,85.0,7.5,0.2,0.8,657.8947368421052
8,9,8,75.0,85.0,7.5,0.2,0.8,657.8947368421052
9,9,8,85.0,85.0,7.5,0.2,0.8,657.8947368421052
10,9,8,95.0,85.0,7.5,0.2,0.8,657.8947368421052
11,9,8,105.0,85.0,7.5,0.2,0.8,657.8947368421052
12,9,8,115.0,85.0,7.5,0.2,0.8,657.8947368421052
13,9,8,125.0,85.0,7.5,0.2,0.8,657.8947368421052
14,9,8,135.0,85.0,7.5,0.2,0.8,657.8947368421052
15,9,8,145.0,85.0,7.5,0.2,0.8,657.8947368421052
16,9,8,155.0,85.0,7.5,0.2,0.8,657.8947368421052
17,9,8,165.0,85.0,7.5,0.2,0.8,657.8947368421052
18,9,8,175.0,85.0,7.5,0.2,0.8,657.8947368421052
19,9,8,185.0,85.0,7.5,0.2,0.8,657.8947368421052
20,9,8,195.0,85.0,7.5,0.2,0.8,657.8947368421052
21,9,8,205.0,85.0,7.5,0.2,0.8,657.8947368421052
22,9,8,215.0,85.0,7.5,0.2,0.8,657.8947368421052
23,9,8,225.0,85.0,7.5,0.2,0.8,657.8947368421052
24,9,8,235.0,85.0,7.5,0.2,0.8,657.8947368421052
25,9,8,245.0,85.0,7.5,0.2,0.8,657.8947368421052
26,9,8,255.0,85.0,7.5,0.2,0.8,657.8947368421052
27,9,8,265.0,85.0,7.5,0.2,0.8,657.8947368421052
28,9,8,275.0,85.0,7.5,0.2,0.8,657.8947368421052
29,9,8,285.0,85.0,7.5,0.2,0.8,657.8947368421052
30,9,8,295.0,85.0,7.5,0.2,0.8,657.8947368421052
31,9,8,305.0,85.0,7.5,0.2,0.8,657.8947368421052
32,9,8,315.0,85.0,7.5,0.2,0.8,657.8947368421052
33,9,8,325.0,85.0,7.5,0.2,0.8,657.8947368421052
34,9,8,335.0,85.0,7.5,0.2,0.8,657.8947368421052
35,9,8,345.0,85.0,7.5,0.2,0.8,657.8947368421052
36,9,8,355.0,85.0,7.5,0.2,0.8,657.8947368421052
37,9,8,365.0,85.0,7.5,0.2,0.8,657.8947368421052
38,9,8,375.0,85.0,7.5,0.2,0.8,657.8947368421052
39,9,8,385.0,85.0,7.5,0.2,0.8,657.8947368421052
40,9,8,395.0,85.0,7.5,0.2,0.8,657.8947368421052
41,9,8,405.0,85.0,7.5,0.2,0.8,657.8947368421052
42,9,8,415.0,85.0,7.5,0.2,0.8,657.8947368421052
43,9,8,425.0,85.0,7.5,0.2,0.8,657.8947368421052
44,9,8,435.0,85.0,7.5,0.2,0.8,657.8947368421052
45,9,8,445.0,85.0,7.5,0.2,0.8,657.8947368421052
46,9,8,455.0,85.0,7.5,0.2,0.8,657.8947368421052
47,9,8,465.0,85.0,7.5,0.2,0.8,657.8947368421052
48,9,8,475.0,85.0,7.5,0.2,0.8,657.8947368421052
49,9,8,485.0,85.0,7.5,0.2,0.8,657.8947368421052
50,9,8,495.0,85.0,7.5,0.2,0.8,657.8947368421052
1,10,8,5.0,95.0,7.5,0.2,0.8,657.8947368421052
2,10,8,15.0,95.0,7.5,0.2,0.8,657.8947368421052
3,10,8,25.0,95.0,7.5,0.2,0.8,657.8947368421052
4,10,8,35.0,95.0,7.5,0.2,0.8,657.8947368421052
5,10,8,45.0,95.0,7.5,0.2,0.8,657.8947368421052
6,10,8,55.0,95.0,7.5,0.2,0.8,657.8947368421052
7,10,8,65.0,95.0,7.5,0.2,0.8,657.8947368421052
8,10,8,75.0,95.0,7.5,0.2,0.8,657.8947368421052
9,10,8,85.0,95.0,7.5,0.2,0.8,657.8947368421052
10,10,8,95.0,95.0,7.5,0.2,0.8,657.8947368421052
11,10,8,105.0,95.0,7.5,0.2,0.8,657.8947368421052
12,10,8,115.0,95.0,7.5,0.2,0.8,657.8947368421052
13,10,8,125.0,95.0,7.5,0.2,0.8,657.8947368421052
14,10,8,135.0,95.0,7.5,0.2,0.8,657.8947368421052
15,10,8,145.0,95.0,7.5,0.2,0.8,657.8947368421052
16,10,8,155.0,95.0,7.5,0.2,0.8,657.8947368421052
17,10,8,165.0,95.0,7.5,0.2,0.8,657.8947368421052
18,10,8,175.0,95.0,7.5,0.2,0.8,657.8947368421052
19,10,8,185.0,95.0,7.5,0.2,0.8,657.8947368421052
20,10,8,195.0,95.0,7.5,0.2,0.8,657.8947368421052
21,10,8,205.0,95.0,7.5,0.2,0.8,657.8947368421052
22,10,8,215.0,95.0,7.5,0.2,0.8,657.8947368421052
23,10,8,225.0,95.0,7.5,0.2,0.8,657.8947368421052
24,10,8,235.0,95.0,7.5,0.2,0.8,657.8947368421052
25,10,8,245.0,95.0,7.5,0.2,0.8,657.8947368421052
26,10,8,255.0,95.0,7.5,0.2,0.8,657.8947368421052
27,10,8,265.0,95.0,7.5,0.2,0.8,657.8947368421052
28,10,8,275.0,95.0,7.5,0.2,0.8,657.8947368421052
29,10,8,285.0,95.0,7.5,0.2,0.8,657.8947368421052
30,10,8,295.0,95.0,7.5,0.2,0.8,657.8947368421052
31,10,8,305.0,95.0,7.5,0.2,0.8,657.8947368421052
32,10,8,315.0,95.0,7.5,0.2,0.8,657.8947368421052
33,10,8,325.0,95.0,7.5,0.2,0.8,657.8947368421052
34,10,8,335.0,95.0,7.5,0.2,0.8,657.8947368421052
35,10,8,345.0,95.0,7.5,0.2,0.8,657.8947368421052
36,10,8,355.0,95.0,7.5,0.2,0.8,657.8947368421052
37,10,8,365.0,95.0,7.5,0.2,0.8,657.8947368421052
38,10,8,375.0,95.0,7.5,0.2,0.8,657.8947368421052
39,10,8,385.0,95.0,7.5,0.2,0.8,657.8947368421052
40,10,8,395.0,95.0,7.5,0.2,0.8,657.8947368421052
41,10,8,405.0,95.0,7.5,0.2,0.8,657.8947368421052
42,10,8,415.0,95.0,7.5,0.2,0.8,657.8947368421052
43,10,8,425.0,95.0,7.5,0.2,0.8,657.8947368421052
44,10,8,435.0,95.0,7.5,0.2,0.8,657.8947368421052
45,10,8,445.0,95.0,7.5,0.2,0.8,657.8947368421052
46,10,8,455.0,95.0,7.5,0.2,0.8,657.8947368421052
47,10,8,465.0,95.0,7.5,0.2,0.8,657.8947368421052
48,10,8,475.0,95.0,7.5,0.2,0.8,657.8947368421052
49,10,8,485.0,95.0,7.5,0.2,0.8,657.8947368421052
50,10,8,495.0,95.0,7.5,0.2,0.8,657.8947368421052
1,1,9,5.0,5.0,8.5,0.2,0.8,728.0701754385964
2,1,9,15.0,5.0,8.5,0.2,0.8,728.0701754385964
3,1,9,25.0,5.0,8.5,0.2,0.8,728.0701754385964
4,1,9,35.0,5.0,8.5,0.2,0.8,728.0701754385964
5,1,9,45.0,5.0,8.5,0.2,0.8,728.0701754385964
6,1,9,55.0,5.0,8.5,0.2,0.8,728.0701754385964
7,1,9,65.0,5.0,8.5,0.2,0.8,728.0701754385964
8,1,9,75.0,5.0,8.5,0.2,0.8,728.0701754385964
9,1,9,85.0,5.0,8.5,0.2,0.8,728.0701754385964
10,1,9,95.0,5.0,8.5,0.2,0.8,728.0701754385964
11,1,9,105.0,5.0,8.5,0.2,0.8,728.0701754385964
12,1,9,115.0,5.0,8.5,0.2,0.8,728.0701754385964
13,1,9,125.0,5.0,8.5,0.2,0.8,728.0701754385964
14,1,9,135.0,5.0,8.5,0.2,0.8,728.0701754385964
15,1,9,145.0,5.0,8.5,0.2,0.8,728.0701754385964
16,1,9,155.0,5.0,8.5,0.2,0.8,728.0701754385964
17,1,9,165.0,5.0,8.5,0.2,0.8,728.0701754385964
18,1,9,175.0,5.0,8.5,0.2,0.8,728.0701754385964
19,1,9,185.0,5.0,8.5,0.2,0.8,728.0701754385964
20,1,9,195.0,5.0,8.5,0.2,0.8,728.0701754385964
21,1,9,205.0,5.0,8.5,0.2,0.8,728.0701754385964
22,1,9,215.0,5.0,8.5,0.2,0.8,728.0701754385964
23,1,9,225.0,5.0,8.5,0.2,0.8,728.0701754385964
24,1,9,235.0,5.0,8.5,0.2,0.8,728.0701754385964
25,1,9,245.0,5.0,8.5,0.2,0.8,728.0701754385964
26,1,9,255.0,5.0,8.5,0.2,0.8,728.0701754385964
27,1,9,265.0,5.0,8.5,0.2,0.8,728.0701754385964
28,1,9,275.0,5.0,8.5,0.2,0.8,728.0701754385964
29,1,9,285.0,5.0,8.5,0.2,0.8,728.0701754385964
30,1,9,295.0,5.0,8.5,0.2,0.8,728.0701754385964
31,1,9,305.0,5.0,8.5,0.2,0.8,728.0701754385964
32,1,9,315.0,5.0,8.5,0.2,0.8,728.0701754385964
33,1,9,325.0,5.0,8.5,0.2,0.8,728.0701754385964
34,1,9,335.0,5.0,8.5,0.2,0.8,728.0701754385964
35,1,9,345.0,5.0,8.5,0.2,0.8,728.0701754385964
36,1,9,355.0,5.0,8.5,0.2,0.8,728.0701754385964
37,1,9,365.0,5.0,8.5,0.2,0.8,728.0701754385964
38,1,9,375.0,5.0,8.5,0.2,0.8,728.0701754385964
39,1,9,385.0,5.0,8.5,0.2,0.8,728.0701754385964
40,1,9,395.0,5.0,8.5,0.2,0.8,728.0701754385964
41,1,9,405.0,5.0,8.5,0.2,0.8,728.0701754385964
42,1,9,415.0,5.0,8.5,0.2,0.8,728.0701754385964
43,1,9,425.0,5.0,8.5,0.2,0.8,728.0701754385964
44,1,9,435.0,5.0,8.5,0.2,0.8,728.0701754385964
45,1,9,445.0,5.0,8.5,0.2,0.8,728.0701754385964
46,1,9,455.0,5.0,8.5,0.2,0.8,728.0701754385964
47,1,9,465.0,5.0,8.5,0.2,0.8,728.0701754385964
48,1,9,475.0,5.0,8.5,0.2,0.8,728.0701754385964
49,1,9,485.0,5.0,8.5,0.2,0.8,728.0701754385964
50,1,9,495.0,5.0,8.5,0.2,0.8,728.0701754385964
1,2,9,5.0,15.0,8.5,0.2,0.8,728.0701754385964
2,2,9,15.0,15.0,8.5,0.2,0.8,728.0701754385964
3,2,9,25.0,15.0,8.5,0.2,0.8,728.0701754385964
4,2,9,35.0,15.0,8.5,0.2,0.8,728.0701754385964
5,2,9,45.0,15.0,8.5,0.2,0.8,728.0701754385964
6,2,9,55.0,15.0,8.5,0.2,0.8,728.0701754385964
7,2,9,65.0,15.0,8.5,0.2,0.8,728.0701754385964
8,2,9,75.0,15.0,8.5,0.2,0.8,728.0701754385964
9,2,9,85.0,15.0,8.5,0.2,0.8,728.0701754385964
10,2,9,95.0,15.0,8.5,0.2,0.8,728.0701754385964
11,2,9,105.0,15.0,8.5,0.2,0.8,728.0701754385964
12,2,9,115.0,15.0,8.5,0.2,0.8,728.0701754385964
13,2,9,125.0,15.0,8.5,0.2,0.8,728.0701754385964
14,2,9,135.0,15.0,8.5,0.2,0.8,728.0701754385964
15,2,9,145.0,15.0,8.5,0.2,0.8,728.0701754385964
16,2,9,155.0,15.0,8.5,0.2,0.8,728.0701754385964
17,2,9,165.0,15.0,8.5,0.2,0.8,728.0701754385964
18,2,9,175.0,15.0,8.5,0.2,0.8,728.0701754385964
19,2,9,185.0,15.0,8.5,0.2,0.8,728.0701754385964
20,2,9,195.0,15.0,8.5,0.2,0.8,728.0701754385964
21,2,9,205.0,15.0,8.5,0.2,0.8,728.0701754385964
22,2,9,215.0,15.0,8.5,0.2,0.8,728.0701754385964
23,2,9,225.0,15.0,8.5,0.2,0.8,728.0701754385964
24,2,9,235.0,15.0,8.5,0.2,0.8,728.0701754385964
25,2,9,245.0,15.0,8.5,0.2,0.8,728.0701754385964
26,2,9,255.0,15.0,8.5,0.2,0.8,728.0701754385964
27,2,9,265.0,15.0,8.5,0.2,0.8,728.0701754385964
28,2,9,275.0,15.0,8.5,0.2,0.8,728.0701754385964
29,2,9,285.0,15.0,8.5,0.2,0.8,728.0701754385964
30,2,9,295.0,15.0,8.5,0.2,0.8,728.0701754385964
31,2,9,305.0,15.0,8.5,0.2,0.8,728.0701754385964
32,2,9,315.0,15.0,8.5,0.2,0.8,728.0701754385964
33,2,9,325.0,15.0,8.5,0.2,0.8,728.0701754385964
34,2,9,335.0,15.0,8.5,0.2,0.8,728.0701754385964
35,2,9,345.0,15.0,8.5,0.2,0.8,728.0701754385964
36,2,9,355.0,15.0,8.5,0.2,0.8,728.0701754385964
37,2,9,365.0,15.0,8.5,0.2,0.8,728.0701754385964
38,2,9,375.0,15.0,8.5,0.2,0.8,728.0701754385964
39,2,9,385.0,15.0,8.5,0.2,0.8,728.0701754385964
40,2,9,395.0,15.0,8.5,0.2,0.8,728.0701754385964
41,2,9,405.0,15.0,8.5,0.2,0.8,728.0701754385964
42,2,9,415.0,15.0,8.5,0.2,0.8,728.0701754385964
43,2,9,425.0,15.0,8.5,0.2,0.8,728.0701754385964
44,2,9,435.0,15.0,8.5,0.2,0.8,728.0701754385964
45,2,9,445.0,15.0,8.5,0.2,0.8,728.0701754385964
46,2,9,455.0,15.0,8.5,0.2,0.8,728.0701754385964
47,2,9,465.0,15.0,8.5,0.2,0.8,728.0701754385964
48,2,9,475.0,15.0,8.5,0.2,0.8,728.0701754385964
49,2,9,485.0,15.0,8.5,0.2,0.8,728.0701754385964
50,2,9,495.0,15.0,8.5,0.2,0.8,728.0701754385964
1,3,9,5.0,25.0,8.5,0.2,0.8,728.0701754385964
2,3,9,15.0,25.0,8.5,0.2,0.8,728.0701754385964
3,3,9,25.0,25.0,8.5,0.2,0.8,728.0701754385964
4,3,9,35.0,25.0,8.5,0.2,0.8,728.0701754385964
5,3,9,45.0,25.0,8.5,0.2,0.8,728.0701754385964
6,3,9,55.0,25.0,8.5,0.2,0.8,728.0701754385964
7,3,9,65.0,25.0,8.5,0.2,0.8,728.0701754385964
8,3,9,75.0,25.0,8.5,0.2,0.8,728.0701754385964
9,3,9,85.0,25.0,8.5,0.2,0.8,728.0701754385964
10,3,9,95.0,25.0,8.5,0.2,0.8,728.0701754385964
11,3,9,105.0,25.0,8.5,0.2,0.8,728.0701754385964
12,3,9,115.0,25.0,8.5,0.2,0.8,728.0701754385964
13,3,9,125.0,25.0,8.5,0.2,0.8,728.0701754385964
14,3,9,135.0,25.0,8.5,0.2,0.8,728.0701754385964
15,3,9,145.0,25.0,8.5,0.2,0.8,728.0701754385964
16,3,9,155.0,25.0,8.5,0.2,0.8,728.0701754385964
17,3,9,165.0,25.0,8.5,0.2,0.8,728.0701754385964
18,3,9,175.0,25.0,8.5,0.2,0.8,728.0701754385964
19,3,9,185.0,25.0,8.5,0.2,0.8,728.0701754385964
20,3,9,195.0,25.0,8.5,0.2,0.8,728.0701754385964
21,3,9,205.0,25.0,8.5,0.2,0.8,728.0701754385964
22,3,9,215.0,25.0,8.5,0.2,0.8,728.0701754385964
23,3,9,225.0,25.0,8.5,0.2,0.8,728.0701754385964
24,3,9,235.0,25.0,8.5,0.2,0.8,728.0701754385964
25,3,9,245.0,25.0,8.5,0.2,0.8,728.0701754385964
26,3,9,255.0,25.0,8.5,0.2,0.8,728.0701754385964
27,3,9,265.0,25.0,8.5,0.2,0.8,728.0701754385964
28,3,9,275.0,25.0,8.5,0.2,0.8,728.0701754385964
29,3,9,285.0,25.0,8.5,0.2,0.8,728.0701754385964
30,3,9,295.0,25.0,8.5,0.2,0.8,728.0701754385964
31,3,9,305.0,25.0,8.5,0.2,0.8,728.0701754385964
32,3,9,315.0,25.0,8.5,0.2,0.8,728.0701754385964
33,3,9,325.0,25.0,8.5,0.2,0.8,728.0701754385964
34,3,9,335.0,25.0,8.5,0.2,0.8,728.0701754385964
35,3,9,345.0,25.0,8.5,0.2,0.8,728.0701754385964
36,3,9,355.0,25.0,8.5,0.2,0.8,728.0701754385964
37,3,9,365.0,25.0,8.5,0.2,0.8,728.0701754385964
38,3,9,375.0,25.0,8.5,0.2,0.8,728.0701754385964
39,3,9,385.0,25.0,8.5,0.2,0.8,728.0701754385964
40,3,9,395.0,25.0,8.5,0.2,0.8,728.0701754385964
41,3,9,405.0,25.0,8.5,0.2,0.8,728.0701754385964
42,3,9,415.0,25.0,8.5,0.2,0.8,728.0701754385964
43,3,9,425.0,25.0,8.5,0.2,0.8,728.0701754385964
44,3,9,435.0,25.0,8.5,0.2,0.8,728.0701754385964
45,3,9,445.0,25.0,8.5,0.2,0.8,728.0701754385964
46,3,9,455.0,25.0,8.5,0.2,0.8,728.0701754385964
47,3,9,465.0,25.0,8.5,0.2,0.8,728.0701754385964
48,3,9,475.0,25.0,8.5,0.2,0.8,728.0701754385964
49,3,9,485.0,25.0,8.5,0.2,0.8,728.0701754385964
50,3,9,495.0,25.0,8.5,0.2,0.8,728.0701754385964
1,4,9,5.0,35.0,8.5,0.2,0.8,728.0701754385964
2,4,9,15.0,35.0,8.5,0.2,0.8,728.0701754385964
3,4,9,25.0,35.0,8.5,0.2,0.8,728.0701754385964
4,4,9,35.0,35.0,8.5,0.2,0.8,728.0701754385964
5,4,9,45.0,35.0,8.5,0.2,0.8,728.0701754385964
6,4,9,55.0,35.0,8.5,0.2,0.8,728.0701754385964
7,4,9,65.0,35.0,8.5,0.2,0.8,728.0701754385964
8,4,9,75.0,35.0,8.5,0.2,0.8,728.0701754385964
9,4,9,85.0,35.0,8.5,0.2,0.8,728.0701754385964
10,4,9,95.0,35.0,8.5,0.2,0.8,728.0701754385964
11,4,9,105.0,35.0,8.5,0.2,0.8,728.0701754385964
12,4,9,115.0,35.0,8.5,0.2,0.8,728.0701754385964
13,4,9,125.0,35.0,8.5,0.2,0.8,728.0701754385964
14,4,9,135.0,35.0,8.5,0.2,0.8,728.0701754385964
15,4,9,145.0,35.0,8.5,0.2,0.8,728.0701754385964
16,4,9,155.0,35.0,8.5,0.2,0.8,728.0701754385964
17,4,9,165.0,35.0,8.5,0.2,0.8,728.0701754385964
18,4,9,175.0,35.0,8.5,0.2,0.8,728.0701754385964
19,4,9,185.0,35.0,8.5,0.2,0.8,728.0701754385964
20,4,9,195.0,35.0,8.5,0.2,0.8,728.0701754385964
21,4,9,205.0,35.0,8.5,0.2,0.8,728.0701754385964
22,4,9,215.0,35.0,8.5,0.2,0.8,728.0701754385964
23,4,9,225.0,35.0,8.5,0.2,0.8,728.0701754385964
24,4,9,235.0,35.0,8.5,0.2,0.8,728.0701754385964
25,4,9,245.0,35.0,8.5,0.2,0.8,728.0701754385964
26,4,9,255.0,35.0,8.5,0.2,0.8,728.0701754385964
27,4,9,265.0,35.0,8.5,0.2,0.8,728.0701754385964
28,4,9,275.0,35.0,8.5,0.2,0.8,728.0701754385964
29,4,9,285.0,35.0,8.5,0.2,0.8,728.0701754385964
30,4,9,295.0,35.0,8.5,0.2,0.8,728.0701754385964
31,4,9,305.0,35.0,8.5,0.2,0.8,728.0701754385964
32,4,9,315.0,35.0,8.5,0.2,0.8,728.0701754385964
33,4,9,325.0,35.0,8.5,0.2,0.8,728.0701754385964
34,4,9,335.0,35.0,8.5,0.2,0.8,728.0701754385964
35,4,9,345.0,35.0,8.5,0.2,0.8,728.0701754385964
36,4,9,355.0,35.0,8.5,0.2,0.8,728.0701754385964
37,4,9,365.0,35.0,8.5,0.2,0.8,728.0701754385964
38,4,9,375.0,35.0,8.5,0.2,0.8,728.0701754385964
39,4,9,385.0,35.0,8.5,0.2,0.8,728.0701754385964
40,4,9,395.0,35.0,8.5,0.2,0.8,728.0701754385964
41,4,9,405.0,35.0,8.5,0.2,0.8,728.0701754385964
42,4,9,415.0,35.0,8.5,0.2,0.8,728.0701754385964
43,4,9,425.0,35.0,8.5,0.2,0.8,728.0701754385964
44,4,9,435.0,35.0,8.5,0.2,0.8,728.0701754385964
45,4,9,445.0,35.0,8.5,0.2,0.8,728.0701754385964
46,4,9,455.0,35.0,8.5,0.2,0.8,728.0701754385964
47,4,9,465.0,35.0,8.5,0.2,0.8,728.0701754385964
48,4,9,475.0,35.0,8.5,0.2,0.8,728.0701754385964
49,4,9,485.0,35.0,8.5,0.2,0.8,728.0701754385964
50,4,9,495.0,35.0,8.5,0.2,0.8,728.0701754385964
1,5,9,5.0,45.0,8.5,0.2,0.8,728.0701754385964
2,5,9,15.0,45.0,8.5,0.2,0.8,728.0701754385964
3,5,9,25.0,45.0,8.5,0.2,0.8,728.0701754385964
4,5,9,35.0,45.0,8.5,0.2,0.8,728.0701754385964
5,5,9,45.0,45.0,8.5,0.2,0.8,728.0701754385964
6,5,9,55.0,45.0,8.5,0.2,0.8,728.0701754385964
7,5,9,65.0,45.0,8.5,0.2,0.8,728.0701754385964
8,5,9,75.0,45.0,8.5,0.2,0.8,728.0701754385964
9,5,9,85.0,45.0,8.5,0.2,0.8,728.0701754385964
10,5,9,95.0,45.0,8.5,0.2,0.8,728.0701754385964
11,5,9,105.0,45.0,8.5,0.2,0.8,728.0701754385964
12,5,9,115.0,45.0,8.5,0.2,0.8,728.0701754385964
13,5,9,125.0,45.0,8.5,0.2,0.8,728.0701754385964
14,5,9,135.0,45.0,8.5,0.2,0.8,728.0701754385964
15,5,9,145.0,45.0,8.5,0.2,0.8,728.0701754385964
16,5,9,155.0,45.0,8.5,0.2,0.8,728.0701754385964
17,5,9,165.0,45.0,8.5,0.2,0.8,728.0701754385964
18,5,9,175.0,45.0,8.5,0.2,0.8,728.0701754385964
19,5,9,185.0,45.0,8.5,0.2,0.8,728.0701754385964
20,5,9,195.0,45.0,8.5,0.2,0.8,728.0701754385964
21,5,9,205.0,45.0,8.5,0.2,0.8,728.0701754385964
22,5,9,215.0,45.0,8.5,0.2,0.8,728.0701754385964
23,5,9,225.0,45.0,8.5,0.2,0.8,728.0701754385964
24,5,9,235.0,45.0,8.5,0.2,0.8,728.0701754385964
25,5,9,245.0,45.0,8.5,0.2,0.8,728.0701754385964
26,5,9,255.0,45.0,8.5,0.2,0.8,728.0701754385964
27,5,9,265.0,45.0,8.5,0.2,0.8,728.0701754385964
28,5,9,275.0,45.0,8.5,0.2,0.8,728.0701754385964
29,5,9,285.0,45.0,8.5,0.2,0.8,728.0701754385964
30,5,9,295.0,45.0,8.5,0.2,0.8,728.0701754385964
31,5,9,305.0,45.0,8.5,0.2,0.8,728.0701754385964
32,5,9,315.0,45.0,8.5,0.2,0.8,728.0701754385964
33,5,9,325.0,45.0,8.5,0.2,0.8,728.0701754385964
34,5,9,335.0,45.0,8.5,0.2,0.8,728.0701754385964
35,5,9,345.0,45.0,8.5,0.2,0.8,728.0701754385964
36,5,9,355.0,45.0,8.5,0.2,0.8,728.0701754385964
37,5,9,365.0,45.0,8.5,0.2,0.8,728.0701754385964
38,5,9,375.0,45.0,8.5,0.2,0.8,728.0701754385964
39,5,9,385.0,45.0,8.5,0.2,0.8,728.0701754385964
40,5,9,395.0,45.0,8.5,0.2,0.8,728.0701754385964
41,5,9,405.0,45.0,8.5,0.2,0.8,728.0701754385964
42,5,9,415.0,45.0,8.5,0.2,0.8,728.0701754385964
43,5,9,425.0,45.0,8.5,0.2,0.8,728.0701754385964
44,5,9,435.0,45.0,8.5,0.2,0.8,728.0701754385964
45,5,9,445.0,45.0,8.5,0.2,0.8,728.0701754385964
46,5,9,455.0,45.0,8.5,0.2,0.8,728.0701754385964
47,5,9,465.0,45.0,8.5,0.2,0.8,728.0701754385964
48,5,9,475.0,45.0,8.5,0.2,0.8,728.0701754385964
49,5,9,485.0,45.0,8.5,0.2,0.8,728.0701754385964
50,5,9,495.0,45.0,8.5,0.2,0.8,728.0701754385964
1,6,9,5.0,55.0,8.5,0.2,0.8,728.0701754385964
2,6,9,15.0,55.0,8.5,0.2,0.8,728.0701754385964
3,6,9,25.0,55.0,8.5,0.2,0.8,728.0701754385964
4,6,9,35.0,55.0,8.5,0.2,0.8,728.0701754385964
5,6,9,45.0,55.0,8.5,0.2,0.8,728.0701754385964
6,6,9,55.0,55.0,8.5,0.2,0.8,728.0701754385964
7,6,9,65.0,55.0,8.5,0.2,0.8,728.0701754385964
8,6,9,75.0,55.0,8.5,0.2,0.8,728.0701754385964
9,6,9,85.0,55.0,8.5,0.2,0.8,728.0701754385964
10,6,9,95.0,55.0,8.5,0.2,0.8,728.0701754385964
11,6,9,105.0,55.0,8.5,0.2,0.8,728.0701754385964
12,6,9,115.0,55.0,8.5,0.2,0.8,728.0701754385964
13,6,9,125.0,55.0,8.5,0.2,0.8,728.0701754385964
14,6,9,135.0,55.0,8.5,0.2,0.8,728.0701754385964
15,6,9,145.0,55.0,8.5,0.2,0.8,728.0701754385964
16,6,9,155.0,55.0,8.5,0.2,0.8,728.0701754385964
17,6,9,165.0,55.0,8.5,0.2,0.8,728.0701754385964
18,6,9,175.0,55.0,8.5,0.2,0.8,728.0701754385964
19,6,9,185.0,55.0,8.5,0.2,0.8,728.0701754385964
20,6,9,195.0,55.0,8.5,0.2,0.8,728.0701754385964
21,6,9,205.0,55.0,8.5,0.2,0.8,728.0701754385964
22,6,9,215.0,55.0,8.5,0.2,0.8,728.0701754385964
23,6,9,225.0,55.0,8.5,0.2,0.8,728.0701754385964
24,6,9,235.0,55.0,8.5,0.2,0.8,728.0701754385964
25,6,9,245.0,55.0,8.5,0.2,0.8,728.0701754385964
26,6,9,255.0,55.0,8.5,0.2,0.8,728.0701754385964
27,6,9,265.0,55.0,8.5,0.2,0.8,728.0701754385964
28,6,9,275.0,55.0,8.5,0.2,0.8,728.0701754385964
29,6,9,285.0,55.0,8.5,0.2,0.8,728.0701754385964
30,6,9,295.0,55.0,8.5,0.2,0.8,728.0701754385964
31,6,9,305.0,55.0,8.5,0.2,0.8,728.0701754385964
32,6,9,315.0,55.0,8.5,0.2,0.8,728.0701754385964
33,6,9,325.0,55.0,8.5,0.2,0.8,728.0701754385964
34,6,9,335.0,55.0,8.5,0.2,0.8,728.0701754385964
35,6,9,345.0,55.0,8.5,0.2,0.8,728.0701754385964
36,6,9,355.0,55.0,8.5,0.2,0.8,728.0701754385964
37,6,9,365.0,55.0,8.5,0.2,0.8,728.0701754385964
38,6,9,375.0,55.0,8.5,0.2,0.8,728.0701754385964
39,6,9,385.0,55.0,8.5,0.2,0.8,728.0701754385964
40,6,9,395.0,55.0,8.5,0.2,0.8,728.0701754385964
41,6,9,405.0,55.0,8.5,0.2,0.8,728.0701754385964
42,6,9,415.0,55.0,8.5,0.2,0.8,728.0701754385964
43,6,9,425.0,55.0,8.5,0.2,0.8,728.0701754385964
44,6,9,435.0,55.0,8.5,0.2,0.8,728.0701754385964
45,6,9,445.0,55.0,8.5,0.2,0.8,728.0701754385964
46,6,9,455.0,55.0,8.5,0.2,0.8,728.0701754385964
47,6,9,465.0,55.0,8.5,0.2,0.8,728.0701754385964
48,6,9,475.0,55.0,8.5,0.2,0.8,728.0701754385964
49,6,9,485.0,55.0,8.5,0.2,0.8,728.0701754385964
50,6,9,495.0,55.0,8.5,0.2,0.8,728.0701754385964
1,7,9,5.0,65.0,8.5,0.2,0.8,728.0701754385964
2,7,9,15.0,65.0,8.5,0.2,0.8,728.0701754385964
3,7,9,25.0,65.0,8.5,0.2,0.8,728.0701754385964
4,7,9,35.0,65.0,8.5,0.2,0.8,728.0701754385964
5,7,9,45.0,65.0,8.5,0.2,0.8,728.0701754385964
6,7,9,55.0,65.0,8.5,0.2,0.8,728.0701754385964
7,7,9,65.0,65.0,8.5,0.2,0.8,728.0701754385964
8,7,9,75.0,65.0,8.5,0.2,0.8,728.0701754385964
9,7,9,85.0,65.0,8.5,0.2,0.8,728.0701754385964
10,7,9,95.0,65.0,8.5,0.2,0.8,728.0701754385964
11,7,9,105.0,65.0,8.5,0.2,0.8,728.0701754385964
12,7,9,115.0,65.0,8.5,0.2,0.8,728.0701754385964
13,7,9,125.0,65.0,8.5,0.2,0.8,728.0701754385964
14,7,9,135.0,65.0,8.5,0.2,0.8,728.0701754385964
15,7,9,145.0,65.0,8.5,0.2,0.8,728.0701754385964
16,7,9,155.0,65.0,8.5,0.2,0.8,728.0701754385964
17,7,9,165.0,65.0,8.5,0.2,0.8,728.0701754385964
18,7,9,175.0,65.0,8.5,0.2,0.8,728.0701754385964
19,7,9,185.0,65.0,8.5,0.2,0.8,728.0701754385964
20,7,9,195.0,65.0,8.5,0.2,0.8,728.0701754385964
21,7,9,205.0,65.0,8.5,0.2,0.8,728.0701754385964
22,7,9,215.0,65.0,8.5,0.2,0.8,728.0701754385964
23,7,9,225.0,65.0,8.5,0.2,0.8,728.0701754385964
24,7,9,235.0,65.0,8.5,0.2,0.8,728.0701754385964
25,7,9,245.0,65.0,8.5,0.2,0.8,728.0701754385964
26,7,9,255.0,65.0,8.5,0.2,0.8,728.0701754385964
27,7,9,265.0,65.0,8.5,0.2,0.8,728.0701754385964
28,7,9,275.0,65.0,8.5,0.2,0.8,728.0701754385964
29,7,9,285.0,65.0,8.5,0.2,0.8,728.0701754385964
30,7,9,295.0,65.0,8.5,0.2,0.8,728.0701754385964
31,7,9,305.0,65.0,8.5,0.2,0.8,728.0701754385964
32,7,9,315.0,65.0,8.5,0.2,0.8,728.0701754385964
33,7,9,325.0,65.0,8.5,0.2,0.8,728.0701754385964
34,7,9,335.0,65.0,8.5,0.2,0.8,728.0701754385964
35,7,9,345.0,65.0,8.5,0.2,0.8,728.0701754385964
36,7,9,355.0,65.0,8.5,0.2,0.8,728.0701754385964
37,7,9,365.0,65.0,8.5,0.2,0.8,728.0701754385964
38,7,9,375.0,65.0,8.5,0.2,0.8,728.0701754385964
39,7,9,385.0,65.0,8.5,0.2,0.8,728.0701754385964
40,7,9,395.0,65.0,8.5,0.2,0.8,728.0701754385964
41,7,9,405.0,65.0,8.5,0.2,0.8,728.0701754385964
42,7,9,415.0,65.0,8.5,0.2,0.8,728.0701754385964
43,7,9,425.0,65.0,8.5,0.2,0.8,728.0701754385964
44,7,9,435.0,65.0,8.5,0.2,0.8,728.0701754385964
45,7,9,445.0,65.0,8.5,0.2,0.8,728.0701754385964
46,7,9,455.0,65.0,8.5,0.2,0.8,728.0701754385964
47,7,9,465.0,65.0,8.5,0.2,0.8,728.0701754385964
48,7,9,475.0,65.0,8.5,0.2,0.8,728.0701754385964
49,7,9,485.0,65.0,8.5,0.2,0.8,728.0701754385964
50,7,9,495.0,65.0,8.5,0.2,0.8,728.0701754385964
1,8,9,5.0,75.0,8.5,0.2,0.8,728.0701754385964
2,8,9,15.0,75.0,8.5,0.2,0.8,728.0701754385964
3,8,9,25.0,75.0,8.5,0.2,0.8,728.0701754385964
4,8,9,35.0,75.0,8.5,0.2,0.8,728.0701754385964
5,8,9,45.0,75.0,8.5,0.2,0.8,728.0701754385964
6,8,9,55.0,75.0,8.5,0.2,0.8,728.0701754385964
7,8,9,65.0,75.0,8.5,0.2,0.8,728.0701754385964
8,8,9,75.0,75.0,8.5,0.2,0.8,728.0701754385964
9,8,9,85.0,75.0,8.5,0.2,0.8,728.0701754385964
10,8,9,95.0,75.0,8.5,0.2,0.8,728.0701754385964
11,8,9,105.0,75.0,8.5,0.2,0.8,728.0701754385964
12,8,9,115.0,75.0,8.5,0.2,0.8,728.0701754385964
13,8,9,125.0,75.0,8.5,0.2,0.8,728.0701754385964
14,8,9,135.0,75.0,8.5,0.2,0.8,728.0701754385964
15,8,9,145.0,75.0,8.5,0.2,0.8,728.0701754385964
16,8,9,155.0,75.0,8.5,0.2,0.8,728.0701754385964
17,8,9,165.0,75.0,8.5,0.2,0.8,728.0701754385964
18,8,9,175.0,75.0,8.5,0.2,0.8,728.0701754385964
19,8,9,185.0,75.0,8.5,0.2,0.8,728.0701754385964
20,8,9,195.0,75.0,8.5,0.2,0.8,728.0701754385964
21,8,9,205.0,75.0,8.5,0.2,0.8,728.0701754385964
22,8,9,215.0,75.0,8.5,0.2,0.8,728.0701754385964
23,8,9,225.0,75.0,8.5,0.2,0.8,728.0701754385964
24,8,9,235.0,75.0,8.5,0.2,0.8,728.0701754385964
25,8,9,245.0,75.0,8.5,0.2,0.8,728.0701754385964
26,8,9,255.0,75.0,8.5,0.2,0.8,728.0701754385964
27,8,9,265.0,75.0,8.5,0.2,0.8,728.0701754385964
28,8,9,275.0,75.0,8.5,0.2,0.8,728.0701754385964
29,8,9,285.0,75.0,8.5,0.2,0.8,728.0701754385964
30,8,9,295.0,75.0,8.5,0.2,0.8,728.0701754385964
31,8,9,305.0,75.0,8.5,0.2,0.8,728.0701754385964
32,8,9,315.0,75.0,8.5,0.2,0.8,728.0701754385964
33,8,9,325.0,75.0,8.5,0.2,0.8,728.0701754385964
34,8,9,335.0,75.0,8.5,0.2,0.8,728.0701754385964
35,8,9,345.0,75.0,8.5,0.2,0.8,728.0701754385964
36,8,9,355.0,75.0,8.5,0.2,0.8,728.0701754385964
37,8,9,365.0,75.0,8.5,0.2,0.8,728.0701754385964
38,8,9,375.0,75.0,8.5,0.2,0.8,728.0701754385964
39,8,9,385.0,75.0,8.5,0.2,0.8,728.0701754385964
40,8,9,395.0,75.0,8.5,0.2,0.8,728.0701754385964
41,8,9,405.0,75.0,8.5,0.2,0.8,728.0701754385964
42,8,9,415.0,75.0,8.5,0.2,0.8,728.0701754385964
43,8,9,425.0,75.0,8.5,0.2,0.8,728.0701754385964
44,8,9,435.0,75.0,8.5,0.2,0.8,728.0701754385964
45,8,9,445.0,75.0,8.5,0.2,0.8,728.0701754385964
46,8,9,455.0,75.0,8.5,0.2,0.8,728.0701754385964
47,8,9,465.0,75.0,8.5,0.2,0.8,728.0701754385964
48,8,9,475.0,75.0,8.5,0.2,0.8,728.0701754385964
49,8,9,485.0,75.0,8.5,0.2,0.8,728.0701754385964
50,8,9,495.0,75.0,8.5,0.2,0.8,728.0701754385964
1,9,9,5.0,85.0,8.5,0.2,0.8,728.0701754385964
2,9,9,15.0,85.0,8.5,0.2,0.8,728.0701754385964
3,9,9,25.0,85.0,8.5,0.2,0.8,728.0701754385964
4,9,9,35.0,85.0,8.5,0.2,0.8,728.0701754385964
5,9,9,45.0,85.0,8.5,0.2,0.8,728.0701754385964
6,9,9,55.0,85.0,8.5,0.2,0.8,728.0701754385964
7,9,9,65.0,85.0,8.5,0.2,0.8,728.0701754385964
8,9,9,75.0,85.0,8.5,0.2,0.8,728.0701754385964
9,9,9,85.0,85.0,8.5,0.2,0.8,728.0701754385964
10,9,9,95.0,85.0,8.5,0.2,0.8,728.0701754385964
11,9,9,105.0,85.0,8.5,0.2,0.8,728.0701754385964
12,9,9,115.0,85.0,8.5,0.2,0.8,728.0701754385964
13,9,9,125.0,85.0,8.5,0.2,0.8,728.0701754385964
14,9,9,135.0,85.0,8.5,0.2,0.8,728.0701754385964
15,9,9,145.0,85.0,8.5,0.2,0.8,728.0701754385964
16,9,9,155.0,85.0,8.5,0.2,0.8,728.0701754385964
17,9,9,165.0,85.0,8.5,0.2,0.8,728.0701754385964
18,9,9,175.0,85.0,8.5,0.2,0.8,728.0701754385964
19,9,9,185.0,85.0,8.5,0.2,0.8,728.0701754385964
20,9,9,195.0,85.0,8.5,0.2,0.8,728.0701754385964
21,9,9,205.0,85.0,8.5,0.2,0.8,728.0701754385964
22,9,9,215.0,85.0,8.5,0.2,0.8,728.0701754385964
23,9,9,225.0,85.0,8.5,0.2,0.8,728.0701754385964
24,9,9,235.0,85.0,8.5,0.2,0.8,728.0701754385964
25,9,9,245.0,85.0,8.5,0.2,0.8,728.0701754385964
26,9,9,255.0,85.0,8.5,0.2,0.8,728.0701754385964
27,9,9,265.0,85.0,8.5,0.2,0.8,728.0701754385964
28,9,9,275.0,85.0,8.5,0.2,0.8,728.0701754385964
29,9,9,285.0,85.0,8.5,0.2,0.8,728.0701754385964
30,9,9,295.0,85.0,8.5,0.2,0.8,728.0701754385964
31,9,9,305.0,85.0,8.5,0.2,0.8,728.0701754385964
32,9,9,315.0,85.0,8.5,0.2,0.8,728.0701754385964
33,9,9,325.0,85.0,8.5,0.2,0.8,728.0701754385964
34,9,9,335.0,85.0,8.5,0.2,0.8,728.0701754385964
35,9,9,345.0,85.0,8.5,0.2,0.8,728.0701754385964
36,9,9,355.0,85.0,8.5,0.2,0.8,728.0701754385964
37,9,9,365.0,85.0,8.5,0.2,0.8,728.0701754385964
38,9,9,375.0,85.0,8.5,0.2,0.8,728.0701754385964
39,9,9,385.0,85.0,8.5,0.2,0.8,728.0701754385964
40,9,9,395.0,85.0,8.5,0.2,0.8,728.0701754385964
41,9,9,405.0,85.0,8.5,0.2,0.8,728.0701754385964
42,9,9,415.0,85.0,8.5,0.2,0.8,728.0701754385964
43,9,9,425.0,85.0,8.5,0.2,0.8,728.0701754385964
44,9,9,435.0,85.0,8.5,0.2,0.8,728.0701754385964
45,9,9,445.0,85.0,8.5,0.2,0.8,728.0701754385964
46,9,9,455.0,85.0,8.5,0.2,0.8,728.0701754385964
47,9,9,465.0,85.0,8.5,0.2,0.8,728.0701754385964
48,9,9,475.0,85.0,8.5,0.2,0.8,728.0701754385964
49,9,9,485.0,85.0,8.5,0.2,0.8,728.0701754385964
50,9,9,495.0,85.0,8.5,0.2,0.8,728.0701754385964
1,10,9,5.0,95.0,8.5,0.2,0.8,728.0701754385964
2,10,9,15.0,95.0,8.5,0.2,0.8,728.0701754385964
3,10,9,25.0,95.0,8.5,0.2,0.8,728.0701754385964
4,10,9,35.0,95.0,8.5,0.2,0.8,728.0701754385964
5,10,9,45.0,95.0,8.5,0.2,0.8,728.0701754385964
6,10,9,55.0,95.0,8.5,0.2,0.8,728.0701754385964
7,10,9,65.0,95.0,8.5,0.2,0.8,728.0701754385964
8,10,9,75.0,95.0,8.5,0.2,0.8,728.0701754385964
9,10,9,85.0,95.0,8.5,0.2,0.8,728.0701754385964
10,10,9,95.0,95.0,8.5,0.2,0.8,728.0701754385964
11,10,9,105.0,95.0,8.5,0.2,0.8,728.0701754385964
12,10,9,115.0,95.0,8.5,0.2,0.8,728.0701754385964
13,10,9,125.0,95.0,8.5,0.2,0.8,728.0701754385964
14,10,9,135.0,95.0,8.5,0.2,0.8,728.0701754385964
15,10,9,145.0,95.0,8.5,0.2,0.8,728.0701754385964
16,10,9,155.0,95.0,8.5,0.2,0.8,728.0701754385964
17,10,9,165.0,95.0,8.5,0.2,0.8,728.0701754385964
18,10,9,175.0,95.0,8.5,0.2,0.8,728.0701754385964
19,10,9,185.0,95.0,8.5,0.2,0.8,728.0701754385964
20,10,9,195.0,95.0,8.5,0.2,0.8,728.0701754385964
21,10,9,205.0,95.0,8.5,0.2,0.8,728.0701754385964
22,10,9,215.0,95.0,8.5,0.2,0.8,728.0701754385964
23,10,9,225.0,95.0,8.5,0.2,0.8,728.0701754385964
24,10,9,235.0,95.0,8.5,0.2,0.8,728.0701754385964
25,10,9,245.0,95.0,8.5,0.2,0.8,728.0701754385964
26,10,9,255.0,95.0,8.5,0.2,0.8,728.0701754385964
27,10,9,265.0,95.0,8.5,0.2,0.8,728.0701754385964
28,10,9,275.0,95.0,8.5,0.2,0.8,728.0701754385964
29,10,9,285.0,95.0,8.5,0.2,0.8,728.0701754385964
30,10,9,295.0,95.0,8.5,0.2,0.8,728.0701754385964
31,10,9,305.0,95.0,8.5,0.2,0.8,728.0701754385964
32,10,9,315.0,95.0,8.5,0.2,0.8,728.0701754385964
33,10,9,325.0,95.0,8.5,0.2,0.8,728.0701754385964
34,10,9,335.0,95.0,8.5,0.2,0.8,728.0701754385964
35,10,9,345.0,95.0,8.5,0.2,0.8,728.0701754385964
36,10,9,355.0,95.0,8.5,0.2,0.8,728.0701754385964
37,10,9,365.0,95.0,8.5,0.2,0.8,728.0701754385964
38,10,9,375.0,95.0,8.5,0.2,0.8,728.0701754385964
39,10,9,385.0,95.0,8.5,0.2,0.8,728.0701754385964
40,10,9,395.0,95.0,8.5,0.2,0.8,728.0701754385964
41,10,9,405.0,95.0,8.5,0.2,0.8,728.0701754385964
42,10,9,415.0,95.0,8.5,0.2,0.8,728.0701754385964
43,10,9,425.0,95.0,8.5,0.2,0.8,728.0701754385964
44,10,9,435.0,95.0,8.5,0.2,0.8,728.0701754385964
45,10,9,445.0,95.0,8.5,0.2,0.8,728.0701754385964
46,10,9,455.0,95.0,8.5,0.2,0.8,728.0701754385964
47,10,9,465.0,95.0,8.5,0.2,0.8,728.0701754385964
48,10,9,475.0,95.0,8.5,0.2,0.8,728.0701754385964
49,10,9,485.0,95.0,8.5,0.2,0.8,728.0701754385964
50,10,9,495.0,95.0,8.5,0.2,0.8,728.0701754385964
1,1,10,5.0,5.0,9.5,0.2,0.8,798.2456140350876
2,1,10,15.0,5.0,9.5,0.2,0.8,798.2456140350876
3,1,10,25.0,5.0,9.5,0.2,0.8,798.2456140350876
4,1,10,35.0,5.0,9.5,0.2,0.8,798.2456140350876
5,1,10,45.0,5.0,9.5,0.2,0.8,798.2456140350876
6,1,10,55.0,5.0,9.5,0.2,0.8,798.2456140350876
7,1,10,65.0,5.0,9.5,0.2,0.8,798.2456140350876
8,1,10,75.0,5.0,9.5,0.2,0.8,798.2456140350876
9,1,10,85.0,5.0,9.5,0.2,0.8,798.2456140350876
10,1,10,95.0,5.0,9.5,0.2,0.8,798.2456140350876
11,1,10,105.0,5.0,9.5,0.2,0.8,798.2456140350876
12,1,10,115.0,5.0,9.5,0.2,0.8,798.2456140350876
13,1,10,125.0,5.0,9.5,0.2,0.8,798.2456140350876
14,1,10,135.0,5.0,9.5,0.2,0.8,798.2456140350876
15,1,10,145.0,5.0,9.5,0.2,0.8,798.2456140350876
16,1,10,155.0,5.0,9.5,0.2,0.8,798.2456140350876
17,1,10,165.0,5.0,9.5,0.2,0.8,798.2456140350876
18,1,10,175.0,5.0,9.5,0.2,0.8,798.2456140350876
19,1,10,185.0,5.0,9.5,0.2,0.8,798.2456140350876
20,1,10,195.0,5.0,9.5,0.2,0.8,798.2456140350876
21,1,10,205.0,5.0,9.5,0.2,0.8,798.2456140350876
22,1,10,215.0,5.0,9.5,0.2,0.8,798.2456140350876
23,1,10,225.0,5.0,9.5,0.2,0.8,798.2456140350876
24,1,10,235.0,5.0,9.5,0.2,0.8,798.2456140350876
25,1,10,245.0,5.0,9.5,0.2,0.8,798.2456140350876
26,1,10,255.0,5.0,9.5,0.2,0.8,798.2456140350876
27,1,10,265.0,5.0,9.5,0.2,0.8,798.2456140350876
28,1,10,275.0,5.0,9.5,0.2,0.8,798.2456140350876
29,1,10,285.0,5.0,9.5,0.2,0.8,798.2456140350876
30,1,10,295.0,5.0,9.5,0.2,0.8,798.2456140350876
31,1,10,305.0,5.0,9.5,0.2,0.8,798.2456140350876
32,1,10,315.0,5.0,9.5,0.2,0.8,798.2456140350876
33,1,10,325.0,5.0,9.5,0.2,0.8,798.2456140350876
34,1,10,335.0,5.0,9.5,0.2,0.8,798.2456140350876
35,1,10,345.0,5.0,9.5,0.2,0.8,798.2456140350876
36,1,10,355.0,5.0,9.5,0.2,0.8,798.2456140350876
37,1,10,365.0,5.0,9.5,0.2,0.8,798.2456140350876
38,1,10,375.0,5.0,9.5,0.2,0.8,798.2456140350876
39,1,10,385.0,5.0,9.5,0.2,0.8,798.2456140350876
40,1,10,395.0,5.0,9.5,0.2,0.8,798.2456140350876
41,1,10,405.0,5.0,9.5,0.2,0.8,798.2456140350876
42,1,10,415.0,5.0,9.5,0.2,0.8,798.2456140350876
43,1,10,425.0,5.0,9.5,0.2,0.8,798.2456140350876
44,1,10,435.0,5.0,9.5,0.2,0.8,798.2456140350876
45,1,10,445.0,5.0,9.5,0.2,0.8,798.2456140350876
46,1,10,455.0,5.0,9.5,0.2,0.8,798.2456140350876
47,1,10,465.0,5.0,9.5,0.2,0.8,798.2456140350876
48,1,10,475.0,5.0,9.5,0.2,0.8,798.2456140350876
49,1,10,485.0,5.0,9.5,0.2,0.8,798.2456140350876
50,1,10,495.0,5.0,9.5,0.2,0.8,798.2456140350876
1,2,10,5.0,15.0,9.5,0.2,0.8,798.2456140350876
2,2,10,15.0,15.0,9.5,0.2,0.8,798.2456140350876
3,2,10,25.0,15.0,9.5,0.2,0.8,798.2456140350876
4,2,10,35.0,15.0,9.5,0.2,0.8,798.2456140350876
5,2,10,45.0,15.0,9.5,0.2,0.8,798.2456140350876
6,2,10,55.0,15.0,9.5,0.2,0.8,798.2456140350876
7,2,10,65.0,15.0,9.5,0.2,0.8,798.2456140350876
8,2,10,75.0,15.0,9.5,0.2,0.8,798.2456140350876
9,2,10,85.0,15.0,9.5,0.2,0.8,798.2456140350876
10,2,10,95.0,15.0,9.5,0.2,0.8,798.2456140350876
11,2,10,105.0,15.0,9.5,0.2,0.8,798.2456140350876
12,2,10,115.0,15.0,9.5,0.2,0.8,798.2456140350876
13,2,10,125.0,15.0,9.5,0.2,0.8,798.2456140350876
14,2,10,135.0,15.0,9.5,0.2,0.8,798.2456140350876
15,2,10,145.0,15.0,9.5,0.2,0.8,798.2456140350876
16,2,10,155.0,15.0,9.5,0.2,0.8,798.2456140350876
17,2,10,165.0,15.0,9.5,0.2,0.8,798.2456140350876
18,2,10,175.0,15.0,9.5,0.2,0.8,798.2456140350876
19,2,10,185.0,15.0,9.5,0.2,0.8,798.2456140350876
20,2,10,195.0,15.0,9.5,0.2,0.8,798.2456140350876
21,2,10,205.0,15.0,9.5,0.2,0.8,798.2456140350876
22,2,10,215.0,15.0,9.5,0.2,0.8,798.2456140350876
23,2,10,225.0,15.0,9.5,0.2,0.8,798.2456140350876
24,2,10,235.0,15.0,9.5,0.2,0.8,798.2456140350876
25,2,10,245.0,15.0,9.5,0.2,0.8,798.2456140350876
26,2,10,255.0,15.0,9.5,0.2,0.8,798.2456140350876
27,2,10,265.0,15.0,9.5,0.2,0.8,798.2456140350876
28,2,10,275.0,15.0,9.5,0.2,0.8,798.2456140350876
29,2,10,285.0,15.0,9.5,0.2,0.8,798.2456140350876
30,2,10,295.0,15.0,9.5,0.2,0.8,798.2456140350876
31,2,10,305.0,15.0,9.5,0.2,0.8,798.2456140350876
32,2,10,315.0,15.0,9.5,0.2,0.8,798.2456140350876
33,2,10,325.0,15.0,9.5,0.2,0.8,798.2456140350876
34,2,10,335.0,15.0,9.5,0.2,0.8,798.2456140350876
35,2,10,345.0,15.0,9.5,0.2,0.8,798.2456140350876
36,2,10,355.0,15.0,9.5,0.2,0.8,798.2456140350876
37,2,10,365.0,15.0,9.5,0.2,0.8,798.2456140350876
38,2,10,375.0,15.0,9.5,0.2,0.8,798.2456140350876
39,2,10,385.0,15.0,9.5,0.2,0.8,798.2456140350876
40,2,10,395.0,15.0,9.5,0.2,0.8,798.2456140350876
41,2,10,405.0,15.0,9.5,0.2,0.8,798.2456140350876
42,2,10,415.0,15.0,9.5,0.2,0.8,798.2456140350876
43,2,10,425.0,15.0,9.5,0.2,0.8,798.2456140350876
44,2,10,435.0,15.0,9.5,0.2,0.8,798.2456140350876
45,2,10,445.0,15.0,9.5,0.2,0.8,798.2456140350876
46,2,10,455.0,15.0,9.5,0.2,0.8,798.2456140350876
47,2,10,465.0,15.0,9.5,0.2,0.8,798.2456140350876
48,2,10,475.0,15.0,9.5,0.2,0.8,798.2456140350876
49,2,10,485.0,15.0,9.5,0.2,0.8,798.2456140350876
50,2,10,495.0,15.0,9.5,0.2,0.8,798.2456140350876
1,3,10,5.0,25.0,9.5,0.2,0.8,798.2456140350876
2,3,10,15.0,25.0,9.5,0.2,0.8,798.2456140350876
3,3,10,25.0,25.0,9.5,0.2,0.8,798.2456140350876
4,3,10,35.0,25.0,9.5,0.2,0.8,798.2456140350876
5,3,10,45.0,25.0,9.5,0.2,0.8,798.2456140350876
6,3,10,55.0,25.0,9.5,0.2,0.8,798.2456140350876
7,3,10,65.0,25.0,9.5,0.2,0.8,798.2456140350876
8,3,10,75.0,25.0,9.5,0.2,0.8,798.2456140350876
9,3,10,85.0,25.0,9.5,0.2,0.8,798.2456140350876
10,3,10,95.0,25.0,9.5,0.2,0.8,798.2456140350876
11,3,10,105.0,25.0,9.5,0.2,0.8,798.2456140350876
12,3,10,115.0,25.0,9.5,0.2,0.8,798.2456140350876
13,3,10,125.0,25.0,9.5,0.2,0.8,798.2456140350876
14,3,10,135.0,25.0,9.5,0.2,0.8,798.2456140350876
15,3,10,145.0,25.0,9.5,0.2,0.8,798.2456140350876
16,3,10,155.0,25.0,9.5,0.2,0.8,798.2456140350876
17,3,10,165.0,25.0,9.5,0.2,0.8,798.2456140350876
18,3,10,175.0,25.0,9.5,0.2,0.8,798.2456140350876
19,3,10,185.0,25.0,9.5,0.2,0.8,798.2456140350876
20,3,10,195.0,25.0,9.5,0.2,0.8,798.2456140350876
21,3,10,205.0,25.0,9.5,0.2,0.8,798.2456140350876
22,3,10,215.0,25.0,9.5,0.2,0.8,798.2456140350876
23,3,10,225.0,25.0,9.5,0.2,0.8,798.2456140350876
24,3,10,235.0,25.0,9.5,0.2,0.8,798.2456140350876
25,3,10,245.0,25.0,9.5,0.2,0.8,798.2456140350876
26,3,10,255.0,25.0,9.5,0.2,0.8,798.2456140350876
27,3,10,265.0,25.0,9.5,0.2,0.8,798.2456140350876
28,3,10,275.0,25.0,9.5,0.2,0.8,798.2456140350876
29,3,10,285.0,25.0,9.5,0.2,0.8,798.2456140350876
30,3,10,295.0,25.0,9.5,0.2,0.8,798.2456140350876
31,3,10,305.0,25.0,9.5,0.2,0.8,798.2456140350876
32,3,10,315.0,25.0,9.5,0.2,0.8,798.2456140350876
33,3,10,325.0,25.0,9.5,0.2,0.8,798.2456140350876
34,3,10,335.0,25.0,9.5,0.2,0.8,798.2456140350876
35,3,10,345.0,25.0,9.5,0.2,0.8,798.2456140350876
36,3,10,355.0,25.0,9.5,0.2,0.8,798.2456140350876
37,3,10,365.0,25.0,9.5,0.2,0.8,798.2456140350876
38,3,10,375.0,25.0,9.5,0.2,0.8,798.2456140350876
39,3,10,385.0,25.0,9.5,0.2,0.8,798.2456140350876
40,3,10,395.0,25.0,9.5,0.2,0.8,798.2456140350876
41,3,10,405.0,25.0,9.5,0.2,0.8,798.2456140350876
42,3,10,415.0,25.0,9.5,0.2,0.8,798.2456140350876
43,3,10,425.0,25.0,9.5,0.2,0.8,798.2456140350876
44,3,10,435.0,25.0,9.5,0.2,0.8,798.2456140350876
45,3,10,445.0,25.0,9.5,0.2,0.8,798.2456140350876
46,3,10,455.0,25.0,9.5,0.2,0.8,798.2456140350876
47,3,10,465.0,25.0,9.5,0.2,0.8,798.2456140350876
48,3,10,475.0,25.0,9.5,0.2,0.8,798.2456140350876
49,3,10,485.0,25.0,9.5,0.2,0.8,798.2456140350876
50,3,10,495.0,25.0,9.5,0.2,0.8,798.2456140350876
1,4,10,5.0,35.0,9.5,0.2,0.8,798.2456140350876
2,4,10,15.0,35.0,9.5,0.2,0.8,798.2456140350876
3,4,10,25.0,35.0,9.5,0.2,0.8,798.2456140350876
4,4,10,35.0,35.0,9.5,0.2,0.8,798.2456140350876
5,4,10,45.0,35.0,9.5,0.2,0.8,798.2456140350876
6,4,10,55.0,35.0,9.5,0.2,0.8,798.2456140350876
7,4,10,65.0,35.0,9.5,0.2,0.8,798.2456140350876
8,4,10,75.0,35.0,9.5,0.2,0.8,798.2456140350876
9,4,10,85.0,35.0,9.5,0.2,0.8,798.2456140350876
10,4,10,95.0,35.0,9.5,0.2,0.8,798.2456140350876
11,4,10,105.0,35.0,9.5,0.2,0.8,798.2456140350876
12,4,10,115.0,35.0,9.5,0.2,0.8,798.2456140350876
13,4,10,125.0,35.0,9.5,0.2,0.8,798.2456140350876
14,4,10,135.0,35.0,9.5,0.2,0.8,798.2456140350876
15,4,10,145.0,35.0,9.5,0.2,0.8,798.2456140350876
16,4,10,155.0,35.0,9.5,0.2,0.8,798.2456140350876
17,4,10,165.0,35.0,9.5,0.2,0.8,798.2456140350876
18,4,10,175.0,35.0,9.5,0.2,0.8,798.2456140350876
19,4,10,185.0,35.0,9.5,0.2,0.8,798.2456140350876
20,4,10,195.0,35.0,9.5,0.2,0.8,798.2456140350876
21,4,10,205.0,35.0,9.5,0.2,0.8,798.2456140350876
22,4,10,215.0,35.0,9.5,0.2,0.8,798.2456140350876
23,4,10,225.0,35.0,9.5,0.2,0.8,798.2456140350876
24,4,10,235.0,35.0,9.5,0.2,0.8,798.2456140350876
25,4,10,245.0,35.0,9.5,0.2,0.8,798.2456140350876
26,4,10,255.0,35.0,9.5,0.2,0.8,798.2456140350876
27,4,10,265.0,35.0,9.5,0.2,0.8,798.2456140350876
28,4,10,275.0,35.0,9.5,0.2,0.8,798.2456140350876
29,4,10,285.0,35.0,9.5,0.2,0.8,798.2456140350876
30,4,10,295.0,35.0,9.5,0.2,0.8,798.2456140350876
31,4,10,305.0,35.0,9.5,0.2,0.8,798.2456140350876
32,4,10,315.0,35.0,9.5,0.2,0.8,798.2456140350876
33,4,10,325.0,35.0,9.5,0.2,0.8,798.2456140350876
34,4,10,335.0,35.0,9.5,0.2,0.8,798.2456140350876
35,4,10,345.0,35.0,9.5,0.2,0.8,798.2456140350876
36,4,10,355.0,35.0,9.5,0.2,0.8,798.2456140350876
37,4,10,365.0,35.0,9.5,0.2,0.8,798.2456140350876
38,4,10,375.0,35.0,9.5,0.2,0.8,798.2456140350876
39,4,10,385.0,35.0,9.5,0.2,0.8,798.2456140350876
40,4,10,395.0,35.0,9.5,0.2,0.8,798.2456140350876
41,4,10,405.0,35.0,9.5,0.2,0.8,798.2456140350876
42,4,10,415.0,35.0,9.5,0.2,0.8,798.2456140350876
43,4,10,425.0,35.0,9.5,0.2,0.8,798.2456140350876
44,4,10,435.0,35.0,9.5,0.2,0.8,798.2456140350876
45,4,10,445.0,35.0,9.5,0.2,0.8,798.2456140350876
46,4,10,455.0,35.0,9.5,0.2,0.8,798.2456140350876
47,4,10,465.0,35.0,9.5,0.2,0.8,798.2456140350876
48,4,10,475.0,35.0,9.5,0.2,0.8,798.2456140350876
49,4,10,485.0,35.0,9.5,0.2,0.8,798.2456140350876
50,4,10,495.0,35.0,9.5,0.2,0.8,798.2456140350876
1,5,10,5.0,45.0,9.5,0.2,0.8,798.2456140350876
2,5,10,15.0,45.0,9.5,0.2,0.8,798.2456140350876
3,5,10,25.0,45.0,9.5,0.2,0.8,798.2456140350876
4,5,10,35.0,45.0,9.5,0.2,0.8,798.2456140350876
5,5,10,45.0,45.0,9.5,0.2,0.8,798.2456140350876
6,5,10,55.0,45.0,9.5,0.2,0.8,798.2456140350876
7,5,10,65.0,45.0,9.5,0.2,0.8,798.2456140350876
8,5,10,75.0,45.0,9.5,0.2,0.8,798.2456140350876
9,5,10,85.0,45.0,9.5,0.2,0.8,798.2456140350876
10,5,10,95.0,45.0,9.5,0.2,0.8,798.2456140350876
11,5,10,105.0,45.0,9.5,0.2,0.8,798.2456140350876
12,5,10,115.0,45.0,9.5,0.2,0.8,798.2456140350876
13,5,10,125.0,45.0,9.5,0.2,0.8,798.2456140350876
14,5,10,135.0,45.0,9.5,0.2,0.8,798.2456140350876
15,5,10,145.0,45.0,9.5,0.2,0.8,798.2456140350876
16,5,10,155.0,45.0,9.5,0.2,0.8,798.2456140350876
17,5,10,165.0,45.0,9.5,0.2,0.8,798.2456140350876
18,5,10,175.0,45.0,9.5,0.2,0.8,798.2456140350876
19,5,10,185.0,45.0,9.5,0.2,0.8,798.2456140350876
20,5,10,195.0,45.0,9.5,0.2,0.8,798.2456140350876
21,5,10,205.0,45.0,9.5,0.2,0.8,798.2456140350876
22,5,10,215.0,45.0,9.5,0.2,0.8,798.2456140350876
23,5,10,225.0,45.0,9.5,0.2,0.8,798.2456140350876
24,5,10,235.0,45.0,9.5,0.2,0.8,798.2456140350876
25,5,10,245.0,45.0,9.5,0.2,0.8,798.2456140350876
26,5,10,255.0,45.0,9.5,0.2,0.8,798.2456140350876
27,5,10,265.0,45.0,9.5,0.2,0.8,798.2456140350876
28,5,10,275.0,45.0,9.5,0.2,0.8,798.2456140350876
29,5,10,285.0,45.0,9.5,0.2,0.8,798.2456140350876
30,5,10,295.0,45.0,9.5,0.2,0.8,798.2456140350876
31,5,10,305.0,45.0,9.5,0.2,0.8,798.2456140350876
32,5,10,315.0,45.0,9.5,0.2,0.8,798.2456140350876
33,5,10,325.0,45.0,9.5,0.2,0.8,798.2456140350876
34,5,10,335.0,45.0,9.5,0.2,0.8,798.2456140350876
35,5,10,345.0,45.0,9.5,0.2,0.8,798.2456140350876
36,5,10,355.0,45.0,9.5,0.2,0.8,798.2456140350876
37,5,10,365.0,45.0,9.5,0.2,0.8,798.2456140350876
38,5,10,375.0,45.0,9.5,0.2,0.8,798.2456140350876
39,5,10,385.0,45.0,9.5,0.2,0.8,798.2456140350876
40,5,10,395.0,45.0,9.5,0.2,0.8,798.2456140350876
41,5,10,405.0,45.0,9.5,0.2,0.8,798.2456140350876
42,5,10,415.0,45.0,9.5,0.2,0.8,798.2456140350876
43,5,10,425.0,45.0,9.5,0.2,0.8,798.2456140350876
44,5,10,435.0,45.0,9.5,0.2,0.8,798.2456140350876
45,5,10,445.0,45.0,9.5,0.2,0.8,798.2456140350876
46,5,10,455.0,45.0,9.5,0.2,0.8,798.2456140350876
47,5,10,465.0,45.0,9.5,0.2,0.8,798.2456140350876
48,5,10,475.0,45.0,9.5,0.2,0.8,798.2456140350876
49,5,10,485.0,45.0,9.5,0.2,0.8,798.2456140350876
50,5,10,495.0,45.0,9.5,0.2,0.8,798.2456140350876
1,6,10,5.0,55.0,9.5,0.2,0.8,798.2456140350876
2,6,10,15.0,55.0,9.5,0.2,0.8,798.2456140350876
3,6,10,25.0,55.0,9.5,0.2,0.8,798.2456140350876
4,6,10,35.0,55.0,9.5,0.2,0.8,798.2456140350876
5,6,10,45.0,55.0,9.5,0.2,0.8,798.2456140350876
6,6,10,55.0,55.0,9.5,0.2,0.8,798.2456140350876
7,6,10,65.0,55.0,9.5,0.2,0.8,798.2456140350876
8,6,10,75.0,55.0,9.5,0.2,0.8,798.2456140350876
9,6,10,85.0,55.0,9.5,0.2,0.8,798.2456140350876
10,6,10,95.0,55.0,9.5,0.2,0.8,798.2456140350876
11,6,10,105.0,55.0,9.5,0.2,0.8,798.2456140350876
12,6,10,115.0,55.0,9.5,0.2,0.8,798.2456140350876
13,6,10,125.0,55.0,9.5,0.2,0.8,798.2456140350876
14,6,10,135.0,55.0,9.5,0.2,0.8,798.2456140350876
15,6,10,145.0,55.0,9.5,0.2,0.8,798.2456140350876
16,6,10,155.0,55.0,9.5,0.2,0.8,798.2456140350876
17,6,10,165.0,55.0,9.5,0.2,0.8,798.2456140350876
18,6,10,175.0,55.0,9.5,0.2,0.8,798.2456140350876
19,6,10,185.0,55.0,9.5,0.2,0.8,798.2456140350876
20,6,10,195.0,55.0,9.5,0.2,0.8,798.2456140350876
21,6,10,205.0,55.0,9.5,0.2,0.8,798.2456140350876
22,6,10,215.0,55.0,9.5,0.2,0.8,798.2456140350876
23,6,10,225.0,55.0,9.5,0.2,0.8,798.2456140350876
24,6,10,235.0,55.0,9.5,0.2,0.8,798.2456140350876
25,6,10,245.0,55.0,9.5,0.2,0.8,798.2456140350876
26,6,10,255.0,55.0,9.5,0.2,0.8,798.2456140350876
27,6,10,265.0,55.0,9.5,0.2,0.8,798.2456140350876
28,6,10,275.0,55.0,9.5,0.2,0.8,798.2456140350876
29,6,10,285.0,55.0,9.5,0.2,0.8,798.2456140350876
30,6,10,295.0,55.0,9.5,0.2,0.8,798.2456140350876
31,6,10,305.0,55.0,9.5,0.2,0.8,798.2456140350876
32,6,10,315.0,55.0,9.5,0.2,0.8,798.2456140350876
33,6,10,325.0,55.0,9.5,0.2,0.8,798.2456140350876
34,6,10,335.0,55.0,9.5,0.2,0.8,798.2456140350876
35,6,10,345.0,55.0,9.5,0.2,0.8,798.2456140350876
36,6,10,355.0,55.0,9.5,0.2,0.8,798.2456140350876
37,6,10,365.0,55.0,9.5,0.2,0.8,798.2456140350876
38,6,10,375.0,55.0,9.5,0.2,0.8,798.2456140350876
39,6,10,385.0,55.0,9.5,0.2,0.8,798.2456140350876
40,6,10,395.0,55.0,9.5,0.2,0.8,798.2456140350876
41,6,10,405.0,55.0,9.5,0.2,0.8,798.2456140350876
42,6,10,415.0,55.0,9.5,0.2,0.8,798.2456140350876
43,6,10,425.0,55.0,9.5,0.2,0.8,798.2456140350876
44,6,10,435.0,55.0,9.5,0.2,0.8,798.2456140350876
45,6,10,445.0,55.0,9.5,0.2,0.8,798.2456140350876
46,6,10,455.0,55.0,9.5,0.2,0.8,798.2456140350876
47,6,10,465.0,55.0,9.5,0.2,0.8,798.2456140350876
48,6,10,475.0,55.0,9.5,0.2,0.8,798.2456140350876
49,6,10,485.0,55.0,9.5,0.2,0.8,798.2456140350876
50,6,10,495.0,55.0,9.5,0.2,0.8,798.2456140350876
1,7,10,5.0,65.0,9.5,0.2,0.8,798.2456140350876
2,7,10,15.0,65.0,9.5,0.2,0.8,798.2456140350876
3,7,10,25.0,65.0,9.5,0.2,0.8,798.2456140350876
4,7,10,35.0,65.0,9.5,0.2,0.8,798.2456140350876
5,7,10,45.0,65.0,9.5,0.2,0.8,798.2456140350876
6,7,10,55.0,65.0,9.5,0.2,0.8,798.2456140350876
7,7,10,65.0,65.0,9.5,0.2,0.8,798.2456140350876
8,7,10,75.0,65.0,9.5,0.2,0.8,798.2456140350876
9,7,10,85.0,65.0,9.5,0.2,0.8,798.2456140350876
10,7,10,95.0,65.0,9.5,0.2,0.8,798.2456140350876
11,7,10,105.0,65.0,9.5,0.2,0.8,798.2456140350876
12,7,10,115.0,65.0,9.5,0.2,0.8,798.2456140350876
13,7,10,125.0,65.0,9.5,0.2,0.8,798.2456140350876
14,7,10,135.0,65.0,9.5,0.2,0.8,798.2456140350876
15,7,10,145.0,65.0,9.5,0.2,0.8,798.2456140350876
16,7,10,155.0,65.0,9.5,0.2,0.8,798.2456140350876
17,7,10,165.0,65.0,9.5,0.2,0.8,798.2456140350876
18,7,10,175.0,65.0,9.5,0.2,0.8,798.2456140350876
19,7,10,185.0,65.0,9.5,0.2,0.8,798.2456140350876
20,7,10,195.0,65.0,9.5,0.2,0.8,798.2456140350876
21,7,10,205.0,65.0,9.5,0.2,0.8,798.2456140350876
22,7,10,215.0,65.0,9.5,0.2,0.8,798.2456140350876
23,7,10,225.0,65.0,9.5,0.2,0.8,798.2456140350876
24,7,10,235.0,65.0,9.5,0.2,0.8,798.2456140350876
25,7,10,245.0,65.0,9.5,0.2,0.8,798.2456140350876
26,7,10,255.0,65.0,9.5,0.2,0.8,798.2456140350876
27,7,10,265.0,65.0,9.5,0.2,0.8,798.2456140350876
28,7,10,275.0,65.0,9.5,0.2,0.8,798.2456140350876
29,7,10,285.0,65.0,9.5,0.2,0.8,798.2456140350876
30,7,10,295.0,65.0,9.5,0.2,0.8,798.2456140350876
31,7,10,305.0,65.0,9.5,0.2,0.8,798.2456140350876
32,7,10,315.0,65.0,9.5,0.2,0.8,798.2456140350876
33,7,10,325.0,65.0,9.5,0.2,0.8,798.2456140350876
34,7,10,335.0,65.0,9.5,0.2,0.8,798.2456140350876
35,7,10,345.0,65.0,9.5,0.2,0.8,798.2456140350876
36,7,10,355.0,65.0,9.5,0.2,0.8,798.2456140350876
37,7,10,365.0,65.0,9.5,0.2,0.8,798.2456140350876
38,7,10,375.0,65.0,9.5,0.2,0.8,798.2456140350876
39,7,10,385.0,65.0,9.5,0.2,0.8,798.2456140350876
40,7,10,395.0,65.0,9.5,0.2,0.8,798.2456140350876
41,7,10,405.0,65.0,9.5,0.2,0.8,798.2456140350876
42,7,10,415.0,65.0,9.5,0.2,0.8,798.2456140350876
43,7,10,425.0,65.0,9.5,0.2,0.8,798.2456140350876
44,7,10,435.0,65.0,9.5,0.2,0.8,798.2456140350876
45,7,10,445.0,65.0,9.5,0.2,0.8,798.2456140350876
46,7,10,455.0,65.0,9.5,0.2,0.8,798.2456140350876
47,7,10,465.0,65.0,9.5,0.2,0.8,798.2456140350876
48,7,10,475.0,65.0,9.5,0.2,0.8,798.2456140350876
49,7,10,485.0,65.0,9.5,0.2,0.8,798.2456140350876
50,7,10,495.0,65.0,9.5,0.2,0.8,798.2456140350876
1,8,10,5.0,75.0,9.5,0.2,0.8,798.2456140350876
2,8,10,15.0,75.0,9.5,0.2,0.8,798.2456140350876
3,8,10,25.0,75.0,9.5,0.2,0.8,798.2456140350876
4,8,10,35.0,75.0,9.5,0.2,0.8,798.2456140350876
5,8,10,45.0,75.0,9.5,0.2,0.8,798.2456140350876
6,8,10,55.0,75.0,9.5,0.2,0.8,798.2456140350876
7,8,10,65.0,75.0,9.5,0.2,0.8,798.2456140350876
8,8,10,75.0,75.0,9.5,0.2,0.8,798.2456140350876
9,8,10,85.0,75.0,9.5,0.2,0.8,798.2456140350876
10,8,10,95.0,75.0,9.5,0.2,0.8,798.2456140350876
11,8,10,105.0,75.0,9.5,0.2,0.8,798.2456140350876
12,8,10,115.0,75.0,9.5,0.2,0.8,798.2456140350876
13,8,10,125.0,75.0,9.5,0.2,0.8,798.2456140350876
14,8,10,135.0,75.0,9.5,0.2,0.8,798.2456140350876
15,8,10,145.0,75.0,9.5,0.2,0.8,798.2456140350876
16,8,10,155.0,75.0,9.5,0.2,0.8,798.2456140350876
17,8,10,165.0,75.0,9.5,0.2,0.8,798.2456140350876
18,8,10,175.0,75.0,9.5,0.2,0.8,798.2456140350876
19,8,10,185.0,75.0,9.5,0.2,0.8,798.2456140350876
20,8,10,195.0,75.0,9.5,0.2,0.8,798.2456140350876
21,8,10,205.0,75.0,9.5,0.2,0.8,798.2456140350876
22,8,10,215.0,75.0,9.5,0.2,0.8,798.2456140350876
23,8,10,225.0,75.0,9.5,0.2,0.8,798.2456140350876
24,8,10,235.0,75.0,9.5,0.2,0.8,798.2456140350876
25,8,10,245.0,75.0,9.5,0.2,0.8,798.2456140350876
26,8,10,255.0,75.0,9.5,0.2,0.8,798.2456140350876
27,8,10,265.0,75.0,9.5,0.2,0.8,798.2456140350876
28,8,10,275.0,75.0,9.5,0.2,0.8,798.2456140350876
29,8,10,285.0,75.0,9.5,0.2,0.8,798.2456140350876
30,8,10,295.0,75.0,9.5,0.2,0.8,798.2456140350876
31,8,10,305.0,75.0,9.5,0.2,0.8,798.2456140350876
32,8,10,315.0,75.0,9.5,0.2,0.8,798.2456140350876
33,8,10,325.0,75.0,9.5,0.2,0.8,798.2456140350876
34,8,10,335.0,75.0,9.5,0.2,0.8,798.2456140350876
35,8,10,345.0,75.0,9.5,0.2,0.8,798.2456140350876
36,8,10,355.0,75.0,9.5,0.2,0.8,798.2456140350876
37,8,10,365.0,75.0,9.5,0.2,0.8,798.2456140350876
38,8,10,375.0,75.0,9.5,0.2,0.8,798.2456140350876
39,8,10,385.0,75.0,9.5,0.2,0.8,798.2456140350876
40,8,10,395.0,75.0,9.5,0.2,0.8,798.2456140350876
41,8,10,405.0,75.0,9.5,0.2,0.8,798.2456140350876
42,8,10,415.0,75.0,9.5,0.2,0.8,798.2456140350876
43,8,10,425.0,75.0,9.5,0.2,0.8,798.2456140350876
44,8,10,435.0,75.0,9.5,0.2,0.8,798.2456140350876
45,8,10,445.0,75.0,9.5,0.2,0.8,798.2456140350876
46,8,10,455.0,75.0,9.5,0.2,0.8,798.2456140350876
47,8,10,465.0,75.0,9.5,0.2,0.8,798.2456140350876
48,8,10,475.0,75.0,9.5,0.2,0.8,798.2456140350876
49,8,10,485.0,75.0,9.5,0.2,0.8,798.2456140350876
50,8,10,495.0,75.0,9.5,0.2,0.8,798.2456140350876
1,9,10,5.0,85.0,9.5,0.2,0.8,798.2456140350876
2,9,10,15.0,85.0,9.5,0.2,0.8,798.2456140350876
3,9,10,25.0,85.0,9.5,0.2,0.8,798.2456140350876
4,9,10,35.0,85.0,9.5,0.2,0.8,798.2456140350876
5,9,10,45.0,85.0,9.5,0.2,0.8,798.2456140350876
6,9,10,55.0,85.0,9.5,0.2,0.8,798.2456140350876
7,9,10,65.0,85.0,9.5,0.2,0.8,798.2456140350876
8,9,10,75.0,85.0,9.5,0.2,0.8,798.2456140350876
9,9,10,85.0,85.0,9.5,0.2,0.8,798.2456140350876
10,9,10,95.0,85.0,9.5,0.2,0.8,798.2456140350876
11,9,10,105.0,85.0,9.5,0.2,0.8,798.2456140350876
12,9,10,115.0,85.0,9.5,0.2,0.8,798.2456140350876
13,9,10,125.0,85.0,9.5,0.2,0.8,798.2456140350876
14,9,10,135.0,85.0,9.5,0.2,0.8,798.2456140350876
15,9,10,145.0,85.0,9.5,0.2,0.8,798.2456140350876
16,9,10,155.0,85.0,9.5,0.2,0.8,798.2456140350876
17,9,10,165.0,85.0,9.5,0.2,0.8,798.2456140350876
18,9,10,175.0,85.0,9.5,0.2,0.8,798.2456140350876
19,9,10,185.0,85.0,9.5,0.2,0.8,798.2456140350876
20,9,10,195.0,85.0,9.5,0.2,0.8,798.2456140350876
21,9,10,205.0,85.0,9.5,0.2,0.8,798.2456140350876
22,9,10,215.0,85.0,9.5,0.2,0.8,798.2456140350876
23,9,10,225.0,85.0,9.5,0.2,0.8,798.2456140350876
24,9,10,235.0,85.0,9.5,0.2,0.8,798.2456140350876
25,9,10,245.0,85.0,9.5,0.2,0.8,798.2456140350876
26,9,10,255.0,85.0,9.5,0.2,0.8,798.2456140350876
27,9,10,265.0,85.0,9.5,0.2,0.8,798.2456140350876
28,9,10,275.0,85.0,9.5,0.2,0.8,798.2456140350876
29,9,10,285.0,85.0,9.5,0.2,0.8,798.2456140350876
30,9,10,295.0,85.0,9.5,0.2,0.8,798.2456140350876
31,9,10,305.0,85.0,9.5,0.2,0.8,798.2456140350876
32,9,10,315.0,85.0,9.5,0.2,0.8,798.2456140350876
33,9,10,325.0,85.0,9.5,0.2,0.8,798.2456140350876
34,9,10,335.0,85.0,9.5,0.2,0.8,798.2456140350876
35,9,10,345.0,85.0,9.5,0.2,0.8,798.2456140350876
36,9,10,355.0,85.0,9.5,0.2,0.8,798.2456140350876
37,9,10,365.0,85.0,9.5,0.2,0.8,798.2456140350876
38,9,10,375.0,85.0,9.5,0.2,0.8,798.2456140350876
39,9,10,385.0,85.0,9.5,0.2,0.8,798.2456140350876
40,9,10,395.0,85.0,9.5,0.2,0.8,798.2456140350876
41,9,10,405.0,85.0,9.5,0.2,0.8,798.2456140350876
42,9,10,415.0,85.0,9.5,0.2,0.8,798.2456140350876
43,9,10,425.0,85.0,9.5,0.2,0.8,798.2456140350876
44,9,10,435.0,85.0,9.5,0.2,0.8,798.2456140350876
45,9,10,445.0,85.0,9.5,0.2,0.8,798.2456140350876
46,9,10,455.0,85.0,9.5,0.2,0.8,798.2456140350876
47,9,10,465.0,85.0,9.5,0.2,0.8,798.2456140350876
48,9,10,475.0,85.0,9.5,0.2,0.8,798.2456140350876
49,9,10,485.0,85.0,9.5,0.2,0.8,798.2456140350876
50,9,10,495.0,85.0,9.5,0.2,0.8,798.2456140350876
1,10,10,5.0,95.0,9.5,0.2,0.8,798.2456140350876
2,10,10,15.0,95.0,9.5,0.2,0.8,798.2456140350876
3,10,10,25.0,95.0,9.5,0.2,0.8,798.2456140350876
4,10,10,35.0,95.0,9.5,0.2,0.8,798.2456140350876
5,10,10,45.0,95.0,9.5,0.2,0.8,798.2456140350876
6,10,10,55.0,95.0,9.5,0.2,0.8,798.2456140350876
7,10,10,65.0,95.0,9.5,0.2,0.8,798.2456140350876
8,10,10,75.0,95.0,9.5,0.2,0.8,798.2456140350876
9,10,10,85.0,95.0,9.5,0.2,0.8,798.2456140350876
10,10,10,95.0,95.0,9.5,0.2,0.8,798.2456140350876
11,10,10,105.0,95.0,9.5,0.2,0.8,798.2456140350876
12,10,10,115.0,95.0,9.5,0.2,0.8,798.2456140350876
13,10,10,125.0,95.0,9.5,0.2,0.8,798.2456140350876
14,10,10,135.0,95.0,9.5,0.2,0.8,798.2456140350876
15,10,10,145.0,95.0,9.5,0.2,0.8,798.2456140350876
16,10,10,155.0,95.0,9.5,0.2,0.8,798.2456140350876
17,10,10,165.0,95.0,9.5,0.2,0.8,798.2456140350876
18,10,10,175.0,95.0,9.5,0.2,0.8,798.2456140350876
19,10,10,185.0,95.0,9.5,0.2,0.8,798.2456140350876
20,10,10,195.0,95.0,9.5,0.2,0.8,798.2456140350876
21,10,10,205.0,95.0,9.5,0.2,0.8,798.2456140350876
22,10,10,215.0,95.0,9.5,0.2,0.8,798.2456140350876
23,10,10,225.0,95.0,9.5,0.2,0.8,798.2456140350876
24,10,10,235.0,95.0,9.5,0.2,0.8,798.2456140350876
25,10,10,245.0,95.0,9.5,0.2,0.8,798.2456140350876
26,10,10,255.0,95.0,9.5,0.2,0.8,798.2456140350876
27,10,10,265.0,95.0,9.5,0.2,0.8,798.2456140350876
28,10,10,275.0,95.0,9.5,0.2,0.8,798.2456140350876
29,10,10,285.0,95.0,9.5,0.2,0.8,798.2456140350876
30,10,10,295.0,95.0,9.5,0.2,0.8,798.2456140350876
31,10,10,305.0,95.0,9.5,0.2,0.8,798.2456140350876
32,10,10,315.0,95.0,9.5,0.2,0.8,798.2456140350876
33,10,10,325.0,95.0,9.5,0.2,0.8,798.2456140350876
34,10,10,335.0,95.0,9.5,0.2,0.8,798.2456140350876
35,10,10,345.0,95.0,9.5,0.2,0.8,798.2456140350876
36,10,10,355.0,95.0,9.5,0.2,0.8,798.2456140350876
37,10,10,365.0,95.0,9.5,0.2,0.8,798.2456140350876
38,10,10,375.0,95.0,9.5,0.2,0.8,798.2456140350876
39,10,10,385.0,95.0,9.5,0.2,0.8,798.2456140350876
40,10,10,395.0,95.0,9.5,0.2,0.8,798.2456140350876
41,10,10,405.0,95.0,9.5,0.2,0.8,798.2456140350876
42,10,10,415.0,95.0,9.5,0.2,0.8,798.2456140350876
43,10,10,425.0,95.0,9.5,0.2,0.8,798.2456140350876
44,10,10,435.0,95.0,9.5,0.2,0.8,798.2456140350876
45,10,10,445.0,95.0,9.5,0.2,0.8,798.2456140350876
46,10,10,455.0,95.0,9.5,0.2,0.8,798.2456140350876
47,10,10,465.0,95.0,9.5,0.2,0.8,798.2456140350876
48,10,10,475.0,95.0,9.5,0.2,0.8,798.2456140350876
49,10,10,485.0,95.0,9.5,0.2,0.8,798.2456140350876
50,10,10,495.0,95.0,9.5,0.2,0.8,798.2456140350876
1,1,11,5.0,5.0,10.5,0.2,0.8,798.2456140350877
2,1,11,15.0,5.0,10.5,0.2,0.8,798.2456140350877
3,1,11,25.0,5.0,10.5,0.2,0.8,798.2456140350877
4,1,11,35.0,5.0,10.5,0.2,0.8,798.2456140350877
5,1,11,45.0,5.0,10.5,0.2,0.8,798.2456140350877
6,1,11,55.0,5.0,10.5,0.2,0.8,798.2456140350877
7,1,11,65.0,5.0,10.5,0.2,0.8,798.2456140350877
8,1,11,75.0,5.0,10.5,0.2,0.8,798.2456140350877
9,1,11,85.0,5.0,10.5,0.2,0.8,798.2456140350877
10,1,11,95.0,5.0,10.5,0.2,0.8,798.2456140350877
11,1,11,105.0,5.0,10.5,0.2,0.8,798.2456140350877
12,1,11,115.0,5.0,10.5,0.2,0.8,798.2456140350877
13,1,11,125.0,5.0,10.5,0.2,0.8,798.2456140350877
14,1,11,135.0,5.0,10.5,0.2,0.8,798.2456140350877
15,1,11,145.0,5.0,10.5,0.2,0.8,798.2456140350877
16,1,11,155.0,5.0,10.5,0.2,0.8,798.2456140350877
17,1,11,165.0,5.0,10.5,0.2,0.8,798.2456140350877
18,1,11,175.0,5.0,10.5,0.2,0.8,798.2456140350877
19,1,11,185.0,5.0,10.5,0.2,0.8,798.2456140350877
20,1,11,195.0,5.0,10.5,0.2,0.8,798.2456140350877
21,1,11,205.0,5.0,10.5,0.2,0.8,798.2456140350877
22,1,11,215.0,5.0,10.5,0.2,0.8,798.2456140350877
23,1,11,225.0,5.0,10.5,0.2,0.8,798.2456140350877
24,1,11,235.0,5.0,10.5,0.2,0.8,798.2456140350877
25,1,11,245.0,5.0,10.5,0.2,0.8,798.2456140350877
26,1,11,255.0,5.0,10.5,0.2,0.8,798.2456140350877
27,1,11,265.0,5.0,10.5,0.2,0.8,798.2456140350877
28,1,11,275.0,5.0,10.5,0.2,0.8,798.2456140350877
29,1,11,285.0,5.0,10.5,0.2,0.8,798.2456140350877
30,1,11,295.0,5.0,10.5,0.2,0.8,798.2456140350877
31,1,11,305.0,5.0,10.5,0.2,0.8,798.2456140350877
32,1,11,315.0,5.0,10.5,0.2,0.8,798.2456140350877
33,1,11,325.0,5.0,10.5,0.2,0.8,798.2456140350877
34,1,11,335.0,5.0,10.5,0.2,0.8,798.2456140350877
35,1,11,345.0,5.0,10.5,0.2,0.8,798.2456140350877
36,1,11,355.0,5.0,10.5,0.2,0.8,798.2456140350877
37,1,11,365.0,5.0,10.5,0.2,0.8,798.2456140350877
38,1,11,375.0,5.0,10.5,0.2,0.8,798.2456140350877
39,1,11,385.0,5.0,10.5,0.2,0.8,798.2456140350877
40,1,11,395.0,5.0,10.5,0.2,0.8,798.2456140350877
41,1,11,405.0,5.0,10.5,0.2,0.8,798.2456140350877
42,1,11,415.0,5.0,10.5,0.2,0.8,798.2456140350877
43,1,11,425.0,5.0,10.5,0.2,0.8,798.2456140350877
44,1,11,435.0,5.0,10.5,0.2,0.8,798.2456140350877
45,1,11,445.0,5.0,10.5,0.2,0.8,798.2456140350877
46,1,11,455.0,5.0,10.5,0.2,0.8,798.2456140350877
47,1,11,465.0,5.0,10.5,0.2,0.8,798.2456140350877
48,1,11,475.0,5.0,10.5,0.2,0.8,798.2456140350877
49,1,11,485.0,5.0,10.5,0.2,0.8,798.2456140350877
50,1,11,495.0,5.0,10.5,0.2,0.8,798.2456140350877
1,2,11,5.0,15.0,10.5,0.2,0.8,798.2456140350877
2,2,11,15.0,15.0,10.5,0.2,0.8,798.2456140350877
3,2,11,25.0,15.0,10.5,0.2,0.8,798.2456140350877
4,2,11,35.0,15.0,10.5,0.2,0.8,798.2456140350877
5,2,11,45.0,15.0,10.5,0.2,0.8,798.2456140350877
6,2,11,55.0,15.0,10.5,0.2,0.8,798.2456140350877
7,2,11,65.0,15.0,10.5,0.2,0.8,798.2456140350877
8,2,11,75.0,15.0,10.5,0.2,0.8,798.2456140350877
9,2,11,85.0,15.0,10.5,0.2,0.8,798.2456140350877
10,2,11,95.0,15.0,10.5,0.2,0.8,798.2456140350877
11,2,11,105.0,15.0,10.5,0.2,0.8,798.2456140350877
12,2,11,115.0,15.0,10.5,0.2,0.8,798.2456140350877
13,2,11,125.0,15.0,10.5,0.2,0.8,798.2456140350877
14,2,11,135.0,15.0,10.5,0.2,0.8,798.2456140350877
15,2,11,145.0,15.0,10.5,0.2,0.8,798.2456140350877
16,2,11,155.0,15.0,10.5,0.2,0.8,798.2456140350877
17,2,11,165.0,15.0,10.5,0.2,0.8,798.2456140350877
18,2,11,175.0,15.0,10.5,0.2,0.8,798.2456140350877
19,2,11,185.0,15.0,10.5,0.2,0.8,798.2456140350877
20,2,11,195.0,15.0,10.5,0.2,0.8,798.2456140350877
21,2,11,205.0,15.0,10.5,0.2,0.8,798.2456140350877
22,2,11,215.0,15.0,10.5,0.2,0.8,798.2456140350877
23,2,11,225.0,15.0,10.5,0.2,0.8,798.2456140350877
24,2,11,235.0,15.0,10.5,0.2,0.8,798.2456140350877
25,2,11,245.0,15.0,10.5,0.2,0.8,798.2456140350877
26,2,11,255.0,15.0,10.5,0.2,0.8,798.2456140350877
27,2,11,265.0,15.0,10.5,0.2,0.8,798.2456140350877
28,2,11,275.0,15.0,10.5,0.2,0.8,798.2456140350877
29,2,11,285.0,15.0,10.5,0.2,0.8,798.2456140350877
30,2,11,295.0,15.0,10.5,0.2,0.8,798.2456140350877
31,2,11,305.0,15.0,10.5,0.2,0.8,798.2456140350877
32,2,11,315.0,15.0,10.5,0.2,0.8,798.2456140350877
33,2,11,325.0,15.0,10.5,0.2,0.8,798.2456140350877
34,2,11,335.0,15.0,10.5,0.2,0.8,798.2456140350877
35,2,11,345.0,15.0,10.5,0.2,0.8,798.2456140350877
36,2,11,355.0,15.0,10.5,0.2,0.8,798.2456140350877
37,2,11,365.0,15.0,10.5,0.2,0.8,798.2456140350877
38,2,11,375.0,15.0,10.5,0.2,0.8,798.2456140350877
39,2,11,385.0,15.0,10.5,0.2,0.8,798.2456140350877
40,2,11,395.0,15.0,10.5,0.2,0.8,798.2456140350877
41,2,11,405.0,15.0,10.5,0.2,0.8,798.2456140350877
42,2,11,415.0,15.0,10.5,0.2,0.8,798.2456140350877
43,2,11,425.0,15.0,10.5,0.2,0.8,798.2456140350877
44,2,11,435.0,15.0,10.5,0.2,0.8,798.2456140350877
45,2,11,445.0,15.0,10.5,0.2,0.8,798.2456140350877
46,2,11,455.0,15.0,10.5,0.2,0.8,798.2456140350877
47,2,11,465.0,15.0,10.5,0.2,0.8,798.2456140350877
48,2,11,475.0,15.0,10.5,0.2,0.8,798.2456140350877
49,2,11,485.0,15.0,10.5,0.2,0.8,798.2456140350877
50,2,11,495.0,15.0,10.5,0.2,0.8,798.2456140350877
1,3,11,5.0,25.0,10.5,0.2,0.8,798.2456140350877
2,3,11,15.0,25.0,10.5,0.2,0.8,798.2456140350877
3,3,11,25.0,25.0,10.5,0.2,0.8,798.2456140350877
4,3,11,35.0,25.0,10.5,0.2,0.8,798.2456140350877
5,3,11,45.0,25.0,10.5,0.2,0.8,798.2456140350877
6,3,11,55.0,25.0,10.5,0.2,0.8,798.2456140350877
7,3,11,65.0,25.0,10.5,0.2,0.8,798.2456140350877
8,3,11,75.0,25.0,10.5,0.2,0.8,798.2456140350877
9,3,11,85.0,25.0,10.5,0.2,0.8,798.2456140350877
10,3,11,95.0,25.0,10.5,0.2,0.8,798.2456140350877
11,3,11,105.0,25.0,10.5,0.2,0.8,798.2456140350877
12,3,11,115.0,25.0,10.5,0.2,0.8,798.2456140350877
13,3,11,125.0,25.0,10.5,0.2,0.8,798.2456140350877
14,3,11,135.0,25.0,10.5,0.2,0.8,798.2456140350877
15,3,11,145.0,25.0,10.5,0.2,0.8,798.2456140350877
16,3,11,155.0,25.0,10.5,0.2,0.8,798.2456140350877
17,3,11,165.0,25.0,10.5,0.2,0.8,798.2456140350877
18,3,11,175.0,25.0,10.5,0.2,0.8,798.2456140350877
19,3,11,185.0,25.0,10.5,0.2,0.8,798.2456140350877
20,3,11,195.0,25.0,10.5,0.2,0.8,798.2456140350877
21,3,11,205.0,25.0,10.5,0.2,0.8,798.2456140350877
22,3,11,215.0,25.0,10.5,0.2,0.8,798.2456140350877
23,3,11,225.0,25.0,10.5,0.2,0.8,798.2456140350877
24,3,11,235.0,25.0,10.5,0.2,0.8,798.2456140350877
25,3,11,245.0,25.0,10.5,0.2,0.8,798.2456140350877
26,3,11,255.0,25.0,10.5,0.2,0.8,798.2456140350877
27,3,11,265.0,25.0,10.5,0.2,0.8,798.2456140350877
28,3,11,275.0,25.0,10.5,0.2,0.8,798.2456140350877
29,3,11,285.0,25.0,10.5,0.2,0.8,798.2456140350877
30,3,11,295.0,25.0,10.5,0.2,0.8,798.2456140350877
31,3,11,305.0,25.0,10.5,0.2,0.8,798.2456140350877
32,3,11,315.0,25.0,10.5,0.2,0.8,798.2456140350877
33,3,11,325.0,25.0,10.5,0.2,0.8,798.2456140350877
34,3,11,335.0,25.0,10.5,0.2,0.8,798.2456140350877
35,3,11,345.0,25.0,10.5,0.2,0.8,798.2456140350877
36,3,11,355.0,25.0,10.5,0.2,0.8,798.2456140350877
37,3,11,365.0,25.0,10.5,0.2,0.8,798.2456140350877
38,3,11,375.0,25.0,10.5,0.2,0.8,798.2456140350877
39,3,11,385.0,25.0,10.5,0.2,0.8,798.2456140350877
40,3,11,395.0,25.0,10.5,0.2,0.8,798.2456140350877
41,3,11,405.0,25.0,10.5,0.2,0.8,798.2456140350877
42,3,11,415.0,25.0,10.5,0.2,0.8,798.2456140350877
43,3,11,425.0,25.0,10.5,0.2,0.8,798.2456140350877
44,3,11,435.0,25.0,10.5,0.2,0.8,798.2456140350877
45,3,11,445.0,25.0,10.5,0.2,0.8,798.2456140350877
46,3,11,455.0,25.0,10.5,0.2,0.8,798.2456140350877
47,3,11,465.0,25.0,10.5,0.2,0.8,798.2456140350877
48,3,11,475.0,25.0,10.5,0.2,0.8,798.2456140350877
49,3,11,485.0,25.0,10.5,0.2,0.8,798.2456140350877
50,3,11,495.0,25.0,10.5,0.2,0.8,798.2456140350877
1,4,11,5.0,35.0,10.5,0.2,0.8,798.2456140350877
2,4,11,15.0,35.0,10.5,0.2,0.8,798.2456140350877
3,4,11,25.0,35.0,10.5,0.2,0.8,798.2456140350877
4,4,11,35.0,35.0,10.5,0.2,0.8,798.2456140350877
5,4,11,45.0,35.0,10.5,0.2,0.8,798.2456140350877
6,4,11,55.0,35.0,10.5,0.2,0.8,798.2456140350877
7,4,11,65.0,35.0,10.5,0.2,0.8,798.2456140350877
8,4,11,75.0,35.0,10.5,0.2,0.8,798.2456140350877
9,4,11,85.0,35.0,10.5,0.2,0.8,798.2456140350877
10,4,11,95.0,35.0,10.5,0.2,0.8,798.2456140350877
11,4,11,105.0,35.0,10.5,0.2,0.8,798.2456140350877
12,4,11,115.0,35.0,10.5,0.2,0.8,798.2456140350877
13,4,11,125.0,35.0,10.5,0.2,0.8,798.2456140350877
14,4,11,135.0,35.0,10.5,0.2,0.8,798.2456140350877
15,4,11,145.0,35.0,10.5,0.2,0.8,798.2456140350877
16,4,11,155.0,35.0,10.5,0.2,0.8,798.2456140350877
17,4,11,165.0,35.0,10.5,0.2,0.8,798.2456140350877
18,4,11,175.0,35.0,10.5,0.2,0.8,798.2456140350877
19,4,11,185.0,35.0,10.5,0.2,0.8,798.2456140350877
20,4,11,195.0,35.0,10.5,0.2,0.8,798.2456140350877
21,4,11,205.0,35.0,10.5,0.2,0.8,798.2456140350877
22,4,11,215.0,35.0,10.5,0.2,0.8,798.2456140350877
23,4,11,225.0,35.0,10.5,0.2,0.8,798.2456140350877
24,4,11,235.0,35.0,10.5,0.2,0.8,798.2456140350877
25,4,11,245.0,35.0,10.5,0.2,0.8,798.2456140350877
26,4,11,255.0,35.0,10.5,0.2,0.8,798.2456140350877
27,4,11,265.0,35.0,10.5,0.2,0.8,798.2456140350877
28,4,11,275.0,35.0,10.5,0.2,0.8,798.2456140350877
29,4,11,285.0,35.0,10.5,0.2,0.8,798.2456140350877
30,4,11,295.0,35.0,10.5,0.2,0.8,798.2456140350877
31,4,11,305.0,35.0,10.5,0.2,0.8,798.2456140350877
32,4,11,315.0,35.0,10.5,0.2,0.8,798.2456140350877
33,4,11,325.0,35.0,10.5,0.2,0.8,798.2456140350877
34,4,11,335.0,35.0,10.5,0.2,0.8,798.2456140350877
35,4,11,345.0,35.0,10.5,0.2,0.8,798.2456140350877
36,4,11,355.0,35.0,10.5,0.2,0.8,798.2456140350877
37,4,11,365.0,35.0,10.5,0.2,0.8,798.2456140350877
38,4,11,375.0,35.0,10.5,0.2,0.8,798.2456140350877
39,4,11,385.0,35.0,10.5,0.2,0.8,798.2456140350877
40,4,11,395.0,35.0,10.5,0.2,0.8,798.2456140350877
41,4,11,405.0,35.0,10.5,0.2,0.8,798.2456140350877
42,4,11,415.0,35.0,10.5,0.2,0.8,798.2456140350877
43,4,11,425.0,35.0,10.5,0.2,0.8,798.2456140350877
44,4,11,435.0,35.0,10.5,0.2,0.8,798.2456140350877
45,4,11,445.0,35.0,10.5,0.2,0.8,798.2456140350877
46,4,11,455.0,35.0,10.5,0.2,0.8,798.2456140350877
47,4,11,465.0,35.0,10.5,0.2,0.8,798.2456140350877
48,4,11,475.0,35.0,10.5,0.2,0.8,798.2456140350877
49,4,11,485.0,35.0,10.5,0.2,0.8,798.2456140350877
50,4,11,495.0,35.0,10.5,0.2,0.8,798.2456140350877
1,5,11,5.0,45.0,10.5,0.2,0.8,798.2456140350877
2,5,11,15.0,45.0,10.5,0.2,0.8,798.2456140350877
3,5,11,25.0,45.0,10.5,0.2,0.8,798.2456140350877
4,5,11,35.0,45.0,10.5,0.2,0.8,798.2456140350877
5,5,11,45.0,45.0,10.5,0.2,0.8,798.2456140350877
6,5,11,55.0,45.0,10.5,0.2,0.8,798.2456140350877
7,5,11,65.0,45.0,10.5,0.2,0.8,798.2456140350877
8,5,11,75.0,45.0,10.5,0.2,0.8,798.2456140350877
9,5,11,85.0,45.0,10.5,0.2,0.8,798.2456140350877
10,5,11,95.0,45.0,10.5,0.2,0.8,798.2456140350877
11,5,11,105.0,45.0,10.5,0.2,0.8,798.2456140350877
12,5,11,115.0,45.0,10.5,0.2,0.8,798.2456140350877
13,5,11,125.0,45.0,10.5,0.2,0.8,798.2456140350877
14,5,11,135.0,45.0,10.5,0.2,0.8,798.2456140350877
15,5,11,145.0,45.0,10.5,0.2,0.8,798.2456140350877
16,5,11,155.0,45.0,10.5,0.2,0.8,798.2456140350877
17,5,11,165.0,45.0,10.5,0.2,0.8,798.2456140350877
18,5,11,175.0,45.0,10.5,0.2,0.8,798.2456140350877
19,5,11,185.0,45.0,10.5,0.2,0.8,798.2456140350877
20,5,11,195.0,45.0,10.5,0.2,0.8,798.2456140350877
21,5,11,205.0,45.0,10.5,0.2,0.8,798.2456140350877
22,5,11,215.0,45.0,10.5,0.2,0.8,798.2456140350877
23,5,11,225.0,45.0,10.5,0.2,0.8,798.2456140350877
24,5,11,235.0,45.0,10.5,0.2,0.8,798.2456140350877
25,5,11,245.0,45.0,10.5,0.2,0.8,798.2456140350877
26,5,11,255.0,45.0,10.5,0.2,0.8,798.2456140350877
27,5,11,265.0,45.0,10.5,0.2,0.8,798.2456140350877
28,5,11,275.0,45.0,10.5,0.2,0.8,798.2456140350877
29,5,11,285.0,45.0,10.5,0.2,0.8,798.2456140350877
30,5,11,295.0,45.0,10.5,0.2,0.8,798.2456140350877
31,5,11,305.0,45.0,10.5,0.2,0.8,798.2456140350877
32,5,11,315.0,45.0,10.5,0.2,0.8,798.2456140350877
33,5,11,325.0,45.0,10.5,0.2,0.8,798.2456140350877
34,5,11,335.0,45.0,10.5,0.2,0.8,798.2456140350877
35,5,11,345.0,45.0,10.5,0.2,0.8,798.2456140350877
36,5,11,355.0,45.0,10.5,0.2,0.8,798.2456140350877
37,5,11,365.0,45.0,10.5,0.2,0.8,798.2456140350877
38,5,11,375.0,45.0,10.5,0.2,0.8,798.2456140350877
39,5,11,385.0,45.0,10.5,0.2,0.8,798.2456140350877
40,5,11,395.0,45.0,10.5,0.2,0.8,798.2456140350877
41,5,11,405.0,45.0,10.5,0.2,0.8,798.2456140350877
42,5,11,415.0,45.0,10.5,0.2,0.8,798.2456140350877
43,5,11,425.0,45.0,10.5,0.2,0.8,798.2456140350877
44,5,11,435.0,45.0,10.5,0.2,0.8,798.2456140350877
45,5,11,445.0,45.0,10.5,0.2,0.8,798.2456140350877
46,5,11,455.0,45.0,10.5,0.2,0.8,798.2456140350877
47,5,11,465.0,45.0,10.5,0.2,0.8,798.2456140350877
48,5,11,475.0,45.0,10.5,0.2,0.8,798.2456140350877
49,5,11,485.0,45.0,10.5,0.2,0.8,798.2456140350877
50,5,11,495.0,45.0,10.5,0.2,0.8,798.2456140350877
1,6,11,5.0,55.0,10.5,0.2,0.8,798.2456140350877
2,6,11,15.0,55.0,10.5,0.2,0.8,798.2456140350877
3,6,11,25.0,55.0,10.5,0.2,0.8,798.2456140350877
4,6,11,35.0,55.0,10.5,0.2,0.8,798.2456140350877
5,6,11,45.0,55.0,10.5,0.2,0.8,798.2456140350877
6,6,11,55.0,55.0,10.5,0.2,0.8,798.2456140350877
7,6,11,65.0,55.0,10.5,0.2,0.8,798.2456140350877
8,6,11,75.0,55.0,10.5,0.2,0.8,798.2456140350877
9,6,11,85.0,55.0,10.5,0.2,0.8,798.2456140350877
10,6,11,95.0,55.0,10.5,0.2,0.8,798.2456140350877
11,6,11,105.0,55.0,10.5,0.2,0.8,798.2456140350877
12,6,11,115.0,55.0,10.5,0.2,0.8,798.2456140350877
13,6,11,125.0,55.0,10.5,0.2,0.8,798.2456140350877
14,6,11,135.0,55.0,10.5,0.2,0.8,798.2456140350877
15,6,11,145.0,55.0,10.5,0.2,0.8,798.2456140350877
16,6,11,155.0,55.0,10.5,0.2,0.8,798.2456140350877
17,6,11,165.0,55.0,10.5,0.2,0.8,798.2456140350877
18,6,11,175.0,55.0,10.5,0.2,0.8,798.2456140350877
19,6,11,185.0,55.0,10.5,0.2,0.8,798.2456140350877
20,6,11,195.0,55.0,10.5,0.2,0.8,798.2456140350877
21,6,11,205.0,55.0,10.5,0.2,0.8,798.2456140350877
22,6,11,215.0,55.0,10.5,0.2,0.8,798.2456140350877
23,6,11,225.0,55.0,10.5,0.2,0.8,798.2456140350877
24,6,11,235.0,55.0,10.5,0.2,0.8,798.2456140350877
25,6,11,245.0,55.0,10.5,0.2,0.8,798.2456140350877
26,6,11,255.0,55.0,10.5,0.2,0.8,798.2456140350877
27,6,11,265.0,55.0,10.5,0.2,0.8,798.2456140350877
28,6,11,275.0,55.0,10.5,0.2,0.8,798.2456140350877
29,6,11,285.0,55.0,10.5,0.2,0.8,798.2456140350877
30,6,11,295.0,55.0,10.5,0.2,0.8,798.2456140350877
31,6,11,305.0,55.0,10.5,0.2,0.8,798.2456140350877
32,6,11,315.0,55.0,10.5,0.2,0.8,798.2456140350877
33,6,11,325.0,55.0,10.5,0.2,0.8,798.2456140350877
34,6,11,335.0,55.0,10.5,0.2,0.8,798.2456140350877
35,6,11,345.0,55.0,10.5,0.2,0.8,798.2456140350877
36,6,11,355.0,55.0,10.5,0.2,0.8,798.2456140350877
37,6,11,365.0,55.0,10.5,0.2,0.8,798.2456140350877
38,6,11,375.0,55.0,10.5,0.2,0.8,798.2456140350877
39,6,11,385.0,55.0,10.5,0.2,0.8,798.2456140350877
40,6,11,395.0,55.0,10.5,0.2,0.8,798.2456140350877
41,6,11,405.0,55.0,10.5,0.2,0.8,798.2456140350877
42,6,11,415.0,55.0,10.5,0.2,0.8,798.2456140350877
43,6,11,425.0,55.0,10.5,0.2,0.8,798.2456140350877
44,6,11,435.0,55.0,10.5,0.2,0.8,798.2456140350877
45,6,11,445.0,55.0,10.5,0.2,0.8,798.2456140350877
46,6,11,455.0,55.0,10.5,0.2,0.8,798.2456140350877
47,6,11,465.0,55.0,10.5,0.2,0.8,798.2456140350877
48,6,11,475.0,55.0,10.5,0.2,0.8,798.2456140350877
49,6,11,485.0,55.0,10.5,0.2,0.8,798.2456140350877
50,6,11,495.0,55.0,10.5,0.2,0.8,798.2456140350877
1,7,11,5.0,65.0,10.5,0.2,0.8,798.2456140350877
2,7,11,15.0,65.0,10.5,0.2,0.8,798.2456140350877
3,7,11,25.0,65.0,10.5,0.2,0.8,798.2456140350877
4,7,11,35.0,65.0,10.5,0.2,0.8,798.2456140350877
5,7,11,45.0,65.0,10.5,0.2,0.8,798.2456140350877
6,7,11,55.0,65.0,10.5,0.2,0.8,798.2456140350877
7,7,11,65.0,65.0,10.5,0.2,0.8,798.2456140350877
8,7,11,75.0,65.0,10.5,0.2,0.8,798.2456140350877
9,7,11,85.0,65.0,10.5,0.2,0.8,798.2456140350877
10,7,11,95.0,65.0,10.5,0.2,0.8,798.2456140350877
11,7,11,105.0,65.0,10.5,0.2,0.8,798.2456140350877
12,7,11,115.0,65.0,10.5,0.2,0.8,798.2456140350877
13,7,11,125.0,65.0,10.5,0.2,0.8,798.2456140350877
14,7,11,135.0,65.0,10.5,0.2,0.8,798.2456140350877
15,7,11,145.0,65.0,10.5,0.2,0.8,798.2456140350877
16,7,11,155.0,65.0,10.5,0.2,0.8,798.2456140350877
17,7,11,165.0,65.0,10.5,0.2,0.8,798.2456140350877
18,7,11,175.0,65.0,10.5,0.2,0.8,798.2456140350877
19,7,11,185.0,65.0,10.5,0.2,0.8,798.2456140350877
20,7,11,195.0,65.0,10.5,0.2,0.8,798.2456140350877
21,7,11,205.0,65.0,10.5,0.2,0.8,798.2456140350877
22,7,11,215.0,65.0,10.5,0.2,0.8,798.2456140350877
23,7,11,225.0,65.0,10.5,0.2,0.8,798.2456140350877
24,7,11,235.0,65.0,10.5,0.2,0.8,798.2456140350877
25,7,11,245.0,65.0,10.5,0.2,0.8,798.2456140350877
26,7,11,255.0,65.0,10.5,0.2,0.8,798.2456140350877
27,7,11,265.0,65.0,10.5,0.2,0.8,798.2456140350877
28,7,11,275.0,65.0,10.5,0.2,0.8,798.2456140350877
29,7,11,285.0,65.0,10.5,0.2,0.8,798.2456140350877
30,7,11,295.0,65.0,10.5,0.2,0.8,798.2456140350877
31,7,11,305.0,65.0,10.5,0.2,0.8,798.2456140350877
32,7,11,315.0,65.0,10.5,0.2,0.8,798.2456140350877
33,7,11,325.0,65.0,10.5,0.2,0.8,798.2456140350877
34,7,11,335.0,65.0,10.5,0.2,0.8,798.2456140350877
35,7,11,345.0,65.0,10.5,0.2,0.8,798.2456140350877
36,7,11,355.0,65.0,10.5,0.2,0.8,798.2456140350877
37,7,11,365.0,65.0,10.5,0.2,0.8,798.2456140350877
38,7,11,375.0,65.0,10.5,0.2,0.8,798.2456140350877
39,7,11,385.0,65.0,10.5,0.2,0.8,798.2456140350877
40,7,11,395.0,65.0,10.5,0.2,0.8,798.2456140350877
41,7,11,405.0,65.0,10.5,0.2,0.8,798.2456140350877
42,7,11,415.0,65.0,10.5,0.2,0.8,798.2456140350877
43,7,11,425.0,65.0,10.5,0.2,0.8,798.2456140350877
44,7,11,435.0,65.0,10.5,0.2,0.8,798.2456140350877
45,7,11,445.0,65.0,10.5,0.2,0.8,798.2456140350877
46,7,11,455.0,65.0,10.5,0.2,0.8,798.2456140350877
47,7,11,465.0,65.0,10.5,0.2,0.8,798.2456140350877
48,7,11,475.0,65.0,10.5,0.2,0.8,798.2456140350877
49,7,11,485.0,65.0,10.5,0.2,0.8,798.2456140350877
50,7,11,495.0,65.0,10.5,0.2,0.8,798.2456140350877
1,8,11,5.0,75.0,10.5,0.2,0.8,798.2456140350877
2,8,11,15.0,75.0,10.5,0.2,0.8,798.2456140350877
3,8,11,25.0,75.0,10.5,0.2,0.8,798.2456140350877
4,8,11,35.0,75.0,10.5,0.2,0.8,798.2456140350877
5,8,11,45.0,75.0,10.5,0.2,0.8,798.2456140350877
6,8,11,55.0,75.0,10.5,0.2,0.8,798.2456140350877
7,8,11,65.0,75.0,10.5,0.2,0.8,798.2456140350877
8,8,11,75.0,75.0,10.5,0.2,0.8,798.2456140350877
9,8,11,85.0,75.0,10.5,0.2,0.8,798.2456140350877
10,8,11,95.0,75.0,10.5,0.2,0.8,798.2456140350877
11,8,11,105.0,75.0,10.5,0.2,0.8,798.2456140350877
12,8,11,115.0,75.0,10.5,0.2,0.8,798.2456140350877
13,8,11,125.0,75.0,10.5,0.2,0.8,798.2456140350877
14,8,11,135.0,75.0,10.5,0.2,0.8,798.2456140350877
15,8,11,145.0,75.0,10.5,0.2,0.8,798.2456140350877
16,8,11,155.0,75.0,10.5,0.2,0.8,798.2456140350877
17,8,11,165.0,75.0,10.5,0.2,0.8,798.2456140350877
18,8,11,175.0,75.0,10.5,0.2,0.8,798.2456140350877
19,8,11,185.0,75.0,10.5,0.2,0.8,798.2456140350877
20,8,11,195.0,75.0,10.5,0.2,0.8,798.2456140350877
21,8,11,205.0,75.0,10.5,0.2,0.8,798.2456140350877
22,8,11,215.0,75.0,10.5,0.2,0.8,798.2456140350877
23,8,11,225.0,75.0,10.5,0.2,0.8,798.2456140350877
24,8,11,235.0,75.0,10.5,0.2,0.8,798.2456140350877
25,8,11,245.0,75.0,10.5,0.2,0.8,798.2456140350877
26,8,11,255.0,75.0,10.5,0.2,0.8,798.2456140350877
27,8,11,265.0,75.0,10.5,0.2,0.8,798.2456140350877
28,8,11,275.0,75.0,10.5,0.2,0.8,798.2456140350877
29,8,11,285.0,75.0,10.5,0.2,0.8,798.2456140350877
30,8,11,295.0,75.0,10.5,0.2,0.8,798.2456140350877
31,8,11,305.0,75.0,10.5,0.2,0.8,798.2456140350877
32,8,11,315.0,75.0,10.5,0.2,0.8,798.2456140350877
33,8,11,325.0,75.0,10.5,0.2,0.8,798.2456140350877
34,8,11,335.0,75.0,10.5,0.2,0.8,798.2456140350877
35,8,11,345.0,75.0,10.5,0.2,0.8,798.2456140350877
36,8,11,355.0,75.0,10.5,0.2,0.8,798.2456140350877
37,8,11,365.0,75.0,10.5,0.2,0.8,798.2456140350877
38,8,11,375.0,75.0,10.5,0.2,0.8,798.2456140350877
39,8,11,385.0,75.0,10.5,0.2,0.8,798.2456140350877
40,8,11,395.0,75.0,10.5,0.2,0.8,798.2456140350877
41,8,11,405.0,75.0,10.5,0.2,0.8,798.2456140350877
42,8,11,415.0,75.0,10.5,0.2,0.8,798.2456140350877
43,8,11,425.0,75.0,10.5,0.2,0.8,798.2456140350877
44,8,11,435.0,75.0,10.5,0.2,0.8,798.2456140350877
45,8,11,445.0,75.0,10.5,0.2,0.8,798.2456140350877
46,8,11,455.0,75.0,10.5,0.2,0.8,798.2456140350877
47,8,11,465.0,75.0,10.5,0.2,0.8,798.2456140350877
48,8,11,475.0,75.0,10.5,0.2,0.8,798.2456140350877
49,8,11,485.0,75.0,10.5,0.2,0.8,798.2456140350877
50,8,11,495.0,75.0,10.5,0.2,0.8,798.2456140350877
1,9,11,5.0,85.0,10.5,0.2,0.8,798.2456140350877
2,9,11,15.0,85.0,10.5,0.2,0.8,798.2456140350877
3,9,11,25.0,85.0,10.5,0.2,0.8,798.2456140350877
4,9,11,35.0,85.0,10.5,0.2,0.8,798.2456140350877
5,9,11,45.0,85.0,10.5,0.2,0.8,798.2456140350877
6,9,11,55.0,85.0,10.5,0.2,0.8,798.2456140350877
7,9,11,65.0,85.0,10.5,0.2,0.8,798.2456140350877
8,9,11,75.0,85.0,10.5,0.2,0.8,798.2456140350877
9,9,11,85.0,85.0,10.5,0.2,0.8,798.2456140350877
10,9,11,95.0,85.0,10.5,0.2,0.8,798.2456140350877
11,9,11,105.0,85.0,10.5,0.2,0.8,798.2456140350877
12,9,11,115.0,85.0,10.5,0.2,0.8,798.2456140350877
13,9,11,125.0,85.0,10.5,0.2,0.8,798.2456140350877
14,9,11,135.0,85.0,10.5,0.2,0.8,798.2456140350877
15,9,11,145.0,85.0,10.5,0.2,0.8,798.2456140350877
16,9,11,155.0,85.0,10.5,0.2,0.8,798.2456140350877
17,9,11,165.0,85.0,10.5,0.2,0.8,798.2456140350877
18,9,11,175.0,85.0,10.5,0.2,0.8,798.2456140350877
19,9,11,185.0,85.0,10.5,0.2,0.8,798.2456140350877
20,9,11,195.0,85.0,10.5,0.2,0.8,798.2456140350877
21,9,11,205.0,85.0,10.5,0.2,0.8,798.2456140350877
22,9,11,215.0,85.0,10.5,0.2,0.8,798.2456140350877
23,9,11,225.0,85.0,10.5,0.2,0.8,798.2456140350877
24,9,11,235.0,85.0,10.5,0.2,0.8,798.2456140350877
25,9,11,245.0,85.0,10.5,0.2,0.8,798.2456140350877
26,9,11,255.0,85.0,10.5,0.2,0.8,798.2456140350877
27,9,11,265.0,85.0,10.5,0.2,0.8,798.2456140350877
28,9,11,275.0,85.0,10.5,0.2,0.8,798.2456140350877
29,9,11,285.0,85.0,10.5,0.2,0.8,798.2456140350877
30,9,11,295.0,85.0,10.5,0.2,0.8,798.2456140350877
31,9,11,305.0,85.0,10.5,0.2,0.8,798.2456140350877
32,9,11,315.0,85.0,10.5,0.2,0.8,798.2456140350877
33,9,11,325.0,85.0,10.5,0.2,0.8,798.2456140350877
34,9,11,335.0,85.0,10.5,0.2,0.8,798.2456140350877
35,9,11,345.0,85.0,10.5,0.2,0.8,798.2456140350877
36,9,11,355.0,85.0,10.5,0.2,0.8,798.2456140350877
37,9,11,365.0,85.0,10.5,0.2,0.8,798.2456140350877
38,9,11,375.0,85.0,10.5,0.2,0.8,798.2456140350877
39,9,11,385.0,85.0,10.5,0.2,0.8,798.2456140350877
40,9,11,395.0,85.0,10.5,0.2,0.8,798.2456140350877
41,9,11,405.0,85.0,10.5,0.2,0.8,798.2456140350877
42,9,11,415.0,85.0,10.5,0.2,0.8,798.2456140350877
43,9,11,425.0,85.0,10.5,0.2,0.8,798.2456140350877
44,9,11,435.0,85.0,10.5,0.2,0.8,798.2456140350877
45,9,11,445.0,85.0,10.5,0.2,0.8,798.2456140350877
46,9,11,455.0,85.0,10.5,0.2,0.8,798.2456140350877
47,9,11,465.0,85.0,10.5,0.2,0.8,798.2456140350877
48,9,11,475.0,85.0,10.5,0.2,0.8,798.2456140350877
49,9,11,485.0,85.0,10.5,0.2,0.8,798.2456140350877
50,9,11,495.0,85.0,10.5,0.2,0.8,798.2456140350877
1,10,11,5.0,95.0,10.5,0.2,0.8,798.2456140350877
2,10,11,15.0,95.0,10.5,0.2,0.8,798.2456140350877
3,10,11,25.0,95.0,10.5,0.2,0.8,798.2456140350877
4,10,11,35.0,95.0,10.5,0.2,0.8,798.2456140350877
5,10,11,45.0,95.0,10.5,0.2,0.8,798.2456140350877
6,10,11,55.0,95.0,10.5,0.2,0.8,798.2456140350877
7,10,11,65.0,95.0,10.5,0.2,0.8,798.2456140350877
8,10,11,75.0,95.0,10.5,0.2,0.8,798.2456140350877
9,10,11,85.0,95.0,10.5,0.2,0.8,798.2456140350877
10,10,11,95.0,95.0,10.5,0.2,0.8,798.2456140350877
11,10,11,105.0,95.0,10.5,0.2,0.8,798.2456140350877
12,10,11,115.0,95.0,10.5,0.2,0.8,798.2456140350877
13,10,11,125.0,95.0,10.5,0.2,0.8,798.2456140350877
14,10,11,135.0,95.0,10.5,0.2,0.8,798.2456140350877
15,10,11,145.0,95.0,10.5,0.2,0.8,798.2456140350877
16,10,11,155.0,95.0,10.5,0.2,0.8,798.2456140350877
17,10,11,165.0,95.0,10.5,0.2,0.8,798.2456140350877
18,10,11,175.0,95.0,10.5,0.2,0.8,798.2456140350877
19,10,11,185.0,95.0,10.5,0.2,0.8,798.2456140350877
20,10,11,195.0,95.0,10.5,0.2,0.8,798.2456140350877
21,10,11,205.0,95.0,10.5,0.2,0.8,798.2456140350877
22,10,11,215.0,95.0,10.5,0.2,0.8,798.2456140350877
23,10,11,225.0,95.0,10.5,0.2,0.8,798.2456140350877
24,10,11,235.0,95.0,10.5,0.2,0.8,798.2456140350877
25,10,11,245.0,95.0,10.5,0.2,0.8,798.2456140350877
26,10,11,255.0,95.0,10.5,0.2,0.8,798.2456140350877
27,10,11,265.0,95.0,10.5,0.2,0.8,798.2456140350877
28,10,11,275.0,95.0,10.5,0.2,0.8,798.2456140350877
29,10,11,285.0,95.0,10.5,0.2,0.8,798.2456140350877
30,10,11,295.0,95.0,10.5,0.2,0.8,798.2456140350877
31,10,11,305.0,95.0,10.5,0.2,0.8,798.2456140350877
32,10,11,315.0,95.0,10.5,0.2,0.8,798.2456140350877
33,10,11,325.0,95.0,10.5,0.2,0.8,798.2456140350877
34,10,11,335.0,95.0,10.5,0.2,0.8,798.2456140350877
35,10,11,345.0,95.0,10.5,0.2,0.8,798.2456140350877
36,10,11,355.0,95.0,10.5,0.2,0.8,798.2456140350877
37,10,11,365.0,95.0,10.5,0.2,0.8,798.2456140350877
38,10,11,375.0,95.0,10.5,0.2,0.8,798.2456140350877
39,10,11,385.0,95.0,10.5,0.2,0.8,798.2456140350877
40,10,11,395.0,95.0,10.5,0.2,0.8,798.2456140350877
41,10,11,405.0,95.0,10.5,0.2,0.8,798.2456140350877
42,10,11,415.0,95.0,10.5,0.2,0.8,798.2456140350877
43,10,11,425.0,95.0,10.5,0.2,0.8,798.2456140350877
44,10,11,435.0,95.0,10.5,0.2,0.8,798.2456140350877
45,10,11,445.0,95.0,10.5,0.2,0.8,798.2456140350877
46,10,11,455.0,95.0,10.5,0.2,0.8,798.2456140350877
47,10,11,465.0,95.0,10.5,0.2,0.8,798.2456140350877
48,10,11,475.0,95.0,10.5,0.2,0.8,798.2456140350877
49,10,11,485.0,95.0,10.5,0.2,0.8,798.2456140350877
50,10,11,495.0,95.0,10.5,0.2,0.8,798.2456140350877
1,1,12,5.0,5.0,11.5,0.2,0.8,728.0701754385964
2,1,12,15.0,5.0,11.5,0.2,0.8,728.0701754385964
3,1,12,25.0,5.0,11.5,0.2,0.8,728.0701754385964
4,1,12,35.0,5.0,11.5,0.2,0.8,728.0701754385964
5,1,12,45.0,5.0,11.5,0.2,0.8,728.0701754385964
6,1,12,55.0,5.0,11.5,0.2,0.8,728.0701754385964
7,1,12,65.0,5.0,11.5,0.2,0.8,728.0701754385964
8,1,12,75.0,5.0,11.5,0.2,0.8,728.0701754385964
9,1,12,85.0,5.0,11.5,0.2,0.8,728.0701754385964
10,1,12,95.0,5.0,11.5,0.2,0.8,728.0701754385964
11,1,12,105.0,5.0,11.5,0.2,0.8,728.0701754385964
12,1,12,115.0,5.0,11.5,0.2,0.8,728.0701754385964
13,1,12,125.0,5.0,11.5,0.2,0.8,728.0701754385964
14,1,12,135.0,5.0,11.5,0.2,0.8,728.0701754385964
15,1,12,145.0,5.0,11.5,0.2,0.8,728.0701754385964
16,1,12,155.0,5.0,11.5,0.2,0.8,728.0701754385964
17,1,12,165.0,5.0,11.5,0.2,0.8,728.0701754385964
18,1,12,175.0,5.0,11.5,0.2,0.8,728.0701754385964
19,1,12,185.0,5.0,11.5,0.2,0.8,728.0701754385964
20,1,12,195.0,5.0,11.5,0.2,0.8,728.0701754385964
21,1,12,205.0,5.0,11.5,0.2,0.8,728.0701754385964
22,1,12,215.0,5.0,11.5,0.2,0.8,728.0701754385964
23,1,12,225.0,5.0,11.5,0.2,0.8,728.0701754385964
24,1,12,235.0,5.0,11.5,0.2,0.8,728.0701754385964
25,1,12,245.0,5.0,11.5,0.2,0.8,728.0701754385964
26,1,12,255.0,5.0,11.5,0.2,0.8,728.0701754385964
27,1,12,265.0,5.0,11.5,0.2,0.8,728.0701754385964
28,1,12,275.0,5.0,11.5,0.2,0.8,728.0701754385964
29,1,12,285.0,5.0,11.5,0.2,0.8,728.0701754385964
30,1,12,295.0,5.0,11.5,0.2,0.8,728.0701754385964
31,1,12,305.0,5.0,11.5,0.2,0.8,728.0701754385964
32,1,12,315.0,5.0,11.5,0.2,0.8,728.0701754385964
33,1,12,325.0,5.0,11.5,0.2,0.8,728.0701754385964
34,1,12,335.0,5.0,11.5,0.2,0.8,728.0701754385964
35,1,12,345.0,5.0,11.5,0.2,0.8,728.0701754385964
36,1,12,355.0,5.0,11.5,0.2,0.8,728.0701754385964
37,1,12,365.0,5.0,11.5,0.2,0.8,728.0701754385964
38,1,12,375.0,5.0,11.5,0.2,0.8,728.0701754385964
39,1,12,385.0,5.0,11.5,0.2,0.8,728.0701754385964
40,1,12,395.0,5.0,11.5,0.2,0.8,728.0701754385964
41,1,12,405.0,5.0,11.5,0.2,0.8,728.0701754385964
42,1,12,415.0,5.0,11.5,0.2,0.8,728.0701754385964
43,1,12,425.0,5.0,11.5,0.2,0.8,728.0701754385964
44,1,12,435.0,5.0,11.5,0.2,0.8,728.0701754385964
45,1,12,445.0,5.0,11.5,0.2,0.8,728.0701754385964
46,1,12,455.0,5.0,11.5,0.2,0.8,728.0701754385964
47,1,12,465.0,5.0,11.5,0.2,0.8,728.0701754385964
48,1,12,475.0,5.0,11.5,0.2,0.8,728.0701754385964
49,1,12,485.0,5.0,11.5,0.2,0.8,728.0701754385964
50,1,12,495.0,5.0,11.5,0.2,0.8,728.0701754385964
1,2,12,5.0,15.0,11.5,0.2,0.8,728.0701754385964
2,2,12,15.0,15.0,11.5,0.2,0.8,728.0701754385964
3,2,12,25.0,15.0,11.5,0.2,0.8,728.0701754385964
4,2,12,35.0,15.0,11.5,0.2,0.8,728.0701754385964
5,2,12,45.0,15.0,11.5,0.2,0.8,728.0701754385964
6,2,12,55.0,15.0,11.5,0.2,0.8,728.0701754385964
7,2,12,65.0,15.0,11.5,0.2,0.8,728.0701754385964
8,2,12,75.0,15.0,11.5,0.2,0.8,728.0701754385964
9,2,12,85.0,15.0,11.5,0.2,0.8,728.0701754385964
10,2,12,95.0,15.0,11.5,0.2,0.8,728.0701754385964
11,2,12,105.0,15.0,11.5,0.2,0.8,728.0701754385964
12,2,12,115.0,15.0,11.5,0.2,0.8,728.0701754385964
13,2,12,125.0,15.0,11.5,0.2,0.8,728.0701754385964
14,2,12,135.0,15.0,11.5,0.2,0.8,728.0701754385964
15,2,12,145.0,15.0,11.5,0.2,0.8,728.0701754385964
16,2,12,155.0,15.0,11.5,0.2,0.8,728.0701754385964
17,2,12,165.0,15.0,11.5,0.2,0.8,728.0701754385964
18,2,12,175.0,15.0,11.5,0.2,0.8,728.0701754385964
19,2,12,185.0,15.0,11.5,0.2,0.8,728.0701754385964
20,2,12,195.0,15.0,11.5,0.2,0.8,728.0701754385964
21,2,12,205.0,15.0,11.5,0.2,0.8,728.0701754385964
22,2,12,215.0,15.0,11.5,0.2,0.8,728.0701754385964
23,2,12,225.0,15.0,11.5,0.2,0.8,728.0701754385964
24,2,12,235.0,15.0,11.5,0.2,0.8,728.0701754385964
25,2,12,245.0,15.0,11.5,0.2,0.8,728.0701754385964
26,2,12,255.0,15.0,11.5,0.2,0.8,728.0701754385964
27,2,12,265.0,15.0,11.5,0.2,0.8,728.0701754385964
28,2,12,275.0,15.0,11.5,0.2,0.8,728.0701754385964
29,2,12,285.0,15.0,11.5,0.2,0.8,728.0701754385964
30,2,12,295.0,15.0,11.5,0.2,0.8,728.0701754385964
31,2,12,305.0,15.0,11.5,0.2,0.8,728.0701754385964
32,2,12,315.0,15.0,11.5,0.2,0.8,728.0701754385964
33,2,12,325.0,15.0,11.5,0.2,0.8,728.0701754385964
34,2,12,335.0,15.0,11.5,0.2,0.8,728.0701754385964
35,2,12,345.0,15.0,11.5,0.2,0.8,728.0701754385964
36,2,12,355.0,15.0,11.5,0.2,0.8,728.0701754385964
37,2,12,365.0,15.0,11.5,0.2,0.8,728.0701754385964
38,2,12,375.0,15.0,11.5,0.2,0.8,728.0701754385964
39,2,12,385.0,15.0,11.5,0.2,0.8,728.0701754385964
40,2,12,395.0,15.0,11.5,0.2,0.8,728.0701754385964
41,2,12,405.0,15.0,11.5,0.2,0.8,728.0701754385964
42,2,12,415.0,15.0,11.5,0.2,0.8,728.0701754385964
43,2,12,425.0,15.0,11.5,0.2,0.8,728.0701754385964
44,2,12,435.0,15.0,11.5,0.2,0.8,728.0701754385964
45,2,12,445.0,15.0,11.5,0.2,0.8,728.0701754385964
46,2,12,455.0,15.0,11.5,0.2,0.8,728.0701754385964
47,2,12,465.0,15.0,11.5,0.2,0.8,728.0701754385964
48,2,12,475.0,15.0,11.5,0.2,0.8,728.0701754385964
49,2,12,485.0,15.0,11.5,0.2,0.8,728.0701754385964
50,2,12,495.0,15.0,11.5,0.2,0.8,728.0701754385964
1,3,12,5.0,25.0,11.5,0.2,0.8,728.0701754385964
2,3,12,15.0,25.0,11.5,0.2,0.8,728.0701754385964
3,3,12,25.0,25.0,11.5,0.2,0.8,728.0701754385964
4,3,12,35.0,25.0,11.5,0.2,0.8,728.0701754385964
5,3,12,45.0,25.0,11.5,0.2,0.8,728.0701754385964
6,3,12,55.0,25.0,11.5,0.2,0.8,728.0701754385964
7,3,12,65.0,25.0,11.5,0.2,0.8,728.0701754385964
8,3,12,75.0,25.0,11.5,0.2,0.8,728.0701754385964
9,3,12,85.0,25.0,11.5,0.2,0.8,728.0701754385964
10,3,12,95.0,25.0,11.5,0.2,0.8,728.0701754385964
11,3,12,105.0,25.0,11.5,0.2,0.8,728.0701754385964
12,3,12,115.0,25.0,11.5,0.2,0.8,728.0701754385964
13,3,12,125.0,25.0,11.5,0.2,0.8,728.0701754385964
14,3,12,135.0,25.0,11.5,0.2,0.8,728.0701754385964
15,3,12,145.0,25.0,11.5,0.2,0.8,728.0701754385964
16,3,12,155.0,25.0,11.5,0.2,0.8,728.0701754385964
17,3,12,165.0,25.0,11.5,0.2,0.8,728.0701754385964
18,3,12,175.0,25.0,11.5,0.2,0.8,728.0701754385964
19,3,12,185.0,25.0,11.5,0.2,0.8,728.0701754385964
20,3,12,195.0,25.0,11.5,0.2,0.8,728.0701754385964
21,3,12,205.0,25.0,11.5,0.2,0.8,728.0701754385964
22,3,12,215.0,25.0,11.5,0.2,0.8,728.0701754385964
23,3,12,225.0,25.0,11.5,0.2,0.8,728.0701754385964
24,3,12,235.0,25.0,11.5,0.2,0.8,728.0701754385964
25,3,12,245.0,25.0,11.5,0.2,0.8,728.0701754385964
26,3,12,255.0,25.0,11.5,0.2,0.8,728.0701754385964
27,3,12,265.0,25.0,11.5,0.2,0.8,728.0701754385964
28,3,12,275.0,25.0,11.5,0.2,0.8,728.0701754385964
29,3,12,285.0,25.0,11.5,0.2,0.8,728.0701754385964
30,3,12,295.0,25.0,11.5,0.2,0.8,728.0701754385964
31,3,12,305.0,25.0,11.5,0.2,0.8,728.0701754385964
32,3,12,315.0,25.0,11.5,0.2,0.8,728.0701754385964
33,3,12,325.0,25.0,11.5,0.2,0.8,728.0701754385964
34,3,12,335.0,25.0,11.5,0.2,0.8,728.0701754385964
35,3,12,345.0,25.0,11.5,0.2,0.8,728.0701754385964
36,3,12,355.0,25.0,11.5,0.2,0.8,728.0701754385964
37,3,12,365.0,25.0,11.5,0.2,0.8,728.0701754385964
38,3,12,375.0,25.0,11.5,0.2,0.8,728.0701754385964
39,3,12,385.0,25.0,11.5,0.2,0.8,728.0701754385964
40,3,12,395.0,25.0,11.5,0.2,0.8,728.0701754385964
41,3,12,405.0,25.0,11.5,0.2,0.8,728.0701754385964
42,3,12,415.0,25.0,11.5,0.2,0.8,728.0701754385964
43,3,12,425.0,25.0,11.5,0.2,0.8,728.0701754385964
44,3,12,435.0,25.0,11.5,0.2,0.8,728.0701754385964
45,3,12,445.0,25.0,11.5,0.2,0.8,728.0701754385964
46,3,12,455.0,25.0,11.5,0.2,0.8,728.0701754385964
47,3,12,465.0,25.0,11.5,0.2,0.8,728.0701754385964
48,3,12,475.0,25.0,11.5,0.2,0.8,728.0701754385964
49,3,12,485.0,25.0,11.5,0.2,0.8,728.0701754385964
50,3,12,495.0,25.0,11.5,0.2,0.8,728.0701754385964
1,4,12,5.0,35.0,11.5,0.2,0.8,728.0701754385964
2,4,12,15.0,35.0,11.5,0.2,0.8,728.0701754385964
3,4,12,25.0,35.0,11.5,0.2,0.8,728.0701754385964
4,4,12,35.0,35.0,11.5,0.2,0.8,728.0701754385964
5,4,12,45.0,35.0,11.5,0.2,0.8,728.0701754385964
6,4,12,55.0,35.0,11.5,0.2,0.8,728.0701754385964
7,4,12,65.0,35.0,11.5,0.2,0.8,728.0701754385964
8,4,12,75.0,35.0,11.5,0.2,0.8,728.0701754385964
9,4,12,85.0,35.0,11.5,0.2,0.8,728.0701754385964
10,4,12,95.0,35.0,11.5,0.2,0.8,728.0701754385964
11,4,12,105.0,35.0,11.5,0.2,0.8,728.0701754385964
12,4,12,115.0,35.0,11.5,0.2,0.8,728.0701754385964
13,4,12,125.0,35.0,11.5,0.2,0.8,728.0701754385964
14,4,12,135.0,35.0,11.5,0.2,0.8,728.0701754385964
15,4,12,145.0,35.0,11.5,0.2,0.8,728.0701754385964
16,4,12,155.0,35.0,11.5,0.2,0.8,728.0701754385964
17,4,12,165.0,35.0,11.5,0.2,0.8,728.0701754385964
18,4,12,175.0,35.0,11.5,0.2,0.8,728.0701754385964
19,4,12,185.0,35.0,11.5,0.2,0.8,728.0701754385964
20,4,12,195.0,35.0,11.5,0.2,0.8,728.0701754385964
21,4,12,205.0,35.0,11.5,0.2,0.8,728.0701754385964
22,4,12,215.0,35.0,11.5,0.2,0.8,728.0701754385964
23,4,12,225.0,35.0,11.5,0.2,0.8,728.0701754385964
24,4,12,235.0,35.0,11.5,0.2,0.8,728.0701754385964
25,4,12,245.0,35.0,11.5,0.2,0.8,728.0701754385964
26,4,12,255.0,35.0,11.5,0.2,0.8,728.0701754385964
27,4,12,265.0,35.0,11.5,0.2,0.8,728.0701754385964
28,4,12,275.0,35.0,11.5,0.2,0.8,728.0701754385964
29,4,12,285.0,35.0,11.5,0.2,0.8,728.0701754385964
30,4,12,295.0,35.0,11.5,0.2,0.8,728.0701754385964
31,4,12,305.0,35.0,11.5,0.2,0.8,728.0701754385964
32,4,12,315.0,35.0,11.5,0.2,0.8,728.0701754385964
33,4,12,325.0,35.0,11.5,0.2,0.8,728.0701754385964
34,4,12,335.0,35.0,11.5,0.2,0.8,728.0701754385964
35,4,12,345.0,35.0,11.5,0.2,0.8,728.0701754385964
36,4,12,355.0,35.0,11.5,0.2,0.8,728.0701754385964
37,4,12,365.0,35.0,11.5,0.2,0.8,728.0701754385964
38,4,12,375.0,35.0,11.5,0.2,0.8,728.0701754385964
39,4,12,385.0,35.0,11.5,0.2,0.8,728.0701754385964
40,4,12,395.0,35.0,11.5,0.2,0.8,728.0701754385964
41,4,12,405.0,35.0,11.5,0.2,0.8,728.0701754385964
42,4,12,415.0,35.0,11.5,0.2,0.8,728.0701754385964
43,4,12,425.0,35.0,11.5,0.2,0.8,728.0701754385964
44,4,12,435.0,35.0,11.5,0.2,0.8,728.0701754385964
45,4,12,445.0,35.0,11.5,0.2,0.8,728.0701754385964
46,4,12,455.0,35.0,11.5,0.2,0.8,728.0701754385964
47,4,12,465.0,35.0,11.5,0.2,0.8,728.0701754385964
48,4,12,475.0,35.0,11.5,0.2,0.8,728.0701754385964
49,4,12,485.0,35.0,11.5,0.2,0.8,728.0701754385964
50,4,12,495.0,35.0,11.5,0.2,0.8,728.0701754385964
1,5,12,5.0,45.0,11.5,0.2,0.8,728.0701754385964
2,5,12,15.0,45.0,11.5,0.2,0.8,728.0701754385964
3,5,12,25.0,45.0,11.5,0.2,0.8,728.0701754385964
4,5,12,35.0,45.0,11.5,0.2,0.8,728.0701754385964
5,5,12,45.0,45.0,11.5,0.2,0.8,728.0701754385964
6,5,12,55.0,45.0,11.5,0.2,0.8,728.0701754385964
7,5,12,65.0,45.0,11.5,0.2,0.8,728.0701754385964
8,5,12,75.0,45.0,11.5,0.2,0.8,728.0701754385964
9,5,12,85.0,45.0,11.5,0.2,0.8,728.0701754385964
10,5,12,95.0,45.0,11.5,0.2,0.8,728.0701754385964
11,5,12,105.0,45.0,11.5,0.2,0.8,728.0701754385964
12,5,12,115.0,45.0,11.5,0.2,0.8,728.0701754385964
13,5,12,125.0,45.0,11.5,0.2,0.8,728.0701754385964
14,5,12,135.0,45.0,11.5,0.2,0.8,728.0701754385964
15,5,12,145.0,45.0,11.5,0.2,0.8,728.0701754385964
16,5,12,155.0,45.0,11.5,0.2,0.8,728.0701754385964
17,5,12,165.0,45.0,11.5,0.2,0.8,728.0701754385964
18,5,12,175.0,45.0,11.5,0.2,0.8,728.0701754385964
19,5,12,185.0,45.0,11.5,0.2,0.8,728.0701754385964
20,5,12,195.0,45.0,11.5,0.2,0.8,728.0701754385964
21,5,12,205.0,45.0,11.5,0.2,0.8,728.0701754385964
22,5,12,215.0,45.0,11.5,0.2,0.8,728.0701754385964
23,5,12,225.0,45.0,11.5,0.2,0.8,728.0701754385964
24,5,12,235.0,45.0,11.5,0.2,0.8,728.0701754385964
25,5,12,245.0,45.0,11.5,0.2,0.8,728.0701754385964
26,5,12,255.0,45.0,11.5,0.2,0.8,728.0701754385964
27,5,12,265.0,45.0,11.5,0.2,0.8,728.0701754385964
28,5,12,275.0,45.0,11.5,0.2,0.8,728.0701754385964
29,5,12,285.0,45.0,11.5,0.2,0.8,728.0701754385964
30,5,12,295.0,45.0,11.5,0.2,0.8,728.0701754385964
31,5,12,305.0,45.0,11.5,0.2,0.8,728.0701754385964
32,5,12,315.0,45.0,11.5,0.2,0.8,728.0701754385964
33,5,12,325.0,45.0,11.5,0.2,0.8,728.0701754385964
34,5,12,335.0,45.0,11.5,0.2,0.8,728.0701754385964
35,5,12,345.0,45.0,11.5,0.2,0.8,728.0701754385964
36,5,12,355.0,45.0,11.5,0.2,0.8,728.0701754385964
37,5,12,365.0,45.0,11.5,0.2,0.8,728.0701754385964
38,5,12,375.0,45.0,11.5,0.2,0.8,728.0701754385964
39,5,12,385.0,45.0,11.5,0.2,0.8,728.0701754385964
40,5,12,395.0,45.0,11.5,0.2,0.8,728.0701754385964
41,5,12,405.0,45.0,11.5,0.2,0.8,728.0701754385964
42,5,12,415.0,45.0,11.5,0.2,0.8,728.0701754385964
43,5,12,425.0,45.0,11.5,0.2,0.8,728.0701754385964
44,5,12,435.0,45.0,11.5,0.2,0.8,728.0701754385964
45,5,12,445.0,45.0,11.5,0.2,0.8,728.0701754385964
46,5,12,455.0,45.0,11.5,0.2,0.8,728.0701754385964
47,5,12,465.0,45.0,11.5,0.2,0.8,728.0701754385964
48,5,12,475.0,45.0,11.5,0.2,0.8,728.0701754385964
49,5,12,485.0,45.0,11.5,0.2,0.8,728.0701754385964
50,5,12,495.0,45.0,11.5,0.2,0.8,728.0701754385964
1,6,12,5.0,55.0,11.5,0.2,0.8,728.0701754385964
2,6,12,15.0,55.0,11.5,0.2,0.8,728.0701754385964
3,6,12,25.0,55.0,11.5,0.2,0.8,728.0701754385964
4,6,12,35.0,55.0,11.5,0.2,0.8,728.0701754385964
5,6,12,45.0,55.0,11.5,0.2,0.8,728.0701754385964
6,6,12,55.0,55.0,11.5,0.2,0.8,728.0701754385964
7,6,12,65.0,55.0,11.5,0.2,0.8,728.0701754385964
8,6,12,75.0,55.0,11.5,0.2,0.8,728.0701754385964
9,6,12,85.0,55.0,11.5,0.2,0.8,728.0701754385964
10,6,12,95.0,55.0,11.5,0.2,0.8,728.0701754385964
11,6,12,105.0,55.0,11.5,0.2,0.8,728.0701754385964
12,6,12,115.0,55.0,11.5,0.2,0.8,728.0701754385964
13,6,12,125.0,55.0,11.5,0.2,0.8,728.0701754385964
14,6,12,135.0,55.0,11.5,0.2,0.8,728.0701754385964
15,6,12,145.0,55.0,11.5,0.2,0.8,728.0701754385964
16,6,12,155.0,55.0,11.5,0.2,0.8,728.0701754385964
17,6,12,165.0,55.0,11.5,0.2,0.8,728.0701754385964
18,6,12,175.0,55.0,11.5,0.2,0.8,728.0701754385964
19,6,12,185.0,55.0,11.5,0.2,0.8,728.0701754385964
20,6,12,195.0,55.0,11.5,0.2,0.8,728.0701754385964
21,6,12,205.0,55.0,11.5,0.2,0.8,728.0701754385964
22,6,12,215.0,55.0,11.5,0.2,0.8,728.0701754385964
23,6,12,225.0,55.0,11.5,0.2,0.8,728.0701754385964
24,6,12,235.0,55.0,11.5,0.2,0.8,728.0701754385964
25,6,12,245.0,55.0,11.5,0.2,0.8,728.0701754385964
26,6,12,255.0,55.0,11.5,0.2,0.8,728.0701754385964
27,6,12,265.0,55.0,11.5,0.2,0.8,728.0701754385964
28,6,12,275.0,55.0,11.5,0.2,0.8,728.0701754385964
29,6,12,285.0,55.0,11.5,0.2,0.8,728.0701754385964
30,6,12,295.0,55.0,11.5,0.2,0.8,728.0701754385964
31,6,12,305.0,55.0,11.5,0.2,0.8,728.0701754385964
32,6,12,315.0,55.0,11.5,0.2,0.8,728.0701754385964
33,6,12,325.0,55.0,11.5,0.2,0.8,728.0701754385964
34,6,12,335.0,55.0,11.5,0.2,0.8,728.0701754385964
35,6,12,345.0,55.0,11.5,0.2,0.8,728.0701754385964
36,6,12,355.0,55.0,11.5,0.2,0.8,728.0701754385964
37,6,12,365.0,55.0,11.5,0.2,0.8,728.0701754385964
38,6,12,375.0,55.0,11.5,0.2,0.8,728.0701754385964
39,6,12,385.0,55.0,11.5,0.2,0.8,728.0701754385964
40,6,12,395.0,55.0,11.5,0.2,0.8,728.0701754385964
41,6,12,405.0,55.0,11.5,0.2,0.8,728.0701754385964
42,6,12,415.0,55.0,11.5,0.2,0.8,728.0701754385964
43,6,12,425.0,55.0,11.5,0.2,0.8,728.0701754385964
44,6,12,435.0,55.0,11.5,0.2,0.8,728.0701754385964
45,6,12,445.0,55.0,11.5,0.2,0.8,728.0701754385964
46,6,12,455.0,55.0,11.5,0.2,0.8,728.0701754385964
47,6,12,465.0,55.0,11.5,0.2,0.8,728.0701754385964
48,6,12,475.0,55.0,11.5,0.2,0.8,728.0701754385964
49,6,12,485.0,55.0,11.5,0.2,0.8,728.0701754385964
50,6,12,495.0,55.0,11.5,0.2,0.8,728.0701754385964
1,7,12,5.0,65.0,11.5,0.2,0.8,728.0701754385964
2,7,12,15.0,65.0,11.5,0.2,0.8,728.0701754385964
3,7,12,25.0,65.0,11.5,0.2,0.8,728.0701754385964
4,7,12,35.0,65.0,11.5,0.2,0.8,728.0701754385964
5,7,12,45.0,65.0,11.5,0.2,0.8,728.0701754385964
6,7,12,55.0,65.0,11.5,0.2,0.8,728.0701754385964
7,7,12,65.0,65.0,11.5,0.2,0.8,728.0701754385964
8,7,12,75.0,65.0,11.5,0.2,0.8,728.0701754385964
9,7,12,85.0,65.0,11.5,0.2,0.8,728.0701754385964
10,7,12,95.0,65.0,11.5,0.2,0.8,728.0701754385964
11,7,12,105.0,65.0,11.5,0.2,0.8,728.0701754385964
12,7,12,115.0,65.0,11.5,0.2,0.8,728.0701754385964
13,7,12,125.0,65.0,11.5,0.2,0.8,728.0701754385964
14,7,12,135.0,65.0,11.5,0.2,0.8,728.0701754385964
15,7,12,145.0,65.0,11.5,0.2,0.8,728.0701754385964
16,7,12,155.0,65.0,11.5,0.2,0.8,728.0701754385964
17,7,12,165.0,65.0,11.5,0.2,0.8,728.0701754385964
18,7,12,175.0,65.0,11.5,0.2,0.8,728.0701754385964
19,7,12,185.0,65.0,11.5,0.2,0.8,728.0701754385964
20,7,12,195.0,65.0,11.5,0.2,0.8,728.0701754385964
21,7,12,205.0,65.0,11.5,0.2,0.8,728.0701754385964
22,7,12,215.0,65.0,11.5,0.2,0.8,728.0701754385964
23,7,12,225.0,65.0,11.5,0.2,0.8,728.0701754385964
24,7,12,235.0,65.0,11.5,0.2,0.8,728.0701754385964
25,7,12,245.0,65.0,11.5,0.2,0.8,728.0701754385964
26,7,12,255.0,65.0,11.5,0.2,0.8,728.0701754385964
27,7,12,265.0,65.0,11.5,0.2,0.8,728.0701754385964
28,7,12,275.0,65.0,11.5,0.2,0.8,728.0701754385964
29,7,12,285.0,65.0,11.5,0.2,0.8,728.0701754385964
30,7,12,295.0,65.0,11.5,0.2,0.8,728.0701754385964
31,7,12,305.0,65.0,11.5,0.2,0.8,728.0701754385964
32,7,12,315.0,65.0,11.5,0.2,0.8,728.0701754385964
33,7,12,325.0,65.0,11.5,0.2,0.8,728.0701754385964
34,7,12,335.0,65.0,11.5,0.2,0.8,728.0701754385964
35,7,12,345.0,65.0,11.5,0.2,0.8,728.0701754385964
36,7,12,355.0,65.0,11.5,0.2,0.8,728.0701754385964
37,7,12,365.0,65.0,11.5,0.2,0.8,728.0701754385964
38,7,12,375.0,65.0,11.5,0.2,0.8,728.0701754385964
39,7,12,385.0,65.0,11.5,0.2,0.8,728.0701754385964
40,7,12,395.0,65.0,11.5,0.2,0.8,728.0701754385964
41,7,12,405.0,65.0,11.5,0.2,0.8,728.0701754385964
42,7,12,415.0,65.0,11.5,0.2,0.8,728.0701754385964
43,7,12,425.0,65.0,11.5,0.2,0.8,728.0701754385964
44,7,12,435.0,65.0,11.5,0.2,0.8,728.0701754385964
45,7,12,445.0,65.0,11.5,0.2,0.8,728.0701754385964
46,7,12,455.0,65.0,11.5,0.2,0.8,728.0701754385964
47,7,12,465.0,65.0,11.5,0.2,0.8,728.0701754385964
48,7,12,475.0,65.0,11.5,0.2,0.8,728.0701754385964
49,7,12,485.0,65.0,11.5,0.2,0.8,728.0701754385964
50,7,12,495.0,65.0,11.5,0.2,0.8,728.0701754385964
1,8,12,5.0,75.0,11.5,0.2,0.8,728.0701754385964
2,8,12,15.0,75.0,11.5,0.2,0.8,728.0701754385964
3,8,12,25.0,75.0,11.5,0.2,0.8,728.0701754385964
4,8,12,35.0,75.0,11.5,0.2,0.8,728.0701754385964
5,8,12,45.0,75.0,11.5,0.2,0.8,728.0701754385964
6,8,12,55.0,75.0,11.5,0.2,0.8,728.0701754385964
7,8,12,65.0,75.0,11.5,0.2,0.8,728.0701754385964
8,8,12,75.0,75.0,11.5,0.2,0.8,728.0701754385964
9,8,12,85.0,75.0,11.5,0.2,0.8,728.0701754385964
10,8,12,95.0,75.0,11.5,0.2,0.8,728.0701754385964
11,8,12,105.0,75.0,11.5,0.2,0.8,728.0701754385964
12,8,12,115.0,75.0,11.5,0.2,0.8,728.0701754385964
13,8,12,125.0,75.0,11.5,0.2,0.8,728.0701754385964
14,8,12,135.0,75.0,11.5,0.2,0.8,728.0701754385964
15,8,12,145.0,75.0,11.5,0.2,0.8,728.0701754385964
16,8,12,155.0,75.0,11.5,0.2,0.8,728.0701754385964
17,8,12,165.0,75.0,11.5,0.2,0.8,728.0701754385964
18,8,12,175.0,75.0,11.5,0.2,0.8,728.0701754385964
19,8,12,185.0,75.0,11.5,0.2,0.8,728.0701754385964
20,8,12,195.0,75.0,11.5,0.2,0.8,728.0701754385964
21,8,12,205.0,75.0,11.5,0.2,0.8,728.0701754385964
22,8,12,215.0,75.0,11.5,0.2,0.8,728.0701754385964
23,8,12,225.0,75.0,11.5,0.2,0.8,728.0701754385964
24,8,12,235.0,75.0,11.5,0.2,0.8,728.0701754385964
25,8,12,245.0,75.0,11.5,0.2,0.8,728.0701754385964
26,8,12,255.0,75.0,11.5,0.2,0.8,728.0701754385964
27,8,12,265.0,75.0,11.5,0.2,0.8,728.0701754385964
28,8,12,275.0,75.0,11.5,0.2,0.8,728.0701754385964
29,8,12,285.0,75.0,11.5,0.2,0.8,728.0701754385964
30,8,12,295.0,75.0,11.5,0.2,0.8,728.0701754385964
31,8,12,305.0,75.0,11.5,0.2,0.8,728.0701754385964
32,8,12,315.0,75.0,11.5,0.2,0.8,728.0701754385964
33,8,12,325.0,75.0,11.5,0.2,0.8,728.0701754385964
34,8,12,335.0,75.0,11.5,0.2,0.8,728.0701754385964
35,8,12,345.0,75.0,11.5,0.2,0.8,728.0701754385964
36,8,12,355.0,75.0,11.5,0.2,0.8,728.0701754385964
37,8,12,365.0,75.0,11.5,0.2,0.8,728.0701754385964
38,8,12,375.0,75.0,11.5,0.2,0.8,728.0701754385964
39,8,12,385.0,75.0,11.5,0.2,0.8,728.0701754385964
40,8,12,395.0,75.0,11.5,0.2,0.8,728.0701754385964
41,8,12,405.0,75.0,11.5,0.2,0.8,728.0701754385964
42,8,12,415.0,75.0,11.5,0.2,0.8,728.0701754385964
43,8,12,425.0,75.0,11.5,0.2,0.8,728.0701754385964
44,8,12,435.0,75.0,11.5,0.2,0.8,728.0701754385964
45,8,12,445.0,75.0,11.5,0.2,0.8,728.0701754385964
46,8,12,455.0,75.0,11.5,0.2,0.8,728.0701754385964
47,8,12,465.0,75.0,11.5,0.2,0.8,728.0701754385964
48,8,12,475.0,75.0,11.5,0.2,0.8,728.0701754385964
49,8,12,485.0,75.0,11.5,0.2,0.8,728.0701754385964
50,8,12,495.0,75.0,11.5,0.2,0.8,728.0701754385964
1,9,12,5.0,85.0,11.5,0.2,0.8,728.0701754385964
2,9,12,15.0,85.0,11.5,0.2,0.8,728.0701754385964
3,9,12,25.0,85.0,11.5,0.2,0.8,728.0701754385964
4,9,12,35.0,85.0,11.5,0.2,0.8,728.0701754385964
5,9,12,45.0,85.0,11.5,0.2,0.8,728.0701754385964
6,9,12,55.0,85.0,11.5,0.2,0.8,728.0701754385964
7,9,12,65.0,85.0,11.5,0.2,0.8,728.0701754385964
8,9,12,75.0,85.0,11.5,0.2,0.8,728.0701754385964
9,9,12,85.0,85.0,11.5,0.2,0.8,728.0701754385964
10,9,12,95.0,85.0,11.5,0.2,0.8,728.0701754385964
11,9,12,105.0,85.0,11.5,0.2,0.8,728.0701754385964
12,9,12,115.0,85.0,11.5,0.2,0.8,728.0701754385964
13,9,12,125.0,85.0,11.5,0.2,0.8,728.0701754385964
14,9,12,135.0,85.0,11.5,0.2,0.8,728.0701754385964
15,9,12,145.0,85.0,11.5,0.2,0.8,728.0701754385964
16,9,12,155.0,85.0,11.5,0.2,0.8,728.0701754385964
17,9,12,165.0,85.0,11.5,0.2,0.8,728.0701754385964
18,9,12,175.0,85.0,11.5,0.2,0.8,728.0701754385964
19,9,12,185.0,85.0,11.5,0.2,0.8,728.0701754385964
20,9,12,195.0,85.0,11.5,0.2,0.8,728.0701754385964
21,9,12,205.0,85.0,11.5,0.2,0.8,728.0701754385964
22,9,12,215.0,85.0,11.5,0.2,0.8,728.0701754385964
23,9,12,225.0,85.0,11.5,0.2,0.8,728.0701754385964
24,9,12,235.0,85.0,11.5,0.2,0.8,728.0701754385964
25,9,12,245.0,85.0,11.5,0.2,0.8,728.0701754385964
26,9,12,255.0,85.0,11.5,0.2,0.8,728.0701754385964
27,9,12,265.0,85.0,11.5,0.2,0.8,728.0701754385964
28,9,12,275.0,85.0,11.5,0.2,0.8,728.0701754385964
29,9,12,285.0,85.0,11.5,0.2,0.8,728.0701754385964
30,9,12,295.0,85.0,11.5,0.2,0.8,728.0701754385964
31,9,12,305.0,85.0,11.5,0.2,0.8,728.0701754385964
32,9,12,315.0,85.0,11.5,0.2,0.8,728.0701754385964
33,9,12,325.0,85.0,11.5,0.2,0.8,728.0701754385964
34,9,12,335.0,85.0,11.5,0.2,0.8,728.0701754385964
35,9,12,345.0,85.0,11.5,0.2,0.8,728.0701754385964
36,9,12,355.0,85.0,11.5,0.2,0.8,728.0701754385964
37,9,12,365.0,85.0,11.5,0.2,0.8,728.0701754385964
38,9,12,375.0,85.0,11.5,0.2,0.8,728.0701754385964
39,9,12,385.0,85.0,11.5,0.2,0.8,728.0701754385964
40,9,12,395.0,85.0,11.5,0.2,0.8,728.0701754385964
41,9,12,405.0,85.0,11.5,0.2,0.8,728.0701754385964
42,9,12,415.0,85.0,11.5,0.2,0.8,728.0701754385964
43,9,12,425.0,85.0,11.5,0.2,0.8,728.0701754385964
44,9,12,435.0,85.0,11.5,0.2,0.8,728.0701754385964
45,9,12,445.0,85.0,11.5,0.2,0.8,728.0701754385964
46,9,12,455.0,85.0,11.5,0.2,0.8,728.0701754385964
47,9,12,465.0,85.0,11.5,0.2,0.8,728.0701754385964
48,9,12,475.0,85.0,11.5,0.2,0.8,728.0701754385964
49,9,12,485.0,85.0,11.5,0.2,0.8,728.0701754385964
50,9,12,495.0,85.0,11.5,0.2,0.8,728.0701754385964
1,10,12,5.0,95.0,11.5,0.2,0.8,728.0701754385964
2,10,12,15.0,95.0,11.5,0.2,0.8,728.0701754385964
3,10,12,25.0,95.0,11.5,0.2,0.8,728.0701754385964
4,10,12,35.0,95.0,11.5,0.2,0.8,728.0701754385964
5,10,12,45.0,95.0,11.5,0.2,0.8,728.0701754385964
6,10,12,55.0,95.0,11.5,0.2,0.8,728.0701754385964
7,10,12,65.0,95.0,11.5,0.2,0.8,728.0701754385964
8,10,12,75.0,95.0,11.5,0.2,0.8,728.0701754385964
9,10,12,85.0,95.0,11.5,0.2,0.8,728.0701754385964
10,10,12,95.0,95.0,11.5,0.2,0.8,728.0701754385964
11,10,12,105.0,95.0,11.5,0.2,0.8,728.0701754385964
12,10,12,115.0,95.0,11.5,0.2,0.8,728.0701754385964
13,10,12,125.0,95.0,11.5,0.2,0.8,728.0701754385964
14,10,12,135.0,95.0,11.5,0.2,0.8,728.0701754385964
15,10,12,145.0,95.0,11.5,0.2,0.8,728.0701754385964
16,10,12,155.0,95.0,11.5,0.2,0.8,728.0701754385964
17,10,12,165.0,95.0,11.5,0.2,0.8,728.0701754385964
18,10,12,175.0,95.0,11.5,0.2,0.8,728.0701754385964
19,10,12,185.0,95.0,11.5,0.2,0.8,728.0701754385964
20,10,12,195.0,95.0,11.5,0.2,0.8,728.0701754385964
21,10,12,205.0,95.0,11.5,0.2,0.8,728.0701754385964
22,10,12,215.0,95.0,11.5,0.2,0.8,728.0701754385964
23,10,12,225.0,95.0,11.5,0.2,0.8,728.0701754385964
24,10,12,235.0,95.0,11.5,0.2,0.8,728.0701754385964
25,10,12,245.0,95.0,11.5,0.2,0.8,728.0701754385964
26,10,12,255.0,95.0,11.5,0.2,0.8,728.0701754385964
27,10,12,265.0,95.0,11.5,0.2,0.8,728.0701754385964
28,10,12,275.0,95.0,11.5,0.2,0.8,728.0701754385964
29,10,12,285.0,95.0,11.5,0.2,0.8,728.0701754385964
30,10,12,295.0,95.0,11.5,0.2,0.8,728.0701754385964
31,10,12,305.0,95.0,11.5,0.2,0.8,728.0701754385964
32,10,12,315.0,95.0,11.5,0.2,0.8,728.0701754385964
33,10,12,325.0,95.0,11.5,0.2,0.8,728.0701754385964
34,10,12,335.0,95.0,11.5,0.2,0.8,728.0701754385964
35,10,12,345.0,95.0,11.5,0.2,0.8,728.0701754385964
36,10,12,355.0,95.0,11.5,0.2,0.8,728.0701754385964
37,10,12,365.0,95.0,11.5,0.2,0.8,728.0701754385964
38,10,12,375.0,95.0,11.5,0.2,0.8,728.0701754385964
39,10,12,385.0,95.0,11.5,0.2,0.8,728.0701754385964
40,10,12,395.0,95.0,11.5,0.2,0.8,728.0701754385964
41,10,12,405.0,95.0,11.5,0.2,0.8,728.0701754385964
42,10,12,415.0,95.0,11.5,0.2,0.8,728.0701754385964
43,10,12,425.0,95.0,11.5,0.2,0.8,728.0701754385964
44,10,12,435.0,95.0,11.5,0.2,0.8,728.0701754385964
45,10,12,445.0,95.0,11.5,0.2,0.8,728.0701754385964
46,10,12,455.0,95.0,11.5,0.2,0.8,728.0701754385964
47,10,12,465.0,95.0,11.5,0.2,0.8,728.0701754385964
48,10,12,475.0,95.0,11.5,0.2,0.8,728.0701754385964
49,10,12,485.0,95.0,11.5,0.2,0.8,728.0701754385964
50,10,12,495.0,95.0,11.5,0.2,0.8,728.0701754385964
1,1,13,5.0,5.0,12.5,0.2,0.8,657.8947368421053
2,1,13,15.0,5.0,12.5,0.2,0.8,657.8947368421053
3,1,13,25.0,5.0,12.5,0.2,0.8,657.8947368421053
4,1,13,35.0,5.0,12.5,0.2,0.8,657.8947368421053
5,1,13,45.0,5.0,12.5,0.2,0.8,657.8947368421053
6,1,13,55.0,5.0,12.5,0.2,0.8,657.8947368421053
7,1,13,65.0,5.0,12.5,0.2,0.8,657.8947368421053
8,1,13,75.0,5.0,12.5,0.2,0.8,657.8947368421053
9,1,13,85.0,5.0,12.5,0.2,0.8,657.8947368421053
10,1,13,95.0,5.0,12.5,0.2,0.8,657.8947368421053
11,1,13,105.0,5.0,12.5,0.2,0.8,657.8947368421053
12,1,13,115.0,5.0,12.5,0.2,0.8,657.8947368421053
13,1,13,125.0,5.0,12.5,0.2,0.8,657.8947368421053
14,1,13,135.0,5.0,12.5,0.2,0.8,657.8947368421053
15,1,13,145.0,5.0,12.5,0.2,0.8,657.8947368421053
16,1,13,155.0,5.0,12.5,0.2,0.8,657.8947368421053
17,1,13,165.0,5.0,12.5,0.2,0.8,657.8947368421053
18,1,13,175.0,5.0,12.5,0.2,0.8,657.8947368421053
19,1,13,185.0,5.0,12.5,0.2,0.8,657.8947368421053
20,1,13,195.0,5.0,12.5,0.2,0.8,657.8947368421053
21,1,13,205.0,5.0,12.5,0.2,0.8,657.8947368421053
22,1,13,215.0,5.0,12.5,0.2,0.8,657.8947368421053
23,1,13,225.0,5.0,12.5,0.2,0.8,657.8947368421053
24,1,13,235.0,5.0,12.5,0.2,0.8,657.8947368421053
25,1,13,245.0,5.0,12.5,0.2,0.8,657.8947368421053
26,1,13,255.0,5.0,12.5,0.2,0.8,657.8947368421053
27,1,13,265.0,5.0,12.5,0.2,0.8,657.8947368421053
28,1,13,275.0,5.0,12.5,0.2,0.8,657.8947368421053
29,1,13,285.0,5.0,12.5,0.2,0.8,657.8947368421053
30,1,13,295.0,5.0,12.5,0.2,0.8,657.8947368421053
31,1,13,305.0,5.0,12.5,0.2,0.8,657.8947368421053
32,1,13,315.0,5.0,12.5,0.2,0.8,657.8947368421053
33,1,13,325.0,5.0,12.5,0.2,0.8,657.8947368421053
34,1,13,335.0,5.0,12.5,0.2,0.8,657.8947368421053
35,1,13,345.0,5.0,12.5,0.2,0.8,657.8947368421053
36,1,13,355.0,5.0,12.5,0.2,0.8,657.8947368421053
37,1,13,365.0,5.0,12.5,0.2,0.8,657.8947368421053
38,1,13,375.0,5.0,12.5,0.2,0.8,657.8947368421053
39,1,13,385.0,5.0,12.5,0.2,0.8,657.8947368421053
40,1,13,395.0,5.0,12.5,0.2,0.8,657.8947368421053
41,1,13,405.0,5.0,12.5,0.2,0.8,657.8947368421053
42,1,13,415.0,5.0,12.5,0.2,0.8,657.8947368421053
43,1,13,425.0,5.0,12.5,0.2,0.8,657.8947368421053
44,1,13,435.0,5.0,12.5,0.2,0.8,657.8947368421053
45,1,13,445.0,5.0,12.5,0.2,0.8,657.8947368421053
46,1,13,455.0,5.0,12.5,0.2,0.8,657.8947368421053
47,1,13,465.0,5.0,12.5,0.2,0.8,657.8947368421053
48,1,13,475.0,5.0,12.5,0.2,0.8,657.8947368421053
49,1,13,485.0,5.0,12.5,0.2,0.8,657.8947368421053
50,1,13,495.0,5.0,12.5,0.2,0.8,657.8947368421053
1,2,13,5.0,15.0,12.5,0.2,0.8,657.8947368421053
2,2,13,15.0,15.0,12.5,0.2,0.8,657.8947368421053
3,2,13,25.0,15.0,12.5,0.2,0.8,657.8947368421053
4,2,13,35.0,15.0,12.5,0.2,0.8,657.8947368421053
5,2,13,45.0,15.0,12.5,0.2,0.8,657.8947368421053
6,2,13,55.0,15.0,12.5,0.2,0.8,657.8947368421053
7,2,13,65.0,15.0,12.5,0.2,0.8,657.8947368421053
8,2,13,75.0,15.0,12.5,0.2,0.8,657.8947368421053
9,2,13,85.0,15.0,12.5,0.2,0.8,657.8947368421053
10,2,13,95.0,15.0,12.5,0.2,0.8,657.8947368421053
11,2,13,105.0,15.0,12.5,0.2,0.8,657.8947368421053
12,2,13,115.0,15.0,12.5,0.2,0.8,657.8947368421053
13,2,13,125.0,15.0,12.5,0.2,0.8,657.8947368421053
14,2,13,135.0,15.0,12.5,0.2,0.8,657.8947368421053
15,2,13,145.0,15.0,12.5,0.2,0.8,657.8947368421053
16,2,13,155.0,15.0,12.5,0.2,0.8,657.8947368421053
17,2,13,165.0,15.0,12.5,0.2,0.8,657.8947368421053
18,2,13,175.0,15.0,12.5,0.2,0.8,657.8947368421053
19,2,13,185.0,15.0,12.5,0.2,0.8,657.8947368421053
20,2,13,195.0,15.0,12.5,0.2,0.8,657.8947368421053
21,2,13,205.0,15.0,12.5,0.2,0.8,657.8947368421053
22,2,13,215.0,15.0,12.5,0.2,0.8,657.8947368421053
23,2,13,225.0,15.0,12.5,0.2,0.8,657.8947368421053
24,2,13,235.0,15.0,12.5,0.2,0.8,657.8947368421053
25,2,13,245.0,15.0,12.5,0.2,0.8,657.8947368421053
26,2,13,255.0,15.0,12.5,0.2,0.8,657.8947368421053
27,2,13,265.0,15.0,12.5,0.2,0.8,657.8947368421053
28,2,13,275.0,15.0,12.5,0.2,0.8,657.8947368421053
29,2,13,285.0,15.0,12.5,0.2,0.8,657.8947368421053
30,2,13,295.0,15.0,12.5,0.2,0.8,657.8947368421053
31,2,13,305.0,15.0,12.5,0.2,0.8,657.8947368421053
32,2,13,315.0,15.0,12.5,0.2,0.8,657.8947368421053
33,2,13,325.0,15.0,12.5,0.2,0.8,657.8947368421053
34,2,13,335.0,15.0,12.5,0.2,0.8,657.8947368421053
35,2,13,345.0,15.0,12.5,0.2,0.8,657.8947368421053
36,2,13,355.0,15.0,12.5,0.2,0.8,657.8947368421053
37,2,13,365.0,15.0,12.5,0.2,0.8,657.8947368421053
38,2,13,375.0,15.0,12.5,0.2,0.8,657.8947368421053
39,2,13,385.0,15.0,12.5,0.2,0.8,657.8947368421053
40,2,13,395.0,15.0,12.5,0.2,0.8,657.8947368421053
41,2,13,405.0,15.0,12.5,0.2,0.8,657.8947368421053
42,2,13,415.0,15.0,12.5,0.2,0.8,657.8947368421053
43,2,13,425.0,15.0,12.5,0.2,0.8,657.8947368421053
44,2,13,435.0,15.0,12.5,0.2,0.8,657.8947368421053
45,2,13,445.0,15.0,12.5,0.2,0.8,657.8947368421053
46,2,13,455.0,15.0,12.5,0.2,0.8,657.8947368421053
47,2,13,465.0,15.0,12.5,0.2,0.8,657.8947368421053
48,2,13,475.0,15.0,12.5,0.2,0.8,657.8947368421053
49,2,13,485.0,15.0,12.5,0.2,0.8,657.8947368421053
50,2,13,495.0,15.0,12.5,0.2,0.8,657.8947368421053
1,3,13,5.0,25.0,12.5,0.2,0.8,657.8947368421053
2,3,13,15.0,25.0,12.5,0.2,0.8,657.8947368421053
3,3,13,25.0,25.0,12.5,0.2,0.8,657.8947368421053
4,3,13,35.0,25.0,12.5,0.2,0.8,657.8947368421053
5,3,13,45.0,25.0,12.5,0.2,0.8,657.8947368421053
6,3,13,55.0,25.0,12.5,0.2,0.8,657.8947368421053
7,3,13,65.0,25.0,12.5,0.2,0.8,657.8947368421053
8,3,13,75.0,25.0,12.5,0.2,0.8,657.8947368421053
9,3,13,85.0,25.0,12.5,0.2,0.8,657.8947368421053
10,3,13,95.0,25.0,12.5,0.2,0.8,657.8947368421053
11,3,13,105.0,25.0,12.5,0.2,0.8,657.8947368421053
12,3,13,115.0,25.0,12.5,0.2,0.8,657.8947368421053
13,3,13,125.0,25.0,12.5,0.2,0.8,657.8947368421053
14,3,13,135.0,25.0,12.5,0.2,0.8,657.8947368421053
15,3,13,145.0,25.0,12.5,0.2,0.8,657.8947368421053
16,3,13,155.0,25.0,12.5,0.2,0.8,657.8947368421053
17,3,13,165.0,25.0,12.5,0.2,0.8,657.8947368421053
18,3,13,175.0,25.0,12.5,0.2,0.8,657.8947368421053
19,3,13,185.0,25.0,12.5,0.2,0.8,657.8947368421053
20,3,13,195.0,25.0,12.5,0.2,0.8,657.8947368421053
21,3,13,205.0,25.0,12.5,0.2,0.8,657.8947368421053
22,3,13,215.0,25.0,12.5,0.2,0.8,657.8947368421053
23,3,13,225.0,25.0,12.5,0.2,0.8,657.8947368421053
24,3,13,235.0,25.0,12.5,0.2,0.8,657.8947368421053
25,3,13,245.0,25.0,12.5,0.2,0.8,657.8947368421053
26,3,13,255.0,25.0,12.5,0.2,0.8,657.8947368421053
27,3,13,265.0,25.0,12.5,0.2,0.8,657.8947368421053
28,3,13,275.0,25.0,12.5,0.2,0.8,657.8947368421053
29,3,13,285.0,25.0,12.5,0.2,0.8,657.8947368421053
30,3,13,295.0,25.0,12.5,0.2,0.8,657.8947368421053
31,3,13,305.0,25.0,12.5,0.2,0.8,657.8947368421053
32,3,13,315.0,25.0,12.5,0.2,0.8,657.8947368421053
33,3,13,325.0,25.0,12.5,0.2,0.8,657.8947368421053
34,3,13,335.0,25.0,12.5,0.2,0.8,657.8947368421053
35,3,13,345.0,25.0,12.5,0.2,0.8,657.8947368421053
36,3,13,355.0,25.0,12.5,0.2,0.8,657.8947368421053
37,3,13,365.0,25.0,12.5,0.2,0.8,657.8947368421053
38,3,13,375.0,25.0,12.5,0.2,0.8,657.8947368421053
39,3,13,385.0,25.0,12.5,0.2,0.8,657.8947368421053
40,3,13,395.0,25.0,12.5,0.2,0.8,657.8947368421053
41,3,13,405.0,25.0,12.5,0.2,0.8,657.8947368421053
42,3,13,415.0,25.0,12.5,0.2,0.8,657.8947368421053
43,3,13,425.0,25.0,12.5,0.2,0.8,657.8947368421053
44,3,13,435.0,25.0,12.5,0.2,0.8,657.8947368421053
45,3,13,445.0,25.0,12.5,0.2,0.8,657.8947368421053
46,3,13,455.0,25.0,12.5,0.2,0.8,657.8947368421053
47,3,13,465.0,25.0,12.5,0.2,0.8,657.8947368421053
48,3,13,475.0,25.0,12.5,0.2,0.8,657.8947368421053
49,3,13,485.0,25.0,12.5,0.2,0.8,657.8947368421053
50,3,13,495.0,25.0,12.5,0.2,0.8,657.8947368421053
1,4,13,5.0,35.0,12.5,0.2,0.8,657.8947368421053
2,4,13,15.0,35.0,12.5,0.2,0.8,657.8947368421053
3,4,13,25.0,35.0,12.5,0.2,0.8,657.8947368421053
4,4,13,35.0,35.0,12.5,0.2,0.8,657.8947368421053
5,4,13,45.0,35.0,12.5,0.2,0.8,657.8947368421053
6,4,13,55.0,35.0,12.5,0.2,0.8,657.8947368421053
7,4,13,65.0,35.0,12.5,0.2,0.8,657.8947368421053
8,4,13,75.0,35.0,12.5,0.2,0.8,657.8947368421053
9,4,13,85.0,35.0,12.5,0.2,0.8,657.8947368421053
10,4,13,95.0,35.0,12.5,0.2,0.8,657.8947368421053
11,4,13,105.0,35.0,12.5,0.2,0.8,657.8947368421053
12,4,13,115.0,35.0,12.5,0.2,0.8,657.8947368421053
13,4,13,125.0,35.0,12.5,0.2,0.8,657.8947368421053
14,4,13,135.0,35.0,12.5,0.2,0.8,657.8947368421053
15,4,13,145.0,35.0,12.5,0.2,0.8,657.8947368421053
16,4,13,155.0,35.0,12.5,0.2,0.8,657.8947368421053
17,4,13,165.0,35.0,12.5,0.2,0.8,657.8947368421053
18,4,13,175.0,35.0,12.5,0.2,0.8,657.8947368421053
19,4,13,185.0,35.0,12.5,0.2,0.8,657.8947368421053
20,4,13,195.0,35.0,12.5,0.2,0.8,657.8947368421053
21,4,13,205.0,35.0,12.5,0.2,0.8,657.8947368421053
22,4,13,215.0,35.0,12.5,0.2,0.8,657.8947368421053
23,4,13,225.0,35.0,12.5,0.2,0.8,657.8947368421053
24,4,13,235.0,35.0,12.5,0.2,0.8,657.8947368421053
25,4,13,245.0,35.0,12.5,0.2,0.8,657.8947368421053
26,4,13,255.0,35.0,12.5,0.2,0.8,657.8947368421053
27,4,13,265.0,35.0,12.5,0.2,0.8,657.8947368421053
28,4,13,275.0,35.0,12.5,0.2,0.8,657.8947368421053
29,4,13,285.0,35.0,12.5,0.2,0.8,657.8947368421053
30,4,13,295.0,35.0,12.5,0.2,0.8,657.8947368421053
31,4,13,305.0,35.0,12.5,0.2,0.8,657.8947368421053
32,4,13,315.0,35.0,12.5,0.2,0.8,657.8947368421053
33,4,13,325.0,35.0,12.5,0.2,0.8,657.8947368421053
34,4,13,335.0,35.0,12.5,0.2,0.8,657.8947368421053
35,4,13,345.0,35.0,12.5,0.2,0.8,657.8947368421053
36,4,13,355.0,35.0,12.5,0.2,0.8,657.8947368421053
37,4,13,365.0,35.0,12.5,0.2,0.8,657.8947368421053
38,4,13,375.0,35.0,12.5,0.2,0.8,657.8947368421053
39,4,13,385.0,35.0,12.5,0.2,0.8,657.8947368421053
40,4,13,395.0,35.0,12.5,0.2,0.8,657.8947368421053
41,4,13,405.0,35.0,12.5,0.2,0.8,657.8947368421053
42,4,13,415.0,35.0,12.5,0.2,0.8,657.8947368421053
43,4,13,425.0,35.0,12.5,0.2,0.8,657.8947368421053
44,4,13,435.0,35.0,12.5,0.2,0.8,657.8947368421053
45,4,13,445.0,35.0,12.5,0.2,0.8,657.8947368421053
46,4,13,455.0,35.0,12.5,0.2,0.8,657.8947368421053
47,4,13,465.0,35.0,12.5,0.2,0.8,657.8947368421053
48,4,13,475.0,35.0,12.5,0.2,0.8,657.8947368421053
49,4,13,485.0,35.0,12.5,0.2,0.8,657.8947368421053
50,4,13,495.0,35.0,12.5,0.2,0.8,657.8947368421053
1,5,13,5.0,45.0,12.5,0.2,0.8,657.8947368421053
2,5,13,15.0,45.0,12.5,0.2,0.8,657.8947368421053
3,5,13,25.0,45.0,12.5,0.2,0.8,657.8947368421053
4,5,13,35.0,45.0,12.5,0.2,0.8,657.8947368421053
5,5,13,45.0,45.0,12.5,0.2,0.8,657.8947368421053
6,5,13,55.0,45.0,12.5,0.2,0.8,657.8947368421053
7,5,13,65.0,45.0,12.5,0.2,0.8,657.8947368421053
8,5,13,75.0,45.0,12.5,0.2,0.8,657.8947368421053
9,5,13,85.0,45.0,12.5,0.2,0.8,657.8947368421053
10,5,13,95.0,45.0,12.5,0.2,0.8,657.8947368421053
11,5,13,105.0,45.0,12.5,0.2,0.8,657.8947368421053
12,5,13,115.0,45.0,12.5,0.2,0.8,657.8947368421053
13,5,13,125.0,45.0,12.5,0.2,0.8,657.8947368421053
14,5,13,135.0,45.0,12.5,0.2,0.8,657.8947368421053
15,5,13,145.0,45.0,12.5,0.2,0.8,657.8947368421053
16,5,13,155.0,45.0,12.5,0.2,0.8,657.8947368421053
17,5,13,165.0,45.0,12.5,0.2,0.8,657.8947368421053
18,5,13,175.0,45.0,12.5,0.2,0.8,657.8947368421053
19,5,13,185.0,45.0,12.5,0.2,0.8,657.8947368421053
20,5,13,195.0,45.0,12.5,0.2,0.8,657.8947368421053
21,5,13,205.0,45.0,12.5,0.2,0.8,657.8947368421053
22,5,13,215.0,45.0,12.5,0.2,0.8,657.8947368421053
23,5,13,225.0,45.0,12.5,0.2,0.8,657.8947368421053
24,5,13,235.0,45.0,12.5,0.2,0.8,657.8947368421053
25,5,13,245.0,45.0,12.5,0.2,0.8,657.8947368421053
26,5,13,255.0,45.0,12.5,0.2,0.8,657.8947368421053
27,5,13,265.0,45.0,12.5,0.2,0.8,657.8947368421053
28,5,13,275.0,45.0,12.5,0.2,0.8,657.8947368421053
29,5,13,285.0,45.0,12.5,0.2,0.8,657.8947368421053
30,5,13,295.0,45.0,12.5,0.2,0.8,657.8947368421053
31,5,13,305.0,45.0,12.5,0.2,0.8,657.8947368421053
32,5,13,315.0,45.0,12.5,0.2,0.8,657.8947368421053
33,5,13,325.0,45.0,12.5,0.2,0.8,657.8947368421053
34,5,13,335.0,45.0,12.5,0.2,0.8,657.8947368421053
35,5,13,345.0,45.0,12.5,0.2,0.8,657.8947368421053
36,5,13,355.0,45.0,12.5,0.2,0.8,657.8947368421053
37,5,13,365.0,45.0,12.5,0.2,0.8,657.8947368421053
38,5,13,375.0,45.0,12.5,0.2,0.8,657.8947368421053
39,5,13,385.0,45.0,12.5,0.2,0.8,657.8947368421053
40,5,13,395.0,45.0,12.5,0.2,0.8,657.8947368421053
41,5,13,405.0,45.0,12.5,0.2,0.8,657.8947368421053
42,5,13,415.0,45.0,12.5,0.2,0.8,657.8947368421053
43,5,13,425.0,45.0,12.5,0.2,0.8,657.8947368421053
44,5,13,435.0,45.0,12.5,0.2,0.8,657.8947368421053
45,5,13,445.0,45.0,12.5,0.2,0.8,657.8947368421053
46,5,13,455.0,45.0,12.5,0.2,0.8,657.8947368421053
47,5,13,465.0,45.0,12.5,0.2,0.8,657.8947368421053
48,5,13,475.0,45.0,12.5,0.2,0.8,657.8947368421053
49,5,13,485.0,45.0,12.5,0.2,0.8,657.8947368421053
50,5,13,495.0,45.0,12.5,0.2,0.8,657.8947368421053
1,6,13,5.0,55.0,12.5,0.2,0.8,657.8947368421053
2,6,13,15.0,55.0,12.5,0.2,0.8,657.8947368421053
3,6,13,25.0,55.0,12.5,0.2,0.8,657.8947368421053
4,6,13,35.0,55.0,12.5,0.2,0.8,657.8947368421053
5,6,13,45.0,55.0,12.5,0.2,0.8,657.8947368421053
6,6,13,55.0,55.0,12.5,0.2,0.8,657.8947368421053
7,6,13,65.0,55.0,12.5,0.2,0.8,657.8947368421053
8,6,13,75.0,55.0,12.5,0.2,0.8,657.8947368421053
9,6,13,85.0,55.0,12.5,0.2,0.8,657.8947368421053
10,6,13,95.0,55.0,12.5,0.2,0.8,657.8947368421053
11,6,13,105.0,55.0,12.5,0.2,0.8,657.8947368421053
12,6,13,115.0,55.0,12.5,0.2,0.8,657.8947368421053
13,6,13,125.0,55.0,12.5,0.2,0.8,657.8947368421053
14,6,13,135.0,55.0,12.5,0.2,0.8,657.8947368421053
15,6,13,145.0,55.0,12.5,0.2,0.8,657.8947368421053
16,6,13,155.0,55.0,12.5,0.2,0.8,657.8947368421053
17,6,13,165.0,55.0,12.5,0.2,0.8,657.8947368421053
18,6,13,175.0,55.0,12.5,0.2,0.8,657.8947368421053
19,6,13,185.0,55.0,12.5,0.2,0.8,657.8947368421053
20,6,13,195.0,55.0,12.5,0.2,0.8,657.8947368421053
21,6,13,205.0,55.0,12.5,0.2,0.8,657.8947368421053
22,6,13,215.0,55.0,12.5,0.2,0.8,657.8947368421053
23,6,13,225.0,55.0,12.5,0.2,0.8,657.8947368421053
24,6,13,235.0,55.0,12.5,0.2,0.8,657.8947368421053
25,6,13,245.0,55.0,12.5,0.2,0.8,657.8947368421053
26,6,13,255.0,55.0,12.5,0.2,0.8,657.8947368421053
27,6,13,265.0,55.0,12.5,0.2,0.8,657.8947368421053
28,6,13,275.0,55.0,12.5,0.2,0.8,657.8947368421053
29,6,13,285.0,55.0,12.5,0.2,0.8,657.8947368421053
30,6,13,295.0,55.0,12.5,0.2,0.8,657.8947368421053
31,6,13,305.0,55.0,12.5,0.2,0.8,657.8947368421053
32,6,13,315.0,55.0,12.5,0.2,0.8,657.8947368421053
33,6,13,325.0,55.0,12.5,0.2,0.8,657.8947368421053
34,6,13,335.0,55.0,12.5,0.2,0.8,657.8947368421053
35,6,13,345.0,55.0,12.5,0.2,0.8,657.8947368421053
36,6,13,355.0,55.0,12.5,0.2,0.8,657.8947368421053
37,6,13,365.0,55.0,12.5,0.2,0.8,657.8947368421053
38,6,13,375.0,55.0,12.5,0.2,0.8,657.8947368421053
39,6,13,385.0,55.0,12.5,0.2,0.8,657.8947368421053
40,6,13,395.0,55.0,12.5,0.2,0.8,657.8947368421053
41,6,13,405.0,55.0,12.5,0.2,0.8,657.8947368421053
42,6,13,415.0,55.0,12.5,0.2,0.8,657.8947368421053
43,6,13,425.0,55.0,12.5,0.2,0.8,657.8947368421053
44,6,13,435.0,55.0,12.5,0.2,0.8,657.8947368421053
45,6,13,445.0,55.0,12.5,0.2,0.8,657.8947368421053
46,6,13,455.0,55.0,12.5,0.2,0.8,657.8947368421053
47,6,13,465.0,55.0,12.5,0.2,0.8,657.8947368421053
48,6,13,475.0,55.0,12.5,0.2,0.8,657.8947368421053
49,6,13,485.0,55.0,12.5,0.2,0.8,657.8947368421053
50,6,13,495.0,55.0,12.5,0.2,0.8,657.8947368421053
1,7,13,5.0,65.0,12.5,0.2,0.8,657.8947368421053
2,7,13,15.0,65.0,12.5,0.2,0.8,657.8947368421053
3,7,13,25.0,65.0,12.5,0.2,0.8,657.8947368421053
4,7,13,35.0,65.0,12.5,0.2,0.8,657.8947368421053
5,7,13,45.0,65.0,12.5,0.2,0.8,657.8947368421053
6,7,13,55.0,65.0,12.5,0.2,0.8,657.8947368421053
7,7,13,65.0,65.0,12.5,0.2,0.8,657.8947368421053
8,7,13,75.0,65.0,12.5,0.2,0.8,657.8947368421053
9,7,13,85.0,65.0,12.5,0.2,0.8,657.8947368421053
10,7,13,95.0,65.0,12.5,0.2,0.8,657.8947368421053
11,7,13,105.0,65.0,12.5,0.2,0.8,657.8947368421053
12,7,13,115.0,65.0,12.5,0.2,0.8,657.8947368421053
13,7,13,125.0,65.0,12.5,0.2,0.8,657.8947368421053
14,7,13,135.0,65.0,12.5,0.2,0.8,657.8947368421053
15,7,13,145.0,65.0,12.5,0.2,0.8,657.8947368421053
16,7,13,155.0,65.0,12.5,0.2,0.8,657.8947368421053
17,7,13,165.0,65.0,12.5,0.2,0.8,657.8947368421053
18,7,13,175.0,65.0,12.5,0.2,0.8,657.8947368421053
19,7,13,185.0,65.0,12.5,0.2,0.8,657.8947368421053
20,7,13,195.0,65.0,12.5,0.2,0.8,657.8947368421053
21,7,13,205.0,65.0,12.5,0.2,0.8,657.8947368421053
22,7,13,215.0,65.0,12.5,0.2,0.8,657.8947368421053
23,7,13,225.0,65.0,12.5,0.2,0.8,657.8947368421053
24,7,13,235.0,65.0,12.5,0.2,0.8,657.8947368421053
25,7,13,245.0,65.0,12.5,0.2,0.8,657.8947368421053
26,7,13,255.0,65.0,12.5,0.2,0.8,657.8947368421053
27,7,13,265.0,65.0,12.5,0.2,0.8,657.8947368421053
28,7,13,275.0,65.0,12.5,0.2,0.8,657.8947368421053
29,7,13,285.0,65.0,12.5,0.2,0.8,657.8947368421053
30,7,13,295.0,65.0,12.5,0.2,0.8,657.8947368421053
31,7,13,305.0,65.0,12.5,0.2,0.8,657.8947368421053
32,7,13,315.0,65.0,12.5,0.2,0.8,657.8947368421053
33,7,13,325.0,65.0,12.5,0.2,0.8,657.8947368421053
34,7,13,335.0,65.0,12.5,0.2,0.8,657.8947368421053
35,7,13,345.0,65.0,12.5,0.2,0.8,657.8947368421053
36,7,13,355.0,65.0,12.5,0.2,0.8,657.8947368421053
37,7,13,365.0,65.0,12.5,0.2,0.8,657.8947368421053
38,7,13,375.0,65.0,12.5,0.2,0.8,657.8947368421053
39,7,13,385.0,65.0,12.5,0.2,0.8,657.8947368421053
40,7,13,395.0,65.0,12.5,0.2,0.8,657.8947368421053
41,7,13,405.0,65.0,12.5,0.2,0.8,657.8947368421053
42,7,13,415.0,65.0,12.5,0.2,0.8,657.8947368421053
43,7,13,425.0,65.0,12.5,0.2,0.8,657.8947368421053
44,7,13,435.0,65.0,12.5,0.2,0.8,657.8947368421053
45,7,13,445.0,65.0,12.5,0.2,0.8,657.8947368421053
46,7,13,455.0,65.0,12.5,0.2,0.8,657.8947368421053
47,7,13,465.0,65.0,12.5,0.2,0.8,657.8947368421053
48,7,13,475.0,65.0,12.5,0.2,0.8,657.8947368421053
49,7,13,485.0,65.0,12.5,0.2,0.8,657.8947368421053
50,7,13,495.0,65.0,12.5,0.2,0.8,657.8947368421053
1,8,13,5.0,75.0,12.5,0.2,0.8,657.8947368421053
2,8,13,15.0,75.0,12.5,0.2,0.8,657.8947368421053
3,8,13,25.0,75.0,12.5,0.2,0.8,657.8947368421053
4,8,13,35.0,75.0,12.5,0.2,0.8,657.8947368421053
5,8,13,45.0,75.0,12.5,0.2,0.8,657.8947368421053
6,8,13,55.0,75.0,12.5,0.2,0.8,657.8947368421053
7,8,13,65.0,75.0,12.5,0.2,0.8,657.8947368421053
8,8,13,75.0,75.0,12.5,0.2,0.8,657.8947368421053
9,8,13,85.0,75.0,12.5,0.2,0.8,657.8947368421053
10,8,13,95.0,75.0,12.5,0.2,0.8,657.8947368421053
11,8,13,105.0,75.0,12.5,0.2,0.8,657.8947368421053
12,8,13,115.0,75.0,12.5,0.2,0.8,657.8947368421053
13,8,13,125.0,75.0,12.5,0.2,0.8,657.8947368421053
14,8,13,135.0,75.0,12.5,0.2,0.8,657.8947368421053
15,8,13,145.0,75.0,12.5,0.2,0.8,657.8947368421053
16,8,13,155.0,75.0,12.5,0.2,0.8,657.8947368421053
17,8,13,165.0,75.0,12.5,0.2,0.8,657.8947368421053
18,8,13,175.0,75.0,12.5,0.2,0.8,657.8947368421053
19,8,13,185.0,75.0,12.5,0.2,0.8,657.8947368421053
20,8,13,195.0,75.0,12.5,0.2,0.8,657.8947368421053
21,8,13,205.0,75.0,12.5,0.2,0.8,657.8947368421053
22,8,13,215.0,75.0,12.5,0.2,0.8,657.8947368421053
23,8,13,225.0,75.0,12.5,0.2,0.8,657.8947368421053
24,8,13,235.0,75.0,12.5,0.2,0.8,657.8947368421053
25,8,13,245.0,75.0,12.5,0.2,0.8,657.8947368421053
26,8,13,255.0,75.0,12.5,0.2,0.8,657.8947368421053
27,8,13,265.0,75.0,12.5,0.2,0.8,657.8947368421053
28,8,13,275.0,75.0,12.5,0.2,0.8,657.8947368421053
29,8,13,285.0,75.0,12.5,0.2,0.8,657.8947368421053
30,8,13,295.0,75.0,12.5,0.2,0.8,657.8947368421053
31,8,13,305.0,75.0,12.5,0.2,0.8,657.8947368421053
32,8,13,315.0,75.0,12.5,0.2,0.8,657.8947368421053
33,8,13,325.0,75.0,12.5,0.2,0.8,657.8947368421053
34,8,13,335.0,75.0,12.5,0.2,0.8,657.8947368421053
35,8,13,345.0,75.0,12.5,0.2,0.8,657.8947368421053
36,8,13,355.0,75.0,12.5,0.2,0.8,657.8947368421053
37,8,13,365.0,75.0,12.5,0.2,0.8,657.8947368421053
38,8,13,375.0,75.0,12.5,0.2,0.8,657.8947368421053
39,8,13,385.0,75.0,12.5,0.2,0.8,657.8947368421053
40,8,13,395.0,75.0,12.5,0.2,0.8,657.8947368421053
41,8,13,405.0,75.0,12.5,0.2,0.8,657.8947368421053
42,8,13,415.0,75.0,12.5,0.2,0.8,657.8947368421053
43,8,13,425.0,75.0,12.5,0.2,0.8,657.8947368421053
44,8,13,435.0,75.0,12.5,0.2,0.8,657.8947368421053
45,8,13,445.0,75.0,12.5,0.2,0.8,657.8947368421053
46,8,13,455.0,75.0,12.5,0.2,0.8,657.8947368421053
47,8,13,465.0,75.0,12.5,0.2,0.8,657.8947368421053
48,8,13,475.0,75.0,12.5,0.2,0.8,657.8947368421053
49,8,13,485.0,75.0,12.5,0.2,0.8,657.8947368421053
50,8,13,495.0,75.0,12.5,0.2,0.8,657.8947368421053
1,9,13,5.0,85.0,12.5,0.2,0.8,657.8947368421053
2,9,13,15.0,85.0,12.5,0.2,0.8,657.8947368421053
3,9,13,25.0,85.0,12.5,0.2,0.8,657.8947368421053
4,9,13,35.0,85.0,12.5,0.2,0.8,657.8947368421053
5,9,13,45.0,85.0,12.5,0.2,0.8,657.8947368421053
6,9,13,55.0,85.0,12.5,0.2,0.8,657.8947368421053
7,9,13,65.0,85.0,12.5,0.2,0.8,657.8947368421053
8,9,13,75.0,85.0,12.5,0.2,0.8,657.8947368421053
9,9,13,85.0,85.0,12.5,0.2,0.8,657.8947368421053
10,9,13,95.0,85.0,12.5,0.2,0.8,657.8947368421053
11,9,13,105.0,85.0,12.5,0.2,0.8,657.8947368421053
12,9,13,115.0,85.0,12.5,0.2,0.8,657.8947368421053
13,9,13,125.0,85.0,12.5,0.2,0.8,657.8947368421053
14,9,13,135.0,85.0,12.5,0.2,0.8,657.8947368421053
15,9,13,145.0,85.0,12.5,0.2,0.8,657.8947368421053
16,9,13,155.0,85.0,12.5,0.2,0.8,657.8947368421053
17,9,13,165.0,85.0,12.5,0.2,0.8,657.8947368421053
18,9,13,175.0,85.0,12.5,0.2,0.8,657.8947368421053
19,9,13,185.0,85.0,12.5,0.2,0.8,657.8947368421053
20,9,13,195.0,85.0,12.5,0.2,0.8,657.8947368421053
21,9,13,205.0,85.0,12.5,0.2,0.8,657.8947368421053
22,9,13,215.0,85.0,12.5,0.2,0.8,657.8947368421053
23,9,13,225.0,85.0,12.5,0.2,0.8,657.8947368421053
24,9,13,235.0,85.0,12.5,0.2,0.8,657.8947368421053
25,9,13,245.0,85.0,12.5,0.2,0.8,657.8947368421053
26,9,13,255.0,85.0,12.5,0.2,0.8,657.8947368421053
27,9,13,265.0,85.0,12.5,0.2,0.8,657.8947368421053
28,9,13,275.0,85.0,12.5,0.2,0.8,657.8947368421053
29,9,13,285.0,85.0,12.5,0.2,0.8,657.8947368421053
30,9,13,295.0,85.0,12.5,0.2,0.8,657.8947368421053
31,9,13,305.0,85.0,12.5,0.2,0.8,657.8947368421053
32,9,13,315.0,85.0,12.5,0.2,0.8,657.8947368421053
33,9,13,325.0,85.0,12.5,0.2,0.8,657.8947368421053
34,9,13,335.0,85.0,12.5,0.2,0.8,657.8947368421053
35,9,13,345.0,85.0,12.5,0.2,0.8,657.8947368421053
36,9,13,355.0,85.0,12.5,0.2,0.8,657.8947368421053
37,9,13,365.0,85.0,12.5,0.2,0.8,657.8947368421053
38,9,13,375.0,85.0,12.5,0.2,0.8,657.8947368421053
39,9,13,385.0,85.0,12.5,0.2,0.8,657.8947368421053
40,9,13,395.0,85.0,12.5,0.2,0.8,657.8947368421053
41,9,13,405.0,85.0,12.5,0.2,0.8,657.8947368421053
42,9,13,415.0,85.0,12.5,0.2,0.8,657.8947368421053
43,9,13,425.0,85.0,12.5,0.2,0.8,657.8947368421053
44,9,13,435.0,85.0,12.5,0.2,0.8,657.8947368421053
45,9,13,445.0,85.0,12.5,0.2,0.8,657.8947368421053
46,9,13,455.0,85.0,12.5,0.2,0.8,657.8947368421053
47,9,13,465.0,85.0,12.5,0.2,0.8,657.8947368421053
48,9,13,475.0,85.0,12.5,0.2,0.8,657.8947368421053
49,9,13,485.0,85.0,12.5,0.2,0.8,657.8947368421053
50,9,13,495.0,85.0,12.5,0.2,0.8,657.8947368421053
1,10,13,5.0,95.0,12.5,0.2,0.8,657.8947368421053
2,10,13,15.0,95.0,12.5,0.2,0.8,657.8947368421053
3,10,13,25.0,95.0,12.5,0.2,0.8,657.8947368421053
4,10,13,35.0,95.0,12.5,0.2,0.8,657.8947368421053
5,10,13,45.0,95.0,12.5,0.2,0.8,657.8947368421053
6,10,13,55.0,95.0,12.5,0.2,0.8,657.8947368421053
7,10,13,65.0,95.0,12.5,0.2,0.8,657.8947368421053
8,10,13,75.0,95.0,12.5,0.2,0.8,657.8947368421053
9,10,13,85.0,95.0,12.5,0.2,0.8,657.8947368421053
10,10,13,95.0,95.0,12.5,0.2,0.8,657.8947368421053
11,10,13,105.0,95.0,12.5,0.2,0.8,657.8947368421053
12,10,13,115.0,95.0,12.5,0.2,0.8,657.8947368421053
13,10,13,125.0,95.0,12.5,0.2,0.8,657.8947368421053
14,10,13,135.0,95.0,12.5,0.2,0.8,657.8947368421053
15,10,13,145.0,95.0,12.5,0.2,0.8,657.8947368421053
16,10,13,155.0,95.0,12.5,0.2,0.8,657.8947368421053
17,10,13,165.0,95.0,12.5,0.2,0.8,657.8947368421053
18,10,13,175.0,95.0,12.5,0.2,0.8,657.8947368421053
19,10,13,185.0,95.0,12.5,0.2,0.8,657.8947368421053
20,10,13,195.0,95.0,12.5,0.2,0.8,657.8947368421053
21,10,13,205.0,95.0,12.5,0.2,0.8,657.8947368421053
22,10,13,215.0,95.0,12.5,0.2,0.8,657.8947368421053
23,10,13,225.0,95.0,12.5,0.2,0.8,657.8947368421053
24,10,13,235.0,95.0,12.5,0.2,0.8,657.8947368421053
25,10,13,245.0,95.0,12.5,0.2,0.8,657.8947368421053
26,10,13,255.0,95.0,12.5,0.2,0.8,657.8947368421053
27,10,13,265.0,95.0,12.5,0.2,0.8,657.8947368421053
28,10,13,275.0,95.0,12.5,0.2,0.8,657.8947368421053
29,10,13,285.0,95.0,12.5,0.2,0.8,657.8947368421053
30,10,13,295.0,95.0,12.5,0.2,0.8,657.8947368421053
31,10,13,305.0,95.0,12.5,0.2,0.8,657.8947368421053
32,10,13,315.0,95.0,12.5,0.2,0.8,657.8947368421053
33,10,13,325.0,95.0,12.5,0.2,0.8,657.8947368421053
34,10,13,335.0,95.0,12.5,0.2,0.8,657.8947368421053
35,10,13,345.0,95.0,12.5,0.2,0.8,657.8947368421053
36,10,13,355.0,95.0,12.5,0.2,0.8,657.8947368421053
37,10,13,365.0,95.0,12.5,0.2,0.8,657.8947368421053
38,10,13,375.0,95.0,12.5,0.2,0.8,657.8947368421053
39,10,13,385.0,95.0,12.5,0.2,0.8,657.8947368421053
40,10,13,395.0,95.0,12.5,0.2,0.8,657.8947368421053
41,10,13,405.0,95.0,12.5,0.2,0.8,657.8947368421053
42,10,13,415.0,95.0,12.5,0.2,0.8,657.8947368421053
43,10,13,425.0,95.0,12.5,0.2,0.8,657.8947368421053
44,10,13,435.0,95.0,12.5,0.2,0.8,657.8947368421053
45,10,13,445.0,95.0,12.5,0.2,0.8,657.8947368421053
46,10,13,455.0,95.0,12.5,0.2,0.8,657.8947368421053
47,10,13,465.0,95.0,12.5,0.2,0.8,657.8947368421053
48,10,13,475.0,95.0,12.5,0.2,0.8,657.8947368421053
49,10,13,485.0,95.0,12.5,0.2,0.8,657.8947368421053
50,10,13,495.0,95.0,12.5,0.2,0.8,657.8947368421053
1,1,14,5.0,5.0,13.5,0.2,0.8,587.719298245614
2,1,14,15.0,5.0,13.5,0.2,0.8,587.719298245614
3,1,14,25.0,5.0,13.5,0.2,0.8,587.719298245614
4,1,14,35.0,5.0,13.5,0.2,0.8,587.719298245614
5,1,14,45.0,5.0,13.5,0.2,0.8,587.719298245614
6,1,14,55.0,5.0,13.5,0.2,0.8,587.719298245614
7,1,14,65.0,5.0,13.5,0.2,0.8,587.719298245614
8,1,14,75.0,5.0,13.5,0.2,0.8,587.719298245614
9,1,14,85.0,5.0,13.5,0.2,0.8,587.719298245614
10,1,14,95.0,5.0,13.5,0.2,0.8,587.719298245614
11,1,14,105.0,5.0,13.5,0.2,0.8,587.719298245614
12,1,14,115.0,5.0,13.5,0.2,0.8,587.719298245614
13,1,14,125.0,5.0,13.5,0.2,0.8,587.719298245614
14,1,14,135.0,5.0,13.5,0.2,0.8,587.719298245614
15,1,14,145.0,5.0,13.5,0.2,0.8,587.719298245614
16,1,14,155.0,5.0,13.5,0.2,0.8,587.719298245614
17,1,14,165.0,5.0,13.5,0.2,0.8,587.719298245614
18,1,14,175.0,5.0,13.5,0.2,0.8,587.719298245614
19,1,14,185.0,5.0,13.5,0.2,0.8,587.719298245614
20,1,14,195.0,5.0,13.5,0.2,0.8,587.719298245614
21,1,14,205.0,5.0,13.5,0.2,0.8,587.719298245614
22,1,14,215.0,5.0,13.5,0.2,0.8,587.719298245614
23,1,14,225.0,5.0,13.5,0.2,0.8,587.719298245614
24,1,14,235.0,5.0,13.5,0.2,0.8,587.719298245614
25,1,14,245.0,5.0,13.5,0.2,0.8,587.719298245614
26,1,14,255.0,5.0,13.5,0.2,0.8,587.719298245614
27,1,14,265.0,5.0,13.5,0.2,0.8,587.719298245614
28,1,14,275.0,5.0,13.5,0.2,0.8,587.719298245614
29,1,14,285.0,5.0,13.5,0.2,0.8,587.719298245614
30,1,14,295.0,5.0,13.5,0.2,0.8,587.719298245614
31,1,14,305.0,5.0,13.5,0.2,0.8,587.719298245614
32,1,14,315.0,5.0,13.5,0.2,0.8,587.719298245614
33,1,14,325.0,5.0,13.5,0.2,0.8,587.719298245614
34,1,14,335.0,5.0,13.5,0.2,0.8,587.719298245614
35,1,14,345.0,5.0,13.5,0.2,0.8,587.719298245614
36,1,14,355.0,5.0,13.5,0.2,0.8,587.719298245614
37,1,14,365.0,5.0,13.5,0.2,0.8,587.719298245614
38,1,14,375.0,5.0,13.5,0.2,0.8,587.719298245614
39,1,14,385.0,5.0,13.5,0.2,0.8,587.719298245614
40,1,14,395.0,5.0,13.5,0.2,0.8,587.719298245614
41,1,14,405.0,5.0,13.5,0.2,0.8,587.719298245614
42,1,14,415.0,5.0,13.5,0.2,0.8,587.719298245614
43,1,14,425.0,5.0,13.5,0.2,0.8,587.719298245614
44,1,14,435.0,5.0,13.5,0.2,0.8,587.719298245614
45,1,14,445.0,5.0,13.5,0.2,0.8,587.719298245614
46,1,14,455.0,5.0,13.5,0.2,0.8,587.719298245614
47,1,14,465.0,5.0,13.5,0.2,0.8,587.719298245614
48,1,14,475.0,5.0,13.5,0.2,0.8,587.719298245614
49,1,14,485.0,5.0,13.5,0.2,0.8,587.719298245614
50,1,14,495.0,5.0,13.5,0.2,0.8,587.719298245614
1,2,14,5.0,15.0,13.5,0.2,0.8,587.719298245614
2,2,14,15.0,15.0,13.5,0.2,0.8,587.719298245614
3,2,14,25.0,15.0,13.5,0.2,0.8,587.719298245614
4,2,14,35.0,15.0,13.5,0.2,0.8,587.719298245614
5,2,14,45.0,15.0,13.5,0.2,0.8,587.719298245614
6,2,14,55.0,15.0,13.5,0.2,0.8,587.719298245614
7,2,14,65.0,15.0,13.5,0.2,0.8,587.719298245614
8,2,14,75.0,15.0,13.5,0.2,0.8,587.719298245614
9,2,14,85.0,15.0,13.5,0.2,0.8,587.719298245614
10,2,14,95.0,15.0,13.5,0.2,0.8,587.719298245614
11,2,14,105.0,15.0,13.5,0.2,0.8,587.719298245614
12,2,14,115.0,15.0,13.5,0.2,0.8,587.719298245614
13,2,14,125.0,15.0,13.5,0.2,0.8,587.719298245614
14,2,14,135.0,15.0,13.5,0.2,0.8,587.719298245614
15,2,14,145.0,15.0,13.5,0.2,0.8,587.719298245614
16,2,14,155.0,15.0,13.5,0.2,0.8,587.719298245614
17,2,14,165.0,15.0,13.5,0.2,0.8,587.719298245614
18,2,14,175.0,15.0,13.5,0.2,0.8,587.719298245614
19,2,14,185.0,15.0,13.5,0.2,0.8,587.719298245614
20,2,14,195.0,15.0,13.5,0.2,0.8,587.719298245614
21,2,14,205.0,15.0,13.5,0.2,0.8,587.719298245614
22,2,14,215.0,15.0,13.5,0.2,0.8,587.719298245614
23,2,14,225.0,15.0,13.5,0.2,0.8,587.719298245614
24,2,14,235.0,15.0,13.5,0.2,0.8,587.719298245614
25,2,14,245.0,15.0,13.5,0.2,0.8,587.719298245614
26,2,14,255.0,15.0,13.5,0.2,0.8,587.719298245614
27,2,14,265.0,15.0,13.5,0.2,0.8,587.719298245614
28,2,14,275.0,15.0,13.5,0.2,0.8,587.719298245614
29,2,14,285.0,15.0,13.5,0.2,0.8,587.719298245614
30,2,14,295.0,15.0,13.5,0.2,0.8,587.719298245614
31,2,14,305.0,15.0,13.5,0.2,0.8,587.719298245614
32,2,14,315.0,15.0,13.5,0.2,0.8,587.719298245614
33,2,14,325.0,15.0,13.5,0.2,0.8,587.719298245614
34,2,14,335.0,15.0,13.5,0.2,0.8,587.719298245614
35,2,14,345.0,15.0,13.5,0.2,0.8,587.719298245614
36,2,14,355.0,15.0,13.5,0.2,0.8,587.719298245614
37,2,14,365.0,15.0,13.5,0.2,0.8,587.719298245614
38,2,14,375.0,15.0,13.5,0.2,0.8,587.719298245614
39,2,14,385.0,15.0,13.5,0.2,0.8,587.719298245614
40,2,14,395.0,15.0,13.5,0.2,0.8,587.719298245614
41,2,14,405.0,15.0,13.5,0.2,0.8,587.719298245614
42,2,14,415.0,15.0,13.5,0.2,0.8,587.719298245614
43,2,14,425.0,15.0,13.5,0.2,0.8,587.719298245614
44,2,14,435.0,15.0,13.5,0.2,0.8,587.719298245614
45,2,14,445.0,15.0,13.5,0.2,0.8,587.719298245614
46,2,14,455.0,15.0,13.5,0.2,0.8,587.719298245614
47,2,14,465.0,15.0,13.5,0.2,0.8,587.719298245614
48,2,14,475.0,15.0,13.5,0.2,0.8,587.719298245614
49,2,14,485.0,15.0,13.5,0.2,0.8,587.719298245614
50,2,14,495.0,15.0,13.5,0.2,0.8,587.719298245614
1,3,14,5.0,25.0,13.5,0.2,0.8,587.719298245614
2,3,14,15.0,25.0,13.5,0.2,0.8,587.719298245614
3,3,14,25.0,25.0,13.5,0.2,0.8,587.719298245614
4,3,14,35.0,25.0,13.5,0.2,0.8,587.719298245614
5,3,14,45.0,25.0,13.5,0.2,0.8,587.719298245614
6,3,14,55.0,25.0,13.5,0.2,0.8,587.719298245614
7,3,14,65.0,25.0,13.5,0.2,0.8,587.719298245614
8,3,14,75.0,25.0,13.5,0.2,0.8,587.719298245614
9,3,14,85.0,25.0,13.5,0.2,0.8,587.719298245614
10,3,14,95.0,25.0,13.5,0.2,0.8,587.719298245614
11,3,14,105.0,25.0,13.5,0.2,0.8,587.719298245614
12,3,14,115.0,25.0,13.5,0.2,0.8,587.719298245614
13,3,14,125.0,25.0,13.5,0.2,0.8,587.719298245614
14,3,14,135.0,25.0,13.5,0.2,0.8,587.719298245614
15,3,14,145.0,25.0,13.5,0.2,0.8,587.719298245614
16,3,14,155.0,25.0,13.5,0.2,0.8,587.719298245614
17,3,14,165.0,25.0,13.5,0.2,0.8,587.719298245614
18,3,14,175.0,25.0,13.5,0.2,0.8,587.719298245614
19,3,14,185.0,25.0,13.5,0.2,0.8,587.719298245614
20,3,14,195.0,25.0,13.5,0.2,0.8,587.719298245614
21,3,14,205.0,25.0,13.5,0.2,0.8,587.719298245614
22,3,14,215.0,25.0,13.5,0.2,0.8,587.719298245614
23,3,14,225.0,25.0,13.5,0.2,0.8,587.719298245614
24,3,14,235.0,25.0,13.5,0.2,0.8,587.719298245614
25,3,14,245.0,25.0,13.5,0.2,0.8,587.719298245614
26,3,14,255.0,25.0,13.5,0.2,0.8,587.719298245614
27,3,14,265.0,25.0,13.5,0.2,0.8,587.719298245614
28,3,14,275.0,25.0,13.5,0.2,0.8,587.719298245614
29,3,14,285.0,25.0,13.5,0.2,0.8,587.719298245614
30,3,14,295.0,25.0,13.5,0.2,0.8,587.719298245614
31,3,14,305.0,25.0,13.5,0.2,0.8,587.719298245614
32,3,14,315.0,25.0,13.5,0.2,0.8,587.719298245614
33,3,14,325.0,25.0,13.5,0.2,0.8,587.719298245614
34,3,14,335.0,25.0,13.5,0.2,0.8,587.719298245614
35,3,14,345.0,25.0,13.5,0.2,0.8,587.719298245614
36,3,14,355.0,25.0,13.5,0.2,0.8,587.719298245614
37,3,14,365.0,25.0,13.5,0.2,0.8,587.719298245614
38,3,14,375.0,25.0,13.5,0.2,0.8,587.719298245614
39,3,14,385.0,25.0,13.5,0.2,0.8,587.719298245614
40,3,14,395.0,25.0,13.5,0.2,0.8,587.719298245614
41,3,14,405.0,25.0,13.5,0.2,0.8,587.719298245614
42,3,14,415.0,25.0,13.5,0.2,0.8,587.719298245614
43,3,14,425.0,25.0,13.5,0.2,0.8,587.719298245614
44,3,14,435.0,25.0,13.5,0.2,0.8,587.719298245614
45,3,14,445.0,25.0,13.5,0.2,0.8,587.719298245614
46,3,14,455.0,25.0,13.5,0.2,0.8,587.719298245614
47,3,14,465.0,25.0,13.5,0.2,0.8,587.719298245614
48,3,14,475.0,25.0,13.5,0.2,0.8,587.719298245614
49,3,14,485.0,25.0,13.5,0.2,0.8,587.719298245614
50,3,14,495.0,25.0,13.5,0.2,0.8,587.719298245614
1,4,14,5.0,35.0,13.5,0.2,0.8,587.719298245614
2,4,14,15.0,35.0,13.5,0.2,0.8,587.719298245614
3,4,14,25.0,35.0,13.5,0.2,0.8,587.719298245614
4,4,14,35.0,35.0,13.5,0.2,0.8,587.719298245614
5,4,14,45.0,35.0,13.5,0.2,0.8,587.719298245614
6,4,14,55.0,35.0,13.5,0.2,0.8,587.719298245614
7,4,14,65.0,35.0,13.5,0.2,0.8,587.719298245614
8,4,14,75.0,35.0,13.5,0.2,0.8,587.719298245614
9,4,14,85.0,35.0,13.5,0.2,0.8,587.719298245614
10,4,14,95.0,35.0,13.5,0.2,0.8,587.719298245614
11,4,14,105.0,35.0,13.5,0.2,0.8,587.719298245614
12,4,14,115.0,35.0,13.5,0.2,0.8,587.719298245614
13,4,14,125.0,35.0,13.5,0.2,0.8,587.719298245614
14,4,14,135.0,35.0,13.5,0.2,0.8,587.719298245614
15,4,14,145.0,35.0,13.5,0.2,0.8,587.719298245614
16,4,14,155.0,35.0,13.5,0.2,0.8,587.719298245614
17,4,14,165.0,35.0,13.5,0.2,0.8,587.719298245614
18,4,14,175.0,35.0,13.5,0.2,0.8,587.719298245614
19,4,14,185.0,35.0,13.5,0.2,0.8,587.719298245614
20,4,14,195.0,35.0,13.5,0.2,0.8,587.719298245614
21,4,14,205.0,35.0,13.5,0.2,0.8,587.719298245614
22,4,14,215.0,35.0,13.5,0.2,0.8,587.719298245614
23,4,14,225.0,35.0,13.5,0.2,0.8,587.719298245614
24,4,14,235.0,35.0,13.5,0.2,0.8,587.719298245614
25,4,14,245.0,35.0,13.5,0.2,0.8,587.719298245614
26,4,14,255.0,35.0,13.5,0.2,0.8,587.719298245614
27,4,14,265.0,35.0,13.5,0.2,0.8,587.719298245614
28,4,14,275.0,35.0,13.5,0.2,0.8,587.719298245614
29,4,14,285.0,35.0,13.5,0.2,0.8,587.719298245614
30,4,14,295.0,35.0,13.5,0.2,0.8,587.719298245614
31,4,14,305.0,35.0,13.5,0.2,0.8,587.719298245614
32,4,14,315.0,35.0,13.5,0.2,0.8,587.719298245614
33,4,14,325.0,35.0,13.5,0.2,0.8,587.719298245614
34,4,14,335.0,35.0,13.5,0.2,0.8,587.719298245614
35,4,14,345.0,35.0,13.5,0.2,0.8,587.719298245614
36,4,14,355.0,35.0,13.5,0.2,0.8,587.719298245614
37,4,14,365.0,35.0,13.5,0.2,0.8,587.719298245614
38,4,14,375.0,35.0,13.5,0.2,0.8,587.719298245614
39,4,14,385.0,35.0,13.5,0.2,0.8,587.719298245614
40,4,14,395.0,35.0,13.5,0.2,0.8,587.719298245614
41,4,14,405.0,35.0,13.5,0.2,0.8,587.719298245614
42,4,14,415.0,35.0,13.5,0.2,0.8,587.719298245614
43,4,14,425.0,35.0,13.5,0.2,0.8,587.719298245614
44,4,14,435.0,35.0,13.5,0.2,0.8,587.719298245614
45,4,14,445.0,35.0,13.5,0.2,0.8,587.719298245614
46,4,14,455.0,35.0,13.5,0.2,0.8,587.719298245614
47,4,14,465.0,35.0,13.5,0.2,0.8,587.719298245614
48,4,14,475.0,35.0,13.5,0.2,0.8,587.719298245614
49,4,14,485.0,35.0,13.5,0.2,0.8,587.719298245614
50,4,14,495.0,35.0,13.5,0.2,0.8,587.719298245614
1,5,14,5.0,45.0,13.5,0.2,0.8,587.719298245614
2,5,14,15.0,45.0,13.5,0.2,0.8,587.719298245614
3,5,14,25.0,45.0,13.5,0.2,0.8,587.719298245614
4,5,14,35.0,45.0,13.5,0.2,0.8,587.719298245614
5,5,14,45.0,45.0,13.5,0.2,0.8,587.719298245614
6,5,14,55.0,45.0,13.5,0.2,0.8,587.719298245614
7,5,14,65.0,45.0,13.5,0.2,0.8,587.719298245614
8,5,14,75.0,45.0,13.5,0.2,0.8,587.719298245614
9,5,14,85.0,45.0,13.5,0.2,0.8,587.719298245614
10,5,14,95.0,45.0,13.5,0.2,0.8,587.719298245614
11,5,14,105.0,45.0,13.5,0.2,0.8,587.719298245614
12,5,14,115.0,45.0,13.5,0.2,0.8,587.719298245614
13,5,14,125.0,45.0,13.5,0.2,0.8,587.719298245614
14,5,14,135.0,45.0,13.5,0.2,0.8,587.719298245614
15,5,14,145.0,45.0,13.5,0.2,0.8,587.719298245614
16,5,14,155.0,45.0,13.5,0.2,0.8,587.719298245614
17,5,14,165.0,45.0,13.5,0.2,0.8,587.719298245614
18,5,14,175.0,45.0,13.5,0.2,0.8,587.719298245614
19,5,14,185.0,45.0,13.5,0.2,0.8,587.719298245614
20,5,14,195.0,45.0,13.5,0.2,0.8,587.719298245614
21,5,14,205.0,45.0,13.5,0.2,0.8,587.719298245614
22,5,14,215.0,45.0,13.5,0.2,0.8,587.719298245614
23,5,14,225.0,45.0,13.5,0.2,0.8,587.719298245614
24,5,14,235.0,45.0,13.5,0.2,0.8,587.719298245614
25,5,14,245.0,45.0,13.5,0.2,0.8,587.719298245614
26,5,14,255.0,45.0,13.5,0.2,0.8,587.719298245614
27,5,14,265.0,45.0,13.5,0.2,0.8,587.719298245614
28,5,14,275.0,45.0,13.5,0.2,0.8,587.719298245614
29,5,14,285.0,45.0,13.5,0.2,0.8,587.719298245614
30,5,14,295.0,45.0,13.5,0.2,0.8,587.719298245614
31,5,14,305.0,45.0,13.5,0.2,0.8,587.719298245614
32,5,14,315.0,45.0,13.5,0.2,0.8,587.719298245614
33,5,14,325.0,45.0,13.5,0.2,0.8,587.719298245614
34,5,14,335.0,45.0,13.5,0.2,0.8,587.719298245614
35,5,14,345.0,45.0,13.5,0.2,0.8,587.719298245614
36,5,14,355.0,45.0,13.5,0.2,0.8,587.719298245614
37,5,14,365.0,45.0,13.5,0.2,0.8,587.719298245614
38,5,14,375.0,45.0,13.5,0.2,0.8,587.719298245614
39,5,14,385.0,45.0,13.5,0.2,0.8,587.719298245614
40,5,14,395.0,45.0,13.5,0.2,0.8,587.719298245614
41,5,14,405.0,45.0,13.5,0.2,0.8,587.719298245614
42,5,14,415.0,45.0,13.5,0.2,0.8,587.719298245614
43,5,14,425.0,45.0,13.5,0.2,0.8,587.719298245614
44,5,14,435.0,45.0,13.5,0.2,0.8,587.719298245614
45,5,14,445.0,45.0,13.5,0.2,0.8,587.719298245614
46,5,14,455.0,45.0,13.5,0.2,0.8,587.719298245614
47,5,14,465.0,45.0,13.5,0.2,0.8,587.719298245614
48,5,14,475.0,45.0,13.5,0.2,0.8,587.719298245614
49,5,14,485.0,45.0,13.5,0.2,0.8,587.719298245614
50,5,14,495.0,45.0,13.5,0.2,0.8,587.719298245614
1,6,14,5.0,55.0,13.5,0.2,0.8,587.719298245614
2,6,14,15.0,55.0,13.5,0.2,0.8,587.719298245614
3,6,14,25.0,55.0,13.5,0.2,0.8,587.719298245614
4,6,14,35.0,55.0,13.5,0.2,0.8,587.719298245614
5,6,14,45.0,55.0,13.5,0.2,0.8,587.719298245614
6,6,14,55.0,55.0,13.5,0.2,0.8,587.719298245614
7,6,14,65.0,55.0,13.5,0.2,0.8,587.719298245614
8,6,14,75.0,55.0,13.5,0.2,0.8,587.719298245614
9,6,14,85.0,55.0,13.5,0.2,0.8,587.719298245614
10,6,14,95.0,55.0,13.5,0.2,0.8,587.719298245614
11,6,14,105.0,55.0,13.5,0.2,0.8,587.719298245614
12,6,14,115.0,55.0,13.5,0.2,0.8,587.719298245614
13,6,14,125.0,55.0,13.5,0.2,0.8,587.719298245614
14,6,14,135.0,55.0,13.5,0.2,0.8,587.719298245614
15,6,14,145.0,55.0,13.5,0.2,0.8,587.719298245614
16,6,14,155.0,55.0,13.5,0.2,0.8,587.719298245614
17,6,14,165.0,55.0,13.5,0.2,0.8,587.719298245614
18,6,14,175.0,55.0,13.5,0.2,0.8,587.719298245614
19,6,14,185.0,55.0,13.5,0.2,0.8,587.719298245614
20,6,14,195.0,55.0,13.5,0.2,0.8,587.719298245614
21,6,14,205.0,55.0,13.5,0.2,0.8,587.719298245614
22,6,14,215.0,55.0,13.5,0.2,0.8,587.719298245614
23,6,14,225.0,55.0,13.5,0.2,0.8,587.719298245614
24,6,14,235.0,55.0,13.5,0.2,0.8,587.719298245614
25,6,14,245.0,55.0,13.5,0.2,0.8,587.719298245614
26,6,14,255.0,55.0,13.5,0.2,0.8,587.719298245614
27,6,14,265.0,55.0,13.5,0.2,0.8,587.719298245614
28,6,14,275.0,55.0,13.5,0.2,0.8,587.719298245614
29,6,14,285.0,55.0,13.5,0.2,0.8,587.719298245614
30,6,14,295.0,55.0,13.5,0.2,0.8,587.719298245614
31,6,14,305.0,55.0,13.5,0.2,0.8,587.719298245614
32,6,14,315.0,55.0,13.5,0.2,0.8,587.719298245614
33,6,14,325.0,55.0,13.5,0.2,0.8,587.719298245614
34,6,14,335.0,55.0,13.5,0.2,0.8,587.719298245614
35,6,14,345.0,55.0,13.5,0.2,0.8,587.719298245614
36,6,14,355.0,55.0,13.5,0.2,0.8,587.719298245614
37,6,14,365.0,55.0,13.5,0.2,0.8,587.719298245614
38,6,14,375.0,55.0,13.5,0.2,0.8,587.719298245614
39,6,14,385.0,55.0,13.5,0.2,0.8,587.719298245614
40,6,14,395.0,55.0,13.5,0.2,0.8,587.719298245614
41,6,14,405.0,55.0,13.5,0.2,0.8,587.719298245614
42,6,14,415.0,55.0,13.5,0.2,0.8,587.719298245614
43,6,14,425.0,55.0,13.5,0.2,0.8,587.719298245614
44,6,14,435.0,55.0,13.5,0.2,0.8,587.719298245614
45,6,14,445.0,55.0,13.5,0.2,0.8,587.719298245614
46,6,14,455.0,55.0,13.5,0.2,0.8,587.719298245614
47,6,14,465.0,55.0,13.5,0.2,0.8,587.719298245614
48,6,14,475.0,55.0,13.5,0.2,0.8,587.719298245614
49,6,14,485.0,55.0,13.5,0.2,0.8,587.719298245614
50,6,14,495.0,55.0,13.5,0.2,0.8,587.719298245614
1,7,14,5.0,65.0,13.5,0.2,0.8,587.719298245614
2,7,14,15.0,65.0,13.5,0.2,0.8,587.719298245614
3,7,14,25.0,65.0,13.5,0.2,0.8,587.719298245614
4,7,14,35.0,65.0,13.5,0.2,0.8,587.719298245614
5,7,14,45.0,65.0,13.5,0.2,0.8,587.719298245614
6,7,14,55.0,65.0,13.5,0.2,0.8,587.719298245614
7,7,14,65.0,65.0,13.5,0.2,0.8,587.719298245614
8,7,14,75.0,65.0,13.5,0.2,0.8,587.719298245614
9,7,14,85.0,65.0,13.5,0.2,0.8,587.719298245614
10,7,14,95.0,65.0,13.5,0.2,0.8,587.719298245614
11,7,14,105.0,65.0,13.5,0.2,0.8,587.719298245614
12,7,14,115.0,65.0,13.5,0.2,0.8,587.719298245614
13,7,14,125.0,65.0,13.5,0.2,0.8,587.719298245614
14,7,14,135.0,65.0,13.5,0.2,0.8,587.719298245614
15,7,14,145.0,65.0,13.5,0.2,0.8,587.719298245614
16,7,14,155.0,65.0,13.5,0.2,0.8,587.719298245614
17,7,14,165.0,65.0,13.5,0.2,0.8,587.719298245614
18,7,14,175.0,65.0,13.5,0.2,0.8,587.719298245614
19,7,14,185.0,65.0,13.5,0.2,0.8,587.719298245614
20,7,14,195.0,65.0,13.5,0.2,0.8,587.719298245614
21,7,14,205.0,65.0,13.5,0.2,0.8,587.719298245614
22,7,14,215.0,65.0,13.5,0.2,0.8,587.719298245614
23,7,14,225.0,65.0,13.5,0.2,0.8,587.719298245614
24,7,14,235.0,65.0,13.5,0.2,0.8,587.719298245614
25,7,14,245.0,65.0,13.5,0.2,0.8,587.719298245614
26,7,14,255.0,65.0,13.5,0.2,0.8,587.719298245614
27,7,14,265.0,65.0,13.5,0.2,0.8,587.719298245614
28,7,14,275.0,65.0,13.5,0.2,0.8,587.719298245614
29,7,14,285.0,65.0,13.5,0.2,0.8,587.719298245614
30,7,14,295.0,65.0,13.5,0.2,0.8,587.719298245614
31,7,14,305.0,65.0,13.5,0.2,0.8,587.719298245614
32,7,14,315.0,65.0,13.5,0.2,0.8,587.719298245614
33,7,14,325.0,65.0,13.5,0.2,0.8,587.719298245614
34,7,14,335.0,65.0,13.5,0.2,0.8,587.719298245614
35,7,14,345.0,65.0,13.5,0.2,0.8,587.719298245614
36,7,14,355.0,65.0,13.5,0.2,0.8,587.719298245614
37,7,14,365.0,65.0,13.5,0.2,0.8,587.719298245614
38,7,14,375.0,65.0,13.5,0.2,0.8,587.719298245614
39,7,14,385.0,65.0,13.5,0.2,0.8,587.719298245614
40,7,14,395.0,65.0,13.5,0.2,0.8,587.719298245614
41,7,14,405.0,65.0,13.5,0.2,0.8,587.719298245614
42,7,14,415.0,65.0,13.5,0.2,0.8,587.719298245614
43,7,14,425.0,65.0,13.5,0.2,0.8,587.719298245614
44,7,14,435.0,65.0,13.5,0.2,0.8,587.719298245614
45,7,14,445.0,65.0,13.5,0.2,0.8,587.719298245614
46,7,14,455.0,65.0,13.5,0.2,0.8,587.719298245614
47,7,14,465.0,65.0,13.5,0.2,0.8,587.719298245614
48,7,14,475.0,65.0,13.5,0.2,0.8,587.719298245614
49,7,14,485.0,65.0,13.5,0.2,0.8,587.719298245614
50,7,14,495.0,65.0,13.5,0.2,0.8,587.719298245614
1,8,14,5.0,75.0,13.5,0.2,0.8,587.719298245614
2,8,14,15.0,75.0,13.5,0.2,0.8,587.719298245614
3,8,14,25.0,75.0,13.5,0.2,0.8,587.719298245614
4,8,14,35.0,75.0,13.5,0.2,0.8,587.719298245614
5,8,14,45.0,75.0,13.5,0.2,0.8,587.719298245614
6,8,14,55.0,75.0,13.5,0.2,0.8,587.719298245614
7,8,14,65.0,75.0,13.5,0.2,0.8,587.719298245614
8,8,14,75.0,75.0,13.5,0.2,0.8,587.719298245614
9,8,14,85.0,75.0,13.5,0.2,0.8,587.719298245614
10,8,14,95.0,75.0,13.5,0.2,0.8,587.719298245614
11,8,14,105.0,75.0,13.5,0.2,0.8,587.719298245614
12,8,14,115.0,75.0,13.5,0.2,0.8,587.719298245614
13,8,14,125.0,75.0,13.5,0.2,0.8,587.719298245614
14,8,14,135.0,75.0,13.5,0.2,0.8,587.719298245614
15,8,14,145.0,75.0,13.5,0.2,0.8,587.719298245614
16,8,14,155.0,75.0,13.5,0.2,0.8,587.719298245614
17,8,14,165.0,75.0,13.5,0.2,0.8,587.719298245614
18,8,14,175.0,75.0,13.5,0.2,0.8,587.719298245614
19,8,14,185.0,75.0,13.5,0.2,0.8,587.719298245614
20,8,14,195.0,75.0,13.5,0.2,0.8,587.719298245614
21,8,14,205.0,75.0,13.5,0.2,0.8,587.719298245614
22,8,14,215.0,75.0,13.5,0.2,0.8,587.719298245614
23,8,14,225.0,75.0,13.5,0.2,0.8,587.719298245614
24,8,14,235.0,75.0,13.5,0.2,0.8,587.719298245614
25,8,14,245.0,75.0,13.5,0.2,0.8,587.719298245614
26,8,14,255.0,75.0,13.5,0.2,0.8,587.719298245614
27,8,14,265.0,75.0,13.5,0.2,0.8,587.719298245614
28,8,14,275.0,75.0,13.5,0.2,0.8,587.719298245614
29,8,14,285.0,75.0,13.5,0.2,0.8,587.719298245614
30,8,14,295.0,75.0,13.5,0.2,0.8,587.719298245614
31,8,14,305.0,75.0,13.5,0.2,0.8,587.719298245614
32,8,14,315.0,75.0,13.5,0.2,0.8,587.719298245614
33,8,14,325.0,75.0,13.5,0.2,0.8,587.719298245614
34,8,14,335.0,75.0,13.5,0.2,0.8,587.719298245614
35,8,14,345.0,75.0,13.5,0.2,0.8,587.719298245614
36,8,14,355.0,75.0,13.5,0.2,0.8,587.719298245614
37,8,14,365.0,75.0,13.5,0.2,0.8,587.719298245614
38,8,14,375.0,75.0,13.5,0.2,0.8,587.719298245614
39,8,14,385.0,75.0,13.5,0.2,0.8,587.719298245614
40,8,14,395.0,75.0,13.5,0.2,0.8,587.719298245614
41,8,14,405.0,75.0,13.5,0.2,0.8,587.719298245614
42,8,14,415.0,75.0,13.5,0.2,0.8,587.719298245614
43,8,14,425.0,75.0,13.5,0.2,0.8,587.719298245614
44,8,14,435.0,75.0,13.5,0.2,0.8,587.719298245614
45,8,14,445.0,75.0,13.5,0.2,0.8,587.719298245614
46,8,14,455.0,75.0,13.5,0.2,0.8,587.719298245614
47,8,14,465.0,75.0,13.5,0.2,0.8,587.719298245614
48,8,14,475.0,75.0,13.5,0.2,0.8,587.719298245614
49,8,14,485.0,75.0,13.5,0.2,0.8,587.719298245614
50,8,14,495.0,75.0,13.5,0.2,0.8,587.719298245614
1,9,14,5.0,85.0,13.5,0.2,0.8,587.719298245614
2,9,14,15.0,85.0,13.5,0.2,0.8,587.719298245614
3,9,14,25.0,85.0,13.5,0.2,0.8,587.719298245614
4,9,14,35.0,85.0,13.5,0.2,0.8,587.719298245614
5,9,14,45.0,85.0,13.5,0.2,0.8,587.719298245614
6,9,14,55.0,85.0,13.5,0.2,0.8,587.719298245614
7,9,14,65.0,85.0,13.5,0.2,0.8,587.719298245614
8,9,14,75.0,85.0,13.5,0.2,0.8,587.719298245614
9,9,14,85.0,85.0,13.5,0.2,0.8,587.719298245614
10,9,14,95.0,85.0,13.5,0.2,0.8,587.719298245614
11,9,14,105.0,85.0,13.5,0.2,0.8,587.719298245614
12,9,14,115.0,85.0,13.5,0.2,0.8,587.719298245614
13,9,14,125.0,85.0,13.5,0.2,0.8,587.719298245614
14,9,14,135.0,85.0,13.5,0.2,0.8,587.719298245614
15,9,14,145.0,85.0,13.5,0.2,0.8,587.719298245614
16,9,14,155.0,85.0,13.5,0.2,0.8,587.719298245614
17,9,14,165.0,85.0,13.5,0.2,0.8,587.719298245614
18,9,14,175.0,85.0,13.5,0.2,0.8,587.719298245614
19,9,14,185.0,85.0,13.5,0.2,0.8,587.719298245614
20,9,14,195.0,85.0,13.5,0.2,0.8,587.719298245614
21,9,14,205.0,85.0,13.5,0.2,0.8,587.719298245614
22,9,14,215.0,85.0,13.5,0.2,0.8,587.719298245614
23,9,14,225.0,85.0,13.5,0.2,0.8,587.719298245614
24,9,14,235.0,85.0,13.5,0.2,0.8,587.719298245614
25,9,14,245.0,85.0,13.5,0.2,0.8,587.719298245614
26,9,14,255.0,85.0,13.5,0.2,0.8,587.719298245614
27,9,14,265.0,85.0,13.5,0.2,0.8,587.719298245614
28,9,14,275.0,85.0,13.5,0.2,0.8,587.719298245614
29,9,14,285.0,85.0,13.5,0.2,0.8,587.719298245614
30,9,14,295.0,85.0,13.5,0.2,0.8,587.719298245614
31,9,14,305.0,85.0,13.5,0.2,0.8,587.719298245614
32,9,14,315.0,85.0,13.5,0.2,0.8,587.719298245614
33,9,14,325.0,85.0,13.5,0.2,0.8,587.719298245614
34,9,14,335.0,85.0,13.5,0.2,0.8,587.719298245614
35,9,14,345.0,85.0,13.5,0.2,0.8,587.719298245614
36,9,14,355.0,85.0,13.5,0.2,0.8,587.719298245614
37,9,14,365.0,85.0,13.5,0.2,0.8,587.719298245614
38,9,14,375.0,85.0,13.5,0.2,0.8,587.719298245614
39,9,14,385.0,85.0,13.5,0.2,0.8,587.719298245614
40,9,14,395.0,85.0,13.5,0.2,0.8,587.719298245614
41,9,14,405.0,85.0,13.5,0.2,0.8,587.719298245614
42,9,14,415.0,85.0,13.5,0.2,0.8,587.719298245614
43,9,14,425.0,85.0,13.5,0.2,0.8,587.719298245614
44,9,14,435.0,85.0,13.5,0.2,0.8,587.719298245614
45,9,14,445.0,85.0,13.5,0.2,0.8,587.719298245614
46,9,14,455.0,85.0,13.5,0.2,0.8,587.719298245614
47,9,14,465.0,85.0,13.5,0.2,0.8,587.719298245614
48,9,14,475.0,85.0,13.5,0.2,0.8,587.719298245614
49,9,14,485.0,85.0,13.5,0.2,0.8,587.719298245614
50,9,14,495.0,85.0,13.5,0.2,0.8,587.719298245614
1,10,14,5.0,95.0,13.5,0.2,0.8,587.719298245614
2,10,14,15.0,95.0,13.5,0.2,0.8,587.719298245614
3,10,14,25.0,95.0,13.5,0.2,0.8,587.719298245614
4,10,14,35.0,95.0,13.5,0.2,0.8,587.719298245614
5,10,14,45.0,95.0,13.5,0.2,0.8,587.719298245614
6,10,14,55.0,95.0,13.5,0.2,0.8,587.719298245614
7,10,14,65.0,95.0,13.5,0.2,0.8,587.719298245614
8,10,14,75.0,95.0,13.5,0.2,0.8,587.719298245614
9,10,14,85.0,95.0,13.5,0.2,0.8,587.719298245614
10,10,14,95.0,95.0,13.5,0.2,0.8,587.719298245614
11,10,14,105.0,95.0,13.5,0.2,0.8,587.719298245614
12,10,14,115.0,95.0,13.5,0.2,0.8,587.719298245614
13,10,14,125.0,95.0,13.5,0.2,0.8,587.719298245614
14,10,14,135.0,95.0,13.5,0.2,0.8,587.719298245614
15,10,14,145.0,95.0,13.5,0.2,0.8,587.719298245614
16,10,14,155.0,95.0,13.5,0.2,0.8,587.719298245614
17,10,14,165.0,95.0,13.5,0.2,0.8,587.719298245614
18,10,14,175.0,95.0,13.5,0.2,0.8,587.719298245614
19,10,14,185.0,95.0,13.5,0.2,0.8,587.719298245614
20,10,14,195.0,95.0,13.5,0.2,0.8,587.719298245614
21,10,14,205.0,95.0,13.5,0.2,0.8,587.719298245614
22,10,14,215.0,95.0,13.5,0.2,0.8,587.719298245614
23,10,14,225.0,95.0,13.5,0.2,0.8,587.719298245614
24,10,14,235.0,95.0,13.5,0.2,0.8,587.719298245614
25,10,14,245.0,95.0,13.5,0.2,0.8,587.719298245614
26,10,14,255.0,95.0,13.5,0.2,0.8,587.719298245614
27,10,14,265.0,95.0,13.5,0.2,0.8,587.719298245614
28,10,14,275.0,95.0,13.5,0.2,0.8,587.719298245614
29,10,14,285.0,95.0,13.5,0.2,0.8,587.719298245614
30,10,14,295.0,95.0,13.5,0.2,0.8,587.719298245614
31,10,14,305.0,95.0,13.5,0.2,0.8,587.719298245614
32,10,14,315.0,95.0,13.5,0.2,0.8,587.719298245614
33,10,14,325.0,95.0,13.5,0.2,0.8,587.719298245614
34,10,14,335.0,95.0,13.5,0.2,0.8,587.719298245614
35,10,14,345.0,95.0,13.5,0.2,0.8,587.719298245614
36,10,14,355.0,95.0,13.5,0.2,0.8,587.719298245614
37,10,14,365.0,95.0,13.5,0.2,0.8,587.719298245614
38,10,14,375.0,95.0,13.5,0.2,0.8,587.719298245614
39,10,14,385.0,95.0,13.5,0.2,0.8,587.719298245614
40,10,14,395.0,95.0,13.5,0.2,0.8,587.719298245614
41,10,14,405.0,95.0,13.5,0.2,0.8,587.719298245614
42,10,14,415.0,95.0,13.5,0.2,0.8,587.719298245614
43,10,14,425.0,95.0,13.5,0.2,0.8,587.719298245614
44,10,14,435.0,95.0,13.5,0.2,0.8,587.719298245614
45,10,14,445.0,95.0,13.5,0.2,0.8,587.719298245614
46,10,14,455.0,95.0,13.5,0.2,0.8,587.719298245614
47,10,14,465.0,95.0,13.5,0.2,0.8,587.719298245614
48,10,14,475.0,95.0,13.5,0.2,0.8,587.719298245614
49,10,14,485.0,95.0,13.5,0.2,0.8,587.719298245614
50,10,14,495.0,95.0,13.5,0.2,0.8,587.719298245614
1,1,15,5.0,5.0,14.5,0.2,0.8,517.5438596491229
2,1,15,15.0,5.0,14.5,0.2,0.8,517.5438596491229
3,1,15,25.0,5.0,14.5,0.2,0.8,517.5438596491229
4,1,15,35.0,5.0,14.5,0.2,0.8,517.5438596491229
5,1,15,45.0,5.0,14.5,0.2,0.8,517.5438596491229
6,1,15,55.0,5.0,14.5,0.2,0.8,517.5438596491229
7,1,15,65.0,5.0,14.5,0.2,0.8,517.5438596491229
8,1,15,75.0,5.0,14.5,0.2,0.8,517.5438596491229
9,1,15,85.0,5.0,14.5,0.2,0.8,517.5438596491229
10,1,15,95.0,5.0,14.5,0.2,0.8,517.5438596491229
11,1,15,105.0,5.0,14.5,0.2,0.8,517.5438596491229
12,1,15,115.0,5.0,14.5,0.2,0.8,517.5438596491229
13,1,15,125.0,5.0,14.5,0.2,0.8,517.5438596491229
14,1,15,135.0,5.0,14.5,0.2,0.8,517.5438596491229
15,1,15,145.0,5.0,14.5,0.2,0.8,517.5438596491229
16,1,15,155.0,5.0,14.5,0.2,0.8,517.5438596491229
17,1,15,165.0,5.0,14.5,0.2,0.8,517.5438596491229
18,1,15,175.0,5.0,14.5,0.2,0.8,517.5438596491229
19,1,15,185.0,5.0,14.5,0.2,0.8,517.5438596491229
20,1,15,195.0,5.0,14.5,0.2,0.8,517.5438596491229
21,1,15,205.0,5.0,14.5,0.2,0.8,517.5438596491229
22,1,15,215.0,5.0,14.5,0.2,0.8,517.5438596491229
23,1,15,225.0,5.0,14.5,0.2,0.8,517.5438596491229
24,1,15,235.0,5.0,14.5,0.2,0.8,517.5438596491229
25,1,15,245.0,5.0,14.5,0.2,0.8,517.5438596491229
26,1,15,255.0,5.0,14.5,0.2,0.8,517.5438596491229
27,1,15,265.0,5.0,14.5,0.2,0.8,517.5438596491229
28,1,15,275.0,5.0,14.5,0.2,0.8,517.5438596491229
29,1,15,285.0,5.0,14.5,0.2,0.8,517.5438596491229
30,1,15,295.0,5.0,14.5,0.2,0.8,517.5438596491229
31,1,15,305.0,5.0,14.5,0.2,0.8,517.5438596491229
32,1,15,315.0,5.0,14.5,0.2,0.8,517.5438596491229
33,1,15,325.0,5.0,14.5,0.2,0.8,517.5438596491229
34,1,15,335.0,5.0,14.5,0.2,0.8,517.5438596491229
35,1,15,345.0,5.0,14.5,0.2,0.8,517.5438596491229
36,1,15,355.0,5.0,14.5,0.2,0.8,517.5438596491229
37,1,15,365.0,5.0,14.5,0.2,0.8,517.5438596491229
38,1,15,375.0,5.0,14.5,0.2,0.8,517.5438596491229
39,1,15,385.0,5.0,14.5,0.2,0.8,517.5438596491229
40,1,15,395.0,5.0,14.5,0.2,0.8,517.5438596491229
41,1,15,405.0,5.0,14.5,0.2,0.8,517.5438596491229
42,1,15,415.0,5.0,14.5,0.2,0.8,517.5438596491229
43,1,15,425.0,5.0,14.5,0.2,0.8,517.5438596491229
44,1,15,435.0,5.0,14.5,0.2,0.8,517.5438596491229
45,1,15,445.0,5.0,14.5,0.2,0.8,517.5438596491229
46,1,15,455.0,5.0,14.5,0.2,0.8,517.5438596491229
47,1,15,465.0,5.0,14.5,0.2,0.8,517.5438596491229
48,1,15,475.0,5.0,14.5,0.2,0.8,517.5438596491229
49,1,15,485.0,5.0,14.5,0.2,0.8,517.5438596491229
50,1,15,495.0,5.0,14.5,0.2,0.8,517.5438596491229
1,2,15,5.0,15.0,14.5,0.2,0.8,517.5438596491229
2,2,15,15.0,15.0,14.5,0.2,0.8,517.5438596491229
3,2,15,25.0,15.0,14.5,0.2,0.8,517.5438596491229
4,2,15,35.0,15.0,14.5,0.2,0.8,517.5438596491229
5,2,15,45.0,15.0,14.5,0.2,0.8,517.5438596491229
6,2,15,55.0,15.0,14.5,0.2,0.8,517.5438596491229
7,2,15,65.0,15.0,14.5,0.2,0.8,517.5438596491229
8,2,15,75.0,15.0,14.5,0.2,0.8,517.5438596491229
9,2,15,85.0,15.0,14.5,0.2,0.8,517.5438596491229
10,2,15,95.0,15.0,14.5,0.2,0.8,517.5438596491229
11,2,15,105.0,15.0,14.5,0.2,0.8,517.5438596491229
12,2,15,115.0,15.0,14.5,0.2,0.8,517.5438596491229
13,2,15,125.0,15.0,14.5,0.2,0.8,517.5438596491229
14,2,15,135.0,15.0,14.5,0.2,0.8,517.5438596491229
15,2,15,145.0,15.0,14.5,0.2,0.8,517.5438596491229
16,2,15,155.0,15.0,14.5,0.2,0.8,517.5438596491229
17,2,15,165.0,15.0,14.5,0.2,0.8,517.5438596491229
18,2,15,175.0,15.0,14.5,0.2,0.8,517.5438596491229
19,2,15,185.0,15.0,14.5,0.2,0.8,517.5438596491229
20,2,15,195.0,15.0,14.5,0.2,0.8,517.5438596491229
21,2,15,205.0,15.0,14.5,0.2,0.8,517.5438596491229
22,2,15,215.0,15.0,14.5,0.2,0.8,517.5438596491229
23,2,15,225.0,15.0,14.5,0.2,0.8,517.5438596491229
24,2,15,235.0,15.0,14.5,0.2,0.8,517.5438596491229
25,2,15,245.0,15.0,14.5,0.2,0.8,517.5438596491229
26,2,15,255.0,15.0,14.5,0.2,0.8,517.5438596491229
27,2,15,265.0,15.0,14.5,0.2,0.8,517.5438596491229
28,2,15,275.0,15.0,14.5,0.2,0.8,517.5438596491229
29,2,15,285.0,15.0,14.5,0.2,0.8,517.5438596491229
30,2,15,295.0,15.0,14.5,0.2,0.8,517.5438596491229
31,2,15,305.0,15.0,14.5,0.2,0.8,517.5438596491229
32,2,15,315.0,15.0,14.5,0.2,0.8,517.5438596491229
33,2,15,325.0,15.0,14.5,0.2,0.8,517.5438596491229
34,2,15,335.0,15.0,14.5,0.2,0.8,517.5438596491229
35,2,15,345.0,15.0,14.5,0.2,0.8,517.5438596491229
36,2,15,355.0,15.0,14.5,0.2,0.8,517.5438596491229
37,2,15,365.0,15.0,14.5,0.2,0.8,517.5438596491229
38,2,15,375.0,15.0,14.5,0.2,0.8,517.5438596491229
39,2,15,385.0,15.0,14.5,0.2,0.8,517.5438596491229
40,2,15,395.0,15.0,14.5,0.2,0.8,517.5438596491229
41,2,15,405.0,15.0,14.5,0.2,0.8,517.5438596491229
42,2,15,415.0,15.0,14.5,0.2,0.8,517.5438596491229
43,2,15,425.0,15.0,14.5,0.2,0.8,517.5438596491229
44,2,15,435.0,15.0,14.5,0.2,0.8,517.5438596491229
45,2,15,445.0,15.0,14.5,0.2,0.8,517.5438596491229
46,2,15,455.0,15.0,14.5,0.2,0.8,517.5438596491229
47,2,15,465.0,15.0,14.5,0.2,0.8,517.5438596491229
48,2,15,475.0,15.0,14.5,0.2,0.8,517.5438596491229
49,2,15,485.0,15.0,14.5,0.2,0.8,517.5438596491229
50,2,15,495.0,15.0,14.5,0.2,0.8,517.5438596491229
1,3,15,5.0,25.0,14.5,0.2,0.8,517.5438596491229
2,3,15,15.0,25.0,14.5,0.2,0.8,517.5438596491229
3,3,15,25.0,25.0,14.5,0.2,0.8,517.5438596491229
4,3,15,35.0,25.0,14.5,0.2,0.8,517.5438596491229
5,3,15,45.0,25.0,14.5,0.2,0.8,517.5438596491229
6,3,15,55.0,25.0,14.5,0.2,0.8,517.5438596491229
7,3,15,65.0,25.0,14.5,0.2,0.8,517.5438596491229
8,3,15,75.0,25.0,14.5,0.2,0.8,517.5438596491229
9,3,15,85.0,25.0,14.5,0.2,0.8,517.5438596491229
10,3,15,95.0,25.0,14.5,0.2,0.8,517.5438596491229
11,3,15,105.0,25.0,14.5,0.2,0.8,517.5438596491229
12,3,15,115.0,25.0,14.5,0.2,0.8,517.5438596491229
13,3,15,125.0,25.0,14.5,0.2,0.8,517.5438596491229
14,3,15,135.0,25.0,14.5,0.2,0.8,517.5438596491229
15,3,15,145.0,25.0,14.5,0.2,0.8,517.5438596491229
16,3,15,155.0,25.0,14.5,0.2,0.8,517.5438596491229
17,3,15,165.0,25.0,14.5,0.2,0.8,517.5438596491229
18,3,15,175.0,25.0,14.5,0.2,0.8,517.5438596491229
19,3,15,185.0,25.0,14.5,0.2,0.8,517.5438596491229
20,3,15,195.0,25.0,14.5,0.2,0.8,517.5438596491229
21,3,15,205.0,25.0,14.5,0.2,0.8,517.5438596491229
22,3,15,215.0,25.0,14.5,0.2,0.8,517.5438596491229
23,3,15,225.0,25.0,14.5,0.2,0.8,517.5438596491229
24,3,15,235.0,25.0,14.5,0.2,0.8,517.5438596491229
25,3,15,245.0,25.0,14.5,0.2,0.8,517.5438596491229
26,3,15,255.0,25.0,14.5,0.2,0.8,517.5438596491229
27,3,15,265.0,25.0,14.5,0.2,0.8,517.5438596491229
28,3,15,275.0,25.0,14.5,0.2,0.8,517.5438596491229
29,3,15,285.0,25.0,14.5,0.2,0.8,517.5438596491229
30,3,15,295.0,25.0,14.5,0.2,0.8,517.5438596491229
31,3,15,305.0,25.0,14.5,0.2,0.8,517.5438596491229
32,3,15,315.0,25.0,14.5,0.2,0.8,517.5438596491229
33,3,15,325.0,25.0,14.5,0.2,0.8,517.5438596491229
34,3,15,335.0,25.0,14.5,0.2,0.8,517.5438596491229
35,3,15,345.0,25.0,14.5,0.2,0.8,517.5438596491229
36,3,15,355.0,25.0,14.5,0.2,0.8,517.5438596491229
37,3,15,365.0,25.0,14.5,0.2,0.8,517.5438596491229
38,3,15,375.0,25.0,14.5,0.2,0.8,517.5438596491229
39,3,15,385.0,25.0,14.5,0.2,0.8,517.5438596491229
40,3,15,395.0,25.0,14.5,0.2,0.8,517.5438596491229
41,3,15,405.0,25.0,14.5,0.2,0.8,517.5438596491229
42,3,15,415.0,25.0,14.5,0.2,0.8,517.5438596491229
43,3,15,425.0,25.0,14.5,0.2,0.8,517.5438596491229
44,3,15,435.0,25.0,14.5,0.2,0.8,517.5438596491229
45,3,15,445.0,25.0,14.5,0.2,0.8,517.5438596491229
46,3,15,455.0,25.0,14.5,0.2,0.8,517.5438596491229
47,3,15,465.0,25.0,14.5,0.2,0.8,517.5438596491229
48,3,15,475.0,25.0,14.5,0.2,0.8,517.5438596491229
49,3,15,485.0,25.0,14.5,0.2,0.8,517.5438596491229
50,3,15,495.0,25.0,14.5,0.2,0.8,517.5438596491229
1,4,15,5.0,35.0,14.5,0.2,0.8,517.5438596491229
2,4,15,15.0,35.0,14.5,0.2,0.8,517.5438596491229
3,4,15,25.0,35.0,14.5,0.2,0.8,517.5438596491229
4,4,15,35.0,35.0,14.5,0.2,0.8,517.5438596491229
5,4,15,45.0,35.0,14.5,0.2,0.8,517.5438596491229
6,4,15,55.0,35.0,14.5,0.2,0.8,517.5438596491229
7,4,15,65.0,35.0,14.5,0.2,0.8,517.5438596491229
8,4,15,75.0,35.0,14.5,0.2,0.8,517.5438596491229
9,4,15,85.0,35.0,14.5,0.2,0.8,517.5438596491229
10,4,15,95.0,35.0,14.5,0.2,0.8,517.5438596491229
11,4,15,105.0,35.0,14.5,0.2,0.8,517.5438596491229
12,4,15,115.0,35.0,14.5,0.2,0.8,517.5438596491229
13,4,15,125.0,35.0,14.5,0.2,0.8,517.5438596491229
14,4,15,135.0,35.0,14.5,0.2,0.8,517.5438596491229
15,4,15,145.0,35.0,14.5,0.2,0.8,517.5438596491229
16,4,15,155.0,35.0,14.5,0.2,0.8,517.5438596491229
17,4,15,165.0,35.0,14.5,0.2,0.8,517.5438596491229
18,4,15,175.0,35.0,14.5,0.2,0.8,517.5438596491229
19,4,15,185.0,35.0,14.5,0.2,0.8,517.5438596491229
20,4,15,195.0,35.0,14.5,0.2,0.8,517.5438596491229
21,4,15,205.0,35.0,14.5,0.2,0.8,517.5438596491229
22,4,15,215.0,35.0,14.5,0.2,0.8,517.5438596491229
23,4,15,225.0,35.0,14.5,0.2,0.8,517.5438596491229
24,4,15,235.0,35.0,14.5,0.2,0.8,517.5438596491229
25,4,15,245.0,35.0,14.5,0.2,0.8,517.5438596491229
26,4,15,255.0,35.0,14.5,0.2,0.8,517.5438596491229
27,4,15,265.0,35.0,14.5,0.2,0.8,517.5438596491229
28,4,15,275.0,35.0,14.5,0.2,0.8,517.5438596491229
29,4,15,285.0,35.0,14.5,0.2,0.8,517.5438596491229
30,4,15,295.0,35.0,14.5,0.2,0.8,517.5438596491229
31,4,15,305.0,35.0,14.5,0.2,0.8,517.5438596491229
32,4,15,315.0,35.0,14.5,0.2,0.8,517.5438596491229
33,4,15,325.0,35.0,14.5,0.2,0.8,517.5438596491229
34,4,15,335.0,35.0,14.5,0.2,0.8,517.5438596491229
35,4,15,345.0,35.0,14.5,0.2,0.8,517.5438596491229
36,4,15,355.0,35.0,14.5,0.2,0.8,517.5438596491229
37,4,15,365.0,35.0,14.5,0.2,0.8,517.5438596491229
38,4,15,375.0,35.0,14.5,0.2,0.8,517.5438596491229
39,4,15,385.0,35.0,14.5,0.2,0.8,517.5438596491229
40,4,15,395.0,35.0,14.5,0.2,0.8,517.5438596491229
41,4,15,405.0,35.0,14.5,0.2,0.8,517.5438596491229
42,4,15,415.0,35.0,14.5,0.2,0.8,517.5438596491229
43,4,15,425.0,35.0,14.5,0.2,0.8,517.5438596491229
44,4,15,435.0,35.0,14.5,0.2,0.8,517.5438596491229
45,4,15,445.0,35.0,14.5,0.2,0.8,517.5438596491229
46,4,15,455.0,35.0,14.5,0.2,0.8,517.5438596491229
47,4,15,465.0,35.0,14.5,0.2,0.8,517.5438596491229
48,4,15,475.0,35.0,14.5,0.2,0.8,517.5438596491229
49,4,15,485.0,35.0,14.5,0.2,0.8,517.5438596491229
50,4,15,495.0,35.0,14.5,0.2,0.8,517.5438596491229
1,5,15,5.0,45.0,14.5,0.2,0.8,517.5438596491229
2,5,15,15.0,45.0,14.5,0.2,0.8,517.5438596491229
3,5,15,25.0,45.0,14.5,0.2,0.8,517.5438596491229
4,5,15,35.0,45.0,14.5,0.2,0.8,517.5438596491229
5,5,15,45.0,45.0,14.5,0.2,0.8,517.5438596491229
6,5,15,55.0,45.0,14.5,0.2,0.8,517.5438596491229
7,5,15,65.0,45.0,14.5,0.2,0.8,517.5438596491229
8,5,15,75.0,45.0,14.5,0.2,0.8,517.5438596491229
9,5,15,85.0,45.0,14.5,0.2,0.8,517.5438596491229
10,5,15,95.0,45.0,14.5,0.2,0.8,517.5438596491229
11,5,15,105.0,45.0,14.5,0.2,0.8,517.5438596491229
12,5,15,115.0,45.0,14.5,0.2,0.8,517.5438596491229
13,5,15,125.0,45.0,14.5,0.2,0.8,517.5438596491229
14,5,15,135.0,45.0,14.5,0.2,0.8,517.5438596491229
15,5,15,145.0,45.0,14.5,0.2,0.8,517.5438596491229
16,5,15,155.0,45.0,14.5,0.2,0.8,517.5438596491229
17,5,15,165.0,45.0,14.5,0.2,0.8,517.5438596491229
18,5,15,175.0,45.0,14.5,0.2,0.8,517.5438596491229
19,5,15,185.0,45.0,14.5,0.2,0.8,517.5438596491229
20,5,15,195.0,45.0,14.5,0.2,0.8,517.5438596491229
21,5,15,205.0,45.0,14.5,0.2,0.8,517.5438596491229
22,5,15,215.0,45.0,14.5,0.2,0.8,517.5438596491229
23,5,15,225.0,45.0,14.5,0.2,0.8,517.5438596491229
24,5,15,235.0,45.0,14.5,0.2,0.8,517.5438596491229
25,5,15,245.0,45.0,14.5,0.2,0.8,517.5438596491229
26,5,15,255.0,45.0,14.5,0.2,0.8,517.5438596491229
27,5,15,265.0,45.0,14.5,0.2,0.8,517.5438596491229
28,5,15,275.0,45.0,14.5,0.2,0.8,517.5438596491229
29,5,15,285.0,45.0,14.5,0.2,0.8,517.5438596491229
30,5,15,295.0,45.0,14.5,0.2,0.8,517.5438596491229
31,5,15,305.0,45.0,14.5,0.2,0.8,517.5438596491229
32,5,15,315.0,45.0,14.5,0.2,0.8,517.5438596491229
33,5,15,325.0,45.0,14.5,0.2,0.8,517.5438596491229
34,5,15,335.0,45.0,14.5,0.2,0.8,517.5438596491229
35,5,15,345.0,45.0,14.5,0.2,0.8,517.5438596491229
36,5,15,355.0,45.0,14.5,0.2,0.8,517.5438596491229
37,5,15,365.0,45.0,14.5,0.2,0.8,517.5438596491229
38,5,15,375.0,45.0,14.5,0.2,0.8,517.5438596491229
39,5,15,385.0,45.0,14.5,0.2,0.8,517.5438596491229
40,5,15,395.0,45.0,14.5,0.2,0.8,517.5438596491229
41,5,15,405.0,45.0,14.5,0.2,0.8,517.5438596491229
42,5,15,415.0,45.0,14.5,0.2,0.8,517.5438596491229
43,5,15,425.0,45.0,14.5,0.2,0.8,517.5438596491229
44,5,15,435.0,45.0,14.5,0.2,0.8,517.5438596491229
45,5,15,445.0,45.0,14.5,0.2,0.8,517.5438596491229
46,5,15,455.0,45.0,14.5,0.2,0.8,517.5438596491229
47,5,15,465.0,45.0,14.5,0.2,0.8,517.5438596491229
48,5,15,475.0,45.0,14.5,0.2,0.8,517.5438596491229
49,5,15,485.0,45.0,14.5,0.2,0.8,517.5438596491229
50,5,15,495.0,45.0,14.5,0.2,0.8,517.5438596491229
1,6,15,5.0,55.0,14.5,0.2,0.8,517.5438596491229
2,6,15,15.0,55.0,14.5,0.2,0.8,517.5438596491229
3,6,15,25.0,55.0,14.5,0.2,0.8,517.5438596491229
4,6,15,35.0,55.0,14.5,0.2,0.8,517.5438596491229
5,6,15,45.0,55.0,14.5,0.2,0.8,517.5438596491229
6,6,15,55.0,55.0,14.5,0.2,0.8,517.5438596491229
7,6,15,65.0,55.0,14.5,0.2,0.8,517.5438596491229
8,6,15,75.0,55.0,14.5,0.2,0.8,517.5438596491229
9,6,15,85.0,55.0,14.5,0.2,0.8,517.5438596491229
10,6,15,95.0,55.0,14.5,0.2,0.8,517.5438596491229
11,6,15,105.0,55.0,14.5,0.2,0.8,517.5438596491229
12,6,15,115.0,55.0,14.5,0.2,0.8,517.5438596491229
13,6,15,125.0,55.0,14.5,0.2,0.8,517.5438596491229
14,6,15,135.0,55.0,14.5,0.2,0.8,517.5438596491229
15,6,15,145.0,55.0,14.5,0.2,0.8,517.5438596491229
16,6,15,155.0,55.0,14.5,0.2,0.8,517.5438596491229
17,6,15,165.0,55.0,14.5,0.2,0.8,517.5438596491229
18,6,15,175.0,55.0,14.5,0.2,0.8,517.5438596491229
19,6,15,185.0,55.0,14.5,0.2,0.8,517.5438596491229
20,6,15,195.0,55.0,14.5,0.2,0.8,517.5438596491229
21,6,15,205.0,55.0,14.5,0.2,0.8,517.5438596491229
22,6,15,215.0,55.0,14.5,0.2,0.8,517.5438596491229
23,6,15,225.0,55.0,14.5,0.2,0.8,517.5438596491229
24,6,15,235.0,55.0,14.5,0.2,0.8,517.5438596491229
25,6,15,245.0,55.0,14.5,0.2,0.8,517.5438596491229
26,6,15,255.0,55.0,14.5,0.2,0.8,517.5438596491229
27,6,15,265.0,55.0,14.5,0.2,0.8,517.5438596491229
28,6,15,275.0,55.0,14.5,0.2,0.8,517.5438596491229
29,6,15,285.0,55.0,14.5,0.2,0.8,517.5438596491229
30,6,15,295.0,55.0,14.5,0.2,0.8,517.5438596491229
31,6,15,305.0,55.0,14.5,0.2,0.8,517.5438596491229
32,6,15,315.0,55.0,14.5,0.2,0.8,517.5438596491229
33,6,15,325.0,55.0,14.5,0.2,0.8,517.5438596491229
34,6,15,335.0,55.0,14.5,0.2,0.8,517.5438596491229
35,6,15,345.0,55.0,14.5,0.2,0.8,517.5438596491229
36,6,15,355.0,55.0,14.5,0.2,0.8,517.5438596491229
37,6,15,365.0,55.0,14.5,0.2,0.8,517.5438596491229
38,6,15,375.0,55.0,14.5,0.2,0.8,517.5438596491229
39,6,15,385.0,55.0,14.5,0.2,0.8,517.5438596491229
40,6,15,395.0,55.0,14.5,0.2,0.8,517.5438596491229
41,6,15,405.0,55.0,14.5,0.2,0.8,517.5438596491229
42,6,15,415.0,55.0,14.5,0.2,0.8,517.5438596491229
43,6,15,425.0,55.0,14.5,0.2,0.8,517.5438596491229
44,6,15,435.0,55.0,14.5,0.2,0.8,517.5438596491229
45,6,15,445.0,55.0,14.5,0.2,0.8,517.5438596491229
46,6,15,455.0,55.0,14.5,0.2,0.8,517.5438596491229
47,6,15,465.0,55.0,14.5,0.2,0.8,517.5438596491229
48,6,15,475.0,55.0,14.5,0.2,0.8,517.5438596491229
49,6,15,485.0,55.0,14.5,0.2,0.8,517.5438596491229
50,6,15,495.0,55.0,14.5,0.2,0.8,517.5438596491229
1,7,15,5.0,65.0,14.5,0.2,0.8,517.5438596491229
2,7,15,15.0,65.0,14.5,0.2,0.8,517.5438596491229
3,7,15,25.0,65.0,14.5,0.2,0.8,517.5438596491229
4,7,15,35.0,65.0,14.5,0.2,0.8,517.5438596491229
5,7,15,45.0,65.0,14.5,0.2,0.8,517.5438596491229
6,7,15,55.0,65.0,14.5,0.2,0.8,517.5438596491229
7,7,15,65.0,65.0,14.5,0.2,0.8,517.5438596491229
8,7,15,75.0,65.0,14.5,0.2,0.8,517.5438596491229
9,7,15,85.0,65.0,14.5,0.2,0.8,517.5438596491229
10,7,15,95.0,65.0,14.5,0.2,0.8,517.5438596491229
11,7,15,105.0,65.0,14.5,0.2,0.8,517.5438596491229
12,7,15,115.0,65.0,14.5,0.2,0.8,517.5438596491229
13,7,15,125.0,65.0,14.5,0.2,0.8,517.5438596491229
14,7,15,135.0,65.0,14.5,0.2,0.8,517.5438596491229
15,7,15,145.0,65.0,14.5,0.2,0.8,517.5438596491229
16,7,15,155.0,65.0,14.5,0.2,0.8,517.5438596491229
17,7,15,165.0,65.0,14.5,0.2,0.8,517.5438596491229
18,7,15,175.0,65.0,14.5,0.2,0.8,517.5438596491229
19,7,15,185.0,65.0,14.5,0.2,0.8,517.5438596491229
20,7,15,195.0,65.0,14.5,0.2,0.8,517.5438596491229
21,7,15,205.0,65.0,14.5,0.2,0.8,517.5438596491229
22,7,15,215.0,65.0,14.5,0.2,0.8,517.5438596491229
23,7,15,225.0,65.0,14.5,0.2,0.8,517.5438596491229
24,7,15,235.0,65.0,14.5,0.2,0.8,517.5438596491229
25,7,15,245.0,65.0,14.5,0.2,0.8,517.5438596491229
26,7,15,255.0,65.0,14.5,0.2,0.8,517.5438596491229
27,7,15,265.0,65.0,14.5,0.2,0.8,517.5438596491229
28,7,15,275.0,65.0,14.5,0.2,0.8,517.5438596491229
29,7,15,285.0,65.0,14.5,0.2,0.8,517.5438596491229
30,7,15,295.0,65.0,14.5,0.2,0.8,517.5438596491229
31,7,15,305.0,65.0,14.5,0.2,0.8,517.5438596491229
32,7,15,315.0,65.0,14.5,0.2,0.8,517.5438596491229
33,7,15,325.0,65.0,14.5,0.2,0.8,517.5438596491229
34,7,15,335.0,65.0,14.5,0.2,0.8,517.5438596491229
35,7,15,345.0,65.0,14.5,0.2,0.8,517.5438596491229
36,7,15,355.0,65.0,14.5,0.2,0.8,517.5438596491229
37,7,15,365.0,65.0,14.5,0.2,0.8,517.5438596491229
38,7,15,375.0,65.0,14.5,0.2,0.8,517.5438596491229
39,7,15,385.0,65.0,14.5,0.2,0.8,517.5438596491229
40,7,15,395.0,65.0,14.5,0.2,0.8,517.5438596491229
41,7,15,405.0,65.0,14.5,0.2,0.8,517.5438596491229
42,7,15,415.0,65.0,14.5,0.2,0.8,517.5438596491229
43,7,15,425.0,65.0,14.5,0.2,0.8,517.5438596491229
44,7,15,435.0,65.0,14.5,0.2,0.8,517.5438596491229
45,7,15,445.0,65.0,14.5,0.2,0.8,517.5438596491229
46,7,15,455.0,65.0,14.5,0.2,0.8,517.5438596491229
47,7,15,465.0,65.0,14.5,0.2,0.8,517.5438596491229
48,7,15,475.0,65.0,14.5,0.2,0.8,517.5438596491229
49,7,15,485.0,65.0,14.5,0.2,0.8,517.5438596491229
50,7,15,495.0,65.0,14.5,0.2,0.8,517.5438596491229
1,8,15,5.0,75.0,14.5,0.2,0.8,517.5438596491229
2,8,15,15.0,75.0,14.5,0.2,0.8,517.5438596491229
3,8,15,25.0,75.0,14.5,0.2,0.8,517.5438596491229
4,8,15,35.0,75.0,14.5,0.2,0.8,517.5438596491229
5,8,15,45.0,75.0,14.5,0.2,0.8,517.5438596491229
6,8,15,55.0,75.0,14.5,0.2,0.8,517.5438596491229
7,8,15,65.0,75.0,14.5,0.2,0.8,517.5438596491229
8,8,15,75.0,75.0,14.5,0.2,0.8,517.5438596491229
9,8,15,85.0,75.0,14.5,0.2,0.8,517.5438596491229
10,8,15,95.0,75.0,14.5,0.2,0.8,517.5438596491229
11,8,15,105.0,75.0,14.5,0.2,0.8,517.5438596491229
12,8,15,115.0,75.0,14.5,0.2,0.8,517.5438596491229
13,8,15,125.0,75.0,14.5,0.2,0.8,517.5438596491229
14,8,15,135.0,75.0,14.5,0.2,0.8,517.5438596491229
15,8,15,145.0,75.0,14.5,0.2,0.8,517.5438596491229
16,8,15,155.0,75.0,14.5,0.2,0.8,517.5438596491229
17,8,15,165.0,75.0,14.5,0.2,0.8,517.5438596491229
18,8,15,175.0,75.0,14.5,0.2,0.8,517.5438596491229
19,8,15,185.0,75.0,14.5,0.2,0.8,517.5438596491229
20,8,15,195.0,75.0,14.5,0.2,0.8,517.5438596491229
21,8,15,205.0,75.0,14.5,0.2,0.8,517.5438596491229
22,8,15,215.0,75.0,14.5,0.2,0.8,517.5438596491229
23,8,15,225.0,75.0,14.5,0.2,0.8,517.5438596491229
24,8,15,235.0,75.0,14.5,0.2,0.8,517.5438596491229
25,8,15,245.0,75.0,14.5,0.2,0.8,517.5438596491229
26,8,15,255.0,75.0,14.5,0.2,0.8,517.5438596491229
27,8,15,265.0,75.0,14.5,0.2,0.8,517.5438596491229
28,8,15,275.0,75.0,14.5,0.2,0.8,517.5438596491229
29,8,15,285.0,75.0,14.5,0.2,0.8,517.5438596491229
30,8,15,295.0,75.0,14.5,0.2,0.8,517.5438596491229
31,8,15,305.0,75.0,14.5,0.2,0.8,517.5438596491229
32,8,15,315.0,75.0,14.5,0.2,0.8,517.5438596491229
33,8,15,325.0,75.0,14.5,0.2,0.8,517.5438596491229
34,8,15,335.0,75.0,14.5,0.2,0.8,517.5438596491229
35,8,15,345.0,75.0,14.5,0.2,0.8,517.5438596491229
36,8,15,355.0,75.0,14.5,0.2,0.8,517.5438596491229
37,8,15,365.0,75.0,14.5,0.2,0.8,517.5438596491229
38,8,15,375.0,75.0,14.5,0.2,0.8,517.5438596491229
39,8,15,385.0,75.0,14.5,0.2,0.8,517.5438596491229
40,8,15,395.0,75.0,14.5,0.2,0.8,517.5438596491229
41,8,15,405.0,75.0,14.5,0.2,0.8,517.5438596491229
42,8,15,415.0,75.0,14.5,0.2,0.8,517.5438596491229
43,8,15,425.0,75.0,14.5,0.2,0.8,517.5438596491229
44,8,15,435.0,75.0,14.5,0.2,0.8,517.5438596491229
45,8,15,445.0,75.0,14.5,0.2,0.8,517.5438596491229
46,8,15,455.0,75.0,14.5,0.2,0.8,517.5438596491229
47,8,15,465.0,75.0,14.5,0.2,0.8,517.5438596491229
48,8,15,475.0,75.0,14.5,0.2,0.8,517.5438596491229
49,8,15,485.0,75.0,14.5,0.2,0.8,517.5438596491229
50,8,15,495.0,75.0,14.5,0.2,0.8,517.5438596491229
1,9,15,5.0,85.0,14.5,0.2,0.8,517.5438596491229
2,9,15,15.0,85.0,14.5,0.2,0.8,517.5438596491229
3,9,15,25.0,85.0,14.5,0.2,0.8,517.5438596491229
4,9,15,35.0,85.0,14.5,0.2,0.8,517.5438596491229
5,9,15,45.0,85.0,14.5,0.2,0.8,517.5438596491229
6,9,15,55.0,85.0,14.5,0.2,0.8,517.5438596491229
7,9,15,65.0,85.0,14.5,0.2,0.8,517.5438596491229
8,9,15,75.0,85.0,14.5,0.2,0.8,517.5438596491229
9,9,15,85.0,85.0,14.5,0.2,0.8,517.5438596491229
10,9,15,95.0,85.0,14.5,0.2,0.8,517.5438596491229
11,9,15,105.0,85.0,14.5,0.2,0.8,517.5438596491229
12,9,15,115.0,85.0,14.5,0.2,0.8,517.5438596491229
13,9,15,125.0,85.0,14.5,0.2,0.8,517.5438596491229
14,9,15,135.0,85.0,14.5,0.2,0.8,517.5438596491229
15,9,15,145.0,85.0,14.5,0.2,0.8,517.5438596491229
16,9,15,155.0,85.0,14.5,0.2,0.8,517.5438596491229
17,9,15,165.0,85.0,14.5,0.2,0.8,517.5438596491229
18,9,15,175.0,85.0,14.5,0.2,0.8,517.5438596491229
19,9,15,185.0,85.0,14.5,0.2,0.8,517.5438596491229
20,9,15,195.0,85.0,14.5,0.2,0.8,517.5438596491229
21,9,15,205.0,85.0,14.5,0.2,0.8,517.5438596491229
22,9,15,215.0,85.0,14.5,0.2,0.8,517.5438596491229
23,9,15,225.0,85.0,14.5,0.2,0.8,517.5438596491229
24,9,15,235.0,85.0,14.5,0.2,0.8,517.5438596491229
25,9,15,245.0,85.0,14.5,0.2,0.8,517.5438596491229
26,9,15,255.0,85.0,14.5,0.2,0.8,517.5438596491229
27,9,15,265.0,85.0,14.5,0.2,0.8,517.5438596491229
28,9,15,275.0,85.0,14.5,0.2,0.8,517.5438596491229
29,9,15,285.0,85.0,14.5,0.2,0.8,517.5438596491229
30,9,15,295.0,85.0,14.5,0.2,0.8,517.5438596491229
31,9,15,305.0,85.0,14.5,0.2,0.8,517.5438596491229
32,9,15,315.0,85.0,14.5,0.2,0.8,517.5438596491229
33,9,15,325.0,85.0,14.5,0.2,0.8,517.5438596491229
34,9,15,335.0,85.0,14.5,0.2,0.8,517.5438596491229
35,9,15,345.0,85.0,14.5,0.2,0.8,517.5438596491229
36,9,15,355.0,85.0,14.5,0.2,0.8,517.5438596491229
37,9,15,365.0,85.0,14.5,0.2,0.8,517.5438596491229
38,9,15,375.0,85.0,14.5,0.2,0.8,517.5438596491229
39,9,15,385.0,85.0,14.5,0.2,0.8,517.5438596491229
40,9,15,395.0,85.0,14.5,0.2,0.8,517.5438596491229
41,9,15,405.0,85.0,14.5,0.2,0.8,517.5438596491229
42,9,15,415.0,85.0,14.5,0.2,0.8,517.5438596491229
43,9,15,425.0,85.0,14.5,0.2,0.8,517.5438596491229
44,9,15,435.0,85.0,14.5,0.2,0.8,517.5438596491229
45,9,15,445.0,85.0,14.5,0.2,0.8,517.5438596491229
46,9,15,455.0,85.0,14.5,0.2,0.8,517.5438596491229
47,9,15,465.0,85.0,14.5,0.2,0.8,517.5438596491229
48,9,15,475.0,85.0,14.5,0.2,0.8,517.5438596491229
49,9,15,485.0,85.0,14.5,0.2,0.8,517.5438596491229
50,9,15,495.0,85.0,14.5,0.2,0.8,517.5438596491229
1,10,15,5.0,95.0,14.5,0.2,0.8,517.5438596491229
2,10,15,15.0,95.0,14.5,0.2,0.8,517.5438596491229
3,10,15,25.0,95.0,14.5,0.2,0.8,517.5438596491229
4,10,15,35.0,95.0,14.5,0.2,0.8,517.5438596491229
5,10,15,45.0,95.0,14.5,0.2,0.8,517.5438596491229
6,10,15,55.0,95.0,14.5,0.2,0.8,517.5438596491229
7,10,15,65.0,95.0,14.5,0.2,0.8,517.5438596491229
8,10,15,75.0,95.0,14.5,0.2,0.8,517.5438596491229
9,10,15,85.0,95.0,14.5,0.2,0.8,517.5438596491229
10,10,15,95.0,95.0,14.5,0.2,0.8,517.5438596491229
11,10,15,105.0,95.0,14.5,0.2,0.8,517.5438596491229
12,10,15,115.0,95.0,14.5,0.2,0.8,517.5438596491229
13,10,15,125.0,95.0,14.5,0.2,0.8,517.5438596491229
14,10,15,135.0,95.0,14.5,0.2,0.8,517.5438596491229
15,10,15,145.0,95.0,14.5,0.2,0.8,517.5438596491229
16,10,15,155.0,95.0,14.5,0.2,0.8,517.5438596491229
17,10,15,165.0,95.0,14.5,0.2,0.8,517.5438596491229
18,10,15,175.0,95.0,14.5,0.2,0.8,517.5438596491229
19,10,15,185.0,95.0,14.5,0.2,0.8,517.5438596491229
20,10,15,195.0,95.0,14.5,0.2,0.8,517.5438596491229
21,10,15,205.0,95.0,14.5,0.2,0.8,517.5438596491229
22,10,15,215.0,95.0,14.5,0.2,0.8,517.5438596491229
23,10,15,225.0,95.0,14.5,0.2,0.8,517.5438596491229
24,10,15,235.0,95.0,14.5,0.2,0.8,517.5438596491229
25,10,15,245.0,95.0,14.5,0.2,0.8,517.5438596491229
26,10,15,255.0,95.0,14.5,0.2,0.8,517.5438596491229
27,10,15,265.0,95.0,14.5,0.2,0.8,517.5438596491229
28,10,15,275.0,95.0,14.5,0.2,0.8,517.5438596491229
29,10,15,285.0,95.0,14.5,0.2,0.8,517.5438596491229
30,10,15,295.0,95.0,14.5,0.2,0.8,517.5438596491229
31,10,15,305.0,95.0,14.5,0.2,0.8,517.5438596491229
32,10,15,315.0,95.0,14.5,0.2,0.8,517.5438596491229
33,10,15,325.0,95.0,14.5,0.2,0.8,517.5438596491229
34,10,15,335.0,95.0,14.5,0.2,0.8,517.5438596491229
35,10,15,345.0,95.0,14.5,0.2,0.8,517.5438596491229
36,10,15,355.0,95.0,14.5,0.2,0.8,517.5438596491229
37,10,15,365.0,95.0,14.5,0.2,0.8,517.5438596491229
38,10,15,375.0,95.0,14.5,0.2,0.8,517.5438596491229
39,10,15,385.0,95.0,14.5,0.2,0.8,517.5438596491229
40,10,15,395.0,95.0,14.5,0.2,0.8,517.5438596491229
41,10,15,405.0,95.0,14.5,0.2,0.8,517.5438596491229
42,10,15,415.0,95.0,14.5,0.2,0.8,517.5438596491229
43,10,15,425.0,95.0,14.5,0.2,0.8,517.5438596491229
44,10,15,435.0,95.0,14.5,0.2,0.8,517.5438596491229
45,10,15,445.0,95.0,14.5,0.2,0.8,517.5438596491229
46,10,15,455.0,95.0,14.5,0.2,0.8,517.5438596491229
47,10,15,465.0,95.0,14.5,0.2,0.8,517.5438596491229
48,10,15,475.0,95.0,14.5,0.2,0.8,517.5438596491229
49,10,15,485.0,95.0,14.5,0.2,0.8,517.5438596491229
50,10,15,495.0,95.0,14.5,0.2,0.8,517.5438596491229
1,1,16,5.0,5.0,15.5,0.2,0.8,447.36842105263156
2,1,16,15.0,5.0,15.5,0.2,0.8,447.36842105263156
3,1,16,25.0,5.0,15.5,0.2,0.8,447.36842105263156
4,1,16,35.0,5.0,15.5,0.2,0.8,447.36842105263156
5,1,16,45.0,5.0,15.5,0.2,0.8,447.36842105263156
6,1,16,55.0,5.0,15.5,0.2,0.8,447.36842105263156
7,1,16,65.0,5.0,15.5,0.2,0.8,447.36842105263156
8,1,16,75.0,5.0,15.5,0.2,0.8,447.36842105263156
9,1,16,85.0,5.0,15.5,0.2,0.8,447.36842105263156
10,1,16,95.0,5.0,15.5,0.2,0.8,447.36842105263156
11,1,16,105.0,5.0,15.5,0.2,0.8,447.36842105263156
12,1,16,115.0,5.0,15.5,0.2,0.8,447.36842105263156
13,1,16,125.0,5.0,15.5,0.2,0.8,447.36842105263156
14,1,16,135.0,5.0,15.5,0.2,0.8,447.36842105263156
15,1,16,145.0,5.0,15.5,0.2,0.8,447.36842105263156
16,1,16,155.0,5.0,15.5,0.2,0.8,447.36842105263156
17,1,16,165.0,5.0,15.5,0.2,0.8,447.36842105263156
18,1,16,175.0,5.0,15.5,0.2,0.8,447.36842105263156
19,1,16,185.0,5.0,15.5,0.2,0.8,447.36842105263156
20,1,16,195.0,5.0,15.5,0.2,0.8,447.36842105263156
21,1,16,205.0,5.0,15.5,0.2,0.8,447.36842105263156
22,1,16,215.0,5.0,15.5,0.2,0.8,447.36842105263156
23,1,16,225.0,5.0,15.5,0.2,0.8,447.36842105263156
24,1,16,235.0,5.0,15.5,0.2,0.8,447.36842105263156
25,1,16,245.0,5.0,15.5,0.2,0.8,447.36842105263156
26,1,16,255.0,5.0,15.5,0.2,0.8,447.36842105263156
27,1,16,265.0,5.0,15.5,0.2,0.8,447.36842105263156
28,1,16,275.0,5.0,15.5,0.2,0.8,447.36842105263156
29,1,16,285.0,5.0,15.5,0.2,0.8,447.36842105263156
30,1,16,295.0,5.0,15.5,0.2,0.8,447.36842105263156
31,1,16,305.0,5.0,15.5,0.2,0.8,447.36842105263156
32,1,16,315.0,5.0,15.5,0.2,0.8,447.36842105263156
33,1,16,325.0,5.0,15.5,0.2,0.8,447.36842105263156
34,1,16,335.0,5.0,15.5,0.2,0.8,447.36842105263156
35,1,16,345.0,5.0,15.5,0.2,0.8,447.36842105263156
36,1,16,355.0,5.0,15.5,0.2,0.8,447.36842105263156
37,1,16,365.0,5.0,15.5,0.2,0.8,447.36842105263156
38,1,16,375.0,5.0,15.5,0.2,0.8,447.36842105263156
39,1,16,385.0,5.0,15.5,0.2,0.8,447.36842105263156
40,1,16,395.0,5.0,15.5,0.2,0.8,447.36842105263156
41,1,16,405.0,5.0,15.5,0.2,0.8,447.36842105263156
42,1,16,415.0,5.0,15.5,0.2,0.8,447.36842105263156
43,1,16,425.0,5.0,15.5,0.2,0.8,447.36842105263156
44,1,16,435.0,5.0,15.5,0.2,0.8,447.36842105263156
45,1,16,445.0,5.0,15.5,0.2,0.8,447.36842105263156
46,1,16,455.0,5.0,15.5,0.2,0.8,447.36842105263156
47,1,16,465.0,5.0,15.5,0.2,0.8,447.36842105263156
48,1,16,475.0,5.0,15.5,0.2,0.8,447.36842105263156
49,1,16,485.0,5.0,15.5,0.2,0.8,447.36842105263156
50,1,16,495.0,5.0,15.5,0.2,0.8,447.36842105263156
1,2,16,5.0,15.0,15.5,0.2,0.8,447.36842105263156
2,2,16,15.0,15.0,15.5,0.2,0.8,447.36842105263156
3,2,16,25.0,15.0,15.5,0.2,0.8,447.36842105263156
4,2,16,35.0,15.0,15.5,0.2,0.8,447.36842105263156
5,2,16,45.0,15.0,15.5,0.2,0.8,447.36842105263156
6,2,16,55.0,15.0,15.5,0.2,0.8,447.36842105263156
7,2,16,65.0,15.0,15.5,0.2,0.8,447.36842105263156
8,2,16,75.0,15.0,15.5,0.2,0.8,447.36842105263156
9,2,16,85.0,15.0,15.5,0.2,0.8,447.36842105263156
10,2,16,95.0,15.0,15.5,0.2,0.8,447.36842105263156
11,2,16,105.0,15.0,15.5,0.2,0.8,447.36842105263156
12,2,16,115.0,15.0,15.5,0.2,0.8,447.36842105263156
13,2,16,125.0,15.0,15.5,0.2,0.8,447.36842105263156
14,2,16,135.0,15.0,15.5,0.2,0.8,447.36842105263156
15,2,16,145.0,15.0,15.5,0.2,0.8,447.36842105263156
16,2,16,155.0,15.0,15.5,0.2,0.8,447.36842105263156
17,2,16,165.0,15.0,15.5,0.2,0.8,447.36842105263156
18,2,16,175.0,15.0,15.5,0.2,0.8,447.36842105263156
19,2,16,185.0,15.0,15.5,0.2,0.8,447.36842105263156
20,2,16,195.0,15.0,15.5,0.2,0.8,447.36842105263156
21,2,16,205.0,15.0,15.5,0.2,0.8,447.36842105263156
22,2,16,215.0,15.0,15.5,0.2,0.8,447.36842105263156
23,2,16,225.0,15.0,15.5,0.2,0.8,447.36842105263156
24,2,16,235.0,15.0,15.5,0.2,0.8,447.36842105263156
25,2,16,245.0,15.0,15.5,0.2,0.8,447.36842105263156
26,2,16,255.0,15.0,15.5,0.2,0.8,447.36842105263156
27,2,16,265.0,15.0,15.5,0.2,0.8,447.36842105263156
28,2,16,275.0,15.0,15.5,0.2,0.8,447.36842105263156
29,2,16,285.0,15.0,15.5,0.2,0.8,447.36842105263156
30,2,16,295.0,15.0,15.5,0.2,0.8,447.36842105263156
31,2,16,305.0,15.0,15.5,0.2,0.8,447.36842105263156
32,2,16,315.0,15.0,15.5,0.2,0.8,447.36842105263156
33,2,16,325.0,15.0,15.5,0.2,0.8,447.36842105263156
34,2,16,335.0,15.0,15.5,0.2,0.8,447.36842105263156
35,2,16,345.0,15.0,15.5,0.2,0.8,447.36842105263156
36,2,16,355.0,15.0,15.5,0.2,0.8,447.36842105263156
37,2,16,365.0,15.0,15.5,0.2,0.8,447.36842105263156
38,2,16,375.0,15.0,15.5,0.2,0.8,447.36842105263156
39,2,16,385.0,15.0,15.5,0.2,0.8,447.36842105263156
40,2,16,395.0,15.0,15.5,0.2,0.8,447.36842105263156
41,2,16,405.0,15.0,15.5,0.2,0.8,447.36842105263156
42,2,16,415.0,15.0,15.5,0.2,0.8,447.36842105263156
43,2,16,425.0,15.0,15.5,0.2,0.8,447.36842105263156
44,2,16,435.0,15.0,15.5,0.2,0.8,447.36842105263156
45,2,16,445.0,15.0,15.5,0.2,0.8,447.36842105263156
46,2,16,455.0,15.0,15.5,0.2,0.8,447.36842105263156
47,2,16,465.0,15.0,15.5,0.2,0.8,447.36842105263156
48,2,16,475.0,15.0,15.5,0.2,0.8,447.36842105263156
49,2,16,485.0,15.0,15.5,0.2,0.8,447.36842105263156
50,2,16,495.0,15.0,15.5,0.2,0.8,447.36842105263156
1,3,16,5.0,25.0,15.5,0.2,0.8,447.36842105263156
2,3,16,15.0,25.0,15.5,0.2,0.8,447.36842105263156
3,3,16,25.0,25.0,15.5,0.2,0.8,447.36842105263156
4,3,16,35.0,25.0,15.5,0.2,0.8,447.36842105263156
5,3,16,45.0,25.0,15.5,0.2,0.8,447.36842105263156
6,3,16,55.0,25.0,15.5,0.2,0.8,447.36842105263156
7,3,16,65.0,25.0,15.5,0.2,0.8,447.36842105263156
8,3,16,75.0,25.0,15.5,0.2,0.8,447.36842105263156
9,3,16,85.0,25.0,15.5,0.2,0.8,447.36842105263156
10,3,16,95.0,25.0,15.5,0.2,0.8,447.36842105263156
11,3,16,105.0,25.0,15.5,0.2,0.8,447.36842105263156
12,3,16,115.0,25.0,15.5,0.2,0.8,447.36842105263156
13,3,16,125.0,25.0,15.5,0.2,0.8,447.36842105263156
14,3,16,135.0,25.0,15.5,0.2,0.8,447.36842105263156
15,3,16,145.0,25.0,15.5,0.2,0.8,447.36842105263156
16,3,16,155.0,25.0,15.5,0.2,0.8,447.36842105263156
17,3,16,165.0,25.0,15.5,0.2,0.8,447.36842105263156
18,3,16,175.0,25.0,15.5,0.2,0.8,447.36842105263156
19,3,16,185.0,25.0,15.5,0.2,0.8,447.36842105263156
20,3,16,195.0,25.0,15.5,0.2,0.8,447.36842105263156
21,3,16,205.0,25.0,15.5,0.2,0.8,447.36842105263156
22,3,16,215.0,25.0,15.5,0.2,0.8,447.36842105263156
23,3,16,225.0,25.0,15.5,0.2,0.8,447.36842105263156
24,3,16,235.0,25.0,15.5,0.2,0.8,447.36842105263156
25,3,16,245.0,25.0,15.5,0.2,0.8,447.36842105263156
26,3,16,255.0,25.0,15.5,0.2,0.8,447.36842105263156
27,3,16,265.0,25.0,15.5,0.2,0.8,447.36842105263156
28,3,16,275.0,25.0,15.5,0.2,0.8,447.36842105263156
29,3,16,285.0,25.0,15.5,0.2,0.8,447.36842105263156
30,3,16,295.0,25.0,15.5,0.2,0.8,447.36842105263156
31,3,16,305.0,25.0,15.5,0.2,0.8,447.36842105263156
32,3,16,315.0,25.0,15.5,0.2,0.8,447.36842105263156
33,3,16,325.0,25.0,15.5,0.2,0.8,447.36842105263156
34,3,16,335.0,25.0,15.5,0.2,0.8,447.36842105263156
35,3,16,345.0,25.0,15.5,0.2,0.8,447.36842105263156
36,3,16,355.0,25.0,15.5,0.2,0.8,447.36842105263156
37,3,16,365.0,25.0,15.5,0.2,0.8,447.36842105263156
38,3,16,375.0,25.0,15.5,0.2,0.8,447.36842105263156
39,3,16,385.0,25.0,15.5,0.2,0.8,447.36842105263156
40,3,16,395.0,25.0,15.5,0.2,0.8,447.36842105263156
41,3,16,405.0,25.0,15.5,0.2,0.8,447.36842105263156
42,3,16,415.0,25.0,15.5,0.2,0.8,447.36842105263156
43,3,16,425.0,25.0,15.5,0.2,0.8,447.36842105263156
44,3,16,435.0,25.0,15.5,0.2,0.8,447.36842105263156
45,3,16,445.0,25.0,15.5,0.2,0.8,447.36842105263156
46,3,16,455.0,25.0,15.5,0.2,0.8,447.36842105263156
47,3,16,465.0,25.0,15.5,0.2,0.8,447.36842105263156
48,3,16,475.0,25.0,15.5,0.2,0.8,447.36842105263156
49,3,16,485.0,25.0,15.5,0.2,0.8,447.36842105263156
50,3,16,495.0,25.0,15.5,0.2,0.8,447.36842105263156
1,4,16,5.0,35.0,15.5,0.2,0.8,447.36842105263156
2,4,16,15.0,35.0,15.5,0.2,0.8,447.36842105263156
3,4,16,25.0,35.0,15.5,0.2,0.8,447.36842105263156
4,4,16,35.0,35.0,15.5,0.2,0.8,447.36842105263156
5,4,16,45.0,35.0,15.5,0.2,0.8,447.36842105263156
6,4,16,55.0,35.0,15.5,0.2,0.8,447.36842105263156
7,4,16,65.0,35.0,15.5,0.2,0.8,447.36842105263156
8,4,16,75.0,35.0,15.5,0.2,0.8,447.36842105263156
9,4,16,85.0,35.0,15.5,0.2,0.8,447.36842105263156
10,4,16,95.0,35.0,15.5,0.2,0.8,447.36842105263156
11,4,16,105.0,35.0,15.5,0.2,0.8,447.36842105263156
12,4,16,115.0,35.0,15.5,0.2,0.8,447.36842105263156
13,4,16,125.0,35.0,15.5,0.2,0.8,447.36842105263156
14,4,16,135.0,35.0,15.5,0.2,0.8,447.36842105263156
15,4,16,145.0,35.0,15.5,0.2,0.8,447.36842105263156
16,4,16,155.0,35.0,15.5,0.2,0.8,447.36842105263156
17,4,16,165.0,35.0,15.5,0.2,0.8,447.36842105263156
18,4,16,175.0,35.0,15.5,0.2,0.8,447.36842105263156
19,4,16,185.0,35.0,15.5,0.2,0.8,447.36842105263156
20,4,16,195.0,35.0,15.5,0.2,0.8,447.36842105263156
21,4,16,205.0,35.0,15.5,0.2,0.8,447.36842105263156
22,4,16,215.0,35.0,15.5,0.2,0.8,447.36842105263156
23,4,16,225.0,35.0,15.5,0.2,0.8,447.36842105263156
24,4,16,235.0,35.0,15.5,0.2,0.8,447.36842105263156
25,4,16,245.0,35.0,15.5,0.2,0.8,447.36842105263156
26,4,16,255.0,35.0,15.5,0.2,0.8,447.36842105263156
27,4,16,265.0,35.0,15.5,0.2,0.8,447.36842105263156
28,4,16,275.0,35.0,15.5,0.2,0.8,447.36842105263156
29,4,16,285.0,35.0,15.5,0.2,0.8,447.36842105263156
30,4,16,295.0,35.0,15.5,0.2,0.8,447.36842105263156
31,4,16,305.0,35.0,15.5,0.2,0.8,447.36842105263156
32,4,16,315.0,35.0,15.5,0.2,0.8,447.36842105263156
33,4,16,325.0,35.0,15.5,0.2,0.8,447.36842105263156
34,4,16,335.0,35.0,15.5,0.2,0.8,447.36842105263156
35,4,16,345.0,35.0,15.5,0.2,0.8,447.36842105263156
36,4,16,355.0,35.0,15.5,0.2,0.8,447.36842105263156
37,4,16,365.0,35.0,15.5,0.2,0.8,447.36842105263156
38,4,16,375.0,35.0,15.5,0.2,0.8,447.36842105263156
39,4,16,385.0,35.0,15.5,0.2,0.8,447.36842105263156
40,4,16,395.0,35.0,15.5,0.2,0.8,447.36842105263156
41,4,16,405.0,35.0,15.5,0.2,0.8,447.36842105263156
42,4,16,415.0,35.0,15.5,0.2,0.8,447.36842105263156
43,4,16,425.0,35.0,15.5,0.2,0.8,447.36842105263156
44,4,16,435.0,35.0,15.5,0.2,0.8,447.36842105263156
45,4,16,445.0,35.0,15.5,0.2,0.8,447.36842105263156
46,4,16,455.0,35.0,15.5,0.2,0.8,447.36842105263156
47,4,16,465.0,35.0,15.5,0.2,0.8,447.36842105263156
48,4,16,475.0,35.0,15.5,0.2,0.8,447.36842105263156
49,4,16,485.0,35.0,15.5,0.2,0.8,447.36842105263156
50,4,16,495.0,35.0,15.5,0.2,0.8,447.36842105263156
1,5,16,5.0,45.0,15.5,0.2,0.8,447.36842105263156
2,5,16,15.0,45.0,15.5,0.2,0.8,447.36842105263156
3,5,16,25.0,45.0,15.5,0.2,0.8,447.36842105263156
4,5,16,35.0,45.0,15.5,0.2,0.8,447.36842105263156
5,5,16,45.0,45.0,15.5,0.2,0.8,447.36842105263156
6,5,16,55.0,45.0,15.5,0.2,0.8,447.36842105263156
7,5,16,65.0,45.0,15.5,0.2,0.8,447.36842105263156
8,5,16,75.0,45.0,15.5,0.2,0.8,447.36842105263156
9,5,16,85.0,45.0,15.5,0.2,0.8,447.36842105263156
10,5,16,95.0,45.0,15.5,0.2,0.8,447.36842105263156
11,5,16,105.0,45.0,15.5,0.2,0.8,447.36842105263156
12,5,16,115.0,45.0,15.5,0.2,0.8,447.36842105263156
13,5,16,125.0,45.0,15.5,0.2,0.8,447.36842105263156
14,5,16,135.0,45.0,15.5,0.2,0.8,447.36842105263156
15,5,16,145.0,45.0,15.5,0.2,0.8,447.36842105263156
16,5,16,155.0,45.0,15.5,0.2,0.8,447.36842105263156
17,5,16,165.0,45.0,15.5,0.2,0.8,447.36842105263156
18,5,16,175.0,45.0,15.5,0.2,0.8,447.36842105263156
19,5,16,185.0,45.0,15.5,0.2,0.8,447.36842105263156
20,5,16,195.0,45.0,15.5,0.2,0.8,447.36842105263156
21,5,16,205.0,45.0,15.5,0.2,0.8,447.36842105263156
22,5,16,215.0,45.0,15.5,0.2,0.8,447.36842105263156
23,5,16,225.0,45.0,15.5,0.2,0.8,447.36842105263156
24,5,16,235.0,45.0,15.5,0.2,0.8,447.36842105263156
25,5,16,245.0,45.0,15.5,0.2,0.8,447.36842105263156
26,5,16,255.0,45.0,15.5,0.2,0.8,447.36842105263156
27,5,16,265.0,45.0,15.5,0.2,0.8,447.36842105263156
28,5,16,275.0,45.0,15.5,0.2,0.8,447.36842105263156
29,5,16,285.0,45.0,15.5,0.2,0.8,447.36842105263156
30,5,16,295.0,45.0,15.5,0.2,0.8,447.36842105263156
31,5,16,305.0,45.0,15.5,0.2,0.8,447.36842105263156
32,5,16,315.0,45.0,15.5,0.2,0.8,447.36842105263156
33,5,16,325.0,45.0,15.5,0.2,0.8,447.36842105263156
34,5,16,335.0,45.0,15.5,0.2,0.8,447.36842105263156
35,5,16,345.0,45.0,15.5,0.2,0.8,447.36842105263156
36,5,16,355.0,45.0,15.5,0.2,0.8,447.36842105263156
37,5,16,365.0,45.0,15.5,0.2,0.8,447.36842105263156
38,5,16,375.0,45.0,15.5,0.2,0.8,447.36842105263156
39,5,16,385.0,45.0,15.5,0.2,0.8,447.36842105263156
40,5,16,395.0,45.0,15.5,0.2,0.8,447.36842105263156
41,5,16,405.0,45.0,15.5,0.2,0.8,447.36842105263156
42,5,16,415.0,45.0,15.5,0.2,0.8,447.36842105263156
43,5,16,425.0,45.0,15.5,0.2,0.8,447.36842105263156
44,5,16,435.0,45.0,15.5,0.2,0.8,447.36842105263156
45,5,16,445.0,45.0,15.5,0.2,0.8,447.36842105263156
46,5,16,455.0,45.0,15.5,0.2,0.8,447.36842105263156
47,5,16,465.0,45.0,15.5,0.2,0.8,447.36842105263156
48,5,16,475.0,45.0,15.5,0.2,0.8,447.36842105263156
49,5,16,485.0,45.0,15.5,0.2,0.8,447.36842105263156
50,5,16,495.0,45.0,15.5,0.2,0.8,447.36842105263156
1,6,16,5.0,55.0,15.5,0.2,0.8,447.36842105263156
2,6,16,15.0,55.0,15.5,0.2,0.8,447.36842105263156
3,6,16,25.0,55.0,15.5,0.2,0.8,447.36842105263156
4,6,16,35.0,55.0,15.5,0.2,0.8,447.36842105263156
5,6,16,45.0,55.0,15.5,0.2,0.8,447.36842105263156
6,6,16,55.0,55.0,15.5,0.2,0.8,447.36842105263156
7,6,16,65.0,55.0,15.5,0.2,0.8,447.36842105263156
8,6,16,75.0,55.0,15.5,0.2,0.8,447.36842105263156
9,6,16,85.0,55.0,15.5,0.2,0.8,447.36842105263156
10,6,16,95.0,55.0,15.5,0.2,0.8,447.36842105263156
11,6,16,105.0,55.0,15.5,0.2,0.8,447.36842105263156
12,6,16,115.0,55.0,15.5,0.2,0.8,447.36842105263156
13,6,16,125.0,55.0,15.5,0.2,0.8,447.36842105263156
14,6,16,135.0,55.0,15.5,0.2,0.8,447.36842105263156
15,6,16,145.0,55.0,15.5,0.2,0.8,447.36842105263156
16,6,16,155.0,55.0,15.5,0.2,0.8,447.36842105263156
17,6,16,165.0,55.0,15.5,0.2,0.8,447.36842105263156
18,6,16,175.0,55.0,15.5,0.2,0.8,447.36842105263156
19,6,16,185.0,55.0,15.5,0.2,0.8,447.36842105263156
20,6,16,195.0,55.0,15.5,0.2,0.8,447.36842105263156
21,6,16,205.0,55.0,15.5,0.2,0.8,447.36842105263156
22,6,16,215.0,55.0,15.5,0.2,0.8,447.36842105263156
23,6,16,225.0,55.0,15.5,0.2,0.8,447.36842105263156
24,6,16,235.0,55.0,15.5,0.2,0.8,447.36842105263156
25,6,16,245.0,55.0,15.5,0.2,0.8,447.36842105263156
26,6,16,255.0,55.0,15.5,0.2,0.8,447.36842105263156
27,6,16,265.0,55.0,15.5,0.2,0.8,447.36842105263156
28,6,16,275.0,55.0,15.5,0.2,0.8,447.36842105263156
29,6,16,285.0,55.0,15.5,0.2,0.8,447.36842105263156
30,6,16,295.0,55.0,15.5,0.2,0.8,447.36842105263156
31,6,16,305.0,55.0,15.5,0.2,0.8,447.36842105263156
32,6,16,315.0,55.0,15.5,0.2,0.8,447.36842105263156
33,6,16,325.0,55.0,15.5,0.2,0.8,447.36842105263156
34,6,16,335.0,55.0,15.5,0.2,0.8,447.36842105263156
35,6,16,345.0,55.0,15.5,0.2,0.8,447.36842105263156
36,6,16,355.0,55.0,15.5,0.2,0.8,447.36842105263156
37,6,16,365.0,55.0,15.5,0.2,0.8,447.36842105263156
38,6,16,375.0,55.0,15.5,0.2,0.8,447.36842105263156
39,6,16,385.0,55.0,15.5,0.2,0.8,447.36842105263156
40,6,16,395.0,55.0,15.5,0.2,0.8,447.36842105263156
41,6,16,405.0,55.0,15.5,0.2,0.8,447.36842105263156
42,6,16,415.0,55.0,15.5,0.2,0.8,447.36842105263156
43,6,16,425.0,55.0,15.5,0.2,0.8,447.36842105263156
44,6,16,435.0,55.0,15.5,0.2,0.8,447.36842105263156
45,6,16,445.0,55.0,15.5,0.2,0.8,447.36842105263156
46,6,16,455.0,55.0,15.5,0.2,0.8,447.36842105263156
47,6,16,465.0,55.0,15.5,0.2,0.8,447.36842105263156
48,6,16,475.0,55.0,15.5,0.2,0.8,447.36842105263156
49,6,16,485.0,55.0,15.5,0.2,0.8,447.36842105263156
50,6,16,495.0,55.0,15.5,0.2,0.8,447.36842105263156
1,7,16,5.0,65.0,15.5,0.2,0.8,447.36842105263156
2,7,16,15.0,65.0,15.5,0.2,0.8,447.36842105263156
3,7,16,25.0,65.0,15.5,0.2,0.8,447.36842105263156
4,7,16,35.0,65.0,15.5,0.2,0.8,447.36842105263156
5,7,16,45.0,65.0,15.5,0.2,0.8,447.36842105263156
6,7,16,55.0,65.0,15.5,0.2,0.8,447.36842105263156
7,7,16,65.0,65.0,15.5,0.2,0.8,447.36842105263156
8,7,16,75.0,65.0,15.5,0.2,0.8,447.36842105263156
9,7,16,85.0,65.0,15.5,0.2,0.8,447.36842105263156
10,7,16,95.0,65.0,15.5,0.2,0.8,447.36842105263156
11,7,16,105.0,65.0,15.5,0.2,0.8,447.36842105263156
12,7,16,115.0,65.0,15.5,0.2,0.8,447.36842105263156
13,7,16,125.0,65.0,15.5,0.2,0.8,447.36842105263156
14,7,16,135.0,65.0,15.5,0.2,0.8,447.36842105263156
15,7,16,145.0,65.0,15.5,0.2,0.8,447.36842105263156
16,7,16,155.0,65.0,15.5,0.2,0.8,447.36842105263156
17,7,16,165.0,65.0,15.5,0.2,0.8,447.36842105263156
18,7,16,175.0,65.0,15.5,0.2,0.8,447.36842105263156
19,7,16,185.0,65.0,15.5,0.2,0.8,447.36842105263156
20,7,16,195.0,65.0,15.5,0.2,0.8,447.36842105263156
21,7,16,205.0,65.0,15.5,0.2,0.8,447.36842105263156
22,7,16,215.0,65.0,15.5,0.2,0.8,447.36842105263156
23,7,16,225.0,65.0,15.5,0.2,0.8,447.36842105263156
24,7,16,235.0,65.0,15.5,0.2,0.8,447.36842105263156
25,7,16,245.0,65.0,15.5,0.2,0.8,447.36842105263156
26,7,16,255.0,65.0,15.5,0.2,0.8,447.36842105263156
27,7,16,265.0,65.0,15.5,0.2,0.8,447.36842105263156
28,7,16,275.0,65.0,15.5,0.2,0.8,447.36842105263156
29,7,16,285.0,65.0,15.5,0.2,0.8,447.36842105263156
30,7,16,295.0,65.0,15.5,0.2,0.8,447.36842105263156
31,7,16,305.0,65.0,15.5,0.2,0.8,447.36842105263156
32,7,16,315.0,65.0,15.5,0.2,0.8,447.36842105263156
33,7,16,325.0,65.0,15.5,0.2,0.8,447.36842105263156
34,7,16,335.0,65.0,15.5,0.2,0.8,447.36842105263156
35,7,16,345.0,65.0,15.5,0.2,0.8,447.36842105263156
36,7,16,355.0,65.0,15.5,0.2,0.8,447.36842105263156
37,7,16,365.0,65.0,15.5,0.2,0.8,447.36842105263156
38,7,16,375.0,65.0,15.5,0.2,0.8,447.36842105263156
39,7,16,385.0,65.0,15.5,0.2,0.8,447.36842105263156
40,7,16,395.0,65.0,15.5,0.2,0.8,447.36842105263156
41,7,16,405.0,65.0,15.5,0.2,0.8,447.36842105263156
42,7,16,415.0,65.0,15.5,0.2,0.8,447.36842105263156
43,7,16,425.0,65.0,15.5,0.2,0.8,447.36842105263156
44,7,16,435.0,65.0,15.5,0.2,0.8,447.36842105263156
45,7,16,445.0,65.0,15.5,0.2,0.8,447.36842105263156
46,7,16,455.0,65.0,15.5,0.2,0.8,447.36842105263156
47,7,16,465.0,65.0,15.5,0.2,0.8,447.36842105263156
48,7,16,475.0,65.0,15.5,0.2,0.8,447.36842105263156
49,7,16,485.0,65.0,15.5,0.2,0.8,447.36842105263156
50,7,16,495.0,65.0,15.5,0.2,0.8,447.36842105263156
1,8,16,5.0,75.0,15.5,0.2,0.8,447.36842105263156
2,8,16,15.0,75.0,15.5,0.2,0.8,447.36842105263156
3,8,16,25.0,75.0,15.5,0.2,0.8,447.36842105263156
4,8,16,35.0,75.0,15.5,0.2,0.8,447.36842105263156
5,8,16,45.0,75.0,15.5,0.2,0.8,447.36842105263156
6,8,16,55.0,75.0,15.5,0.2,0.8,447.36842105263156
7,8,16,65.0,75.0,15.5,0.2,0.8,447.36842105263156
8,8,16,75.0,75.0,15.5,0.2,0.8,447.36842105263156
9,8,16,85.0,75.0,15.5,0.2,0.8,447.36842105263156
10,8,16,95.0,75.0,15.5,0.2,0.8,447.36842105263156
11,8,16,105.0,75.0,15.5,0.2,0.8,447.36842105263156
12,8,16,115.0,75.0,15.5,0.2,0.8,447.36842105263156
13,8,16,125.0,75.0,15.5,0.2,0.8,447.36842105263156
14,8,16,135.0,75.0,15.5,0.2,0.8,447.36842105263156
15,8,16,145.0,75.0,15.5,0.2,0.8,447.36842105263156
16,8,16,155.0,75.0,15.5,0.2,0.8,447.36842105263156
17,8,16,165.0,75.0,15.5,0.2,0.8,447.36842105263156
18,8,16,175.0,75.0,15.5,0.2,0.8,447.36842105263156
19,8,16,185.0,75.0,15.5,0.2,0.8,447.36842105263156
20,8,16,195.0,75.0,15.5,0.2,0.8,447.36842105263156
21,8,16,205.0,75.0,15.5,0.2,0.8,447.36842105263156
22,8,16,215.0,75.0,15.5,0.2,0.8,447.36842105263156
23,8,16,225.0,75.0,15.5,0.2,0.8,447.36842105263156
24,8,16,235.0,75.0,15.5,0.2,0.8,447.36842105263156
25,8,16,245.0,75.0,15.5,0.2,0.8,447.36842105263156
26,8,16,255.0,75.0,15.5,0.2,0.8,447.36842105263156
27,8,16,265.0,75.0,15.5,0.2,0.8,447.36842105263156
28,8,16,275.0,75.0,15.5,0.2,0.8,447.36842105263156
29,8,16,285.0,75.0,15.5,0.2,0.8,447.36842105263156
30,8,16,295.0,75.0,15.5,0.2,0.8,447.36842105263156
31,8,16,305.0,75.0,15.5,0.2,0.8,447.36842105263156
32,8,16,315.0,75.0,15.5,0.2,0.8,447.36842105263156
33,8,16,325.0,75.0,15.5,0.2,0.8,447.36842105263156
34,8,16,335.0,75.0,15.5,0.2,0.8,447.36842105263156
35,8,16,345.0,75.0,15.5,0.2,0.8,447.36842105263156
36,8,16,355.0,75.0,15.5,0.2,0.8,447.36842105263156
37,8,16,365.0,75.0,15.5,0.2,0.8,447.36842105263156
38,8,16,375.0,75.0,15.5,0.2,0.8,447.36842105263156
39,8,16,385.0,75.0,15.5,0.2,0.8,447.36842105263156
40,8,16,395.0,75.0,15.5,0.2,0.8,447.36842105263156
41,8,16,405.0,75.0,15.5,0.2,0.8,447.36842105263156
42,8,16,415.0,75.0,15.5,0.2,0.8,447.36842105263156
43,8,16,425.0,75.0,15.5,0.2,0.8,447.36842105263156
44,8,16,435.0,75.0,15.5,0.2,0.8,447.36842105263156
45,8,16,445.0,75.0,15.5,0.2,0.8,447.36842105263156
46,8,16,455.0,75.0,15.5,0.2,0.8,447.36842105263156
47,8,16,465.0,75.0,15.5,0.2,0.8,447.36842105263156
48,8,16,475.0,75.0,15.5,0.2,0.8,447.36842105263156
49,8,16,485.0,75.0,15.5,0.2,0.8,447.36842105263156
50,8,16,495.0,75.0,15.5,0.2,0.8,447.36842105263156
1,9,16,5.0,85.0,15.5,0.2,0.8,447.36842105263156
2,9,16,15.0,85.0,15.5,0.2,0.8,447.36842105263156
3,9,16,25.0,85.0,15.5,0.2,0.8,447.36842105263156
4,9,16,35.0,85.0,15.5,0.2,0.8,447.36842105263156
5,9,16,45.0,85.0,15.5,0.2,0.8,447.36842105263156
6,9,16,55.0,85.0,15.5,0.2,0.8,447.36842105263156
7,9,16,65.0,85.0,15.5,0.2,0.8,447.36842105263156
8,9,16,75.0,85.0,15.5,0.2,0.8,447.36842105263156
9,9,16,85.0,85.0,15.5,0.2,0.8,447.36842105263156
10,9,16,95.0,85.0,15.5,0.2,0.8,447.36842105263156
11,9,16,105.0,85.0,15.5,0.2,0.8,447.36842105263156
12,9,16,115.0,85.0,15.5,0.2,0.8,447.36842105263156
13,9,16,125.0,85.0,15.5,0.2,0.8,447.36842105263156
14,9,16,135.0,85.0,15.5,0.2,0.8,447.36842105263156
15,9,16,145.0,85.0,15.5,0.2,0.8,447.36842105263156
16,9,16,155.0,85.0,15.5,0.2,0.8,447.36842105263156
17,9,16,165.0,85.0,15.5,0.2,0.8,447.36842105263156
18,9,16,175.0,85.0,15.5,0.2,0.8,447.36842105263156
19,9,16,185.0,85.0,15.5,0.2,0.8,447.36842105263156
20,9,16,195.0,85.0,15.5,0.2,0.8,447.36842105263156
21,9,16,205.0,85.0,15.5,0.2,0.8,447.36842105263156
22,9,16,215.0,85.0,15.5,0.2,0.8,447.36842105263156
23,9,16,225.0,85.0,15.5,0.2,0.8,447.36842105263156
24,9,16,235.0,85.0,15.5,0.2,0.8,447.36842105263156
25,9,16,245.0,85.0,15.5,0.2,0.8,447.36842105263156
26,9,16,255.0,85.0,15.5,0.2,0.8,447.36842105263156
27,9,16,265.0,85.0,15.5,0.2,0.8,447.36842105263156
28,9,16,275.0,85.0,15.5,0.2,0.8,447.36842105263156
29,9,16,285.0,85.0,15.5,0.2,0.8,447.36842105263156
30,9,16,295.0,85.0,15.5,0.2,0.8,447.36842105263156
31,9,16,305.0,85.0,15.5,0.2,0.8,447.36842105263156
32,9,16,315.0,85.0,15.5,0.2,0.8,447.36842105263156
33,9,16,325.0,85.0,15.5,0.2,0.8,447.36842105263156
34,9,16,335.0,85.0,15.5,0.2,0.8,447.36842105263156
35,9,16,345.0,85.0,15.5,0.2,0.8,447.36842105263156
36,9,16,355.0,85.0,15.5,0.2,0.8,447.36842105263156
37,9,16,365.0,85.0,15.5,0.2,0.8,447.36842105263156
38,9,16,375.0,85.0,15.5,0.2,0.8,447.36842105263156
39,9,16,385.0,85.0,15.5,0.2,0.8,447.36842105263156
40,9,16,395.0,85.0,15.5,0.2,0.8,447.36842105263156
41,9,16,405.0,85.0,15.5,0.2,0.8,447.36842105263156
42,9,16,415.0,85.0,15.5,0.2,0.8,447.36842105263156
43,9,16,425.0,85.0,15.5,0.2,0.8,447.36842105263156
44,9,16,435.0,85.0,15.5,0.2,0.8,447.36842105263156
45,9,16,445.0,85.0,15.5,0.2,0.8,447.36842105263156
46,9,16,455.0,85.0,15.5,0.2,0.8,447.36842105263156
47,9,16,465.0,85.0,15.5,0.2,0.8,447.36842105263156
48,9,16,475.0,85.0,15.5,0.2,0.8,447.36842105263156
49,9,16,485.0,85.0,15.5,0.2,0.8,447.36842105263156
50,9,16,495.0,85.0,15.5,0.2,0.8,447.36842105263156
1,10,16,5.0,95.0,15.5,0.2,0.8,447.36842105263156
2,10,16,15.0,95.0,15.5,0.2,0.8,447.36842105263156
3,10,16,25.0,95.0,15.5,0.2,0.8,447.36842105263156
4,10,16,35.0,95.0,15.5,0.2,0.8,447.36842105263156
5,10,16,45.0,95.0,15.5,0.2,0.8,447.36842105263156
6,10,16,55.0,95.0,15.5,0.2,0.8,447.36842105263156
7,10,16,65.0,95.0,15.5,0.2,0.8,447.36842105263156
8,10,16,75.0,95.0,15.5,0.2,0.8,447.36842105263156
9,10,16,85.0,95.0,15.5,0.2,0.8,447.36842105263156
10,10,16,95.0,95.0,15.5,0.2,0.8,447.36842105263156
11,10,16,105.0,95.0,15.5,0.2,0.8,447.36842105263156
12,10,16,115.0,95.0,15.5,0.2,0.8,447.36842105263156
13,10,16,125.0,95.0,15.5,0.2,0.8,447.36842105263156
14,10,16,135.0,95.0,15.5,0.2,0.8,447.36842105263156
15,10,16,145.0,95.0,15.5,0.2,0.8,447.36842105263156
16,10,16,155.0,95.0,15.5,0.2,0.8,447.36842105263156
17,10,16,165.0,95.0,15.5,0.2,0.8,447.36842105263156
18,10,16,175.0,95.0,15.5,0.2,0.8,447.36842105263156
19,10,16,185.0,95.0,15.5,0.2,0.8,447.36842105263156
20,10,16,195.0,95.0,15.5,0.2,0.8,447.36842105263156
21,10,16,205.0,95.0,15.5,0.2,0.8,447.36842105263156
22,10,16,215.0,95.0,15.5,0.2,0.8,447.36842105263156
23,10,16,225.0,95.0,15.5,0.2,0.8,447.36842105263156
24,10,16,235.0,95.0,15.5,0.2,0.8,447.36842105263156
25,10,16,245.0,95.0,15.5,0.2,0.8,447.36842105263156
26,10,16,255.0,95.0,15.5,0.2,0.8,447.36842105263156
27,10,16,265.0,95.0,15.5,0.2,0.8,447.36842105263156
28,10,16,275.0,95.0,15.5,0.2,0.8,447.36842105263156
29,10,16,285.0,95.0,15.5,0.2,0.8,447.36842105263156
30,10,16,295.0,95.0,15.5,0.2,0.8,447.36842105263156
31,10,16,305.0,95.0,15.5,0.2,0.8,447.36842105263156
32,10,16,315.0,95.0,15.5,0.2,0.8,447.36842105263156
33,10,16,325.0,95.0,15.5,0.2,0.8,447.36842105263156
34,10,16,335.0,95.0,15.5,0.2,0.8,447.36842105263156
35,10,16,345.0,95.0,15.5,0.2,0.8,447.36842105263156
36,10,16,355.0,95.0,15.5,0.2,0.8,447.36842105263156
37,10,16,365.0,95.0,15.5,0.2,0.8,447.36842105263156
38,10,16,375.0,95.0,15.5,0.2,0.8,447.36842105263156
39,10,16,385.0,95.0,15.5,0.2,0.8,447.36842105263156
40,10,16,395.0,95.0,15.5,0.2,0.8,447.36842105263156
41,10,16,405.0,95.0,15.5,0.2,0.8,447.36842105263156
42,10,16,415.0,95.0,15.5,0.2,0.8,447.36842105263156
43,10,16,425.0,95.0,15.5,0.2,0.8,447.36842105263156
44,10,16,435.0,95.0,15.5,0.2,0.8,447.36842105263156
45,10,16,445.0,95.0,15.5,0.2,0.8,447.36842105263156
46,10,16,455.0,95.0,15.5,0.2,0.8,447.36842105263156
47,10,16,465.0,95.0,15.5,0.2,0.8,447.36842105263156
48,10,16,475.0,95.0,15.5,0.2,0.8,447.36842105263156
49,10,16,485.0,95.0,15.5,0.2,0.8,447.36842105263156
50,10,16,495.0,95.0,15.5,0.2,0.8,447.36842105263156
1,1,17,5.0,5.0,16.5,0.2,0.8,377.1929824561404
2,1,17,15.0,5.0,16.5,0.2,0.8,377.1929824561404
3,1,17,25.0,5.0,16.5,0.2,0.8,377.1929824561404
4,1,17,35.0,5.0,16.5,0.2,0.8,377.1929824561404
5,1,17,45.0,5.0,16.5,0.2,0.8,377.1929824561404
6,1,17,55.0,5.0,16.5,0.2,0.8,377.1929824561404
7,1,17,65.0,5.0,16.5,0.2,0.8,377.1929824561404
8,1,17,75.0,5.0,16.5,0.2,0.8,377.1929824561404
9,1,17,85.0,5.0,16.5,0.2,0.8,377.1929824561404
10,1,17,95.0,5.0,16.5,0.2,0.8,377.1929824561404
11,1,17,105.0,5.0,16.5,0.2,0.8,377.1929824561404
12,1,17,115.0,5.0,16.5,0.2,0.8,377.1929824561404
13,1,17,125.0,5.0,16.5,0.2,0.8,377.1929824561404
14,1,17,135.0,5.0,16.5,0.2,0.8,377.1929824561404
15,1,17,145.0,5.0,16.5,0.2,0.8,377.1929824561404
16,1,17,155.0,5.0,16.5,0.2,0.8,377.1929824561404
17,1,17,165.0,5.0,16.5,0.2,0.8,377.1929824561404
18,1,17,175.0,5.0,16.5,0.2,0.8,377.1929824561404
19,1,17,185.0,5.0,16.5,0.2,0.8,377.1929824561404
20,1,17,195.0,5.0,16.5,0.2,0.8,377.1929824561404
21,1,17,205.0,5.0,16.5,0.2,0.8,377.1929824561404
22,1,17,215.0,5.0,16.5,0.2,0.8,377.1929824561404
23,1,17,225.0,5.0,16.5,0.2,0.8,377.1929824561404
24,1,17,235.0,5.0,16.5,0.2,0.8,377.1929824561404
25,1,17,245.0,5.0,16.5,0.2,0.8,377.1929824561404
26,1,17,255.0,5.0,16.5,0.2,0.8,377.1929824561404
27,1,17,265.0,5.0,16.5,0.2,0.8,377.1929824561404
28,1,17,275.0,5.0,16.5,0.2,0.8,377.1929824561404
29,1,17,285.0,5.0,16.5,0.2,0.8,377.1929824561404
30,1,17,295.0,5.0,16.5,0.2,0.8,377.1929824561404
31,1,17,305.0,5.0,16.5,0.2,0.8,377.1929824561404
32,1,17,315.0,5.0,16.5,0.2,0.8,377.1929824561404
33,1,17,325.0,5.0,16.5,0.2,0.8,377.1929824561404
34,1,17,335.0,5.0,16.5,0.2,0.8,377.1929824561404
35,1,17,345.0,5.0,16.5,0.2,0.8,377.1929824561404
36,1,17,355.0,5.0,16.5,0.2,0.8,377.1929824561404
37,1,17,365.0,5.0,16.5,0.2,0.8,377.1929824561404
38,1,17,375.0,5.0,16.5,0.2,0.8,377.1929824561404
39,1,17,385.0,5.0,16.5,0.2,0.8,377.1929824561404
40,1,17,395.0,5.0,16.5,0.2,0.8,377.1929824561404
41,1,17,405.0,5.0,16.5,0.2,0.8,377.1929824561404
42,1,17,415.0,5.0,16.5,0.2,0.8,377.1929824561404
43,1,17,425.0,5.0,16.5,0.2,0.8,377.1929824561404
44,1,17,435.0,5.0,16.5,0.2,0.8,377.1929824561404
45,1,17,445.0,5.0,16.5,0.2,0.8,377.1929824561404
46,1,17,455.0,5.0,16.5,0.2,0.8,377.1929824561404
47,1,17,465.0,5.0,16.5,0.2,0.8,377.1929824561404
48,1,17,475.0,5.0,16.5,0.2,0.8,377.1929824561404
49,1,17,485.0,5.0,16.5,0.2,0.8,377.1929824561404
50,1,17,495.0,5.0,16.5,0.2,0.8,377.1929824561404
1,2,17,5.0,15.0,16.5,0.2,0.8,377.1929824561404
2,2,17,15.0,15.0,16.5,0.2,0.8,377.1929824561404
3,2,17,25.0,15.0,16.5,0.2,0.8,377.1929824561404
4,2,17,35.0,15.0,16.5,0.2,0.8,377.1929824561404
5,2,17,45.0,15.0,16.5,0.2,0.8,377.1929824561404
6,2,17,55.0,15.0,16.5,0.2,0.8,377.1929824561404
7,2,17,65.0,15.0,16.5,0.2,0.8,377.1929824561404
8,2,17,75.0,15.0,16.5,0.2,0.8,377.1929824561404
9,2,17,85.0,15.0,16.5,0.2,0.8,377.1929824561404
10,2,17,95.0,15.0,16.5,0.2,0.8,377.1929824561404
11,2,17,105.0,15.0,16.5,0.2,0.8,377.1929824561404
12,2,17,115.0,15.0,16.5,0.2,0.8,377.1929824561404
13,2,17,125.0,15.0,16.5,0.2,0.8,377.1929824561404
14,2,17,135.0,15.0,16.5,0.2,0.8,377.1929824561404
15,2,17,145.0,15.0,16.5,0.2,0.8,377.1929824561404
16,2,17,155.0,15.0,16.5,0.2,0.8,377.1929824561404
17,2,17,165.0,15.0,16.5,0.2,0.8,377.1929824561404
18,2,17,175.0,15.0,16.5,0.2,0.8,377.1929824561404
19,2,17,185.0,15.0,16.5,0.2,0.8,377.1929824561404
20,2,17,195.0,15.0,16.5,0.2,0.8,377.1929824561404
21,2,17,205.0,15.0,16.5,0.2,0.8,377.1929824561404
22,2,17,215.0,15.0,16.5,0.2,0.8,377.1929824561404
23,2,17,225.0,15.0,16.5,0.2,0.8,377.1929824561404
24,2,17,235.0,15.0,16.5,0.2,0.8,377.1929824561404
25,2,17,245.0,15.0,16.5,0.2,0.8,377.1929824561404
26,2,17,255.0,15.0,16.5,0.2,0.8,377.1929824561404
27,2,17,265.0,15.0,16.5,0.2,0.8,377.1929824561404
28,2,17,275.0,15.0,16.5,0.2,0.8,377.1929824561404
29,2,17,285.0,15.0,16.5,0.2,0.8,377.1929824561404
30,2,17,295.0,15.0,16.5,0.2,0.8,377.1929824561404
31,2,17,305.0,15.0,16.5,0.2,0.8,377.1929824561404
32,2,17,315.0,15.0,16.5,0.2,0.8,377.1929824561404
33,2,17,325.0,15.0,16.5,0.2,0.8,377.1929824561404
34,2,17,335.0,15.0,16.5,0.2,0.8,377.1929824561404
35,2,17,345.0,15.0,16.5,0.2,0.8,377.1929824561404
36,2,17,355.0,15.0,16.5,0.2,0.8,377.1929824561404
37,2,17,365.0,15.0,16.5,0.2,0.8,377.1929824561404
38,2,17,375.0,15.0,16.5,0.2,0.8,377.1929824561404
39,2,17,385.0,15.0,16.5,0.2,0.8,377.1929824561404
40,2,17,395.0,15.0,16.5,0.2,0.8,377.1929824561404
41,2,17,405.0,15.0,16.5,0.2,0.8,377.1929824561404
42,2,17,415.0,15.0,16.5,0.2,0.8,377.1929824561404
43,2,17,425.0,15.0,16.5,0.2,0.8,377.1929824561404
44,2,17,435.0,15.0,16.5,0.2,0.8,377.1929824561404
45,2,17,445.0,15.0,16.5,0.2,0.8,377.1929824561404
46,2,17,455.0,15.0,16.5,0.2,0.8,377.1929824561404
47,2,17,465.0,15.0,16.5,0.2,0.8,377.1929824561404
48,2,17,475.0,15.0,16.5,0.2,0.8,377.1929824561404
49,2,17,485.0,15.0,16.5,0.2,0.8,377.1929824561404
50,2,17,495.0,15.0,16.5,0.2,0.8,377.1929824561404
1,3,17,5.0,25.0,16.5,0.2,0.8,377.1929824561404
2,3,17,15.0,25.0,16.5,0.2,0.8,377.1929824561404
3,3,17,25.0,25.0,16.5,0.2,0.8,377.1929824561404
4,3,17,35.0,25.0,16.5,0.2,0.8,377.1929824561404
5,3,17,45.0,25.0,16.5,0.2,0.8,377.1929824561404
6,3,17,55.0,25.0,16.5,0.2,0.8,377.1929824561404
7,3,17,65.0,25.0,16.5,0.2,0.8,377.1929824561404
8,3,17,75.0,25.0,16.5,0.2,0.8,377.1929824561404
9,3,17,85.0,25.0,16.5,0.2,0.8,377.1929824561404
10,3,17,95.0,25.0,16.5,0.2,0.8,377.1929824561404
11,3,17,105.0,25.0,16.5,0.2,0.8,377.1929824561404
12,3,17,115.0,25.0,16.5,0.2,0.8,377.1929824561404
13,3,17,125.0,25.0,16.5,0.2,0.8,377.1929824561404
14,3,17,135.0,25.0,16.5,0.2,0.8,377.1929824561404
15,3,17,145.0,25.0,16.5,0.2,0.8,377.1929824561404
16,3,17,155.0,25.0,16.5,0.2,0.8,377.1929824561404
17,3,17,165.0,25.0,16.5,0.2,0.8,377.1929824561404
18,3,17,175.0,25.0,16.5,0.2,0.8,377.1929824561404
19,3,17,185.0,25.0,16.5,0.2,0.8,377.1929824561404
20,3,17,195.0,25.0,16.5,0.2,0.8,377.1929824561404
21,3,17,205.0,25.0,16.5,0.2,0.8,377.1929824561404
22,3,17,215.0,25.0,16.5,0.2,0.8,377.1929824561404
23,3,17,225.0,25.0,16.5,0.2,0.8,377.1929824561404
24,3,17,235.0,25.0,16.5,0.2,0.8,377.1929824561404
25,3,17,245.0,25.0,16.5,0.2,0.8,377.1929824561404
26,3,17,255.0,25.0,16.5,0.2,0.8,377.1929824561404
27,3,17,265.0,25.0,16.5,0.2,0.8,377.1929824561404
28,3,17,275.0,25.0,16.5,0.2,0.8,377.1929824561404
29,3,17,285.0,25.0,16.5,0.2,0.8,377.1929824561404
30,3,17,295.0,25.0,16.5,0.2,0.8,377.1929824561404
31,3,17,305.0,25.0,16.5,0.2,0.8,377.1929824561404
32,3,17,315.0,25.0,16.5,0.2,0.8,377.1929824561404
33,3,17,325.0,25.0,16.5,0.2,0.8,377.1929824561404
34,3,17,335.0,25.0,16.5,0.2,0.8,377.1929824561404
35,3,17,345.0,25.0,16.5,0.2,0.8,377.1929824561404
36,3,17,355.0,25.0,16.5,0.2,0.8,377.1929824561404
37,3,17,365.0,25.0,16.5,0.2,0.8,377.1929824561404
38,3,17,375.0,25.0,16.5,0.2,0.8,377.1929824561404
39,3,17,385.0,25.0,16.5,0.2,0.8,377.1929824561404
40,3,17,395.0,25.0,16.5,0.2,0.8,377.1929824561404
41,3,17,405.0,25.0,16.5,0.2,0.8,377.1929824561404
42,3,17,415.0,25.0,16.5,0.2,0.8,377.1929824561404
43,3,17,425.0,25.0,16.5,0.2,0.8,377.1929824561404
44,3,17,435.0,25.0,16.5,0.2,0.8,377.1929824561404
45,3,17,445.0,25.0,16.5,0.2,0.8,377.1929824561404
46,3,17,455.0,25.0,16.5,0.2,0.8,377.1929824561404
47,3,17,465.0,25.0,16.5,0.2,0.8,377.1929824561404
48,3,17,475.0,25.0,16.5,0.2,0.8,377.1929824561404
49,3,17,485.0,25.0,16.5,0.2,0.8,377.1929824561404
50,3,17,495.0,25.0,16.5,0.2,0.8,377.1929824561404
1,4,17,5.0,35.0,16.5,0.2,0.8,377.1929824561404
2,4,17,15.0,35.0,16.5,0.2,0.8,377.1929824561404
3,4,17,25.0,35.0,16.5,0.2,0.8,377.1929824561404
4,4,17,35.0,35.0,16.5,0.2,0.8,377.1929824561404
5,4,17,45.0,35.0,16.5,0.2,0.8,377.1929824561404
6,4,17,55.0,35.0,16.5,0.2,0.8,377.1929824561404
7,4,17,65.0,35.0,16.5,0.2,0.8,377.1929824561404
8,4,17,75.0,35.0,16.5,0.2,0.8,377.1929824561404
9,4,17,85.0,35.0,16.5,0.2,0.8,377.1929824561404
10,4,17,95.0,35.0,16.5,0.2,0.8,377.1929824561404
11,4,17,105.0,35.0,16.5,0.2,0.8,377.1929824561404
12,4,17,115.0,35.0,16.5,0.2,0.8,377.1929824561404
13,4,17,125.0,35.0,16.5,0.2,0.8,377.1929824561404
14,4,17,135.0,35.0,16.5,0.2,0.8,377.1929824561404
15,4,17,145.0,35.0,16.5,0.2,0.8,377.1929824561404
16,4,17,155.0,35.0,16.5,0.2,0.8,377.1929824561404
17,4,17,165.0,35.0,16.5,0.2,0.8,377.1929824561404
18,4,17,175.0,35.0,16.5,0.2,0.8,377.1929824561404
19,4,17,185.0,35.0,16.5,0.2,0.8,377.1929824561404
20,4,17,195.0,35.0,16.5,0.2,0.8,377.1929824561404
21,4,17,205.0,35.0,16.5,0.2,0.8,377.1929824561404
22,4,17,215.0,35.0,16.5,0.2,0.8,377.1929824561404
23,4,17,225.0,35.0,16.5,0.2,0.8,377.1929824561404
24,4,17,235.0,35.0,16.5,0.2,0.8,377.1929824561404
25,4,17,245.0,35.0,16.5,0.2,0.8,377.1929824561404
26,4,17,255.0,35.0,16.5,0.2,0.8,377.1929824561404
27,4,17,265.0,35.0,16.5,0.2,0.8,377.1929824561404
28,4,17,275.0,35.0,16.5,0.2,0.8,377.1929824561404
29,4,17,285.0,35.0,16.5,0.2,0.8,377.1929824561404
30,4,17,295.0,35.0,16.5,0.2,0.8,377.1929824561404
31,4,17,305.0,35.0,16.5,0.2,0.8,377.1929824561404
32,4,17,315.0,35.0,16.5,0.2,0.8,377.1929824561404
33,4,17,325.0,35.0,16.5,0.2,0.8,377.1929824561404
34,4,17,335.0,35.0,16.5,0.2,0.8,377.1929824561404
35,4,17,345.0,35.0,16.5,0.2,0.8,377.1929824561404
36,4,17,355.0,35.0,16.5,0.2,0.8,377.1929824561404
37,4,17,365.0,35.0,16.5,0.2,0.8,377.1929824561404
38,4,17,375.0,35.0,16.5,0.2,0.8,377.1929824561404
39,4,17,385.0,35.0,16.5,0.2,0.8,377.1929824561404
40,4,17,395.0,35.0,16.5,0.2,0.8,377.1929824561404
41,4,17,405.0,35.0,16.5,0.2,0.8,377.1929824561404
42,4,17,415.0,35.0,16.5,0.2,0.8,377.1929824561404
43,4,17,425.0,35.0,16.5,0.2,0.8,377.1929824561404
44,4,17,435.0,35.0,16.5,0.2,0.8,377.1929824561404
45,4,17,445.0,35.0,16.5,0.2,0.8,377.1929824561404
46,4,17,455.0,35.0,16.5,0.2,0.8,377.1929824561404
47,4,17,465.0,35.0,16.5,0.2,0.8,377.1929824561404
48,4,17,475.0,35.0,16.5,0.2,0.8,377.1929824561404
49,4,17,485.0,35.0,16.5,0.2,0.8,377.1929824561404
50,4,17,495.0,35.0,16.5,0.2,0.8,377.1929824561404
1,5,17,5.0,45.0,16.5,0.2,0.8,377.1929824561404
2,5,17,15.0,45.0,16.5,0.2,0.8,377.1929824561404
3,5,17,25.0,45.0,16.5,0.2,0.8,377.1929824561404
4,5,17,35.0,45.0,16.5,0.2,0.8,377.1929824561404
5,5,17,45.0,45.0,16.5,0.2,0.8,377.1929824561404
6,5,17,55.0,45.0,16.5,0.2,0.8,377.1929824561404
7,5,17,65.0,45.0,16.5,0.2,0.8,377.1929824561404
8,5,17,75.0,45.0,16.5,0.2,0.8,377.1929824561404
9,5,17,85.0,45.0,16.5,0.2,0.8,377.1929824561404
10,5,17,95.0,45.0,16.5,0.2,0.8,377.1929824561404
11,5,17,105.0,45.0,16.5,0.2,0.8,377.1929824561404
12,5,17,115.0,45.0,16.5,0.2,0.8,377.1929824561404
13,5,17,125.0,45.0,16.5,0.2,0.8,377.1929824561404
14,5,17,135.0,45.0,16.5,0.2,0.8,377.1929824561404
15,5,17,145.0,45.0,16.5,0.2,0.8,377.1929824561404
16,5,17,155.0,45.0,16.5,0.2,0.8,377.1929824561404
17,5,17,165.0,45.0,16.5,0.2,0.8,377.1929824561404
18,5,17,175.0,45.0,16.5,0.2,0.8,377.1929824561404
19,5,17,185.0,45.0,16.5,0.2,0.8,377.1929824561404
20,5,17,195.0,45.0,16.5,0.2,0.8,377.1929824561404
21,5,17,205.0,45.0,16.5,0.2,0.8,377.1929824561404
22,5,17,215.0,45.0,16.5,0.2,0.8,377.1929824561404
23,5,17,225.0,45.0,16.5,0.2,0.8,377.1929824561404
24,5,17,235.0,45.0,16.5,0.2,0.8,377.1929824561404
25,5,17,245.0,45.0,16.5,0.2,0.8,377.1929824561404
26,5,17,255.0,45.0,16.5,0.2,0.8,377.1929824561404
27,5,17,265.0,45.0,16.5,0.2,0.8,377.1929824561404
28,5,17,275.0,45.0,16.5,0.2,0.8,377.1929824561404
29,5,17,285.0,45.0,16.5,0.2,0.8,377.1929824561404
30,5,17,295.0,45.0,16.5,0.2,0.8,377.1929824561404
31,5,17,305.0,45.0,16.5,0.2,0.8,377.1929824561404
32,5,17,315.0,45.0,16.5,0.2,0.8,377.1929824561404
33,5,17,325.0,45.0,16.5,0.2,0.8,377.1929824561404
34,5,17,335.0,45.0,16.5,0.2,0.8,377.1929824561404
35,5,17,345.0,45.0,16.5,0.2,0.8,377.1929824561404
36,5,17,355.0,45.0,16.5,0.2,0.8,377.1929824561404
37,5,17,365.0,45.0,16.5,0.2,0.8,377.1929824561404
38,5,17,375.0,45.0,16.5,0.2,0.8,377.1929824561404
39,5,17,385.0,45.0,16.5,0.2,0.8,377.1929824561404
40,5,17,395.0,45.0,16.5,0.2,0.8,377.1929824561404
41,5,17,405.0,45.0,16.5,0.2,0.8,377.1929824561404
42,5,17,415.0,45.0,16.5,0.2,0.8,377.1929824561404
43,5,17,425.0,45.0,16.5,0.2,0.8,377.1929824561404
44,5,17,435.0,45.0,16.5,0.2,0.8,377.1929824561404
45,5,17,445.0,45.0,16.5,0.2,0.8,377.1929824561404
46,5,17,455.0,45.0,16.5,0.2,0.8,377.1929824561404
47,5,17,465.0,45.0,16.5,0.2,0.8,377.1929824561404
48,5,17,475.0,45.0,16.5,0.2,0.8,377.1929824561404
49,5,17,485.0,45.0,16.5,0.2,0.8,377.1929824561404
50,5,17,495.0,45.0,16.5,0.2,0.8,377.1929824561404
1,6,17,5.0,55.0,16.5,0.2,0.8,377.1929824561404
2,6,17,15.0,55.0,16.5,0.2,0.8,377.1929824561404
3,6,17,25.0,55.0,16.5,0.2,0.8,377.1929824561404
4,6,17,35.0,55.0,16.5,0.2,0.8,377.1929824561404
5,6,17,45.0,55.0,16.5,0.2,0.8,377.1929824561404
6,6,17,55.0,55.0,16.5,0.2,0.8,377.1929824561404
7,6,17,65.0,55.0,16.5,0.2,0.8,377.1929824561404
8,6,17,75.0,55.0,16.5,0.2,0.8,377.1929824561404
9,6,17,85.0,55.0,16.5,0.2,0.8,377.1929824561404
10,6,17,95.0,55.0,16.5,0.2,0.8,377.1929824561404
11,6,17,105.0,55.0,16.5,0.2,0.8,377.1929824561404
12,6,17,115.0,55.0,16.5,0.2,0.8,377.1929824561404
13,6,17,125.0,55.0,16.5,0.2,0.8,377.1929824561404
14,6,17,135.0,55.0,16.5,0.2,0.8,377.1929824561404
15,6,17,145.0,55.0,16.5,0.2,0.8,377.1929824561404
16,6,17,155.0,55.0,16.5,0.2,0.8,377.1929824561404
17,6,17,165.0,55.0,16.5,0.2,0.8,377.1929824561404
18,6,17,175.0,55.0,16.5,0.2,0.8,377.1929824561404
19,6,17,185.0,55.0,16.5,0.2,0.8,377.1929824561404
20,6,17,195.0,55.0,16.5,0.2,0.8,377.1929824561404
21,6,17,205.0,55.0,16.5,0.2,0.8,377.1929824561404
22,6,17,215.0,55.0,16.5,0.2,0.8,377.1929824561404
23,6,17,225.0,55.0,16.5,0.2,0.8,377.1929824561404
24,6,17,235.0,55.0,16.5,0.2,0.8,377.1929824561404
25,6,17,245.0,55.0,16.5,0.2,0.8,377.1929824561404
26,6,17,255.0,55.0,16.5,0.2,0.8,377.1929824561404
27,6,17,265.0,55.0,16.5,0.2,0.8,377.1929824561404
28,6,17,275.0,55.0,16.5,0.2,0.8,377.1929824561404
29,6,17,285.0,55.0,16.5,0.2,0.8,377.1929824561404
30,6,17,295.0,55.0,16.5,0.2,0.8,377.1929824561404
31,6,17,305.0,55.0,16.5,0.2,0.8,377.1929824561404
32,6,17,315.0,55.0,16.5,0.2,0.8,377.1929824561404
33,6,17,325.0,55.0,16.5,0.2,0.8,377.1929824561404
34,6,17,335.0,55.0,16.5,0.2,0.8,377.1929824561404
35,6,17,345.0,55.0,16.5,0.2,0.8,377.1929824561404
36,6,17,355.0,55.0,16.5,0.2,0.8,377.1929824561404
37,6,17,365.0,55.0,16.5,0.2,0.8,377.1929824561404
38,6,17,375.0,55.0,16.5,0.2,0.8,377.1929824561404
39,6,17,385.0,55.0,16.5,0.2,0.8,377.1929824561404
40,6,17,395.0,55.0,16.5,0.2,0.8,377.1929824561404
41,6,17,405.0,55.0,16.5,0.2,0.8,377.1929824561404
42,6,17,415.0,55.0,16.5,0.2,0.8,377.1929824561404
43,6,17,425.0,55.0,16.5,0.2,0.8,377.1929824561404
44,6,17,435.0,55.0,16.5,0.2,0.8,377.1929824561404
45,6,17,445.0,55.0,16.5,0.2,0.8,377.1929824561404
46,6,17,455.0,55.0,16.5,0.2,0.8,377.1929824561404
47,6,17,465.0,55.0,16.5,0.2,0.8,377.1929824561404
48,6,17,475.0,55.0,16.5,0.2,0.8,377.1929824561404
49,6,17,485.0,55.0,16.5,0.2,0.8,377.1929824561404
50,6,17,495.0,55.0,16.5,0.2,0.8,377.1929824561404
1,7,17,5.0,65.0,16.5,0.2,0.8,377.1929824561404
2,7,17,15.0,65.0,16.5,0.2,0.8,377.1929824561404
3,7,17,25.0,65.0,16.5,0.2,0.8,377.1929824561404
4,7,17,35.0,65.0,16.5,0.2,0.8,377.1929824561404
5,7,17,45.0,65.0,16.5,0.2,0.8,377.1929824561404
6,7,17,55.0,65.0,16.5,0.2,0.8,377.1929824561404
7,7,17,65.0,65.0,16.5,0.2,0.8,377.1929824561404
8,7,17,75.0,65.0,16.5,0.2,0.8,377.1929824561404
9,7,17,85.0,65.0,16.5,0.2,0.8,377.1929824561404
10,7,17,95.0,65.0,16.5,0.2,0.8,377.1929824561404
11,7,17,105.0,65.0,16.5,0.2,0.8,377.1929824561404
12,7,17,115.0,65.0,16.5,0.2,0.8,377.1929824561404
13,7,17,125.0,65.0,16.5,0.2,0.8,377.1929824561404
14,7,17,135.0,65.0,16.5,0.2,0.8,377.1929824561404
15,7,17,145.0,65.0,16.5,0.2,0.8,377.1929824561404
16,7,17,155.0,65.0,16.5,0.2,0.8,377.1929824561404
17,7,17,165.0,65.0,16.5,0.2,0.8,377.1929824561404
18,7,17,175.0,65.0,16.5,0.2,0.8,377.1929824561404
19,7,17,185.0,65.0,16.5,0.2,0.8,377.1929824561404
20,7,17,195.0,65.0,16.5,0.2,0.8,377.1929824561404
21,7,17,205.0,65.0,16.5,0.2,0.8,377.1929824561404
22,7,17,215.0,65.0,16.5,0.2,0.8,377.1929824561404
23,7,17,225.0,65.0,16.5,0.2,0.8,377.1929824561404
24,7,17,235.0,65.0,16.5,0.2,0.8,377.1929824561404
25,7,17,245.0,65.0,16.5,0.2,0.8,377.1929824561404
26,7,17,255.0,65.0,16.5,0.2,0.8,377.1929824561404
27,7,17,265.0,65.0,16.5,0.2,0.8,377.1929824561404
28,7,17,275.0,65.0,16.5,0.2,0.8,377.1929824561404
29,7,17,285.0,65.0,16.5,0.2,0.8,377.1929824561404
30,7,17,295.0,65.0,16.5,0.2,0.8,377.1929824561404
31,7,17,305.0,65.0,16.5,0.2,0.8,377.1929824561404
32,7,17,315.0,65.0,16.5,0.2,0.8,377.1929824561404
33,7,17,325.0,65.0,16.5,0.2,0.8,377.1929824561404
34,7,17,335.0,65.0,16.5,0.2,0.8,377.1929824561404
35,7,17,345.0,65.0,16.5,0.2,0.8,377.1929824561404
36,7,17,355.0,65.0,16.5,0.2,0.8,377.1929824561404
37,7,17,365.0,65.0,16.5,0.2,0.8,377.1929824561404
38,7,17,375.0,65.0,16.5,0.2,0.8,377.1929824561404
39,7,17,385.0,65.0,16.5,0.2,0.8,377.1929824561404
40,7,17,395.0,65.0,16.5,0.2,0.8,377.1929824561404
41,7,17,405.0,65.0,16.5,0.2,0.8,377.1929824561404
42,7,17,415.0,65.0,16.5,0.2,0.8,377.1929824561404
43,7,17,425.0,65.0,16.5,0.2,0.8,377.1929824561404
44,7,17,435.0,65.0,16.5,0.2,0.8,377.1929824561404
45,7,17,445.0,65.0,16.5,0.2,0.8,377.1929824561404
46,7,17,455.0,65.0,16.5,0.2,0.8,377.1929824561404
47,7,17,465.0,65.0,16.5,0.2,0.8,377.1929824561404
48,7,17,475.0,65.0,16.5,0.2,0.8,377.1929824561404
49,7,17,485.0,65.0,16.5,0.2,0.8,377.1929824561404
50,7,17,495.0,65.0,16.5,0.2,0.8,377.1929824561404
1,8,17,5.0,75.0,16.5,0.2,0.8,377.1929824561404
2,8,17,15.0,75.0,16.5,0.2,0.8,377.1929824561404
3,8,17,25.0,75.0,16.5,0.2,0.8,377.1929824561404
4,8,17,35.0,75.0,16.5,0.2,0.8,377.1929824561404
5,8,17,45.0,75.0,16.5,0.2,0.8,377.1929824561404
6,8,17,55.0,75.0,16.5,0.2,0.8,377.1929824561404
7,8,17,65.0,75.0,16.5,0.2,0.8,377.1929824561404
8,8,17,75.0,75.0,16.5,0.2,0.8,377.1929824561404
9,8,17,85.0,75.0,16.5,0.2,0.8,377.1929824561404
10,8,17,95.0,75.0,16.5,0.2,0.8,377.1929824561404
11,8,17,105.0,75.0,16.5,0.2,0.8,377.1929824561404
12,8,17,115.0,75.0,16.5,0.2,0.8,377.1929824561404
13,8,17,125.0,75.0,16.5,0.2,0.8,377.1929824561404
14,8,17,135.0,75.0,16.5,0.2,0.8,377.1929824561404
15,8,17,145.0,75.0,16.5,0.2,0.8,377.1929824561404
16,8,17,155.0,75.0,16.5,0.2,0.8,377.1929824561404
17,8,17,165.0,75.0,16.5,0.2,0.8,377.1929824561404
18,8,17,175.0,75.0,16.5,0.2,0.8,377.1929824561404
19,8,17,185.0,75.0,16.5,0.2,0.8,377.1929824561404
20,8,17,195.0,75.0,16.5,0.2,0.8,377.1929824561404
21,8,17,205.0,75.0,16.5,0.2,0.8,377.1929824561404
22,8,17,215.0,75.0,16.5,0.2,0.8,377.1929824561404
23,8,17,225.0,75.0,16.5,0.2,0.8,377.1929824561404
24,8,17,235.0,75.0,16.5,0.2,0.8,377.1929824561404
25,8,17,245.0,75.0,16.5,0.2,0.8,377.1929824561404
26,8,17,255.0,75.0,16.5,0.2,0.8,377.1929824561404
27,8,17,265.0,75.0,16.5,0.2,0.8,377.1929824561404
28,8,17,275.0,75.0,16.5,0.2,0.8,377.1929824561404
29,8,17,285.0,75.0,16.5,0.2,0.8,377.1929824561404
30,8,17,295.0,75.0,16.5,0.2,0.8,377.1929824561404
31,8,17,305.0,75.0,16.5,0.2,0.8,377.1929824561404
32,8,17,315.0,75.0,16.5,0.2,0.8,377.1929824561404
33,8,17,325.0,75.0,16.5,0.2,0.8,377.1929824561404
34,8,17,335.0,75.0,16.5,0.2,0.8,377.1929824561404
35,8,17,345.0,75.0,16.5,0.2,0.8,377.1929824561404
36,8,17,355.0,75.0,16.5,0.2,0.8,377.1929824561404
37,8,17,365.0,75.0,16.5,0.2,0.8,377.1929824561404
38,8,17,375.0,75.0,16.5,0.2,0.8,377.1929824561404
39,8,17,385.0,75.0,16.5,0.2,0.8,377.1929824561404
40,8,17,395.0,75.0,16.5,0.2,0.8,377.1929824561404
41,8,17,405.0,75.0,16.5,0.2,0.8,377.1929824561404
42,8,17,415.0,75.0,16.5,0.2,0.8,377.1929824561404
43,8,17,425.0,75.0,16.5,0.2,0.8,377.1929824561404
44,8,17,435.0,75.0,16.5,0.2,0.8,377.1929824561404
45,8,17,445.0,75.0,16.5,0.2,0.8,377.1929824561404
46,8,17,455.0,75.0,16.5,0.2,0.8,377.1929824561404
47,8,17,465.0,75.0,16.5,0.2,0.8,377.1929824561404
48,8,17,475.0,75.0,16.5,0.2,0.8,377.1929824561404
49,8,17,485.0,75.0,16.5,0.2,0.8,377.1929824561404
50,8,17,495.0,75.0,16.5,0.2,0.8,377.1929824561404
1,9,17,5.0,85.0,16.5,0.2,0.8,377.1929824561404
2,9,17,15.0,85.0,16.5,0.2,0.8,377.1929824561404
3,9,17,25.0,85.0,16.5,0.2,0.8,377.1929824561404
4,9,17,35.0,85.0,16.5,0.2,0.8,377.1929824561404
5,9,17,45.0,85.0,16.5,0.2,0.8,377.1929824561404
6,9,17,55.0,85.0,16.5,0.2,0.8,377.1929824561404
7,9,17,65.0,85.0,16.5,0.2,0.8,377.1929824561404
8,9,17,75.0,85.0,16.5,0.2,0.8,377.1929824561404
9,9,17,85.0,85.0,16.5,0.2,0.8,377.1929824561404
10,9,17,95.0,85.0,16.5,0.2,0.8,377.1929824561404
11,9,17,105.0,85.0,16.5,0.2,0.8,377.1929824561404
12,9,17,115.0,85.0,16.5,0.2,0.8,377.1929824561404
13,9,17,125.0,85.0,16.5,0.2,0.8,377.1929824561404
14,9,17,135.0,85.0,16.5,0.2,0.8,377.1929824561404
15,9,17,145.0,85.0,16.5,0.2,0.8,377.1929824561404
16,9,17,155.0,85.0,16.5,0.2,0.8,377.1929824561404
17,9,17,165.0,85.0,16.5,0.2,0.8,377.1929824561404
18,9,17,175.0,85.0,16.5,0.2,0.8,377.1929824561404
19,9,17,185.0,85.0,16.5,0.2,0.8,377.1929824561404
20,9,17,195.0,85.0,16.5,0.2,0.8,377.1929824561404
21,9,17,205.0,85.0,16.5,0.2,0.8,377.1929824561404
22,9,17,215.0,85.0,16.5,0.2,0.8,377.1929824561404
23,9,17,225.0,85.0,16.5,0.2,0.8,377.1929824561404
24,9,17,235.0,85.0,16.5,0.2,0.8,377.1929824561404
25,9,17,245.0,85.0,16.5,0.2,0.8,377.1929824561404
26,9,17,255.0,85.0,16.5,0.2,0.8,377.1929824561404
27,9,17,265.0,85.0,16.5,0.2,0.8,377.1929824561404
28,9,17,275.0,85.0,16.5,0.2,0.8,377.1929824561404
29,9,17,285.0,85.0,16.5,0.2,0.8,377.1929824561404
30,9,17,295.0,85.0,16.5,0.2,0.8,377.1929824561404
31,9,17,305.0,85.0,16.5,0.2,0.8,377.1929824561404
32,9,17,315.0,85.0,16.5,0.2,0.8,377.1929824561404
33,9,17,325.0,85.0,16.5,0.2,0.8,377.1929824561404
34,9,17,335.0,85.0,16.5,0.2,0.8,377.1929824561404
35,9,17,345.0,85.0,16.5,0.2,0.8,377.1929824561404
36,9,17,355.0,85.0,16.5,0.2,0.8,377.1929824561404
37,9,17,365.0,85.0,16.5,0.2,0.8,377.1929824561404
38,9,17,375.0,85.0,16.5,0.2,0.8,377.1929824561404
39,9,17,385.0,85.0,16.5,0.2,0.8,377.1929824561404
40,9,17,395.0,85.0,16.5,0.2,0.8,377.1929824561404
41,9,17,405.0,85.0,16.5,0.2,0.8,377.1929824561404
42,9,17,415.0,85.0,16.5,0.2,0.8,377.1929824561404
43,9,17,425.0,85.0,16.5,0.2,0.8,377.1929824561404
44,9,17,435.0,85.0,16.5,0.2,0.8,377.1929824561404
45,9,17,445.0,85.0,16.5,0.2,0.8,377.1929824561404
46,9,17,455.0,85.0,16.5,0.2,0.8,377.1929824561404
47,9,17,465.0,85.0,16.5,0.2,0.8,377.1929824561404
48,9,17,475.0,85.0,16.5,0.2,0.8,377.1929824561404
49,9,17,485.0,85.0,16.5,0.2,0.8,377.1929824561404
50,9,17,495.0,85.0,16.5,0.2,0.8,377.1929824561404
1,10,17,5.0,95.0,16.5,0.2,0.8,377.1929824561404
2,10,17,15.0,95.0,16.5,0.2,0.8,377.1929824561404
3,10,17,25.0,95.0,16.5,0.2,0.8,377.1929824561404
4,10,17,35.0,95.0,16.5,0.2,0.8,377.1929824561404
5,10,17,45.0,95.0,16.5,0.2,0.8,377.1929824561404
6,10,17,55.0,95.0,16.5,0.2,0.8,377.1929824561404
7,10,17,65.0,95.0,16.5,0.2,0.8,377.1929824561404
8,10,17,75.0,95.0,16.5,0.2,0.8,377.1929824561404
9,10,17,85.0,95.0,16.5,0.2,0.8,377.1929824561404
10,10,17,95.0,95.0,16.5,0.2,0.8,377.1929824561404
11,10,17,105.0,95.0,16.5,0.2,0.8,377.1929824561404
12,10,17,115.0,95.0,16.5,0.2,0.8,377.1929824561404
13,10,17,125.0,95.0,16.5,0.2,0.8,377.1929824561404
14,10,17,135.0,95.0,16.5,0.2,0.8,377.1929824561404
15,10,17,145.0,95.0,16.5,0.2,0.8,377.1929824561404
16,10,17,155.0,95.0,16.5,0.2,0.8,377.1929824561404
17,10,17,165.0,95.0,16.5,0.2,0.8,377.1929824561404
18,10,17,175.0,95.0,16.5,0.2,0.8,377.1929824561404
19,10,17,185.0,95.0,16.5,0.2,0.8,377.1929824561404
20,10,17,195.0,95.0,16.5,0.2,0.8,377.1929824561404
21,10,17,205.0,95.0,16.5,0.2,0.8,377.1929824561404
22,10,17,215.0,95.0,16.5,0.2,0.8,377.1929824561404
23,10,17,225.0,95.0,16.5,0.2,0.8,377.1929824561404
24,10,17,235.0,95.0,16.5,0.2,0.8,377.1929824561404
25,10,17,245.0,95.0,16.5,0.2,0.8,377.1929824561404
26,10,17,255.0,95.0,16.5,0.2,0.8,377.1929824561404
27,10,17,265.0,95.0,16.5,0.2,0.8,377.1929824561404
28,10,17,275.0,95.0,16.5,0.2,0.8,377.1929824561404
29,10,17,285.0,95.0,16.5,0.2,0.8,377.1929824561404
30,10,17,295.0,95.0,16.5,0.2,0.8,377.1929824561404
31,10,17,305.0,95.0,16.5,0.2,0.8,377.1929824561404
32,10,17,315.0,95.0,16.5,0.2,0.8,377.1929824561404
33,10,17,325.0,95.0,16.5,0.2,0.8,377.1929824561404
34,10,17,335.0,95.0,16.5,0.2,0.8,377.1929824561404
35,10,17,345.0,95.0,16.5,0.2,0.8,377.1929824561404
36,10,17,355.0,95.0,16.5,0.2,0.8,377.1929824561404
37,10,17,365.0,95.0,16.5,0.2,0.8,377.1929824561404
38,10,17,375.0,95.0,16.5,0.2,0.8,377.1929824561404
39,10,17,385.0,95.0,16.5,0.2,0.8,377.1929824561404
40,10,17,395.0,95.0,16.5,0.2,0.8,377.1929824561404
41,10,17,405.0,95.0,16.5,0.2,0.8,377.1929824561404
42,10,17,415.0,95.0,16.5,0.2,0.8,377.1929824561404
43,10,17,425.0,95.0,16.5,0.2,0.8,377.1929824561404
44,10,17,435.0,95.0,16.5,0.2,0.8,377.1929824561404
45,10,17,445.0,95.0,16.5,0.2,0.8,377.1929824561404
46,10,17,455.0,95.0,16.5,0.2,0.8,377.1929824561404
47,10,17,465.0,95.0,16.5,0.2,0.8,377.1929824561404
48,10,17,475.0,95.0,16.5,0.2,0.8,377.1929824561404
49,10,17,485.0,95.0,16.5,0.2,0.8,377.1929824561404
50,10,17,495.0,95.0,16.5,0.2,0.8,377.1929824561404
1,1,18,5.0,5.0,17.5,0.2,0.8,307.0175438596491
2,1,18,15.0,5.0,17.5,0.2,0.8,307.0175438596491
3,1,18,25.0,5.0,17.5,0.2,0.8,307.0175438596491
4,1,18,35.0,5.0,17.5,0.2,0.8,307.0175438596491
5,1,18,45.0,5.0,17.5,0.2,0.8,307.0175438596491
6,1,18,55.0,5.0,17.5,0.2,0.8,307.0175438596491
7,1,18,65.0,5.0,17.5,0.2,0.8,307.0175438596491
8,1,18,75.0,5.0,17.5,0.2,0.8,307.0175438596491
9,1,18,85.0,5.0,17.5,0.2,0.8,307.0175438596491
10,1,18,95.0,5.0,17.5,0.2,0.8,307.0175438596491
11,1,18,105.0,5.0,17.5,0.2,0.8,307.0175438596491
12,1,18,115.0,5.0,17.5,0.2,0.8,307.0175438596491
13,1,18,125.0,5.0,17.5,0.2,0.8,307.0175438596491
14,1,18,135.0,5.0,17.5,0.2,0.8,307.0175438596491
15,1,18,145.0,5.0,17.5,0.2,0.8,307.0175438596491
16,1,18,155.0,5.0,17.5,0.2,0.8,307.0175438596491
17,1,18,165.0,5.0,17.5,0.2,0.8,307.0175438596491
18,1,18,175.0,5.0,17.5,0.2,0.8,307.0175438596491
19,1,18,185.0,5.0,17.5,0.2,0.8,307.0175438596491
20,1,18,195.0,5.0,17.5,0.2,0.8,307.0175438596491
21,1,18,205.0,5.0,17.5,0.2,0.8,307.0175438596491
22,1,18,215.0,5.0,17.5,0.2,0.8,307.0175438596491
23,1,18,225.0,5.0,17.5,0.2,0.8,307.0175438596491
24,1,18,235.0,5.0,17.5,0.2,0.8,307.0175438596491
25,1,18,245.0,5.0,17.5,0.2,0.8,307.0175438596491
26,1,18,255.0,5.0,17.5,0.2,0.8,307.0175438596491
27,1,18,265.0,5.0,17.5,0.2,0.8,307.0175438596491
28,1,18,275.0,5.0,17.5,0.2,0.8,307.0175438596491
29,1,18,285.0,5.0,17.5,0.2,0.8,307.0175438596491
30,1,18,295.0,5.0,17.5,0.2,0.8,307.0175438596491
31,1,18,305.0,5.0,17.5,0.2,0.8,307.0175438596491
32,1,18,315.0,5.0,17.5,0.2,0.8,307.0175438596491
33,1,18,325.0,5.0,17.5,0.2,0.8,307.0175438596491
34,1,18,335.0,5.0,17.5,0.2,0.8,307.0175438596491
35,1,18,345.0,5.0,17.5,0.2,0.8,307.0175438596491
36,1,18,355.0,5.0,17.5,0.2,0.8,307.0175438596491
37,1,18,365.0,5.0,17.5,0.2,0.8,307.0175438596491
38,1,18,375.0,5.0,17.5,0.2,0.8,307.0175438596491
39,1,18,385.0,5.0,17.5,0.2,0.8,307.0175438596491
40,1,18,395.0,5.0,17.5,0.2,0.8,307.0175438596491
41,1,18,405.0,5.0,17.5,0.2,0.8,307.0175438596491
42,1,18,415.0,5.0,17.5,0.2,0.8,307.0175438596491
43,1,18,425.0,5.0,17.5,0.2,0.8,307.0175438596491
44,1,18,435.0,5.0,17.5,0.2,0.8,307.0175438596491
45,1,18,445.0,5.0,17.5,0.2,0.8,307.0175438596491
46,1,18,455.0,5.0,17.5,0.2,0.8,307.0175438596491
47,1,18,465.0,5.0,17.5,0.2,0.8,307.0175438596491
48,1,18,475.0,5.0,17.5,0.2,0.8,307.0175438596491
49,1,18,485.0,5.0,17.5,0.2,0.8,307.0175438596491
50,1,18,495.0,5.0,17.5,0.2,0.8,307.0175438596491
1,2,18,5.0,15.0,17.5,0.2,0.8,307.0175438596491
2,2,18,15.0,15.0,17.5,0.2,0.8,307.0175438596491
3,2,18,25.0,15.0,17.5,0.2,0.8,307.0175438596491
4,2,18,35.0,15.0,17.5,0.2,0.8,307.0175438596491
5,2,18,45.0,15.0,17.5,0.2,0.8,307.0175438596491
6,2,18,55.0,15.0,17.5,0.2,0.8,307.0175438596491
7,2,18,65.0,15.0,17.5,0.2,0.8,307.0175438596491
8,2,18,75.0,15.0,17.5,0.2,0.8,307.0175438596491
9,2,18,85.0,15.0,17.5,0.2,0.8,307.0175438596491
10,2,18,95.0,15.0,17.5,0.2,0.8,307.0175438596491
11,2,18,105.0,15.0,17.5,0.2,0.8,307.0175438596491
12,2,18,115.0,15.0,17.5,0.2,0.8,307.0175438596491
13,2,18,125.0,15.0,17.5,0.2,0.8,307.0175438596491
14,2,18,135.0,15.0,17.5,0.2,0.8,307.0175438596491
15,2,18,145.0,15.0,17.5,0.2,0.8,307.0175438596491
16,2,18,155.0,15.0,17.5,0.2,0.8,307.0175438596491
17,2,18,165.0,15.0,17.5,0.2,0.8,307.0175438596491
18,2,18,175.0,15.0,17.5,0.2,0.8,307.0175438596491
19,2,18,185.0,15.0,17.5,0.2,0.8,307.0175438596491
20,2,18,195.0,15.0,17.5,0.2,0.8,307.0175438596491
21,2,18,205.0,15.0,17.5,0.2,0.8,307.0175438596491
22,2,18,215.0,15.0,17.5,0.2,0.8,307.0175438596491
23,2,18,225.0,15.0,17.5,0.2,0.8,307.0175438596491
24,2,18,235.0,15.0,17.5,0.2,0.8,307.0175438596491
25,2,18,245.0,15.0,17.5,0.2,0.8,307.0175438596491
26,2,18,255.0,15.0,17.5,0.2,0.8,307.0175438596491
27,2,18,265.0,15.0,17.5,0.2,0.8,307.0175438596491
28,2,18,275.0,15.0,17.5,0.2,0.8,307.0175438596491
29,2,18,285.0,15.0,17.5,0.2,0.8,307.0175438596491
30,2,18,295.0,15.0,17.5,0.2,0.8,307.0175438596491
31,2,18,305.0,15.0,17.5,0.2,0.8,307.0175438596491
32,2,18,315.0,15.0,17.5,0.2,0.8,307.0175438596491
33,2,18,325.0,15.0,17.5,0.2,0.8,307.0175438596491
34,2,18,335.0,15.0,17.5,0.2,0.8,307.0175438596491
35,2,18,345.0,15.0,17.5,0.2,0.8,307.0175438596491
36,2,18,355.0,15.0,17.5,0.2,0.8,307.0175438596491
37,2,18,365.0,15.0,17.5,0.2,0.8,307.0175438596491
38,2,18,375.0,15.0,17.5,0.2,0.8,307.0175438596491
39,2,18,385.0,15.0,17.5,0.2,0.8,307.0175438596491
40,2,18,395.0,15.0,17.5,0.2,0.8,307.0175438596491
41,2,18,405.0,15.0,17.5,0.2,0.8,307.0175438596491
42,2,18,415.0,15.0,17.5,0.2,0.8,307.0175438596491
43,2,18,425.0,15.0,17.5,0.2,0.8,307.0175438596491
44,2,18,435.0,15.0,17.5,0.2,0.8,307.0175438596491
45,2,18,445.0,15.0,17.5,0.2,0.8,307.0175438596491
46,2,18,455.0,15.0,17.5,0.2,0.8,307.0175438596491
47,2,18,465.0,15.0,17.5,0.2,0.8,307.0175438596491
48,2,18,475.0,15.0,17.5,0.2,0.8,307.0175438596491
49,2,18,485.0,15.0,17.5,0.2,0.8,307.0175438596491
50,2,18,495.0,15.0,17.5,0.2,0.8,307.0175438596491
1,3,18,5.0,25.0,17.5,0.2,0.8,307.0175438596491
2,3,18,15.0,25.0,17.5,0.2,0.8,307.0175438596491
3,3,18,25.0,25.0,17.5,0.2,0.8,307.0175438596491
4,3,18,35.0,25.0,17.5,0.2,0.8,307.0175438596491
5,3,18,45.0,25.0,17.5,0.2,0.8,307.0175438596491
6,3,18,55.0,25.0,17.5,0.2,0.8,307.0175438596491
7,3,18,65.0,25.0,17.5,0.2,0.8,307.0175438596491
8,3,18,75.0,25.0,17.5,0.2,0.8,307.0175438596491
9,3,18,85.0,25.0,17.5,0.2,0.8,307.0175438596491
10,3,18,95.0,25.0,17.5,0.2,0.8,307.0175438596491
11,3,18,105.0,25.0,17.5,0.2,0.8,307.0175438596491
12,3,18,115.0,25.0,17.5,0.2,0.8,307.0175438596491
13,3,18,125.0,25.0,17.5,0.2,0.8,307.0175438596491
14,3,18,135.0,25.0,17.5,0.2,0.8,307.0175438596491
15,3,18,145.0,25.0,17.5,0.2,0.8,307.0175438596491
16,3,18,155.0,25.0,17.5,0.2,0.8,307.0175438596491
17,3,18,165.0,25.0,17.5,0.2,0.8,307.0175438596491
18,3,18,175.0,25.0,17.5,0.2,0.8,307.0175438596491
19,3,18,185.0,25.0,17.5,0.2,0.8,307.0175438596491
20,3,18,195.0,25.0,17.5,0.2,0.8,307.0175438596491
21,3,18,205.0,25.0,17.5,0.2,0.8,307.0175438596491
22,3,18,215.0,25.0,17.5,0.2,0.8,307.0175438596491
23,3,18,225.0,25.0,17.5,0.2,0.8,307.0175438596491
24,3,18,235.0,25.0,17.5,0.2,0.8,307.0175438596491
25,3,18,245.0,25.0,17.5,0.2,0.8,307.0175438596491
26,3,18,255.0,25.0,17.5,0.2,0.8,307.0175438596491
27,3,18,265.0,25.0,17.5,0.2,0.8,307.0175438596491
28,3,18,275.0,25.0,17.5,0.2,0.8,307.0175438596491
29,3,18,285.0,25.0,17.5,0.2,0.8,307.0175438596491
30,3,18,295.0,25.0,17.5,0.2,0.8,307.0175438596491
31,3,18,305.0,25.0,17.5,0.2,0.8,307.0175438596491
32,3,18,315.0,25.0,17.5,0.2,0.8,307.0175438596491
33,3,18,325.0,25.0,17.5,0.2,0.8,307.0175438596491
34,3,18,335.0,25.0,17.5,0.2,0.8,307.0175438596491
35,3,18,345.0,25.0,17.5,0.2,0.8,307.0175438596491
36,3,18,355.0,25.0,17.5,0.2,0.8,307.0175438596491
37,3,18,365.0,25.0,17.5,0.2,0.8,307.0175438596491
38,3,18,375.0,25.0,17.5,0.2,0.8,307.0175438596491
39,3,18,385.0,25.0,17.5,0.2,0.8,307.0175438596491
40,3,18,395.0,25.0,17.5,0.2,0.8,307.0175438596491
41,3,18,405.0,25.0,17.5,0.2,0.8,307.0175438596491
42,3,18,415.0,25.0,17.5,0.2,0.8,307.0175438596491
43,3,18,425.0,25.0,17.5,0.2,0.8,307.0175438596491
44,3,18,435.0,25.0,17.5,0.2,0.8,307.0175438596491
45,3,18,445.0,25.0,17.5,0.2,0.8,307.0175438596491
46,3,18,455.0,25.0,17.5,0.2,0.8,307.0175438596491
47,3,18,465.0,25.0,17.5,0.2,0.8,307.0175438596491
48,3,18,475.0,25.0,17.5,0.2,0.8,307.0175438596491
49,3,18,485.0,25.0,17.5,0.2,0.8,307.0175438596491
50,3,18,495.0,25.0,17.5,0.2,0.8,307.0175438596491
1,4,18,5.0,35.0,17.5,0.2,0.8,307.0175438596491
2,4,18,15.0,35.0,17.5,0.2,0.8,307.0175438596491
3,4,18,25.0,35.0,17.5,0.2,0.8,307.0175438596491
4,4,18,35.0,35.0,17.5,0.2,0.8,307.0175438596491
5,4,18,45.0,35.0,17.5,0.2,0.8,307.0175438596491
6,4,18,55.0,35.0,17.5,0.2,0.8,307.0175438596491
7,4,18,65.0,35.0,17.5,0.2,0.8,307.0175438596491
8,4,18,75.0,35.0,17.5,0.2,0.8,307.0175438596491
9,4,18,85.0,35.0,17.5,0.2,0.8,307.0175438596491
10,4,18,95.0,35.0,17.5,0.2,0.8,307.0175438596491
11,4,18,105.0,35.0,17.5,0.2,0.8,307.0175438596491
12,4,18,115.0,35.0,17.5,0.2,0.8,307.0175438596491
13,4,18,125.0,35.0,17.5,0.2,0.8,307.0175438596491
14,4,18,135.0,35.0,17.5,0.2,0.8,307.0175438596491
15,4,18,145.0,35.0,17.5,0.2,0.8,307.0175438596491
16,4,18,155.0,35.0,17.5,0.2,0.8,307.0175438596491
17,4,18,165.0,35.0,17.5,0.2,0.8,307.0175438596491
18,4,18,175.0,35.0,17.5,0.2,0.8,307.0175438596491
19,4,18,185.0,35.0,17.5,0.2,0.8,307.0175438596491
20,4,18,195.0,35.0,17.5,0.2,0.8,307.0175438596491
21,4,18,205.0,35.0,17.5,0.2,0.8,307.0175438596491
22,4,18,215.0,35.0,17.5,0.2,0.8,307.0175438596491
23,4,18,225.0,35.0,17.5,0.2,0.8,307.0175438596491
24,4,18,235.0,35.0,17.5,0.2,0.8,307.0175438596491
25,4,18,245.0,35.0,17.5,0.2,0.8,307.0175438596491
26,4,18,255.0,35.0,17.5,0.2,0.8,307.0175438596491
27,4,18,265.0,35.0,17.5,0.2,0.8,307.0175438596491
28,4,18,275.0,35.0,17.5,0.2,0.8,307.0175438596491
29,4,18,285.0,35.0,17.5,0.2,0.8,307.0175438596491
30,4,18,295.0,35.0,17.5,0.2,0.8,307.0175438596491
31,4,18,305.0,35.0,17.5,0.2,0.8,307.0175438596491
32,4,18,315.0,35.0,17.5,0.2,0.8,307.0175438596491
33,4,18,325.0,35.0,17.5,0.2,0.8,307.0175438596491
34,4,18,335.0,35.0,17.5,0.2,0.8,307.0175438596491
35,4,18,345.0,35.0,17.5,0.2,0.8,307.0175438596491
36,4,18,355.0,35.0,17.5,0.2,0.8,307.0175438596491
37,4,18,365.0,35.0,17.5,0.2,0.8,307.0175438596491
38,4,18,375.0,35.0,17.5,0.2,0.8,307.0175438596491
39,4,18,385.0,35.0,17.5,0.2,0.8,307.0175438596491
40,4,18,395.0,35.0,17.5,0.2,0.8,307.0175438596491
41,4,18,405.0,35.0,17.5,0.2,0.8,307.0175438596491
42,4,18,415.0,35.0,17.5,0.2,0.8,307.0175438596491
43,4,18,425.0,35.0,17.5,0.2,0.8,307.0175438596491
44,4,18,435.0,35.0,17.5,0.2,0.8,307.0175438596491
45,4,18,445.0,35.0,17.5,0.2,0.8,307.0175438596491
46,4,18,455.0,35.0,17.5,0.2,0.8,307.0175438596491
47,4,18,465.0,35.0,17.5,0.2,0.8,307.0175438596491
48,4,18,475.0,35.0,17.5,0.2,0.8,307.0175438596491
49,4,18,485.0,35.0,17.5,0.2,0.8,307.0175438596491
50,4,18,495.0,35.0,17.5,0.2,0.8,307.0175438596491
1,5,18,5.0,45.0,17.5,0.2,0.8,307.0175438596491
2,5,18,15.0,45.0,17.5,0.2,0.8,307.0175438596491
3,5,18,25.0,45.0,17.5,0.2,0.8,307.0175438596491
4,5,18,35.0,45.0,17.5,0.2,0.8,307.0175438596491
5,5,18,45.0,45.0,17.5,0.2,0.8,307.0175438596491
6,5,18,55.0,45.0,17.5,0.2,0.8,307.0175438596491
7,5,18,65.0,45.0,17.5,0.2,0.8,307.0175438596491
8,5,18,75.0,45.0,17.5,0.2,0.8,307.0175438596491
9,5,18,85.0,45.0,17.5,0.2,0.8,307.0175438596491
10,5,18,95.0,45.0,17.5,0.2,0.8,307.0175438596491
11,5,18,105.0,45.0,17.5,0.2,0.8,307.0175438596491
12,5,18,115.0,45.0,17.5,0.2,0.8,307.0175438596491
13,5,18,125.0,45.0,17.5,0.2,0.8,307.0175438596491
14,5,18,135.0,45.0,17.5,0.2,0.8,307.0175438596491
15,5,18,145.0,45.0,17.5,0.2,0.8,307.0175438596491
16,5,18,155.0,45.0,17.5,0.2,0.8,307.0175438596491
17,5,18,165.0,45.0,17.5,0.2,0.8,307.0175438596491
18,5,18,175.0,45.0,17.5,0.2,0.8,307.0175438596491
19,5,18,185.0,45.0,17.5,0.2,0.8,307.0175438596491
20,5,18,195.0,45.0,17.5,0.2,0.8,307.0175438596491
21,5,18,205.0,45.0,17.5,0.2,0.8,307.0175438596491
22,5,18,215.0,45.0,17.5,0.2,0.8,307.0175438596491
23,5,18,225.0,45.0,17.5,0.2,0.8,307.0175438596491
24,5,18,235.0,45.0,17.5,0.2,0.8,307.0175438596491
25,5,18,245.0,45.0,17.5,0.2,0.8,307.0175438596491
26,5,18,255.0,45.0,17.5,0.2,0.8,307.0175438596491
27,5,18,265.0,45.0,17.5,0.2,0.8,307.0175438596491
28,5,18,275.0,45.0,17.5,0.2,0.8,307.0175438596491
29,5,18,285.0,45.0,17.5,0.2,0.8,307.0175438596491
30,5,18,295.0,45.0,17.5,0.2,0.8,307.0175438596491
31,5,18,305.0,45.0,17.5,0.2,0.8,307.0175438596491
32,5,18,315.0,45.0,17.5,0.2,0.8,307.0175438596491
33,5,18,325.0,45.0,17.5,0.2,0.8,307.0175438596491
34,5,18,335.0,45.0,17.5,0.2,0.8,307.0175438596491
35,5,18,345.0,45.0,17.5,0.2,0.8,307.0175438596491
36,5,18,355.0,45.0,17.5,0.2,0.8,307.0175438596491
37,5,18,365.0,45.0,17.5,0.2,0.8,307.0175438596491
38,5,18,375.0,45.0,17.5,0.2,0.8,307.0175438596491
39,5,18,385.0,45.0,17.5,0.2,0.8,307.0175438596491
40,5,18,395.0,45.0,17.5,0.2,0.8,307.0175438596491
41,5,18,405.0,45.0,17.5,0.2,0.8,307.0175438596491
42,5,18,415.0,45.0,17.5,0.2,0.8,307.0175438596491
43,5,18,425.0,45.0,17.5,0.2,0.8,307.0175438596491
44,5,18,435.0,45.0,17.5,0.2,0.8,307.0175438596491
45,5,18,445.0,45.0,17.5,0.2,0.8,307.0175438596491
46,5,18,455.0,45.0,17.5,0.2,0.8,307.0175438596491
47,5,18,465.0,45.0,17.5,0.2,0.8,307.0175438596491
48,5,18,475.0,45.0,17.5,0.2,0.8,307.0175438596491
49,5,18,485.0,45.0,17.5,0.2,0.8,307.0175438596491
50,5,18,495.0,45.0,17.5,0.2,0.8,307.0175438596491
1,6,18,5.0,55.0,17.5,0.2,0.8,307.0175438596491
2,6,18,15.0,55.0,17.5,0.2,0.8,307.0175438596491
3,6,18,25.0,55.0,17.5,0.2,0.8,307.0175438596491
4,6,18,35.0,55.0,17.5,0.2,0.8,307.0175438596491
5,6,18,45.0,55.0,17.5,0.2,0.8,307.0175438596491
6,6,18,55.0,55.0,17.5,0.2,0.8,307.0175438596491
7,6,18,65.0,55.0,17.5,0.2,0.8,307.0175438596491
8,6,18,75.0,55.0,17.5,0.2,0.8,307.0175438596491
9,6,18,85.0,55.0,17.5,0.2,0.8,307.0175438596491
10,6,18,95.0,55.0,17.5,0.2,0.8,307.0175438596491
11,6,18,105.0,55.0,17.5,0.2,0.8,307.0175438596491
12,6,18,115.0,55.0,17.5,0.2,0.8,307.0175438596491
13,6,18,125.0,55.0,17.5,0.2,0.8,307.0175438596491
14,6,18,135.0,55.0,17.5,0.2,0.8,307.0175438596491
15,6,18,145.0,55.0,17.5,0.2,0.8,307.0175438596491
16,6,18,155.0,55.0,17.5,0.2,0.8,307.0175438596491
17,6,18,165.0,55.0,17.5,0.2,0.8,307.0175438596491
18,6,18,175.0,55.0,17.5,0.2,0.8,307.0175438596491
19,6,18,185.0,55.0,17.5,0.2,0.8,307.0175438596491
20,6,18,195.0,55.0,17.5,0.2,0.8,307.0175438596491
21,6,18,205.0,55.0,17.5,0.2,0.8,307.0175438596491
22,6,18,215.0,55.0,17.5,0.2,0.8,307.0175438596491
23,6,18,225.0,55.0,17.5,0.2,0.8,307.0175438596491
24,6,18,235.0,55.0,17.5,0.2,0.8,307.0175438596491
25,6,18,245.0,55.0,17.5,0.2,0.8,307.0175438596491
26,6,18,255.0,55.0,17.5,0.2,0.8,307.0175438596491
27,6,18,265.0,55.0,17.5,0.2,0.8,307.0175438596491
28,6,18,275.0,55.0,17.5,0.2,0.8,307.0175438596491
29,6,18,285.0,55.0,17.5,0.2,0.8,307.0175438596491
30,6,18,295.0,55.0,17.5,0.2,0.8,307.0175438596491
31,6,18,305.0,55.0,17.5,0.2,0.8,307.0175438596491
32,6,18,315.0,55.0,17.5,0.2,0.8,307.0175438596491
33,6,18,325.0,55.0,17.5,0.2,0.8,307.0175438596491
34,6,18,335.0,55.0,17.5,0.2,0.8,307.0175438596491
35,6,18,345.0,55.0,17.5,0.2,0.8,307.0175438596491
36,6,18,355.0,55.0,17.5,0.2,0.8,307.0175438596491
37,6,18,365.0,55.0,17.5,0.2,0.8,307.0175438596491
38,6,18,375.0,55.0,17.5,0.2,0.8,307.0175438596491
39,6,18,385.0,55.0,17.5,0.2,0.8,307.0175438596491
40,6,18,395.0,55.0,17.5,0.2,0.8,307.0175438596491
41,6,18,405.0,55.0,17.5,0.2,0.8,307.0175438596491
42,6,18,415.0,55.0,17.5,0.2,0.8,307.0175438596491
43,6,18,425.0,55.0,17.5,0.2,0.8,307.0175438596491
44,6,18,435.0,55.0,17.5,0.2,0.8,307.0175438596491
45,6,18,445.0,55.0,17.5,0.2,0.8,307.0175438596491
46,6,18,455.0,55.0,17.5,0.2,0.8,307.0175438596491
47,6,18,465.0,55.0,17.5,0.2,0.8,307.0175438596491
48,6,18,475.0,55.0,17.5,0.2,0.8,307.0175438596491
49,6,18,485.0,55.0,17.5,0.2,0.8,307.0175438596491
50,6,18,495.0,55.0,17.5,0.2,0.8,307.0175438596491
1,7,18,5.0,65.0,17.5,0.2,0.8,307.0175438596491
2,7,18,15.0,65.0,17.5,0.2,0.8,307.0175438596491
3,7,18,25.0,65.0,17.5,0.2,0.8,307.0175438596491
4,7,18,35.0,65.0,17.5,0.2,0.8,307.0175438596491
5,7,18,45.0,65.0,17.5,0.2,0.8,307.0175438596491
6,7,18,55.0,65.0,17.5,0.2,0.8,307.0175438596491
7,7,18,65.0,65.0,17.5,0.2,0.8,307.0175438596491
8,7,18,75.0,65.0,17.5,0.2,0.8,307.0175438596491
9,7,18,85.0,65.0,17.5,0.2,0.8,307.0175438596491
10,7,18,95.0,65.0,17.5,0.2,0.8,307.0175438596491
11,7,18,105.0,65.0,17.5,0.2,0.8,307.0175438596491
12,7,18,115.0,65.0,17.5,0.2,0.8,307.0175438596491
13,7,18,125.0,65.0,17.5,0.2,0.8,307.0175438596491
14,7,18,135.0,65.0,17.5,0.2,0.8,307.0175438596491
15,7,18,145.0,65.0,17.5,0.2,0.8,307.0175438596491
16,7,18,155.0,65.0,17.5,0.2,0.8,307.0175438596491
17,7,18,165.0,65.0,17.5,0.2,0.8,307.0175438596491
18,7,18,175.0,65.0,17.5,0.2,0.8,307.0175438596491
19,7,18,185.0,65.0,17.5,0.2,0.8,307.0175438596491
20,7,18,195.0,65.0,17.5,0.2,0.8,307.0175438596491
21,7,18,205.0,65.0,17.5,0.2,0.8,307.0175438596491
22,7,18,215.0,65.0,17.5,0.2,0.8,307.0175438596491
23,7,18,225.0,65.0,17.5,0.2,0.8,307.0175438596491
24,7,18,235.0,65.0,17.5,0.2,0.8,307.0175438596491
25,7,18,245.0,65.0,17.5,0.2,0.8,307.0175438596491
26,7,18,255.0,65.0,17.5,0.2,0.8,307.0175438596491
27,7,18,265.0,65.0,17.5,0.2,0.8,307.0175438596491
28,7,18,275.0,65.0,17.5,0.2,0.8,307.0175438596491
29,7,18,285.0,65.0,17.5,0.2,0.8,307.0175438596491
30,7,18,295.0,65.0,17.5,0.2,0.8,307.0175438596491
31,7,18,305.0,65.0,17.5,0.2,0.8,307.0175438596491
32,7,18,315.0,65.0,17.5,0.2,0.8,307.0175438596491
33,7,18,325.0,65.0,17.5,0.2,0.8,307.0175438596491
34,7,18,335.0,65.0,17.5,0.2,0.8,307.0175438596491
35,7,18,345.0,65.0,17.5,0.2,0.8,307.0175438596491
36,7,18,355.0,65.0,17.5,0.2,0.8,307.0175438596491
37,7,18,365.0,65.0,17.5,0.2,0.8,307.0175438596491
38,7,18,375.0,65.0,17.5,0.2,0.8,307.0175438596491
39,7,18,385.0,65.0,17.5,0.2,0.8,307.0175438596491
40,7,18,395.0,65.0,17.5,0.2,0.8,307.0175438596491
41,7,18,405.0,65.0,17.5,0.2,0.8,307.0175438596491
42,7,18,415.0,65.0,17.5,0.2,0.8,307.0175438596491
43,7,18,425.0,65.0,17.5,0.2,0.8,307.0175438596491
44,7,18,435.0,65.0,17.5,0.2,0.8,307.0175438596491
45,7,18,445.0,65.0,17.5,0.2,0.8,307.0175438596491
46,7,18,455.0,65.0,17.5,0.2,0.8,307.0175438596491
47,7,18,465.0,65.0,17.5,0.2,0.8,307.0175438596491
48,7,18,475.0,65.0,17.5,0.2,0.8,307.0175438596491
49,7,18,485.0,65.0,17.5,0.2,0.8,307.0175438596491
50,7,18,495.0,65.0,17.5,0.2,0.8,307.0175438596491
1,8,18,5.0,75.0,17.5,0.2,0.8,307.0175438596491
2,8,18,15.0,75.0,17.5,0.2,0.8,307.0175438596491
3,8,18,25.0,75.0,17.5,0.2,0.8,307.0175438596491
4,8,18,35.0,75.0,17.5,0.2,0.8,307.0175438596491
5,8,18,45.0,75.0,17.5,0.2,0.8,307.0175438596491
6,8,18,55.0,75.0,17.5,0.2,0.8,307.0175438596491
7,8,18,65.0,75.0,17.5,0.2,0.8,307.0175438596491
8,8,18,75.0,75.0,17.5,0.2,0.8,307.0175438596491
9,8,18,85.0,75.0,17.5,0.2,0.8,307.0175438596491
10,8,18,95.0,75.0,17.5,0.2,0.8,307.0175438596491
11,8,18,105.0,75.0,17.5,0.2,0.8,307.0175438596491
12,8,18,115.0,75.0,17.5,0.2,0.8,307.0175438596491
13,8,18,125.0,75.0,17.5,0.2,0.8,307.0175438596491
14,8,18,135.0,75.0,17.5,0.2,0.8,307.0175438596491
15,8,18,145.0,75.0,17.5,0.2,0.8,307.0175438596491
16,8,18,155.0,75.0,17.5,0.2,0.8,307.0175438596491
17,8,18,165.0,75.0,17.5,0.2,0.8,307.0175438596491
18,8,18,175.0,75.0,17.5,0.2,0.8,307.0175438596491
19,8,18,185.0,75.0,17.5,0.2,0.8,307.0175438596491
20,8,18,195.0,75.0,17.5,0.2,0.8,307.0175438596491
21,8,18,205.0,75.0,17.5,0.2,0.8,307.0175438596491
22,8,18,215.0,75.0,17.5,0.2,0.8,307.0175438596491
23,8,18,225.0,75.0,17.5,0.2,0.8,307.0175438596491
24,8,18,235.0,75.0,17.5,0.2,0.8,307.0175438596491
25,8,18,245.0,75.0,17.5,0.2,0.8,307.0175438596491
26,8,18,255.0,75.0,17.5,0.2,0.8,307.0175438596491
27,8,18,265.0,75.0,17.5,0.2,0.8,307.0175438596491
28,8,18,275.0,75.0,17.5,0.2,0.8,307.0175438596491
29,8,18,285.0,75.0,17.5,0.2,0.8,307.0175438596491
30,8,18,295.0,75.0,17.5,0.2,0.8,307.0175438596491
31,8,18,305.0,75.0,17.5,0.2,0.8,307.0175438596491
32,8,18,315.0,75.0,17.5,0.2,0.8,307.0175438596491
33,8,18,325.0,75.0,17.5,0.2,0.8,307.0175438596491
34,8,18,335.0,75.0,17.5,0.2,0.8,307.0175438596491
35,8,18,345.0,75.0,17.5,0.2,0.8,307.0175438596491
36,8,18,355.0,75.0,17.5,0.2,0.8,307.0175438596491
37,8,18,365.0,75.0,17.5,0.2,0.8,307.0175438596491
38,8,18,375.0,75.0,17.5,0.2,0.8,307.0175438596491
39,8,18,385.0,75.0,17.5,0.2,0.8,307.0175438596491
40,8,18,395.0,75.0,17.5,0.2,0.8,307.0175438596491
41,8,18,405.0,75.0,17.5,0.2,0.8,307.0175438596491
42,8,18,415.0,75.0,17.5,0.2,0.8,307.0175438596491
43,8,18,425.0,75.0,17.5,0.2,0.8,307.0175438596491
44,8,18,435.0,75.0,17.5,0.2,0.8,307.0175438596491
45,8,18,445.0,75.0,17.5,0.2,0.8,307.0175438596491
46,8,18,455.0,75.0,17.5,0.2,0.8,307.0175438596491
47,8,18,465.0,75.0,17.5,0.2,0.8,307.0175438596491
48,8,18,475.0,75.0,17.5,0.2,0.8,307.0175438596491
49,8,18,485.0,75.0,17.5,0.2,0.8,307.0175438596491
50,8,18,495.0,75.0,17.5,0.2,0.8,307.0175438596491
1,9,18,5.0,85.0,17.5,0.2,0.8,307.0175438596491
2,9,18,15.0,85.0,17.5,0.2,0.8,307.0175438596491
3,9,18,25.0,85.0,17.5,0.2,0.8,307.0175438596491
4,9,18,35.0,85.0,17.5,0.2,0.8,307.0175438596491
5,9,18,45.0,85.0,17.5,0.2,0.8,307.0175438596491
6,9,18,55.0,85.0,17.5,0.2,0.8,307.0175438596491
7,9,18,65.0,85.0,17.5,0.2,0.8,307.0175438596491
8,9,18,75.0,85.0,17.5,0.2,0.8,307.0175438596491
9,9,18,85.0,85.0,17.5,0.2,0.8,307.0175438596491
10,9,18,95.0,85.0,17.5,0.2,0.8,307.0175438596491
11,9,18,105.0,85.0,17.5,0.2,0.8,307.0175438596491
12,9,18,115.0,85.0,17.5,0.2,0.8,307.0175438596491
13,9,18,125.0,85.0,17.5,0.2,0.8,307.0175438596491
14,9,18,135.0,85.0,17.5,0.2,0.8,307.0175438596491
15,9,18,145.0,85.0,17.5,0.2,0.8,307.0175438596491
16,9,18,155.0,85.0,17.5,0.2,0.8,307.0175438596491
17,9,18,165.0,85.0,17.5,0.2,0.8,307.0175438596491
18,9,18,175.0,85.0,17.5,0.2,0.8,307.0175438596491
19,9,18,185.0,85.0,17.5,0.2,0.8,307.0175438596491
20,9,18,195.0,85.0,17.5,0.2,0.8,307.0175438596491
21,9,18,205.0,85.0,17.5,0.2,0.8,307.0175438596491
22,9,18,215.0,85.0,17.5,0.2,0.8,307.0175438596491
23,9,18,225.0,85.0,17.5,0.2,0.8,307.0175438596491
24,9,18,235.0,85.0,17.5,0.2,0.8,307.0175438596491
25,9,18,245.0,85.0,17.5,0.2,0.8,307.0175438596491
26,9,18,255.0,85.0,17.5,0.2,0.8,307.0175438596491
27,9,18,265.0,85.0,17.5,0.2,0.8,307.0175438596491
28,9,18,275.0,85.0,17.5,0.2,0.8,307.0175438596491
29,9,18,285.0,85.0,17.5,0.2,0.8,307.0175438596491
30,9,18,295.0,85.0,17.5,0.2,0.8,307.0175438596491
31,9,18,305.0,85.0,17.5,0.2,0.8,307.0175438596491
32,9,18,315.0,85.0,17.5,0.2,0.8,307.0175438596491
33,9,18,325.0,85.0,17.5,0.2,0.8,307.0175438596491
34,9,18,335.0,85.0,17.5,0.2,0.8,307.0175438596491
35,9,18,345.0,85.0,17.5,0.2,0.8,307.0175438596491
36,9,18,355.0,85.0,17.5,0.2,0.8,307.0175438596491
37,9,18,365.0,85.0,17.5,0.2,0.8,307.0175438596491
38,9,18,375.0,85.0,17.5,0.2,0.8,307.0175438596491
39,9,18,385.0,85.0,17.5,0.2,0.8,307.0175438596491
40,9,18,395.0,85.0,17.5,0.2,0.8,307.0175438596491
41,9,18,405.0,85.0,17.5,0.2,0.8,307.0175438596491
42,9,18,415.0,85.0,17.5,0.2,0.8,307.0175438596491
43,9,18,425.0,85.0,17.5,0.2,0.8,307.0175438596491
44,9,18,435.0,85.0,17.5,0.2,0.8,307.0175438596491
45,9,18,445.0,85.0,17.5,0.2,0.8,307.0175438596491
46,9,18,455.0,85.0,17.5,0.2,0.8,307.0175438596491
47,9,18,465.0,85.0,17.5,0.2,0.8,307.0175438596491
48,9,18,475.0,85.0,17.5,0.2,0.8,307.0175438596491
49,9,18,485.0,85.0,17.5,0.2,0.8,307.0175438596491
50,9,18,495.0,85.0,17.5,0.2,0.8,307.0175438596491
1,10,18,5.0,95.0,17.5,0.2,0.8,307.0175438596491
2,10,18,15.0,95.0,17.5,0.2,0.8,307.0175438596491
3,10,18,25.0,95.0,17.5,0.2,0.8,307.0175438596491
4,10,18,35.0,95.0,17.5,0.2,0.8,307.0175438596491
5,10,18,45.0,95.0,17.5,0.2,0.8,307.0175438596491
6,10,18,55.0,95.0,17.5,0.2,0.8,307.0175438596491
7,10,18,65.0,95.0,17.5,0.2,0.8,307.0175438596491
8,10,18,75.0,95.0,17.5,0.2,0.8,307.0175438596491
9,10,18,85.0,95.0,17.5,0.2,0.8,307.0175438596491
10,10,18,95.0,95.0,17.5,0.2,0.8,307.0175438596491
11,10,18,105.0,95.0,17.5,0.2,0.8,307.0175438596491
12,10,18,115.0,95.0,17.5,0.2,0.8,307.0175438596491
13,10,18,125.0,95.0,17.5,0.2,0.8,307.0175438596491
14,10,18,135.0,95.0,17.5,0.2,0.8,307.0175438596491
15,10,18,145.0,95.0,17.5,0.2,0.8,307.0175438596491
16,10,18,155.0,95.0,17.5,0.2,0.8,307.0175438596491
17,10,18,165.0,95.0,17.5,0.2,0.8,307.0175438596491
18,10,18,175.0,95.0,17.5,0.2,0.8,307.0175438596491
19,10,18,185.0,95.0,17.5,0.2,0.8,307.0175438596491
20,10,18,195.0,95.0,17.5,0.2,0.8,307.0175438596491
21,10,18,205.0,95.0,17.5,0.2,0.8,307.0175438596491
22,10,18,215.0,95.0,17.5,0.2,0.8,307.0175438596491
23,10,18,225.0,95.0,17.5,0.2,0.8,307.0175438596491
24,10,18,235.0,95.0,17.5,0.2,0.8,307.0175438596491
25,10,18,245.0,95.0,17.5,0.2,0.8,307.0175438596491
26,10,18,255.0,95.0,17.5,0.2,0.8,307.0175438596491
27,10,18,265.0,95.0,17.5,0.2,0.8,307.0175438596491
28,10,18,275.0,95.0,17.5,0.2,0.8,307.0175438596491
29,10,18,285.0,95.0,17.5,0.2,0.8,307.0175438596491
30,10,18,295.0,95.0,17.5,0.2,0.8,307.0175438596491
31,10,18,305.0,95.0,17.5,0.2,0.8,307.0175438596491
32,10,18,315.0,95.0,17.5,0.2,0.8,307.0175438596491
33,10,18,325.0,95.0,17.5,0.2,0.8,307.0175438596491
34,10,18,335.0,95.0,17.5,0.2,0.8,307.0175438596491
35,10,18,345.0,95.0,17.5,0.2,0.8,307.0175438596491
36,10,18,355.0,95.0,17.5,0.2,0.8,307.0175438596491
37,10,18,365.0,95.0,17.5,0.2,0.8,307.0175438596491
38,10,18,375.0,95.0,17.5,0.2,0.8,307.0175438596491
39,10,18,385.0,95.0,17.5,0.2,0.8,307.0175438596491
40,10,18,395.0,95.0,17.5,0.2,0.8,307.0175438596491
41,10,18,405.0,95.0,17.5,0.2,0.8,307.0175438596491
42,10,18,415.0,95.0,17.5,0.2,0.8,307.0175438596491
43,10,18,425.0,95.0,17.5,0.2,0.8,307.0175438596491
44,10,18,435.0,95.0,17.5,0.2,0.8,307.0175438596491
45,10,18,445.0,95.0,17.5,0.2,0.8,307.0175438596491
46,10,18,455.0,95.0,17.5,0.2,0.8,307.0175438596491
47,10,18,465.0,95.0,17.5,0.2,0.8,307.0175438596491
48,10,18,475.0,95.0,17.5,0.2,0.8,307.0175438596491
49,10,18,485.0,95.0,17.5,0.2,0.8,307.0175438596491
50,10,18,495.0,95.0,17.5,0.2,0.8,307.0175438596491
1,1,19,5.0,5.0,18.5,0.2,0.8,236.84210526315795
2,1,19,15.0,5.0,18.5,0.2,0.8,236.84210526315795
3,1,19,25.0,5.0,18.5,0.2,0.8,236.84210526315795
4,1,19,35.0,5.0,18.5,0.2,0.8,236.84210526315795
5,1,19,45.0,5.0,18.5,0.2,0.8,236.84210526315795
6,1,19,55.0,5.0,18.5,0.2,0.8,236.84210526315795
7,1,19,65.0,5.0,18.5,0.2,0.8,236.84210526315795
8,1,19,75.0,5.0,18.5,0.2,0.8,236.84210526315795
9,1,19,85.0,5.0,18.5,0.2,0.8,236.84210526315795
10,1,19,95.0,5.0,18.5,0.2,0.8,236.84210526315795
11,1,19,105.0,5.0,18.5,0.2,0.8,236.84210526315795
12,1,19,115.0,5.0,18.5,0.2,0.8,236.84210526315795
13,1,19,125.0,5.0,18.5,0.2,0.8,236.84210526315795
14,1,19,135.0,5.0,18.5,0.2,0.8,236.84210526315795
15,1,19,145.0,5.0,18.5,0.2,0.8,236.84210526315795
16,1,19,155.0,5.0,18.5,0.2,0.8,236.84210526315795
17,1,19,165.0,5.0,18.5,0.2,0.8,236.84210526315795
18,1,19,175.0,5.0,18.5,0.2,0.8,236.84210526315795
19,1,19,185.0,5.0,18.5,0.2,0.8,236.84210526315795
20,1,19,195.0,5.0,18.5,0.2,0.8,236.84210526315795
21,1,19,205.0,5.0,18.5,0.2,0.8,236.84210526315795
22,1,19,215.0,5.0,18.5,0.2,0.8,236.84210526315795
23,1,19,225.0,5.0,18.5,0.2,0.8,236.84210526315795
24,1,19,235.0,5.0,18.5,0.2,0.8,236.84210526315795
25,1,19,245.0,5.0,18.5,0.2,0.8,236.84210526315795
26,1,19,255.0,5.0,18.5,0.2,0.8,236.84210526315795
27,1,19,265.0,5.0,18.5,0.2,0.8,236.84210526315795
28,1,19,275.0,5.0,18.5,0.2,0.8,236.84210526315795
29,1,19,285.0,5.0,18.5,0.2,0.8,236.84210526315795
30,1,19,295.0,5.0,18.5,0.2,0.8,236.84210526315795
31,1,19,305.0,5.0,18.5,0.2,0.8,236.84210526315795
32,1,19,315.0,5.0,18.5,0.2,0.8,236.84210526315795
33,1,19,325.0,5.0,18.5,0.2,0.8,236.84210526315795
34,1,19,335.0,5.0,18.5,0.2,0.8,236.84210526315795
35,1,19,345.0,5.0,18.5,0.2,0.8,236.84210526315795
36,1,19,355.0,5.0,18.5,0.2,0.8,236.84210526315795
37,1,19,365.0,5.0,18.5,0.2,0.8,236.84210526315795
38,1,19,375.0,5.0,18.5,0.2,0.8,236.84210526315795
39,1,19,385.0,5.0,18.5,0.2,0.8,236.84210526315795
40,1,19,395.0,5.0,18.5,0.2,0.8,236.84210526315795
41,1,19,405.0,5.0,18.5,0.2,0.8,236.84210526315795
42,1,19,415.0,5.0,18.5,0.2,0.8,236.84210526315795
43,1,19,425.0,5.0,18.5,0.2,0.8,236.84210526315795
44,1,19,435.0,5.0,18.5,0.2,0.8,236.84210526315795
45,1,19,445.0,5.0,18.5,0.2,0.8,236.84210526315795
46,1,19,455.0,5.0,18.5,0.2,0.8,236.84210526315795
47,1,19,465.0,5.0,18.5,0.2,0.8,236.84210526315795
48,1,19,475.0,5.0,18.5,0.2,0.8,236.84210526315795
49,1,19,485.0,5.0,18.5,0.2,0.8,236.84210526315795
50,1,19,495.0,5.0,18.5,0.2,0.8,236.84210526315795
1,2,19,5.0,15.0,18.5,0.2,0.8,236.84210526315795
2,2,19,15.0,15.0,18.5,0.2,0.8,236.84210526315795
3,2,19,25.0,15.0,18.5,0.2,0.8,236.84210526315795
4,2,19,35.0,15.0,18.5,0.2,0.8,236.84210526315795
5,2,19,45.0,15.0,18.5,0.2,0.8,236.84210526315795
6,2,19,55.0,15.0,18.5,0.2,0.8,236.84210526315795
7,2,19,65.0,15.0,18.5,0.2,0.8,236.84210526315795
8,2,19,75.0,15.0,18.5,0.2,0.8,236.84210526315795
9,2,19,85.0,15.0,18.5,0.2,0.8,236.84210526315795
10,2,19,95.0,15.0,18.5,0.2,0.8,236.84210526315795
11,2,19,105.0,15.0,18.5,0.2,0.8,236.84210526315795
12,2,19,115.0,15.0,18.5,0.2,0.8,236.84210526315795
13,2,19,125.0,15.0,18.5,0.2,0.8,236.84210526315795
14,2,19,135.0,15.0,18.5,0.2,0.8,236.84210526315795
15,2,19,145.0,15.0,18.5,0.2,0.8,236.84210526315795
16,2,19,155.0,15.0,18.5,0.2,0.8,236.84210526315795
17,2,19,165.0,15.0,18.5,0.2,0.8,236.84210526315795
18,2,19,175.0,15.0,18.5,0.2,0.8,236.84210526315795
19,2,19,185.0,15.0,18.5,0.2,0.8,236.84210526315795
20,2,19,195.0,15.0,18.5,0.2,0.8,236.84210526315795
21,2,19,205.0,15.0,18.5,0.2,0.8,236.84210526315795
22,2,19,215.0,15.0,18.5,0.2,0.8,236.84210526315795
23,2,19,225.0,15.0,18.5,0.2,0.8,236.84210526315795
24,2,19,235.0,15.0,18.5,0.2,0.8,236.84210526315795
25,2,19,245.0,15.0,18.5,0.2,0.8,236.84210526315795
26,2,19,255.0,15.0,18.5,0.2,0.8,236.84210526315795
27,2,19,265.0,15.0,18.5,0.2,0.8,236.84210526315795
28,2,19,275.0,15.0,18.5,0.2,0.8,236.84210526315795
29,2,19,285.0,15.0,18.5,0.2,0.8,236.84210526315795
30,2,19,295.0,15.0,18.5,0.2,0.8,236.84210526315795
31,2,19,305.0,15.0,18.5,0.2,0.8,236.84210526315795
32,2,19,315.0,15.0,18.5,0.2,0.8,236.84210526315795
33,2,19,325.0,15.0,18.5,0.2,0.8,236.84210526315795
34,2,19,335.0,15.0,18.5,0.2,0.8,236.84210526315795
35,2,19,345.0,15.0,18.5,0.2,0.8,236.84210526315795
36,2,19,355.0,15.0,18.5,0.2,0.8,236.84210526315795
37,2,19,365.0,15.0,18.5,0.2,0.8,236.84210526315795
38,2,19,375.0,15.0,18.5,0.2,0.8,236.84210526315795
39,2,19,385.0,15.0,18.5,0.2,0.8,236.84210526315795
40,2,19,395.0,15.0,18.5,0.2,0.8,236.84210526315795
41,2,19,405.0,15.0,18.5,0.2,0.8,236.84210526315795
42,2,19,415.0,15.0,18.5,0.2,0.8,236.84210526315795
43,2,19,425.0,15.0,18.5,0.2,0.8,236.84210526315795
44,2,19,435.0,15.0,18.5,0.2,0.8,236.84210526315795
45,2,19,445.0,15.0,18.5,0.2,0.8,236.84210526315795
46,2,19,455.0,15.0,18.5,0.2,0.8,236.84210526315795
47,2,19,465.0,15.0,18.5,0.2,0.8,236.84210526315795
48,2,19,475.0,15.0,18.5,0.2,0.8,236.84210526315795
49,2,19,485.0,15.0,18.5,0.2,0.8,236.84210526315795
50,2,19,495.0,15.0,18.5,0.2,0.8,236.84210526315795
1,3,19,5.0,25.0,18.5,0.2,0.8,236.84210526315795
2,3,19,15.0,25.0,18.5,0.2,0.8,236.84210526315795
3,3,19,25.0,25.0,18.5,0.2,0.8,236.84210526315795
4,3,19,35.0,25.0,18.5,0.2,0.8,236.84210526315795
5,3,19,45.0,25.0,18.5,0.2,0.8,236.84210526315795
6,3,19,55.0,25.0,18.5,0.2,0.8,236.84210526315795
7,3,19,65.0,25.0,18.5,0.2,0.8,236.84210526315795
8,3,19,75.0,25.0,18.5,0.2,0.8,236.84210526315795
9,3,19,85.0,25.0,18.5,0.2,0.8,236.84210526315795
10,3,19,95.0,25.0,18.5,0.2,0.8,236.84210526315795
11,3,19,105.0,25.0,18.5,0.2,0.8,236.84210526315795
12,3,19,115.0,25.0,18.5,0.2,0.8,236.84210526315795
13,3,19,125.0,25.0,18.5,0.2,0.8,236.84210526315795
14,3,19,135.0,25.0,18.5,0.2,0.8,236.84210526315795
15,3,19,145.0,25.0,18.5,0.2,0.8,236.84210526315795
16,3,19,155.0,25.0,18.5,0.2,0.8,236.84210526315795
17,3,19,165.0,25.0,18.5,0.2,0.8,236.84210526315795
18,3,19,175.0,25.0,18.5,0.2,0.8,236.84210526315795
19,3,19,185.0,25.0,18.5,0.2,0.8,236.84210526315795
20,3,19,195.0,25.0,18.5,0.2,0.8,236.84210526315795
21,3,19,205.0,25.0,18.5,0.2,0.8,236.84210526315795
22,3,19,215.0,25.0,18.5,0.2,0.8,236.84210526315795
23,3,19,225.0,25.0,18.5,0.2,0.8,236.84210526315795
24,3,19,235.0,25.0,18.5,0.2,0.8,236.84210526315795
25,3,19,245.0,25.0,18.5,0.2,0.8,236.84210526315795
26,3,19,255.0,25.0,18.5,0.2,0.8,236.84210526315795
27,3,19,265.0,25.0,18.5,0.2,0.8,236.84210526315795
28,3,19,275.0,25.0,18.5,0.2,0.8,236.84210526315795
29,3,19,285.0,25.0,18.5,0.2,0.8,236.84210526315795
30,3,19,295.0,25.0,18.5,0.2,0.8,236.84210526315795
31,3,19,305.0,25.0,18.5,0.2,0.8,236.84210526315795
32,3,19,315.0,25.0,18.5,0.2,0.8,236.84210526315795
33,3,19,325.0,25.0,18.5,0.2,0.8,236.84210526315795
34,3,19,335.0,25.0,18.5,0.2,0.8,236.84210526315795
35,3,19,345.0,25.0,18.5,0.2,0.8,236.84210526315795
36,3,19,355.0,25.0,18.5,0.2,0.8,236.84210526315795
37,3,19,365.0,25.0,18.5,0.2,0.8,236.84210526315795
38,3,19,375.0,25.0,18.5,0.2,0.8,236.84210526315795
39,3,19,385.0,25.0,18.5,0.2,0.8,236.84210526315795
40,3,19,395.0,25.0,18.5,0.2,0.8,236.84210526315795
41,3,19,405.0,25.0,18.5,0.2,0.8,236.84210526315795
42,3,19,415.0,25.0,18.5,0.2,0.8,236.84210526315795
43,3,19,425.0,25.0,18.5,0.2,0.8,236.84210526315795
44,3,19,435.0,25.0,18.5,0.2,0.8,236.84210526315795
45,3,19,445.0,25.0,18.5,0.2,0.8,236.84210526315795
46,3,19,455.0,25.0,18.5,0.2,0.8,236.84210526315795
47,3,19,465.0,25.0,18.5,0.2,0.8,236.84210526315795
48,3,19,475.0,25.0,18.5,0.2,0.8,236.84210526315795
49,3,19,485.0,25.0,18.5,0.2,0.8,236.84210526315795
50,3,19,495.0,25.0,18.5,0.2,0.8,236.84210526315795
1,4,19,5.0,35.0,18.5,0.2,0.8,236.84210526315795
2,4,19,15.0,35.0,18.5,0.2,0.8,236.84210526315795
3,4,19,25.0,35.0,18.5,0.2,0.8,236.84210526315795
4,4,19,35.0,35.0,18.5,0.2,0.8,236.84210526315795
5,4,19,45.0,35.0,18.5,0.2,0.8,236.84210526315795
6,4,19,55.0,35.0,18.5,0.2,0.8,236.84210526315795
7,4,19,65.0,35.0,18.5,0.2,0.8,236.84210526315795
8,4,19,75.0,35.0,18.5,0.2,0.8,236.84210526315795
9,4,19,85.0,35.0,18.5,0.2,0.8,236.84210526315795
10,4,19,95.0,35.0,18.5,0.2,0.8,236.84210526315795
11,4,19,105.0,35.0,18.5,0.2,0.8,236.84210526315795
12,4,19,115.0,35.0,18.5,0.2,0.8,236.84210526315795
13,4,19,125.0,35.0,18.5,0.2,0.8,236.84210526315795
14,4,19,135.0,35.0,18.5,0.2,0.8,236.84210526315795
15,4,19,145.0,35.0,18.5,0.2,0.8,236.84210526315795
16,4,19,155.0,35.0,18.5,0.2,0.8,236.84210526315795
17,4,19,165.0,35.0,18.5,0.2,0.8,236.84210526315795
18,4,19,175.0,35.0,18.5,0.2,0.8,236.84210526315795
19,4,19,185.0,35.0,18.5,0.2,0.8,236.84210526315795
20,4,19,195.0,35.0,18.5,0.2,0.8,236.84210526315795
21,4,19,205.0,35.0,18.5,0.2,0.8,236.84210526315795
22,4,19,215.0,35.0,18.5,0.2,0.8,236.84210526315795
23,4,19,225.0,35.0,18.5,0.2,0.8,236.84210526315795
24,4,19,235.0,35.0,18.5,0.2,0.8,236.84210526315795
25,4,19,245.0,35.0,18.5,0.2,0.8,236.84210526315795
26,4,19,255.0,35.0,18.5,0.2,0.8,236.84210526315795
27,4,19,265.0,35.0,18.5,0.2,0.8,236.84210526315795
28,4,19,275.0,35.0,18.5,0.2,0.8,236.84210526315795
29,4,19,285.0,35.0,18.5,0.2,0.8,236.84210526315795
30,4,19,295.0,35.0,18.5,0.2,0.8,236.84210526315795
31,4,19,305.0,35.0,18.5,0.2,0.8,236.84210526315795
32,4,19,315.0,35.0,18.5,0.2,0.8,236.84210526315795
33,4,19,325.0,35.0,18.5,0.2,0.8,236.84210526315795
34,4,19,335.0,35.0,18.5,0.2,0.8,236.84210526315795
35,4,19,345.0,35.0,18.5,0.2,0.8,236.84210526315795
36,4,19,355.0,35.0,18.5,0.2,0.8,236.84210526315795
37,4,19,365.0,35.0,18.5,0.2,0.8,236.84210526315795
38,4,19,375.0,35.0,18.5,0.2,0.8,236.84210526315795
39,4,19,385.0,35.0,18.5,0.2,0.8,236.84210526315795
40,4,19,395.0,35.0,18.5,0.2,0.8,236.84210526315795
41,4,19,405.0,35.0,18.5,0.2,0.8,236.84210526315795
42,4,19,415.0,35.0,18.5,0.2,0.8,236.84210526315795
43,4,19,425.0,35.0,18.5,0.2,0.8,236.84210526315795
44,4,19,435.0,35.0,18.5,0.2,0.8,236.84210526315795
45,4,19,445.0,35.0,18.5,0.2,0.8,236.84210526315795
46,4,19,455.0,35.0,18.5,0.2,0.8,236.84210526315795
47,4,19,465.0,35.0,18.5,0.2,0.8,236.84210526315795
48,4,19,475.0,35.0,18.5,0.2,0.8,236.84210526315795
49,4,19,485.0,35.0,18.5,0.2,0.8,236.84210526315795
50,4,19,495.0,35.0,18.5,0.2,0.8,236.84210526315795
1,5,19,5.0,45.0,18.5,0.2,0.8,236.84210526315795
2,5,19,15.0,45.0,18.5,0.2,0.8,236.84210526315795
3,5,19,25.0,45.0,18.5,0.2,0.8,236.84210526315795
4,5,19,35.0,45.0,18.5,0.2,0.8,236.84210526315795
5,5,19,45.0,45.0,18.5,0.2,0.8,236.84210526315795
6,5,19,55.0,45.0,18.5,0.2,0.8,236.84210526315795
7,5,19,65.0,45.0,18.5,0.2,0.8,236.84210526315795
8,5,19,75.0,45.0,18.5,0.2,0.8,236.84210526315795
9,5,19,85.0,45.0,18.5,0.2,0.8,236.84210526315795
10,5,19,95.0,45.0,18.5,0.2,0.8,236.84210526315795
11,5,19,105.0,45.0,18.5,0.2,0.8,236.84210526315795
12,5,19,115.0,45.0,18.5,0.2,0.8,236.84210526315795
13,5,19,125.0,45.0,18.5,0.2,0.8,236.84210526315795
14,5,19,135.0,45.0,18.5,0.2,0.8,236.84210526315795
15,5,19,145.0,45.0,18.5,0.2,0.8,236.84210526315795
16,5,19,155.0,45.0,18.5,0.2,0.8,236.84210526315795
17,5,19,165.0,45.0,18.5,0.2,0.8,236.84210526315795
18,5,19,175.0,45.0,18.5,0.2,0.8,236.84210526315795
19,5,19,185.0,45.0,18.5,0.2,0.8,236.84210526315795
20,5,19,195.0,45.0,18.5,0.2,0.8,236.84210526315795
21,5,19,205.0,45.0,18.5,0.2,0.8,236.84210526315795
22,5,19,215.0,45.0,18.5,0.2,0.8,236.84210526315795
23,5,19,225.0,45.0,18.5,0.2,0.8,236.84210526315795
24,5,19,235.0,45.0,18.5,0.2,0.8,236.84210526315795
25,5,19,245.0,45.0,18.5,0.2,0.8,236.84210526315795
26,5,19,255.0,45.0,18.5,0.2,0.8,236.84210526315795
27,5,19,265.0,45.0,18.5,0.2,0.8,236.84210526315795
28,5,19,275.0,45.0,18.5,0.2,0.8,236.84210526315795
29,5,19,285.0,45.0,18.5,0.2,0.8,236.84210526315795
30,5,19,295.0,45.0,18.5,0.2,0.8,236.84210526315795
31,5,19,305.0,45.0,18.5,0.2,0.8,236.84210526315795
32,5,19,315.0,45.0,18.5,0.2,0.8,236.84210526315795
33,5,19,325.0,45.0,18.5,0.2,0.8,236.84210526315795
34,5,19,335.0,45.0,18.5,0.2,0.8,236.84210526315795
35,5,19,345.0,45.0,18.5,0.2,0.8,236.84210526315795
36,5,19,355.0,45.0,18.5,0.2,0.8,236.84210526315795
37,5,19,365.0,45.0,18.5,0.2,0.8,236.84210526315795
38,5,19,375.0,45.0,18.5,0.2,0.8,236.84210526315795
39,5,19,385.0,45.0,18.5,0.2,0.8,236.84210526315795
40,5,19,395.0,45.0,18.5,0.2,0.8,236.84210526315795
41,5,19,405.0,45.0,18.5,0.2,0.8,236.84210526315795
42,5,19,415.0,45.0,18.5,0.2,0.8,236.84210526315795
43,5,19,425.0,45.0,18.5,0.2,0.8,236.84210526315795
44,5,19,435.0,45.0,18.5,0.2,0.8,236.84210526315795
45,5,19,445.0,45.0,18.5,0.2,0.8,236.84210526315795
46,5,19,455.0,45.0,18.5,0.2,0.8,236.84210526315795
47,5,19,465.0,45.0,18.5,0.2,0.8,236.84210526315795
48,5,19,475.0,45.0,18.5,0.2,0.8,236.84210526315795
49,5,19,485.0,45.0,18.5,0.2,0.8,236.84210526315795
50,5,19,495.0,45.0,18.5,0.2,0.8,236.84210526315795
1,6,19,5.0,55.0,18.5,0.2,0.8,236.84210526315795
2,6,19,15.0,55.0,18.5,0.2,0.8,236.84210526315795
3,6,19,25.0,55.0,18.5,0.2,0.8,236.84210526315795
4,6,19,35.0,55.0,18.5,0.2,0.8,236.84210526315795
5,6,19,45.0,55.0,18.5,0.2,0.8,236.84210526315795
6,6,19,55.0,55.0,18.5,0.2,0.8,236.84210526315795
7,6,19,65.0,55.0,18.5,0.2,0.8,236.84210526315795
8,6,19,75.0,55.0,18.5,0.2,0.8,236.84210526315795
9,6,19,85.0,55.0,18.5,0.2,0.8,236.84210526315795
10,6,19,95.0,55.0,18.5,0.2,0.8,236.84210526315795
11,6,19,105.0,55.0,18.5,0.2,0.8,236.84210526315795
12,6,19,115.0,55.0,18.5,0.2,0.8,236.84210526315795
13,6,19,125.0,55.0,18.5,0.2,0.8,236.84210526315795
14,6,19,135.0,55.0,18.5,0.2,0.8,236.84210526315795
15,6,19,145.0,55.0,18.5,0.2,0.8,236.84210526315795
16,6,19,155.0,55.0,18.5,0.2,0.8,236.84210526315795
17,6,19,165.0,55.0,18.5,0.2,0.8,236.84210526315795
18,6,19,175.0,55.0,18.5,0.2,0.8,236.84210526315795
19,6,19,185.0,55.0,18.5,0.2,0.8,236.84210526315795
20,6,19,195.0,55.0,18.5,0.2,0.8,236.84210526315795
21,6,19,205.0,55.0,18.5,0.2,0.8,236.84210526315795
22,6,19,215.0,55.0,18.5,0.2,0.8,236.84210526315795
23,6,19,225.0,55.0,18.5,0.2,0.8,236.84210526315795
24,6,19,235.0,55.0,18.5,0.2,0.8,236.84210526315795
25,6,19,245.0,55.0,18.5,0.2,0.8,236.84210526315795
26,6,19,255.0,55.0,18.5,0.2,0.8,236.84210526315795
27,6,19,265.0,55.0,18.5,0.2,0.8,236.84210526315795
28,6,19,275.0,55.0,18.5,0.2,0.8,236.84210526315795
29,6,19,285.0,55.0,18.5,0.2,0.8,236.84210526315795
30,6,19,295.0,55.0,18.5,0.2,0.8,236.84210526315795
31,6,19,305.0,55.0,18.5,0.2,0.8,236.84210526315795
32,6,19,315.0,55.0,18.5,0.2,0.8,236.84210526315795
33,6,19,325.0,55.0,18.5,0.2,0.8,236.84210526315795
34,6,19,335.0,55.0,18.5,0.2,0.8,236.84210526315795
35,6,19,345.0,55.0,18.5,0.2,0.8,236.84210526315795
36,6,19,355.0,55.0,18.5,0.2,0.8,236.84210526315795
37,6,19,365.0,55.0,18.5,0.2,0.8,236.84210526315795
38,6,19,375.0,55.0,18.5,0.2,0.8,236.84210526315795
39,6,19,385.0,55.0,18.5,0.2,0.8,236.84210526315795
40,6,19,395.0,55.0,18.5,0.2,0.8,236.84210526315795
41,6,19,405.0,55.0,18.5,0.2,0.8,236.84210526315795
42,6,19,415.0,55.0,18.5,0.2,0.8,236.84210526315795
43,6,19,425.0,55.0,18.5,0.2,0.8,236.84210526315795
44,6,19,435.0,55.0,18.5,0.2,0.8,236.84210526315795
45,6,19,445.0,55.0,18.5,0.2,0.8,236.84210526315795
46,6,19,455.0,55.0,18.5,0.2,0.8,236.84210526315795
47,6,19,465.0,55.0,18.5,0.2,0.8,236.84210526315795
48,6,19,475.0,55.0,18.5,0.2,0.8,236.84210526315795
49,6,19,485.0,55.0,18.5,0.2,0.8,236.84210526315795
50,6,19,495.0,55.0,18.5,0.2,0.8,236.84210526315795
1,7,19,5.0,65.0,18.5,0.2,0.8,236.84210526315795
2,7,19,15.0,65.0,18.5,0.2,0.8,236.84210526315795
3,7,19,25.0,65.0,18.5,0.2,0.8,236.84210526315795
4,7,19,35.0,65.0,18.5,0.2,0.8,236.84210526315795
5,7,19,45.0,65.0,18.5,0.2,0.8,236.84210526315795
6,7,19,55.0,65.0,18.5,0.2,0.8,236.84210526315795
7,7,19,65.0,65.0,18.5,0.2,0.8,236.84210526315795
8,7,19,75.0,65.0,18.5,0.2,0.8,236.84210526315795
9,7,19,85.0,65.0,18.5,0.2,0.8,236.84210526315795
10,7,19,95.0,65.0,18.5,0.2,0.8,236.84210526315795
11,7,19,105.0,65.0,18.5,0.2,0.8,236.84210526315795
12,7,19,115.0,65.0,18.5,0.2,0.8,236.84210526315795
13,7,19,125.0,65.0,18.5,0.2,0.8,236.84210526315795
14,7,19,135.0,65.0,18.5,0.2,0.8,236.84210526315795
15,7,19,145.0,65.0,18.5,0.2,0.8,236.84210526315795
16,7,19,155.0,65.0,18.5,0.2,0.8,236.84210526315795
17,7,19,165.0,65.0,18.5,0.2,0.8,236.84210526315795
18,7,19,175.0,65.0,18.5,0.2,0.8,236.84210526315795
19,7,19,185.0,65.0,18.5,0.2,0.8,236.84210526315795
20,7,19,195.0,65.0,18.5,0.2,0.8,236.84210526315795
21,7,19,205.0,65.0,18.5,0.2,0.8,236.84210526315795
22,7,19,215.0,65.0,18.5,0.2,0.8,236.84210526315795
23,7,19,225.0,65.0,18.5,0.2,0.8,236.84210526315795
24,7,19,235.0,65.0,18.5,0.2,0.8,236.84210526315795
25,7,19,245.0,65.0,18.5,0.2,0.8,236.84210526315795
26,7,19,255.0,65.0,18.5,0.2,0.8,236.84210526315795
27,7,19,265.0,65.0,18.5,0.2,0.8,236.84210526315795
28,7,19,275.0,65.0,18.5,0.2,0.8,236.84210526315795
29,7,19,285.0,65.0,18.5,0.2,0.8,236.84210526315795
30,7,19,295.0,65.0,18.5,0.2,0.8,236.84210526315795
31,7,19,305.0,65.0,18.5,0.2,0.8,236.84210526315795
32,7,19,315.0,65.0,18.5,0.2,0.8,236.84210526315795
33,7,19,325.0,65.0,18.5,0.2,0.8,236.84210526315795
34,7,19,335.0,65.0,18.5,0.2,0.8,236.84210526315795
35,7,19,345.0,65.0,18.5,0.2,0.8,236.84210526315795
36,7,19,355.0,65.0,18.5,0.2,0.8,236.84210526315795
37,7,19,365.0,65.0,18.5,0.2,0.8,236.84210526315795
38,7,19,375.0,65.0,18.5,0.2,0.8,236.84210526315795
39,7,19,385.0,65.0,18.5,0.2,0.8,236.84210526315795
40,7,19,395.0,65.0,18.5,0.2,0.8,236.84210526315795
41,7,19,405.0,65.0,18.5,0.2,0.8,236.84210526315795
42,7,19,415.0,65.0,18.5,0.2,0.8,236.84210526315795
43,7,19,425.0,65.0,18.5,0.2,0.8,236.84210526315795
44,7,19,435.0,65.0,18.5,0.2,0.8,236.84210526315795
45,7,19,445.0,65.0,18.5,0.2,0.8,236.84210526315795
46,7,19,455.0,65.0,18.5,0.2,0.8,236.84210526315795
47,7,19,465.0,65.0,18.5,0.2,0.8,236.84210526315795
48,7,19,475.0,65.0,18.5,0.2,0.8,236.84210526315795
49,7,19,485.0,65.0,18.5,0.2,0.8,236.84210526315795
50,7,19,495.0,65.0,18.5,0.2,0.8,236.84210526315795
1,8,19,5.0,75.0,18.5,0.2,0.8,236.84210526315795
2,8,19,15.0,75.0,18.5,0.2,0.8,236.84210526315795
3,8,19,25.0,75.0,18.5,0.2,0.8,236.84210526315795
4,8,19,35.0,75.0,18.5,0.2,0.8,236.84210526315795
5,8,19,45.0,75.0,18.5,0.2,0.8,236.84210526315795
6,8,19,55.0,75.0,18.5,0.2,0.8,236.84210526315795
7,8,19,65.0,75.0,18.5,0.2,0.8,236.84210526315795
8,8,19,75.0,75.0,18.5,0.2,0.8,236.84210526315795
9,8,19,85.0,75.0,18.5,0.2,0.8,236.84210526315795
10,8,19,95.0,75.0,18.5,0.2,0.8,236.84210526315795
11,8,19,105.0,75.0,18.5,0.2,0.8,236.84210526315795
12,8,19,115.0,75.0,18.5,0.2,0.8,236.84210526315795
13,8,19,125.0,75.0,18.5,0.2,0.8,236.84210526315795
14,8,19,135.0,75.0,18.5,0.2,0.8,236.84210526315795
15,8,19,145.0,75.0,18.5,0.2,0.8,236.84210526315795
16,8,19,155.0,75.0,18.5,0.2,0.8,236.84210526315795
17,8,19,165.0,75.0,18.5,0.2,0.8,236.84210526315795
18,8,19,175.0,75.0,18.5,0.2,0.8,236.84210526315795
19,8,19,185.0,75.0,18.5,0.2,0.8,236.84210526315795
20,8,19,195.0,75.0,18.5,0.2,0.8,236.84210526315795
21,8,19,205.0,75.0,18.5,0.2,0.8,236.84210526315795
22,8,19,215.0,75.0,18.5,0.2,0.8,236.84210526315795
23,8,19,225.0,75.0,18.5,0.2,0.8,236.84210526315795
24,8,19,235.0,75.0,18.5,0.2,0.8,236.84210526315795
25,8,19,245.0,75.0,18.5,0.2,0.8,236.84210526315795
26,8,19,255.0,75.0,18.5,0.2,0.8,236.84210526315795
27,8,19,265.0,75.0,18.5,0.2,0.8,236.84210526315795
28,8,19,275.0,75.0,18.5,0.2,0.8,236.84210526315795
29,8,19,285.0,75.0,18.5,0.2,0.8,236.84210526315795
30,8,19,295.0,75.0,18.5,0.2,0.8,236.84210526315795
31,8,19,305.0,75.0,18.5,0.2,0.8,236.84210526315795
32,8,19,315.0,75.0,18.5,0.2,0.8,236.84210526315795
33,8,19,325.0,75.0,18.5,0.2,0.8,236.84210526315795
34,8,19,335.0,75.0,18.5,0.2,0.8,236.84210526315795
35,8,19,345.0,75.0,18.5,0.2,0.8,236.84210526315795
36,8,19,355.0,75.0,18.5,0.2,0.8,236.84210526315795
37,8,19,365.0,75.0,18.5,0.2,0.8,236.84210526315795
38,8,19,375.0,75.0,18.5,0.2,0.8,236.84210526315795
39,8,19,385.0,75.0,18.5,0.2,0.8,236.84210526315795
40,8,19,395.0,75.0,18.5,0.2,0.8,236.84210526315795
41,8,19,405.0,75.0,18.5,0.2,0.8,236.84210526315795
42,8,19,415.0,75.0,18.5,0.2,0.8,236.84210526315795
43,8,19,425.0,75.0,18.5,0.2,0.8,236.84210526315795
44,8,19,435.0,75.0,18.5,0.2,0.8,236.84210526315795
45,8,19,445.0,75.0,18.5,0.2,0.8,236.84210526315795
46,8,19,455.0,75.0,18.5,0.2,0.8,236.84210526315795
47,8,19,465.0,75.0,18.5,0.2,0.8,236.84210526315795
48,8,19,475.0,75.0,18.5,0.2,0.8,236.84210526315795
49,8,19,485.0,75.0,18.5,0.2,0.8,236.84210526315795
50,8,19,495.0,75.0,18.5,0.2,0.8,236.84210526315795
1,9,19,5.0,85.0,18.5,0.2,0.8,236.84210526315795
2,9,19,15.0,85.0,18.5,0.2,0.8,236.84210526315795
3,9,19,25.0,85.0,18.5,0.2,0.8,236.84210526315795
4,9,19,35.0,85.0,18.5,0.2,0.8,236.84210526315795
5,9,19,45.0,85.0,18.5,0.2,0.8,236.84210526315795
6,9,19,55.0,85.0,18.5,0.2,0.8,236.84210526315795
7,9,19,65.0,85.0,18.5,0.2,0.8,236.84210526315795
8,9,19,75.0,85.0,18.5,0.2,0.8,236.84210526315795
9,9,19,85.0,85.0,18.5,0.2,0.8,236.84210526315795
10,9,19,95.0,85.0,18.5,0.2,0.8,236.84210526315795
11,9,19,105.0,85.0,18.5,0.2,0.8,236.84210526315795
12,9,19,115.0,85.0,18.5,0.2,0.8,236.84210526315795
13,9,19,125.0,85.0,18.5,0.2,0.8,236.84210526315795
14,9,19,135.0,85.0,18.5,0.2,0.8,236.84210526315795
15,9,19,145.0,85.0,18.5,0.2,0.8,236.84210526315795
16,9,19,155.0,85.0,18.5,0.2,0.8,236.84210526315795
17,9,19,165.0,85.0,18.5,0.2,0.8,236.84210526315795
18,9,19,175.0,85.0,18.5,0.2,0.8,236.84210526315795
19,9,19,185.0,85.0,18.5,0.2,0.8,236.84210526315795
20,9,19,195.0,85.0,18.5,0.2,0.8,236.84210526315795
21,9,19,205.0,85.0,18.5,0.2,0.8,236.84210526315795
22,9,19,215.0,85.0,18.5,0.2,0.8,236.84210526315795
23,9,19,225.0,85.0,18.5,0.2,0.8,236.84210526315795
24,9,19,235.0,85.0,18.5,0.2,0.8,236.84210526315795
25,9,19,245.0,85.0,18.5,0.2,0.8,236.84210526315795
26,9,19,255.0,85.0,18.5,0.2,0.8,236.84210526315795
27,9,19,265.0,85.0,18.5,0.2,0.8,236.84210526315795
28,9,19,275.0,85.0,18.5,0.2,0.8,236.84210526315795
29,9,19,285.0,85.0,18.5,0.2,0.8,236.84210526315795
30,9,19,295.0,85.0,18.5,0.2,0.8,236.84210526315795
31,9,19,305.0,85.0,18.5,0.2,0.8,236.84210526315795
32,9,19,315.0,85.0,18.5,0.2,0.8,236.84210526315795
33,9,19,325.0,85.0,18.5,0.2,0.8,236.84210526315795
34,9,19,335.0,85.0,18.5,0.2,0.8,236.84210526315795
35,9,19,345.0,85.0,18.5,0.2,0.8,236.84210526315795
36,9,19,355.0,85.0,18.5,0.2,0.8,236.84210526315795
37,9,19,365.0,85.0,18.5,0.2,0.8,236.84210526315795
38,9,19,375.0,85.0,18.5,0.2,0.8,236.84210526315795
39,9,19,385.0,85.0,18.5,0.2,0.8,236.84210526315795
40,9,19,395.0,85.0,18.5,0.2,0.8,236.84210526315795
41,9,19,405.0,85.0,18.5,0.2,0.8,236.84210526315795
42,9,19,415.0,85.0,18.5,0.2,0.8,236.84210526315795
43,9,19,425.0,85.0,18.5,0.2,0.8,236.84210526315795
44,9,19,435.0,85.0,18.5,0.2,0.8,236.84210526315795
45,9,19,445.0,85.0,18.5,0.2,0.8,236.84210526315795
46,9,19,455.0,85.0,18.5,0.2,0.8,236.84210526315795
47,9,19,465.0,85.0,18.5,0.2,0.8,236.84210526315795
48,9,19,475.0,85.0,18.5,0.2,0.8,236.84210526315795
49,9,19,485.0,85.0,18.5,0.2,0.8,236.84210526315795
50,9,19,495.0,85.0,18.5,0.2,0.8,236.84210526315795
1,10,19,5.0,95.0,18.5,0.2,0.8,236.84210526315795
2,10,19,15.0,95.0,18.5,0.2,0.8,236.84210526315795
3,10,19,25.0,95.0,18.5,0.2,0.8,236.84210526315795
4,10,19,35.0,95.0,18.5,0.2,0.8,236.84210526315795
5,10,19,45.0,95.0,18.5,0.2,0.8,236.84210526315795
6,10,19,55.0,95.0,18.5,0.2,0.8,236.84210526315795
7,10,19,65.0,95.0,18.5,0.2,0.8,236.84210526315795
8,10,19,75.0,95.0,18.5,0.2,0.8,236.84210526315795
9,10,19,85.0,95.0,18.5,0.2,0.8,236.84210526315795
10,10,19,95.0,95.0,18.5,0.2,0.8,236.84210526315795
11,10,19,105.0,95.0,18.5,0.2,0.8,236.84210526315795
12,10,19,115.0,95.0,18.5,0.2,0.8,236.84210526315795
13,10,19,125.0,95.0,18.5,0.2,0.8,236.84210526315795
14,10,19,135.0,95.0,18.5,0.2,0.8,236.84210526315795
15,10,19,145.0,95.0,18.5,0.2,0.8,236.84210526315795
16,10,19,155.0,95.0,18.5,0.2,0.8,236.84210526315795
17,10,19,165.0,95.0,18.5,0.2,0.8,236.84210526315795
18,10,19,175.0,95.0,18.5,0.2,0.8,236.84210526315795
19,10,19,185.0,95.0,18.5,0.2,0.8,236.84210526315795
20,10,19,195.0,95.0,18.5,0.2,0.8,236.84210526315795
21,10,19,205.0,95.0,18.5,0.2,0.8,236.84210526315795
22,10,19,215.0,95.0,18.5,0.2,0.8,236.84210526315795
23,10,19,225.0,95.0,18.5,0.2,0.8,236.84210526315795
24,10,19,235.0,95.0,18.5,0.2,0.8,236.84210526315795
25,10,19,245.0,95.0,18.5,0.2,0.8,236.84210526315795
26,10,19,255.0,95.0,18.5,0.2,0.8,236.84210526315795
27,10,19,265.0,95.0,18.5,0.2,0.8,236.84210526315795
28,10,19,275.0,95.0,18.5,0.2,0.8,236.84210526315795
29,10,19,285.0,95.0,18.5,0.2,0.8,236.84210526315795
30,10,19,295.0,95.0,18.5,0.2,0.8,236.84210526315795
31,10,19,305.0,95.0,18.5,0.2,0.8,236.84210526315795
32,10,19,315.0,95.0,18.5,0.2,0.8,236.84210526315795
33,10,19,325.0,95.0,18.5,0.2,0.8,236.84210526315795
34,10,19,335.0,95.0,18.5,0.2,0.8,236.84210526315795
35,10,19,345.0,95.0,18.5,0.2,0.8,236.84210526315795
36,10,19,355.0,95.0,18.5,0.2,0.8,236.84210526315795
37,10,19,365.0,95.0,18.5,0.2,0.8,236.84210526315795
38,10,19,375.0,95.0,18.5,0.2,0.8,236.84210526315795
39,10,19,385.0,95.0,18.5,0.2,0.8,236.84210526315795
40,10,19,395.0,95.0,18.5,0.2,0.8,236.84210526315795
41,10,19,405.0,95.0,18.5,0.2,0.8,236.84210526315795
42,10,19,415.0,95.0,18.5,0.2,0.8,236.84210526315795
43,10,19,425.0,95.0,18.5,0.2,0.8,236.84210526315795
44,10,19,435.0,95.0,18.5,0.2,0.8,236.84210526315795
45,10,19,445.0,95.0,18.5,0.2,0.8,236.84210526315795
46,10,19,455.0,95.0,18.5,0.2,0.8,236.84210526315795
47,10,19,465.0,95.0,18.5,0.2,0.8,236.84210526315795
48,10,19,475.0,95.0,18.5,0.2,0.8,236.84210526315795
49,10,19,485.0,95.0,18.5,0.2,0.8,236.84210526315795
50,10,19,495.0,95.0,18.5,0.2,0.8,236.84210526315795
1,1,20,5.0,5.0,19.5,0.2,0.8,166.66666666666666
2,1,20,15.0,5.0,19.5,0.2,0.8,166.66666666666666
3,1,20,25.0,5.0,19.5,0.2,0.8,166.66666666666666
4,1,20,35.0,5.0,19.5,0.2,0.8,166.66666666666666
5,1,20,45.0,5.0,19.5,0.2,0.8,166.66666666666666
6,1,20,55.0,5.0,19.5,0.2,0.8,166.66666666666666
7,1,20,65.0,5.0,19.5,0.2,0.8,166.66666666666666
8,1,20,75.0,5.0,19.5,0.2,0.8,166.66666666666666
9,1,20,85.0,5.0,19.5,0.2,0.8,166.66666666666666
10,1,20,95.0,5.0,19.5,0.2,0.8,166.66666666666666
11,1,20,105.0,5.0,19.5,0.2,0.8,166.66666666666666
12,1,20,115.0,5.0,19.5,0.2,0.8,166.66666666666666
13,1,20,125.0,5.0,19.5,0.2,0.8,166.66666666666666
14,1,20,135.0,5.0,19.5,0.2,0.8,166.66666666666666
15,1,20,145.0,5.0,19.5,0.2,0.8,166.66666666666666
16,1,20,155.0,5.0,19.5,0.2,0.8,166.66666666666666
17,1,20,165.0,5.0,19.5,0.2,0.8,166.66666666666666
18,1,20,175.0,5.0,19.5,0.2,0.8,166.66666666666666
19,1,20,185.0,5.0,19.5,0.2,0.8,166.66666666666666
20,1,20,195.0,5.0,19.5,0.2,0.8,166.66666666666666
21,1,20,205.0,5.0,19.5,0.2,0.8,166.66666666666666
22,1,20,215.0,5.0,19.5,0.2,0.8,166.66666666666666
23,1,20,225.0,5.0,19.5,0.2,0.8,166.66666666666666
24,1,20,235.0,5.0,19.5,0.2,0.8,166.66666666666666
25,1,20,245.0,5.0,19.5,0.2,0.8,166.66666666666666
26,1,20,255.0,5.0,19.5,0.2,0.8,166.66666666666666
27,1,20,265.0,5.0,19.5,0.2,0.8,166.66666666666666
28,1,20,275.0,5.0,19.5,0.2,0.8,166.66666666666666
29,1,20,285.0,5.0,19.5,0.2,0.8,166.66666666666666
30,1,20,295.0,5.0,19.5,0.2,0.8,166.66666666666666
31,1,20,305.0,5.0,19.5,0.2,0.8,166.66666666666666
32,1,20,315.0,5.0,19.5,0.2,0.8,166.66666666666666
33,1,20,325.0,5.0,19.5,0.2,0.8,166.66666666666666
34,1,20,335.0,5.0,19.5,0.2,0.8,166.66666666666666
35,1,20,345.0,5.0,19.5,0.2,0.8,166.66666666666666
36,1,20,355.0,5.0,19.5,0.2,0.8,166.66666666666666
37,1,20,365.0,5.0,19.5,0.2,0.8,166.66666666666666
38,1,20,375.0,5.0,19.5,0.2,0.8,166.66666666666666
39,1,20,385.0,5.0,19.5,0.2,0.8,166.66666666666666
40,1,20,395.0,5.0,19.5,0.2,0.8,166.66666666666666
41,1,20,405.0,5.0,19.5,0.2,0.8,166.66666666666666
42,1,20,415.0,5.0,19.5,0.2,0.8,166.66666666666666
43,1,20,425.0,5.0,19.5,0.2,0.8,166.66666666666666
44,1,20,435.0,5.0,19.5,0.2,0.8,166.66666666666666
45,1,20,445.0,5.0,19.5,0.2,0.8,166.66666666666666
46,1,20,455.0,5.0,19.5,0.2,0.8,166.66666666666666
47,1,20,465.0,5.0,19.5,0.2,0.8,166.66666666666666
48,1,20,475.0,5.0,19.5,0.2,0.8,166.66666666666666
49,1,20,485.0,5.0,19.5,0.2,0.8,166.66666666666666
50,1,20,495.0,5.0,19.5,0.2,0.8,166.66666666666666
1,2,20,5.0,15.0,19.5,0.2,0.8,166.66666666666666
2,2,20,15.0,15.0,19.5,0.2,0.8,166.66666666666666
3,2,20,25.0,15.0,19.5,0.2,0.8,166.66666666666666
4,2,20,35.0,15.0,19.5,0.2,0.8,166.66666666666666
5,2,20,45.0,15.0,19.5,0.2,0.8,166.66666666666666
6,2,20,55.0,15.0,19.5,0.2,0.8,166.66666666666666
7,2,20,65.0,15.0,19.5,0.2,0.8,166.66666666666666
8,2,20,75.0,15.0,19.5,0.2,0.8,166.66666666666666
9,2,20,85.0,15.0,19.5,0.2,0.8,166.66666666666666
10,2,20,95.0,15.0,19.5,0.2,0.8,166.66666666666666
11,2,20,105.0,15.0,19.5,0.2,0.8,166.66666666666666
12,2,20,115.0,15.0,19.5,0.2,0.8,166.66666666666666
13,2,20,125.0,15.0,19.5,0.2,0.8,166.66666666666666
14,2,20,135.0,15.0,19.5,0.2,0.8,166.66666666666666
15,2,20,145.0,15.0,19.5,0.2,0.8,166.66666666666666
16,2,20,155.0,15.0,19.5,0.2,0.8,166.66666666666666
17,2,20,165.0,15.0,19.5,0.2,0.8,166.66666666666666
18,2,20,175.0,15.0,19.5,0.2,0.8,166.66666666666666
19,2,20,185.0,15.0,19.5,0.2,0.8,166.66666666666666
20,2,20,195.0,15.0,19.5,0.2,0.8,166.66666666666666
21,2,20,205.0,15.0,19.5,0.2,0.8,166.66666666666666
22,2,20,215.0,15.0,19.5,0.2,0.8,166.66666666666666
23,2,20,225.0,15.0,19.5,0.2,0.8,166.66666666666666
24,2,20,235.0,15.0,19.5,0.2,0.8,166.66666666666666
25,2,20,245.0,15.0,19.5,0.2,0.8,166.66666666666666
26,2,20,255.0,15.0,19.5,0.2,0.8,166.66666666666666
27,2,20,265.0,15.0,19.5,0.2,0.8,166.66666666666666
28,2,20,275.0,15.0,19.5,0.2,0.8,166.66666666666666
29,2,20,285.0,15.0,19.5,0.2,0.8,166.66666666666666
30,2,20,295.0,15.0,19.5,0.2,0.8,166.66666666666666
31,2,20,305.0,15.0,19.5,0.2,0.8,166.66666666666666
32,2,20,315.0,15.0,19.5,0.2,0.8,166.66666666666666
33,2,20,325.0,15.0,19.5,0.2,0.8,166.66666666666666
34,2,20,335.0,15.0,19.5,0.2,0.8,166.66666666666666
35,2,20,345.0,15.0,19.5,0.2,0.8,166.66666666666666
36,2,20,355.0,15.0,19.5,0.2,0.8,166.66666666666666
37,2,20,365.0,15.0,19.5,0.2,0.8,166.66666666666666
38,2,20,375.0,15.0,19.5,0.2,0.8,166.66666666666666
39,2,20,385.0,15.0,19.5,0.2,0.8,166.66666666666666
40,2,20,395.0,15.0,19.5,0.2,0.8,166.66666666666666
41,2,20,405.0,15.0,19.5,0.2,0.8,166.66666666666666
42,2,20,415.0,15.0,19.5,0.2,0.8,166.66666666666666
43,2,20,425.0,15.0,19.5,0.2,0.8,166.66666666666666
44,2,20,435.0,15.0,19.5,0.2,0.8,166.66666666666666
45,2,20,445.0,15.0,19.5,0.2,0.8,166.66666666666666
46,2,20,455.0,15.0,19.5,0.2,0.8,166.66666666666666
47,2,20,465.0,15.0,19.5,0.2,0.8,166.66666666666666
48,2,20,475.0,15.0,19.5,0.2,0.8,166.66666666666666
49,2,20,485.0,15.0,19.5,0.2,0.8,166.66666666666666
50,2,20,495.0,15.0,19.5,0.2,0.8,166.66666666666666
1,3,20,5.0,25.0,19.5,0.2,0.8,166.66666666666666
2,3,20,15.0,25.0,19.5,0.2,0.8,166.66666666666666
3,3,20,25.0,25.0,19.5,0.2,0.8,166.66666666666666
4,3,20,35.0,25.0,19.5,0.2,0.8,166.66666666666666
5,3,20,45.0,25.0,19.5,0.2,0.8,166.66666666666666
6,3,20,55.0,25.0,19.5,0.2,0.8,166.66666666666666
7,3,20,65.0,25.0,19.5,0.2,0.8,166.66666666666666
8,3,20,75.0,25.0,19.5,0.2,0.8,166.66666666666666
9,3,20,85.0,25.0,19.5,0.2,0.8,166.66666666666666
10,3,20,95.0,25.0,19.5,0.2,0.8,166.66666666666666
11,3,20,105.0,25.0,19.5,0.2,0.8,166.66666666666666
12,3,20,115.0,25.0,19.5,0.2,0.8,166.66666666666666
13,3,20,125.0,25.0,19.5,0.2,0.8,166.66666666666666
14,3,20,135.0,25.0,19.5,0.2,0.8,166.66666666666666
15,3,20,145.0,25.0,19.5,0.2,0.8,166.66666666666666
16,3,20,155.0,25.0,19.5,0.2,0.8,166.66666666666666
17,3,20,165.0,25.0,19.5,0.2,0.8,166.66666666666666
18,3,20,175.0,25.0,19.5,0.2,0.8,166.66666666666666
19,3,20,185.0,25.0,19.5,0.2,0.8,166.66666666666666
20,3,20,195.0,25.0,19.5,0.2,0.8,166.66666666666666
21,3,20,205.0,25.0,19.5,0.2,0.8,166.66666666666666
22,3,20,215.0,25.0,19.5,0.2,0.8,166.66666666666666
23,3,20,225.0,25.0,19.5,0.2,0.8,166.66666666666666
24,3,20,235.0,25.0,19.5,0.2,0.8,166.66666666666666
25,3,20,245.0,25.0,19.5,0.2,0.8,166.66666666666666
26,3,20,255.0,25.0,19.5,0.2,0.8,166.66666666666666
27,3,20,265.0,25.0,19.5,0.2,0.8,166.66666666666666
28,3,20,275.0,25.0,19.5,0.2,0.8,166.66666666666666
29,3,20,285.0,25.0,19.5,0.2,0.8,166.66666666666666
30,3,20,295.0,25.0,19.5,0.2,0.8,166.66666666666666
31,3,20,305.0,25.0,19.5,0.2,0.8,166.66666666666666
32,3,20,315.0,25.0,19.5,0.2,0.8,166.66666666666666
33,3,20,325.0,25.0,19.5,0.2,0.8,166.66666666666666
34,3,20,335.0,25.0,19.5,0.2,0.8,166.66666666666666
35,3,20,345.0,25.0,19.5,0.2,0.8,166.66666666666666
36,3,20,355.0,25.0,19.5,0.2,0.8,166.66666666666666
37,3,20,365.0,25.0,19.5,0.2,0.8,166.66666666666666
38,3,20,375.0,25.0,19.5,0.2,0.8,166.66666666666666
39,3,20,385.0,25.0,19.5,0.2,0.8,166.66666666666666
40,3,20,395.0,25.0,19.5,0.2,0.8,166.66666666666666
41,3,20,405.0,25.0,19.5,0.2,0.8,166.66666666666666
42,3,20,415.0,25.0,19.5,0.2,0.8,166.66666666666666
43,3,20,425.0,25.0,19.5,0.2,0.8,166.66666666666666
44,3,20,435.0,25.0,19.5,0.2,0.8,166.66666666666666
45,3,20,445.0,25.0,19.5,0.2,0.8,166.66666666666666
46,3,20,455.0,25.0,19.5,0.2,0.8,166.66666666666666
47,3,20,465.0,25.0,19.5,0.2,0.8,166.66666666666666
48,3,20,475.0,25.0,19.5,0.2,0.8,166.66666666666666
49,3,20,485.0,25.0,19.5,0.2,0.8,166.66666666666666
50,3,20,495.0,25.0,19.5,0.2,0.8,166.66666666666666
1,4,20,5.0,35.0,19.5,0.2,0.8,166.66666666666666
2,4,20,15.0,35.0,19.5,0.2,0.8,166.66666666666666
3,4,20,25.0,35.0,19.5,0.2,0.8,166.66666666666666
4,4,20,35.0,35.0,19.5,0.2,0.8,166.66666666666666
5,4,20,45.0,35.0,19.5,0.2,0.8,166.66666666666666
6,4,20,55.0,35.0,19.5,0.2,0.8,166.66666666666666
7,4,20,65.0,35.0,19.5,0.2,0.8,166.66666666666666
8,4,20,75.0,35.0,19.5,0.2,0.8,166.66666666666666
9,4,20,85.0,35.0,19.5,0.2,0.8,166.66666666666666
10,4,20,95.0,35.0,19.5,0.2,0.8,166.66666666666666
11,4,20,105.0,35.0,19.5,0.2,0.8,166.66666666666666
12,4,20,115.0,35.0,19.5,0.2,0.8,166.66666666666666
13,4,20,125.0,35.0,19.5,0.2,0.8,166.66666666666666
14,4,20,135.0,35.0,19.5,0.2,0.8,166.66666666666666
15,4,20,145.0,35.0,19.5,0.2,0.8,166.66666666666666
16,4,20,155.0,35.0,19.5,0.2,0.8,166.66666666666666
17,4,20,165.0,35.0,19.5,0.2,0.8,166.66666666666666
18,4,20,175.0,35.0,19.5,0.2,0.8,166.66666666666666
19,4,20,185.0,35.0,19.5,0.2,0.8,166.66666666666666
20,4,20,195.0,35.0,19.5,0.2,0.8,166.66666666666666
21,4,20,205.0,35.0,19.5,0.2,0.8,166.66666666666666
22,4,20,215.0,35.0,19.5,0.2,0.8,166.66666666666666
23,4,20,225.0,35.0,19.5,0.2,0.8,166.66666666666666
24,4,20,235.0,35.0,19.5,0.2,0.8,166.66666666666666
25,4,20,245.0,35.0,19.5,0.2,0.8,166.66666666666666
26,4,20,255.0,35.0,19.5,0.2,0.8,166.66666666666666
27,4,20,265.0,35.0,19.5,0.2,0.8,166.66666666666666
28,4,20,275.0,35.0,19.5,0.2,0.8,166.66666666666666
29,4,20,285.0,35.0,19.5,0.2,0.8,166.66666666666666
30,4,20,295.0,35.0,19.5,0.2,0.8,166.66666666666666
31,4,20,305.0,35.0,19.5,0.2,0.8,166.66666666666666
32,4,20,315.0,35.0,19.5,0.2,0.8,166.66666666666666
33,4,20,325.0,35.0,19.5,0.2,0.8,166.66666666666666
34,4,20,335.0,35.0,19.5,0.2,0.8,166.66666666666666
35,4,20,345.0,35.0,19.5,0.2,0.8,166.66666666666666
36,4,20,355.0,35.0,19.5,0.2,0.8,166.66666666666666
37,4,20,365.0,35.0,19.5,0.2,0.8,166.66666666666666
38,4,20,375.0,35.0,19.5,0.2,0.8,166.66666666666666
39,4,20,385.0,35.0,19.5,0.2,0.8,166.66666666666666
40,4,20,395.0,35.0,19.5,0.2,0.8,166.66666666666666
41,4,20,405.0,35.0,19.5,0.2,0.8,166.66666666666666
42,4,20,415.0,35.0,19.5,0.2,0.8,166.66666666666666
43,4,20,425.0,35.0,19.5,0.2,0.8,166.66666666666666
44,4,20,435.0,35.0,19.5,0.2,0.8,166.66666666666666
45,4,20,445.0,35.0,19.5,0.2,0.8,166.66666666666666
46,4,20,455.0,35.0,19.5,0.2,0.8,166.66666666666666
47,4,20,465.0,35.0,19.5,0.2,0.8,166.66666666666666
48,4,20,475.0,35.0,19.5,0.2,0.8,166.66666666666666
49,4,20,485.0,35.0,19.5,0.2,0.8,166.66666666666666
50,4,20,495.0,35.0,19.5,0.2,0.8,166.66666666666666
1,5,20,5.0,45.0,19.5,0.2,0.8,166.66666666666666
2,5,20,15.0,45.0,19.5,0.2,0.8,166.66666666666666
3,5,20,25.0,45.0,19.5,0.2,0.8,166.66666666666666
4,5,20,35.0,45.0,19.5,0.2,0.8,166.66666666666666
5,5,20,45.0,45.0,19.5,0.2,0.8,166.66666666666666
6,5,20,55.0,45.0,19.5,0.2,0.8,166.66666666666666
7,5,20,65.0,45.0,19.5,0.2,0.8,166.66666666666666
8,5,20,75.0,45.0,19.5,0.2,0.8,166.66666666666666
9,5,20,85.0,45.0,19.5,0.2,0.8,166.66666666666666
10,5,20,95.0,45.0,19.5,0.2,0.8,166.66666666666666
11,5,20,105.0,45.0,19.5,0.2,0.8,166.66666666666666
12,5,20,115.0,45.0,19.5,0.2,0.8,166.66666666666666
13,5,20,125.0,45.0,19.5,0.2,0.8,166.66666666666666
14,5,20,135.0,45.0,19.5,0.2,0.8,166.66666666666666
15,5,20,145.0,45.0,19.5,0.2,0.8,166.66666666666666
16,5,20,155.0,45.0,19.5,0.2,0.8,166.66666666666666
17,5,20,165.0,45.0,19.5,0.2,0.8,166.66666666666666
18,5,20,175.0,45.0,19.5,0.2,0.8,166.66666666666666
19,5,20,185.0,45.0,19.5,0.2,0.8,166.66666666666666
20,5,20,195.0,45.0,19.5,0.2,0.8,166.66666666666666
21,5,20,205.0,45.0,19.5,0.2,0.8,166.66666666666666
22,5,20,215.0,45.0,19.5,0.2,0.8,166.66666666666666
23,5,20,225.0,45.0,19.5,0.2,0.8,166.66666666666666
24,5,20,235.0,45.0,19.5,0.2,0.8,166.66666666666666
25,5,20,245.0,45.0,19.5,0.2,0.8,166.66666666666666
26,5,20,255.0,45.0,19.5,0.2,0.8,166.66666666666666
27,5,20,265.0,45.0,19.5,0.2,0.8,166.66666666666666
28,5,20,275.0,45.0,19.5,0.2,0.8,166.66666666666666
29,5,20,285.0,45.0,19.5,0.2,0.8,166.66666666666666
30,5,20,295.0,45.0,19.5,0.2,0.8,166.66666666666666
31,5,20,305.0,45.0,19.5,0.2,0.8,166.66666666666666
32,5,20,315.0,45.0,19.5,0.2,0.8,166.66666666666666
33,5,20,325.0,45.0,19.5,0.2,0.8,166.66666666666666
34,5,20,335.0,45.0,19.5,0.2,0.8,166.66666666666666
35,5,20,345.0,45.0,19.5,0.2,0.8,166.66666666666666
36,5,20,355.0,45.0,19.5,0.2,0.8,166.66666666666666
37,5,20,365.0,45.0,19.5,0.2,0.8,166.66666666666666
38,5,20,375.0,45.0,19.5,0.2,0.8,166.66666666666666
39,5,20,385.0,45.0,19.5,0.2,0.8,166.66666666666666
40,5,20,395.0,45.0,19.5,0.2,0.8,166.66666666666666
41,5,20,405.0,45.0,19.5,0.2,0.8,166.66666666666666
42,5,20,415.0,45.0,19.5,0.2,0.8,166.66666666666666
43,5,20,425.0,45.0,19.5,0.2,0.8,166.66666666666666
44,5,20,435.0,45.0,19.5,0.2,0.8,166.66666666666666
45,5,20,445.0,45.0,19.5,0.2,0.8,166.66666666666666
46,5,20,455.0,45.0,19.5,0.2,0.8,166.66666666666666
47,5,20,465.0,45.0,19.5,0.2,0.8,166.66666666666666
48,5,20,475.0,45.0,19.5,0.2,0.8,166.66666666666666
49,5,20,485.0,45.0,19.5,0.2,0.8,166.66666666666666
50,5,20,495.0,45.0,19.5,0.2,0.8,166.66666666666666
1,6,20,5.0,55.0,19.5,0.2,0.8,166.66666666666666
2,6,20,15.0,55.0,19.5,0.2,0.8,166.66666666666666
3,6,20,25.0,55.0,19.5,0.2,0.8,166.66666666666666
4,6,20,35.0,55.0,19.5,0.2,0.8,166.66666666666666
5,6,20,45.0,55.0,19.5,0.2,0.8,166.66666666666666
6,6,20,55.0,55.0,19.5,0.2,0.8,166.66666666666666
7,6,20,65.0,55.0,19.5,0.2,0.8,166.66666666666666
8,6,20,75.0,55.0,19.5,0.2,0.8,166.66666666666666
9,6,20,85.0,55.0,19.5,0.2,0.8,166.66666666666666
10,6,20,95.0,55.0,19.5,0.2,0.8,166.66666666666666
11,6,20,105.0,55.0,19.5,0.2,0.8,166.66666666666666
12,6,20,115.0,55.0,19.5,0.2,0.8,166.66666666666666
13,6,20,125.0,55.0,19.5,0.2,0.8,166.66666666666666
14,6,20,135.0,55.0,19.5,0.2,0.8,166.66666666666666
15,6,20,145.0,55.0,19.5,0.2,0.8,166.66666666666666
16,6,20,155.0,55.0,19.5,0.2,0.8,166.66666666666666
17,6,20,165.0,55.0,19.5,0.2,0.8,166.66666666666666
18,6,20,175.0,55.0,19.5,0.2,0.8,166.66666666666666
19,6,20,185.0,55.0,19.5,0.2,0.8,166.66666666666666
20,6,20,195.0,55.0,19.5,0.2,0.8,166.66666666666666
21,6,20,205.0,55.0,19.5,0.2,0.8,166.66666666666666
22,6,20,215.0,55.0,19.5,0.2,0.8,166.66666666666666
23,6,20,225.0,55.0,19.5,0.2,0.8,166.66666666666666
24,6,20,235.0,55.0,19.5,0.2,0.8,166.66666666666666
25,6,20,245.0,55.0,19.5,0.2,0.8,166.66666666666666
26,6,20,255.0,55.0,19.5,0.2,0.8,166.66666666666666
27,6,20,265.0,55.0,19.5,0.2,0.8,166.66666666666666
28,6,20,275.0,55.0,19.5,0.2,0.8,166.66666666666666
29,6,20,285.0,55.0,19.5,0.2,0.8,166.66666666666666
30,6,20,295.0,55.0,19.5,0.2,0.8,166.66666666666666
31,6,20,305.0,55.0,19.5,0.2,0.8,166.66666666666666
32,6,20,315.0,55.0,19.5,0.2,0.8,166.66666666666666
33,6,20,325.0,55.0,19.5,0.2,0.8,166.66666666666666
34,6,20,335.0,55.0,19.5,0.2,0.8,166.66666666666666
35,6,20,345.0,55.0,19.5,0.2,0.8,166.66666666666666
36,6,20,355.0,55.0,19.5,0.2,0.8,166.66666666666666
37,6,20,365.0,55.0,19.5,0.2,0.8,166.66666666666666
38,6,20,375.0,55.0,19.5,0.2,0.8,166.66666666666666
39,6,20,385.0,55.0,19.5,0.2,0.8,166.66666666666666
40,6,20,395.0,55.0,19.5,0.2,0.8,166.66666666666666
41,6,20,405.0,55.0,19.5,0.2,0.8,166.66666666666666
42,6,20,415.0,55.0,19.5,0.2,0.8,166.66666666666666
43,6,20,425.0,55.0,19.5,0.2,0.8,166.66666666666666
44,6,20,435.0,55.0,19.5,0.2,0.8,166.66666666666666
45,6,20,445.0,55.0,19.5,0.2,0.8,166.66666666666666
46,6,20,455.0,55.0,19.5,0.2,0.8,166.66666666666666
47,6,20,465.0,55.0,19.5,0.2,0.8,166.66666666666666
48,6,20,475.0,55.0,19.5,0.2,0.8,166.66666666666666
49,6,20,485.0,55.0,19.5,0.2,0.8,166.66666666666666
50,6,20,495.0,55.0,19.5,0.2,0.8,166.66666666666666
1,7,20,5.0,65.0,19.5,0.2,0.8,166.66666666666666
2,7,20,15.0,65.0,19.5,0.2,0.8,166.66666666666666
3,7,20,25.0,65.0,19.5,0.2,0.8,166.66666666666666
4,7,20,35.0,65.0,19.5,0.2,0.8,166.66666666666666
5,7,20,45.0,65.0,19.5,0.2,0.8,166.66666666666666
6,7,20,55.0,65.0,19.5,0.2,0.8,166.66666666666666
7,7,20,65.0,65.0,19.5,0.2,0.8,166.66666666666666
8,7,20,75.0,65.0,19.5,0.2,0.8,166.66666666666666
9,7,20,85.0,65.0,19.5,0.2,0.8,166.66666666666666
10,7,20,95.0,65.0,19.5,0.2,0.8,166.66666666666666
11,7,20,105.0,65.0,19.5,0.2,0.8,166.66666666666666
12,7,20,115.0,65.0,19.5,0.2,0.8,166.66666666666666
13,7,20,125.0,65.0,19.5,0.2,0.8,166.66666666666666
14,7,20,135.0,65.0,19.5,0.2,0.8,166.66666666666666
15,7,20,145.0,65.0,19.5,0.2,0.8,166.66666666666666
16,7,20,155.0,65.0,19.5,0.2,0.8,166.66666666666666
17,7,20,165.0,65.0,19.5,0.2,0.8,166.66666666666666
18,7,20,175.0,65.0,19.5,0.2,0.8,166.66666666666666
19,7,20,185.0,65.0,19.5,0.2,0.8,166.66666666666666
20,7,20,195.0,65.0,19.5,0.2,0.8,166.66666666666666
21,7,20,205.0,65.0,19.5,0.2,0.8,166.66666666666666
22,7,20,215.0,65.0,19.5,0.2,0.8,166.66666666666666
23,7,20,225.0,65.0,19.5,0.2,0.8,166.66666666666666
24,7,20,235.0,65.0,19.5,0.2,0.8,166.66666666666666
25,7,20,245.0,65.0,19.5,0.2,0.8,166.66666666666666
26,7,20,255.0,65.0,19.5,0.2,0.8,166.66666666666666
27,7,20,265.0,65.0,19.5,0.2,0.8,166.66666666666666
28,7,20,275.0,65.0,19.5,0.2,0.8,166.66666666666666
29,7,20,285.0,65.0,19.5,0.2,0.8,166.66666666666666
30,7,20,295.0,65.0,19.5,0.2,0.8,166.66666666666666
31,7,20,305.0,65.0,19.5,0.2,0.8,166.66666666666666
32,7,20,315.0,65.0,19.5,0.2,0.8,166.66666666666666
33,7,20,325.0,65.0,19.5,0.2,0.8,166.66666666666666
34,7,20,335.0,65.0,19.5,0.2,0.8,166.66666666666666
35,7,20,345.0,65.0,19.5,0.2,0.8,166.66666666666666
36,7,20,355.0,65.0,19.5,0.2,0.8,166.66666666666666
37,7,20,365.0,65.0,19.5,0.2,0.8,166.66666666666666
38,7,20,375.0,65.0,19.5,0.2,0.8,166.66666666666666
39,7,20,385.0,65.0,19.5,0.2,0.8,166.66666666666666
40,7,20,395.0,65.0,19.5,0.2,0.8,166.66666666666666
41,7,20,405.0,65.0,19.5,0.2,0.8,166.66666666666666
42,7,20,415.0,65.0,19.5,0.2,0.8,166.66666666666666
43,7,20,425.0,65.0,19.5,0.2,0.8,166.66666666666666
44,7,20,435.0,65.0,19.5,0.2,0.8,166.66666666666666
45,7,20,445.0,65.0,19.5,0.2,0.8,166.66666666666666
46,7,20,455.0,65.0,19.5,0.2,0.8,166.66666666666666
47,7,20,465.0,65.0,19.5,0.2,0.8,166.66666666666666
48,7,20,475.0,65.0,19.5,0.2,0.8,166.66666666666666
49,7,20,485.0,65.0,19.5,0.2,0.8,166.66666666666666
50,7,20,495.0,65.0,19.5,0.2,0.8,166.66666666666666
1,8,20,5.0,75.0,19.5,0.2,0.8,166.66666666666666
2,8,20,15.0,75.0,19.5,0.2,0.8,166.66666666666666
3,8,20,25.0,75.0,19.5,0.2,0.8,166.66666666666666
4,8,20,35.0,75.0,19.5,0.2,0.8,166.66666666666666
5,8,20,45.0,75.0,19.5,0.2,0.8,166.66666666666666
6,8,20,55.0,75.0,19.5,0.2,0.8,166.66666666666666
7,8,20,65.0,75.0,19.5,0.2,0.8,166.66666666666666
8,8,20,75.0,75.0,19.5,0.2,0.8,166.66666666666666
9,8,20,85.0,75.0,19.5,0.2,0.8,166.66666666666666
10,8,20,95.0,75.0,19.5,0.2,0.8,166.66666666666666
11,8,20,105.0,75.0,19.5,0.2,0.8,166.66666666666666
12,8,20,115.0,75.0,19.5,0.2,0.8,166.66666666666666
13,8,20,125.0,75.0,19.5,0.2,0.8,166.66666666666666
14,8,20,135.0,75.0,19.5,0.2,0.8,166.66666666666666
15,8,20,145.0,75.0,19.5,0.2,0.8,166.66666666666666
16,8,20,155.0,75.0,19.5,0.2,0.8,166.66666666666666
17,8,20,165.0,75.0,19.5,0.2,0.8,166.66666666666666
18,8,20,175.0,75.0,19.5,0.2,0.8,166.66666666666666
19,8,20,185.0,75.0,19.5,0.2,0.8,166.66666666666666
20,8,20,195.0,75.0,19.5,0.2,0.8,166.66666666666666
21,8,20,205.0,75.0,19.5,0.2,0.8,166.66666666666666
22,8,20,215.0,75.0,19.5,0.2,0.8,166.66666666666666
23,8,20,225.0,75.0,19.5,0.2,0.8,166.66666666666666
24,8,20,235.0,75.0,19.5,0.2,0.8,166.66666666666666
25,8,20,245.0,75.0,19.5,0.2,0.8,166.66666666666666
26,8,20,255.0,75.0,19.5,0.2,0.8,166.66666666666666
27,8,20,265.0,75.0,19.5,0.2,0.8,166.66666666666666
28,8,20,275.0,75.0,19.5,0.2,0.8,166.66666666666666
29,8,20,285.0,75.0,19.5,0.2,0.8,166.66666666666666
30,8,20,295.0,75.0,19.5,0.2,0.8,166.66666666666666
31,8,20,305.0,75.0,19.5,0.2,0.8,166.66666666666666
32,8,20,315.0,75.0,19.5,0.2,0.8,166.66666666666666
33,8,20,325.0,75.0,19.5,0.2,0.8,166.66666666666666
34,8,20,335.0,75.0,19.5,0.2,0.8,166.66666666666666
35,8,20,345.0,75.0,19.5,0.2,0.8,166.66666666666666
36,8,20,355.0,75.0,19.5,0.2,0.8,166.66666666666666
37,8,20,365.0,75.0,19.5,0.2,0.8,166.66666666666666
38,8,20,375.0,75.0,19.5,0.2,0.8,166.66666666666666
39,8,20,385.0,75.0,19.5,0.2,0.8,166.66666666666666
40,8,20,395.0,75.0,19.5,0.2,0.8,166.66666666666666
41,8,20,405.0,75.0,19.5,0.2,0.8,166.66666666666666
42,8,20,415.0,75.0,19.5,0.2,0.8,166.66666666666666
43,8,20,425.0,75.0,19.5,0.2,0.8,166.66666666666666
44,8,20,435.0,75.0,19.5,0.2,0.8,166.66666666666666
45,8,20,445.0,75.0,19.5,0.2,0.8,166.66666666666666
46,8,20,455.0,75.0,19.5,0.2,0.8,166.66666666666666
47,8,20,465.0,75.0,19.5,0.2,0.8,166.66666666666666
48,8,20,475.0,75.0,19.5,0.2,0.8,166.66666666666666
49,8,20,485.0,75.0,19.5,0.2,0.8,166.66666666666666
50,8,20,495.0,75.0,19.5,0.2,0.8,166.66666666666666
1,9,20,5.0,85.0,19.5,0.2,0.8,166.66666666666666
2,9,20,15.0,85.0,19.5,0.2,0.8,166.66666666666666
3,9,20,25.0,85.0,19.5,0.2,0.8,166.66666666666666
4,9,20,35.0,85.0,19.5,0.2,0.8,166.66666666666666
5,9,20,45.0,85.0,19.5,0.2,0.8,166.66666666666666
6,9,20,55.0,85.0,19.5,0.2,0.8,166.66666666666666
7,9,20,65.0,85.0,19.5,0.2,0.8,166.66666666666666
8,9,20,75.0,85.0,19.5,0.2,0.8,166.66666666666666
9,9,20,85.0,85.0,19.5,0.2,0.8,166.66666666666666
10,9,20,95.0,85.0,19.5,0.2,0.8,166.66666666666666
11,9,20,105.0,85.0,19.5,0.2,0.8,166.66666666666666
12,9,20,115.0,85.0,19.5,0.2,0.8,166.66666666666666
13,9,20,125.0,85.0,19.5,0.2,0.8,166.66666666666666
14,9,20,135.0,85.0,19.5,0.2,0.8,166.66666666666666
15,9,20,145.0,85.0,19.5,0.2,0.8,166.66666666666666
16,9,20,155.0,85.0,19.5,0.2,0.8,166.66666666666666
17,9,20,165.0,85.0,19.5,0.2,0.8,166.66666666666666
18,9,20,175.0,85.0,19.5,0.2,0.8,166.66666666666666
19,9,20,185.0,85.0,19.5,0.2,0.8,166.66666666666666
20,9,20,195.0,85.0,19.5,0.2,0.8,166.66666666666666
21,9,20,205.0,85.0,19.5,0.2,0.8,166.66666666666666
22,9,20,215.0,85.0,19.5,0.2,0.8,166.66666666666666
23,9,20,225.0,85.0,19.5,0.2,0.8,166.66666666666666
24,9,20,235.0,85.0,19.5,0.2,0.8,166.66666666666666
25,9,20,245.0,85.0,19.5,0.2,0.8,166.66666666666666
26,9,20,255.0,85.0,19.5,0.2,0.8,166.66666666666666
27,9,20,265.0,85.0,19.5,0.2,0.8,166.66666666666666
28,9,20,275.0,85.0,19.5,0.2,0.8,166.66666666666666
29,9,20,285.0,85.0,19.5,0.2,0.8,166.66666666666666
30,9,20,295.0,85.0,19.5,0.2,0.8,166.66666666666666
31,9,20,305.0,85.0,19.5,0.2,0.8,166.66666666666666
32,9,20,315.0,85.0,19.5,0.2,0.8,166.66666666666666
33,9,20,325.0,85.0,19.5,0.2,0.8,166.66666666666666
34,9,20,335.0,85.0,19.5,0.2,0.8,166.66666666666666
35,9,20,345.0,85.0,19.5,0.2,0.8,166.66666666666666
36,9,20,355.0,85.0,19.5,0.2,0.8,166.66666666666666
37,9,20,365.0,85.0,19.5,0.2,0.8,166.66666666666666
38,9,20,375.0,85.0,19.5,0.2,0.8,166.66666666666666
39,9,20,385.0,85.0,19.5,0.2,0.8,166.66666666666666
40,9,20,395.0,85.0,19.5,0.2,0.8,166.66666666666666
41,9,20,405.0,85.0,19.5,0.2,0.8,166.66666666666666
42,9,20,415.0,85.0,19.5,0.2,0.8,166.66666666666666
43,9,20,425.0,85.0,19.5,0.2,0.8,166.66666666666666
44,9,20,435.0,85.0,19.5,0.2,0.8,166.66666666666666
45,9,20,445.0,85.0,19.5,0.2,0.8,166.66666666666666
46,9,20,455.0,85.0,19.5,0.2,0.8,166.66666666666666
47,9,20,465.0,85.0,19.5,0.2,0.8,166.66666666666666
48,9,20,475.0,85.0,19.5,0.2,0.8,166.66666666666666
49,9,20,485.0,85.0,19.5,0.2,0.8,166.66666666666666
50,9,20,495.0,85.0,19.5,0.2,0.8,166.66666666666666
1,10,20,5.0,95.0,19.5,0.2,0.8,166.66666666666666
2,10,20,15.0,95.0,19.5,0.2,0.8,166.66666666666666
3,10,20,25.0,95.0,19.5,0.2,0.8,166.66666666666666
4,10,20,35.0,95.0,19.5,0.2,0.8,166.66666666666666
5,10,20,45.0,95.0,19.5,0.2,0.8,166.66666666666666
6,10,20,55.0,95.0,19.5,0.2,0.8,166.66666666666666
7,10,20,65.0,95.0,19.5,0.2,0.8,166.66666666666666
8,10,20,75.0,95.0,19.5,0.2,0.8,166.66666666666666
9,10,20,85.0,95.0,19.5,0.2,0.8,166.66666666666666
10,10,20,95.0,95.0,19.5,0.2,0.8,166.66666666666666
11,10,20,105.0,95.0,19.5,0.2,0.8,166.66666666666666
12,10,20,115.0,95.0,19.5,0.2,0.8,166.66666666666666
13,10,20,125.0,95.0,19.5,0.2,0.8,166.66666666666666
14,10,20,135.0,95.0,19.5,0.2,0.8,166.66666666666666
15,10,20,145.0,95.0,19.5,0.2,0.8,166.66666666666666
16,10,20,155.0,95.0,19.5,0.2,0.8,166.66666666666666
17,10,20,165.0,95.0,19.5,0.2,0.8,166.66666666666666
18,10,20,175.0,95.0,19.5,0.2,0.8,166.66666666666666
19,10,20,185.0,95.0,19.5,0.2,0.8,166.66666666666666
20,10,20,195.0,95.0,19.5,0.2,0.8,166.66666666666666
21,10,20,205.0,95.0,19.5,0.2,0.8,166.66666666666666
22,10,20,215.0,95.0,19.5,0.2,0.8,166.66666666666666
23,10,20,225.0,95.0,19.5,0.2,0.8,166.66666666666666
24,10,20,235.0,95.0,19.5,0.2,0.8,166.66666666666666
25,10,20,245.0,95.0,19.5,0.2,0.8,166.66666666666666
26,10,20,255.0,95.0,19.5,0.2,0.8,166.66666666666666
27,10,20,265.0,95.0,19.5,0.2,0.8,166.66666666666666
28,10,20,275.0,95.0,19.5,0.2,0.8,166.66666666666666
29,10,20,285.0,95.0,19.5,0.2,0.8,166.66666666666666
30,10,20,295.0,95.0,19.5,0.2,0.8,166.66666666666666
31,10,20,305.0,95.0,19.5,0.2,0.8,166.66666666666666
32,10,20,315.0,95.0,19.5,0.2,0.8,166.66666666666666
33,10,20,325.0,95.0,19.5,0.2,0.8,166.66666666666666
34,10,20,335.0,95.0,19.5,0.2,0.8,166.66666666666666
35,10,20,345.0,95.0,19.5,0.2,0.8,166.66666666666666
36,10,20,355.0,95.0,19.5,0.2,0.8,166.66666666666666
37,10,20,365.0,95.0,19.5,0.2,0.8,166.66666666666666
38,10,20,375.0,95.0,19.5,0.2,0.8,166.66666666666666
39,10,20,385.0,95.0,19.5,0.2,0.8,166.66666666666666
40,10,20,395.0,95.0,19.5,0.2,0.8,166.66666666666666
41,10,20,405.0,95.0,19.5,0.2,0.8,166.66666666666666
42,10,20,415.0,95.0,19.5,0.2,0.8,166.66666666666666
43,10,20,425.0,95.0,19.5,0.2,0.8,166.66666666666666
44,10,20,435.0,95.0,19.5,0.2,0.8,166.66666666666666
45,10,20,445.0,95.0,19.5,0.2,0.8,166.66666666666666
46,10,20,455.0,95.0,19.5,0.2,0.8,166.66666666666666
47,10,20,465.0,95.0,19.5,0.2,0.8,166.66666666666666
48,10,20,475.0,95.0,19.5,0.2,0.8,166.66666666666666
49,10,20,485.0,95.0,19.5,0.2,0.8,166.66666666666666
50,10,20,495.0,95.0,19.5,0.2,0.8,166.66666666666666
