i,j,k,x_m,y_m,depth_m,Sw,So,permeability_md
1,1,1,5.0,5.0,0.5,0.42883413663007913,0.5711658633699208,90.9090909090909
2,1,1,15.0,5.0,0.5,0.3821041642541406,0.6178958357458594,90.9090909090909
3,1,1,25.0,5.0,0.5,0.3187762199277151,0.6812237800722849,90.9090909090909
4,1,1,35.0,5.0,0.5,0.25715441079180046,0.7428455892081995,90.9090909090909
5,1,1,45.0,5.0,0.5,0.21599485919295996,0.7840051408070401,90.9090909090909
6,1,1,55.0,5.0,0.5,0.20208129495109195,0.797918705048908,90.9090909090909
7,1,1,65.0,5.0,0.5,0.20014209287991777,0.7998579071200822,90.9090909090909
8,1,1,75.0,5.0,0.5,0.20002817079475932,0.7999718292052407,90.9090909090909
9,1,1,85.0,5.0,0.5,0.20002270831875846,0.7999772916812415,90.9090909090909
10,1,1,95.0,5.0,0.5,0.20002244617410583,0.7999775538258942,90.9090909090909
11,1,1,105.0,5.0,0.5,0.2000226523943725,0.7999773476056276,90.9090909090909
12,1,1,115.0,5.0,0.5,0.200022907057658,0.799977092942342,90.9090909090909
13,1,1,125.0,5.0,0.5,0.20002317012509835,0.7999768298749017,90.9090909090909
14,1,1,135.0,5.0,0.5,0.20002343980877238,0.7999765601912276,90.9090909090909
15,1,1,145.0,5.0,0.5,0.2000237153405856,0.7999762846594144,90.9090909090909
16,1,1,155.0,5.0,0.5,0.20002399566881224,0.7999760043311878,90.9090909090909
17,1,1,165.0,5.0,0.5,0.20002428074793072,0.7999757192520693,90.9090909090909
18,1,1,175.0,5.0,0.5,0.20002457113319358,0.7999754288668064,90.9090909090909
19,1,1,185.0,5.0,0.5,0.2000248668808066,0.7999751331191934,90.9090909090909
20,1,1,195.0,5.0,0.5,0.20002516742270507,0.799974832577295,90.9090909090909
21,1,1,205.0,5.0,0.5,0.2000254722633699,0.7999745277366301,90.9090909090909
22,1,1,215.0,5.0,0.5,0.20002578153152592,0.799974218468474,90.9090909090909
23,1,1,225.0,5.0,0.5,0.2000260955278473,0.7999739044721527,90.9090909090909
24,1,1,235.0,5.0,0.5,0.20002641423420386,0.7999735857657961,90.9090909090909
25,1,1,245.0,5.0,0.5,0.200026737274971,0.799973262725029,90.9090909090909
26,1,1,255.0,5.0,0.5,0.20002706427871955,0.7999729357212805,90.9090909090909
27,1,1,265.0,5.0,0.5,0.20002739524120994,0.7999726047587901,90.9090909090909
28,1,1,275.0,5.0,0.5,0.20002773036665525,0.7999722696333448,90.9090909090909
29,1,1,285.0,5.0,0.5,0.2000280697331049,0.7999719302668951,90.9090909090909
30,1,1,295.0,5.0,0.5,0.2000284131765495,0.7999715868234505,90.9090909090909
31,1,1,305.0,5.0,0.5,0.20002876040399972,0.7999712395960002,90.9090909090909
32,1,1,315.0,5.0,0.5,0.2000291112607613,0.7999708887392387,90.9090909090909
33,1,1,325.0,5.0,0.5,0.20002946583786396,0.799970534162136,90.9090909090909
34,1,1,335.0,5.0,0.5,0.20002982429699126,0.7999701757030088,90.9090909090909
35,1,1,345.0,5.0,0.5,0.20003018669087338,0.7999698133091266,90.9090909090909
36,1,1,355.0,5.0,0.5,0.20003055292800967,0.7999694470719904,90.9090909090909
37,1,1,365.0,5.0,0.5,0.20003092286495486,0.7999690771350452,90.9090909090909
38,1,1,375.0,5.0,0.5,0.20003129647634332,0.7999687035236567,90.9090909090909
39,1,1,385.0,5.0,0.5,0.20003167390668292,0.799968326093317,90.9090909090909
40,1,1,395.0,5.0,0.5,0.20003205534014312,0.7999679446598569,90.9090909090909
41,1,1,405.0,5.0,0.5,0.20003244084011418,0.7999675591598858,90.9090909090909
42,1,1,415.0,5.0,0.5,0.20003283022155086,0.7999671697784492,90.9090909090909
43,1,1,425.0,5.0,0.5,0.20003322291522646,0.7999667770847736,90.9090909090909
44,1,1,435.0,5.0,0.5,0.20003361773620107,0.7999663822637989,90.9090909090909
45,1,1,445.0,5.0,0.5,0.20003401232639237,0.7999659876736076,90.9090909090909
46,1,1,455.0,5.0,0.5,0.2000344019157955,0.7999655980842045,90.9090909090909
47,1,1,465.0,5.0,0.5,0.20003477703053743,0.7999652229694626,90.9090909090909
48,1,1,475.0,5.0,0.5,0.2000351199071371,0.7999648800928629,90.9090909090909
49,1,1,485.0,5.0,0.5,0.20003539978787432,0.7999646002121257,90.9090909090909
50,1,1,495.0,5.0,0.5,0.20003557016737528,0.7999644298326247,90.9090909090909
1,2,1,5.0,15.0,0.5,0.581841176695885,0.418158823304115,90.9090909090909
2,2,1,15.0,15.0,0.5,0.5473029766761303,0.45269702332386974,90.9090909090909
3,2,1,25.0,15.0,0.5,0.5044362610662244,0.4955637389337756,90.9090909090909
4,2,1,35.0,15.0,0.5,0.4505921724227555,0.5494078275772445,90.9090909090909
5,2,1,45.0,15.0,0.5,0.37905207586589423,0.6209479241341058,90.9090909090909
6,2,1,55.0,15.0,0.5,0.2985847494139535,0.7014152505860465,90.9090909090909
7,2,1,65.0,15.0,0.5,0.23878842677917364,0.7612115732208263,90.9090909090909
8,2,1,75.0,15.0,0.5,0.21085146364974275,0.7891485363502573,90.9090909090909
9,2,1,85.0,15.0,0.5,0.2020797610671795,0.7979202389328205,90.9090909090909
10,2,1,95.0,15.0,0.5,0.20023153333756075,0.7997684666624393,90.9090909090909
11,2,1,105.0,15.0,0.5,0.20004283036914963,0.7999571696308504,90.9090909090909
12,2,1,115.0,15.0,0.5,0.20002601991994118,0.7999739800800588,90.9090909090909
13,2,1,125.0,15.0,0.5,0.20002355929671975,0.7999764407032802,90.9090909090909
14,2,1,135.0,15.0,0.5,0.20002348296850747,0.7999765170314925,90.9090909090909
15,2,1,145.0,15.0,0.5,0.20002371873752614,0.7999762812624739,90.9090909090909
16,2,1,155.0,15.0,0.5,0.20002399496848866,0.7999760050315113,90.9090909090909
17,2,1,165.0,15.0,0.5,0.20002427940763587,0.7999757205923641,90.9090909090909
18,2,1,175.0,15.0,0.5,0.20002456982487105,0.799975430175129,90.9090909090909
19,2,1,185.0,15.0,0.5,0.20002486561774319,0.7999751343822568,90.9090909090909
20,2,1,195.0,15.0,0.5,0.2000251661808616,0.7999748338191384,90.9090909090909
21,2,1,205.0,15.0,0.5,0.20002547108791477,0.7999745289120852,90.9090909090909
22,2,1,215.0,15.0,0.5,0.20002578048829173,0.7999742195117083,90.9090909090909
23,2,1,225.0,15.0,0.5,0.20002609459270232,0.7999739054072976,90.9090909090909
24,2,1,235.0,15.0,0.5,0.20002641332503004,0.79997358667497,90.9090909090909
25,2,1,245.0,15.0,0.5,0.2000267363629097,0.7999732636370903,90.9090909090909
26,2,1,255.0,15.0,0.5,0.2000270633974707,0.7999729366025293,90.9090909090909
27,2,1,265.0,15.0,0.5,0.2000273944418662,0.7999726055581338,90.9090909090909
28,2,1,275.0,15.0,0.5,0.20002772965304788,0.7999722703469521,90.9090909090909
29,2,1,285.0,15.0,0.5,0.2000280690478896,0.7999719309521104,90.9090909090909
30,2,1,295.0,15.0,0.5,0.2000284124701697,0.7999715875298303,90.9090909090909
31,2,1,305.0,15.0,0.5,0.20002875967502265,0.7999712403249774,90.9090909090909
32,2,1,315.0,15.0,0.5,0.20002911054017408,0.7999708894598259,90.9090909090909
33,2,1,325.0,15.0,0.5,0.200029465150417,0.799970534849583,90.9090909090909
34,2,1,335.0,15.0,0.5,0.20002982362192256,0.7999701763780774,90.9090909090909
35,2,1,345.0,15.0,0.5,0.20003018597100425,0.7999698140289957,90.9090909090909
36,2,1,355.0,15.0,0.5,0.2000305521165241,0.7999694478834759,90.9090909090909
37,2,1,365.0,15.0,0.5,0.20003092194958394,0.7999690780504161,90.9090909090909
38,2,1,375.0,15.0,0.5,0.2000312954736762,0.7999687045263237,90.9090909090909
39,2,1,385.0,15.0,0.5,0.2000316728463804,0.7999683271536195,90.9090909090909
40,2,1,395.0,15.0,0.5,0.20003205426259654,0.7999679457374035,90.9090909090909
41,2,1,405.0,15.0,0.5,0.20003243984536748,0.7999675601546326,90.9090909090909
42,2,1,415.0,15.0,0.5,0.20003282958748236,0.7999671704125176,90.9090909090909
43,2,1,425.0,15.0,0.5,0.2000332232875493,0.7999667767124508,90.9090909090909
44,2,1,435.0,15.0,0.5,0.20003362043745596,0.799966379562544,90.9090909090909
45,2,1,445.0,15.0,0.5,0.20003401986913893,0.7999659801308611,90.9090909090909
46,2,1,455.0,15.0,0.5,0.20003441878207096,0.799965581217929,90.9090909090909
47,2,1,465.0,15.0,0.5,0.20003481064012912,0.7999651893598709,90.9090909090909
48,2,1,475.0,15.0,0.5,0.20003518098858558,0.7999648190114144,90.9090909090909
49,2,1,485.0,15.0,0.5,0.20003549959411035,0.7999645004058896,90.9090909090909
50,2,1,495.0,15.0,0.5,0.20003570903472315,0.7999642909652769,90.9090909090909
1,3,1,5.0,25.0,0.5,0.6640824339754661,0.33591756602453393,90.9090909090909
2,3,1,15.0,25.0,0.5,0.6276847490340707,0.3723152509659293,90.9090909090909
3,3,1,25.0,25.0,0.5,0.5869030664708597,0.41309693352914034,90.9090909090909
4,3,1,35.0,25.0,0.5,0.5428642955932904,0.4571357044067096,90.9090909090909
5,3,1,45.0,25.0,0.5,0.493273171327514,0.506726828672486,90.9090909090909
6,3,1,55.0,25.0,0.5,0.4318774299914088,0.5681225700085912,90.9090909090909
7,3,1,65.0,25.0,0.5,0.3529370890833885,0.6470629109166115,90.9090909090909
8,3,1,75.0,25.0,0.5,0.2779790742835204,0.7220209257164796,90.9090909090909
9,3,1,85.0,25.0,0.5,0.2303454977310054,0.7696545022689946,90.9090909090909
10,3,1,95.0,25.0,0.5,0.20942033747906266,0.7905796625209374,90.9090909090909
11,3,1,105.0,25.0,0.5,0.20208695248756353,0.7979130475124365,90.9090909090909
12,3,1,115.0,25.0,0.5,0.2002952327956233,0.7997047672043767,90.9090909090909
13,3,1,125.0,25.0,0.5,0.20005898479795375,0.7999410152020463,90.9090909090909
14,3,1,135.0,25.0,0.5,0.20002985430699127,0.7999701456930087,90.9090909090909
15,3,1,145.0,25.0,0.5,0.20002457631844675,0.7999754236815533,90.9090909090909
16,3,1,155.0,25.0,0.5,0.20002412387683005,0.7999758761231699,90.9090909090909
17,3,1,165.0,25.0,0.5,0.2000242946970891,0.7999757053029108,90.9090909090909
18,3,1,175.0,25.0,0.5,0.20002457150397743,0.7999754284960225,90.9090909090909
19,3,1,185.0,25.0,0.5,0.20002486456344737,0.7999751354365526,90.9090909090909
20,3,1,195.0,25.0,0.5,0.20002516433055792,0.799974835669442,90.9090909090909
21,3,1,205.0,25.0,0.5,0.20002546926935066,0.7999745307306494,90.9090909090909
22,3,1,215.0,25.0,0.5,0.20002577904303584,0.7999742209569641,90.9090909090909
23,3,1,225.0,25.0,0.5,0.20002609339314284,0.7999739066068572,90.9090909090909
24,3,1,235.0,25.0,0.5,0.2000264120726726,0.7999735879273274,90.9090909090909
25,3,1,245.0,25.0,0.5,0.2000267349626913,0.7999732650373087,90.9090909090909
26,3,1,255.0,25.0,0.5,0.2000270620065511,0.7999729379934489,90.9090909090909
27,3,1,265.0,25.0,0.5,0.20002739324013843,0.7999726067598616,90.9090909090909
28,3,1,275.0,25.0,0.5,0.2000277286429134,0.7999722713570866,90.9090909090909
29,3,1,285.0,25.0,0.5,0.20002806807643886,0.7999719319235612,90.9090909090909
30,3,1,295.0,25.0,0.5,0.2000284114068427,0.7999715885931573,90.9090909090909
31,3,1,305.0,25.0,0.5,0.20002875852122737,0.7999712414787726,90.9090909090909
32,3,1,315.0,25.0,0.5,0.20002910938968882,0.7999708906103111,90.9090909090909
33,3,1,325.0,25.0,0.5,0.20002946406368313,0.7999705359363168,90.9090909090909
34,3,1,335.0,25.0,0.5,0.20002982255264606,0.799970177447354,90.9090909090909
35,3,1,345.0,25.0,0.5,0.20003018480196388,0.7999698151980361,90.9090909090909
36,3,1,355.0,25.0,0.5,0.2000305507494432,0.7999694492505568,90.9090909090909
37,3,1,365.0,25.0,0.5,0.20003092035548592,0.799969079644514,90.9090909090909
38,3,1,375.0,25.0,0.5,0.2000312936776899,0.7999687063223101,90.9090909090909
39,3,1,385.0,25.0,0.5,0.20003167087975623,0.7999683291202437,90.9090909090909
40,3,1,395.0,25.0,0.5,0.200032052158489,0.799967947841511,90.9090909090909
41,3,1,405.0,25.0,0.5,0.2000324377235243,0.7999675622764757,90.9090909090909
42,3,1,415.0,25.0,0.5,0.20003282784284562,0.7999671721571544,90.9090909090909
43,3,1,425.0,25.0,0.5,0.20003322290935346,0.7999667770906466,90.9090909090909
44,3,1,435.0,25.0,0.5,0.20003362354240325,0.7999663764575967,90.9090909090909
45,3,1,445.0,25.0,0.5,0.20003403063664107,0.799965969363359,90.9090909090909
46,3,1,455.0,25.0,0.5,0.20003444509886448,0.7999655549011355,90.9090909090909
47,3,1,465.0,25.0,0.5,0.20003486662417602,0.799965133375824,90.9090909090909
48,3,1,475.0,25.0,0.5,0.20003528951153024,0.7999647104884697,90.9090909090909
49,3,1,485.0,25.0,0.5,0.20003569027784276,0.7999643097221573,90.9090909090909
50,3,1,495.0,25.0,0.5,0.20003599785247406,0.7999640021475259,90.9090909090909
1,4,1,5.0,35.0,0.5,0.7242708935840173,0.2757291064159827,90.9090909090909
2,4,1,15.0,35.0,0.5,0.6847227953312627,0.3152772046687373,90.9090909090909
3,4,1,25.0,35.0,0.5,0.6411592560173687,0.3588407439826313,90.9090909090909
4,4,1,35.0,35.0,0.5,0.5966696509224132,0.4033303490775868,90.9090909090909
5,4,1,45.0,35.0,0.5,0.5513243897980008,0.4486756102019992,90.9090909090909
6,4,1,55.0,35.0,0.5,0.5024940965597233,0.4975059034402767,90.9090909090909
7,4,1,65.0,35.0,0.5,0.44434012289219854,0.5556598771078014,90.9090909090909
8,4,1,75.0,35.0,0.5,0.3701377549933187,0.6298622450066813,90.9090909090909
9,4,1,85.0,35.0,0.5,0.29455741270150787,0.7054425872984922,90.9090909090909
10,4,1,95.0,35.0,0.5,0.24143389279603067,0.7585661072039693,90.9090909090909
11,4,1,105.0,35.0,0.5,0.21485190787188715,0.7851480921281129,90.9090909090909
12,4,1,115.0,35.0,0.5,0.20418123516961345,0.7958187648303865,90.9090909090909
13,4,1,125.0,35.0,0.5,0.20080261541636252,0.7991973845836375,90.9090909090909
14,4,1,135.0,35.0,0.5,0.20013592744610062,0.7998640725538994,90.9090909090909
15,4,1,145.0,35.0,0.5,0.20004460115794453,0.7999553988420555,90.9090909090909
16,4,1,155.0,35.0,0.5,0.20002758675157017,0.7999724132484298,90.9090909090909
17,4,1,165.0,35.0,0.5,0.20002479826074984,0.7999752017392502,90.9090909090909
18,4,1,175.0,35.0,0.5,0.20002465335323225,0.7999753466467677,90.9090909090909
19,4,1,185.0,35.0,0.5,0.2000248768305113,0.7999751231694887,90.9090909090909
20,4,1,195.0,35.0,0.5,0.2000251661500001,0.7999748338499999,90.9090909090909
21,4,1,205.0,35.0,0.5,0.20002546866910964,0.7999745313308904,90.9090909090909
22,4,1,215.0,35.0,0.5,0.20002577775316197,0.799974222246838,90.9090909090909
23,4,1,225.0,35.0,0.5,0.20002609197264987,0.7999739080273501,90.9090909090909
24,4,1,235.0,35.0,0.5,0.20002641085543965,0.7999735891445603,90.9090909090909
25,4,1,245.0,35.0,0.5,0.20002673398141885,0.7999732660185812,90.9090909090909
26,4,1,255.0,35.0,0.5,0.20002706109942292,0.7999729389005771,90.9090909090909
27,4,1,265.0,35.0,0.5,0.20002739225193328,0.7999726077480667,90.9090909090909
28,4,1,275.0,35.0,0.5,0.20002772754656384,0.7999722724534362,90.9090909090909
29,4,1,285.0,35.0,0.5,0.200028066994726,0.799971933005274,90.9090909090909
30,4,1,295.0,35.0,0.5,0.2000284104367271,0.7999715895632729,90.9090909090909
31,4,1,305.0,35.0,0.5,0.20002875762522457,0.7999712423747755,90.9090909090909
32,4,1,315.0,35.0,0.5,0.20002910845718,0.79997089154282,90.9090909090909
33,4,1,325.0,35.0,0.5,0.20002946298752636,0.7999705370124737,90.9090909090909
34,4,1,335.0,35.0,0.5,0.2000298212997901,0.7999701787002099,90.9090909090909
35,4,1,345.0,35.0,0.5,0.20003018340596762,0.7999698165940323,90.9090909090909
36,4,1,355.0,35.0,0.5,0.20003054920824326,0.7999694507917567,90.9090909090909
37,4,1,365.0,35.0,0.5,0.20003091858523708,0.7999690814147629,90.9090909090909
38,4,1,375.0,35.0,0.5,0.20003129154822843,0.7999687084517716,90.9090909090909
39,4,1,385.0,35.0,0.5,0.20003166827065447,0.7999683317293456,90.9090909090909
40,4,1,395.0,35.0,0.5,0.20003204903224006,0.79996795096776,90.9090909090909
41,4,1,405.0,35.0,0.5,0.20003243418631284,0.7999675658136871,90.9090909090909
42,4,1,415.0,35.0,0.5,0.20003282422187557,0.7999671757781244,90.9090909090909
43,4,1,425.0,35.0,0.5,0.20003321999747373,0.7999667800025263,90.9090909090909
44,4,1,435.0,35.0,0.5,0.20003362318132434,0.7999663768186757,90.9090909090909
45,4,1,445.0,35.0,0.5,0.20003403689061441,0.7999659631093856,90.9090909090909
46,4,1,455.0,35.0,0.5,0.20003446662476881,0.7999655333752311,90.9090909090909
47,4,1,465.0,35.0,0.5,0.20003492143150023,0.7999650785684997,90.9090909090909
48,4,1,475.0,35.0,0.5,0.2000354132856452,0.7999645867143548,90.9090909090909
49,4,1,485.0,35.0,0.5,0.20003594368487612,0.7999640563151239,90.9090909090909
50,4,1,495.0,35.0,0.5,0.20003644766741355,0.7999635523325864,90.9090909090909
1,5,1,5.0,45.0,0.5,0.7720713317077974,0.2279286682922026,90.9090909090909
2,5,1,15.0,45.0,0.5,0.7340059744164754,0.2659940255835246,90.9090909090909
3,5,1,25.0,45.0,0.5,0.6878664039140865,0.3121335960859135,90.9090909090909
4,5,1,35.0,45.0,0.5,0.6412151104715169,0.3587848895284831,90.9090909090909
5,5,1,45.0,45.0,0.5,0.5963622183163589,0.40363778168364106,90.9090909090909
6,5,1,55.0,45.0,0.5,0.5521911762654931,0.4478088237345069,90.9090909090909
7,5,1,65.0,45.0,0.5,0.5057523246995195,0.4942476753004805,90.9090909090909
8,5,1,75.0,45.0,0.5,0.4520291156728852,0.5479708843271148,90.9090909090909
9,5,1,85.0,45.0,0.5,0.38526293721618854,0.6147370627838115,90.9090909090909
10,5,1,95.0,45.0,0.5,0.3144506735985215,0.6855493264014785,90.9090909090909
11,5,1,105.0,45.0,0.5,0.25763230445470825,0.7423676955452918,90.9090909090909
12,5,1,115.0,45.0,0.5,0.22383332441631945,0.7761666755836806,90.9090909090909
13,5,1,125.0,45.0,0.5,0.20833895290617624,0.7916610470938238,90.9090909090909
14,5,1,135.0,45.0,0.5,0.2022680779943479,0.7977319220056521,90.9090909090909
15,5,1,145.0,45.0,0.5,0.20044490190831937,0.7995550980916806,90.9090909090909
16,5,1,155.0,45.0,0.5,0.20009418335311607,0.799905816646884,90.9090909090909
17,5,1,165.0,45.0,0.5,0.20003772711316023,0.7999622728868397,90.9090909090909
18,5,1,175.0,45.0,0.5,0.2000267465298354,0.7999732534701646,90.9090909090909
19,5,1,185.0,45.0,0.5,0.20002522695997207,0.799974773040028,90.9090909090909
20,5,1,195.0,45.0,0.5,0.2000252252912346,0.7999747747087654,90.9090909090909
21,5,1,205.0,45.0,0.5,0.2000254791477138,0.7999745208522862,90.9090909090909
22,5,1,215.0,45.0,0.5,0.20002577985110448,0.7999742201488955,90.9090909090909
23,5,1,225.0,45.0,0.5,0.2000260919233675,0.7999739080766325,90.9090909090909
24,5,1,235.0,45.0,0.5,0.20002641025608647,0.7999735897439135,90.9090909090909
25,5,1,245.0,45.0,0.5,0.2000267334161269,0.7999732665838731,90.9090909090909
26,5,1,255.0,45.0,0.5,0.20002706077856366,0.7999729392214363,90.9090909090909
27,5,1,265.0,45.0,0.5,0.20002739202783917,0.7999726079721609,90.9090909090909
28,5,1,275.0,45.0,0.5,0.2000277271944017,0.7999722728055982,90.9090909090909
29,5,1,285.0,45.0,0.5,0.20002806646481808,0.7999719335351819,90.9090909090909
30,5,1,295.0,45.0,0.5,0.20002840983368428,0.7999715901663157,90.9090909090909
31,5,1,305.0,45.0,0.5,0.20002875708196227,0.7999712429180377,90.9090909090909
32,5,1,315.0,45.0,0.5,0.2000291079668341,0.7999708920331658,90.9090909090909
33,5,1,325.0,45.0,0.5,0.20002946239311134,0.7999705376068886,90.9090909090909
34,5,1,335.0,45.0,0.5,0.20002982045880055,0.7999701795411994,90.9090909090909
35,5,1,345.0,45.0,0.5,0.20003018226706148,0.7999698177329385,90.9090909090909
36,5,1,355.0,45.0,0.5,0.200030547772536,0.799969452227464,90.9090909090909
37,5,1,365.0,45.0,0.5,0.20003091682698018,0.7999690831730198,90.9090909090909
38,5,1,375.0,45.0,0.5,0.2000312893309184,0.7999687106690816,90.9090909090909
39,5,1,385.0,45.0,0.5,0.20003166536245562,0.7999683346375444,90.9090909090909
40,5,1,395.0,45.0,0.5,0.2000320452024416,0.7999679547975584,90.9090909090909
41,5,1,405.0,45.0,0.5,0.20003242926113166,0.7999675707388684,90.9090909090909
42,5,1,415.0,45.0,0.5,0.20003281811236917,0.7999671818876308,90.9090909090909
43,5,1,425.0,45.0,0.5,0.20003321277674907,0.799966787223251,90.9090909090909
44,5,1,435.0,45.0,0.5,0.20003361530090835,0.7999663846990916,90.9090909090909
45,5,1,445.0,45.0,0.5,0.20003402979121354,0.7999659702087865,90.9090909090909
46,5,1,455.0,45.0,0.5,0.2000344643754308,0.7999655356245692,90.9090909090909
47,5,1,465.0,45.0,0.5,0.2000349352624141,0.7999650647375859,90.9090909090909
48,5,1,475.0,45.0,0.5,0.2000354739740398,0.7999645260259602,90.9090909090909
49,5,1,485.0,45.0,0.5,0.20003611574447253,0.7999638842555274,90.9090909090909
50,5,1,495.0,45.0,0.5,0.2000366388923751,0.7999633611076249,90.9090909090909
1,6,1,5.0,55.0,0.5,0.7268219658536126,0.2731780341463874,90.9090909090909
2,6,1,15.0,55.0,0.5,0.6888846360095453,0.3111153639904547,90.9090909090909
3,6,1,25.0,55.0,0.5,0.6469800432058695,0.35301995679413045,90.9090909090909
4,6,1,35.0,55.0,0.5,0.6040801190597762,0.3959198809402238,90.9090909090909
5,6,1,45.0,55.0,0.5,0.560492077473123,0.439507922526877,90.9090909090909
6,6,1,55.0,55.0,0.5,0.5141022927216563,0.4858977072783437,90.9090909090909
7,6,1,65.0,55.0,0.5,0.4600755676115391,0.5399244323884609,90.9090909090909
8,6,1,75.0,55.0,0.5,0.3913862853476512,0.6086137146523488,90.9090909090909
9,6,1,85.0,55.0,0.5,0.31477974172253487,0.6852202582774651,90.9090909090909
10,6,1,95.0,55.0,0.5,0.25544748716959775,0.7445525128304022,90.9090909090909
11,6,1,105.0,55.0,0.5,0.22183306379209894,0.7781669362079011,90.9090909090909
12,6,1,115.0,55.0,0.5,0.20701952361367665,0.7929804763863233,90.9090909090909
13,6,1,125.0,55.0,0.5,0.20164400126563475,0.7983559987343652,90.9090909090909
14,6,1,135.0,55.0,0.5,0.20028859737343566,0.7997114026265644,90.9090909090909
15,6,1,145.0,55.0,0.5,0.2000697771831157,0.7999302228168843,90.9090909090909
16,6,1,155.0,55.0,0.5,0.2000328145669069,0.7999671854330931,90.9090909090909
17,6,1,165.0,55.0,0.5,0.2000255791384879,0.799974420861512,90.9090909090909
18,6,1,175.0,55.0,0.5,0.200024788555584,0.799975211444416,90.9090909090909
19,6,1,185.0,55.0,0.5,0.20002489895635298,0.799975101043647,90.9090909090909
20,6,1,195.0,55.0,0.5,0.2000251706101446,0.7999748293898554,90.9090909090909
21,6,1,205.0,55.0,0.5,0.20002547003572682,0.7999745299642732,90.9090909090909
22,6,1,215.0,55.0,0.5,0.2000257782225153,0.7999742217774847,90.9090909090909
23,6,1,225.0,55.0,0.5,0.2000260921481398,0.7999739078518602,90.9090909090909
24,6,1,235.0,55.0,0.5,0.2000264109409397,0.7999735890590602,90.9090909090909
25,6,1,245.0,55.0,0.5,0.20002673411266278,0.7999732658873372,90.9090909090909
26,6,1,255.0,55.0,0.5,0.20002706127264713,0.7999729387273529,90.9090909090909
27,6,1,265.0,55.0,0.5,0.20002739236187136,0.7999726076381286,90.9090909090909
28,6,1,275.0,55.0,0.5,0.20002772752716308,0.7999722724728369,90.9090909090909
29,6,1,285.0,55.0,0.5,0.20002806684722796,0.799971933152772,90.9090909090909
30,6,1,295.0,55.0,0.5,0.20002841019314857,0.7999715898068515,90.9090909090909
31,6,1,305.0,55.0,0.5,0.20002875729951333,0.7999712427004867,90.9090909090909
32,6,1,315.0,55.0,0.5,0.20002910797665735,0.7999708920233426,90.9090909090909
33,6,1,325.0,55.0,0.5,0.20002946222994689,0.7999705377700531,90.9090909090909
34,6,1,335.0,55.0,0.5,0.20002982014916487,0.7999701798508352,90.9090909090909
35,6,1,345.0,55.0,0.5,0.20003018174493678,0.7999698182550632,90.9090909090909
36,6,1,355.0,55.0,0.5,0.20003054689213484,0.7999694531078652,90.9090909090909
37,6,1,365.0,55.0,0.5,0.20003091540739584,0.7999690845926042,90.9090909090909
38,6,1,375.0,55.0,0.5,0.20003128719429492,0.7999687128057051,90.9090909090909
39,6,1,385.0,55.0,0.5,0.20003166231278335,0.7999683376872166,90.9090909090909
40,6,1,395.0,55.0,0.5,0.20003204093353386,0.7999679590664661,90.9090909090909
41,6,1,405.0,55.0,0.5,0.20003242328317197,0.799967576716828,90.9090909090909
42,6,1,415.0,55.0,0.5,0.2000328097079109,0.7999671902920891,90.9090909090909
43,6,1,425.0,55.0,0.5,0.20003320092209786,0.7999667990779021,90.9090909090909
44,6,1,435.0,55.0,0.5,0.2000335984448254,0.7999664015551746,90.9090909090909
45,6,1,445.0,55.0,0.5,0.20003400525650544,0.7999659947434945,90.9090909090909
46,6,1,455.0,55.0,0.5,0.20003442673616978,0.7999655732638302,90.9090909090909
47,6,1,465.0,55.0,0.5,0.20003487171349907,0.7999651282865009,90.9090909090909
48,6,1,475.0,55.0,0.5,0.20003535144531223,0.7999646485546877,90.9090909090909
49,6,1,485.0,55.0,0.5,0.2000358659204715,0.7999641340795285,90.9090909090909
50,6,1,495.0,55.0,0.5,0.20003635000825204,0.799963649991748,90.9090909090909
1,7,1,5.0,65.0,0.5,0.6716928738886426,0.3283071261113574,90.9090909090909
2,7,1,15.0,65.0,0.5,0.6371951568549902,0.3628048431450098,90.9090909090909
3,7,1,25.0,65.0,0.5,0.598413405701371,0.401586594298629,90.9090909090909
4,7,1,35.0,65.0,0.5,0.5567159336301624,0.44328406636983764,90.9090909090909
5,7,1,45.0,65.0,0.5,0.5106678050312554,0.4893321949687446,90.9090909090909
6,7,1,55.0,65.0,0.5,0.4555436459138679,0.544456354086132,90.9090909090909
7,7,1,65.0,65.0,0.5,0.3840943680545995,0.6159056319454005,90.9090909090909
8,7,1,75.0,65.0,0.5,0.30555653487599166,0.6944434651240083,90.9090909090909
9,7,1,85.0,65.0,0.5,0.2474171596827807,0.7525828403172193,90.9090909090909
10,7,1,95.0,65.0,0.5,0.2171670520116148,0.7828329479883852,90.9090909090909
11,7,1,105.0,65.0,0.5,0.2049115794247053,0.7950884205752947,90.9090909090909
12,7,1,115.0,65.0,0.5,0.20094772218954177,0.7990522778104583,90.9090909090909
13,7,1,125.0,65.0,0.5,0.2001490253438075,0.7998509746561925,90.9090909090909
14,7,1,135.0,65.0,0.5,0.20004550317137693,0.7999544968286231,90.9090909090909
15,7,1,145.0,65.0,0.5,0.200027495532652,0.799972504467348,90.9090909090909
16,7,1,155.0,65.0,0.5,0.20002452302427998,0.79997547697572,90.9090909090909
17,7,1,165.0,65.0,0.5,0.20002436306960858,0.7999756369303914,90.9090909090909
18,7,1,175.0,65.0,0.5,0.20002458275308693,0.7999754172469131,90.9090909090909
19,7,1,185.0,65.0,0.5,0.20002486789880822,0.7999751321011918,90.9090909090909
20,7,1,195.0,65.0,0.5,0.2000251657535974,0.7999748342464026,90.9090909090909
21,7,1,205.0,65.0,0.5,0.20002547012627617,0.7999745298737239,90.9090909090909
22,7,1,215.0,65.0,0.5,0.20002577968201468,0.7999742203179854,90.9090909090909
23,7,1,225.0,65.0,0.5,0.20002609397052634,0.7999739060294737,90.9090909090909
24,7,1,235.0,65.0,0.5,0.2000264126106376,0.7999735873893624,90.9090909090909
25,7,1,245.0,65.0,0.5,0.20002673539201088,0.7999732646079891,90.9090909090909
26,7,1,255.0,65.0,0.5,0.2000270623345874,0.7999729376654126,90.9090909090909
27,7,1,265.0,65.0,0.5,0.2000273934711848,0.7999726065288152,90.9090909090909
28,7,1,275.0,65.0,0.5,0.20002772876269317,0.7999722712373069,90.9090909090909
29,7,1,285.0,65.0,0.5,0.200028068058942,0.799971931941058,90.9090909090909
30,7,1,295.0,65.0,0.5,0.20002841115974093,0.7999715888402591,90.9090909090909
31,7,1,305.0,65.0,0.5,0.2000287579748857,0.7999712420251143,90.9090909090909
32,7,1,315.0,65.0,0.5,0.20002910849064418,0.7999708915093559,90.9090909090909
33,7,1,325.0,65.0,0.5,0.20002946269054325,0.7999705373094568,90.9090909090909
34,7,1,335.0,65.0,0.5,0.20002982051472165,0.7999701794852784,90.9090909090909
35,7,1,345.0,65.0,0.5,0.20003018182662038,0.7999698181733796,90.9090909090909
36,7,1,355.0,65.0,0.5,0.20003054646795648,0.7999694535320435,90.9090909090909
37,7,1,365.0,65.0,0.5,0.20003091434109113,0.7999690856589089,90.9090909090909
38,7,1,375.0,65.0,0.5,0.2000312853858171,0.799968714614183,90.9090909090909
39,7,1,385.0,65.0,0.5,0.2000316595414899,0.7999683404585101,90.9090909090909
40,7,1,395.0,65.0,0.5,0.20003203673097783,0.7999679632690222,90.9090909090909
41,7,1,405.0,65.0,0.5,0.20003241685940115,0.7999675831405988,90.9090909090909
42,7,1,415.0,65.0,0.5,0.200032799884542,0.799967200115458,90.9090909090909
43,7,1,425.0,65.0,0.5,0.2000331859293342,0.7999668140706658,90.9090909090909
44,7,1,435.0,65.0,0.5,0.20003357535445612,0.7999664246455439,90.9090909090909
45,7,1,445.0,65.0,0.5,0.20003396881663166,0.7999660311833683,90.9090909090909
46,7,1,455.0,65.0,0.5,0.20003436710831543,0.7999656328916845,90.9090909090909
47,7,1,465.0,65.0,0.5,0.20003477005028392,0.7999652299497161,90.9090909090909
48,7,1,475.0,65.0,0.5,0.20003517238369925,0.7999648276163007,90.9090909090909
49,7,1,485.0,65.0,0.5,0.20003555182416308,0.7999644481758369,90.9090909090909
50,7,1,495.0,65.0,0.5,0.200035841374656,0.799964158625344,90.9090909090909
1,8,1,5.0,75.0,0.5,0.602254009904816,0.39774599009518397,90.9090909090909
2,8,1,15.0,75.0,0.5,0.5704811785329521,0.4295188214670479,90.9090909090909
3,8,1,25.0,75.0,0.5,0.5317489652041762,0.46825103479582375,90.9090909090909
4,8,1,35.0,75.0,0.5,0.48510550333591984,0.5148944966640802,90.9090909090909
5,8,1,45.0,75.0,0.5,0.4253075199846227,0.5746924800153773,90.9090909090909
6,8,1,55.0,75.0,0.5,0.34803362902360707,0.651966370976393,90.9090909090909
7,8,1,65.0,75.0,0.5,0.275049650374807,0.724950349625193,90.9090909090909
8,8,1,75.0,75.0,0.5,0.22863529627937818,0.7713647037206218,90.9090909090909
9,8,1,85.0,75.0,0.5,0.20858604912908885,0.7914139508709112,90.9090909090909
10,8,1,95.0,75.0,0.5,0.2017950088296154,0.7982049911703846,90.9090909090909
11,8,1,105.0,75.0,0.5,0.20023804051214722,0.7997619594878528,90.9090909090909
12,8,1,115.0,75.0,0.5,0.2000504450739518,0.7999495549260482,90.9090909090909
13,8,1,125.0,75.0,0.5,0.20002790131126588,0.7999720986887341,90.9090909090909
14,8,1,135.0,75.0,0.5,0.20002406007690934,0.7999759399230907,90.9090909090909
15,8,1,145.0,75.0,0.5,0.20002380708419068,0.7999761929158093,90.9090909090909
16,8,1,155.0,75.0,0.5,0.20002400864019304,0.799975991359807,90.9090909090909
17,8,1,165.0,75.0,0.5,0.20002428467432634,0.7999757153256737,90.9090909090909
18,8,1,175.0,75.0,0.5,0.20002457301466928,0.7999754269853308,90.9090909090909
19,8,1,185.0,75.0,0.5,0.20002486763592614,0.7999751323640738,90.9090909090909
20,8,1,195.0,75.0,0.5,0.2000251675615944,0.7999748324384056,90.9090909090909
21,8,1,205.0,75.0,0.5,0.20002547252311542,0.7999745274768846,90.9090909090909
22,8,1,215.0,75.0,0.5,0.20002578213327138,0.7999742178667286,90.9090909090909
23,8,1,225.0,75.0,0.5,0.2000260961187853,0.7999739038812147,90.9090909090909
24,8,1,235.0,75.0,0.5,0.20002641440458385,0.7999735855954162,90.9090909090909
25,8,1,245.0,75.0,0.5,0.20002673702523616,0.7999732629747638,90.9090909090909
26,8,1,255.0,75.0,0.5,0.2000270640146132,0.7999729359853868,90.9090909090909
27,8,1,265.0,75.0,0.5,0.20002739522027962,0.7999726047797204,90.9090909090909
28,8,1,275.0,75.0,0.5,0.20002773041765057,0.7999722695823495,90.9090909090909
29,8,1,285.0,75.0,0.5,0.20002806947206658,0.7999719305279334,90.9090909090909
30,8,1,295.0,75.0,0.5,0.20002841233302684,0.7999715876669732,90.9090909090909
31,8,1,305.0,75.0,0.5,0.2000287590191968,0.7999712409808032,90.9090909090909
32,8,1,315.0,75.0,0.5,0.2000291095022062,0.7999708904977938,90.9090909090909
33,8,1,325.0,75.0,0.5,0.20002946363594684,0.7999705363640531,90.9090909090909
34,8,1,335.0,75.0,0.5,0.20002982124565316,0.7999701787543468,90.9090909090909
35,8,1,345.0,75.0,0.5,0.20003018219041174,0.7999698178095882,90.9090909090909
36,8,1,355.0,75.0,0.5,0.2000305463734285,0.7999694536265715,90.9090909090909
37,8,1,365.0,75.0,0.5,0.2000309137302817,0.7999690862697183,90.9090909090909
38,8,1,375.0,75.0,0.5,0.20003128413323124,0.7999687158667688,90.9090909090909
39,8,1,385.0,75.0,0.5,0.20003165733829883,0.7999683426617011,90.9090909090909
40,8,1,395.0,75.0,0.5,0.20003203302286665,0.7999679669771333,90.9090909090909
41,8,1,405.0,75.0,0.5,0.20003241080881282,0.7999675891911872,90.9090909090909
42,8,1,415.0,75.0,0.5,0.20003279024873785,0.7999672097512621,90.9090909090909
43,8,1,425.0,75.0,0.5,0.2000331707475903,0.7999668292524097,90.9090909090909
44,8,1,435.0,75.0,0.5,0.20003355133445538,0.7999664486655447,90.9090909090909
45,8,1,445.0,75.0,0.5,0.20003393031513286,0.7999660696848672,90.9090909090909
46,8,1,455.0,75.0,0.5,0.20003430458348773,0.7999656954165123,90.9090909090909
47,8,1,465.0,75.0,0.5,0.20003466796026773,0.7999653320397323,90.9090909090909
48,8,1,475.0,75.0,0.5,0.20003500751427786,0.7999649924857222,90.9090909090909
49,8,1,485.0,75.0,0.5,0.20003529652074475,0.7999647034792552,90.9090909090909
50,8,1,495.0,75.0,0.5,0.20003548457049924,0.7999645154295008,90.9090909090909
1,9,1,5.0,85.0,0.5,0.500806409130508,0.499193590869492,90.9090909090909
2,9,1,15.0,85.0,0.5,0.46464057042993034,0.5353594295700697,90.9090909090909
3,9,1,25.0,85.0,0.5,0.4132020827997642,0.5867979172002358,90.9090909090909
4,9,1,35.0,85.0,0.5,0.34476461824948895,0.655235381750511,90.9090909090909
5,9,1,45.0,85.0,0.5,0.2759346075751034,0.7240653924248965,90.9090909090909
6,9,1,55.0,85.0,0.5,0.22749886147661588,0.7725011385233841,90.9090909090909
7,9,1,65.0,85.0,0.5,0.206685556336397,0.793314443663603,90.9090909090909
8,9,1,75.0,85.0,0.5,0.2010323018128609,0.7989676981871391,90.9090909090909
9,9,1,85.0,85.0,0.5,0.2001065317154558,0.7998934682845442,90.9090909090909
10,9,1,95.0,85.0,0.5,0.200031225976192,0.799968774023808,90.9090909090909
11,9,1,105.0,85.0,0.5,0.20002379147828075,0.7999762085217192,90.9090909090909
12,9,1,115.0,85.0,0.5,0.20002306421129884,0.7999769357887012,90.9090909090909
13,9,1,125.0,85.0,0.5,0.20002319459454684,0.7999768054054531,90.9090909090909
14,9,1,135.0,85.0,0.5,0.20002345024620902,0.799976549753791,90.9090909090909
15,9,1,145.0,85.0,0.5,0.20002372190360687,0.7999762780963932,90.9090909090909
16,9,1,155.0,85.0,0.5,0.2000240006675599,0.7999759993324401,90.9090909090909
17,9,1,165.0,85.0,0.5,0.2000242854844812,0.7999757145155189,90.9090909090909
18,9,1,175.0,85.0,0.5,0.20002457559270112,0.7999754244072989,90.9090909090909
19,9,1,185.0,85.0,0.5,0.20002487043596376,0.7999751295640363,90.9090909090909
20,9,1,195.0,85.0,0.5,0.20002517004313797,0.7999748299568621,90.9090909090909
21,9,1,205.0,85.0,0.5,0.20002547465689366,0.7999745253431063,90.9090909090909
22,9,1,215.0,85.0,0.5,0.20002578416372846,0.7999742158362715,90.9090909090909
23,9,1,225.0,85.0,0.5,0.20002609818405595,0.7999739018159441,90.9090909090909
24,9,1,235.0,85.0,0.5,0.20002641640419738,0.7999735835958026,90.9090909090909
25,9,1,245.0,85.0,0.5,0.20002673882430386,0.7999732611756961,90.9090909090909
26,9,1,255.0,85.0,0.5,0.20002706560092606,0.7999729343990739,90.9090909090909
27,9,1,265.0,85.0,0.5,0.20002739670432923,0.7999726032956708,90.9090909090909
28,9,1,275.0,85.0,0.5,0.20002773189744294,0.7999722681025571,90.9090909090909
29,9,1,285.0,85.0,0.5,0.2000280709169141,0.7999719290830859,90.9090909090909
30,9,1,295.0,85.0,0.5,0.20002841364800358,0.7999715863519964,90.9090909090909
31,9,1,305.0,85.0,0.5,0.2000287601530233,0.7999712398469767,90.9090909090909
32,9,1,315.0,85.0,0.5,0.20002911047782468,0.7999708895221753,90.9090909090909
33,9,1,325.0,85.0,0.5,0.20002946450602252,0.7999705354939775,90.9090909090909
34,9,1,335.0,85.0,0.5,0.20002982200607128,0.7999701779939288,90.9090909090909
35,9,1,345.0,85.0,0.5,0.2000301827484568,0.7999698172515433,90.9090909090909
36,9,1,355.0,85.0,0.5,0.2000305466014113,0.7999694533985887,90.9090909090909
37,9,1,365.0,85.0,0.5,0.20003091350855381,0.7999690864914462,90.9090909090909
38,9,1,375.0,85.0,0.5,0.200031283336641,0.799968716663359,90.9090909090909
39,9,1,385.0,85.0,0.5,0.20003165576168366,0.7999683442383163,90.9090909090909
40,9,1,395.0,85.0,0.5,0.20003203026800306,0.7999679697319969,90.9090909090909
41,9,1,405.0,85.0,0.5,0.200032406185619,0.799967593814381,90.9090909090909
42,9,1,415.0,85.0,0.5,0.20003278267609093,0.7999672173239091,90.9090909090909
43,9,1,425.0,85.0,0.5,0.20003315854287207,0.7999668414571279,90.9090909090909
44,9,1,435.0,85.0,0.5,0.2000335317937336,0.7999664682062664,90.9090909090909
45,9,1,445.0,85.0,0.5,0.20003389905599517,0.7999661009440049,90.9090909090909
46,9,1,455.0,85.0,0.5,0.20003425472234854,0.7999657452776514,90.9090909090909
47,9,1,465.0,85.0,0.5,0.20003458947841704,0.799965410521583,90.9090909090909
48,9,1,475.0,85.0,0.5,0.20003488786645982,0.7999651121335402,90.9090909090909
49,9,1,485.0,85.0,0.5,0.20003512510383623,0.7999648748961637,90.9090909090909
50,9,1,495.0,85.0,0.5,0.20003526576195024,0.7999647342380498,90.9090909090909
1,10,1,5.0,95.0,0.5,0.3069972708324376,0.6930027291675624,90.9090909090909
2,10,1,15.0,95.0,0.5,0.2679431814628189,0.7320568185371811,90.9090909090909
3,10,1,25.0,95.0,0.5,0.2307013736397275,0.7692986263602725,90.9090909090909
4,10,1,35.0,95.0,0.5,0.20788112512465193,0.792118874875348,90.9090909090909
5,10,1,45.0,95.0,0.5,0.20099159878921763,0.7990084012107823,90.9090909090909
6,10,1,55.0,95.0,0.5,0.20008222916778454,0.7999177708322155,90.9090909090909
7,10,1,65.0,95.0,0.5,0.20002477743987976,0.7999752225601202,90.9090909090909
8,10,1,75.0,95.0,0.5,0.20002220723879535,0.7999777927612046,90.9090909090909
9,10,1,85.0,95.0,0.5,0.20002220086722022,0.7999777991327798,90.9090909090909
10,10,1,95.0,95.0,0.5,0.2000224234813149,0.7999775765186851,90.9090909090909
11,10,1,105.0,95.0,0.5,0.2000226684019937,0.7999773315980063,90.9090909090909
12,10,1,115.0,95.0,0.5,0.20002292244781544,0.7999770775521846,90.9090909090909
13,10,1,125.0,95.0,0.5,0.20002318380973172,0.7999768161902683,90.9090909090909
14,10,1,135.0,95.0,0.5,0.2000234511352214,0.7999765488647785,90.9090909090909
15,10,1,145.0,95.0,0.5,0.200023724027904,0.799976275972096,90.9090909090909
16,10,1,155.0,95.0,0.5,0.2000240028545273,0.7999759971454727,90.9090909090909
17,10,1,165.0,95.0,0.5,0.200024287550565,0.799975712449435,90.9090909090909
18,10,1,175.0,95.0,0.5,0.20002457746824912,0.7999754225317509,90.9090909090909
19,10,1,185.0,95.0,0.5,0.20002487211143102,0.799975127888569,90.9090909090909
20,10,1,195.0,95.0,0.5,0.20002517158151992,0.7999748284184801,90.9090909090909
21,10,1,205.0,95.0,0.5,0.2000254761079587,0.7999745238920413,90.9090909090909
22,10,1,215.0,95.0,0.5,0.20002578555237335,0.7999742144476266,90.9090909090909
23,10,1,225.0,95.0,0.5,0.20002609948044245,0.7999739005195575,90.9090909090909
24,10,1,235.0,95.0,0.5,0.20002641758480358,0.7999735824151964,90.9090909090909
25,10,1,245.0,95.0,0.5,0.2000267399122791,0.799973260087721,90.9090909090909
26,10,1,255.0,95.0,0.5,0.20002706662735026,0.7999729333726497,90.9090909090909
27,10,1,265.0,95.0,0.5,0.20002739769494363,0.7999726023050564,90.9090909090909
28,10,1,275.0,95.0,0.5,0.20002773284640119,0.7999722671535988,90.9090909090909
29,10,1,285.0,95.0,0.5,0.2000280717917641,0.7999719282082359,90.9090909090909
30,10,1,295.0,95.0,0.5,0.2000284144362413,0.7999715855637587,90.9090909090909
31,10,1,305.0,95.0,0.5,0.20002876086269772,0.7999712391373023,90.9090909090909
32,10,1,315.0,95.0,0.5,0.20002911112355165,0.7999708888764483,90.9090909090909
33,10,1,325.0,95.0,0.5,0.20002946509472386,0.7999705349052761,90.9090909090909
34,10,1,335.0,95.0,0.5,0.20002982251180684,0.7999701774881931,90.9090909090909
35,10,1,345.0,95.0,0.5,0.20003018312067744,0.7999698168793226,90.9090909090909
36,10,1,355.0,95.0,0.5,0.20003054679088733,0.7999694532091126,90.9090909090909
37,10,1,365.0,95.0,0.5,0.20003091346331545,0.7999690865366845,90.9090909090909
38,10,1,375.0,95.0,0.5,0.20003128298449552,0.7999687170155045,90.9090909090909
39,10,1,385.0,95.0,0.5,0.20003165497631328,0.7999683450236867,90.9090909090909
40,10,1,395.0,95.0,0.5,0.20003202881642143,0.7999679711835785,90.9090909090909
41,10,1,405.0,95.0,0.5,0.20003240367956612,0.7999675963204339,90.9090909090909
42,10,1,415.0,95.0,0.5,0.20003277851136955,0.7999672214886304,90.9090909090909
43,10,1,425.0,95.0,0.5,0.20003315177517048,0.7999668482248296,90.9090909090909
44,10,1,435.0,95.0,0.5,0.20003352092107277,0.7999664790789273,90.9090909090909
45,10,1,445.0,95.0,0.5,0.20003388170661893,0.799966118293381,90.9090909090909
46,10,1,455.0,95.0,0.5,0.200034227331255,0.799965772668745,90.9090909090909
47,10,1,465.0,95.0,0.5,0.20003454720897304,0.7999654527910269,90.9090909090909
48,10,1,475.0,95.0,0.5,0.20003482534291425,0.7999651746570857,90.9090909090909
49,10,1,485.0,95.0,0.5,0.20003503904552672,0.7999649609544732,90.9090909090909
50,10,1,495.0,95.0,0.5,0.20003516053175066,0.7999648394682494,90.9090909090909
1,1,2,5.0,5.0,1.5,0.5089447825544423,0.4910552174455577,133.9712918660287
2,1,2,15.0,5.0,1.5,0.4874159901795277,0.5125840098204724,133.9712918660287
3,1,2,25.0,5.0,1.5,0.4643352347839822,0.5356647652160178,133.9712918660287
4,1,2,35.0,5.0,1.5,0.43230442525105406,0.5676955747489459,133.9712918660287
5,1,2,45.0,5.0,1.5,0.387451228750504,0.612548771249496,133.9712918660287
6,1,2,55.0,5.0,1.5,0.3293549226618637,0.6706450773381363,133.9712918660287
7,1,2,65.0,5.0,1.5,0.26769594927824136,0.7323040507217586,133.9712918660287
8,1,2,75.0,5.0,1.5,0.22418295754551004,0.7758170424544899,133.9712918660287
9,1,2,85.0,5.0,1.5,0.2056434893854693,0.7943565106145307,133.9712918660287
10,1,2,95.0,5.0,1.5,0.20082359826759655,0.7991764017324035,133.9712918660287
11,1,2,105.0,5.0,1.5,0.20010655389836526,0.7998934461016347,133.9712918660287
12,1,2,115.0,5.0,1.5,0.20003310962755722,0.7999668903724428,133.9712918660287
13,1,2,125.0,5.0,1.5,0.2000241215839779,0.7999758784160221,133.9712918660287
14,1,2,135.0,5.0,1.5,0.20002338431364478,0.7999766156863553,133.9712918660287
15,1,2,145.0,5.0,1.5,0.20002351811507305,0.799976481884927,133.9712918660287
16,1,2,155.0,5.0,1.5,0.20002378021881545,0.7999762197811846,133.9712918660287
17,1,2,165.0,5.0,1.5,0.2000240615529246,0.7999759384470754,133.9712918660287
18,1,2,175.0,5.0,1.5,0.2000243508704511,0.7999756491295489,133.9712918660287
19,1,2,185.0,5.0,1.5,0.20002464606053014,0.7999753539394698,133.9712918660287
20,1,2,195.0,5.0,1.5,0.20002494613195596,0.799975053868044,133.9712918660287
21,1,2,205.0,5.0,1.5,0.20002525047490707,0.799974749525093,133.9712918660287
22,1,2,215.0,5.0,1.5,0.20002555924754983,0.7999744407524502,133.9712918660287
23,1,2,225.0,5.0,1.5,0.20002587279855902,0.799974127201441,133.9712918660287
24,1,2,235.0,5.0,1.5,0.20002619111582154,0.7999738088841785,133.9712918660287
25,1,2,245.0,5.0,1.5,0.20002651378611094,0.7999734862138891,133.9712918660287
26,1,2,255.0,5.0,1.5,0.20002684040057092,0.799973159599429,133.9712918660287
27,1,2,265.0,5.0,1.5,0.20002717096700812,0.7999728290329919,133.9712918660287
28,1,2,275.0,5.0,1.5,0.2000275057218742,0.7999724942781258,133.9712918660287
29,1,2,285.0,5.0,1.5,0.20002784475720958,0.7999721552427904,133.9712918660287
30,1,2,295.0,5.0,1.5,0.20002818789679772,0.7999718121032022,133.9712918660287
31,1,2,305.0,5.0,1.5,0.20002853481909066,0.7999714651809093,133.9712918660287
32,1,2,315.0,5.0,1.5,0.2000288853561751,0.7999711146438249,133.9712918660287
33,1,2,325.0,5.0,1.5,0.20002923961342775,0.7999707603865722,133.9712918660287
34,1,2,335.0,5.0,1.5,0.20002959776996482,0.7999704022300351,133.9712918660287
35,1,2,345.0,5.0,1.5,0.20002995988209413,0.7999700401179058,133.9712918660287
36,1,2,355.0,5.0,1.5,0.2000303258463076,0.7999696741536924,133.9712918660287
37,1,2,365.0,5.0,1.5,0.2000306954983032,0.7999693045016968,133.9712918660287
38,1,2,375.0,5.0,1.5,0.20003106880279142,0.7999689311972086,133.9712918660287
39,1,2,385.0,5.0,1.5,0.200031445912248,0.799968554087752,133.9712918660287
40,1,2,395.0,5.0,1.5,0.2000318270242479,0.7999681729757521,133.9712918660287
41,1,2,405.0,5.0,1.5,0.20003221221512651,0.7999677877848734,133.9712918660287
42,1,2,415.0,5.0,1.5,0.20003260131783152,0.7999673986821685,133.9712918660287
43,1,2,425.0,5.0,1.5,0.20003299380297856,0.7999670061970214,133.9712918660287
44,1,2,435.0,5.0,1.5,0.2000333885853585,0.7999666114146415,133.9712918660287
45,1,2,445.0,5.0,1.5,0.20003378352860265,0.7999662164713973,133.9712918660287
46,1,2,455.0,5.0,1.5,0.20003417428701323,0.7999658257129868,133.9712918660287
47,1,2,465.0,5.0,1.5,0.20003455208098078,0.7999654479190192,133.9712918660287
48,1,2,475.0,5.0,1.5,0.2000349000652674,0.7999650999347326,133.9712918660287
49,1,2,485.0,5.0,1.5,0.20003518805808349,0.7999648119419165,133.9712918660287
50,1,2,495.0,5.0,1.5,0.20003536800970462,0.7999646319902953,133.9712918660287
1,2,2,5.0,15.0,1.5,0.622656442942995,0.37734355705700495,133.9712918660287
2,2,2,15.0,15.0,1.5,0.5956083815656001,0.40439161843439986,133.9712918660287
3,2,2,25.0,15.0,1.5,0.5650119489847112,0.4349880510152888,133.9712918660287
4,2,2,35.0,15.0,1.5,0.5340242824966641,0.4659757175033359,133.9712918660287
5,2,2,45.0,15.0,1.5,0.5069144033485272,0.4930855966514728,133.9712918660287
6,2,2,55.0,15.0,1.5,0.4814665112095683,0.5185334887904317,133.9712918660287
7,2,2,65.0,15.0,1.5,0.44809799875686873,0.5519020012431313,133.9712918660287
8,2,2,75.0,15.0,1.5,0.4034526918451076,0.5965473081548924,133.9712918660287
9,2,2,85.0,15.0,1.5,0.3457234042206438,0.6542765957793562,133.9712918660287
10,2,2,95.0,15.0,1.5,0.28421192967087694,0.7157880703291231,133.9712918660287
11,2,2,105.0,15.0,1.5,0.23788668907690474,0.7621133109230953,133.9712918660287
12,2,2,115.0,15.0,1.5,0.2138228822910285,0.7861771177089715,133.9712918660287
13,2,2,125.0,15.0,1.5,0.20384727372622308,0.7961527262737769,133.9712918660287
14,2,2,135.0,15.0,1.5,0.20069870825864944,0.7993012917413506,133.9712918660287
15,2,2,145.0,15.0,1.5,0.20011879501458518,0.7998812049854148,133.9712918660287
16,2,2,155.0,15.0,1.5,0.20004124300607504,0.7999587569939249,133.9712918660287
17,2,2,165.0,15.0,1.5,0.20002684693168493,0.7999731530683151,133.9712918660287
18,2,2,175.0,15.0,1.5,0.2000247931904514,0.7999752068095486,133.9712918660287
19,2,2,185.0,15.0,1.5,0.2000247137320579,0.7999752862679421,133.9712918660287
20,2,2,195.0,15.0,1.5,0.20002495717220084,0.7999750428277992,133.9712918660287
21,2,2,205.0,15.0,1.5,0.20002525191634066,0.7999747480836593,133.9712918660287
22,2,2,215.0,15.0,1.5,0.20002555861542648,0.7999744413845735,133.9712918660287
23,2,2,225.0,15.0,1.5,0.20002587186601647,0.7999741281339835,133.9712918660287
24,2,2,235.0,15.0,1.5,0.20002619014214199,0.799973809857858,133.9712918660287
25,2,2,245.0,15.0,1.5,0.20002651280652461,0.7999734871934754,133.9712918660287
26,2,2,255.0,15.0,1.5,0.20002683945489455,0.7999731605451055,133.9712918660287
27,2,2,265.0,15.0,1.5,0.20002717010714097,0.799972829892859,133.9712918660287
28,2,2,275.0,15.0,1.5,0.20002750495388605,0.799972495046114,133.9712918660287
29,2,2,285.0,15.0,1.5,0.2000278440211086,0.7999721559788914,133.9712918660287
30,2,2,295.0,15.0,1.5,0.20002818714213746,0.7999718128578626,133.9712918660287
31,2,2,305.0,15.0,1.5,0.2000285340452741,0.7999714659547259,133.9712918660287
32,2,2,315.0,15.0,1.5,0.20002888459503082,0.7999711154049691,133.9712918660287
33,2,2,325.0,15.0,1.5,0.2000292388923738,0.7999707611076262,133.9712918660287
34,2,2,335.0,15.0,1.5,0.20002959706820317,0.7999704029317969,133.9712918660287
35,2,2,345.0,15.0,1.5,0.2000299591389399,0.7999700408610602,133.9712918660287
36,2,2,355.0,15.0,1.5,0.20003032501345727,0.7999696749865427,133.9712918660287
37,2,2,365.0,15.0,1.5,0.2000306945642261,0.7999693054357739,133.9712918660287
38,2,2,375.0,15.0,1.5,0.20003106778520788,0.7999689322147921,133.9712918660287
39,2,2,385.0,15.0,1.5,0.20003144484052374,0.7999685551594763,133.9712918660287
40,2,2,395.0,15.0,1.5,0.20003182593172505,0.7999681740682749,133.9712918660287
41,2,2,405.0,15.0,1.5,0.20003221118360584,0.7999677888163942,133.9712918660287
42,2,2,415.0,15.0,1.5,0.20003260059190933,0.7999673994080907,133.9712918660287
43,2,2,425.0,15.0,1.5,0.2000329939671372,0.7999670060328627,133.9712918660287
44,2,2,435.0,15.0,1.5,0.20003339084690794,0.799966609153092,133.9712918660287
45,2,2,445.0,15.0,1.5,0.20003379019042347,0.7999662098095766,133.9712918660287
46,2,2,455.0,15.0,1.5,0.20003418946586993,0.7999658105341301,133.9712918660287
47,2,2,465.0,15.0,1.5,0.20003458263945587,0.7999654173605442,133.9712918660287
48,2,2,475.0,15.0,1.5,0.20003495612179759,0.7999650438782024,133.9712918660287
49,2,2,485.0,15.0,1.5,0.20003528087399658,0.7999647191260034,133.9712918660287
50,2,2,495.0,15.0,1.5,0.20003549987035008,0.7999645001296499,133.9712918660287
1,3,2,5.0,25.0,1.5,0.6920202471920532,0.30797975280794676,133.9712918660287
2,3,2,15.0,25.0,1.5,0.6616099010868716,0.33839009891312843,133.9712918660287
3,3,2,25.0,25.0,1.5,0.6278546546943384,0.37214534530566157,133.9712918660287
4,3,2,35.0,25.0,1.5,0.5932455574005567,0.40675444259944327,133.9712918660287
5,3,2,45.0,25.0,1.5,0.5591689704077423,0.44083102959225773,133.9712918660287
6,3,2,55.0,25.0,1.5,0.5279268828291874,0.4720731171708126,133.9712918660287
7,3,2,65.0,25.0,1.5,0.5034527951029687,0.4965472048970313,133.9712918660287
8,3,2,75.0,25.0,1.5,0.47726464670225177,0.5227353532977482,133.9712918660287
9,3,2,85.0,25.0,1.5,0.44392600344039035,0.5560739965596097,133.9712918660287
10,3,2,95.0,25.0,1.5,0.400229201790948,0.599770798209052,133.9712918660287
11,3,2,105.0,25.0,1.5,0.34539209147606387,0.6546079085239361,133.9712918660287
12,3,2,115.0,25.0,1.5,0.2875472410019972,0.7124527589980028,133.9712918660287
13,3,2,125.0,25.0,1.5,0.2430967754876854,0.7569032245123146,133.9712918660287
14,3,2,135.0,25.0,1.5,0.21818326296923687,0.7818167370307632,133.9712918660287
15,3,2,145.0,25.0,1.5,0.2062555643675581,0.7937444356324419,133.9712918660287
16,3,2,155.0,25.0,1.5,0.20150406990418648,0.7984959300958135,133.9712918660287
17,3,2,165.0,25.0,1.5,0.2002822467745503,0.7997177532254497,133.9712918660287
18,3,2,175.0,25.0,1.5,0.20007514862109455,0.7999248513789055,133.9712918660287
19,3,2,185.0,25.0,1.5,0.20003506221209885,0.7999649377879011,133.9712918660287
20,3,2,195.0,25.0,1.5,0.20002660437831493,0.799973395621685,133.9712918660287
21,3,2,205.0,25.0,1.5,0.2000255606604817,0.7999744393395183,133.9712918660287
22,3,2,215.0,25.0,1.5,0.200025612434262,0.799974387565738,133.9712918660287
23,3,2,225.0,25.0,1.5,0.20002588242108424,0.7999741175789158,133.9712918660287
24,3,2,235.0,25.0,1.5,0.20002619150311424,0.7999738084968857,133.9712918660287
25,3,2,245.0,25.0,1.5,0.20002651179143663,0.7999734882085634,133.9712918660287
26,3,2,255.0,25.0,1.5,0.2000268380242311,0.7999731619757688,133.9712918660287
27,3,2,265.0,25.0,1.5,0.20002716883460941,0.7999728311653906,133.9712918660287
28,3,2,275.0,25.0,1.5,0.20002750390825771,0.7999724960917423,133.9712918660287
29,3,2,285.0,25.0,1.5,0.2000278430140858,0.7999721569859142,133.9712918660287
30,3,2,295.0,25.0,1.5,0.20002818601083638,0.7999718139891636,133.9712918660287
31,3,2,305.0,25.0,1.5,0.2000285328003409,0.7999714671996591,133.9712918660287
32,3,2,315.0,25.0,1.5,0.20002888336480862,0.7999711166351914,133.9712918660287
33,3,2,325.0,25.0,1.5,0.20002923776082387,0.7999707622391761,133.9712918660287
34,3,2,335.0,25.0,1.5,0.20002959598229367,0.7999704040177064,133.9712918660287
35,3,2,345.0,25.0,1.5,0.20002995795626474,0.7999700420437352,133.9712918660287
36,3,2,355.0,25.0,1.5,0.20003032362003004,0.79996967637997,133.9712918660287
37,3,2,365.0,25.0,1.5,0.20003069293664522,0.7999693070633548,133.9712918660287
38,3,2,375.0,25.0,1.5,0.2000310659660353,0.7999689340339647,133.9712918660287
39,3,2,385.0,25.0,1.5,0.2000314428704467,0.7999685571295533,133.9712918660287
40,3,2,395.0,25.0,1.5,0.20003182383173682,0.7999681761682632,133.9712918660287
41,3,2,405.0,25.0,1.5,0.20003220903740282,0.7999677909625972,133.9712918660287
42,3,2,415.0,25.0,1.5,0.20003259873535537,0.7999674012646446,133.9712918660287
43,3,2,425.0,25.0,1.5,0.20003299329258467,0.7999670067074154,133.9712918660287
44,3,2,435.0,25.0,1.5,0.2000333932874365,0.7999666067125635,133.9712918660287
45,3,2,445.0,25.0,1.5,0.20003379955226436,0.7999662004477357,133.9712918660287
46,3,2,455.0,25.0,1.5,0.20003421289235146,0.7999657871076485,133.9712918660287
47,3,2,465.0,25.0,1.5,0.20003463283967407,0.799965367160326,133.9712918660287
48,3,2,475.0,25.0,1.5,0.20003505356324544,0.7999649464367545,133.9712918660287
49,3,2,485.0,25.0,1.5,0.2000354523294709,0.799964547670529,133.9712918660287
50,3,2,495.0,25.0,1.5,0.20003576315078717,0.7999642368492128,133.9712918660287
1,4,2,5.0,35.0,1.5,0.7424505638816464,0.25754943611835357,133.9712918660287
2,4,2,15.0,35.0,1.5,0.7098925344767822,0.29010746552321776,133.9712918660287
3,4,2,25.0,35.0,1.5,0.6733013284859829,0.3266986715140171,133.9712918660287
4,4,2,35.0,35.0,1.5,0.6361565685925534,0.36384343140744657,133.9712918660287
5,4,2,45.0,35.0,1.5,0.599954752752005,0.40004524724799495,133.9712918660287
6,4,2,55.0,35.0,1.5,0.5652592690322508,0.43474073096774923,133.9712918660287
7,4,2,65.0,35.0,1.5,0.5335448406623006,0.46645515933769943,133.9712918660287
8,4,2,75.0,35.0,1.5,0.508600734795136,0.491399265204864,133.9712918660287
9,4,2,85.0,35.0,1.5,0.48506325950794255,0.5149367404920575,133.9712918660287
10,4,2,95.0,35.0,1.5,0.4558316095407478,0.5441683904592522,133.9712918660287
11,4,2,105.0,35.0,1.5,0.41798726968510863,0.5820127303148914,133.9712918660287
12,4,2,115.0,35.0,1.5,0.3696308952284619,0.6303691047715381,133.9712918660287
13,4,2,125.0,35.0,1.5,0.31436867971440324,0.6856313202855968,133.9712918660287
14,4,2,135.0,35.0,1.5,0.26429929322240076,0.7357007067775992,133.9712918660287
15,4,2,145.0,35.0,1.5,0.2309086835630021,0.7690913164369979,133.9712918660287
16,4,2,155.0,35.0,1.5,0.2129115257932956,0.7870884742067044,133.9712918660287
17,4,2,165.0,35.0,1.5,0.20425089408861136,0.7957491059113886,133.9712918660287
18,4,2,175.0,35.0,1.5,0.20101301155138845,0.7989869884486116,133.9712918660287
19,4,2,185.0,35.0,1.5,0.2002214975356166,0.7997785024643834,133.9712918660287
20,4,2,195.0,35.0,1.5,0.20006917124304802,0.799930828756952,133.9712918660287
21,4,2,205.0,35.0,1.5,0.20003423975909737,0.7999657602409026,133.9712918660287
22,4,2,215.0,35.0,1.5,0.20002700521417202,0.799972994785828,133.9712918660287
23,4,2,225.0,35.0,1.5,0.20002616938076553,0.7999738306192344,133.9712918660287
24,4,2,235.0,35.0,1.5,0.20002624760285997,0.79997375239714,133.9712918660287
25,4,2,245.0,35.0,1.5,0.2000265241321419,0.799973475867858,133.9712918660287
26,4,2,255.0,35.0,1.5,0.2000268401686534,0.7999731598313466,133.9712918660287
27,4,2,265.0,35.0,1.5,0.20002716836422216,0.7999728316357778,133.9712918660287
28,4,2,275.0,35.0,1.5,0.2000275028191514,0.7999724971808486,133.9712918660287
29,4,2,285.0,35.0,1.5,0.200027841866095,0.799972158133905,133.9712918660287
30,4,2,295.0,35.0,1.5,0.20002818500430367,0.7999718149956964,133.9712918660287
31,4,2,305.0,35.0,1.5,0.20002853188882475,0.7999714681111753,133.9712918660287
32,4,2,315.0,35.0,1.5,0.20002888240845565,0.7999711175915444,133.9712918660287
33,4,2,325.0,35.0,1.5,0.2000292366390329,0.7999707633609671,133.9712918660287
34,4,2,335.0,35.0,1.5,0.2000295946754505,0.7999704053245495,133.9712918660287
35,4,2,345.0,35.0,1.5,0.2000299565283059,0.7999700434716941,133.9712918660287
36,4,2,355.0,35.0,1.5,0.20003032208172644,0.7999696779182736,133.9712918660287
37,4,2,365.0,35.0,1.5,0.2000306911925286,0.7999693088074714,133.9712918660287
38,4,2,375.0,35.0,1.5,0.20003106386932404,0.799968936130676,133.9712918660287
39,4,2,385.0,35.0,1.5,0.20003144029018574,0.7999685597098143,133.9712918660287
40,4,2,395.0,35.0,1.5,0.20003182072963444,0.7999681792703656,133.9712918660287
41,4,2,405.0,35.0,1.5,0.20003220551789969,0.7999677944821003,133.9712918660287
42,4,2,415.0,35.0,1.5,0.20003259509224197,0.7999674049077581,133.9712918660287
43,4,2,425.0,35.0,1.5,0.2000329902225505,0.7999670097774495,133.9712918660287
44,4,2,435.0,35.0,1.5,0.20003339243453722,0.7999666075654628,133.9712918660287
45,4,2,445.0,35.0,1.5,0.20003380457912692,0.7999661954208731,133.9712918660287
46,4,2,455.0,35.0,1.5,0.20003423158160888,0.7999657684183912,133.9712918660287
47,4,2,465.0,35.0,1.5,0.20003468114824163,0.7999653188517584,133.9712918660287
48,4,2,475.0,35.0,1.5,0.2000351620199593,0.7999648379800407,133.9712918660287
49,4,2,485.0,35.0,1.5,0.2000356688604355,0.7999643311395646,133.9712918660287
50,4,2,495.0,35.0,1.5,0.20003613598568287,0.7999638640143172,133.9712918660287
1,5,2,5.0,45.0,1.5,0.7805887074383305,0.21941129256166947,133.9712918660287
2,5,2,15.0,45.0,1.5,0.7506393397671055,0.2493606602328945,133.9712918660287
3,5,2,25.0,45.0,1.5,0.712650979619952,0.28734902038004795,133.9712918660287
4,5,2,35.0,45.0,1.5,0.6735731380402363,0.32642686195976367,133.9712918660287
5,5,2,45.0,45.0,1.5,0.6363404066254259,0.3636595933745741,133.9712918660287
6,5,2,55.0,45.0,1.5,0.6013528211821096,0.39864717881789036,133.9712918660287
7,5,2,65.0,45.0,1.5,0.5685911935618567,0.4314088064381433,133.9712918660287
8,5,2,75.0,45.0,1.5,0.5392049937978675,0.46079500620213254,133.9712918660287
9,5,2,85.0,45.0,1.5,0.5159715219638886,0.4840284780361114,133.9712918660287
10,5,2,95.0,45.0,1.5,0.4946200465080188,0.5053799534919812,133.9712918660287
11,5,2,105.0,45.0,1.5,0.4693274802294448,0.5306725197705552,133.9712918660287
12,5,2,115.0,45.0,1.5,0.4375148518485316,0.5624851481514683,133.9712918660287
13,5,2,125.0,45.0,1.5,0.396855590309488,0.603144409690512,133.9712918660287
14,5,2,135.0,45.0,1.5,0.3474427174885435,0.6525572825114565,133.9712918660287
15,5,2,145.0,45.0,1.5,0.29492502871374,0.7050749712862601,133.9712918660287
16,5,2,155.0,45.0,1.5,0.2515527945026299,0.7484472054973701,133.9712918660287
17,5,2,165.0,45.0,1.5,0.22436943558645062,0.7756305644135494,133.9712918660287
18,5,2,175.0,45.0,1.5,0.20994847462780075,0.7900515253721992,133.9712918660287
19,5,2,185.0,45.0,1.5,0.20318546336422735,0.7968145366357726,133.9712918660287
20,5,2,195.0,45.0,1.5,0.20076761779577645,0.7992323822042235,133.9712918660287
21,5,2,205.0,45.0,1.5,0.200180910477548,0.799819089522452,133.9712918660287
22,5,2,215.0,45.0,1.5,0.20006055370513892,0.799939446294861,133.9712918660287
23,5,2,225.0,45.0,1.5,0.20003271184842575,0.7999672881515743,133.9712918660287
24,5,2,235.0,45.0,1.5,0.20002731417654845,0.7999726858234515,133.9712918660287
25,5,2,245.0,45.0,1.5,0.20002675552898536,0.7999732444710146,133.9712918660287
26,5,2,255.0,45.0,1.5,0.20002688746363279,0.7999731125363672,133.9712918660287
27,5,2,265.0,45.0,1.5,0.20002717939980552,0.7999728206001945,133.9712918660287
28,5,2,275.0,45.0,1.5,0.2000275049887192,0.7999724950112808,133.9712918660287
29,5,2,285.0,45.0,1.5,0.20002784176203336,0.7999721582379666,133.9712918660287
30,5,2,295.0,45.0,1.5,0.20002818442935222,0.7999718155706478,133.9712918660287
31,5,2,305.0,45.0,1.5,0.20002853133121887,0.7999714686687811,133.9712918660287
32,5,2,315.0,45.0,1.5,0.20002888193614884,0.7999711180638511,133.9712918660287
33,5,2,325.0,45.0,1.5,0.20002923607210968,0.7999707639278903,133.9712918660287
34,5,2,335.0,45.0,1.5,0.20002959384556362,0.7999704061544364,133.9712918660287
35,5,2,345.0,45.0,1.5,0.20002995538543006,0.7999700446145699,133.9712918660287
36,5,2,355.0,45.0,1.5,0.2000303206505276,0.7999696793494724,133.9712918660287
37,5,2,365.0,45.0,1.5,0.20003068947598415,0.7999693105240159,133.9712918660287
38,5,2,375.0,45.0,1.5,0.20003106173585358,0.7999689382641464,133.9712918660287
39,5,2,385.0,45.0,1.5,0.20003143749089486,0.7999685625091051,133.9712918660287
40,5,2,395.0,45.0,1.5,0.2000318170221234,0.7999681829778766,133.9712918660287
41,5,2,405.0,45.0,1.5,0.2000322007282909,0.7999677992717091,133.9712918660287
42,5,2,415.0,45.0,1.5,0.20003258913153102,0.799967410868469,133.9712918660287
43,5,2,425.0,45.0,1.5,0.20003298314054957,0.7999670168594504,133.9712918660287
44,5,2,435.0,45.0,1.5,0.20003338459045686,0.7999666154095432,133.9712918660287
45,5,2,445.0,45.0,1.5,0.20003379717866215,0.7999662028213379,133.9712918660287
46,5,2,455.0,45.0,1.5,0.20003422813775967,0.7999657718622404,133.9712918660287
47,5,2,465.0,45.0,1.5,0.20003469131258803,0.799965308687412,133.9712918660287
48,5,2,475.0,45.0,1.5,0.20003521024306584,0.7999647897569342,133.9712918660287
49,5,2,485.0,45.0,1.5,0.20003578765702906,0.7999642123429709,133.9712918660287
50,5,2,495.0,45.0,1.5,0.2000361550453077,0.7999638449546923,133.9712918660287
1,6,2,5.0,55.0,1.5,0.7445996520003405,0.2554003479996595,133.9712918660287
2,6,2,15.0,55.0,1.5,0.7134701749665776,0.2865298250334224,133.9712918660287
3,6,2,25.0,55.0,1.5,0.6783304921754735,0.3216695078245265,133.9712918660287
4,6,2,35.0,55.0,1.5,0.642427776574268,0.357572223425732,133.9712918660287
5,6,2,45.0,55.0,1.5,0.607221951625269,0.39277804837473096,133.9712918660287
6,6,2,55.0,55.0,1.5,0.573173500546691,0.42682649945330897,133.9712918660287
7,6,2,65.0,55.0,1.5,0.5413259565462042,0.4586740434537958,133.9712918660287
8,6,2,75.0,55.0,1.5,0.5152478942886867,0.48475210571131333,133.9712918660287
9,6,2,85.0,55.0,1.5,0.4936574018259091,0.5063425981740909,133.9712918660287
10,6,2,95.0,55.0,1.5,0.4671732669932757,0.5328267330067242,133.9712918660287
11,6,2,105.0,55.0,1.5,0.4333087605622408,0.5666912394377592,133.9712918660287
12,6,2,115.0,55.0,1.5,0.3895594143708425,0.6104405856291575,133.9712918660287
13,6,2,125.0,55.0,1.5,0.3370660638305721,0.662933936169428,133.9712918660287
14,6,2,135.0,55.0,1.5,0.28419882910402716,0.7158011708959728,133.9712918660287
15,6,2,145.0,55.0,1.5,0.24385602059762967,0.7561439794023703,133.9712918660287
16,6,2,155.0,55.0,1.5,0.21993100968321566,0.7800689903167843,133.9712918660287
17,6,2,165.0,55.0,1.5,0.20753872075763813,0.7924612792423619,133.9712918660287
18,6,2,175.0,55.0,1.5,0.20213413301227404,0.797865866987726,133.9712918660287
19,6,2,185.0,55.0,1.5,0.20047707583436178,0.7995229241656382,133.9712918660287
20,6,2,195.0,55.0,1.5,0.20012308255831737,0.7998769174416827,133.9712918660287
21,6,2,205.0,55.0,1.5,0.20004730677401372,0.7999526932259863,133.9712918660287
22,6,2,215.0,55.0,1.5,0.20002949523188834,0.7999705047681116,133.9712918660287
23,6,2,225.0,55.0,1.5,0.20002657767730853,0.7999734223226915,133.9712918660287
24,6,2,235.0,55.0,1.5,0.200026334427383,0.7999736655726171,133.9712918660287
25,6,2,245.0,55.0,1.5,0.20002654197761782,0.7999734580223822,133.9712918660287
26,6,2,255.0,55.0,1.5,0.20002684474430404,0.7999731552556959,133.9712918660287
27,6,2,265.0,55.0,1.5,0.2000271694783034,0.7999728305216967,133.9712918660287
28,6,2,275.0,55.0,1.5,0.20002750297109648,0.7999724970289035,133.9712918660287
29,6,2,285.0,55.0,1.5,0.20002784173807742,0.7999721582619226,133.9712918660287
30,6,2,295.0,55.0,1.5,0.20002818475962217,0.7999718152403779,133.9712918660287
31,6,2,305.0,55.0,1.5,0.2000285315813381,0.7999714684186618,133.9712918660287
32,6,2,315.0,55.0,1.5,0.20002888196067062,0.7999711180393294,133.9712918660287
33,6,2,325.0,55.0,1.5,0.20002923591734437,0.7999707640826557,133.9712918660287
34,6,2,335.0,55.0,1.5,0.20002959356561154,0.7999704064343884,133.9712918660287
35,6,2,345.0,55.0,1.5,0.20002995492412093,0.7999700450758791,133.9712918660287
36,6,2,355.0,55.0,1.5,0.20003031985540914,0.7999696801445908,133.9712918660287
37,6,2,365.0,55.0,1.5,0.20003068815140188,0.7999693118485981,133.9712918660287
38,6,2,375.0,55.0,1.5,0.2000310597041388,0.7999689402958612,133.9712918660287
39,6,2,385.0,55.0,1.5,0.20003143458029965,0.7999685654197004,133.9712918660287
40,6,2,395.0,55.0,1.5,0.20003181295513803,0.799968187044862,133.9712918660287
41,6,2,405.0,55.0,1.5,0.20003219503836894,0.799967804961631,133.9712918660287
42,6,2,415.0,55.0,1.5,0.200032581124251,0.799967418875749,133.9712918660287
43,6,2,425.0,55.0,1.5,0.200032971828431,0.799967028171569,133.9712918660287
44,6,2,435.0,55.0,1.5,0.20003336849801226,0.7999666315019878,133.9712918660287
45,6,2,445.0,55.0,1.5,0.2000337737846441,0.799966226215356,133.9712918660287
46,6,2,455.0,55.0,1.5,0.20003419236211847,0.7999658076378815,133.9712918660287
47,6,2,465.0,55.0,1.5,0.20003463144083294,0.799965368559167,133.9712918660287
48,6,2,475.0,55.0,1.5,0.20003509845844067,0.7999649015415593,133.9712918660287
49,6,2,485.0,55.0,1.5,0.20003558570919094,0.7999644142908091,133.9712918660287
50,6,2,495.0,55.0,1.5,0.20003602712588253,0.7999639728741175,133.9712918660287
1,7,2,5.0,65.0,1.5,0.6986267531760676,0.3013732468239324,133.9712918660287
2,7,2,15.0,65.0,1.5,0.6698233710899909,0.3301766289100091,133.9712918660287
3,7,2,25.0,65.0,1.5,0.6375194798084758,0.3624805201915242,133.9712918660287
4,7,2,35.0,65.0,1.5,0.6040336571401913,0.3959663428598087,133.9712918660287
5,7,2,45.0,65.0,1.5,0.5705722739363601,0.4294277260636399,133.9712918660287
6,7,2,55.0,65.0,1.5,0.5387505948786563,0.4612494051213437,133.9712918660287
7,7,2,65.0,65.0,1.5,0.5125461803876622,0.4874538196123378,133.9712918660287
8,7,2,75.0,65.0,1.5,0.4897207857940627,0.5102792142059374,133.9712918660287
9,7,2,85.0,65.0,1.5,0.4609576868807468,0.5390423131192532,133.9712918660287
10,7,2,95.0,65.0,1.5,0.4238140521496722,0.5761859478503277,133.9712918660287
11,7,2,105.0,65.0,1.5,0.37595260119408946,0.6240473988059105,133.9712918660287
12,7,2,115.0,65.0,1.5,0.3200290326413662,0.6799709673586338,133.9712918660287
13,7,2,125.0,65.0,1.5,0.26793968965338005,0.7320603103466199,133.9712918660287
14,7,2,135.0,65.0,1.5,0.2325400640820186,0.7674599359179815,133.9712918660287
15,7,2,145.0,65.0,1.5,0.2134602614832073,0.7865397385167927,133.9712918660287
16,7,2,155.0,65.0,1.5,0.20437080919961276,0.7956291908003872,133.9712918660287
17,7,2,165.0,65.0,1.5,0.20100936087001223,0.7989906391299878,133.9712918660287
18,7,2,175.0,65.0,1.5,0.20021149168152735,0.7997885083184726,133.9712918660287
19,7,2,185.0,65.0,1.5,0.20006561474818907,0.7999343852518109,133.9712918660287
20,7,2,195.0,65.0,1.5,0.20003309906549785,0.7999669009345022,133.9712918660287
21,7,2,205.0,65.0,1.5,0.20002653560889605,0.799973464391104,133.9712918660287
22,7,2,215.0,65.0,1.5,0.20002581859189167,0.7999741814081083,133.9712918660287
23,7,2,225.0,65.0,1.5,0.2000259216224996,0.7999740783775005,133.9712918660287
24,7,2,235.0,65.0,1.5,0.20002620087293013,0.7999737991270699,133.9712918660287
25,7,2,245.0,65.0,1.5,0.2000265143129561,0.799973485687044,133.9712918660287
26,7,2,255.0,65.0,1.5,0.20002683874084426,0.7999731612591557,133.9712918660287
27,7,2,265.0,65.0,1.5,0.2000271691183493,0.7999728308816507,133.9712918660287
28,7,2,275.0,65.0,1.5,0.2000275040158821,0.7999724959841179,133.9712918660287
29,7,2,285.0,65.0,1.5,0.200027843000821,0.799972156999179,133.9712918660287
30,7,2,295.0,65.0,1.5,0.20002818578823725,0.7999718142117628,133.9712918660287
31,7,2,305.0,65.0,1.5,0.2000285322873701,0.79997146771263,133.9712918660287
32,7,2,315.0,65.0,1.5,0.20002888250576156,0.7999711174942384,133.9712918660287
33,7,2,325.0,65.0,1.5,0.20002923643871004,0.7999707635612899,133.9712918660287
34,7,2,335.0,65.0,1.5,0.2000295940256795,0.7999704059743205,133.9712918660287
35,7,2,345.0,65.0,1.5,0.20002995511330482,0.7999700448866952,133.9712918660287
36,7,2,355.0,65.0,1.5,0.20003031952903624,0.7999696804709637,133.9712918660287
37,7,2,365.0,65.0,1.5,0.20003068718264258,0.7999693128173574,133.9712918660287
38,7,2,375.0,65.0,1.5,0.20003105802612553,0.7999689419738745,133.9712918660287
39,7,2,385.0,65.0,1.5,0.20003143200464624,0.7999685679953538,133.9712918660287
40,7,2,395.0,65.0,1.5,0.20003180903753331,0.7999681909624667,133.9712918660287
41,7,2,405.0,65.0,1.5,0.20003218901258973,0.7999678109874102,133.9712918660287
42,7,2,415.0,65.0,1.5,0.20003257186180876,0.7999674281381912,133.9712918660287
43,7,2,425.0,65.0,1.5,0.2000329576756794,0.7999670423243206,133.9712918660287
44,7,2,435.0,65.0,1.5,0.20003334674894288,0.7999666532510571,133.9712918660287
45,7,2,445.0,65.0,1.5,0.2000337396016984,0.7999662603983015,133.9712918660287
46,7,2,455.0,65.0,1.5,0.20003413675761872,0.7999658632423813,133.9712918660287
47,7,2,465.0,65.0,1.5,0.20003453754921713,0.7999654624507828,133.9712918660287
48,7,2,475.0,65.0,1.5,0.20003493605478154,0.7999650639452185,133.9712918660287
49,7,2,485.0,65.0,1.5,0.20003531018559936,0.7999646898144006,133.9712918660287
50,7,2,495.0,65.0,1.5,0.2000355984137304,0.7999644015862696,133.9712918660287
1,8,2,5.0,75.0,1.5,0.640013493448952,0.359986506551048,133.9712918660287
2,8,2,15.0,75.0,1.5,0.6143887167113646,0.38561128328863536,133.9712918660287
3,8,2,25.0,75.0,1.5,0.5848705411609794,0.41512945883902064,133.9712918660287
4,8,2,35.0,75.0,1.5,0.5539821766577897,0.4460178233422103,133.9712918660287
5,8,2,45.0,75.0,1.5,0.5247560396058448,0.4752439603941552,133.9712918660287
6,8,2,55.0,75.0,1.5,0.5011238081680934,0.49887619183190657,133.9712918660287
7,8,2,65.0,75.0,1.5,0.4746006973715691,0.5253993026284309,133.9712918660287
8,8,2,75.0,75.0,1.5,0.4405866440809617,0.5594133559190383,133.9712918660287
9,8,2,85.0,75.0,1.5,0.3958590758285005,0.6041409241714994,133.9712918660287
10,8,2,95.0,75.0,1.5,0.33996635799659963,0.6600336420034003,133.9712918660287
11,8,2,105.0,75.0,1.5,0.2821841284733649,0.7178158715266352,133.9712918660287
12,8,2,115.0,75.0,1.5,0.23918876172977177,0.7608112382702282,133.9712918660287
13,8,2,125.0,75.0,1.5,0.21587699057223544,0.7841230094277646,133.9712918660287
14,8,2,135.0,75.0,1.5,0.2051075355920632,0.7948924644079368,133.9712918660287
15,8,2,145.0,75.0,1.5,0.2011160654567515,0.7988839345432485,133.9712918660287
16,8,2,155.0,75.0,1.5,0.20020190611485714,0.7997980938851429,133.9712918660287
17,8,2,165.0,75.0,1.5,0.20005877934875146,0.7999412206512485,133.9712918660287
18,8,2,175.0,75.0,1.5,0.2000309753194703,0.7999690246805297,133.9712918660287
19,8,2,185.0,75.0,1.5,0.20002565488580593,0.7999743451141941,133.9712918660287
20,8,2,195.0,75.0,1.5,0.20002513509150976,0.7999748649084902,133.9712918660287
21,8,2,205.0,75.0,1.5,0.20002528329265945,0.7999747167073405,133.9712918660287
22,8,2,215.0,75.0,1.5,0.20002556688886924,0.7999744331111307,133.9712918660287
23,8,2,225.0,75.0,1.5,0.20002587486325685,0.7999741251367432,133.9712918660287
24,8,2,235.0,75.0,1.5,0.2000261914583134,0.7999738085416865,133.9712918660287
25,8,2,245.0,75.0,1.5,0.2000265134497854,0.7999734865502146,133.9712918660287
26,8,2,255.0,75.0,1.5,0.20002684004746166,0.7999731599525384,133.9712918660287
27,8,2,265.0,75.0,1.5,0.20002717091323802,0.799972829086762,133.9712918660287
28,8,2,275.0,75.0,1.5,0.2000275057630901,0.7999724942369099,133.9712918660287
29,8,2,285.0,75.0,1.5,0.20002784447047325,0.7999721555295267,133.9712918660287
30,8,2,295.0,75.0,1.5,0.2000281870032133,0.7999718129967868,133.9712918660287
31,8,2,305.0,75.0,1.5,0.2000285333945704,0.7999714666054296,133.9712918660287
32,8,2,315.0,75.0,1.5,0.20002888361412455,0.7999711163858755,133.9712918660287
33,8,2,325.0,75.0,1.5,0.2000292374949999,0.7999707625050001,133.9712918660287
34,8,2,335.0,75.0,1.5,0.20002959485333607,0.799970405146664,133.9712918660287
35,8,2,345.0,75.0,1.5,0.2000299555561991,0.7999700444438009,133.9712918660287
36,8,2,355.0,75.0,1.5,0.20003031951806977,0.7999696804819303,133.9712918660287
37,8,2,365.0,75.0,1.5,0.20003068668751026,0.7999693133124898,133.9712918660287
38,8,2,375.0,75.0,1.5,0.20003105693990178,0.7999689430600982,133.9712918660287
39,8,2,385.0,75.0,1.5,0.20003143002490817,0.7999685699750918,133.9712918660287
40,8,2,395.0,75.0,1.5,0.20003180562127362,0.7999681943787263,133.9712918660287
41,8,2,405.0,75.0,1.5,0.20003218336338202,0.799967816636618,133.9712918660287
42,8,2,415.0,75.0,1.5,0.20003256282376125,0.7999674371762387,133.9712918660287
43,8,2,425.0,75.0,1.5,0.20003294343671235,0.7999670565632877,133.9712918660287
44,8,2,435.0,75.0,1.5,0.20003332426212436,0.7999666757378756,133.9712918660287
45,8,2,445.0,75.0,1.5,0.20003370364580575,0.7999662963541943,133.9712918660287
46,8,2,455.0,75.0,1.5,0.20003407855912408,0.7999659214408759,133.9712918660287
47,8,2,465.0,75.0,1.5,0.20003444298035267,0.7999655570196473,133.9712918660287
48,8,2,475.0,75.0,1.5,0.20003478432586086,0.7999652156741391,133.9712918660287
49,8,2,485.0,75.0,1.5,0.2000350766311155,0.7999649233688845,133.9712918660287
50,8,2,495.0,75.0,1.5,0.20003527051906125,0.7999647294809388,133.9712918660287
1,9,2,5.0,85.0,1.5,0.5614563484353996,0.4385436515646004,133.9712918660287
2,9,2,15.0,85.0,1.5,0.5393576560958162,0.4606423439041838,133.9712918660287
3,9,2,25.0,85.0,1.5,0.5149274887432036,0.4850725112567964,133.9712918660287
4,9,2,35.0,85.0,1.5,0.49208296162168147,0.5079170383783185,133.9712918660287
5,9,2,45.0,85.0,1.5,0.4644363848065656,0.5355636151934344,133.9712918660287
6,9,2,55.0,85.0,1.5,0.4282746546386213,0.5717253453613786,133.9712918660287
7,9,2,65.0,85.0,1.5,0.38028791271414936,0.6197120872858506,133.9712918660287
8,9,2,75.0,85.0,1.5,0.32119025920709804,0.6788097407929019,133.9712918660287
9,9,2,85.0,85.0,1.5,0.26395438359130396,0.736045616408696,133.9712918660287
10,9,2,95.0,85.0,1.5,0.22581483350293863,0.7741851664970614,133.9712918660287
11,9,2,105.0,85.0,1.5,0.2081399655860989,0.7918600344139011,133.9712918660287
12,9,2,115.0,85.0,1.5,0.20181375853514902,0.798186241464851,133.9712918660287
13,9,2,125.0,85.0,1.5,0.20027741813578326,0.7997225818642167,133.9712918660287
14,9,2,135.0,85.0,1.5,0.20005966134598868,0.7999403386540114,133.9712918660287
15,9,2,145.0,85.0,1.5,0.20002945484738388,0.7999705451526161,133.9712918660287
16,9,2,155.0,85.0,1.5,0.20002460925011672,0.7999753907498832,133.9712918660287
17,9,2,165.0,85.0,1.5,0.20002420210612346,0.7999757978938765,133.9712918660287
18,9,2,175.0,85.0,1.5,0.2000243760873196,0.7999756239126804,133.9712918660287
19,9,2,185.0,85.0,1.5,0.20002465375915351,0.7999753462408465,133.9712918660287
20,9,2,195.0,85.0,1.5,0.2000249495039248,0.7999750504960752,133.9712918660287
21,9,2,205.0,85.0,1.5,0.20002525298076426,0.7999747470192358,133.9712918660287
22,9,2,215.0,85.0,1.5,0.20002556194359677,0.7999744380564032,133.9712918660287
23,9,2,225.0,85.0,1.5,0.20002587553907566,0.7999741244609243,133.9712918660287
24,9,2,235.0,85.0,1.5,0.20002619333538224,0.7999738066646178,133.9712918660287
25,9,2,245.0,85.0,1.5,0.20002651532683938,0.7999734846731607,133.9712918660287
26,9,2,255.0,85.0,1.5,0.20002684170693733,0.7999731582930627,133.9712918660287
27,9,2,265.0,85.0,1.5,0.20002717245701157,0.7999728275429885,133.9712918660287
28,9,2,275.0,85.0,1.5,0.20002750732439595,0.799972492675604,133.9712918660287
29,9,2,285.0,85.0,1.5,0.20002784602122997,0.7999721539787701,133.9712918660287
30,9,2,295.0,85.0,1.5,0.20002818842343603,0.7999718115765639,133.9712918660287
31,9,2,305.0,85.0,1.5,0.20002853461248793,0.7999714653875121,133.9712918660287
32,9,2,315.0,85.0,1.5,0.20002888465294702,0.799971115347053,133.9712918660287
33,9,2,325.0,85.0,1.5,0.20002923842794942,0.7999707615720506,133.9712918660287
34,9,2,335.0,85.0,1.5,0.20002959569485165,0.7999704043051483,133.9712918660287
35,9,2,345.0,85.0,1.5,0.20002995621252997,0.79997004378747,133.9712918660287
36,9,2,355.0,85.0,1.5,0.20003031985169992,0.7999696801483,133.9712918660287
37,9,2,365.0,85.0,1.5,0.2000306865751885,0.7999693134248115,133.9712918660287
38,9,2,375.0,85.0,1.5,0.20003105626831066,0.7999689437316894,133.9712918660287
39,9,2,385.0,85.0,1.5,0.20003142861596002,0.79996857138404,133.9712918660287
40,9,2,395.0,85.0,1.5,0.20003180310881516,0.7999681968911848,133.9712918660287
41,9,2,405.0,85.0,1.5,0.200032179092792,0.799967820907208,133.9712918660287
42,9,2,415.0,85.0,1.5,0.2000325557722258,0.7999674442277742,133.9712918660287
43,9,2,425.0,85.0,1.5,0.20003293203119374,0.7999670679688062,133.9712918660287
44,9,2,435.0,85.0,1.5,0.2000333059909118,0.7999666940090882,133.9712918660287
45,9,2,445.0,85.0,1.5,0.20003367444111123,0.7999663255588888,133.9712918660287
46,9,2,455.0,85.0,1.5,0.20003403201908493,0.799965967980915,133.9712918660287
47,9,2,465.0,85.0,1.5,0.20003436975568326,0.7999656302443168,133.9712918660287
48,9,2,475.0,85.0,1.5,0.20003467257149352,0.7999653274285065,133.9712918660287
49,9,2,485.0,85.0,1.5,0.20003491576273966,0.7999650842372603,133.9712918660287
50,9,2,495.0,85.0,1.5,0.2000350628274554,0.7999649371725446,133.9712918660287
1,10,2,5.0,95.0,1.5,0.4354669318259234,0.5645330681740766,133.9712918660287
2,10,2,15.0,95.0,1.5,0.4121605118518929,0.587839488148107,133.9712918660287
3,10,2,25.0,95.0,1.5,0.3779371557253838,0.6220628442746162,133.9712918660287
4,10,2,35.0,95.0,1.5,0.3343898443323822,0.6656101556676177,133.9712918660287
5,10,2,45.0,95.0,1.5,0.2832744562547001,0.7167255437453,133.9712918660287
6,10,2,55.0,95.0,1.5,0.23774478551022177,0.7622552144897783,133.9712918660287
7,10,2,65.0,95.0,1.5,0.21139529037207042,0.7886047096279296,133.9712918660287
8,10,2,75.0,95.0,1.5,0.2021462010870814,0.7978537989129186,133.9712918660287
9,10,2,85.0,95.0,1.5,0.20028225103347932,0.7997177489665207,133.9712918660287
10,10,2,95.0,95.0,1.5,0.20004957248556873,0.7999504275144312,133.9712918660287
11,10,2,105.0,95.0,1.5,0.20002505850395189,0.7999749414960481,133.9712918660287
12,10,2,115.0,95.0,1.5,0.2000230389106947,0.7999769610893053,133.9712918660287
13,10,2,125.0,95.0,1.5,0.20002300751053606,0.799976992489464,133.9712918660287
14,10,2,135.0,95.0,1.5,0.20002323960728868,0.7999767603927113,133.9712918660287
15,10,2,145.0,95.0,1.5,0.20002350664820365,0.7999764933517963,133.9712918660287
16,10,2,155.0,95.0,1.5,0.20002378405184068,0.7999762159481594,133.9712918660287
17,10,2,165.0,95.0,1.5,0.20002406806082723,0.7999759319391728,133.9712918660287
18,10,2,175.0,95.0,1.5,0.20002435740457,0.79997564259543,133.9712918660287
19,10,2,185.0,95.0,1.5,0.20002465146706247,0.7999753485329375,133.9712918660287
20,10,2,195.0,95.0,1.5,0.20002495038280022,0.7999750496171998,133.9712918660287
21,10,2,205.0,95.0,1.5,0.20002525441837699,0.7999747455816231,133.9712918660287
22,10,2,215.0,95.0,1.5,0.20002556342375247,0.7999744365762476,133.9712918660287
23,10,2,225.0,95.0,1.5,0.20002587692131846,0.7999741230786815,133.9712918660287
24,10,2,235.0,95.0,1.5,0.2000261945836102,0.7999738054163898,133.9712918660287
25,10,2,245.0,95.0,1.5,0.20002651648102385,0.7999734835189761,133.9712918660287
26,10,2,255.0,95.0,1.5,0.20002684280503175,0.7999731571949682,133.9712918660287
27,10,2,265.0,95.0,1.5,0.20002717352179022,0.7999728264782098,133.9712918660287
28,10,2,275.0,95.0,1.5,0.2000275083407081,0.7999724916592919,133.9712918660287
29,10,2,285.0,95.0,1.5,0.20002784695048187,0.7999721530495181,133.9712918660287
30,10,2,295.0,95.0,1.5,0.20002818925967833,0.7999718107403216,133.9712918660287
31,10,2,305.0,95.0,1.5,0.20002853537107876,0.7999714646289212,133.9712918660287
32,10,2,315.0,95.0,1.5,0.2000288853506348,0.7999711146493652,133.9712918660287
33,10,2,325.0,95.0,1.5,0.20002923907121958,0.7999707609287804,133.9712918660287
34,10,2,335.0,95.0,1.5,0.20002959625406255,0.7999704037459374,133.9712918660287
35,10,2,345.0,95.0,1.5,0.20002995663588938,0.7999700433641106,133.9712918660287
36,10,2,355.0,95.0,1.5,0.20003032009507052,0.7999696799049295,133.9712918660287
37,10,2,365.0,95.0,1.5,0.20003068659283038,0.7999693134071696,133.9712918660287
38,10,2,375.0,95.0,1.5,0.20003105599455998,0.79996894400544,133.9712918660287
39,10,2,385.0,95.0,1.5,0.200031427933595,0.799968572066405,133.9712918660287
40,10,2,395.0,95.0,1.5,0.20003180179724325,0.7999681982027568,133.9712918660287
41,10,2,405.0,95.0,1.5,0.20003217678455654,0.7999678232154435,133.9712918660287
42,10,2,415.0,95.0,1.5,0.20003255190047223,0.7999674480995278,133.9712918660287
43,10,2,425.0,95.0,1.5,0.20003292571378709,0.7999670742862129,133.9712918660287
44,10,2,435.0,95.0,1.5,0.20003329582389828,0.7999667041761017,133.9712918660287
45,10,2,445.0,95.0,1.5,0.20003365819559485,0.7999663418044052,133.9712918660287
46,10,2,455.0,95.0,1.5,0.2000340063150532,0.7999659936849468,133.9712918660287
47,10,2,465.0,95.0,1.5,0.20003432994319403,0.799965670056806,133.9712918660287
48,10,2,475.0,95.0,1.5,0.20003461332068187,0.7999653866793182,133.9712918660287
49,10,2,485.0,95.0,1.5,0.20003483342954836,0.7999651665704517,133.9712918660287
50,10,2,495.0,95.0,1.5,0.20003496090208378,0.7999650390979163,133.9712918660287
1,1,3,5.0,5.0,2.5,0.5567501408108626,0.4432498591891374,177.03349282296648
2,1,3,15.0,5.0,2.5,0.5403633798841411,0.45963662011585893,177.03349282296648
3,1,3,25.0,5.0,2.5,0.5230556239366496,0.4769443760633504,177.03349282296648
4,1,3,35.0,5.0,2.5,0.5059481355898172,0.4940518644101828,177.03349282296648
5,1,3,45.0,5.0,2.5,0.48814485050758594,0.5118551494924141,177.03349282296648
6,1,3,55.0,5.0,2.5,0.4664905074394629,0.533509492560537,177.03349282296648
7,1,3,65.0,5.0,2.5,0.4403363608455892,0.5596636391544108,177.03349282296648
8,1,3,75.0,5.0,2.5,0.4063360154291528,0.5936639845708471,177.03349282296648
9,1,3,85.0,5.0,2.5,0.3593428804861826,0.6406571195138173,177.03349282296648
10,1,3,95.0,5.0,2.5,0.30254851950994754,0.6974514804900525,177.03349282296648
11,1,3,105.0,5.0,2.5,0.25136294240904605,0.748637057590954,177.03349282296648
12,1,3,115.0,5.0,2.5,0.21980960054995058,0.7801903994500494,177.03349282296648
13,1,3,125.0,5.0,2.5,0.20579656852653433,0.7942034314734656,177.03349282296648
14,1,3,135.0,5.0,2.5,0.20119766426721636,0.7988023357327836,177.03349282296648
15,1,3,145.0,5.0,2.5,0.2002155845547563,0.7997844154452437,177.03349282296648
16,1,3,155.0,5.0,2.5,0.20005723365256525,0.7999427663474348,177.03349282296648
17,1,3,165.0,5.0,2.5,0.20002893894860438,0.7999710610513956,177.03349282296648
18,1,3,175.0,5.0,2.5,0.2000249281763087,0.7999750718236913,177.03349282296648
19,1,3,185.0,5.0,2.5,0.20002456677310154,0.7999754332268985,177.03349282296648
20,1,3,195.0,5.0,2.5,0.20002475197874245,0.7999752480212575,177.03349282296648
21,1,3,205.0,5.0,2.5,0.2000250342335458,0.7999749657664542,177.03349282296648
22,1,3,215.0,5.0,2.5,0.20002533771637646,0.7999746622836236,177.03349282296648
23,1,3,225.0,5.0,2.5,0.20002564994531488,0.7999743500546851,177.03349282296648
24,1,3,235.0,5.0,2.5,0.20002596773881168,0.7999740322611884,177.03349282296648
25,1,3,245.0,5.0,2.5,0.20002629003762412,0.7999737099623758,177.03349282296648
26,1,3,255.0,5.0,2.5,0.20002661625593604,0.7999733837440639,177.03349282296648
27,1,3,265.0,5.0,2.5,0.2000269464059622,0.7999730535940378,177.03349282296648
28,1,3,275.0,5.0,2.5,0.20002728078063167,0.7999727192193683,177.03349282296648
29,1,3,285.0,5.0,2.5,0.20002761949730452,0.7999723805026955,177.03349282296648
30,1,3,295.0,5.0,2.5,0.20002796235820003,0.7999720376418,177.03349282296648
31,1,3,305.0,5.0,2.5,0.20002830899003018,0.7999716910099698,177.03349282296648
32,1,3,315.0,5.0,2.5,0.200028659201809,0.799971340798191,177.03349282296648
33,1,3,325.0,5.0,2.5,0.20002901312716725,0.7999709868728327,177.03349282296648
34,1,3,335.0,5.0,2.5,0.20002937097880452,0.7999706290211954,177.03349282296648
35,1,3,345.0,5.0,2.5,0.2000297328215492,0.7999702671784508,177.03349282296648
36,1,3,355.0,5.0,2.5,0.2000300985323698,0.7999699014676303,177.03349282296648
37,1,3,365.0,5.0,2.5,0.20003046791109455,0.7999695320889054,177.03349282296648
38,1,3,375.0,5.0,2.5,0.20003084090684345,0.7999691590931566,177.03349282296648
39,1,3,385.0,5.0,2.5,0.20003121768885565,0.7999687823111443,177.03349282296648
40,1,3,395.0,5.0,2.5,0.2000315984786831,0.7999684015213169,177.03349282296648
41,1,3,405.0,5.0,2.5,0.20003198336992095,0.7999680166300791,177.03349282296648
42,1,3,415.0,5.0,2.5,0.20003237220952644,0.7999676277904736,177.03349282296648
43,1,3,425.0,5.0,2.5,0.20003276449604962,0.7999672355039504,177.03349282296648
44,1,3,435.0,5.0,2.5,0.2000331592302136,0.7999668407697864,177.03349282296648
45,1,3,445.0,5.0,2.5,0.20003355448960067,0.7999664455103993,177.03349282296648
46,1,3,455.0,5.0,2.5,0.2000339463524732,0.7999660536475268,177.03349282296648
47,1,3,465.0,5.0,2.5,0.2000343267284992,0.7999656732715008,177.03349282296648
48,1,3,475.0,5.0,2.5,0.20003467969464842,0.7999653203053516,177.03349282296648
49,1,3,485.0,5.0,2.5,0.20003497571041334,0.7999650242895866,177.03349282296648
50,1,3,495.0,5.0,2.5,0.20003516533736657,0.7999648346626335,177.03349282296648
1,2,3,5.0,15.0,2.5,0.6523837117030672,0.3476162882969328,177.03349282296648
2,2,3,15.0,15.0,2.5,0.6301495275049273,0.36985047249507275,177.03349282296648
3,2,3,25.0,15.0,2.5,0.6057998864628115,0.39420011353718853,177.03349282296648
4,2,3,35.0,15.0,2.5,0.5823230255682451,0.4176769744317549,177.03349282296648
5,2,3,45.0,15.0,2.5,0.5618648374029036,0.4381351625970964,177.03349282296648
6,2,3,55.0,15.0,2.5,0.5444398773205086,0.4555601226794914,177.03349282296648
7,2,3,65.0,15.0,2.5,0.5274977546488343,0.4725022453511657,177.03349282296648
8,2,3,75.0,15.0,2.5,0.5087305576800909,0.4912694423199091,177.03349282296648
9,2,3,85.0,15.0,2.5,0.48849530746848624,0.5115046925315138,177.03349282296648
10,2,3,95.0,15.0,2.5,0.466539357203941,0.533460642796059,177.03349282296648
11,2,3,105.0,15.0,2.5,0.4392848271373968,0.5607151728626032,177.03349282296648
12,2,3,115.0,15.0,2.5,0.4024154407784161,0.5975845592215838,177.03349282296648
13,2,3,125.0,15.0,2.5,0.35439803344514637,0.6456019665548536,177.03349282296648
14,2,3,135.0,15.0,2.5,0.30029349214146533,0.6997065078585347,177.03349282296648
15,2,3,145.0,15.0,2.5,0.25375724633419294,0.7462427536658071,177.03349282296648
16,2,3,155.0,15.0,2.5,0.22452188440545637,0.7754781155945436,177.03349282296648
17,2,3,165.0,15.0,2.5,0.2095176403481444,0.7904823596518555,177.03349282296648
18,2,3,175.0,15.0,2.5,0.20279632258984245,0.7972036774101575,177.03349282296648
19,2,3,185.0,15.0,2.5,0.2006035160665752,0.7993964839334248,177.03349282296648
20,2,3,195.0,15.0,2.5,0.2001393468500028,0.7998606531499972,177.03349282296648
21,2,3,205.0,15.0,2.5,0.20005057394965783,0.7999494260503421,177.03349282296648
22,2,3,215.0,15.0,2.5,0.20003007570228462,0.7999699242977154,177.03349282296648
23,2,3,225.0,15.0,2.5,0.2000264948159255,0.7999735051840745,177.03349282296648
24,2,3,235.0,15.0,2.5,0.20002613886767118,0.7999738611323288,177.03349282296648
25,2,3,245.0,15.0,2.5,0.20002632523887937,0.7999736747611206,177.03349282296648
26,2,3,255.0,15.0,2.5,0.20002662414285563,0.7999733758571443,177.03349282296648
27,2,3,265.0,15.0,2.5,0.20002694744157204,0.799973052558428,177.03349282296648
28,2,3,275.0,15.0,2.5,0.2000272803113957,0.7999727196886043,177.03349282296648
29,2,3,285.0,15.0,2.5,0.20002761875794198,0.799972381242058,177.03349282296648
30,2,3,295.0,15.0,2.5,0.20002796154153396,0.7999720384584661,177.03349282296648
31,2,3,305.0,15.0,2.5,0.2000283081482209,0.7999716918517791,177.03349282296648
32,2,3,315.0,15.0,2.5,0.2000286583749251,0.7999713416250749,177.03349282296648
33,2,3,325.0,15.0,2.5,0.2000290123482615,0.7999709876517385,177.03349282296648
34,2,3,335.0,15.0,2.5,0.2000293702281637,0.7999706297718363,177.03349282296648
35,2,3,345.0,15.0,2.5,0.20002973203339683,0.7999702679666032,177.03349282296648
36,2,3,355.0,15.0,2.5,0.20003009765679886,0.7999699023432012,177.03349282296648
37,2,3,365.0,15.0,2.5,0.20003046693769327,0.7999695330623067,177.03349282296648
38,2,3,375.0,15.0,2.5,0.20003083985483475,0.7999691601451653,177.03349282296648
39,2,3,385.0,15.0,2.5,0.20003121658897116,0.7999687834110288,177.03349282296648
40,2,3,395.0,15.0,2.5,0.20003159735756296,0.7999684026424371,177.03349282296648
41,2,3,405.0,15.0,2.5,0.20003198228945665,0.7999680177105434,177.03349282296648
42,2,3,415.0,15.0,2.5,0.20003237138048444,0.7999676286195155,177.03349282296648
43,2,3,425.0,15.0,2.5,0.20003276444316662,0.7999672355568334,177.03349282296648
44,2,3,435.0,15.0,2.5,0.20003316104938831,0.7999668389506117,177.03349282296648
45,2,3,445.0,15.0,2.5,0.2000335602829442,0.7999664397170558,177.03349282296648
46,2,3,455.0,15.0,2.5,0.200033959882162,0.799966040117838,177.03349282296648
47,2,3,465.0,15.0,2.5,0.20003435430918717,0.7999656456908129,177.03349282296648
48,2,3,475.0,15.0,2.5,0.20003473083722514,0.7999652691627749,177.03349282296648
49,2,3,485.0,15.0,2.5,0.20003506165126958,0.7999649383487304,177.03349282296648
50,2,3,495.0,15.0,2.5,0.20003529023218258,0.7999647097678174,177.03349282296648
1,3,3,5.0,25.0,2.5,0.7117048796260045,0.2882951203739955,177.03349282296648
2,3,3,15.0,25.0,2.5,0.6860375191700429,0.31396248082995715,177.03349282296648
3,3,3,25.0,25.0,2.5,0.6576320541047664,0.34236794589523356,177.03349282296648
4,3,3,35.0,25.0,2.5,0.6292284592561912,0.3707715407438088,177.03349282296648
5,3,3,45.0,25.0,2.5,0.6026669720103237,0.3973330279896763,177.03349282296648
6,3,3,55.0,25.0,2.5,0.5795987303894498,0.42040126961055024,177.03349282296648
7,3,3,65.0,25.0,2.5,0.5608726962098141,0.43912730379018594,177.03349282296648
8,3,3,75.0,25.0,2.5,0.5446507997016526,0.45534920029834736,177.03349282296648
9,3,3,85.0,25.0,2.5,0.5277884859744586,0.4722115140255414,177.03349282296648
10,3,3,95.0,25.0,2.5,0.5097013268535469,0.49029867314645315,177.03349282296648
11,3,3,105.0,25.0,2.5,0.49073007716827777,0.5092699228317222,177.03349282296648
12,3,3,115.0,25.0,2.5,0.47038617072329525,0.5296138292767048,177.03349282296648
13,3,3,125.0,25.0,2.5,0.44573481626276745,0.5542651837372325,177.03349282296648
14,3,3,135.0,25.0,2.5,0.41344322426671176,0.5865567757332882,177.03349282296648
15,3,3,145.0,25.0,2.5,0.3713389829339417,0.6286610170660583,177.03349282296648
16,3,3,155.0,25.0,2.5,0.32113797736084326,0.6788620226391567,177.03349282296648
17,3,3,165.0,25.0,2.5,0.27271701335884435,0.7272829866411556,177.03349282296648
18,3,3,175.0,25.0,2.5,0.23784431206794374,0.7621556879320562,177.03349282296648
19,3,3,185.0,25.0,2.5,0.21759545258739427,0.7824045474126058,177.03349282296648
20,3,3,195.0,25.0,2.5,0.20681092242105995,0.7931890775789401,177.03349282296648
21,3,3,205.0,25.0,2.5,0.20195756256453024,0.7980424374354698,177.03349282296648
22,3,3,215.0,25.0,2.5,0.20045454839055718,0.7995454516094428,177.03349282296648
23,3,3,225.0,25.0,2.5,0.20012477110230353,0.7998752288976965,177.03349282296648
24,3,3,235.0,25.0,2.5,0.20004982031638635,0.7999501796836137,177.03349282296648
25,3,3,245.0,25.0,2.5,0.20003094008196745,0.7999690599180326,177.03349282296648
26,3,3,255.0,25.0,2.5,0.2000275121928174,0.7999724878071826,177.03349282296648
27,3,3,265.0,25.0,2.5,0.2000271421966638,0.7999728578033363,177.03349282296648
28,3,3,275.0,25.0,2.5,0.20002732329156714,0.7999726767084329,177.03349282296648
29,3,3,285.0,25.0,2.5,0.20002762882678396,0.7999723711732161,177.03349282296648
30,3,3,295.0,25.0,2.5,0.200027962897785,0.799972037102215,177.03349282296648
31,3,3,305.0,25.0,2.5,0.20002830727954599,0.799971692720454,177.03349282296648
32,3,3,315.0,25.0,2.5,0.20002865712198176,0.7999713428780182,177.03349282296648
33,3,3,325.0,25.0,2.5,0.20002901116718955,0.7999709888328105,177.03349282296648
34,3,3,335.0,25.0,2.5,0.20002936912475974,0.7999706308752402,177.03349282296648
35,3,3,345.0,25.0,2.5,0.2000297308268925,0.7999702691731075,177.03349282296648
36,3,3,355.0,25.0,2.5,0.2000300962037614,0.7999699037962387,177.03349282296648
37,3,3,365.0,25.0,2.5,0.2000304652279057,0.7999695347720943,177.03349282296648
38,3,3,375.0,25.0,2.5,0.20003083796849494,0.799969162031505,177.03349282296648
39,3,3,385.0,25.0,2.5,0.2000312145901135,0.7999687854098865,177.03349282296648
40,3,3,395.0,25.0,2.5,0.2000315952524907,0.7999684047475093,177.03349282296648
41,3,3,405.0,25.0,2.5,0.20003198011177403,0.799968019888226,177.03349282296648
42,3,3,415.0,25.0,2.5,0.20003236939681063,0.7999676306031893,177.03349282296648
43,3,3,425.0,25.0,2.5,0.2000327634521813,0.7999672365478188,177.03349282296648
44,3,3,435.0,25.0,2.5,0.2000331628193038,0.7999668371806962,177.03349282296648
45,3,3,445.0,25.0,2.5,0.20003356827221547,0.7999664317277846,177.03349282296648
46,3,3,455.0,25.0,2.5,0.20003398052091267,0.7999660194790873,177.03349282296648
47,3,3,465.0,25.0,2.5,0.2000343989539154,0.7999656010460846,177.03349282296648
48,3,3,475.0,25.0,2.5,0.20003481768577666,0.7999651823142233,177.03349282296648
49,3,3,485.0,25.0,2.5,0.2000352148551942,0.7999647851448057,177.03349282296648
50,3,3,495.0,25.0,2.5,0.20003552928020082,0.7999644707197991,177.03349282296648
1,4,3,5.0,35.0,2.5,0.7542657822588964,0.2457342177411036,177.03349282296648
2,4,3,15.0,35.0,2.5,0.7271603604250692,0.27283963957493085,177.03349282296648
3,4,3,25.0,35.0,2.5,0.6962206002772823,0.3037793997227177,177.03349282296648
4,4,3,35.0,35.0,2.5,0.6648658839523824,0.33513411604761756,177.03349282296648
5,4,3,45.0,35.0,2.5,0.6350120226950213,0.3649879773049787,177.03349282296648
6,4,3,55.0,35.0,2.5,0.6078103345473385,0.39218966545266154,177.03349282296648
7,4,3,65.0,35.0,2.5,0.5844408143422631,0.41555918565773686,177.03349282296648
8,4,3,75.0,35.0,2.5,0.5656952774589169,0.4343047225410831,177.03349282296648
9,4,3,85.0,35.0,2.5,0.549970260679873,0.450029739320127,177.03349282296648
10,4,3,95.0,35.0,2.5,0.5339878361049313,0.4660121638950687,177.03349282296648
11,4,3,105.0,35.0,2.5,0.516950935590647,0.483049064409353,177.03349282296648
12,4,3,115.0,35.0,2.5,0.49920630909717956,0.5007936909028204,177.03349282296648
13,4,3,125.0,35.0,2.5,0.4808606423360081,0.5191393576639919,177.03349282296648
14,4,3,135.0,35.0,2.5,0.460028753979174,0.539971246020826,177.03349282296648
15,4,3,145.0,35.0,2.5,0.43366226930168966,0.5663377306983104,177.03349282296648
16,4,3,155.0,35.0,2.5,0.39927673747272513,0.6007232625272749,177.03349282296648
17,4,3,165.0,35.0,2.5,0.35597394311835,0.64402605688165,177.03349282296648
18,4,3,175.0,35.0,2.5,0.30737591210738024,0.6926240878926198,177.03349282296648
19,4,3,185.0,35.0,2.5,0.2637689505892576,0.7362310494107425,177.03349282296648
20,4,3,195.0,35.0,2.5,0.2336050791908642,0.7663949208091358,177.03349282296648
21,4,3,205.0,35.0,2.5,0.21580825514878166,0.7841917448512183,177.03349282296648
22,4,3,215.0,35.0,2.5,0.20613567053774784,0.7938643294622522,177.03349282296648
23,4,3,225.0,35.0,2.5,0.2018131558037109,0.7981868441962892,177.03349282296648
24,4,3,235.0,35.0,2.5,0.20045765975924354,0.7995423402407564,177.03349282296648
25,4,3,245.0,35.0,2.5,0.20013421459417213,0.7998657854058279,177.03349282296648
26,4,3,255.0,35.0,2.5,0.2000531297476766,0.7999468702523234,177.03349282296648
27,4,3,265.0,35.0,2.5,0.20003216169990862,0.7999678383000914,177.03349282296648
28,4,3,275.0,35.0,2.5,0.20002829215924448,0.7999717078407556,177.03349282296648
29,4,3,285.0,35.0,2.5,0.2000278554308081,0.7999721445691919,177.03349282296648
30,4,3,295.0,35.0,2.5,0.2000280160689998,0.7999719839310002,177.03349282296648
31,4,3,305.0,35.0,2.5,0.20002832049961827,0.7999716795003817,177.03349282296648
32,4,3,315.0,35.0,2.5,0.2000286594693621,0.7999713405306379,177.03349282296648
33,4,3,325.0,35.0,2.5,0.20002901064179196,0.7999709893582081,177.03349282296648
34,4,3,335.0,35.0,2.5,0.2000293678580073,0.7999706321419927,177.03349282296648
35,4,3,345.0,35.0,2.5,0.20002972935920169,0.7999702706407983,177.03349282296648
36,4,3,355.0,35.0,2.5,0.20003009466163335,0.7999699053383666,177.03349282296648
37,4,3,365.0,35.0,2.5,0.2000304635075046,0.7999695364924954,177.03349282296648
38,4,3,375.0,35.0,2.5,0.20003083589208023,0.7999691641079197,177.03349282296648
39,4,3,385.0,35.0,2.5,0.20003121200909957,0.7999687879909004,177.03349282296648
40,4,3,395.0,35.0,2.5,0.20003159213558486,0.7999684078644151,177.03349282296648
41,4,3,405.0,35.0,2.5,0.20003197658023258,0.7999680234197675,177.03349282296648
42,4,3,415.0,35.0,2.5,0.20003236572090122,0.7999676342790988,177.03349282296648
43,4,3,425.0,35.0,2.5,0.20003276022938732,0.7999672397706127,177.03349282296648
44,4,3,435.0,35.0,2.5,0.20003316149156994,0.7999668385084301,177.03349282296648
45,4,3,445.0,35.0,2.5,0.2000335721092144,0.7999664278907856,177.03349282296648
46,4,3,455.0,35.0,2.5,0.20003399647105416,0.7999660035289459,177.03349282296648
47,4,3,465.0,35.0,2.5,0.2000344410453591,0.7999655589546408,177.03349282296648
48,4,3,475.0,35.0,2.5,0.20003491173918608,0.7999650882608139,177.03349282296648
49,4,3,485.0,35.0,2.5,0.2000353979050592,0.7999646020949408,177.03349282296648
50,4,3,495.0,35.0,2.5,0.2000358353820649,0.7999641646179351,177.03349282296648
1,5,3,5.0,45.0,2.5,0.7852461625763593,0.21475383742364074,177.03349282296648
2,5,3,15.0,45.0,2.5,0.761141720732626,0.23885827926737402,177.03349282296648
3,5,3,25.0,45.0,2.5,0.7295504840696022,0.2704495159303978,177.03349282296648
4,5,3,35.0,45.0,2.5,0.6966188781365972,0.3033811218634028,177.03349282296648
5,5,3,45.0,45.0,2.5,0.6653841947691493,0.33461580523085066,177.03349282296648
6,5,3,55.0,45.0,2.5,0.6367586504372554,0.36324134956274456,177.03349282296648
7,5,3,65.0,45.0,2.5,0.6112503462542245,0.3887496537457755,177.03349282296648
8,5,3,75.0,45.0,2.5,0.5896385786395624,0.41036142136043763,177.03349282296648
9,5,3,85.0,45.0,2.5,0.5721521705397383,0.4278478294602617,177.03349282296648
10,5,3,95.0,45.0,2.5,0.557009326758539,0.442990673241461,177.03349282296648
11,5,3,105.0,45.0,2.5,0.5414969878315892,0.45850301216841083,177.03349282296648
12,5,3,115.0,45.0,2.5,0.5254135351816317,0.4745864648183683,177.03349282296648
13,5,3,125.0,45.0,2.5,0.5090221310532986,0.49097786894670137,177.03349282296648
14,5,3,135.0,45.0,2.5,0.49247253118951745,0.5075274688104825,177.03349282296648
15,5,3,145.0,45.0,2.5,0.47461476000261926,0.5253852399973807,177.03349282296648
16,5,3,155.0,45.0,2.5,0.45304486256815873,0.5469551374318413,177.03349282296648
17,5,3,165.0,45.0,2.5,0.42528231513789555,0.5747176848621045,177.03349282296648
18,5,3,175.0,45.0,2.5,0.38955646072893163,0.6104435392710683,177.03349282296648
19,5,3,185.0,45.0,2.5,0.3457088881600163,0.6542911118399837,177.03349282296648
20,5,3,195.0,45.0,2.5,0.2983342582246538,0.7016657417753462,177.03349282296648
21,5,3,205.0,45.0,2.5,0.25756905647698547,0.7424309435230145,177.03349282296648
22,5,3,215.0,45.0,2.5,0.23001187866479686,0.7699881213352031,177.03349282296648
23,5,3,225.0,45.0,2.5,0.21387284918434135,0.7861271508156586,177.03349282296648
24,5,3,235.0,45.0,2.5,0.20528491246070543,0.7947150875392945,177.03349282296648
25,5,3,245.0,45.0,2.5,0.2015566311698936,0.7984433688301064,177.03349282296648
26,5,3,255.0,45.0,2.5,0.20040227769260457,0.7995977223073955,177.03349282296648
27,5,3,265.0,45.0,2.5,0.2001209959316051,0.799879004068395,177.03349282296648
28,5,3,275.0,45.0,2.5,0.20004962435441445,0.7999503756455856,177.03349282296648
29,5,3,285.0,45.0,2.5,0.20003189463317184,0.7999681053668282,177.03349282296648
30,5,3,295.0,45.0,2.5,0.20002882339775443,0.7999711766022456,177.03349282296648
31,5,3,305.0,45.0,2.5,0.20002850897369057,0.7999714910263094,177.03349282296648
32,5,3,315.0,45.0,2.5,0.20002870453431365,0.7999712954656863,177.03349282296648
33,5,3,325.0,45.0,2.5,0.2000290218982962,0.7999709781017038,177.03349282296648
34,5,3,335.0,45.0,2.5,0.20002936969917787,0.7999706303008222,177.03349282296648
35,5,3,345.0,45.0,2.5,0.20002972870394053,0.7999702712960595,177.03349282296648
36,5,3,355.0,45.0,2.5,0.20003009330988852,0.7999699066901115,177.03349282296648
37,5,3,365.0,45.0,2.5,0.20003046183953246,0.7999695381604676,177.03349282296648
38,5,3,375.0,45.0,2.5,0.20003083385387424,0.7999691661461258,177.03349282296648
39,5,3,385.0,45.0,2.5,0.20003120932676485,0.7999687906732351,177.03349282296648
40,5,3,395.0,45.0,2.5,0.20003158854238304,0.799968411457617,177.03349282296648
41,5,3,405.0,45.0,2.5,0.20003197190331085,0.7999680280966892,177.03349282296648
42,5,3,415.0,45.0,2.5,0.20003235988381615,0.7999676401161838,177.03349282296648
43,5,3,425.0,45.0,2.5,0.20003275327539416,0.7999672467246058,177.03349282296648
44,5,3,435.0,45.0,2.5,0.2000331536943787,0.7999668463056213,177.03349282296648
45,5,3,445.0,45.0,2.5,0.2000335644391919,0.799966435560808,177.03349282296648
46,5,3,455.0,45.0,2.5,0.20003399189929993,0.7999660081007001,177.03349282296648
47,5,3,465.0,45.0,2.5,0.20003444773363674,0.7999655522663632,177.03349282296648
48,5,3,475.0,45.0,2.5,0.2000349484898107,0.7999650515101893,177.03349282296648
49,5,3,485.0,45.0,2.5,0.200035473208081,0.799964526791919,177.03349282296648
50,5,3,495.0,45.0,2.5,0.20003576198054906,0.7999642380194509,177.03349282296648
1,6,3,5.0,55.0,2.5,0.7560737960843421,0.2439262039156579,177.03349282296648
2,6,3,15.0,55.0,2.5,0.7302331481993051,0.26976685180069493,177.03349282296648
3,6,3,25.0,55.0,2.5,0.7005792021705448,0.2994207978294552,177.03349282296648
4,6,3,35.0,55.0,2.5,0.6702667048439059,0.32973329515609406,177.03349282296648
5,6,3,45.0,55.0,2.5,0.6411158683564043,0.35888413164359567,177.03349282296648
6,6,3,55.0,55.0,2.5,0.614174891721612,0.385825108278388,177.03349282296648
7,6,3,65.0,55.0,2.5,0.5905700847047827,0.40942991529521733,177.03349282296648
8,6,3,75.0,55.0,2.5,0.571439214274395,0.42856078572560496,177.03349282296648
9,6,3,85.0,55.0,2.5,0.5558193651678858,0.44418063483211423,177.03349282296648
10,6,3,95.0,55.0,2.5,0.5404619942547806,0.4595380057452194,177.03349282296648
11,6,3,105.0,55.0,2.5,0.5239863259176699,0.4760136740823301,177.03349282296648
12,6,3,115.0,55.0,2.5,0.5068016099742477,0.4931983900257523,177.03349282296648
13,6,3,125.0,55.0,2.5,0.4891569481175888,0.5108430518824112,177.03349282296648
14,6,3,135.0,55.0,2.5,0.4700944610369968,0.5299055389630032,177.03349282296648
15,6,3,145.0,55.0,2.5,0.4468317109746542,0.5531682890253458,177.03349282296648
16,6,3,155.0,55.0,2.5,0.4166090603384837,0.5833909396615162,177.03349282296648
17,6,3,165.0,55.0,2.5,0.377730092935773,0.622269907064227,177.03349282296648
18,6,3,175.0,55.0,2.5,0.33128071921954566,0.6687192807804543,177.03349282296648
19,6,3,185.0,55.0,2.5,0.2844251311834079,0.7155748688165922,177.03349282296648
20,6,3,195.0,55.0,2.5,0.2475616667471753,0.7524383332528247,177.03349282296648
21,6,3,205.0,55.0,2.5,0.22403747657899206,0.7759625234210079,177.03349282296648
22,6,3,215.0,55.0,2.5,0.21048947347342792,0.789510526526572,177.03349282296648
23,6,3,225.0,55.0,2.5,0.20361800862319934,0.7963819913768007,177.03349282296648
24,6,3,235.0,55.0,2.5,0.2009814749143509,0.7990185250856491,177.03349282296648
25,6,3,245.0,55.0,2.5,0.20026086567368773,0.7997391343263123,177.03349282296648
26,6,3,255.0,55.0,2.5,0.20008693959431742,0.7999130604056826,177.03349282296648
27,6,3,265.0,55.0,2.5,0.20004051240252052,0.7999594875974795,177.03349282296648
28,6,3,275.0,55.0,2.5,0.20002974455142292,0.799970255448577,177.03349282296648
29,6,3,285.0,55.0,2.5,0.2000281675681057,0.7999718324318943,177.03349282296648
30,6,3,295.0,55.0,2.5,0.20002808713843725,0.7999719128615628,177.03349282296648
31,6,3,305.0,55.0,2.5,0.2000283375939427,0.7999716624060573,177.03349282296648
32,6,3,315.0,55.0,2.5,0.20002866371170908,0.799971336288291,177.03349282296648
33,6,3,325.0,55.0,2.5,0.20002901100371068,0.7999709889962894,177.03349282296648
34,6,3,335.0,55.0,2.5,0.20002936697633464,0.7999706330236653,177.03349282296648
35,6,3,345.0,55.0,2.5,0.20002972783869485,0.7999702721613051,177.03349282296648
36,6,3,355.0,55.0,2.5,0.20003009252059514,0.7999699074794049,177.03349282296648
37,6,3,365.0,55.0,2.5,0.2000304606009598,0.7999695393990403,177.03349282296648
38,6,3,375.0,55.0,2.5,0.20003083191427995,0.79996916808572,177.03349282296648
39,6,3,385.0,55.0,2.5,0.20003120653980785,0.7999687934601921,177.03349282296648
40,6,3,395.0,55.0,2.5,0.2000315846709891,0.7999684153290109,177.03349282296648
41,6,3,405.0,55.0,2.5,0.20003196650588098,0.799968033494119,177.03349282296648
42,6,3,415.0,55.0,2.5,0.20003235228045993,0.7999676477195401,177.03349282296648
43,6,3,425.0,55.0,2.5,0.20003274250090256,0.7999672574990975,177.03349282296648
44,6,3,435.0,55.0,2.5,0.20003313834323516,0.7999668616567648,177.03349282296648
45,6,3,445.0,55.0,2.5,0.20003354215306998,0.79996645784693,177.03349282296648
46,6,3,455.0,55.0,2.5,0.20003395794935455,0.7999660420506455,177.03349282296648
47,6,3,465.0,55.0,2.5,0.20003439145687874,0.7999656085431213,177.03349282296648
48,6,3,475.0,55.0,2.5,0.20003484676870698,0.799965153231293,177.03349282296648
49,6,3,485.0,55.0,2.5,0.20003531017437656,0.7999646898256234,177.03349282296648
50,6,3,495.0,55.0,2.5,0.20003571700905853,0.7999642829909415,177.03349282296648
1,7,3,5.0,65.0,2.5,0.7174404275503586,0.28255957244964136,177.03349282296648
2,7,3,15.0,65.0,2.5,0.6931757457721535,0.30682425422784654,177.03349282296648
3,7,3,25.0,65.0,2.5,0.6659433447057507,0.3340566552942493,177.03349282296648
4,7,3,35.0,65.0,2.5,0.6382453138559685,0.3617546861440315,177.03349282296648
5,7,3,45.0,65.0,2.5,0.6117785343141501,0.3882214656858499,177.03349282296648
6,7,3,55.0,65.0,2.5,0.5881399802316811,0.4118600197683189,177.03349282296648
7,7,3,65.0,65.0,2.5,0.5687177851616102,0.4312822148383898,177.03349282296648
8,7,3,75.0,65.0,2.5,0.5526722875587284,0.44732771244127156,177.03349282296648
9,7,3,85.0,65.0,2.5,0.5368892510911384,0.4631107489088616,177.03349282296648
10,7,3,95.0,65.0,2.5,0.519813476930204,0.48018652306979603,177.03349282296648
11,7,3,105.0,65.0,2.5,0.5018486808572269,0.4981513191427731,177.03349282296648
12,7,3,115.0,65.0,2.5,0.48316603108856976,0.5168339689114303,177.03349282296648
13,7,3,125.0,65.0,2.5,0.46219201730050513,0.5378079826994948,177.03349282296648
14,7,3,135.0,65.0,2.5,0.43579343131503534,0.5642065686849647,177.03349282296648
15,7,3,145.0,65.0,2.5,0.40124588009063866,0.5987541199093613,177.03349282296648
16,7,3,155.0,65.0,2.5,0.3574253143855343,0.6425746856144656,177.03349282296648
17,7,3,165.0,65.0,2.5,0.30793062305386326,0.6920693769461368,177.03349282296648
18,7,3,175.0,65.0,2.5,0.26351098880908064,0.7364890111909194,177.03349282296648
19,7,3,185.0,65.0,2.5,0.2330373402483571,0.7669626597516429,177.03349282296648
20,7,3,195.0,65.0,2.5,0.2152745182471457,0.7847254817528543,177.03349282296648
21,7,3,205.0,65.0,2.5,0.20577357790989856,0.7942264220901014,177.03349282296648
22,7,3,215.0,65.0,2.5,0.20164238502108542,0.7983576149789146,177.03349282296648
23,7,3,225.0,65.0,2.5,0.20040243205875866,0.7995975679412414,177.03349282296648
24,7,3,235.0,65.0,2.5,0.20011867567809438,0.7998813243219056,177.03349282296648
25,7,3,245.0,65.0,2.5,0.20004856861560863,0.7999514313843914,177.03349282296648
26,7,3,255.0,65.0,2.5,0.2000308748307635,0.7999691251692365,177.03349282296648
27,7,3,265.0,65.0,2.5,0.20002779247982624,0.7999722075201737,177.03349282296648
28,7,3,275.0,65.0,2.5,0.2000274719360674,0.7999725280639326,177.03349282296648
29,7,3,285.0,65.0,2.5,0.20002766308875017,0.7999723369112498,177.03349282296648
30,7,3,295.0,65.0,2.5,0.20002797172570233,0.7999720282742977,177.03349282296648
31,7,3,305.0,65.0,2.5,0.20002830892587597,0.799971691074124,177.03349282296648
32,7,3,315.0,65.0,2.5,0.20002865670887465,0.7999713432911253,177.03349282296648
33,7,3,325.0,65.0,2.5,0.20002900996238124,0.7999709900376187,177.03349282296648
34,7,3,335.0,65.0,2.5,0.20002936724280454,0.7999706327571955,177.03349282296648
35,7,3,345.0,65.0,2.5,0.20002972810786668,0.7999702718921333,177.03349282296648
36,7,3,355.0,65.0,2.5,0.20003009229687066,0.7999699077031294,177.03349282296648
37,7,3,365.0,65.0,2.5,0.20003045972406666,0.7999695402759334,177.03349282296648
38,7,3,375.0,65.0,2.5,0.20003083036393066,0.7999691696360693,177.03349282296648
39,7,3,385.0,65.0,2.5,0.20003120417280496,0.799968795827195,177.03349282296648
40,7,3,395.0,65.0,2.5,0.20003158106538454,0.7999684189346155,177.03349282296648
41,7,3,405.0,65.0,2.5,0.20003196090206254,0.7999680390979375,177.03349282296648
42,7,3,415.0,65.0,2.5,0.20003234358100283,0.7999676564189971,177.03349282296648
43,7,3,425.0,65.0,2.5,0.2000327291665019,0.7999672708334982,177.03349282296648
44,7,3,435.0,65.0,2.5,0.20003311789720074,0.7999668821027992,177.03349282296648
45,7,3,445.0,65.0,2.5,0.20003351016830528,0.7999664898316947,177.03349282296648
46,7,3,455.0,65.0,2.5,0.20003390625426162,0.7999660937457383,177.03349282296648
47,7,3,465.0,65.0,2.5,0.20003430504280909,0.7999656949571909,177.03349282296648
48,7,3,475.0,65.0,2.5,0.2000347000603668,0.7999652999396332,177.03349282296648
49,7,3,485.0,65.0,2.5,0.2000350695567622,0.7999649304432378,177.03349282296648
50,7,3,495.0,65.0,2.5,0.20003535703537878,0.7999646429646212,177.03349282296648
1,8,3,5.0,75.0,2.5,0.6675079448179526,0.3324920551820474,177.03349282296648
2,8,3,15.0,75.0,2.5,0.6462517603527468,0.3537482396472532,177.03349282296648
3,8,3,25.0,75.0,2.5,0.6223524404512158,0.37764755954878415,177.03349282296648
4,8,3,35.0,75.0,2.5,0.5985014047200404,0.40149859527995957,177.03349282296648
5,8,3,45.0,75.0,2.5,0.5769118609106262,0.4230881390893738,177.03349282296648
6,8,3,55.0,75.0,2.5,0.5587901471669848,0.44120985283301517,177.03349282296648
7,8,3,65.0,75.0,2.5,0.5427384172065619,0.4572615827934381,177.03349282296648
8,8,3,75.0,75.0,2.5,0.5259143468028203,0.47408565319717966,177.03349282296648
9,8,3,85.0,75.0,2.5,0.5076349041549605,0.4923650958450395,177.03349282296648
10,8,3,95.0,75.0,2.5,0.48829599235518345,0.5117040076448165,177.03349282296648
11,8,3,105.0,75.0,2.5,0.46733458431287994,0.53266541568712,177.03349282296648
12,8,3,115.0,75.0,2.5,0.4415988296193097,0.5584011703806904,177.03349282296648
13,8,3,125.0,75.0,2.5,0.4076134560512411,0.5923865439487589,177.03349282296648
14,8,3,135.0,75.0,2.5,0.3634075865057526,0.6365924134942473,177.03349282296648
15,8,3,145.0,75.0,2.5,0.3119250376628813,0.6880749623371187,177.03349282296648
16,8,3,155.0,75.0,2.5,0.2645893028973501,0.73541069710265,177.03349282296648
17,8,3,165.0,75.0,2.5,0.2323077350523206,0.7676922649476794,177.03349282296648
18,8,3,175.0,75.0,2.5,0.2142772370843783,0.7857227629156217,177.03349282296648
19,8,3,185.0,75.0,2.5,0.20507544522761648,0.7949245547723836,177.03349282296648
20,8,3,195.0,75.0,2.5,0.20131075980582905,0.798689240194171,177.03349282296648
21,8,3,205.0,75.0,2.5,0.2002937982990645,0.7997062017009355,177.03349282296648
22,8,3,215.0,75.0,2.5,0.20008737250265834,0.7999126274973416,177.03349282296648
23,8,3,225.0,75.0,2.5,0.20003963549462594,0.7999603645053741,177.03349282296648
24,8,3,235.0,75.0,2.5,0.20002848841593726,0.7999715115840628,177.03349282296648
25,8,3,245.0,75.0,2.5,0.20002681025054247,0.7999731897494575,177.03349282296648
26,8,3,255.0,75.0,2.5,0.20002672361809187,0.7999732763819081,177.03349282296648
27,8,3,265.0,75.0,2.5,0.20002697102638387,0.7999730289736161,177.03349282296648
28,8,3,275.0,75.0,2.5,0.20002728691696706,0.799972713083033,177.03349282296648
29,8,3,285.0,75.0,2.5,0.2000276204741678,0.7999723795258322,177.03349282296648
30,8,3,295.0,75.0,2.5,0.20002796161110553,0.7999720383888944,177.03349282296648
31,8,3,305.0,75.0,2.5,0.200028307503431,0.799971692496569,177.03349282296648
32,8,3,315.0,75.0,2.5,0.200028657439145,0.799971342560855,177.03349282296648
33,8,3,325.0,75.0,2.5,0.2000290110755862,0.7999709889244138,177.03349282296648
34,8,3,335.0,75.0,2.5,0.20002936818118178,0.7999706318188182,177.03349282296648
35,8,3,345.0,75.0,2.5,0.20002972863542565,0.7999702713645743,177.03349282296648
36,8,3,355.0,75.0,2.5,0.20003009237278685,0.7999699076272131,177.03349282296648
37,8,3,365.0,75.0,2.5,0.20003045936290584,0.7999695406370941,177.03349282296648
38,8,3,375.0,75.0,2.5,0.20003082948110457,0.7999691705188954,177.03349282296648
39,8,3,385.0,75.0,2.5,0.20003120245750378,0.7999687975424963,177.03349282296648
40,8,3,395.0,75.0,2.5,0.2000315779668648,0.7999684220331352,177.03349282296648
41,8,3,405.0,75.0,2.5,0.2000319556598744,0.7999680443401256,177.03349282296648
42,8,3,415.0,75.0,2.5,0.20003233513403632,0.7999676648659637,177.03349282296648
43,8,3,425.0,75.0,2.5,0.20003271585965987,0.7999672841403401,177.03349282296648
44,8,3,435.0,75.0,2.5,0.2000330969255832,0.7999669030744168,177.03349282296648
45,8,3,445.0,75.0,2.5,0.20003347670941013,0.7999665232905899,177.03349282296648
46,8,3,455.0,75.0,2.5,0.20003385226020196,0.799966147739798,177.03349282296648
47,8,3,465.0,75.0,2.5,0.20003421772697524,0.7999657822730247,177.03349282296648
48,8,3,475.0,75.0,2.5,0.2000345608978369,0.7999654391021631,177.03349282296648
49,8,3,485.0,75.0,2.5,0.20003485657634024,0.7999651434236598,177.03349282296648
50,8,3,495.0,75.0,2.5,0.20003505636681326,0.7999649436331867,177.03349282296648
1,9,3,5.0,85.0,2.5,0.6023186366175277,0.3976813633824723,177.03349282296648
2,9,3,15.0,85.0,2.5,0.5854532220846855,0.41454677791531447,177.03349282296648
3,9,3,25.0,85.0,2.5,0.5671615356129661,0.4328384643870339,177.03349282296648
4,9,3,35.0,85.0,2.5,0.54982093511587,0.45017906488412995,177.03349282296648
5,9,3,45.0,85.0,2.5,0.533617251688382,0.46638274831161797,177.03349282296648
6,9,3,55.0,85.0,2.5,0.5165810018214038,0.48341899817859624,177.03349282296648
7,9,3,65.0,85.0,2.5,0.4973579036589734,0.5026420963410265,177.03349282296648
8,9,3,75.0,85.0,2.5,0.47646456510249646,0.5235354348975035,177.03349282296648
9,9,3,85.0,85.0,2.5,0.4527422192665598,0.5472577807334402,177.03349282296648
10,9,3,95.0,85.0,2.5,0.4217199294660352,0.5782800705339648,177.03349282296648
11,9,3,105.0,85.0,2.5,0.37984571131471845,0.6201542886852816,177.03349282296648
12,9,3,115.0,85.0,2.5,0.3279042476701191,0.672095752329881,177.03349282296648
13,9,3,125.0,85.0,2.5,0.27525534014609293,0.7247446598539071,177.03349282296648
14,9,3,135.0,85.0,2.5,0.2361687739077215,0.7638312260922785,177.03349282296648
15,9,3,145.0,85.0,2.5,0.214599515089286,0.785400484910714,177.03349282296648
16,9,3,155.0,85.0,2.5,0.2047119245379125,0.7952880754620875,177.03349282296648
17,9,3,165.0,85.0,2.5,0.2010957589908276,0.7989042410091725,177.03349282296648
18,9,3,175.0,85.0,2.5,0.20022064777420734,0.7997793522257927,177.03349282296648
19,9,3,185.0,85.0,2.5,0.20006395691422868,0.7999360430857714,177.03349282296648
20,9,3,195.0,85.0,2.5,0.20003218368937237,0.7999678163106276,177.03349282296648
21,9,3,205.0,85.0,2.5,0.2000262170905183,0.7999737829094817,177.03349282296648
22,9,3,215.0,85.0,2.5,0.20002558527073747,0.7999744147292626,177.03349282296648
23,9,3,225.0,85.0,2.5,0.2000257007198748,0.7999742992801252,177.03349282296648
24,9,3,235.0,85.0,2.5,0.2000259809490768,0.7999740190509232,177.03349282296648
25,9,3,245.0,85.0,2.5,0.20002629392729854,0.7999737060727015,177.03349282296648
26,9,3,255.0,85.0,2.5,0.20002661794954868,0.7999733820504513,177.03349282296648
27,9,3,265.0,85.0,2.5,0.20002694799588114,0.7999730520041188,177.03349282296648
28,9,3,275.0,85.0,2.5,0.2000272824895638,0.7999727175104362,177.03349282296648
29,9,3,285.0,85.0,2.5,0.20002762086532774,0.7999723791346722,177.03349282296648
30,9,3,295.0,85.0,2.5,0.2000279629295417,0.7999720370704583,177.03349282296648
31,9,3,305.0,85.0,2.5,0.20002830879102387,0.7999716912089762,177.03349282296648
32,9,3,315.0,85.0,2.5,0.2000286585487503,0.7999713414512497,177.03349282296648
33,9,3,325.0,85.0,2.5,0.20002901208534007,0.7999709879146599,177.03349282296648
34,9,3,335.0,85.0,2.5,0.20002936913677122,0.7999706308632288,177.03349282296648
35,9,3,345.0,85.0,2.5,0.20002972943678757,0.7999702705632125,177.03349282296648
36,9,3,355.0,85.0,2.5,0.20003009285626097,0.7999699071437391,177.03349282296648
37,9,3,365.0,85.0,2.5,0.2000304593896589,0.7999695406103411,177.03349282296648
38,9,3,375.0,85.0,2.5,0.20003082895103344,0.7999691710489666,177.03349282296648
39,9,3,385.0,85.0,2.5,0.20003120123255722,0.7999687987674428,177.03349282296648
40,9,3,395.0,85.0,2.5,0.20003157572179708,0.7999684242782029,177.03349282296648
41,9,3,405.0,85.0,2.5,0.20003195176978764,0.7999680482302124,177.03349282296648
42,9,3,415.0,85.0,2.5,0.2000323286224437,0.7999676713775563,177.03349282296648
43,9,3,425.0,85.0,2.5,0.20003270525536498,0.799967294744635,177.03349282296648
44,9,3,435.0,85.0,2.5,0.20003307990687433,0.7999669200931256,177.03349282296648
45,9,3,445.0,85.0,2.5,0.20003344952166027,0.7999665504783398,177.03349282296648
46,9,3,455.0,85.0,2.5,0.20003380897144268,0.7999661910285574,177.03349282296648
47,9,3,465.0,85.0,2.5,0.20003414963168936,0.7999658503683107,177.03349282296648
48,9,3,475.0,85.0,2.5,0.20003445682411386,0.7999655431758861,177.03349282296648
49,9,3,485.0,85.0,2.5,0.20003470596880898,0.799965294031191,177.03349282296648
50,9,3,495.0,85.0,2.5,0.2000348595288977,0.7999651404711023,177.03349282296648
1,10,3,5.0,95.0,2.5,0.5008996648172156,0.4991003351827844,177.03349282296648
2,10,3,15.0,95.0,2.5,0.48873482229003345,0.5112651777099666,177.03349282296648
3,10,3,25.0,95.0,2.5,0.47417799041341774,0.5258220095865822,177.03349282296648
4,10,3,35.0,95.0,2.5,0.4548881657683678,0.5451118342316321,177.03349282296648
5,10,3,45.0,95.0,2.5,0.43010790212719446,0.5698920978728055,177.03349282296648
6,10,3,55.0,95.0,2.5,0.3997529356254577,0.6002470643745423,177.03349282296648
7,10,3,65.0,95.0,2.5,0.35927913068961853,0.6407208693103814,177.03349282296648
8,10,3,75.0,95.0,2.5,0.308250871587607,0.691749128412393,177.03349282296648
9,10,3,85.0,95.0,2.5,0.2579714732094086,0.7420285267905914,177.03349282296648
10,10,3,95.0,95.0,2.5,0.22362927591182313,0.7763707240881769,177.03349282296648
11,10,3,105.0,95.0,2.5,0.20725367754708712,0.7927463224529129,177.03349282296648
12,10,3,115.0,95.0,2.5,0.2016018065332878,0.7983981934667121,177.03349282296648
13,10,3,125.0,95.0,2.5,0.20029044471823462,0.7997095552817653,177.03349282296648
14,10,3,135.0,95.0,2.5,0.20006597066665888,0.7999340293333411,177.03349282296648
15,10,3,145.0,95.0,2.5,0.20002932821808925,0.7999706717819107,177.03349282296648
16,10,3,155.0,95.0,2.5,0.20002446102291435,0.7999755389770856,177.03349282296648
17,10,3,165.0,95.0,2.5,0.20002400622309838,0.7999759937769017,177.03349282296648
18,10,3,175.0,95.0,2.5,0.20002416552687813,0.7999758344731218,177.03349282296648
19,10,3,185.0,95.0,2.5,0.20002443607348974,0.7999755639265103,177.03349282296648
20,10,3,195.0,95.0,2.5,0.200024729848001,0.799975270151999,177.03349282296648
21,10,3,205.0,95.0,2.5,0.20002503260655174,0.7999749673934482,177.03349282296648
22,10,3,215.0,95.0,2.5,0.20002534106075218,0.7999746589392478,177.03349282296648
23,10,3,225.0,95.0,2.5,0.20002565411773066,0.7999743458822693,177.03349282296648
24,10,3,235.0,95.0,2.5,0.20002597132057529,0.7999740286794247,177.03349282296648
25,10,3,245.0,95.0,2.5,0.20002629277020909,0.7999737072297909,177.03349282296648
26,10,3,255.0,95.0,2.5,0.20002661870425278,0.7999733812957472,177.03349282296648
27,10,3,265.0,95.0,2.5,0.20002694908970448,0.7999730509102956,177.03349282296648
28,10,3,275.0,95.0,2.5,0.20002728359542113,0.7999727164045789,177.03349282296648
29,10,3,285.0,95.0,2.5,0.20002762187142245,0.7999723781285776,177.03349282296648
30,10,3,295.0,95.0,2.5,0.20002796383413646,0.7999720361658635,177.03349282296648
31,10,3,305.0,95.0,2.5,0.20002830962303467,0.7999716903769654,177.03349282296648
32,10,3,315.0,95.0,2.5,0.20002865932770741,0.7999713406722926,177.03349282296648
33,10,3,325.0,95.0,2.5,0.20002901281420968,0.7999709871857903,177.03349282296648
34,10,3,335.0,95.0,2.5,0.2000293697759342,0.7999706302240658,177.03349282296648
35,10,3,345.0,95.0,2.5,0.20002972993064075,0.7999702700693593,177.03349282296648
36,10,3,355.0,95.0,2.5,0.20003009317016032,0.7999699068298397,177.03349282296648
37,10,3,365.0,95.0,2.5,0.20003045948767473,0.7999695405123253,177.03349282296648
38,10,3,375.0,95.0,2.5,0.20003082877467815,0.7999691712253219,177.03349282296648
39,10,3,385.0,95.0,2.5,0.2000312006730094,0.7999687993269906,177.03349282296648
40,10,3,395.0,95.0,2.5,0.20003157456826076,0.7999684254317392,177.03349282296648
41,10,3,405.0,95.0,2.5,0.20003194967342666,0.7999680503265734,177.03349282296648
42,10,3,415.0,95.0,2.5,0.20003232505372318,0.7999676749462769,177.03349282296648
43,10,3,425.0,95.0,2.5,0.20003269939473284,0.7999673006052672,177.03349282296648
44,10,3,435.0,95.0,2.5,0.20003307044857196,0.799966929551428,177.03349282296648
45,10,3,445.0,95.0,2.5,0.20003343437775314,0.7999665656222469,177.03349282296648
46,10,3,455.0,95.0,2.5,0.20003378494214283,0.7999662150578571,177.03349282296648
47,10,3,465.0,95.0,2.5,0.2000341122530713,0.7999658877469287,177.03349282296648
48,10,3,475.0,95.0,2.5,0.2000344008220141,0.7999655991779859,177.03349282296648
49,10,3,485.0,95.0,2.5,0.20003462735400504,0.799965372645995,177.03349282296648
50,10,3,495.0,95.0,2.5,0.2000347609238278,0.7999652390761722,177.03349282296648
1,1,4,5.0,5.0,3.5,0.5901974805994429,0.4098025194005571,220.09569377990428
2,1,4,15.0,5.0,3.5,0.5761491314238191,0.42385086857618093,220.09569377990428
3,1,4,25.0,5.0,3.5,0.5609553115419621,0.4390446884580379,220.09569377990428
4,1,4,35.0,5.0,3.5,0.5459214542817797,0.45407854571822026,220.09569377990428
5,1,4,45.0,5.0,3.5,0.5312986499500799,0.4687013500499201,220.09569377990428
6,1,4,55.0,5.0,3.5,0.5173356559865703,0.4826643440134297,220.09569377990428
7,1,4,65.0,5.0,3.5,0.5034815133114244,0.49651848668857557,220.09569377990428
8,1,4,75.0,5.0,3.5,0.488068729773366,0.511931270226634,220.09569377990428
9,1,4,85.0,5.0,3.5,0.4711873243579704,0.5288126756420296,220.09569377990428
10,1,4,95.0,5.0,3.5,0.45283119439545905,0.547168805604541,220.09569377990428
11,1,4,105.0,5.0,3.5,0.4302786788665048,0.5697213211334953,220.09569377990428
12,1,4,115.0,5.0,3.5,0.3989974212001074,0.6010025787998926,220.09569377990428
13,1,4,125.0,5.0,3.5,0.35647631846631644,0.6435236815336836,220.09569377990428
14,1,4,135.0,5.0,3.5,0.30622053768852414,0.6937794623114759,220.09569377990428
15,1,4,145.0,5.0,3.5,0.259862386943624,0.7401376130563759,220.09569377990428
16,1,4,155.0,5.0,3.5,0.22813389047129487,0.7718661095287052,220.09569377990428
17,1,4,165.0,5.0,3.5,0.21098380429503516,0.7890161957049648,220.09569377990428
18,1,4,175.0,5.0,3.5,0.20332132963310795,0.796678670366892,220.09569377990428
19,1,4,185.0,5.0,3.5,0.20078518988806396,0.7992148101119361,220.09569377990428
20,1,4,195.0,5.0,3.5,0.2001894187754961,0.7998105812245039,220.09569377990428
21,1,4,205.0,5.0,3.5,0.20006083633024888,0.7999391636697512,220.09569377990428
22,1,4,215.0,5.0,3.5,0.20003157563424517,0.7999684243657548,220.09569377990428
23,1,4,225.0,5.0,3.5,0.20002659368117207,0.799973406318828,220.09569377990428
24,1,4,235.0,5.0,3.5,0.20002600352126362,0.7999739964787363,220.09569377990428
25,1,4,245.0,5.0,3.5,0.2000261256132452,0.7999738743867548,220.09569377990428
26,1,4,255.0,5.0,3.5,0.2000264066399473,0.7999735933600527,220.09569377990428
27,1,4,265.0,5.0,3.5,0.2000267248414758,0.7999732751585242,220.09569377990428
28,1,4,275.0,5.0,3.5,0.20002705622311848,0.7999729437768816,220.09569377990428
29,1,4,285.0,5.0,3.5,0.20002739412644277,0.7999726058735572,220.09569377990428
30,1,4,295.0,5.0,3.5,0.20002773662091597,0.799972263379084,220.09569377990428
31,1,4,305.0,5.0,3.5,0.20002808295158098,0.799971917048419,220.09569377990428
32,1,4,315.0,5.0,3.5,0.20002843282363103,0.799971567176369,220.09569377990428
33,1,4,325.0,5.0,3.5,0.20002878640095498,0.799971213599045,220.09569377990428
34,1,4,335.0,5.0,3.5,0.20002914394389948,0.7999708560561005,220.09569377990428
35,1,4,345.0,5.0,3.5,0.2000295055299903,0.7999704944700097,220.09569377990428
36,1,4,355.0,5.0,3.5,0.20002987100821373,0.7999701289917862,220.09569377990428
37,1,4,365.0,5.0,3.5,0.2000302401255137,0.7999697598744863,220.09569377990428
38,1,4,375.0,5.0,3.5,0.2000306128092098,0.7999693871907902,220.09569377990428
39,1,4,385.0,5.0,3.5,0.2000309892554864,0.7999690107445137,220.09569377990428
40,1,4,395.0,5.0,3.5,0.20003136972138139,0.7999686302786186,220.09569377990428
41,1,4,405.0,5.0,3.5,0.20003175432243558,0.7999682456775644,220.09569377990428
42,1,4,415.0,5.0,3.5,0.20003214291572824,0.7999678570842718,220.09569377990428
43,1,4,425.0,5.0,3.5,0.20003253501534782,0.7999674649846522,220.09569377990428
44,1,4,435.0,5.0,3.5,0.2000329296933708,0.7999670703066292,220.09569377990428
45,1,4,445.0,5.0,3.5,0.20003332523324302,0.799966674766757,220.09569377990428
46,1,4,455.0,5.0,3.5,0.2000337181394599,0.7999662818605401,220.09569377990428
47,1,4,465.0,5.0,3.5,0.20003410100699354,0.7999658989930065,220.09569377990428
48,1,4,475.0,5.0,3.5,0.20003445883655782,0.7999655411634422,220.09569377990428
49,1,4,485.0,5.0,3.5,0.2000347627864421,0.799965237213558,220.09569377990428
50,1,4,495.0,5.0,3.5,0.200034962183773,0.799965037816227,220.09569377990428
1,2,4,5.0,15.0,3.5,0.674408906429348,0.32559109357065197,220.09569377990428
2,2,4,15.0,15.0,3.5,0.6554572174597095,0.34454278254029047,220.09569377990428
3,2,4,25.0,15.0,3.5,0.634790225085503,0.365209774914497,220.09569377990428
4,2,4,35.0,15.0,3.5,0.6148146349946888,0.3851853650053112,220.09569377990428
5,2,4,45.0,15.0,3.5,0.5968050715180861,0.40319492848191385,220.09569377990428
6,2,4,55.0,15.0,3.5,0.580824053351058,0.419175946648942,220.09569377990428
7,2,4,65.0,15.0,3.5,0.566066012947825,0.433933987052175,220.09569377990428
8,2,4,75.0,15.0,3.5,0.5519816696498565,0.4480183303501435,220.09569377990428
9,2,4,85.0,15.0,3.5,0.5385656532250858,0.46143434677491424,220.09569377990428
10,2,4,95.0,15.0,3.5,0.5250335599034587,0.4749664400965413,220.09569377990428
11,2,4,105.0,15.0,3.5,0.5111502578756097,0.48884974212439025,220.09569377990428
12,2,4,115.0,15.0,3.5,0.49686738954921306,0.5031326104507869,220.09569377990428
13,2,4,125.0,15.0,3.5,0.48203126623877723,0.5179687337612228,220.09569377990428
14,2,4,135.0,15.0,3.5,0.46573083460045805,0.534269165399542,220.09569377990428
15,2,4,145.0,15.0,3.5,0.4455159067485713,0.5544840932514288,220.09569377990428
16,2,4,155.0,15.0,3.5,0.41824883941999086,0.5817511605800092,220.09569377990428
17,2,4,165.0,15.0,3.5,0.38176395449937395,0.618236045500626,220.09569377990428
18,2,4,175.0,15.0,3.5,0.3365472230116923,0.6634527769883076,220.09569377990428
19,2,4,185.0,15.0,3.5,0.28892350079417156,0.7110764992058285,220.09569377990428
20,2,4,195.0,15.0,3.5,0.24991608585789402,0.750083914142106,220.09569377990428
21,2,4,205.0,15.0,3.5,0.2248747740760013,0.7751252259239987,220.09569377990428
22,2,4,215.0,15.0,3.5,0.21082474648662516,0.7891752535133748,220.09569377990428
23,2,4,225.0,15.0,3.5,0.20374607866277783,0.7962539213372222,220.09569377990428
24,2,4,235.0,15.0,3.5,0.2009977865109347,0.7990022134890653,220.09569377990428
25,2,4,245.0,15.0,3.5,0.20025569754022524,0.7997443024597748,220.09569377990428
26,2,4,255.0,15.0,3.5,0.20008512319338462,0.7999148768066153,220.09569377990428
27,2,4,265.0,15.0,3.5,0.2000403100514089,0.7999596899485911,220.09569377990428
28,2,4,275.0,15.0,3.5,0.2000296129153436,0.7999703870846564,220.09569377990428
29,2,4,285.0,15.0,3.5,0.20002797189931043,0.7999720281006896,220.09569377990428
30,2,4,295.0,15.0,3.5,0.20002787037796715,0.7999721296220328,220.09569377990428
31,2,4,305.0,15.0,3.5,0.20002811657854275,0.7999718834214573,220.09569377990428
32,2,4,315.0,15.0,3.5,0.20002844117624977,0.7999715588237503,220.09569377990428
33,2,4,325.0,15.0,3.5,0.2000287876853731,0.7999712123146269,220.09569377990428
34,2,4,335.0,15.0,3.5,0.20002914357606683,0.7999708564239332,220.09569377990428
35,2,4,345.0,15.0,3.5,0.20002950477994016,0.7999704952200598,220.09569377990428
36,2,4,355.0,15.0,3.5,0.20002987009385922,0.7999701299061408,220.09569377990428
37,2,4,365.0,15.0,3.5,0.20003023910067066,0.7999697608993294,220.09569377990428
38,2,4,375.0,15.0,3.5,0.20003061170604403,0.799969388293956,220.09569377990428
39,2,4,385.0,15.0,3.5,0.20003098811021705,0.799969011889783,220.09569377990428
40,2,4,395.0,15.0,3.5,0.20003136855594883,0.7999686314440512,220.09569377990428
41,2,4,405.0,15.0,3.5,0.2000317531786759,0.7999682468213241,220.09569377990428
42,2,4,415.0,15.0,3.5,0.20003214197128585,0.7999678580287142,220.09569377990428
43,2,4,425.0,15.0,3.5,0.2000325347365024,0.7999674652634976,220.09569377990428
44,2,4,435.0,15.0,3.5,0.20003293106642542,0.7999670689335746,220.09569377990428
45,2,4,445.0,15.0,3.5,0.20003333016794606,0.799966669832054,220.09569377990428
46,2,4,455.0,15.0,3.5,0.2000337300540669,0.7999662699459331,220.09569377990428
47,2,4,465.0,15.0,3.5,0.20003412567739204,0.7999658743226079,220.09569377990428
48,2,4,475.0,15.0,3.5,0.20003450516979668,0.7999654948302033,220.09569377990428
49,2,4,485.0,15.0,3.5,0.2000348419639329,0.7999651580360672,220.09569377990428
50,2,4,495.0,15.0,3.5,0.2000350801535141,0.7999649198464859,220.09569377990428
1,3,4,5.0,25.0,3.5,0.7259609359680882,0.2740390640319118,220.09569377990428
2,3,4,15.0,25.0,3.5,0.7039814175677909,0.29601858243220913,220.09569377990428
3,3,4,25.0,25.0,3.5,0.6796239048229212,0.32037609517707877,220.09569377990428
4,3,4,35.0,25.0,3.5,0.6554589133983231,0.3445410866016769,220.09569377990428
5,3,4,45.0,25.0,3.5,0.6330814761040329,0.36691852389596713,220.09569377990428
6,3,4,55.0,25.0,3.5,0.6134016050886865,0.38659839491131354,220.09569377990428
7,3,4,65.0,25.0,3.5,0.5965088205514958,0.4034911794485042,220.09569377990428
8,3,4,75.0,25.0,3.5,0.5815312064713224,0.4184687935286776,220.09569377990428
9,3,4,85.0,25.0,3.5,0.567534155334582,0.43246584466541804,220.09569377990428
10,3,4,95.0,25.0,3.5,0.5542109758638766,0.4457890241361234,220.09569377990428
11,3,4,105.0,25.0,3.5,0.5413819531148021,0.4586180468851979,220.09569377990428
12,3,4,115.0,25.0,3.5,0.5284175341780558,0.4715824658219442,220.09569377990428
13,3,4,125.0,25.0,3.5,0.5153962370226468,0.4846037629773532,220.09569377990428
14,3,4,135.0,25.0,3.5,0.5021810435167138,0.4978189564832862,220.09569377990428
15,3,4,145.0,25.0,3.5,0.48851495474590517,0.5114850452540949,220.09569377990428
16,3,4,155.0,25.0,3.5,0.47382337184830897,0.5261766281516911,220.09569377990428
17,3,4,165.0,25.0,3.5,0.4566252936329648,0.5433747063670352,220.09569377990428
18,3,4,175.0,25.0,3.5,0.4345890291377559,0.5654109708622441,220.09569377990428
19,3,4,185.0,25.0,3.5,0.4053963585882247,0.5946036414117752,220.09569377990428
20,3,4,195.0,25.0,3.5,0.3675533676897994,0.6324466323102006,220.09569377990428
21,3,4,205.0,25.0,3.5,0.32261542398328047,0.6773845760167195,220.09569377990428
22,3,4,215.0,25.0,3.5,0.27832813609785134,0.7216718639021487,220.09569377990428
23,3,4,225.0,25.0,3.5,0.24438174213408936,0.7556182578659106,220.09569377990428
24,3,4,235.0,25.0,3.5,0.22293673318284402,0.777063266817156,220.09569377990428
25,3,4,245.0,25.0,3.5,0.21036818848021993,0.78963181151978,220.09569377990428
26,3,4,255.0,25.0,3.5,0.2037215092826763,0.7962784907173237,220.09569377990428
27,3,4,265.0,25.0,3.5,0.20104591967136703,0.798954080328633,220.09569377990428
28,3,4,275.0,25.0,3.5,0.20028475262068104,0.799715247379319,220.09569377990428
29,3,4,285.0,25.0,3.5,0.2000969353145999,0.7999030646854001,220.09569377990428
30,3,4,295.0,25.0,3.5,0.20004495205772752,0.7999550479422725,220.09569377990428
31,3,4,305.0,25.0,3.5,0.2000315661718402,0.7999684338281599,220.09569377990428
32,3,4,315.0,25.0,3.5,0.20002921831925607,0.799970781680744,220.09569377990428
33,3,4,325.0,25.0,3.5,0.20002897600037622,0.7999710239996238,220.09569377990428
34,3,4,335.0,25.0,3.5,0.20002919081240986,0.7999708091875901,220.09569377990428
35,3,4,345.0,25.0,3.5,0.20002951663122043,0.7999704833687795,220.09569377990428
36,3,4,355.0,25.0,3.5,0.20002987175360565,0.7999701282463944,220.09569377990428
37,3,4,365.0,25.0,3.5,0.2000302379610987,0.7999697620389012,220.09569377990428
38,3,4,375.0,25.0,3.5,0.20003060987350946,0.7999693901264906,220.09569377990428
39,3,4,385.0,25.0,3.5,0.20003098609954184,0.7999690139004582,220.09569377990428
40,3,4,395.0,25.0,3.5,0.20003136645437977,0.7999686335456202,220.09569377990428
41,3,4,405.0,25.0,3.5,0.2000317509705757,0.7999682490294243,220.09569377990428
42,3,4,415.0,25.0,3.5,0.2000321398441807,0.7999678601558193,220.09569377990428
43,3,4,425.0,25.0,3.5,0.20003253340129676,0.7999674665987032,220.09569377990428
44,3,4,435.0,25.0,3.5,0.20003293215200108,0.7999670678479989,220.09569377990428
45,3,4,445.0,25.0,3.5,0.20003333681540453,0.7999666631845954,220.09569377990428
46,3,4,455.0,25.0,3.5,0.20003374800957632,0.7999662519904237,220.09569377990428
47,3,4,465.0,25.0,3.5,0.20003416499277696,0.7999658350072231,220.09569377990428
48,3,4,475.0,25.0,3.5,0.20003458189187243,0.7999654181081276,220.09569377990428
49,3,4,485.0,25.0,3.5,0.20003497782312923,0.7999650221768708,220.09569377990428
50,3,4,495.0,25.0,3.5,0.20003529617147692,0.7999647038285231,220.09569377990428
1,4,4,5.0,35.0,3.5,0.7623568343868389,0.23764316561316112,220.09569377990428
2,4,4,15.0,35.0,3.5,0.7394189937943225,0.2605810062056775,220.09569377990428
3,4,4,25.0,35.0,3.5,0.7129279865715067,0.2870720134284933,220.09569377990428
4,4,4,35.0,35.0,3.5,0.6860478129626866,0.3139521870373134,220.09569377990428
5,4,4,45.0,35.0,3.5,0.6606764265059891,0.3393235734940109,220.09569377990428
6,4,4,55.0,35.0,3.5,0.6378605596391925,0.3621394403608075,220.09569377990428
7,4,4,65.0,35.0,3.5,0.6181374963069184,0.3818625036930816,220.09569377990428
8,4,4,75.0,35.0,3.5,0.6014233801621585,0.39857661983784154,220.09569377990428
9,4,4,85.0,35.0,3.5,0.5867883958964765,0.41321160410352353,220.09569377990428
10,4,4,95.0,35.0,3.5,0.5731357414361509,0.42686425856384913,220.09569377990428
11,4,4,105.0,35.0,3.5,0.5600287822993864,0.43997121770061365,220.09569377990428
12,4,4,115.0,35.0,3.5,0.5474675292722934,0.45253247072770664,220.09569377990428
13,4,4,125.0,35.0,3.5,0.5350109120800323,0.46498908791996774,220.09569377990428
14,4,4,135.0,35.0,3.5,0.5225697829151559,0.4774302170848441,220.09569377990428
15,4,4,145.0,35.0,3.5,0.5100784048971523,0.4899215951028477,220.09569377990428
16,4,4,155.0,35.0,3.5,0.4973355345245464,0.5026644654754536,220.09569377990428
17,4,4,165.0,35.0,3.5,0.4841291741941458,0.5158708258058542,220.09569377990428
18,4,4,175.0,35.0,3.5,0.4696688785516275,0.5303311214483726,220.09569377990428
19,4,4,185.0,35.0,3.5,0.4522613815198282,0.5477386184801718,220.09569377990428
20,4,4,195.0,35.0,3.5,0.4297242833685356,0.5702757166314645,220.09569377990428
21,4,4,205.0,35.0,3.5,0.40015121196225073,0.5998487880377492,220.09569377990428
22,4,4,215.0,35.0,3.5,0.36254599686666056,0.6374540031333394,220.09569377990428
23,4,4,225.0,35.0,3.5,0.31891234969807863,0.6810876503019214,220.09569377990428
24,4,4,235.0,35.0,3.5,0.2766894649016928,0.7233105350983071,220.09569377990428
25,4,4,245.0,35.0,3.5,0.24431195670773878,0.7556880432922612,220.09569377990428
26,4,4,255.0,35.0,3.5,0.2233604019141447,0.7766395980858554,220.09569377990428
27,4,4,265.0,35.0,3.5,0.21076220545686358,0.7892377945431364,220.09569377990428
28,4,4,275.0,35.0,3.5,0.20399412043938991,0.7960058795606101,220.09569377990428
29,4,4,285.0,35.0,3.5,0.2011873353212541,0.7988126646787459,220.09569377990428
30,4,4,295.0,35.0,3.5,0.2003385492815285,0.7996614507184715,220.09569377990428
31,4,4,305.0,35.0,3.5,0.20011447119946105,0.799885528800539,220.09569377990428
32,4,4,315.0,35.0,3.5,0.20005018158123458,0.7999498184187654,220.09569377990428
33,4,4,325.0,35.0,3.5,0.20003323089179353,0.7999667691082064,220.09569377990428
34,4,4,335.0,35.0,3.5,0.20003011982694086,0.7999698801730591,220.09569377990428
35,4,4,345.0,35.0,3.5,0.20002975155417063,0.7999702484458293,220.09569377990428
36,4,4,355.0,35.0,3.5,0.2000299322543288,0.7999700677456711,220.09569377990428
37,4,4,365.0,35.0,3.5,0.20003025349536083,0.7999697465046391,220.09569377990428
38,4,4,375.0,35.0,3.5,0.200030612094817,0.799969387905183,220.09569377990428
39,4,4,385.0,35.0,3.5,0.2000309844148239,0.7999690155851761,220.09569377990428
40,4,4,395.0,35.0,3.5,0.20003136349471207,0.7999686365052879,220.09569377990428
41,4,4,405.0,35.0,3.5,0.2000317474461935,0.7999682525538065,220.09569377990428
42,4,4,415.0,35.0,3.5,0.20003213614206003,0.7999678638579399,220.09569377990428
43,4,4,425.0,35.0,3.5,0.20003253004131546,0.7999674699586845,220.09569377990428
44,4,4,435.0,35.0,3.5,0.200032930370692,0.799967069629308,220.09569377990428
45,4,4,445.0,35.0,3.5,0.2000333394975462,0.7999666605024538,220.09569377990428
46,4,4,455.0,35.0,3.5,0.20003376131052616,0.7999662386894738,220.09569377990428
47,4,4,465.0,35.0,3.5,0.20003420113519826,0.7999657988648017,220.09569377990428
48,4,4,475.0,35.0,3.5,0.20003466239387888,0.7999653376061211,220.09569377990428
49,4,4,485.0,35.0,3.5,0.20003513038046752,0.7999648696195325,220.09569377990428
50,4,4,495.0,35.0,3.5,0.2000355440707697,0.7999644559292303,220.09569377990428
1,5,4,5.0,45.0,3.5,0.7881806722318176,0.21181932776818235,220.09569377990428
2,5,4,15.0,45.0,3.5,0.7681924760672344,0.2318075239327656,220.09569377990428
3,5,4,25.0,45.0,3.5,0.7414700200850395,0.2585299799149605,220.09569377990428
4,5,4,35.0,45.0,3.5,0.7133500644321008,0.2866499355678992,220.09569377990428
5,5,4,45.0,45.0,3.5,0.6866940323004068,0.3133059676995932,220.09569377990428
6,5,4,55.0,45.0,3.5,0.662465897510764,0.337534102489236,220.09569377990428
7,5,4,65.0,45.0,3.5,0.641062672561209,0.35893732743879103,220.09569377990428
8,5,4,75.0,45.0,3.5,0.62267781984542,0.37732218015457997,220.09569377990428
9,5,4,85.0,45.0,3.5,0.6069421490515915,0.3930578509484085,220.09569377990428
10,5,4,95.0,45.0,3.5,0.5929031020652921,0.40709689793470794,220.09569377990428
11,5,4,105.0,45.0,3.5,0.5797122953431175,0.4202877046568825,220.09569377990428
12,5,4,115.0,45.0,3.5,0.5670351146253432,0.4329648853746568,220.09569377990428
13,5,4,125.0,45.0,3.5,0.5548628978851825,0.4451371021148175,220.09569377990428
14,5,4,135.0,45.0,3.5,0.5429085096888666,0.4570914903111334,220.09569377990428
15,5,4,145.0,45.0,3.5,0.5311285403875983,0.46887145961240173,220.09569377990428
16,5,4,155.0,45.0,3.5,0.5193869503220022,0.4806130496779978,220.09569377990428
17,5,4,165.0,45.0,3.5,0.5074183713800489,0.49258162861995114,220.09569377990428
18,5,4,175.0,45.0,3.5,0.4951482111145275,0.5048517888854724,220.09569377990428
19,5,4,185.0,45.0,3.5,0.48223200170209696,0.5177679982979031,220.09569377990428
20,5,4,195.0,45.0,3.5,0.46763382171825296,0.532366178281747,220.09569377990428
21,5,4,205.0,45.0,3.5,0.44959821231458874,0.5504017876854113,220.09569377990428
22,5,4,215.0,45.0,3.5,0.42617284764906305,0.573827152350937,220.09569377990428
23,5,4,225.0,45.0,3.5,0.3957591618482659,0.6042408381517341,220.09569377990428
24,5,4,235.0,45.0,3.5,0.3576696516500343,0.6423303483499657,220.09569377990428
25,5,4,245.0,45.0,3.5,0.3142716677704218,0.6857283322295782,220.09569377990428
26,5,4,255.0,45.0,3.5,0.27306233033508087,0.7269376696649191,220.09569377990428
27,5,4,265.0,45.0,3.5,0.24182894411815156,0.7581710558818484,220.09569377990428
28,5,4,275.0,45.0,3.5,0.22171812733737914,0.7782818726626208,220.09569377990428
29,5,4,285.0,45.0,3.5,0.2098124337115186,0.7901875662884814,220.09569377990428
30,5,4,295.0,45.0,3.5,0.2035860989800197,0.7964139010199803,220.09569377990428
31,5,4,305.0,45.0,3.5,0.20106349257719952,0.7989365074228005,220.09569377990428
32,5,4,315.0,45.0,3.5,0.20030541114294106,0.7996945888570589,220.09569377990428
33,5,4,325.0,45.0,3.5,0.2001039920469422,0.7998960079530578,220.09569377990428
34,5,4,335.0,45.0,3.5,0.20004725461292436,0.7999527453870756,220.09569377990428
35,5,4,345.0,45.0,3.5,0.2000330769585905,0.7999669230414095,220.09569377990428
36,5,4,355.0,45.0,3.5,0.20003066990793902,0.799969330092061,220.09569377990428
37,5,4,365.0,45.0,3.5,0.20003043542636903,0.799969564573631,220.09569377990428
38,5,4,375.0,45.0,3.5,0.20003065794845112,0.7999693420515489,220.09569377990428
39,5,4,385.0,45.0,3.5,0.2000309946602676,0.7999690053397324,220.09569377990428
40,5,4,395.0,45.0,3.5,0.2000313629204952,0.7999686370795048,220.09569377990428
41,5,4,405.0,45.0,3.5,0.20003174343469116,0.7999682565653088,220.09569377990428
42,5,4,415.0,45.0,3.5,0.20003213052466462,0.7999678694753354,220.09569377990428
43,5,4,425.0,45.0,3.5,0.20003252323020076,0.7999674767697993,220.09569377990428
44,5,4,435.0,45.0,3.5,0.20003292264178768,0.7999670773582124,220.09569377990428
45,5,4,445.0,45.0,3.5,0.20003333159676337,0.7999666684032366,220.09569377990428
46,5,4,455.0,45.0,3.5,0.2000337556803101,0.7999662443196899,220.09569377990428
47,5,4,465.0,45.0,3.5,0.20003420453040988,0.7999657954695901,220.09569377990428
48,5,4,475.0,45.0,3.5,0.20003468856617634,0.7999653114338237,220.09569377990428
49,5,4,485.0,45.0,3.5,0.20003516985648453,0.7999648301435155,220.09569377990428
50,5,4,495.0,45.0,3.5,0.20003541871552194,0.799964581284478,220.09569377990428
1,6,4,5.0,55.0,3.5,0.7639014718918643,0.2360985281081357,220.09569377990428
2,6,4,15.0,55.0,3.5,0.7420767577664259,0.2579232422335741,220.09569377990428
3,6,4,25.0,55.0,3.5,0.7167382946411586,0.28326170535884143,220.09569377990428
4,6,4,35.0,55.0,3.5,0.6907840179476843,0.3092159820523157,220.09569377990428
5,6,4,45.0,55.0,3.5,0.6660206186803944,0.3339793813196056,220.09569377990428
6,6,4,55.0,55.0,3.5,0.6434416455060019,0.3565583544939981,220.09569377990428
7,6,4,65.0,55.0,3.5,0.6236673621677824,0.3763326378322176,220.09569377990428
8,6,4,75.0,55.0,3.5,0.6068504060421076,0.3931495939578924,220.09569377990428
9,6,4,85.0,55.0,3.5,0.5922344768545393,0.40776552314546066,220.09569377990428
10,6,4,95.0,55.0,3.5,0.5786645958008821,0.42133540419911786,220.09569377990428
11,6,4,105.0,55.0,3.5,0.5655843119622701,0.4344156880377299,220.09569377990428
12,6,4,115.0,55.0,3.5,0.5530314279802476,0.4469685720197524,220.09569377990428
13,6,4,125.0,55.0,3.5,0.5408129056287648,0.45918709437123517,220.09569377990428
14,6,4,135.0,55.0,3.5,0.5285519236575922,0.4714480763424078,220.09569377990428
15,6,4,145.0,55.0,3.5,0.516304561615792,0.48369543838420803,220.09569377990428
16,6,4,155.0,55.0,3.5,0.5038174744618099,0.4961825255381901,220.09569377990428
17,6,4,165.0,55.0,3.5,0.49099138270492987,0.5090086172950701,220.09569377990428
18,6,4,175.0,55.0,3.5,0.47741863163721676,0.5225813683627832,220.09569377990428
19,6,4,185.0,55.0,3.5,0.4618619137659052,0.5381380862340948,220.09569377990428
20,6,4,195.0,55.0,3.5,0.44230318834366444,0.5576968116563356,220.09569377990428
21,6,4,205.0,55.0,3.5,0.41665320042852455,0.5833467995714754,220.09569377990428
22,6,4,215.0,55.0,3.5,0.38337584010233305,0.616624159897667,220.09569377990428
23,6,4,225.0,55.0,3.5,0.3426175902816489,0.6573824097183512,220.09569377990428
24,6,4,235.0,55.0,3.5,0.29886213147936225,0.7011378685206378,220.09569377990428
25,6,4,245.0,55.0,3.5,0.26080649890190677,0.7391935010980932,220.09569377990428
26,6,4,255.0,55.0,3.5,0.23393358450715304,0.7660664154928469,220.09569377990428
27,6,4,265.0,55.0,3.5,0.2170122647216722,0.7829877352783278,220.09569377990428
28,6,4,275.0,55.0,3.5,0.2071784129425954,0.7928215870574046,220.09569377990428
29,6,4,285.0,55.0,3.5,0.2024007756390225,0.7975992243609775,220.09569377990428
30,6,4,295.0,55.0,3.5,0.20068652463508896,0.799313475364911,220.09569377990428
31,6,4,305.0,55.0,3.5,0.20020877133095702,0.799791228669043,220.09569377990428
32,6,4,315.0,55.0,3.5,0.20007749253023702,0.799922507469763,220.09569377990428
33,6,4,325.0,55.0,3.5,0.20003989054310423,0.7999601094568958,220.09569377990428
34,6,4,335.0,55.0,3.5,0.20003125653757514,0.7999687434624249,220.09569377990428
35,6,4,345.0,55.0,3.5,0.2000300318914797,0.7999699681085203,220.09569377990428
36,6,4,355.0,55.0,3.5,0.20002999845111777,0.7999700015488822,220.09569377990428
37,6,4,365.0,55.0,3.5,0.20003026847199337,0.7999697315280067,220.09569377990428
38,6,4,375.0,55.0,3.5,0.20003061310071882,0.7999693868992812,220.09569377990428
39,6,4,385.0,55.0,3.5,0.20003098025746052,0.7999690197425395,220.09569377990428
40,6,4,395.0,55.0,3.5,0.20003135652766876,0.7999686434723312,220.09569377990428
41,6,4,405.0,55.0,3.5,0.20003173780246883,0.7999682621975311,220.09569377990428
42,6,4,415.0,55.0,3.5,0.20003212321921593,0.7999678767807841,220.09569377990428
43,6,4,425.0,55.0,3.5,0.2000325129657815,0.7999674870342185,220.09569377990428
44,6,4,435.0,55.0,3.5,0.20003290800001344,0.7999670919999866,220.09569377990428
45,6,4,445.0,55.0,3.5,0.20003331037789765,0.7999666896221024,220.09569377990428
46,6,4,455.0,55.0,3.5,0.20003372351218535,0.7999662764878146,220.09569377990428
47,6,4,465.0,55.0,3.5,0.20003415176546904,0.799965848234531,220.09569377990428
48,6,4,475.0,55.0,3.5,0.20003459630005518,0.7999654036999448,220.09569377990428
49,6,4,485.0,55.0,3.5,0.20003503877955803,0.799964961220442,220.09569377990428
50,6,4,495.0,55.0,3.5,0.20003541757550727,0.7999645824244928,220.09569377990428
1,7,4,5.0,65.0,3.5,0.7309750412687119,0.26902495873128807,220.09569377990428
2,7,4,15.0,65.0,3.5,0.7102502168656775,0.28974978313432254,220.09569377990428
3,7,4,25.0,65.0,3.5,0.686930655757713,0.31306934424228705,220.09569377990428
4,7,4,35.0,65.0,3.5,0.6633697269495306,0.33663027305046944,220.09569377990428
5,7,4,45.0,65.0,3.5,0.6411271851713103,0.3588728148286897,220.09569377990428
6,7,4,55.0,65.0,3.5,0.6212397569613687,0.3787602430386313,220.09569377990428
7,7,4,65.0,65.0,3.5,0.6041098306468521,0.3958901693531479,220.09569377990428
8,7,4,75.0,65.0,3.5,0.5891410868746161,0.4108589131253839,220.09569377990428
9,7,4,85.0,65.0,3.5,0.5752646765585855,0.4247353234414145,220.09569377990428
10,7,4,95.0,65.0,3.5,0.5619641344896227,0.4380358655103773,220.09569377990428
11,7,4,105.0,65.0,3.5,0.5492439333130616,0.45075606668693835,220.09569377990428
12,7,4,115.0,65.0,3.5,0.5366983638165702,0.4633016361834298,220.09569377990428
13,7,4,125.0,65.0,3.5,0.5240307777660493,0.47596922223395066,220.09569377990428
14,7,4,135.0,65.0,3.5,0.5112987494735359,0.48870125052646407,220.09569377990428
15,7,4,145.0,65.0,3.5,0.49829447520374337,0.5017055247962566,220.09569377990428
16,7,4,155.0,65.0,3.5,0.48480147355573555,0.5151985264442644,220.09569377990428
17,7,4,165.0,65.0,3.5,0.4700455027153173,0.5299544972846827,220.09569377990428
18,7,4,175.0,65.0,3.5,0.45231157365414026,0.5476884263458597,220.09569377990428
19,7,4,185.0,65.0,3.5,0.42933721656907264,0.5706627834309274,220.09569377990428
20,7,4,195.0,65.0,3.5,0.39911657314951515,0.6008834268504848,220.09569377990428
21,7,4,205.0,65.0,3.5,0.3606304909906999,0.6393695090093001,220.09569377990428
22,7,4,215.0,65.0,3.5,0.31618410714163275,0.6838158928583673,220.09569377990428
23,7,4,225.0,65.0,3.5,0.27382795088634737,0.7261720491136526,220.09569377990428
24,7,4,235.0,65.0,3.5,0.2420272486198594,0.7579727513801406,220.09569377990428
25,7,4,245.0,65.0,3.5,0.22178565524621563,0.7782143447537844,220.09569377990428
26,7,4,255.0,65.0,3.5,0.2097783805512944,0.7902216194487056,220.09569377990428
27,7,4,265.0,65.0,3.5,0.20349153053282254,0.7965084694671775,220.09569377990428
28,7,4,275.0,65.0,3.5,0.20100066178791295,0.798999338212087,220.09569377990428
29,7,4,285.0,65.0,3.5,0.20028356615726742,0.7997164338427326,220.09569377990428
30,7,4,295.0,65.0,3.5,0.20009809031006673,0.7999019096899332,220.09569377990428
31,7,4,305.0,65.0,3.5,0.20004524044003533,0.7999547595599646,220.09569377990428
32,7,4,315.0,65.0,3.5,0.20003183175324257,0.7999681682467574,220.09569377990428
33,7,4,325.0,65.0,3.5,0.20002955645550635,0.7999704435444936,220.09569377990428
34,7,4,335.0,65.0,3.5,0.2000293309409424,0.7999706690590576,220.09569377990428
35,7,4,345.0,65.0,3.5,0.20002955020152982,0.7999704497984702,220.09569377990428
36,7,4,355.0,65.0,3.5,0.2000298779635922,0.7999701220364078,220.09569377990428
37,7,4,365.0,65.0,3.5,0.20003023505474699,0.7999697649452531,220.09569377990428
38,7,4,375.0,65.0,3.5,0.20003060305970047,0.7999693969402996,220.09569377990428
39,7,4,385.0,65.0,3.5,0.20003097621232183,0.7999690237876782,220.09569377990428
40,7,4,395.0,65.0,3.5,0.2000313528691379,0.7999686471308621,220.09569377990428
41,7,4,405.0,65.0,3.5,0.2000317325584799,0.79996826744152,220.09569377990428
42,7,4,415.0,65.0,3.5,0.20003211506402951,0.7999678849359705,220.09569377990428
43,7,4,425.0,65.0,3.5,0.20003250041837398,0.799967499581626,220.09569377990428
44,7,4,435.0,65.0,3.5,0.20003288881392575,0.7999671111860742,220.09569377990428
45,7,4,445.0,65.0,3.5,0.20003328053306957,0.7999667194669304,220.09569377990428
46,7,4,455.0,65.0,3.5,0.20003367561902574,0.7999663243809743,220.09569377990428
47,7,4,465.0,65.0,3.5,0.20003407255031108,0.7999659274496889,220.09569377990428
48,7,4,475.0,65.0,3.5,0.20003446439667352,0.7999655356033265,220.09569377990428
49,7,4,485.0,65.0,3.5,0.20003482986817814,0.7999651701318219,220.09569377990428
50,7,4,495.0,65.0,3.5,0.20003511711631253,0.7999648828836875,220.09569377990428
1,8,4,5.0,75.0,3.5,0.6878355095880517,0.31216449041194827,220.09569377990428
2,8,4,15.0,75.0,3.5,0.6697378883569698,0.3302621116430302,220.09569377990428
3,8,4,25.0,75.0,3.5,0.6494963577776464,0.35050364222235364,220.09569377990428
4,8,4,35.0,75.0,3.5,0.629410785551746,0.370589214448254,220.09569377990428
5,8,4,45.0,75.0,3.5,0.6109360877352262,0.38906391226477377,220.09569377990428
6,8,4,55.0,75.0,3.5,0.5945860436527194,0.4054139563472806,220.09569377990428
7,8,4,65.0,75.0,3.5,0.5798284708679988,0.4201715291320012,220.09569377990428
8,8,4,75.0,75.0,3.5,0.5659169270241974,0.4340830729758026,220.09569377990428
9,8,4,85.0,75.0,3.5,0.5525920265666652,0.4474079734333348,220.09569377990428
10,8,4,95.0,75.0,3.5,0.5396728904146902,0.46032710958530976,220.09569377990428
11,8,4,105.0,75.0,3.5,0.5265430496353736,0.4734569503646264,220.09569377990428
12,8,4,115.0,75.0,3.5,0.5133020945977615,0.48669790540223845,220.09569377990428
13,8,4,125.0,75.0,3.5,0.4997849705608732,0.5002150294391268,220.09569377990428
14,8,4,135.0,75.0,3.5,0.48571615513014954,0.5142838448698505,220.09569377990428
15,8,4,145.0,75.0,3.5,0.4704293593993561,0.529570640600644,220.09569377990428
16,8,4,155.0,75.0,3.5,0.4522059379648818,0.5477940620351183,220.09569377990428
17,8,4,165.0,75.0,3.5,0.42848964878146323,0.5715103512185368,220.09569377990428
18,8,4,175.0,75.0,3.5,0.39690578984114266,0.6030942101588573,220.09569377990428
19,8,4,185.0,75.0,3.5,0.3563769609946358,0.6436230390053642,220.09569377990428
20,8,4,195.0,75.0,3.5,0.30999757168569037,0.6900024283143096,220.09569377990428
21,8,4,205.0,75.0,3.5,0.2671731407455632,0.7328268592544368,220.09569377990428
22,8,4,215.0,75.0,3.5,0.23654557119474148,0.7634544288052585,220.09569377990428
23,8,4,225.0,75.0,3.5,0.21800619981452057,0.7819938001854794,220.09569377990428
24,8,4,235.0,75.0,3.5,0.20751466360114665,0.7924853363988533,220.09569377990428
25,8,4,245.0,75.0,3.5,0.20241381374602543,0.7975861862539746,220.09569377990428
26,8,4,255.0,75.0,3.5,0.20063023752134915,0.7993697624786509,220.09569377990428
27,8,4,265.0,75.0,3.5,0.20017819926875458,0.7998218007312454,220.09569377990428
28,8,4,275.0,75.0,3.5,0.20006697396381593,0.7999330260361841,220.09569377990428
29,8,4,285.0,75.0,3.5,0.20003638388691888,0.7999636161130811,220.09569377990428
30,8,4,295.0,75.0,3.5,0.20002944073105888,0.7999705592689411,220.09569377990428
31,8,4,305.0,75.0,3.5,0.2000285006099641,0.7999714993900359,220.09569377990428
32,8,4,315.0,75.0,3.5,0.20002852941262939,0.7999714705873706,220.09569377990428
33,8,4,325.0,75.0,3.5,0.20002880987228255,0.7999711901277174,220.09569377990428
34,8,4,335.0,75.0,3.5,0.2000291478254505,0.7999708521745494,220.09569377990428
35,8,4,345.0,75.0,3.5,0.20002950291904117,0.7999704970809588,220.09569377990428
36,8,4,355.0,75.0,3.5,0.20002986527478472,0.7999701347252153,220.09569377990428
37,8,4,365.0,75.0,3.5,0.20003023184752075,0.7999697681524792,220.09569377990428
38,8,4,375.0,75.0,3.5,0.20003060179575965,0.7999693982042404,220.09569377990428
39,8,4,385.0,75.0,3.5,0.20003097466280362,0.7999690253371964,220.09569377990428
40,8,4,395.0,75.0,3.5,0.20003135007902684,0.7999686499209732,220.09569377990428
41,8,4,405.0,75.0,3.5,0.20003172771307956,0.7999682722869205,220.09569377990428
42,8,4,415.0,75.0,3.5,0.2000321071934195,0.7999678928065805,220.09569377990428
43,8,4,425.0,75.0,3.5,0.2000324880334054,0.7999675119665945,220.09569377990428
44,8,4,435.0,75.0,3.5,0.2000328693462841,0.7999671306537159,220.09569377990428
45,8,4,445.0,75.0,3.5,0.20003324952913243,0.7999667504708676,220.09569377990428
46,8,4,455.0,75.0,3.5,0.2000336257093027,0.7999663742906973,220.09569377990428
47,8,4,465.0,75.0,3.5,0.20003399222196644,0.7999660077780335,220.09569377990428
48,8,4,475.0,75.0,3.5,0.20003433725267458,0.7999656627473254,220.09569377990428
49,8,4,485.0,75.0,3.5,0.2000346363799206,0.7999653636200794,220.09569377990428
50,8,4,495.0,75.0,3.5,0.20003484213632858,0.7999651578636714,220.09569377990428
1,9,4,5.0,85.0,3.5,0.6313756450009753,0.3686243549990247,220.09569377990428
2,9,4,15.0,85.0,3.5,0.6171581065511048,0.3828418934488952,220.09569377990428
3,9,4,25.0,85.0,3.5,0.6014624529071847,0.3985375470928153,220.09569377990428
4,9,4,35.0,85.0,3.5,0.5860667910946725,0.4139332089053275,220.09569377990428
5,9,4,45.0,85.0,3.5,0.5714798237135394,0.42852017628646055,220.09569377990428
6,9,4,55.0,85.0,3.5,0.5574415799058481,0.4425584200941519,220.09569377990428
7,9,4,65.0,85.0,3.5,0.5438548988044108,0.45614510119558915,220.09569377990428
8,9,4,75.0,85.0,3.5,0.5305469954684715,0.4694530045315285,220.09569377990428
9,9,4,85.0,85.0,3.5,0.5166682442366181,0.48333175576338194,220.09569377990428
10,9,4,95.0,85.0,3.5,0.5023790103502773,0.4976209896497227,220.09569377990428
11,9,4,105.0,85.0,3.5,0.48761663625796664,0.5123833637420334,220.09569377990428
12,9,4,115.0,85.0,3.5,0.47196538381395536,0.5280346161860446,220.09569377990428
13,9,4,125.0,85.0,3.5,0.45367035751297097,0.546329642487029,220.09569377990428
14,9,4,135.0,85.0,3.5,0.4296154942684672,0.5703845057315329,220.09569377990428
15,9,4,145.0,85.0,3.5,0.39689721090428887,0.6031027890957111,220.09569377990428
16,9,4,155.0,85.0,3.5,0.35456686295861767,0.6454331370413824,220.09569377990428
17,9,4,165.0,85.0,3.5,0.30626203329428653,0.6937379667057135,220.09569377990428
18,9,4,175.0,85.0,3.5,0.26216311236996787,0.7378368876300321,220.09569377990428
19,9,4,185.0,85.0,3.5,0.23141288359339093,0.768587116406609,220.09569377990428
20,9,4,195.0,85.0,3.5,0.2138582621794492,0.7861417378205509,220.09569377990428
21,9,4,205.0,85.0,3.5,0.2050130585089832,0.7949869414910168,220.09569377990428
22,9,4,215.0,85.0,3.5,0.20138333667294536,0.7986166633270546,220.09569377990428
23,9,4,225.0,85.0,3.5,0.200335842047979,0.799664157952021,220.09569377990428
24,9,4,235.0,85.0,3.5,0.20009958732247463,0.7999004126775253,220.09569377990428
25,9,4,245.0,85.0,3.5,0.20004281826990075,0.7999571817300992,220.09569377990428
26,9,4,255.0,85.0,3.5,0.2000295142133403,0.7999704857866596,220.09569377990428
27,9,4,265.0,85.0,3.5,0.20002739142223644,0.7999726085777635,220.09569377990428
28,9,4,275.0,85.0,3.5,0.20002721005093438,0.7999727899490656,220.09569377990428
29,9,4,285.0,85.0,3.5,0.2000274326829698,0.7999725673170301,220.09569377990428
30,9,4,295.0,85.0,3.5,0.20002774673899612,0.7999722532610039,220.09569377990428
31,9,4,305.0,85.0,3.5,0.2000280848472981,0.7999719151527019,220.09569377990428
32,9,4,315.0,85.0,3.5,0.20002843262157252,0.7999715673784275,220.09569377990428
33,9,4,325.0,85.0,3.5,0.20002878559562962,0.7999712144043704,220.09569377990428
34,9,4,335.0,85.0,3.5,0.20002914237589492,0.7999708576241051,220.09569377990428
35,9,4,345.0,85.0,3.5,0.20002950245068837,0.7999704975493116,220.09569377990428
36,9,4,355.0,85.0,3.5,0.20002986563829656,0.7999701343617034,220.09569377990428
37,9,4,365.0,85.0,3.5,0.20003023197038955,0.7999697680296105,220.09569377990428
38,9,4,375.0,85.0,3.5,0.20003060140090578,0.7999693985990942,220.09569377990428
39,9,4,385.0,85.0,3.5,0.2000309736282664,0.7999690263717336,220.09569377990428
40,9,4,395.0,85.0,3.5,0.2000313481266036,0.7999686518733964,220.09569377990428
41,9,4,405.0,85.0,3.5,0.20003172423764054,0.7999682757623594,220.09569377990428
42,9,4,415.0,85.0,3.5,0.20003210124647322,0.7999678987535268,220.09569377990428
43,9,4,425.0,85.0,3.5,0.20003247823399098,0.799967521766009,220.09569377990428
44,9,4,435.0,85.0,3.5,0.2000328535608703,0.7999671464391297,220.09569377990428
45,9,4,445.0,85.0,3.5,0.20003322431939524,0.7999667756806048,220.09569377990428
46,9,4,455.0,85.0,3.5,0.20003358560445253,0.7999664143955475,220.09569377990428
47,9,4,465.0,85.0,3.5,0.20003392913353749,0.7999660708664625,220.09569377990428
48,9,4,475.0,85.0,3.5,0.20003424065273986,0.7999657593472601,220.09569377990428
49,9,4,485.0,85.0,3.5,0.20003449575246676,0.7999655042475332,220.09569377990428
50,9,4,495.0,85.0,3.5,0.20003465589763583,0.7999653441023642,220.09569377990428
1,10,4,5.0,95.0,3.5,0.5419792598263092,0.45802074017369077,220.09569377990428
2,10,4,15.0,95.0,3.5,0.5318915909209861,0.46810840907901385,220.09569377990428
3,10,4,25.0,95.0,3.5,0.5201463728608597,0.47985362713914026,220.09569377990428
4,10,4,35.0,95.0,3.5,0.5075862980287315,0.49241370197126855,220.09569377990428
5,10,4,45.0,95.0,3.5,0.49464315776398426,0.5053568422360157,220.09569377990428
6,10,4,55.0,95.0,3.5,0.47974751882490774,0.5202524811750923,220.09569377990428
7,10,4,65.0,95.0,3.5,0.462709177770319,0.537290822229681,220.09569377990428
8,10,4,75.0,95.0,3.5,0.44399119690900946,0.5560088030909905,220.09569377990428
9,10,4,85.0,95.0,3.5,0.4217329510614621,0.578267048938538,220.09569377990428
10,10,4,95.0,95.0,3.5,0.39157831401743004,0.60842168598257,220.09569377990428
11,10,4,105.0,95.0,3.5,0.3504322439399712,0.6495677560600288,220.09569377990428
12,10,4,115.0,95.0,3.5,0.3013798957422987,0.6986201042577014,220.09569377990428
13,10,4,125.0,95.0,3.5,0.2562020911411955,0.7437979088588045,220.09569377990428
14,10,4,135.0,95.0,3.5,0.22576395155982548,0.7742360484401745,220.09569377990428
15,10,4,145.0,95.0,3.5,0.20975114156424426,0.7902488584357558,220.09569377990428
16,10,4,155.0,95.0,3.5,0.20287258361879978,0.7971274163812002,220.09569377990428
17,10,4,165.0,95.0,3.5,0.2006801960728365,0.7993198039271635,220.09569377990428
18,10,4,175.0,95.0,3.5,0.20016199663304945,0.7998380033669505,220.09569377990428
19,10,4,185.0,95.0,3.5,0.20005182155074552,0.7999481784492545,220.09569377990428
20,10,4,195.0,95.0,3.5,0.20002923428732183,0.7999707657126782,220.09569377990428
21,10,4,205.0,95.0,3.5,0.20002570480100684,0.7999742951989932,220.09569377990428
22,10,4,215.0,95.0,3.5,0.20002531339224724,0.7999746866077527,220.09569377990428
23,10,4,225.0,95.0,3.5,0.2000254741340242,0.7999745258659758,220.09569377990428
24,10,4,235.0,95.0,3.5,0.20002575766821043,0.7999742423317896,220.09569377990428
25,10,4,245.0,95.0,3.5,0.20002607084343113,0.7999739291565688,220.09569377990428
26,10,4,255.0,95.0,3.5,0.20002639476639714,0.7999736052336028,220.09569377990428
27,10,4,265.0,95.0,3.5,0.20002672451648987,0.7999732754835102,220.09569377990428
28,10,4,275.0,95.0,3.5,0.20002705865869796,0.799972941341302,220.09569377990428
29,10,4,285.0,95.0,3.5,0.20002739658421265,0.7999726034157874,220.09569377990428
30,10,4,295.0,95.0,3.5,0.2000277381824216,0.7999722618175784,220.09569377990428
31,10,4,305.0,95.0,3.5,0.2000280836396669,0.7999719163603332,220.09569377990428
32,10,4,315.0,95.0,3.5,0.20002843307651436,0.7999715669234857,220.09569377990428
33,10,4,325.0,95.0,3.5,0.200028786346818,0.799971213653182,220.09569377990428
34,10,4,335.0,95.0,3.5,0.20002914310051528,0.7999708568994848,220.09569377990428
35,10,4,345.0,95.0,3.5,0.20002950302613356,0.7999704969738665,220.09569377990428
36,10,4,355.0,95.0,3.5,0.20002986603551356,0.7999701339644865,220.09569377990428
37,10,4,365.0,95.0,3.5,0.2000302321664209,0.7999697678335791,220.09569377990428
38,10,4,375.0,95.0,3.5,0.20003060134377396,0.7999693986562261,220.09569377990428
39,10,4,385.0,95.0,3.5,0.20003097321468308,0.7999690267853169,220.09569377990428
40,10,4,395.0,95.0,3.5,0.2000313471505543,0.7999686528494457,220.09569377990428
41,10,4,405.0,95.0,3.5,0.20003172236697064,0.7999682776330294,220.09569377990428
42,10,4,415.0,95.0,3.5,0.2000320979907114,0.7999679020092886,220.09569377990428
43,10,4,425.0,95.0,3.5,0.2000324728379295,0.7999675271620705,220.09569377990428
44,10,4,435.0,95.0,3.5,0.20003284481763547,0.7999671551823645,220.09569377990428
45,10,4,445.0,95.0,3.5,0.2000332102793011,0.7999667897206989,220.09569377990428
46,10,4,455.0,95.0,3.5,0.20003356324124041,0.7999664367587596,220.09569377990428
47,10,4,465.0,95.0,3.5,0.20003389416790396,0.799966105832096,220.09569377990428
48,10,4,475.0,95.0,3.5,0.2000341878760745,0.7999658121239255,220.09569377990428
49,10,4,485.0,95.0,3.5,0.20003442084791537,0.7999655791520847,220.09569377990428
50,10,4,495.0,95.0,3.5,0.2000345606255283,0.7999654393744717,220.09569377990428
1,1,5,5.0,5.0,4.5,0.6150614581936159,0.3849385418063841,263.1578947368421
2,1,5,15.0,5.0,4.5,0.602482388155082,0.39751761184491796,263.1578947368421
3,1,5,25.0,5.0,4.5,0.5885850224153366,0.4114149775846634,263.1578947368421
4,1,5,35.0,5.0,4.5,0.5746851083174366,0.4253148916825634,263.1578947368421
5,1,5,45.0,5.0,4.5,0.5613104123492922,0.43868958765070776,263.1578947368421
6,1,5,55.0,5.0,4.5,0.5487494845159894,0.45125051548401063,263.1578947368421
7,1,5,65.0,5.0,4.5,0.5369878184278074,0.4630121815721926,263.1578947368421
8,1,5,75.0,5.0,4.5,0.52563538614766,0.47436461385233997,263.1578947368421
9,1,5,85.0,5.0,4.5,0.5145154585228654,0.4854845414771346,263.1578947368421
10,1,5,95.0,5.0,4.5,0.5032031016895746,0.4967968983104254,263.1578947368421
11,1,5,105.0,5.0,4.5,0.49155792973026863,0.5084420702697314,263.1578947368421
12,1,5,115.0,5.0,4.5,0.4793421968709744,0.5206578031290257,263.1578947368421
13,1,5,125.0,5.0,4.5,0.4663507867553179,0.5336492132446822,263.1578947368421
14,1,5,135.0,5.0,4.5,0.4519504743783701,0.5480495256216299,263.1578947368421
15,1,5,145.0,5.0,4.5,0.43399947301717473,0.5660005269828252,263.1578947368421
16,1,5,155.0,5.0,4.5,0.409340669597094,0.590659330402906,263.1578947368421
17,1,5,165.0,5.0,4.5,0.3756310250153827,0.6243689749846173,263.1578947368421
18,1,5,175.0,5.0,4.5,0.33339330752373075,0.6666066924762692,263.1578947368421
19,1,5,185.0,5.0,4.5,0.28854430914484747,0.7114556908551526,263.1578947368421
20,1,5,195.0,5.0,4.5,0.2508767210346615,0.7491232789653385,263.1578947368421
21,1,5,205.0,5.0,4.5,0.22562118839580222,0.7743788116041977,263.1578947368421
22,1,5,215.0,5.0,4.5,0.21106669592109542,0.7889333040789046,263.1578947368421
23,1,5,225.0,5.0,4.5,0.20384917608791653,0.7961508239120835,263.1578947368421
24,1,5,235.0,5.0,4.5,0.20108825067152256,0.7989117493284774,263.1578947368421
25,1,5,245.0,5.0,4.5,0.20030072256021494,0.7996992774397851,263.1578947368421
26,1,5,255.0,5.0,4.5,0.20009763738302397,0.799902362616976,263.1578947368421
27,1,5,265.0,5.0,4.5,0.20004258193980723,0.7999574180601927,263.1578947368421
28,1,5,275.0,5.0,4.5,0.2000298644304085,0.7999701355695915,263.1578947368421
29,1,5,285.0,5.0,4.5,0.20002790174597188,0.7999720982540282,263.1578947368421
30,1,5,295.0,5.0,4.5,0.20002769779345017,0.7999723022065498,263.1578947368421
31,1,5,305.0,5.0,4.5,0.20002790776973753,0.7999720922302624,263.1578947368421
32,1,5,315.0,5.0,4.5,0.2000282200940112,0.7999717799059888,263.1578947368421
33,1,5,325.0,5.0,4.5,0.2000285627130055,0.7999714372869945,263.1578947368421
34,1,5,335.0,5.0,4.5,0.20002891741343157,0.7999710825865685,263.1578947368421
35,1,5,345.0,5.0,4.5,0.2000292782100943,0.7999707217899057,263.1578947368421
36,1,5,355.0,5.0,4.5,0.2000296433395829,0.799970356660417,263.1578947368421
37,1,5,365.0,5.0,4.5,0.20003001217204247,0.7999699878279576,263.1578947368421
38,1,5,375.0,5.0,4.5,0.20003038452739236,0.7999696154726077,263.1578947368421
39,1,5,385.0,5.0,4.5,0.20003076062322903,0.799969239376771,263.1578947368421
40,1,5,395.0,5.0,4.5,0.20003114076096767,0.7999688592390324,263.1578947368421
41,1,5,405.0,5.0,4.5,0.20003152508163607,0.799968474918364,263.1578947368421
42,1,5,415.0,5.0,4.5,0.20003191344794857,0.7999680865520514,263.1578947368421
43,1,5,425.0,5.0,4.5,0.2000323053755963,0.7999676946244036,263.1578947368421
44,1,5,435.0,5.0,4.5,0.20003269999157877,0.7999673000084212,263.1578947368421
45,1,5,445.0,5.0,4.5,0.20003309577598094,0.7999669042240191,263.1578947368421
46,1,5,455.0,5.0,4.5,0.20003348966683382,0.7999665103331661,263.1578947368421
47,1,5,465.0,5.0,4.5,0.20003387494313046,0.7999661250568695,263.1578947368421
48,1,5,475.0,5.0,4.5,0.2000342375277265,0.7999657624722735,263.1578947368421
49,1,5,485.0,5.0,4.5,0.20003454932469372,0.7999654506753062,263.1578947368421
50,1,5,495.0,5.0,4.5,0.20003475857767453,0.7999652414223255,263.1578947368421
1,2,5,5.0,15.0,4.5,0.6909719174106456,0.30902808258935444,263.1578947368421
2,2,5,15.0,15.0,4.5,0.6743709741930379,0.32562902580696207,263.1578947368421
3,2,5,25.0,15.0,4.5,0.6561520466125998,0.34384795338740015,263.1578947368421
4,2,5,35.0,15.0,4.5,0.6383253609028626,0.3616746390971374,263.1578947368421
5,2,5,45.0,15.0,4.5,0.6218564512234932,0.3781435487765068,263.1578947368421
6,2,5,55.0,15.0,4.5,0.6069221127562308,0.39307788724376924,263.1578947368421
7,2,5,65.0,15.0,4.5,0.5932350554706833,0.40676494452931666,263.1578947368421
8,2,5,75.0,15.0,4.5,0.5805581418971938,0.4194418581028062,263.1578947368421
9,2,5,85.0,15.0,4.5,0.5688948143873086,0.4311051856126914,263.1578947368421
10,2,5,95.0,15.0,4.5,0.5580720700311803,0.4419279299688197,263.1578947368421
11,2,5,105.0,15.0,4.5,0.547515993038175,0.452484006961825,263.1578947368421
12,2,5,115.0,15.0,4.5,0.5369767963421981,0.4630232036578019,263.1578947368421
13,2,5,125.0,15.0,4.5,0.5266536225167444,0.4733463774832556,263.1578947368421
14,2,5,135.0,15.0,4.5,0.5166549467747097,0.4833450532252903,263.1578947368421
15,2,5,145.0,15.0,4.5,0.506520137965422,0.49347986203457805,263.1578947368421
16,2,5,155.0,15.0,4.5,0.4958210271422292,0.5041789728577708,263.1578947368421
17,2,5,165.0,15.0,4.5,0.48447880045978003,0.51552119954022,263.1578947368421
18,2,5,175.0,15.0,4.5,0.47225012416681494,0.5277498758331851,263.1578947368421
19,2,5,185.0,15.0,4.5,0.45803711950211695,0.5419628804978831,263.1578947368421
20,2,5,195.0,15.0,4.5,0.43976698908094614,0.5602330109190539,263.1578947368421
21,2,5,205.0,15.0,4.5,0.41516320615214747,0.5848367938478525,263.1578947368421
22,2,5,215.0,15.0,4.5,0.3826445085808847,0.6173554914191153,263.1578947368421
23,2,5,225.0,15.0,4.5,0.3424033428895051,0.657596657110495,263.1578947368421
24,2,5,235.0,15.0,4.5,0.29880782903660225,0.7011921709633977,263.1578947368421
25,2,5,245.0,15.0,4.5,0.2604751179224489,0.7395248820775511,263.1578947368421
26,2,5,255.0,15.0,4.5,0.23337652972058306,0.7666234702794169,263.1578947368421
27,2,5,265.0,15.0,4.5,0.21663776705799975,0.7833622329420002,263.1578947368421
28,2,5,275.0,15.0,4.5,0.20705215317154557,0.7929478468284544,263.1578947368421
29,2,5,285.0,15.0,4.5,0.20236853779248903,0.7976314622075109,263.1578947368421
30,2,5,295.0,15.0,4.5,0.20067266059919114,0.7993273394008089,263.1578947368421
31,2,5,305.0,15.0,4.5,0.20020457682594212,0.7997954231740578,263.1578947368421
32,2,5,315.0,15.0,4.5,0.20007785059308833,0.7999221494069116,263.1578947368421
33,2,5,325.0,15.0,4.5,0.20004048020586512,0.7999595197941349,263.1578947368421
34,2,5,335.0,15.0,4.5,0.20003132629556591,0.799968673704434,263.1578947368421
35,2,5,345.0,15.0,4.5,0.20002989045373987,0.7999701095462601,263.1578947368421
36,2,5,355.0,15.0,4.5,0.20002980137036025,0.7999701986296397,263.1578947368421
37,2,5,365.0,15.0,4.5,0.20003005579690766,0.7999699442030923,263.1578947368421
38,2,5,375.0,15.0,4.5,0.20003039624232835,0.7999696037576717,263.1578947368421
39,2,5,385.0,15.0,4.5,0.2000307626580206,0.7999692373419793,263.1578947368421
40,2,5,395.0,15.0,4.5,0.200031140267961,0.799968859732039,263.1578947368421
41,2,5,405.0,15.0,4.5,0.20003152403899271,0.7999684759610073,263.1578947368421
42,2,5,415.0,15.0,4.5,0.20003191241856783,0.7999680875814321,263.1578947368421
43,2,5,425.0,15.0,4.5,0.20003230487331936,0.7999676951266806,263.1578947368421
44,2,5,435.0,15.0,4.5,0.2000327009159871,0.7999672990840129,263.1578947368421
45,2,5,445.0,15.0,4.5,0.20003309985772127,0.7999669001422787,263.1578947368421
46,2,5,455.0,15.0,4.5,0.2000334999929703,0.7999665000070297,263.1578947368421
47,2,5,465.0,15.0,4.5,0.20003389675968494,0.799966103240315,263.1578947368421
48,2,5,475.0,15.0,4.5,0.2000342791434284,0.7999657208565716,263.1578947368421
49,2,5,485.0,15.0,4.5,0.20003462184100188,0.7999653781589982,263.1578947368421
50,2,5,495.0,15.0,4.5,0.20003486965809456,0.7999651303419054,263.1578947368421
1,3,5,5.0,25.0,4.5,0.7365222843559421,0.26347771564405786,263.1578947368421
2,3,5,15.0,25.0,4.5,0.71738525683839,0.28261474316160995,263.1578947368421
3,3,5,25.0,25.0,4.5,0.6960877071792295,0.3039122928207705,263.1578947368421
4,3,5,35.0,25.0,4.5,0.6749225229328382,0.32507747706716184,263.1578947368421
5,3,5,45.0,25.0,4.5,0.6552109955416863,0.34478900445831373,263.1578947368421
6,3,5,55.0,25.0,4.5,0.6375426131713728,0.36245738682862716,263.1578947368421
7,3,5,65.0,25.0,4.5,0.621905064214428,0.37809493578557196,263.1578947368421
8,3,5,75.0,25.0,4.5,0.6078632073961624,0.3921367926038376,263.1578947368421
9,3,5,85.0,25.0,4.5,0.5949720485469796,0.4050279514530204,263.1578947368421
10,3,5,95.0,25.0,4.5,0.5830339709101032,0.4169660290898968,263.1578947368421
11,3,5,105.0,25.0,4.5,0.5719624436164567,0.42803755638354335,263.1578947368421
12,3,5,115.0,25.0,4.5,0.5615502441851146,0.43844975581488543,263.1578947368421
13,3,5,125.0,25.0,4.5,0.5513625276655677,0.4486374723344323,263.1578947368421
14,3,5,135.0,25.0,4.5,0.5412780689261724,0.45872193107382764,263.1578947368421
15,3,5,145.0,25.0,4.5,0.5314527505120917,0.46854724948790827,263.1578947368421
16,3,5,155.0,25.0,4.5,0.5219540451839787,0.4780459548160213,263.1578947368421
17,3,5,165.0,25.0,4.5,0.5124952806051037,0.48750471939489626,263.1578947368421
18,3,5,175.0,25.0,4.5,0.5027238112581918,0.49727618874180823,263.1578947368421
19,3,5,185.0,25.0,4.5,0.49242229993572606,0.5075777000642739,263.1578947368421
20,3,5,195.0,25.0,4.5,0.4814106875405327,0.5185893124594674,263.1578947368421
21,3,5,205.0,25.0,4.5,0.46922028407938526,0.5307797159206147,263.1578947368421
22,3,5,215.0,25.0,4.5,0.45472719786380983,0.5452728021361901,263.1578947368421
23,3,5,225.0,25.0,4.5,0.4361643505965901,0.5638356494034099,263.1578947368421
24,3,5,235.0,25.0,4.5,0.4116658989643349,0.5883341010356651,263.1578947368421
25,3,5,245.0,25.0,4.5,0.3797353354521503,0.6202646645478497,263.1578947368421
26,3,5,255.0,25.0,4.5,0.34044643285757525,0.6595535671424247,263.1578947368421
27,3,5,265.0,25.0,4.5,0.29810177939700594,0.701898220602994,263.1578947368421
28,3,5,275.0,25.0,4.5,0.2610843750052417,0.7389156249947584,263.1578947368421
29,3,5,285.0,25.0,4.5,0.2348304264540064,0.7651695735459936,263.1578947368421
30,3,5,295.0,25.0,4.5,0.21818072535641575,0.7818192746435842,263.1578947368421
31,3,5,305.0,25.0,4.5,0.20815798310102165,0.7918420168989784,263.1578947368421
32,3,5,315.0,25.0,4.5,0.20292151089580868,0.7970784891041913,263.1578947368421
33,3,5,325.0,25.0,4.5,0.20086753445361974,0.7991324655463803,263.1578947368421
34,3,5,335.0,25.0,4.5,0.2002633550820225,0.7997366449179775,263.1578947368421
35,3,5,345.0,25.0,4.5,0.20009729158976197,0.799902708410238,263.1578947368421
36,3,5,355.0,25.0,4.5,0.2000473143316205,0.7999526856683795,263.1578947368421
37,3,5,365.0,25.0,4.5,0.20003382087961094,0.799966179120389,263.1578947368421
38,3,5,375.0,25.0,4.5,0.20003130427232382,0.7999686957276761,263.1578947368421
39,3,5,385.0,25.0,4.5,0.20003100148903857,0.7999689985109615,263.1578947368421
40,3,5,395.0,25.0,4.5,0.20003120367771052,0.7999687963222895,263.1578947368421
41,3,5,405.0,25.0,4.5,0.20003154047804395,0.799968459521956,263.1578947368421
42,3,5,415.0,25.0,4.5,0.2000319150096793,0.7999680849903207,263.1578947368421
43,3,5,425.0,25.0,4.5,0.20003230427866095,0.7999676957213391,263.1578947368421
44,3,5,435.0,25.0,4.5,0.20003270156389305,0.7999672984361069,263.1578947368421
45,3,5,445.0,25.0,4.5,0.20003310526261175,0.7999668947373882,263.1578947368421
46,3,5,455.0,25.0,4.5,0.20003351539645034,0.7999664846035497,263.1578947368421
47,3,5,465.0,25.0,4.5,0.20003393098135577,0.7999660690186442,263.1578947368421
48,3,5,475.0,25.0,4.5,0.20003434618658542,0.7999656538134146,263.1578947368421
49,3,5,485.0,25.0,4.5,0.20003474119167503,0.799965258808325,263.1578947368421
50,3,5,495.0,25.0,4.5,0.20003506374354688,0.7999649362564532,263.1578947368421
1,4,5,5.0,35.0,4.5,0.7681596539165126,0.23184034608348736,263.1578947368421
2,4,5,15.0,35.0,4.5,0.7483776833621019,0.25162231663789814,263.1578947368421
3,4,5,25.0,35.0,4.5,0.7253367530062635,0.27466324699373645,263.1578947368421
4,4,5,35.0,35.0,4.5,0.7018766583820706,0.2981233416179294,263.1578947368421
5,4,5,45.0,35.0,4.5,0.6797199028410262,0.32028009715897376,263.1578947368421
6,4,5,55.0,35.0,4.5,0.659742025063834,0.34025797493616605,263.1578947368421
7,4,5,65.0,35.0,4.5,0.6421681888490471,0.35783181115095286,263.1578947368421
8,4,5,75.0,35.0,4.5,0.6267738068928629,0.3732261931071371,263.1578947368421
9,4,5,85.0,35.0,4.5,0.6130144094245651,0.3869855905754349,263.1578947368421
10,4,5,95.0,35.0,4.5,0.6003409137692618,0.3996590862307382,263.1578947368421
11,4,5,105.0,35.0,4.5,0.5885097517664353,0.4114902482335647,263.1578947368421
12,4,5,115.0,35.0,4.5,0.5774926812003102,0.42250731879968983,263.1578947368421
13,4,5,125.0,35.0,4.5,0.5671847005357503,0.4328152994642497,263.1578947368421
14,4,5,135.0,35.0,4.5,0.5572105954825206,0.4427894045174794,263.1578947368421
15,4,5,145.0,35.0,4.5,0.5473343923251567,0.4526656076748433,263.1578947368421
16,4,5,155.0,35.0,4.5,0.5376984465873821,0.4623015534126179,263.1578947368421
17,4,5,165.0,35.0,4.5,0.5284363484748393,0.47156365152516067,263.1578947368421
18,4,5,175.0,35.0,4.5,0.5194135344405395,0.4805864655594605,263.1578947368421
19,4,5,185.0,35.0,4.5,0.5102800890734596,0.48971991092654044,263.1578947368421
20,4,5,195.0,35.0,4.5,0.5007414617374348,0.49925853826256517,263.1578947368421
21,4,5,205.0,35.0,4.5,0.4906832707123408,0.5093167292876593,263.1578947368421
22,4,5,215.0,35.0,4.5,0.47995934495428494,0.5200406550457151,263.1578947368421
23,4,5,225.0,35.0,4.5,0.46804091221565697,0.531959087784343,263.1578947368421
24,4,5,235.0,35.0,4.5,0.45375230376290904,0.546247696237091,263.1578947368421
25,4,5,245.0,35.0,4.5,0.4354053639796795,0.5645946360203205,263.1578947368421
26,4,5,255.0,35.0,4.5,0.41131311043808866,0.5886868895619113,263.1578947368421
27,4,5,265.0,35.0,4.5,0.3801771885511842,0.6198228114488158,263.1578947368421
28,4,5,275.0,35.0,4.5,0.34207752017064563,0.6579224798293544,263.1578947368421
29,4,5,285.0,35.0,4.5,0.3008488052775999,0.6991511947224001,263.1578947368421
30,4,5,295.0,35.0,4.5,0.2641381784180414,0.7358618215819586,263.1578947368421
31,4,5,305.0,35.0,4.5,0.23734487373487145,0.7626551262651285,263.1578947368421
32,4,5,315.0,35.0,4.5,0.21988217214507408,0.7801178278549259,263.1578947368421
33,4,5,325.0,35.0,4.5,0.20916275288475294,0.790837247115247,263.1578947368421
34,4,5,335.0,35.0,4.5,0.20342774750894999,0.79657225249105,263.1578947368421
35,4,5,345.0,35.0,4.5,0.20106749881699618,0.7989325011830039,263.1578947368421
36,4,5,355.0,35.0,4.5,0.20032977691669254,0.7996702230833075,263.1578947368421
37,4,5,365.0,35.0,4.5,0.20011864549919883,0.7998813545008012,263.1578947368421
38,4,5,375.0,35.0,4.5,0.20005387554819326,0.7999461244518067,263.1578947368421
39,4,5,385.0,35.0,4.5,0.2000358538869958,0.7999641461130043,263.1578947368421
40,4,5,395.0,35.0,4.5,0.20003230942393252,0.7999676905760675,263.1578947368421
41,4,5,405.0,35.0,4.5,0.20003183841955177,0.7999681615804483,263.1578947368421
42,4,5,415.0,35.0,4.5,0.20003199403906977,0.7999680059609302,263.1578947368421
43,4,5,425.0,35.0,4.5,0.20003232493240908,0.7999676750675909,263.1578947368421
44,4,5,435.0,35.0,4.5,0.200032705939048,0.799967294060952,263.1578947368421
45,4,5,445.0,35.0,4.5,0.20003310842985728,0.7999668915701428,263.1578947368421
46,4,5,455.0,35.0,4.5,0.2000335265511943,0.7999664734488057,263.1578947368421
47,4,5,465.0,35.0,4.5,0.2000339615831267,0.7999660384168733,263.1578947368421
48,4,5,475.0,35.0,4.5,0.20003441402706015,0.7999655859729399,263.1578947368421
49,4,5,485.0,35.0,4.5,0.20003486598013073,0.7999651340198692,263.1578947368421
50,4,5,495.0,35.0,4.5,0.20003526058179313,0.7999647394182069,263.1578947368421
1,5,5,5.0,45.0,4.5,0.7901518846487232,0.2098481153512768,263.1578947368421
2,5,5,15.0,45.0,4.5,0.7731852643407624,0.2268147356592376,263.1578947368421
3,5,5,25.0,45.0,4.5,0.7501373374296387,0.24986266257036127,263.1578947368421
4,5,5,35.0,45.0,4.5,0.7257084626660247,0.27429153733397527,263.1578947368421
5,5,5,45.0,45.0,4.5,0.7024944940006811,0.2975055059993189,263.1578947368421
6,5,5,55.0,45.0,4.5,0.6813392339935149,0.3186607660064851,263.1578947368421
7,5,5,65.0,45.0,4.5,0.6625158642251949,0.33748413577480507,263.1578947368421
8,5,5,75.0,45.0,4.5,0.6459910359252377,0.35400896407476234,263.1578947368421
9,5,5,85.0,45.0,4.5,0.6314021593215695,0.3685978406784305,263.1578947368421
10,5,5,95.0,45.0,4.5,0.618198350658031,0.38180164934196903,263.1578947368421
11,5,5,105.0,45.0,4.5,0.6059540568345857,0.3940459431654143,263.1578947368421
12,5,5,115.0,45.0,4.5,0.5945008882250994,0.4054991117749006,263.1578947368421
13,5,5,125.0,45.0,4.5,0.5838121593997758,0.4161878406002242,263.1578947368421
14,5,5,135.0,45.0,4.5,0.5737794154519095,0.42622058454809053,263.1578947368421
15,5,5,145.0,45.0,4.5,0.5640528882826173,0.43594711171738265,263.1578947368421
16,5,5,155.0,45.0,4.5,0.554462249806973,0.445537750193027,263.1578947368421
17,5,5,165.0,45.0,4.5,0.545130892119301,0.454869107880699,263.1578947368421
18,5,5,175.0,45.0,4.5,0.5361663775223056,0.46383362247769444,263.1578947368421
19,5,5,185.0,45.0,4.5,0.5274791466706864,0.4725208533293136,263.1578947368421
20,5,5,195.0,45.0,4.5,0.5188048204853845,0.48119517951461555,263.1578947368421
21,5,5,205.0,45.0,4.5,0.5098351822276879,0.49016481777231213,263.1578947368421
22,5,5,215.0,45.0,4.5,0.5003946675610524,0.49960533243894756,263.1578947368421
23,5,5,225.0,45.0,4.5,0.49043748991275704,0.509562510087243,263.1578947368421
24,5,5,235.0,45.0,4.5,0.4797628922904821,0.5202371077095179,263.1578947368421
25,5,5,245.0,45.0,4.5,0.46770165549044507,0.5322983445095549,263.1578947368421
26,5,5,255.0,45.0,4.5,0.45298951469523024,0.5470104853047697,263.1578947368421
27,5,5,265.0,45.0,4.5,0.4340080189312702,0.5659919810687297,263.1578947368421
28,5,5,275.0,45.0,4.5,0.40922763552057795,0.590772364479422,263.1578947368421
29,5,5,285.0,45.0,4.5,0.37751273198744073,0.6224872680125593,263.1578947368421
30,5,5,295.0,45.0,4.5,0.3391185488566719,0.6608814511433281,263.1578947368421
31,5,5,305.0,45.0,4.5,0.2980065977072821,0.7019934022927179,263.1578947368421
32,5,5,315.0,45.0,4.5,0.2617332460599869,0.7382667539400132,263.1578947368421
33,5,5,325.0,45.0,4.5,0.2354077182682369,0.7645922817317631,263.1578947368421
34,5,5,335.0,45.0,4.5,0.2184191293501932,0.7815808706498069,263.1578947368421
35,5,5,345.0,45.0,4.5,0.20825415991904508,0.7917458400809549,263.1578947368421
36,5,5,355.0,45.0,4.5,0.20300001238761078,0.7969999876123892,263.1578947368421
37,5,5,365.0,45.0,4.5,0.2009149234819788,0.7990850765180212,263.1578947368421
38,5,5,375.0,45.0,4.5,0.20028006203813858,0.7997199379618614,263.1578947368421
39,5,5,385.0,45.0,4.5,0.20010080791801918,0.7998991920819808,263.1578947368421
40,5,5,395.0,45.0,4.5,0.2000480894760608,0.7999519105239392,263.1578947368421
41,5,5,405.0,45.0,4.5,0.20003489890834436,0.7999651010916556,263.1578947368421
42,5,5,415.0,45.0,4.5,0.20003269040198632,0.7999673095980137,263.1578947368421
43,5,5,425.0,45.0,4.5,0.20003249066118778,0.7999675093388122,263.1578947368421
44,5,5,435.0,45.0,4.5,0.20003274235271082,0.7999672576472892,263.1578947368421
45,5,5,445.0,45.0,4.5,0.2000331122382443,0.7999668877617557,263.1578947368421
46,5,5,455.0,45.0,4.5,0.20003352297542018,0.7999664770245798,263.1578947368421
47,5,5,465.0,45.0,4.5,0.20003396278618923,0.7999660372138108,263.1578947368421
48,5,5,475.0,45.0,4.5,0.20003443102415716,0.7999655689758428,263.1578947368421
49,5,5,485.0,45.0,4.5,0.2000348765186562,0.7999651234813439,263.1578947368421
50,5,5,495.0,45.0,4.5,0.2000351049670023,0.7999648950329977,263.1578947368421
1,6,5,5.0,55.0,4.5,0.7694950975512783,0.23050490244872168,263.1578947368421
2,6,5,15.0,55.0,4.5,0.750705429887201,0.24929457011279899,263.1578947368421
3,6,5,25.0,55.0,4.5,0.7287118443538124,0.2712881556461876,263.1578947368421
4,6,5,35.0,55.0,4.5,0.7060969960233593,0.2939030039766407,263.1578947368421
5,6,5,45.0,55.0,4.5,0.6845213419428504,0.3154786580571496,263.1578947368421
6,6,5,55.0,55.0,4.5,0.664803186140986,0.335196813859014,263.1578947368421
7,6,5,65.0,55.0,4.5,0.6472751846772805,0.3527248153227195,263.1578947368421
8,6,5,75.0,55.0,4.5,0.6318610043611126,0.3681389956388874,263.1578947368421
9,6,5,85.0,55.0,4.5,0.6180891490501763,0.3819108509498237,263.1578947368421
10,6,5,95.0,55.0,4.5,0.6053940493455165,0.39460595065448345,263.1578947368421
11,6,5,105.0,55.0,4.5,0.5934971954371164,0.40650280456288357,263.1578947368421
12,6,5,115.0,55.0,4.5,0.5823822314339829,0.41761776856601707,263.1578947368421
13,6,5,125.0,55.0,4.5,0.572021625226331,0.42797837477366896,263.1578947368421
14,6,5,135.0,55.0,4.5,0.5621258761891128,0.4378741238108872,263.1578947368421
15,6,5,145.0,55.0,4.5,0.5523094790500017,0.4476905209499983,263.1578947368421
16,6,5,155.0,55.0,4.5,0.5426627152853588,0.4573372847146412,263.1578947368421
17,6,5,165.0,55.0,4.5,0.5333302724626693,0.4666697275373307,263.1578947368421
18,6,5,175.0,55.0,4.5,0.5243362627415812,0.4756637372584188,263.1578947368421
19,6,5,185.0,55.0,4.5,0.5153856917219583,0.48461430827804175,263.1578947368421
20,6,5,195.0,55.0,4.5,0.5061262271055817,0.49387377289441825,263.1578947368421
21,6,5,205.0,55.0,4.5,0.49636576925686493,0.5036342307431351,263.1578947368421
22,6,5,215.0,55.0,4.5,0.48603847915988424,0.5139615208401158,263.1578947368421
23,6,5,225.0,55.0,4.5,0.4748877374443383,0.5251122625556617,263.1578947368421
24,6,5,235.0,55.0,4.5,0.4621008067585926,0.5378991932414074,263.1578947368421
25,6,5,245.0,55.0,4.5,0.44620836593744095,0.553791634062559,263.1578947368421
26,6,5,255.0,55.0,4.5,0.4254628240541854,0.5745371759458147,263.1578947368421
27,6,5,265.0,55.0,4.5,0.3983107034667862,0.6016892965332138,263.1578947368421
28,6,5,275.0,55.0,4.5,0.3639244096235694,0.6360755903764306,263.1578947368421
29,6,5,285.0,55.0,4.5,0.32381765813766133,0.6761823418623387,263.1578947368421
30,6,5,295.0,55.0,4.5,0.283823464578793,0.7161765354212071,263.1578947368421
31,6,5,305.0,55.0,4.5,0.2513060293347084,0.7486939706652915,263.1578947368421
32,6,5,315.0,55.0,4.5,0.22881865461558365,0.7711813453844163,263.1578947368421
33,6,5,325.0,55.0,4.5,0.2144434642008956,0.7855565357991043,263.1578947368421
34,6,5,335.0,55.0,4.5,0.20604997218520604,0.793950027814794,263.1578947368421
35,6,5,345.0,55.0,4.5,0.2020410283414877,0.7979589716585123,263.1578947368421
36,6,5,355.0,55.0,4.5,0.20061439074626056,0.7993856092537395,263.1578947368421
37,6,5,365.0,55.0,4.5,0.20019967180177314,0.7998003281982269,263.1578947368421
38,6,5,375.0,55.0,4.5,0.20007757785827715,0.7999224221417228,263.1578947368421
39,6,5,385.0,55.0,4.5,0.2000415942393317,0.7999584057606683,263.1578947368421
40,6,5,395.0,55.0,4.5,0.2000332426956238,0.7999667573043762,263.1578947368421
41,6,5,405.0,55.0,4.5,0.2000320580627621,0.7999679419372379,263.1578947368421
42,6,5,415.0,55.0,4.5,0.20003203315815818,0.7999679668418418,263.1578947368421
43,6,5,425.0,55.0,4.5,0.20003231977359573,0.7999676802264043,263.1578947368421
44,6,5,435.0,55.0,4.5,0.20003268660468784,0.7999673133953121,263.1578947368421
45,6,5,445.0,55.0,4.5,0.2000330804629816,0.7999669195370184,263.1578947368421
46,6,5,455.0,55.0,4.5,0.20003348953060723,0.7999665104693927,263.1578947368421
47,6,5,465.0,55.0,4.5,0.20003391250999367,0.7999660874900063,263.1578947368421
48,6,5,475.0,55.0,4.5,0.20003434704865003,0.7999656529513499,263.1578947368421
49,6,5,485.0,55.0,4.5,0.200034771102833,0.799965228897167,263.1578947368421
50,6,5,495.0,55.0,4.5,0.20003512709324456,0.7999648729067554,263.1578947368421
1,7,5,5.0,65.0,4.5,0.7409577561127164,0.2590422438872836,263.1578947368421
2,7,5,15.0,65.0,4.5,0.7229644489512346,0.2770355510487654,263.1578947368421
3,7,5,25.0,65.0,4.5,0.7026283397649363,0.2973716602350637,263.1578947368421
4,7,5,35.0,65.0,4.5,0.6820620630283234,0.3179379369716766,263.1578947368421
5,7,5,45.0,65.0,4.5,0.6625925243049973,0.33740747569500273,263.1578947368421
6,7,5,55.0,65.0,4.5,0.6449242380929363,0.3550757619070637,263.1578947368421
7,7,5,65.0,65.0,4.5,0.6292192191753813,0.37078078082461874,263.1578947368421
8,7,5,75.0,65.0,4.5,0.6151463904540194,0.3848536095459806,263.1578947368421
9,7,5,85.0,65.0,4.5,0.6022131052588093,0.39778689474119067,263.1578947368421
10,7,5,95.0,65.0,4.5,0.5901508902691944,0.40984910973080557,263.1578947368421
11,7,5,105.0,65.0,4.5,0.5789270833484713,0.4210729166515287,263.1578947368421
12,7,5,115.0,65.0,4.5,0.5684552777366657,0.4315447222633343,263.1578947368421
13,7,5,125.0,65.0,4.5,0.5584006072468314,0.4415993927531686,263.1578947368421
14,7,5,135.0,65.0,4.5,0.5484083779089752,0.45159162209102477,263.1578947368421
15,7,5,145.0,65.0,4.5,0.5385951181238151,0.4614048818761849,263.1578947368421
16,7,5,155.0,65.0,4.5,0.5291125846768605,0.4708874153231395,263.1578947368421
17,7,5,165.0,65.0,4.5,0.5198873846303635,0.48011261536963645,263.1578947368421
18,7,5,175.0,65.0,4.5,0.5105694969547601,0.48943050304523994,263.1578947368421
19,7,5,185.0,65.0,4.5,0.500852352190913,0.49914764780908705,263.1578947368421
20,7,5,195.0,65.0,4.5,0.49060478758242637,0.5093952124175736,263.1578947368421
21,7,5,205.0,65.0,4.5,0.479658430098641,0.5203415699013589,263.1578947368421
22,7,5,215.0,65.0,4.5,0.4674511689791195,0.5325488310208806,263.1578947368421
23,7,5,225.0,65.0,4.5,0.45275248785420624,0.5472475121457938,263.1578947368421
24,7,5,235.0,65.0,4.5,0.43381825518180406,0.5661817448181959,263.1578947368421
25,7,5,245.0,65.0,4.5,0.4089187365471814,0.5910812634528186,263.1578947368421
26,7,5,255.0,65.0,4.5,0.376749332128108,0.623250667871892,263.1578947368421
27,7,5,265.0,65.0,4.5,0.337622908796867,0.662377091203133,263.1578947368421
28,7,5,275.0,65.0,4.5,0.2960275520740563,0.7039724479259437,263.1578947368421
29,7,5,285.0,65.0,4.5,0.26001416828985996,0.73998583171014,263.1578947368421
30,7,5,295.0,65.0,4.5,0.23438586397801978,0.7656141360219803,263.1578947368421
31,7,5,305.0,65.0,4.5,0.2179150029842778,0.7820849970157222,263.1578947368421
32,7,5,315.0,65.0,4.5,0.20797353796016105,0.792026462039839,263.1578947368421
33,7,5,325.0,65.0,4.5,0.20284188030001804,0.797158119699982,263.1578947368421
34,7,5,335.0,65.0,4.5,0.20085127376829734,0.7991487262317026,263.1578947368421
35,7,5,345.0,65.0,4.5,0.20026214442432794,0.799737855575672,263.1578947368421
36,7,5,355.0,65.0,4.5,0.20009645223868314,0.7999035477613169,263.1578947368421
37,7,5,365.0,65.0,4.5,0.2000465046084801,0.7999534953915199,263.1578947368421
38,7,5,375.0,65.0,4.5,0.20003372894355065,0.7999662710564494,263.1578947368421
39,7,5,385.0,65.0,4.5,0.2000315498915268,0.7999684501084732,263.1578947368421
40,7,5,395.0,65.0,4.5,0.20003133034400478,0.7999686696559952,263.1578947368421
41,7,5,405.0,65.0,4.5,0.20003155860865968,0.7999684413913404,263.1578947368421
42,7,5,415.0,65.0,4.5,0.200031900709808,0.799968099290192,263.1578947368421
43,7,5,425.0,65.0,4.5,0.20003227470779442,0.7999677252922056,263.1578947368421
44,7,5,435.0,65.0,4.5,0.20003266018943158,0.7999673398105684,263.1578947368421
45,7,5,445.0,65.0,4.5,0.20003305086163525,0.7999669491383647,263.1578947368421
46,7,5,455.0,65.0,4.5,0.2000334448997479,0.7999665551002522,263.1578947368421
47,7,5,465.0,65.0,4.5,0.20003384009208552,0.7999661599079144,263.1578947368421
48,7,5,475.0,65.0,4.5,0.20003422905300483,0.7999657709469952,263.1578947368421
49,7,5,485.0,65.0,4.5,0.2000345910412525,0.7999654089587475,263.1578947368421
50,7,5,495.0,65.0,4.5,0.2000348785221353,0.7999651214778647,263.1578947368421
1,8,5,5.0,75.0,4.5,0.7030647517135887,0.29693524828641127,263.1578947368421
2,8,5,15.0,75.0,4.5,0.687286734106288,0.31271326589371196,263.1578947368421
3,8,5,25.0,75.0,4.5,0.6695720353442219,0.33042796465577806,263.1578947368421
4,8,5,35.0,75.0,4.5,0.6518590462556081,0.3481409537443919,263.1578947368421
5,8,5,45.0,75.0,4.5,0.6352442797898037,0.3647557202101963,263.1578947368421
6,8,5,55.0,75.0,4.5,0.620108889890454,0.379891110109546,263.1578947368421
7,8,5,65.0,75.0,4.5,0.6062894515068883,0.3937105484931117,263.1578947368421
8,8,5,75.0,75.0,4.5,0.5934901642651115,0.4065098357348885,263.1578947368421
9,8,5,85.0,75.0,4.5,0.5815642128566542,0.41843578714334584,263.1578947368421
10,8,5,95.0,75.0,4.5,0.5704622276384294,0.42953777236157065,263.1578947368421
11,8,5,105.0,75.0,4.5,0.5599946106217026,0.44000538937829736,263.1578947368421
12,8,5,115.0,75.0,4.5,0.5497131767422694,0.4502868232577306,263.1578947368421
13,8,5,125.0,75.0,4.5,0.5395071279739427,0.46049287202605726,263.1578947368421
14,8,5,135.0,75.0,4.5,0.5295528419974389,0.4704471580025611,263.1578947368421
15,8,5,145.0,75.0,4.5,0.5199114722905499,0.4800885277094501,263.1578947368421
16,8,5,155.0,75.0,4.5,0.5102578652131268,0.48974213478687323,263.1578947368421
17,8,5,165.0,75.0,4.5,0.5002118104582814,0.49978818954171855,263.1578947368421
18,8,5,175.0,75.0,4.5,0.4895558500306059,0.5104441499693941,263.1578947368421
19,8,5,185.0,75.0,4.5,0.4780914282755923,0.5219085717244076,263.1578947368421
20,8,5,195.0,75.0,4.5,0.4652264381550217,0.5347735618449783,263.1578947368421
21,8,5,205.0,75.0,4.5,0.44957957957724753,0.5504204204227525,263.1578947368421
22,8,5,215.0,75.0,4.5,0.4291780657309848,0.5708219342690152,263.1578947368421
23,8,5,225.0,75.0,4.5,0.4021034242510234,0.5978965757489766,263.1578947368421
24,8,5,235.0,75.0,4.5,0.3671367159296972,0.6328632840703028,263.1578947368421
25,8,5,245.0,75.0,4.5,0.32555495301651244,0.6744450469834875,263.1578947368421
26,8,5,255.0,75.0,4.5,0.28361539978972133,0.7163846002102787,263.1578947368421
27,8,5,265.0,75.0,4.5,0.24983771489500017,0.7501622851049998,263.1578947368421
28,8,5,275.0,75.0,4.5,0.2272891915569367,0.7727108084430633,263.1578947368421
29,8,5,285.0,75.0,4.5,0.21341051500767733,0.7865894849923227,263.1578947368421
30,8,5,295.0,75.0,4.5,0.20545393772812648,0.7945460622718735,263.1578947368421
31,8,5,305.0,75.0,4.5,0.2017400916187914,0.7982599083812086,263.1578947368421
32,8,5,315.0,75.0,4.5,0.20049242697572803,0.799507573024272,263.1578947368421
33,8,5,325.0,75.0,4.5,0.20015784823868707,0.7998421517613129,263.1578947368421
34,8,5,335.0,75.0,4.5,0.20006453748007946,0.7999354625199205,263.1578947368421
35,8,5,345.0,75.0,4.5,0.2000374583026123,0.7999625416973877,263.1578947368421
36,8,5,355.0,75.0,4.5,0.2000312752780024,0.7999687247219975,263.1578947368421
37,8,5,365.0,75.0,4.5,0.20003043164219206,0.799969568357808,263.1578947368421
38,8,5,375.0,75.0,4.5,0.20003047972933885,0.7999695202706611,263.1578947368421
39,8,5,385.0,75.0,4.5,0.20003077503090866,0.7999692249690913,263.1578947368421
40,8,5,395.0,75.0,4.5,0.20003112934093828,0.7999688706590617,263.1578947368421
41,8,5,405.0,75.0,4.5,0.20003150118637678,0.7999684988136232,263.1578947368421
42,8,5,415.0,75.0,4.5,0.20003187937789615,0.7999681206221039,263.1578947368421
43,8,5,425.0,75.0,4.5,0.20003226005260655,0.7999677399473935,263.1578947368421
44,8,5,435.0,75.0,4.5,0.20003264155829642,0.7999673584417035,263.1578947368421
45,8,5,445.0,75.0,4.5,0.20003302212477764,0.7999669778752223,263.1578947368421
46,8,5,455.0,75.0,4.5,0.20003339891862895,0.7999666010813711,263.1578947368421
47,8,5,465.0,75.0,4.5,0.20003376647312132,0.7999662335268787,263.1578947368421
48,8,5,475.0,75.0,4.5,0.20003411339897748,0.7999658866010225,263.1578947368421
49,8,5,485.0,75.0,4.5,0.200034416054702,0.7999655839452979,263.1578947368421
50,8,5,495.0,75.0,4.5,0.20003462783739248,0.7999653721626075,263.1578947368421
1,9,5,5.0,85.0,4.5,0.6527762358242438,0.3472237641757562,263.1578947368421
2,9,5,15.0,85.0,4.5,0.6402307140603539,0.3597692859396461,263.1578947368421
3,9,5,25.0,85.0,4.5,0.6261284770903893,0.3738715229096107,263.1578947368421
4,9,5,35.0,85.0,4.5,0.6119798694257629,0.3880201305742371,263.1578947368421
5,9,5,45.0,85.0,4.5,0.5984141322239228,0.4015858677760772,263.1578947368421
6,9,5,55.0,85.0,4.5,0.5855496335799694,0.41445036642003064,263.1578947368421
7,9,5,65.0,85.0,4.5,0.5734545114420013,0.4265454885579987,263.1578947368421
8,9,5,75.0,85.0,4.5,0.5621886919164844,0.43781130808351565,263.1578947368421
9,9,5,85.0,85.0,4.5,0.5514794140739935,0.4485205859260065,263.1578947368421
10,9,5,95.0,85.0,4.5,0.5407959952127052,0.45920400478729484,263.1578947368421
11,9,5,105.0,85.0,4.5,0.5301517474930706,0.4698482525069294,263.1578947368421
12,9,5,115.0,85.0,4.5,0.5197860595742199,0.48021394042578014,263.1578947368421
13,9,5,125.0,85.0,4.5,0.5095421748635611,0.4904578251364389,263.1578947368421
14,9,5,135.0,85.0,4.5,0.49888057631112653,0.5011194236888734,263.1578947368421
15,9,5,145.0,85.0,4.5,0.487591986627626,0.5124080133723741,263.1578947368421
16,9,5,155.0,85.0,4.5,0.4755583079191283,0.5244416920808717,263.1578947368421
17,9,5,165.0,85.0,4.5,0.4619884308056829,0.538011569194317,263.1578947368421
18,9,5,175.0,85.0,4.5,0.4450190816989819,0.5549809183010181,263.1578947368421
19,9,5,185.0,85.0,4.5,0.4222403064174285,0.5777596935825715,263.1578947368421
20,9,5,195.0,85.0,4.5,0.391717522914889,0.608282477085111,263.1578947368421
21,9,5,205.0,85.0,4.5,0.35298085207522845,0.6470191479247716,263.1578947368421
22,9,5,215.0,85.0,4.5,0.30910458798159407,0.6908954120184059,263.1578947368421
23,9,5,225.0,85.0,4.5,0.2681251062623749,0.7318748937376252,263.1578947368421
24,9,5,235.0,85.0,4.5,0.23770461381998997,0.76229538618001,263.1578947368421
25,9,5,245.0,85.0,4.5,0.21870143881636164,0.7812985611836384,263.1578947368421
26,9,5,255.0,85.0,4.5,0.20797524884196852,0.7920247511580315,263.1578947368421
27,9,5,265.0,85.0,4.5,0.20272491896265377,0.7972750810373462,263.1578947368421
28,9,5,275.0,85.0,4.5,0.2007688380031489,0.7992311619968511,263.1578947368421
29,9,5,285.0,85.0,4.5,0.20022193136301644,0.7997780686369835,263.1578947368421
30,9,5,295.0,85.0,4.5,0.20007957548926192,0.7999204245107381,263.1578947368421
31,9,5,305.0,85.0,4.5,0.20003993341136156,0.7999600665886384,263.1578947368421
32,9,5,315.0,85.0,4.5,0.20003057433295376,0.7999694256670462,263.1578947368421
33,9,5,325.0,85.0,4.5,0.20002914647405842,0.7999708535259415,263.1578947368421
34,9,5,335.0,85.0,4.5,0.20002906261373268,0.7999709373862673,263.1578947368421
35,9,5,345.0,85.0,4.5,0.20002931466768664,0.7999706853323134,263.1578947368421
36,9,5,355.0,85.0,4.5,0.20002964872658924,0.7999703512734108,263.1578947368421
37,9,5,365.0,85.0,4.5,0.2000300067195241,0.7999699932804759,263.1578947368421
38,9,5,375.0,85.0,4.5,0.20003037411995844,0.7999696258800415,263.1578947368421
39,9,5,385.0,85.0,4.5,0.20003074592387832,0.7999692540761216,263.1578947368421
40,9,5,395.0,85.0,4.5,0.20003112036249368,0.7999688796375063,263.1578947368421
41,9,5,405.0,85.0,4.5,0.20003149651875118,0.7999685034812488,263.1578947368421
42,9,5,415.0,85.0,4.5,0.2000318736579594,0.7999681263420406,263.1578947368421
43,9,5,425.0,85.0,4.5,0.2000322509758833,0.7999677490241167,263.1578947368421
44,9,5,435.0,85.0,4.5,0.20003262696122653,0.7999673730387735,263.1578947368421
45,9,5,445.0,85.0,4.5,0.20003299884579556,0.7999670011542044,263.1578947368421
46,9,5,455.0,85.0,4.5,0.20003336193390275,0.7999666380660972,263.1578947368421
47,9,5,465.0,85.0,4.5,0.20003370827850647,0.7999662917214936,263.1578947368421
48,9,5,475.0,85.0,4.5,0.20003402407478868,0.7999659759252113,263.1578947368421
49,9,5,485.0,85.0,4.5,0.20003428513447333,0.7999657148655267,263.1578947368421
50,9,5,495.0,85.0,4.5,0.20003445195696298,0.799965548043037,263.1578947368421
1,10,5,5.0,95.0,4.5,0.5714118602750013,0.42858813972499865,263.1578947368421
2,10,5,15.0,95.0,4.5,0.5623475020014903,0.4376524979985097,263.1578947368421
3,10,5,25.0,95.0,4.5,0.5517652070061916,0.4482347929938084,263.1578947368421
4,10,5,35.0,95.0,4.5,0.5406370264740415,0.45936297352595845,263.1578947368421
5,10,5,45.0,95.0,4.5,0.5295173530226782,0.4704826469773218,263.1578947368421
6,10,5,55.0,95.0,4.5,0.5185132335274962,0.48148676647250377,263.1578947368421
7,10,5,65.0,95.0,4.5,0.507539668513698,0.49246033148630197,263.1578947368421
8,10,5,75.0,95.0,4.5,0.4961151750720669,0.5038848249279331,263.1578947368421
9,10,5,85.0,95.0,4.5,0.4840312218518795,0.5159687781481205,263.1578947368421
10,10,5,95.0,95.0,4.5,0.4714318299643248,0.5285681700356752,263.1578947368421
11,10,5,105.0,95.0,4.5,0.457974919592146,0.542025080407854,263.1578947368421
12,10,5,115.0,95.0,4.5,0.4429105814785883,0.5570894185214117,263.1578947368421
13,10,5,125.0,95.0,4.5,0.4239929868914452,0.5760070131085548,263.1578947368421
14,10,5,135.0,95.0,4.5,0.39790254198583397,0.602097458014166,263.1578947368421
15,10,5,145.0,95.0,4.5,0.3623471866615022,0.6376528133384978,263.1578947368421
16,10,5,155.0,95.0,4.5,0.31877921472805115,0.6812207852719488,263.1578947368421
17,10,5,165.0,95.0,4.5,0.2749215257449714,0.7250784742550286,263.1578947368421
18,10,5,175.0,95.0,4.5,0.24077275009991675,0.7592272499000833,263.1578947368421
19,10,5,185.0,95.0,4.5,0.21941524014534494,0.780584759854655,263.1578947368421
20,10,5,195.0,95.0,4.5,0.20782185749039644,0.7921781425096035,263.1578947368421
21,10,5,205.0,95.0,4.5,0.20253407408077545,0.7974659259192245,263.1578947368421
22,10,5,215.0,95.0,4.5,0.20069838111919625,0.7993016188808038,263.1578947368421
23,10,5,225.0,95.0,4.5,0.2001934200643365,0.7998065799356635,263.1578947368421
24,10,5,235.0,95.0,4.5,0.2000655236357301,0.79993447636427,263.1578947368421
25,10,5,245.0,95.0,4.5,0.2000340529914036,0.7999659470085965,263.1578947368421
26,10,5,255.0,95.0,4.5,0.20002785250617494,0.7999721474938251,263.1578947368421
27,10,5,265.0,95.0,4.5,0.20002691432713612,0.7999730856728638,263.1578947368421
28,10,5,275.0,95.0,4.5,0.20002693610704417,0.7999730638929559,263.1578947368421
29,10,5,285.0,95.0,4.5,0.20002719734744775,0.7999728026525522,263.1578947368421
30,10,5,295.0,95.0,4.5,0.20002751869667537,0.7999724813033247,263.1578947368421
31,10,5,305.0,95.0,4.5,0.20002785883474444,0.7999721411652556,263.1578947368421
32,10,5,315.0,95.0,4.5,0.2000282069311899,0.7999717930688102,263.1578947368421
33,10,5,325.0,95.0,4.5,0.20002855976133832,0.7999714402386617,263.1578947368421
34,10,5,335.0,95.0,4.5,0.20002891626361174,0.7999710837363883,263.1578947368421
35,10,5,345.0,95.0,4.5,0.20002927594113246,0.7999707240588676,263.1578947368421
36,10,5,355.0,95.0,4.5,0.20002963870299106,0.7999703612970089,263.1578947368421
37,10,5,365.0,95.0,4.5,0.20003000463882814,0.7999699953611719,263.1578947368421
38,10,5,375.0,95.0,4.5,0.2000303737126388,0.7999696262873612,263.1578947368421
39,10,5,385.0,95.0,4.5,0.20003074557223427,0.7999692544277657,263.1578947368421
40,10,5,395.0,95.0,4.5,0.20003111955957792,0.7999688804404221,263.1578947368421
41,10,5,405.0,95.0,4.5,0.20003149487991892,0.7999685051200811,263.1578947368421
42,10,5,415.0,95.0,4.5,0.2000318707232766,0.7999681292767233,263.1578947368421
43,10,5,425.0,95.0,4.5,0.2000322460548867,0.7999677539451133,263.1578947368421
44,10,5,435.0,95.0,4.5,0.2000326189462365,0.7999673810537635,263.1578947368421
45,10,5,445.0,95.0,4.5,0.2000329859208688,0.7999670140791312,263.1578947368421
46,10,5,455.0,95.0,4.5,0.2000333412358467,0.7999666587641533,263.1578947368421
47,10,5,465.0,95.0,4.5,0.20003367571060465,0.7999663242893953,263.1578947368421
48,10,5,475.0,95.0,4.5,0.20003397450512309,0.7999660254948769,263.1578947368421
49,10,5,485.0,95.0,4.5,0.20003421393437207,0.799965786065628,263.1578947368421
50,10,5,495.0,95.0,4.5,0.20003436003036154,0.7999656399696384,263.1578947368421
1,1,6,5.0,5.0,5.5,0.6342939752364622,0.36570602476353775,306.22009569377985
2,1,6,15.0,5.0,5.5,0.62282032607488,0.37717967392512,306.22009569377985
3,1,6,25.0,5.0,5.5,0.6099574121519705,0.3900425878480295,306.22009569377985
4,1,6,35.0,5.0,5.5,0.5969770343161076,0.4030229656838924,306.22009569377985
5,1,6,45.0,5.0,5.5,0.5844666901560946,0.41553330984390535,306.22009569377985
6,1,6,55.0,5.0,5.5,0.5727022077268263,0.42729779227317366,306.22009569377985
7,1,6,65.0,5.0,5.5,0.5617166248233562,0.43828337517664384,306.22009569377985
8,1,6,75.0,5.0,5.5,0.5513702192532745,0.44862978074672555,306.22009569377985
9,1,6,85.0,5.0,5.5,0.5416733919249233,0.45832660807507675,306.22009569377985
10,1,6,95.0,5.0,5.5,0.5326324607116416,0.4673675392883584,306.22009569377985
11,1,6,105.0,5.0,5.5,0.523779679056199,0.47622032094380096,306.22009569377985
12,1,6,115.0,5.0,5.5,0.5148414503365687,0.4851585496634313,306.22009569377985
13,1,6,125.0,5.0,5.5,0.5059818485100623,0.49401815148993766,306.22009569377985
14,1,6,135.0,5.0,5.5,0.49736182411364027,0.5026381758863597,306.22009569377985
15,1,6,145.0,5.0,5.5,0.48860342951236047,0.5113965704876395,306.22009569377985
16,1,6,155.0,5.0,5.5,0.4792330581073061,0.5207669418926939,306.22009569377985
17,1,6,165.0,5.0,5.5,0.4691037023025979,0.5308962976974021,306.22009569377985
18,1,6,175.0,5.0,5.5,0.4580119856826624,0.5419880143173377,306.22009569377985
19,1,6,185.0,5.0,5.5,0.44495300288682144,0.5550469971131786,306.22009569377985
20,1,6,195.0,5.0,5.5,0.4279059409682649,0.5720940590317352,306.22009569377985
21,1,6,205.0,5.0,5.5,0.4045807822790118,0.5954192177209883,306.22009569377985
22,1,6,215.0,5.0,5.5,0.37348996567247883,0.6265100343275212,306.22009569377985
23,1,6,225.0,5.0,5.5,0.335243871295707,0.664756128704293,306.22009569377985
24,1,6,235.0,5.0,5.5,0.2944073830843172,0.7055926169156828,306.22009569377985
25,1,6,245.0,5.0,5.5,0.258605968781449,0.741394031218551,306.22009569377985
26,1,6,255.0,5.0,5.5,0.23270282340668877,0.7672971765933112,306.22009569377985
27,1,6,265.0,5.0,5.5,0.21622482319407416,0.7837751768059258,306.22009569377985
28,1,6,275.0,5.0,5.5,0.20682032347503743,0.7931796765249626,306.22009569377985
29,1,6,285.0,5.0,5.5,0.20234662878469656,0.7976533712153034,306.22009569377985
30,1,6,295.0,5.0,5.5,0.20071949349188145,0.7992805065081185,306.22009569377985
31,1,6,305.0,5.0,5.5,0.20023135188760288,0.7997686481123971,306.22009569377985
32,1,6,315.0,5.0,5.5,0.20008573902860358,0.7999142609713964,306.22009569377985
33,1,6,325.0,5.0,5.5,0.20004214866941364,0.7999578513305864,306.22009569377985
34,1,6,335.0,5.0,5.5,0.2000315733736897,0.7999684266263103,306.22009569377985
35,1,6,345.0,5.0,5.5,0.20002984537280885,0.7999701546271911,306.22009569377985
36,1,6,355.0,5.0,5.5,0.2000296451133042,0.7999703548866958,306.22009569377985
37,1,6,365.0,5.0,5.5,0.20002985407727833,0.7999701459227216,306.22009569377985
38,1,6,375.0,5.0,5.5,0.20003017707630483,0.7999698229236951,306.22009569377985
39,1,6,385.0,5.0,5.5,0.20003053731382442,0.7999694626861755,306.22009569377985
40,1,6,395.0,5.0,5.5,0.20003091292640474,0.7999690870735953,306.22009569377985
41,1,6,405.0,5.0,5.5,0.2000312959973092,0.7999687040026908,306.22009569377985
42,1,6,415.0,5.0,5.5,0.2000316838977776,0.7999683161022224,306.22009569377985
43,1,6,425.0,5.0,5.5,0.2000320756077627,0.7999679243922373,306.22009569377985
44,1,6,435.0,5.0,5.5,0.20003247014543188,0.7999675298545681,306.22009569377985
45,1,6,445.0,5.0,5.5,0.20003286613383356,0.7999671338661665,306.22009569377985
46,1,6,455.0,5.0,5.5,0.2000332609517077,0.7999667390482923,306.22009569377985
47,1,6,465.0,5.0,5.5,0.20003364856275946,0.7999663514372406,306.22009569377985
48,1,6,475.0,5.0,5.5,0.20003401580774557,0.7999659841922544,306.22009569377985
49,1,6,485.0,5.0,5.5,0.2000343353687171,0.7999656646312829,306.22009569377985
50,1,6,495.0,5.0,5.5,0.2000345545510808,0.7999654454489192,306.22009569377985
1,2,6,5.0,15.0,5.5,0.7036921536541073,0.2963078463458927,306.22009569377985
2,2,6,15.0,15.0,5.5,0.6888603806179415,0.3111396193820585,306.22009569377985
3,2,6,25.0,15.0,5.5,0.6724479862414949,0.32755201375850507,306.22009569377985
4,2,6,35.0,15.0,5.5,0.6562046332978531,0.34379536670214694,306.22009569377985
5,2,6,45.0,15.0,5.5,0.6409704881634115,0.3590295118365885,306.22009569377985
6,2,6,55.0,15.0,5.5,0.626981992562936,0.37301800743706404,306.22009569377985
7,2,6,65.0,15.0,5.5,0.6141479951540599,0.38585200484594007,306.22009569377985
8,2,6,75.0,15.0,5.5,0.6023338750805312,0.39766612491946884,306.22009569377985
9,2,6,85.0,15.0,5.5,0.5914824632213104,0.4085175367786896,306.22009569377985
10,2,6,95.0,15.0,5.5,0.5814656772985052,0.4185343227014948,306.22009569377985
11,2,6,105.0,15.0,5.5,0.5720394004533524,0.42796059954664756,306.22009569377985
12,2,6,115.0,15.0,5.5,0.5630603670964136,0.4369396329035864,306.22009569377985
13,2,6,125.0,15.0,5.5,0.5544868722932873,0.4455131277067127,306.22009569377985
14,2,6,135.0,15.0,5.5,0.5461283498966448,0.4538716501033552,306.22009569377985
15,2,6,145.0,15.0,5.5,0.5379956068786587,0.46200439312134134,306.22009569377985
16,2,6,155.0,15.0,5.5,0.5300431422789754,0.4699568577210246,306.22009569377985
17,2,6,165.0,15.0,5.5,0.5222905001961131,0.4777094998038869,306.22009569377985
18,2,6,175.0,15.0,5.5,0.5147240624392126,0.48527593756078735,306.22009569377985
19,2,6,185.0,15.0,5.5,0.5071024916054696,0.4928975083945304,306.22009569377985
20,2,6,195.0,15.0,5.5,0.4990418110128616,0.5009581889871384,306.22009569377985
21,2,6,205.0,15.0,5.5,0.49032146600981324,0.5096785339901868,306.22009569377985
22,2,6,215.0,15.0,5.5,0.4809209027685206,0.5190790972314794,306.22009569377985
23,2,6,225.0,15.0,5.5,0.47064753158324213,0.5293524684167579,306.22009569377985
24,2,6,235.0,15.0,5.5,0.45870959410111,0.54129040589889,306.22009569377985
25,2,6,245.0,15.0,5.5,0.44358740309737904,0.556412596902621,306.22009569377985
26,2,6,255.0,15.0,5.5,0.4234547805404695,0.5765452194595305,306.22009569377985
27,2,6,265.0,15.0,5.5,0.39678031185937446,0.6032196881406255,306.22009569377985
28,2,6,275.0,15.0,5.5,0.3628695500357261,0.6371304499642739,306.22009569377985
29,2,6,285.0,15.0,5.5,0.3233210939637253,0.6766789060362747,306.22009569377985
30,2,6,295.0,15.0,5.5,0.2837389545780909,0.7162610454219092,306.22009569377985
31,2,6,305.0,15.0,5.5,0.2513125589048007,0.7486874410951994,306.22009569377985
32,2,6,315.0,15.0,5.5,0.22889977261071284,0.7711002273892872,306.22009569377985
33,2,6,325.0,15.0,5.5,0.2147223828599619,0.7852776171400381,306.22009569377985
34,2,6,335.0,15.0,5.5,0.20637834404499678,0.7936216559550032,306.22009569377985
35,2,6,345.0,15.0,5.5,0.2022380218761276,0.7977619781238724,306.22009569377985
36,2,6,355.0,15.0,5.5,0.20068946501294516,0.7993105349870548,306.22009569377985
37,2,6,365.0,15.0,5.5,0.2002270297483065,0.7997729702516935,306.22009569377985
38,2,6,375.0,15.0,5.5,0.20008983215205173,0.7999101678479483,306.22009569377985
39,2,6,385.0,15.0,5.5,0.20004625215899435,0.7999537478410057,306.22009569377985
40,2,6,395.0,15.0,5.5,0.20003437933832138,0.7999656206616786,306.22009569377985
41,2,6,405.0,15.0,5.5,0.200032174269265,0.799967825730735,306.22009569377985
42,2,6,415.0,15.0,5.5,0.20003191849838586,0.7999680815016141,306.22009569377985
43,2,6,425.0,15.0,5.5,0.2000321382606018,0.7999678617393982,306.22009569377985
44,2,6,435.0,15.0,5.5,0.2000324891081987,0.7999675108918013,306.22009569377985
45,2,6,445.0,15.0,5.5,0.20003287451909144,0.7999671254809085,306.22009569377985
46,2,6,455.0,15.0,5.5,0.200033270967781,0.799966729032219,306.22009569377985
47,2,6,465.0,15.0,5.5,0.20003366791042776,0.7999663320895722,306.22009569377985
48,2,6,475.0,15.0,5.5,0.20003405286362044,0.7999659471363796,306.22009569377985
49,2,6,485.0,15.0,5.5,0.20003440132425124,0.7999655986757488,306.22009569377985
50,2,6,495.0,15.0,5.5,0.2000346587720675,0.7999653412279325,306.22009569377985
1,3,6,5.0,25.0,5.5,0.7445424064213566,0.2554575935786434,306.22009569377985
2,3,6,15.0,25.0,5.5,0.7276112065345955,0.27238879346540446,306.22009569377985
3,3,6,25.0,25.0,5.5,0.7086644485395476,0.2913355514604524,306.22009569377985
4,3,6,35.0,25.0,5.5,0.6897337542843734,0.31026624571562655,306.22009569377985
5,3,6,45.0,25.0,5.5,0.6719552753191704,0.32804472468082957,306.22009569377985
6,3,6,55.0,25.0,5.5,0.655789102106568,0.34421089789343196,306.22009569377985
7,3,6,65.0,25.0,5.5,0.6412448525434504,0.3587551474565496,306.22009569377985
8,3,6,75.0,25.0,5.5,0.6280811277161438,0.37191887228385623,306.22009569377985
9,3,6,85.0,25.0,5.5,0.6160334667674404,0.3839665332325596,306.22009569377985
10,3,6,95.0,25.0,5.5,0.6049367771371249,0.3950632228628751,306.22009569377985
11,3,6,105.0,25.0,5.5,0.5946766086001068,0.40532339139989315,306.22009569377985
12,3,6,115.0,25.0,5.5,0.585123359597114,0.41487664040288597,306.22009569377985
13,3,6,125.0,25.0,5.5,0.5761143289493678,0.42388567105063224,306.22009569377985
14,3,6,135.0,25.0,5.5,0.5675164140523367,0.43248358594766334,306.22009569377985
15,3,6,145.0,25.0,5.5,0.5592126728142472,0.44078732718575275,306.22009569377985
16,3,6,155.0,25.0,5.5,0.5510993288497747,0.44890067115022525,306.22009569377985
17,3,6,165.0,25.0,5.5,0.5432611805150384,0.45673881948496164,306.22009569377985
18,3,6,175.0,25.0,5.5,0.5356538325788153,0.46434616742118473,306.22009569377985
19,3,6,185.0,25.0,5.5,0.5282005264613138,0.47179947353868623,306.22009569377985
20,3,6,195.0,25.0,5.5,0.5208592403058121,0.4791407596941879,306.22009569377985
21,3,6,205.0,25.0,5.5,0.5135539057395998,0.4864460942604002,306.22009569377985
22,3,6,215.0,25.0,5.5,0.5060943375872162,0.4939056624127838,306.22009569377985
23,3,6,225.0,25.0,5.5,0.4982311391608871,0.5017688608391129,306.22009569377985
24,3,6,235.0,25.0,5.5,0.48978992938188265,0.5102100706181174,306.22009569377985
25,3,6,245.0,25.0,5.5,0.4806392694040878,0.5193607305959123,306.22009569377985
26,3,6,255.0,25.0,5.5,0.4704981773501594,0.5295018226498406,306.22009569377985
27,3,6,265.0,25.0,5.5,0.45867411300620137,0.5413258869937987,306.22009569377985
28,3,6,275.0,25.0,5.5,0.44391023983263206,0.556089760167368,306.22009569377985
29,3,6,285.0,25.0,5.5,0.4246465925214968,0.5753534074785032,306.22009569377985
30,3,6,295.0,25.0,5.5,0.3993919443269045,0.6006080556730955,306.22009569377985
31,3,6,305.0,25.0,5.5,0.36713819511953305,0.632861804880467,306.22009569377985
32,3,6,315.0,25.0,5.5,0.3288213981178682,0.6711786018821317,306.22009569377985
33,3,6,325.0,25.0,5.5,0.2894006332090652,0.7105993667909348,306.22009569377985
34,3,6,335.0,25.0,5.5,0.2561887033149723,0.7438112966850277,306.22009569377985
35,3,6,345.0,25.0,5.5,0.23274092513897487,0.7672590748610251,306.22009569377985
36,3,6,355.0,25.0,5.5,0.21751313599038039,0.7824868640096196,306.22009569377985
37,3,6,365.0,25.0,5.5,0.20810603080332385,0.7918939691966762,306.22009569377985
38,3,6,375.0,25.0,5.5,0.20305292843245443,0.7969470715675455,306.22009569377985
39,3,6,385.0,25.0,5.5,0.20097075565897485,0.7990292443410252,306.22009569377985
40,3,6,395.0,25.0,5.5,0.2003107281819908,0.7996892718180092,306.22009569377985
41,3,6,405.0,25.0,5.5,0.20011702591394176,0.7998829740860582,306.22009569377985
42,3,6,415.0,25.0,5.5,0.2000556209191434,0.7999443790808566,306.22009569377985
43,3,6,425.0,25.0,5.5,0.20003756952239138,0.7999624304776086,306.22009569377985
44,3,6,435.0,25.0,5.5,0.20003373961270252,0.7999662603872975,306.22009569377985
45,3,6,445.0,25.0,5.5,0.20003322701358828,0.7999667729864117,306.22009569377985
46,3,6,455.0,25.0,5.5,0.20003338432822262,0.7999666156717774,306.22009569377985
47,3,6,465.0,25.0,5.5,0.20003372935282848,0.7999662706471715,306.22009569377985
48,3,6,475.0,25.0,5.5,0.20003412036837098,0.799965879631629,306.22009569377985
49,3,6,485.0,25.0,5.5,0.2000345073884053,0.7999654926115947,306.22009569377985
50,3,6,495.0,25.0,5.5,0.2000348322261021,0.7999651677738979,306.22009569377985
1,4,6,5.0,35.0,5.5,0.7724593751727157,0.22754062482728432,306.22009569377985
2,4,6,15.0,35.0,5.5,0.7551174484011214,0.24488255159887862,306.22009569377985
3,4,6,25.0,35.0,5.5,0.7347645725833093,0.2652354274166907,306.22009569377985
4,4,6,35.0,35.0,5.5,0.7139356787135861,0.2860643212864139,306.22009569377985
5,4,6,45.0,35.0,5.5,0.6941791374662566,0.3058208625337434,306.22009569377985
6,4,6,55.0,35.0,5.5,0.6762508836851711,0.32374911631482894,306.22009569377985
7,4,6,65.0,35.0,5.5,0.6602551390854527,0.33974486091454725,306.22009569377985
8,4,6,75.0,35.0,5.5,0.6459822568064565,0.3540177431935435,306.22009569377985
9,4,6,85.0,35.0,5.5,0.6330860598635993,0.36691394013640066,306.22009569377985
10,4,6,95.0,35.0,5.5,0.6212334547074312,0.3787665452925688,306.22009569377985
11,4,6,105.0,35.0,5.5,0.6102442282426115,0.3897557717573885,306.22009569377985
12,4,6,115.0,35.0,5.5,0.6000428538736318,0.39995714612636823,306.22009569377985
13,4,6,125.0,35.0,5.5,0.5905407917439307,0.4094592082560693,306.22009569377985
14,4,6,135.0,35.0,5.5,0.5815822711167808,0.41841772888321915,306.22009569377985
15,4,6,145.0,35.0,5.5,0.5730173117091127,0.42698268829088726,306.22009569377985
16,4,6,155.0,35.0,5.5,0.5647675872712515,0.43523241272874846,306.22009569377985
17,4,6,165.0,35.0,5.5,0.556753134093248,0.443246865906752,306.22009569377985
18,4,6,175.0,35.0,5.5,0.5489939240135095,0.45100607598649045,306.22009569377985
19,4,6,185.0,35.0,5.5,0.5415008623496973,0.4584991376503027,306.22009569377985
20,4,6,195.0,35.0,5.5,0.5341663463551712,0.46583365364482876,306.22009569377985
21,4,6,205.0,35.0,5.5,0.5269643587013608,0.4730356412986392,306.22009569377985
22,4,6,215.0,35.0,5.5,0.5198808334975118,0.4801191665024882,306.22009569377985
23,4,6,225.0,35.0,5.5,0.5128116288931943,0.4871883711068057,306.22009569377985
24,4,6,235.0,35.0,5.5,0.5055330525363333,0.4944669474636667,306.22009569377985
25,4,6,245.0,35.0,5.5,0.49780600924494045,0.5021939907550595,306.22009569377985
26,4,6,255.0,35.0,5.5,0.4895043396603287,0.5104956603396713,306.22009569377985
27,4,6,265.0,35.0,5.5,0.48054470932949467,0.5194552906705053,306.22009569377985
28,4,6,275.0,35.0,5.5,0.4706593663468979,0.5293406336531021,306.22009569377985
29,4,6,285.0,35.0,5.5,0.4591553421329196,0.5408446578670805,306.22009569377985
30,4,6,295.0,35.0,5.5,0.44481978021690427,0.5551802197830957,306.22009569377985
31,4,6,305.0,35.0,5.5,0.4261668711563554,0.5738331288436447,306.22009569377985
32,4,6,315.0,35.0,5.5,0.40180325145822743,0.5981967485417725,306.22009569377985
33,4,6,325.0,35.0,5.5,0.3707595941893858,0.6292404058106142,306.22009569377985
34,4,6,335.0,35.0,5.5,0.333667890101851,0.666332109898149,306.22009569377985
35,4,6,345.0,35.0,5.5,0.2947460100688608,0.7052539899311392,306.22009569377985
36,4,6,355.0,35.0,5.5,0.26088862022203607,0.7391113797779639,306.22009569377985
37,4,6,365.0,35.0,5.5,0.23617123856327882,0.7638287614367212,306.22009569377985
38,4,6,375.0,35.0,5.5,0.21973016457883193,0.7802698354211681,306.22009569377985
39,4,6,385.0,35.0,5.5,0.2093970708921251,0.7906029291078749,306.22009569377985
40,4,6,395.0,35.0,5.5,0.20369714534526961,0.7963028546547304,306.22009569377985
41,4,6,405.0,35.0,5.5,0.20122455834091518,0.7987754416590849,306.22009569377985
42,4,6,415.0,35.0,5.5,0.20039519905676778,0.7996048009432322,306.22009569377985
43,4,6,425.0,35.0,5.5,0.20014497662737873,0.7998550233726213,306.22009569377985
44,4,6,435.0,35.0,5.5,0.2000651791490682,0.7999348208509318,306.22009569377985
45,4,6,445.0,35.0,5.5,0.20004085857438275,0.7999591414256173,306.22009569377985
46,4,6,455.0,35.0,5.5,0.20003511554848438,0.7999648844515156,306.22009569377985
47,4,6,465.0,35.0,5.5,0.20003435835657868,0.7999656416434213,306.22009569377985
48,4,6,475.0,35.0,5.5,0.20003445572662956,0.7999655442733704,306.22009569377985
49,4,6,485.0,35.0,5.5,0.20003479325064788,0.7999652067493521,306.22009569377985
50,4,6,495.0,35.0,5.5,0.2000350768446119,0.7999649231553881,306.22009569377985
1,5,6,5.0,45.0,5.5,0.7915990432177101,0.20840095678228987,306.22009569377985
2,5,6,15.0,45.0,5.5,0.7768517609523324,0.22314823904766756,306.22009569377985
3,5,6,25.0,45.0,5.5,0.7566363475586866,0.24336365244131342,306.22009569377985
4,5,6,35.0,45.0,5.5,0.7350535850728723,0.26494641492712767,306.22009569377985
5,5,6,45.0,45.0,5.5,0.7144544356002077,0.2855455643997923,306.22009569377985
6,5,6,55.0,45.0,5.5,0.6955594758930186,0.3044405241069814,306.22009569377985
7,5,6,65.0,45.0,5.5,0.6785851617497017,0.32141483825029826,306.22009569377985
8,5,6,75.0,45.0,5.5,0.6634502449476674,0.33654975505233264,306.22009569377985
9,5,6,85.0,45.0,5.5,0.6498738786474407,0.35012612135255927,306.22009569377985
10,5,6,95.0,45.0,5.5,0.6375072478974458,0.36249275210255416,306.22009569377985
11,5,6,105.0,45.0,5.5,0.6260838015573804,0.3739161984426196,306.22009569377985
12,5,6,115.0,45.0,5.5,0.615474030269125,0.38452596973087505,306.22009569377985
13,5,6,125.0,45.0,5.5,0.6056128943655881,0.3943871056344119,306.22009569377985
14,5,6,135.0,45.0,5.5,0.5964073206939882,0.40359267930601184,306.22009569377985
15,5,6,145.0,45.0,5.5,0.5877047418371092,0.4122952581628908,306.22009569377985
16,5,6,155.0,45.0,5.5,0.579349280212551,0.42065071978744895,306.22009569377985
17,5,6,165.0,45.0,5.5,0.5712503956400307,0.42874960435996934,306.22009569377985
18,5,6,175.0,45.0,5.5,0.5633725516475753,0.43662744835242473,306.22009569377985
19,5,6,185.0,45.0,5.5,0.5557786457884336,0.4442213542115664,306.22009569377985
20,5,6,195.0,45.0,5.5,0.5484576759159274,0.4515423240840726,306.22009569377985
21,5,6,205.0,45.0,5.5,0.5412829238615857,0.4587170761384143,306.22009569377985
22,5,6,215.0,45.0,5.5,0.5342109749426058,0.46578902505739417,306.22009569377985
23,5,6,225.0,45.0,5.5,0.5272503976856898,0.4727496023143102,306.22009569377985
24,5,6,235.0,45.0,5.5,0.5203624764830298,0.4796375235169702,306.22009569377985
25,5,6,245.0,45.0,5.5,0.5133911427215562,0.48660885727844383,306.22009569377985
26,5,6,255.0,45.0,5.5,0.5061001551774208,0.4938998448225792,306.22009569377985
27,5,6,265.0,45.0,5.5,0.49830417128464743,0.5016958287153526,306.22009569377985
28,5,6,275.0,45.0,5.5,0.48993790845438945,0.5100620915456106,306.22009569377985
29,5,6,285.0,45.0,5.5,0.4809194510980789,0.5190805489019211,306.22009569377985
30,5,6,295.0,45.0,5.5,0.47090193366535216,0.5290980663346478,306.22009569377985
31,5,6,305.0,45.0,5.5,0.45908076338686266,0.5409192366131373,306.22009569377985
32,5,6,315.0,45.0,5.5,0.4441915166484613,0.5558084833515387,306.22009569377985
33,5,6,325.0,45.0,5.5,0.4248064488972679,0.5751935511027322,306.22009569377985
34,5,6,335.0,45.0,5.5,0.39962188439569774,0.6003781156043022,306.22009569377985
35,5,6,345.0,45.0,5.5,0.3677643678424175,0.6322356321575825,306.22009569377985
36,5,6,355.0,45.0,5.5,0.33001757195812137,0.6699824280418787,306.22009569377985
37,5,6,365.0,45.0,5.5,0.29077594455712386,0.7092240554428761,306.22009569377985
38,5,6,375.0,45.0,5.5,0.25710170326709725,0.7428982967329028,306.22009569377985
39,5,6,385.0,45.0,5.5,0.23288368650477495,0.767116313495225,306.22009569377985
40,5,6,395.0,45.0,5.5,0.21711749897612737,0.7828825010238727,306.22009569377985
41,5,6,405.0,45.0,5.5,0.2076210993334996,0.7923789006665004,306.22009569377985
42,5,6,415.0,45.0,5.5,0.20274446904713173,0.7972555309528683,306.22009569377985
43,5,6,425.0,45.0,5.5,0.20083366365812202,0.799166336341878,306.22009569377985
44,5,6,435.0,45.0,5.5,0.2002556161090587,0.7997443838909413,306.22009569377985
45,5,6,445.0,45.0,5.5,0.20009483613259563,0.7999051638674044,306.22009569377985
46,5,6,455.0,45.0,5.5,0.20004906274922743,0.7999509372507726,306.22009569377985
47,5,6,465.0,45.0,5.5,0.2000378205851315,0.7999621794148685,306.22009569377985
48,5,6,475.0,45.0,5.5,0.20003603902959552,0.7999639609704045,306.22009569377985
49,5,6,485.0,45.0,5.5,0.20003628968960824,0.7999637103103918,306.22009569377985
50,5,6,495.0,45.0,5.5,0.20003617375770444,0.7999638262422956,306.22009569377985
1,6,6,5.0,55.0,5.5,0.7736368860793753,0.2263631139206247,306.22009569377985
2,6,6,15.0,55.0,5.5,0.7571856195459787,0.24281438045402126,306.22009569377985
3,6,6,25.0,55.0,5.5,0.7377849124604207,0.26221508753957934,306.22009569377985
4,6,6,35.0,55.0,5.5,0.7177480373697896,0.28225196263021035,306.22009569377985
5,6,6,45.0,55.0,5.5,0.6985553202463854,0.30144467975361455,306.22009569377985
6,6,6,55.0,55.0,5.5,0.6808959543274982,0.31910404567250183,306.22009569377985
7,6,6,65.0,55.0,5.5,0.6649838348006116,0.33501616519938837,306.22009569377985
8,6,6,75.0,55.0,5.5,0.6507191302626835,0.34928086973731653,306.22009569377985
9,6,6,85.0,55.0,5.5,0.6378047711552357,0.3621952288447643,306.22009569377985
10,6,6,95.0,55.0,5.5,0.6259115916281333,0.37408840837186674,306.22009569377985
11,6,6,105.0,55.0,5.5,0.6148554163252863,0.3851445836747137,306.22009569377985
12,6,6,115.0,55.0,5.5,0.6045720363927835,0.39542796360721655,306.22009569377985
13,6,6,125.0,55.0,5.5,0.5950024663257886,0.40499753367421143,306.22009569377985
14,6,6,135.0,55.0,5.5,0.5860081714914674,0.41399182850853256,306.22009569377985
15,6,6,145.0,55.0,5.5,0.5774201579551459,0.4225798420448541,306.22009569377985
16,6,6,155.0,55.0,5.5,0.5691392605700324,0.4308607394299676,306.22009569377985
17,6,6,165.0,55.0,5.5,0.5611110176725681,0.4388889823274319,306.22009569377985
18,6,6,175.0,55.0,5.5,0.5532974886425948,0.44670251135740524,306.22009569377985
19,6,6,185.0,55.0,5.5,0.5457649582386004,0.4542350417613996,306.22009569377985
20,6,6,195.0,55.0,5.5,0.5384108007892418,0.46158919921075825,306.22009569377985
21,6,6,205.0,55.0,5.5,0.5311714991747096,0.4688285008252904,306.22009569377985
22,6,6,215.0,55.0,5.5,0.5240553741522745,0.47594462584772546,306.22009569377985
23,6,6,225.0,55.0,5.5,0.5170232752134546,0.4829767247865454,306.22009569377985
24,6,6,235.0,55.0,5.5,0.5099069159282194,0.49009308407178065,306.22009569377985
25,6,6,245.0,55.0,5.5,0.5024459342319751,0.49755406576802486,306.22009569377985
26,6,6,255.0,55.0,5.5,0.4944435009982147,0.5055564990017853,306.22009569377985
27,6,6,265.0,55.0,5.5,0.4858254872438207,0.5141745127561793,306.22009569377985
28,6,6,275.0,55.0,5.5,0.47647608184197254,0.5235239181580275,306.22009569377985
29,6,6,285.0,55.0,5.5,0.4659707479811494,0.5340292520188505,306.22009569377985
30,6,6,295.0,55.0,5.5,0.4533574805550746,0.5466425194449254,306.22009569377985
31,6,6,305.0,55.0,5.5,0.43722660108047734,0.5627733989195227,306.22009569377985
32,6,6,315.0,55.0,5.5,0.4160723562872615,0.5839276437127385,306.22009569377985
33,6,6,325.0,55.0,5.5,0.3886008928658818,0.6113991071341183,306.22009569377985
34,6,6,335.0,55.0,5.5,0.35435830321098993,0.6456416967890101,306.22009569377985
35,6,6,345.0,55.0,5.5,0.3154789143683643,0.6845210856316357,306.22009569377985
36,6,6,355.0,55.0,5.5,0.27788483766585564,0.7221151623341444,306.22009569377985
37,6,6,365.0,55.0,5.5,0.24793170417884666,0.7520682958211533,306.22009569377985
38,6,6,375.0,55.0,5.5,0.2271325635851275,0.7728674364148724,306.22009569377985
39,6,6,385.0,55.0,5.5,0.21363962504076825,0.7863603749592317,306.22009569377985
40,6,6,395.0,55.0,5.5,0.2057077588550588,0.7942922411449412,306.22009569377985
41,6,6,405.0,55.0,5.5,0.2019246972146838,0.7980753027853162,306.22009569377985
42,6,6,415.0,55.0,5.5,0.2005811236785654,0.7994188763214346,306.22009569377985
43,6,6,425.0,55.0,5.5,0.20018782791545806,0.7998121720845419,306.22009569377985
44,6,6,435.0,55.0,5.5,0.20007357815951132,0.7999264218404887,306.22009569377985
45,6,6,445.0,55.0,5.5,0.20004175090880638,0.7999582490911936,306.22009569377985
46,6,6,455.0,55.0,5.5,0.20003509561479366,0.7999649043852064,306.22009569377985
47,6,6,465.0,55.0,5.5,0.20003423416984303,0.799965765830157,306.22009569377985
48,6,6,475.0,55.0,5.5,0.2000343136909498,0.7999656863090502,306.22009569377985
49,6,6,485.0,55.0,5.5,0.20003462687135215,0.7999653731286478,306.22009569377985
50,6,6,495.0,55.0,5.5,0.20003489698441376,0.7999651030155862,306.22009569377985
1,7,6,5.0,65.0,5.5,0.7485111872969078,0.2514888127030922,306.22009569377985
2,7,6,15.0,65.0,5.5,0.7326324574878841,0.2673675425121159,306.22009569377985
3,7,6,25.0,65.0,5.5,0.7145973634425702,0.2854026365574298,306.22009569377985
4,7,6,35.0,65.0,5.5,0.6962750580669261,0.30372494193307387,306.22009569377985
5,7,6,45.0,65.0,5.5,0.6788112077346496,0.32118879226535035,306.22009569377985
6,7,6,55.0,65.0,5.5,0.6627526786238512,0.33724732137614877,306.22009569377985
7,7,6,65.0,65.0,5.5,0.6482182548548354,0.3517817451451646,306.22009569377985
8,7,6,75.0,65.0,5.5,0.635028531651622,0.364971468348378,306.22009569377985
9,7,6,85.0,65.0,5.5,0.622913799377113,0.377086200622887,306.22009569377985
10,7,6,95.0,65.0,5.5,0.6116897158351422,0.3883102841648578,306.22009569377985
11,7,6,105.0,65.0,5.5,0.6012807040518328,0.39871929594816724,306.22009569377985
12,7,6,115.0,65.0,5.5,0.5915996065370441,0.40840039346295587,306.22009569377985
13,7,6,125.0,65.0,5.5,0.5824941165371057,0.4175058834628943,306.22009569377985
14,7,6,135.0,65.0,5.5,0.5738100326046316,0.4261899673953684,306.22009569377985
15,7,6,145.0,65.0,5.5,0.5654627439053704,0.43453725609462956,306.22009569377985
16,7,6,155.0,65.0,5.5,0.557356992329626,0.442643007670374,306.22009569377985
17,7,6,165.0,65.0,5.5,0.5494646966815876,0.4505353033184124,306.22009569377985
18,7,6,175.0,65.0,5.5,0.5418386881750805,0.4581613118249195,306.22009569377985
19,7,6,185.0,65.0,5.5,0.5343837683501191,0.46561623164988086,306.22009569377985
20,7,6,195.0,65.0,5.5,0.527068911575362,0.47293108842463805,306.22009569377985
21,7,6,205.0,65.0,5.5,0.5198715690812543,0.4801284309187457,306.22009569377985
22,7,6,215.0,65.0,5.5,0.5126817554637306,0.4873182445362694,306.22009569377985
23,7,6,225.0,65.0,5.5,0.5052734134247471,0.4947265865752529,306.22009569377985
24,7,6,235.0,65.0,5.5,0.4974103804364191,0.5025896195635808,306.22009569377985
25,7,6,245.0,65.0,5.5,0.4889659941142513,0.5110340058857488,306.22009569377985
26,7,6,255.0,65.0,5.5,0.47983706474599036,0.5201629352540096,306.22009569377985
27,7,6,265.0,65.0,5.5,0.4697151004589538,0.5302848995410462,306.22009569377985
28,7,6,275.0,65.0,5.5,0.45784461556877804,0.5421553844312219,306.22009569377985
29,7,6,285.0,65.0,5.5,0.4429432110290362,0.5570567889709638,306.22009569377985
30,7,6,295.0,65.0,5.5,0.42348218618674893,0.5765178138132511,306.22009569377985
31,7,6,305.0,65.0,5.5,0.39803420124253736,0.6019657987574627,306.22009569377985
32,7,6,315.0,65.0,5.5,0.3656692118773143,0.6343307881226856,306.22009569377985
33,7,6,325.0,65.0,5.5,0.3274070977859117,0.6725929022140883,306.22009569377985
34,7,6,335.0,65.0,5.5,0.288244320967095,0.7117556790329049,306.22009569377985
35,7,6,345.0,65.0,5.5,0.2553578759467187,0.7446421240532812,306.22009569377985
36,7,6,355.0,65.0,5.5,0.23205053555372715,0.7679494644462729,306.22009569377985
37,7,6,365.0,65.0,5.5,0.21683051719335436,0.7831694828066457,306.22009569377985
38,7,6,375.0,65.0,5.5,0.2075039546271032,0.7924960453728969,306.22009569377985
39,7,6,385.0,65.0,5.5,0.20268575300725952,0.7973142469927404,306.22009569377985
40,7,6,395.0,65.0,5.5,0.20082113223852324,0.7991788677614767,306.22009569377985
41,7,6,405.0,65.0,5.5,0.20025894968269786,0.7997410503173021,306.22009569377985
42,7,6,415.0,65.0,5.5,0.20009592295218137,0.7999040770478186,306.22009569377985
43,7,6,425.0,65.0,5.5,0.2000472208616901,0.7999527791383099,306.22009569377985
44,7,6,435.0,65.0,5.5,0.20003537257149326,0.7999646274285067,306.22009569377985
45,7,6,445.0,65.0,5.5,0.2000335275517079,0.7999664724482921,306.22009569377985
46,7,6,455.0,65.0,5.5,0.20003337968702883,0.7999666203129712,306.22009569377985
47,7,6,465.0,65.0,5.5,0.20003364725591122,0.7999663527440888,306.22009569377985
48,7,6,475.0,65.0,5.5,0.20003400347598393,0.799965996524016,306.22009569377985
49,7,6,485.0,65.0,5.5,0.20003435519477944,0.7999656448052206,306.22009569377985
50,7,6,495.0,65.0,5.5,0.20003464135046192,0.7999653586495381,306.22009569377985
1,8,6,5.0,75.0,5.5,0.714700275494099,0.285299724505901,306.22009569377985
2,8,6,15.0,75.0,5.5,0.7006801929509057,0.29931980704909433,306.22009569377985
3,8,6,25.0,75.0,5.5,0.6848335939285782,0.31516640607142177,306.22009569377985
4,8,6,35.0,75.0,5.5,0.6688409604180472,0.3311590395819528,306.22009569377985
5,8,6,45.0,75.0,5.5,0.6536246065065106,0.34637539349348945,306.22009569377985
6,8,6,55.0,75.0,5.5,0.6395431893510759,0.3604568106489241,306.22009569377985
7,8,6,65.0,75.0,5.5,0.6265878948665344,0.37341210513346557,306.22009569377985
8,8,6,75.0,75.0,5.5,0.6146228768174298,0.3853771231825702,306.22009569377985
9,8,6,85.0,75.0,5.5,0.6035358104044619,0.3964641895955381,306.22009569377985
10,8,6,95.0,75.0,5.5,0.593250651431982,0.40674934856801803,306.22009569377985
11,8,6,105.0,75.0,5.5,0.583661709907093,0.416338290092907,306.22009569377985
12,8,6,115.0,75.0,5.5,0.5746055980400308,0.42539440195996925,306.22009569377985
13,8,6,125.0,75.0,5.5,0.5659436323844268,0.4340563676155732,306.22009569377985
14,8,6,135.0,75.0,5.5,0.557562530732269,0.442437469267731,306.22009569377985
15,8,6,145.0,75.0,5.5,0.5493764020167222,0.4506235979832778,306.22009569377985
16,8,6,155.0,75.0,5.5,0.5414702105902715,0.45852978940972855,306.22009569377985
17,8,6,165.0,75.0,5.5,0.5337752601042144,0.4662247398957856,306.22009569377985
18,8,6,175.0,75.0,5.5,0.526214408863055,0.47378559113694496,306.22009569377985
19,8,6,185.0,75.0,5.5,0.5187643593827981,0.4812356406172019,306.22009569377985
20,8,6,195.0,75.0,5.5,0.5113357042559256,0.48866429574407444,306.22009569377985
21,8,6,205.0,75.0,5.5,0.5036931099865924,0.49630689001340755,306.22009569377985
22,8,6,215.0,75.0,5.5,0.49556100473523884,0.5044389952647612,306.22009569377985
23,8,6,225.0,75.0,5.5,0.4867738620683989,0.5132261379316011,306.22009569377985
24,8,6,235.0,75.0,5.5,0.47719301604263065,0.5228069839573694,306.22009569377985
25,8,6,245.0,75.0,5.5,0.46644979805837683,0.5335502019416232,306.22009569377985
26,8,6,255.0,75.0,5.5,0.4536304113113171,0.5463695886886829,306.22009569377985
27,8,6,265.0,75.0,5.5,0.4372451587182281,0.5627548412817719,306.22009569377985
28,8,6,275.0,75.0,5.5,0.415626773296583,0.584373226703417,306.22009569377985
29,8,6,285.0,75.0,5.5,0.38732348313526327,0.6126765168647368,306.22009569377985
30,8,6,295.0,75.0,5.5,0.35186282510836014,0.6481371748916398,306.22009569377985
31,8,6,305.0,75.0,5.5,0.3117433991983035,0.6882566008016965,306.22009569377985
32,8,6,315.0,75.0,5.5,0.27364856561594675,0.7263514343840533,306.22009569377985
33,8,6,325.0,75.0,5.5,0.24421410672368335,0.7557858932763166,306.22009569377985
34,8,6,335.0,75.0,5.5,0.2245570653616061,0.7754429346383939,306.22009569377985
35,8,6,345.0,75.0,5.5,0.2121575041348926,0.7878424958651074,306.22009569377985
36,8,6,355.0,75.0,5.5,0.20496334585338302,0.795036654146617,306.22009569377985
37,8,6,365.0,75.0,5.5,0.20160710933071055,0.7983928906692894,306.22009569377985
38,8,6,375.0,75.0,5.5,0.20047190438007148,0.7995280956199285,306.22009569377985
39,8,6,385.0,75.0,5.5,0.20015768582166274,0.7998423141783373,306.22009569377985
40,8,6,395.0,75.0,5.5,0.20006628845261376,0.7999337115473862,306.22009569377985
41,8,6,405.0,75.0,5.5,0.20003931497051186,0.7999606850294881,306.22009569377985
42,8,6,415.0,75.0,5.5,0.20003329127861488,0.7999667087213851,306.22009569377985
43,8,6,425.0,75.0,5.5,0.20003245745708328,0.7999675425429167,306.22009569377985
44,8,6,435.0,75.0,5.5,0.20003251837205105,0.799967481627949,306.22009569377985
45,8,6,445.0,75.0,5.5,0.200032820899283,0.799967179100717,306.22009569377985
46,8,6,455.0,75.0,5.5,0.20003317768037257,0.7999668223196275,306.22009569377985
47,8,6,465.0,75.0,5.5,0.2000335415515795,0.7999664584484205,306.22009569377985
48,8,6,475.0,75.0,5.5,0.20003388951283896,0.799966110487161,306.22009569377985
49,8,6,485.0,75.0,5.5,0.20003419563025635,0.7999658043697436,306.22009569377985
50,8,6,495.0,75.0,5.5,0.20003441348051598,0.799965586519484,306.22009569377985
1,9,6,5.0,85.0,5.5,0.6690883450082195,0.33091165499178055,306.22009569377985
2,9,6,15.0,85.0,5.5,0.6577695200738944,0.34223047992610556,306.22009569377985
3,9,6,25.0,85.0,5.5,0.6448683232040691,0.35513167679593094,306.22009569377985
4,9,6,35.0,85.0,5.5,0.6317416978099948,0.3682583021900052,306.22009569377985
5,9,6,45.0,85.0,5.5,0.6190471749845105,0.38095282501548955,306.22009569377985
6,9,6,55.0,85.0,5.5,0.607021816379548,0.392978183620452,306.22009569377985
7,9,6,65.0,85.0,5.5,0.5957616811864762,0.4042383188135238,306.22009569377985
8,9,6,75.0,85.0,5.5,0.5852909949261764,0.4147090050738236,306.22009569377985
9,9,6,85.0,85.0,5.5,0.5754802643230196,0.4245197356769804,306.22009569377985
10,9,6,95.0,85.0,5.5,0.5661552454413884,0.4338447545586116,306.22009569377985
11,9,6,105.0,85.0,5.5,0.5572690704343651,0.44273092956563487,306.22009569377985
12,9,6,115.0,85.0,5.5,0.5486862876251717,0.4513137123748283,306.22009569377985
13,9,6,125.0,85.0,5.5,0.5402615931637238,0.4597384068362762,306.22009569377985
14,9,6,135.0,85.0,5.5,0.532058720001045,0.46794127999895496,306.22009569377985
15,9,6,145.0,85.0,5.5,0.5240598078344,0.4759401921656,306.22009569377985
16,9,6,155.0,85.0,5.5,0.516284326867069,0.48371567313293096,306.22009569377985
17,9,6,165.0,85.0,5.5,0.5085530559670316,0.4914469440329684,306.22009569377985
18,9,6,175.0,85.0,5.5,0.5004891363928833,0.4995108636071167,306.22009569377985
19,9,6,185.0,85.0,5.5,0.4918062176105512,0.5081937823894488,306.22009569377985
20,9,6,195.0,85.0,5.5,0.48244992800823894,0.5175500719917611,306.22009569377985
21,9,6,205.0,85.0,5.5,0.47228936879323424,0.5277106312067658,306.22009569377985
22,9,6,215.0,85.0,5.5,0.4606446397114335,0.5393553602885666,306.22009569377985
23,9,6,225.0,85.0,5.5,0.4460749184508033,0.5539250815491967,306.22009569377985
24,9,6,235.0,85.0,5.5,0.4267119161129766,0.5732880838870233,306.22009569377985
25,9,6,245.0,85.0,5.5,0.4008941295753216,0.5991058704246783,306.22009569377985
26,9,6,255.0,85.0,5.5,0.367735808980067,0.6322641910199329,306.22009569377985
27,9,6,265.0,85.0,5.5,0.3284116442255046,0.6715883557744954,306.22009569377985
28,9,6,275.0,85.0,5.5,0.28799236795304434,0.7120076320469557,306.22009569377985
29,9,6,285.0,85.0,5.5,0.2539105898254401,0.7460894101745599,306.22009569377985
30,9,6,295.0,85.0,5.5,0.22999923628896626,0.7700007637110338,306.22009569377985
31,9,6,305.0,85.0,5.5,0.21501303209817513,0.7849869679018249,306.22009569377985
32,9,6,315.0,85.0,5.5,0.20640037108707707,0.7935996289129229,306.22009569377985
33,9,6,325.0,85.0,5.5,0.20220729314998348,0.7977927068500166,306.22009569377985
34,9,6,335.0,85.0,5.5,0.2006595296703492,0.7993404703296508,306.22009569377985
35,9,6,345.0,85.0,5.5,0.20020793398265735,0.7997920660173427,306.22009569377985
36,9,6,355.0,85.0,5.5,0.2000794872284202,0.7999205127715798,306.22009569377985
37,9,6,365.0,85.0,5.5,0.20004162931084507,0.7999583706891549,306.22009569377985
38,9,6,375.0,85.0,5.5,0.2000324868140025,0.7999675131859975,306.22009569377985
39,9,6,385.0,85.0,5.5,0.20003110187923148,0.7999688981207685,306.22009569377985
40,9,6,395.0,85.0,5.5,0.20003103797716357,0.7999689620228364,306.22009569377985
41,9,6,405.0,85.0,5.5,0.2000313091553801,0.79996869084462,306.22009569377985
42,9,6,415.0,85.0,5.5,0.20003165708857407,0.7999683429114259,306.22009569377985
43,9,6,425.0,85.0,5.5,0.20003202601363076,0.7999679739863692,306.22009569377985
44,9,6,435.0,85.0,5.5,0.20003240065161396,0.799967599348386,306.22009569377985
45,9,6,445.0,85.0,5.5,0.2000327732415524,0.7999672267584477,306.22009569377985
46,9,6,455.0,85.0,5.5,0.20003313800490818,0.7999668619950918,306.22009569377985
47,9,6,465.0,85.0,5.5,0.20003348708737506,0.799966512912625,306.22009569377985
48,9,6,475.0,85.0,5.5,0.2000338071040596,0.7999661928959404,306.22009569377985
49,9,6,485.0,85.0,5.5,0.20003407413324018,0.7999659258667599,306.22009569377985
50,9,6,495.0,85.0,5.5,0.20003424773098435,0.7999657522690157,306.22009569377985
1,10,6,5.0,95.0,5.5,0.5939588435681817,0.40604115643181826,306.22009569377985
2,10,6,15.0,95.0,5.5,0.5856292194988933,0.41437078050110665,306.22009569377985
3,10,6,25.0,95.0,5.5,0.5758230773666593,0.4241769226333407,306.22009569377985
4,10,6,35.0,95.0,5.5,0.5654988929364617,0.4345011070635383,306.22009569377985
5,10,6,45.0,95.0,5.5,0.5552122630942146,0.44478773690578544,306.22009569377985
6,10,6,55.0,95.0,5.5,0.5451939171428644,0.45480608285713564,306.22009569377985
7,10,6,65.0,95.0,5.5,0.5355582793951013,0.46444172060489874,306.22009569377985
8,10,6,75.0,95.0,5.5,0.5264029589618566,0.4735970410381434,306.22009569377985
9,10,6,85.0,95.0,5.5,0.5175012243389036,0.48249877566109645,306.22009569377985
10,10,6,95.0,95.0,5.5,0.5083744465127215,0.49162555348727854,306.22009569377985
11,10,6,105.0,95.0,5.5,0.4991797947197479,0.5008202052802522,306.22009569377985
12,10,6,115.0,95.0,5.5,0.4901519398712641,0.5098480601287358,306.22009569377985
13,10,6,125.0,95.0,5.5,0.48099008348908895,0.519009916510911,306.22009569377985
14,10,6,135.0,95.0,5.5,0.4712112346563564,0.5287887653436436,306.22009569377985
15,10,6,145.0,95.0,5.5,0.46059905625286607,0.5394009437471339,306.22009569377985
16,10,6,155.0,95.0,5.5,0.4487504904080821,0.5512495095919179,306.22009569377985
17,10,6,165.0,95.0,5.5,0.43430610377534096,0.565693896224659,306.22009569377985
18,10,6,175.0,95.0,5.5,0.4149300126138815,0.5850699873861185,306.22009569377985
19,10,6,185.0,95.0,5.5,0.38832574560027217,0.6116742543997278,306.22009569377985
20,10,6,195.0,95.0,5.5,0.35357620375868876,0.6464237962413113,306.22009569377985
21,10,6,205.0,95.0,5.5,0.3130129272500503,0.6869870727499496,306.22009569377985
22,10,6,215.0,95.0,5.5,0.273562530111569,0.726437469888431,306.22009569377985
23,10,6,225.0,95.0,5.5,0.24265872071116767,0.7573412792888323,306.22009569377985
24,10,6,235.0,95.0,5.5,0.22225295544814958,0.7777470445518504,306.22009569377985
25,10,6,245.0,95.0,5.5,0.21012828802201824,0.7898717119779818,306.22009569377985
26,10,6,255.0,95.0,5.5,0.20382965615467116,0.7961703438453288,306.22009569377985
27,10,6,265.0,95.0,5.5,0.20122270305388468,0.7987772969461153,306.22009569377985
28,10,6,275.0,95.0,5.5,0.20036782608930656,0.7996321739106934,306.22009569377985
29,10,6,285.0,95.0,5.5,0.2001204261583961,0.7998795738416039,306.22009569377985
30,10,6,295.0,95.0,5.5,0.2000505332095161,0.7999494667904838,306.22009569377985
31,10,6,305.0,95.0,5.5,0.2000326454944872,0.7999673545055128,306.22009569377985
32,10,6,315.0,95.0,5.5,0.20002917328247485,0.7999708267175252,306.22009569377985
33,10,6,325.0,95.0,5.5,0.20002864857044333,0.7999713514295567,306.22009569377985
34,10,6,335.0,95.0,5.5,0.20002877144796175,0.7999712285520383,306.22009569377985
35,10,6,345.0,95.0,5.5,0.2000290700480787,0.7999709299519213,306.22009569377985
36,10,6,355.0,95.0,5.5,0.2000294161432014,0.7999705838567985,306.22009569377985
37,10,6,365.0,95.0,5.5,0.20002977790936338,0.7999702220906366,306.22009569377985
38,10,6,375.0,95.0,5.5,0.2000301460932592,0.7999698539067408,306.22009569377985
39,10,6,385.0,95.0,5.5,0.20003051780172781,0.7999694821982721,306.22009569377985
40,10,6,395.0,95.0,5.5,0.2000308918217234,0.7999691081782766,306.22009569377985
41,10,6,405.0,95.0,5.5,0.20003126722884335,0.7999687327711567,306.22009569377985
42,10,6,415.0,95.0,5.5,0.2000316432613257,0.7999683567386743,306.22009569377985
43,10,6,425.0,95.0,5.5,0.20003201905432402,0.799967980945676,306.22009569377985
44,10,6,435.0,95.0,5.5,0.2000323928483796,0.7999676071516204,306.22009569377985
45,10,6,445.0,95.0,5.5,0.2000327613241776,0.7999672386758224,306.22009569377985
46,10,6,455.0,95.0,5.5,0.20003311895084006,0.7999668810491599,306.22009569377985
47,10,6,465.0,95.0,5.5,0.20003345690401908,0.7999665430959809,306.22009569377985
48,10,6,475.0,95.0,5.5,0.2000337607299696,0.7999662392700304,306.22009569377985
49,10,6,485.0,95.0,5.5,0.20003400663691218,0.7999659933630878,306.22009569377985
50,10,6,495.0,95.0,5.5,0.2000341591621463,0.7999658408378537,306.22009569377985
1,1,7,5.0,5.0,6.5,0.6496625403965001,0.35033745960349993,349.2822966507176
2,1,7,15.0,5.0,6.5,0.6390961347127312,0.3609038652872688,349.2822966507176
3,1,7,25.0,5.0,6.5,0.6271284484067025,0.37287155159329755,349.2822966507176
4,1,7,35.0,5.0,6.5,0.6149649036969651,0.3850350963030349,349.2822966507176
5,1,7,45.0,5.0,6.5,0.6031957842555745,0.3968042157444255,349.2822966507176
6,1,7,55.0,5.0,6.5,0.5920854388518059,0.40791456114819413,349.2822966507176
7,1,7,65.0,5.0,6.5,0.5816927451323876,0.41830725486761244,349.2822966507176
8,1,7,75.0,5.0,6.5,0.5719616715280603,0.4280383284719397,349.2822966507176
9,1,7,85.0,5.0,6.5,0.5628902049114695,0.43710979508853054,349.2822966507176
10,1,7,95.0,5.0,6.5,0.5544619409108484,0.44553805908915156,349.2822966507176
11,1,7,105.0,5.0,6.5,0.5465053966452901,0.4534946033547099,349.2822966507176
12,1,7,115.0,5.0,6.5,0.5388587878027103,0.46114121219728965,349.2822966507176
13,1,7,125.0,5.0,6.5,0.5314904437178993,0.46850955628210067,349.2822966507176
14,1,7,135.0,5.0,6.5,0.5242716272880824,0.4757283727119176,349.2822966507176
15,1,7,145.0,5.0,6.5,0.5172205025079317,0.4827794974920683,349.2822966507176
16,1,7,155.0,5.0,6.5,0.5102727451355721,0.4897272548644279,349.2822966507176
17,1,7,165.0,5.0,6.5,0.5034483324338024,0.4965516675661976,349.2822966507176
18,1,7,175.0,5.0,6.5,0.496779397367907,0.503220602632093,349.2822966507176
19,1,7,185.0,5.0,6.5,0.490069545617396,0.509930454382604,349.2822966507176
20,1,7,195.0,5.0,6.5,0.48293678500894155,0.5170632149910585,349.2822966507176
21,1,7,205.0,5.0,6.5,0.4751206771699589,0.524879322830041,349.2822966507176
22,1,7,215.0,5.0,6.5,0.4665694360091489,0.5334305639908511,349.2822966507176
23,1,7,225.0,5.0,6.5,0.4570953207857984,0.5429046792142016,349.2822966507176
24,1,7,235.0,5.0,6.5,0.44591493748951444,0.5540850625104856,349.2822966507176
25,1,7,245.0,5.0,6.5,0.4315136257394565,0.5684863742605435,349.2822966507176
26,1,7,255.0,5.0,6.5,0.4120870055350187,0.5879129944649812,349.2822966507176
27,1,7,265.0,5.0,6.5,0.38620094655283355,0.6137990534471665,349.2822966507176
28,1,7,275.0,5.0,6.5,0.353535829598074,0.646464170401926,349.2822966507176
29,1,7,285.0,5.0,6.5,0.316210787772516,0.683789212227484,349.2822966507176
30,1,7,295.0,5.0,6.5,0.2795955657449806,0.7204044342550193,349.2822966507176
31,1,7,305.0,5.0,6.5,0.2495459142347032,0.7504540857652968,349.2822966507176
32,1,7,315.0,5.0,6.5,0.2281948350833254,0.7718051649166746,349.2822966507176
33,1,7,325.0,5.0,6.5,0.21435712255355424,0.7856428774464458,349.2822966507176
34,1,7,335.0,5.0,6.5,0.20625853589418558,0.7937414641058145,349.2822966507176
35,1,7,345.0,5.0,6.5,0.20229870964283514,0.7977012903571649,349.2822966507176
36,1,7,355.0,5.0,6.5,0.2007765569516123,0.7992234430483877,349.2822966507176
37,1,7,365.0,5.0,6.5,0.20027329992677662,0.7997267000732233,349.2822966507176
38,1,7,375.0,5.0,6.5,0.200106356590108,0.799893643409892,349.2822966507176
39,1,7,385.0,5.0,6.5,0.20005092354534382,0.7999490764546562,349.2822966507176
40,1,7,395.0,5.0,6.5,0.20003543530452092,0.799964564695479,349.2822966507176
41,1,7,405.0,5.0,6.5,0.20003230674628342,0.7999676932537165,349.2822966507176
42,1,7,415.0,5.0,6.5,0.20003179371560245,0.7999682062843976,349.2822966507176
43,1,7,425.0,5.0,6.5,0.20003192572229792,0.7999680742777021,349.2822966507176
44,1,7,435.0,5.0,6.5,0.20003225989479761,0.7999677401052023,349.2822966507176
45,1,7,445.0,5.0,6.5,0.20003264119457928,0.7999673588054207,349.2822966507176
46,1,7,455.0,5.0,6.5,0.20003303299957512,0.7999669670004249,349.2822966507176
47,1,7,465.0,5.0,6.5,0.20003342208754799,0.7999665779124521,349.2822966507176
48,1,7,475.0,5.0,6.5,0.20003379375682823,0.7999662062431718,349.2822966507176
49,1,7,485.0,5.0,6.5,0.20003412097665355,0.7999658790233465,349.2822966507176
50,1,7,495.0,5.0,6.5,0.20003435014249232,0.7999656498575076,349.2822966507176
1,2,7,5.0,15.0,6.5,0.7137096656164946,0.2862903343835054,349.2822966507176
2,2,7,15.0,15.0,6.5,0.7002722848295349,0.29972771517046515,349.2822966507176
3,2,7,25.0,15.0,6.5,0.6852897112713868,0.3147102887286132,349.2822966507176
4,2,7,35.0,15.0,6.5,0.6703299687909777,0.3296700312090223,349.2822966507176
5,2,7,45.0,15.0,6.5,0.6561581608533213,0.34384183914667865,349.2822966507176
6,2,7,55.0,15.0,6.5,0.6430381839374788,0.3569618160625212,349.2822966507176
7,2,7,65.0,15.0,6.5,0.630960688681572,0.36903931131842804,349.2822966507176
8,2,7,75.0,15.0,6.5,0.6198439213653755,0.38015607863462453,349.2822966507176
9,2,7,85.0,15.0,6.5,0.6096110349819703,0.39038896501802967,349.2822966507176
10,2,7,95.0,15.0,6.5,0.6001548301049012,0.3998451698950988,349.2822966507176
11,2,7,105.0,15.0,6.5,0.5913265366344594,0.40867346336554056,349.2822966507176
12,2,7,115.0,15.0,6.5,0.5830354781965001,0.41696452180349985,349.2822966507176
13,2,7,125.0,15.0,6.5,0.5752547827210559,0.4247452172789441,349.2822966507176
14,2,7,135.0,15.0,6.5,0.5678888021533088,0.43211119784669116,349.2822966507176
15,2,7,145.0,15.0,6.5,0.5607171530055839,0.4392828469944161,349.2822966507176
16,2,7,155.0,15.0,6.5,0.5537122814955208,0.44628771850447924,349.2822966507176
17,2,7,165.0,15.0,6.5,0.5469711428291252,0.4530288571708748,349.2822966507176
18,2,7,175.0,15.0,6.5,0.5405449624775982,0.4594550375224018,349.2822966507176
19,2,7,185.0,15.0,6.5,0.5343221300895771,0.4656778699104229,349.2822966507176
20,2,7,195.0,15.0,6.5,0.5281506907321422,0.47184930926785784,349.2822966507176
21,2,7,205.0,15.0,6.5,0.5219794759823053,0.4780205240176947,349.2822966507176
22,2,7,215.0,15.0,6.5,0.5158584793241958,0.4841415206758042,349.2822966507176
23,2,7,225.0,15.0,6.5,0.5097858983503349,0.49021410164966506,349.2822966507176
24,2,7,235.0,15.0,6.5,0.5035906176553936,0.4964093823446064,349.2822966507176
25,2,7,245.0,15.0,6.5,0.49698150575900085,0.5030184942409992,349.2822966507176
26,2,7,255.0,15.0,6.5,0.48974975179738794,0.5102502482026121,349.2822966507176
27,2,7,265.0,15.0,6.5,0.4818553919082096,0.5181446080917904,349.2822966507176
28,2,7,275.0,15.0,6.5,0.4732337638028513,0.5267662361971487,349.2822966507176
29,2,7,285.0,15.0,6.5,0.46349089478542055,0.5365091052145794,349.2822966507176
30,2,7,295.0,15.0,6.5,0.4516805385210155,0.5483194614789846,349.2822966507176
31,2,7,305.0,15.0,6.5,0.43638127445254776,0.5636187255474523,349.2822966507176
32,2,7,315.0,15.0,6.5,0.4161074674663563,0.5838925325336437,349.2822966507176
33,2,7,325.0,15.0,6.5,0.38967527821482084,0.6103247217851792,349.2822966507176
34,2,7,335.0,15.0,6.5,0.3567251857508696,0.6432748142491305,349.2822966507176
35,2,7,345.0,15.0,6.5,0.31911330540771093,0.6808866945922891,349.2822966507176
36,2,7,355.0,15.0,6.5,0.2820770645691136,0.7179229354308865,349.2822966507176
37,2,7,365.0,15.0,6.5,0.25169371479200736,0.7483062852079927,349.2822966507176
38,2,7,375.0,15.0,6.5,0.23022562637171146,0.7697743736282885,349.2822966507176
39,2,7,385.0,15.0,6.5,0.21616047486698445,0.7838395251330156,349.2822966507176
40,2,7,395.0,15.0,6.5,0.2074912895060874,0.7925087104939126,349.2822966507176
41,2,7,405.0,15.0,6.5,0.20285449141756323,0.7971455085824368,349.2822966507176
42,2,7,415.0,15.0,6.5,0.20092229790604657,0.7990777020939535,349.2822966507176
43,2,7,425.0,15.0,6.5,0.20029255069783194,0.7997074493021681,349.2822966507176
44,2,7,435.0,15.0,6.5,0.20011121352412647,0.7998887864758735,349.2822966507176
45,2,7,445.0,15.0,6.5,0.2000550668589048,0.7999449331410952,349.2822966507176
46,2,7,455.0,15.0,6.5,0.20003814171667011,0.7999618582833299,349.2822966507176
47,2,7,465.0,15.0,6.5,0.20003467263430813,0.7999653273656919,349.2822966507176
48,2,7,475.0,15.0,6.5,0.20003412248287084,0.7999658775171292,349.2822966507176
49,2,7,485.0,15.0,6.5,0.20003421946799887,0.7999657805320011,349.2822966507176
50,2,7,495.0,15.0,6.5,0.2000344489520725,0.7999655510479275,349.2822966507176
1,3,7,5.0,25.0,6.5,0.750787820104214,0.24921217989578603,349.2822966507176
2,3,7,15.0,25.0,6.5,0.7356031469809035,0.26439685301909654,349.2822966507176
3,3,7,25.0,25.0,6.5,0.7185139380540995,0.28148606194590053,349.2822966507176
4,3,7,35.0,25.0,6.5,0.7013359078814058,0.29866409211859424,349.2822966507176
5,3,7,45.0,25.0,6.5,0.6850835218765127,0.31491647812348733,349.2822966507176
6,3,7,55.0,25.0,6.5,0.6701576178093601,0.3298423821906399,349.2822966507176
7,3,7,65.0,25.0,6.5,0.6565944460827816,0.3434055539172184,349.2822966507176
8,3,7,75.0,25.0,6.5,0.6442478319631564,0.3557521680368436,349.2822966507176
9,3,7,85.0,25.0,6.5,0.63293529923597,0.36706470076402997,349.2822966507176
10,3,7,95.0,25.0,6.5,0.622512175300836,0.377487824699164,349.2822966507176
11,3,7,105.0,25.0,6.5,0.6128639976777781,0.3871360023222219,349.2822966507176
12,3,7,115.0,25.0,6.5,0.6038843358818267,0.39611566411817334,349.2822966507176
13,3,7,125.0,25.0,6.5,0.5954674638608023,0.4045325361391977,349.2822966507176
14,3,7,135.0,25.0,6.5,0.5875284199062787,0.4124715800937213,349.2822966507176
15,3,7,145.0,25.0,6.5,0.5799956189057054,0.4200043810942946,349.2822966507176
16,3,7,155.0,25.0,6.5,0.5727951703301168,0.42720482966988316,349.2822966507176
17,3,7,165.0,25.0,6.5,0.5657982876692522,0.4342017123307478,349.2822966507176
18,3,7,175.0,25.0,6.5,0.558987411670506,0.44101258832949397,349.2822966507176
19,3,7,185.0,25.0,6.5,0.5524262486837478,0.4475737513162522,349.2822966507176
20,3,7,195.0,25.0,6.5,0.5461024231706182,0.4538975768293818,349.2822966507176
21,3,7,205.0,25.0,6.5,0.5399771321875586,0.4600228678124414,349.2822966507176
22,3,7,215.0,25.0,6.5,0.5339851725851497,0.46601482741485034,349.2822966507176
23,3,7,225.0,25.0,6.5,0.528046826881951,0.47195317311804896,349.2822966507176
24,3,7,235.0,25.0,6.5,0.5221145239158556,0.47788547608414444,349.2822966507176
25,3,7,245.0,25.0,6.5,0.5161686453938149,0.4838313546061851,349.2822966507176
26,3,7,255.0,25.0,6.5,0.5101740858329377,0.48982591416706234,349.2822966507176
27,3,7,265.0,25.0,6.5,0.5040235167609863,0.49597648323901367,349.2822966507176
28,3,7,275.0,25.0,6.5,0.49752631687726034,0.5024736831227397,349.2822966507176
29,3,7,285.0,25.0,6.5,0.49050500794400026,0.5094949920559997,349.2822966507176
30,3,7,295.0,25.0,6.5,0.4828432835883634,0.5171567164116366,349.2822966507176
31,3,7,305.0,25.0,6.5,0.47439401769858336,0.5256059823014166,349.2822966507176
32,3,7,315.0,25.0,6.5,0.4648189037574862,0.5351810962425139,349.2822966507176
33,3,7,325.0,25.0,6.5,0.4533858511971701,0.5466141488028299,349.2822966507176
34,3,7,335.0,25.0,6.5,0.43892637745448154,0.5610736225455184,349.2822966507176
35,3,7,345.0,25.0,6.5,0.42009204849092036,0.5799079515090797,349.2822966507176
36,3,7,355.0,25.0,6.5,0.39561645361653813,0.6043835463834619,349.2822966507176
37,3,7,365.0,25.0,6.5,0.3647031573900042,0.6352968426099959,349.2822966507176
38,3,7,375.0,25.0,6.5,0.3283258502520353,0.6716741497479647,349.2822966507176
39,3,7,385.0,25.0,6.5,0.2908855355835783,0.7091144644164217,349.2822966507176
40,3,7,395.0,25.0,6.5,0.25878507948654683,0.7412149205134532,349.2822966507176
41,3,7,405.0,25.0,6.5,0.23541880306406412,0.7645811969359358,349.2822966507176
42,3,7,415.0,25.0,6.5,0.2197492170027252,0.7802507829972748,349.2822966507176
43,3,7,425.0,25.0,6.5,0.20965414893149187,0.7903458510685082,349.2822966507176
44,3,7,435.0,25.0,6.5,0.20382800548505503,0.796171994514945,349.2822966507176
45,3,7,445.0,25.0,6.5,0.20124655488189588,0.7987534451181041,349.2822966507176
46,3,7,455.0,25.0,6.5,0.20039131085221945,0.7996086891477805,349.2822966507176
47,3,7,465.0,25.0,6.5,0.2001407919771732,0.7998592080228268,349.2822966507176
48,3,7,475.0,25.0,6.5,0.20006161814304046,0.7999383818569595,349.2822966507176
49,3,7,485.0,25.0,6.5,0.20003915136875283,0.7999608486312472,349.2822966507176
50,3,7,495.0,25.0,6.5,0.20003514177311832,0.7999648582268817,349.2822966507176
1,4,7,5.0,35.0,6.5,0.7757500084611684,0.22424999153883163,349.2822966507176
2,4,7,15.0,35.0,6.5,0.7603336795268675,0.23966632047313252,349.2822966507176
3,4,7,25.0,35.0,6.5,0.7421046127674763,0.2578953872325237,349.2822966507176
4,4,7,35.0,35.0,6.5,0.7233528295310023,0.27664717046899767,349.2822966507176
5,4,7,45.0,35.0,6.5,0.7054716683929901,0.29452833160700986,349.2822966507176
6,4,7,55.0,35.0,6.5,0.6891508674023962,0.3108491325976038,349.2822966507176
7,4,7,65.0,35.0,6.5,0.6744372750624192,0.32556272493758076,349.2822966507176
8,4,7,75.0,35.0,6.5,0.6611634544829139,0.3388365455170861,349.2822966507176
9,4,7,85.0,35.0,6.5,0.6490870565966941,0.3509129434033059,349.2822966507176
10,4,7,95.0,35.0,6.5,0.6379744583072765,0.3620255416927235,349.2822966507176
11,4,7,105.0,35.0,6.5,0.6276771914872102,0.37232280851278976,349.2822966507176
12,4,7,115.0,35.0,6.5,0.618105961888726,0.381894038111274,349.2822966507176
13,4,7,125.0,35.0,6.5,0.6091751558011762,0.3908248441988238,349.2822966507176
14,4,7,135.0,35.0,6.5,0.6007802959827857,0.3992197040172143,349.2822966507176
15,4,7,145.0,35.0,6.5,0.592830678004833,0.407169321995167,349.2822966507176
16,4,7,155.0,35.0,6.5,0.5852722673316895,0.41472773266831053,349.2822966507176
17,4,7,165.0,35.0,6.5,0.5780684323617984,0.4219315676382016,349.2822966507176
18,4,7,175.0,35.0,6.5,0.571112022742865,0.428887977257135,349.2822966507176
19,4,7,185.0,35.0,6.5,0.5643200424839558,0.43567995751604416,349.2822966507176
20,4,7,195.0,35.0,6.5,0.5577532889670503,0.44224671103294966,349.2822966507176
21,4,7,205.0,35.0,6.5,0.5514284678670405,0.4485715321329595,349.2822966507176
22,4,7,215.0,35.0,6.5,0.5453270745323149,0.4546729254676851,349.2822966507176
23,4,7,225.0,35.0,6.5,0.5394003963777226,0.46059960362227736,349.2822966507176
24,4,7,235.0,35.0,6.5,0.5335628210036024,0.4664371789963976,349.2822966507176
25,4,7,245.0,35.0,6.5,0.5277375095534534,0.47226249044654656,349.2822966507176
26,4,7,255.0,35.0,6.5,0.5219041789061211,0.47809582109387894,349.2822966507176
27,4,7,265.0,35.0,6.5,0.5160710931893736,0.4839289068106264,349.2822966507176
28,4,7,275.0,35.0,6.5,0.5102024270471911,0.4897975729528089,349.2822966507176
29,4,7,285.0,35.0,6.5,0.504168378983951,0.49583162101604905,349.2822966507176
30,4,7,295.0,35.0,6.5,0.49776647249880074,0.5022335275011993,349.2822966507176
31,4,7,305.0,35.0,6.5,0.4908282452924297,0.5091717547075703,349.2822966507176
32,4,7,315.0,35.0,6.5,0.48327055947107356,0.5167294405289264,349.2822966507176
33,4,7,325.0,35.0,6.5,0.47498736966141814,0.5250126303385818,349.2822966507176
34,4,7,335.0,35.0,6.5,0.46566629136938914,0.5343337086306108,349.2822966507176
35,4,7,345.0,35.0,6.5,0.45461060889592586,0.5453893911040741,349.2822966507176
36,4,7,355.0,35.0,6.5,0.440704596257252,0.559295403742748,349.2822966507176
37,4,7,365.0,35.0,6.5,0.4226519668409767,0.5773480331590233,349.2822966507176
38,4,7,375.0,35.0,6.5,0.39925658593934116,0.6007434140606589,349.2822966507176
39,4,7,385.0,35.0,6.5,0.36971245986877554,0.6302875401312245,349.2822966507176
40,4,7,395.0,35.0,6.5,0.3346384322132792,0.6653615677867208,349.2822966507176
41,4,7,405.0,35.0,6.5,0.2976542566890853,0.7023457433109147,349.2822966507176
42,4,7,415.0,35.0,6.5,0.26474730664485185,0.7352526933551482,349.2822966507176
43,4,7,425.0,35.0,6.5,0.23987007678225708,0.760129923217743,349.2822966507176
44,4,7,435.0,35.0,6.5,0.22276394013333425,0.7772360598666658,349.2822966507176
45,4,7,445.0,35.0,6.5,0.2115512245491553,0.7884487754508447,349.2822966507176
46,4,7,455.0,35.0,6.5,0.2049000234926704,0.7950999765073297,349.2822966507176
47,4,7,465.0,35.0,6.5,0.20179248399474642,0.7982075160052535,349.2822966507176
48,4,7,475.0,35.0,6.5,0.20069077344336336,0.7993092265566366,349.2822966507176
49,4,7,485.0,35.0,6.5,0.20032283983581115,0.7996771601641889,349.2822966507176
50,4,7,495.0,35.0,6.5,0.2001332737773813,0.7998667262226187,349.2822966507176
1,5,7,5.0,45.0,6.5,0.7927336544101501,0.2072663455898499,349.2822966507176
2,5,7,15.0,45.0,6.5,0.7796538067589076,0.2203461932410924,349.2822966507176
3,5,7,25.0,45.0,6.5,0.7616508856063632,0.23834911439363682,349.2822966507176
4,5,7,35.0,45.0,6.5,0.7423107599536501,0.25768924004634985,349.2822966507176
5,5,7,45.0,45.0,6.5,0.7237595568408237,0.2762404431591763,349.2822966507176
6,5,7,55.0,45.0,6.5,0.7066237254383683,0.29337627456163173,349.2822966507176
7,5,7,65.0,45.0,6.5,0.6911036925323784,0.30889630746762164,349.2822966507176
8,5,7,75.0,45.0,6.5,0.6771264155929396,0.3228735844070604,349.2822966507176
9,5,7,85.0,45.0,6.5,0.6644733044199792,0.3355266955800208,349.2822966507176
10,5,7,95.0,45.0,6.5,0.652897945522797,0.347102054477203,349.2822966507176
11,5,7,105.0,45.0,6.5,0.6422076848150025,0.35779231518499754,349.2822966507176
12,5,7,115.0,45.0,6.5,0.6322856979490383,0.36771430205096167,349.2822966507176
13,5,7,125.0,45.0,6.5,0.6230507297362197,0.37694927026378033,349.2822966507176
14,5,7,135.0,45.0,6.5,0.6144132256143437,0.38558677438565625,349.2822966507176
15,5,7,145.0,45.0,6.5,0.6062685737444296,0.39373142625557045,349.2822966507176
16,5,7,155.0,45.0,6.5,0.5985266837254123,0.4014733162745877,349.2822966507176
17,5,7,165.0,45.0,6.5,0.5911282714681702,0.40887172853182985,349.2822966507176
18,5,7,175.0,45.0,6.5,0.5840405300686548,0.41595946993134525,349.2822966507176
19,5,7,185.0,45.0,6.5,0.5771722465608533,0.4228277534391467,349.2822966507176
20,5,7,195.0,45.0,6.5,0.5704796841030243,0.4295203158969757,349.2822966507176
21,5,7,205.0,45.0,6.5,0.5640128822652746,0.4359871177347254,349.2822966507176
22,5,7,215.0,45.0,6.5,0.557756218954226,0.442243781045774,349.2822966507176
23,5,7,225.0,45.0,6.5,0.5517045626348994,0.4482954373651006,349.2822966507176
24,5,7,235.0,45.0,6.5,0.5458296321947048,0.4541703678052952,349.2822966507176
25,5,7,245.0,45.0,6.5,0.540060622341888,0.459939377658112,349.2822966507176
26,5,7,255.0,45.0,6.5,0.5343142102932983,0.4656857897067017,349.2822966507176
27,5,7,265.0,45.0,6.5,0.5285470670982388,0.47145293290176116,349.2822966507176
28,5,7,275.0,45.0,6.5,0.5227716617023745,0.47722833829762545,349.2822966507176
29,5,7,285.0,45.0,6.5,0.5169939868633866,0.4830060131366134,349.2822966507176
30,5,7,295.0,45.0,6.5,0.5111393847578187,0.4888606152421813,349.2822966507176
31,5,7,305.0,45.0,6.5,0.5050390061532929,0.4949609938467071,349.2822966507176
32,5,7,315.0,45.0,6.5,0.4984947136354135,0.5015052863645866,349.2822966507176
33,5,7,325.0,45.0,6.5,0.4913838105296176,0.5086161894703825,349.2822966507176
34,5,7,335.0,45.0,6.5,0.4836594967482623,0.5163405032517376,349.2822966507176
35,5,7,345.0,45.0,6.5,0.4751811906571961,0.5248188093428039,349.2822966507176
36,5,7,355.0,45.0,6.5,0.46551051106400465,0.5344894889359953,349.2822966507176
37,5,7,365.0,45.0,6.5,0.45380006366449466,0.5461999363355053,349.2822966507176
38,5,7,375.0,45.0,6.5,0.43885153276674893,0.5611484672332511,349.2822966507176
39,5,7,385.0,45.0,6.5,0.41934846287357114,0.5806515371264289,349.2822966507176
40,5,7,395.0,45.0,6.5,0.39406917999889,0.60593082000111,349.2822966507176
41,5,7,405.0,45.0,6.5,0.36224504432501703,0.637754955674983,349.2822966507176
42,5,7,415.0,45.0,6.5,0.32487989254194394,0.6751201074580561,349.2822966507176
43,5,7,425.0,45.0,6.5,0.28655731394182604,0.713442686058174,349.2822966507176
44,5,7,435.0,45.0,6.5,0.25397723206368494,0.7460227679363151,349.2822966507176
45,5,7,445.0,45.0,6.5,0.2306948758741998,0.7693051241258002,349.2822966507176
46,5,7,455.0,45.0,6.5,0.21590003433936952,0.7840999656606304,349.2822966507176
47,5,7,465.0,45.0,6.5,0.20743104495020923,0.7925689550497907,349.2822966507176
48,5,7,475.0,45.0,6.5,0.20343415779644558,0.7965658422035544,349.2822966507176
49,5,7,485.0,45.0,6.5,0.2019522032849535,0.7980477967150466,349.2822966507176
50,5,7,495.0,45.0,6.5,0.20110042343035572,0.7988995765696443,349.2822966507176
1,6,7,5.0,55.0,6.5,0.776797768286634,0.22320223171336595,349.2822966507176
2,6,7,15.0,55.0,6.5,0.7621911341155877,0.2378088658844123,349.2822966507176
3,6,7,25.0,55.0,6.5,0.7448387077901766,0.2551612922098234,349.2822966507176
4,6,7,35.0,55.0,6.5,0.7268300684096065,0.2731699315903935,349.2822966507176
5,6,7,45.0,55.0,6.5,0.7094971141147448,0.2905028858852552,349.2822966507176
6,6,7,55.0,55.0,6.5,0.6934400214574387,0.30655997854256134,349.2822966507176
7,6,7,65.0,55.0,6.5,0.6788241707671099,0.3211758292328901,349.2822966507176
8,6,7,75.0,55.0,6.5,0.6655712754903976,0.33442872450960237,349.2822966507176
9,6,7,85.0,55.0,6.5,0.6534810703297669,0.3465189296702331,349.2822966507176
10,6,7,95.0,55.0,6.5,0.6423309321751148,0.35766906782488517,349.2822966507176
11,6,7,105.0,55.0,6.5,0.631979340205725,0.368020659794275,349.2822966507176
12,6,7,115.0,55.0,6.5,0.6223451278505145,0.37765487214948545,349.2822966507176
13,6,7,125.0,55.0,6.5,0.6133558696844973,0.3866441303155027,349.2822966507176
14,6,7,135.0,55.0,6.5,0.6049115843954214,0.39508841560457864,349.2822966507176
15,6,7,145.0,55.0,6.5,0.5969128019177988,0.40308719808220117,349.2822966507176
16,6,7,155.0,55.0,6.5,0.5892973183960679,0.4107026816039321,349.2822966507176
17,6,7,165.0,55.0,6.5,0.5820331711004276,0.4179668288995724,349.2822966507176
18,6,7,175.0,55.0,6.5,0.5750526204843996,0.42494737951560035,349.2822966507176
19,6,7,185.0,55.0,6.5,0.5682330745572012,0.4317669254427988,349.2822966507176
20,6,7,195.0,55.0,6.5,0.5616024901596087,0.4383975098403913,349.2822966507176
21,6,7,205.0,55.0,6.5,0.5552025414068966,0.4447974585931034,349.2822966507176
22,6,7,215.0,55.0,6.5,0.5490239689454568,0.4509760310545432,349.2822966507176
23,6,7,225.0,55.0,6.5,0.5430417271853725,0.45695827281462753,349.2822966507176
24,6,7,235.0,55.0,6.5,0.5371865265529413,0.4628134734470587,349.2822966507176
25,6,7,245.0,55.0,6.5,0.5313651694428984,0.46863483055710164,349.2822966507176
26,6,7,255.0,55.0,6.5,0.5255252705860678,0.4744747294139322,349.2822966507176
27,6,7,265.0,55.0,6.5,0.5196743897847259,0.4803256102152741,349.2822966507176
28,6,7,275.0,55.0,6.5,0.5138183632719049,0.4861816367280951,349.2822966507176
29,6,7,285.0,55.0,6.5,0.5078815048023871,0.49211849519761286,349.2822966507176
30,6,7,295.0,55.0,6.5,0.5016806010050466,0.49831939899495337,349.2822966507176
31,6,7,305.0,55.0,6.5,0.49500337957582835,0.5049966204241716,349.2822966507176
32,6,7,315.0,55.0,6.5,0.48772054838082285,0.5122794516191771,349.2822966507176
33,6,7,325.0,55.0,6.5,0.4797649301182871,0.5202350698817129,349.2822966507176
34,6,7,335.0,55.0,6.5,0.4709651394748986,0.5290348605251014,349.2822966507176
35,6,7,345.0,55.0,6.5,0.460835806654878,0.539164193345122,349.2822966507176
36,6,7,355.0,55.0,6.5,0.44840274531116986,0.5515972546888301,349.2822966507176
37,6,7,365.0,55.0,6.5,0.43234830881660585,0.5676516911833942,349.2822966507176
38,6,7,375.0,55.0,6.5,0.4112956960163636,0.5887043039836364,349.2822966507176
39,6,7,385.0,55.0,6.5,0.3839595953103513,0.6160404046896487,349.2822966507176
40,6,7,395.0,55.0,6.5,0.349885030728056,0.650114969271944,349.2822966507176
41,6,7,405.0,55.0,6.5,0.3113771363865432,0.6886228636134568,349.2822966507176
42,6,7,415.0,55.0,6.5,0.27448065223113804,0.725519347768862,349.2822966507176
43,6,7,425.0,55.0,6.5,0.24516005794978757,0.7548399420502124,349.2822966507176
44,6,7,435.0,55.0,6.5,0.22478947399615778,0.7752105260038422,349.2822966507176
45,6,7,445.0,55.0,6.5,0.21182232186408628,0.7881776781359138,349.2822966507176
46,6,7,455.0,55.0,6.5,0.20461970184889222,0.7953802981511078,349.2822966507176
47,6,7,465.0,55.0,6.5,0.201502464806625,0.798497535193375,349.2822966507176
48,6,7,475.0,55.0,6.5,0.20050262181283995,0.79949737818716,349.2822966507176
49,6,7,485.0,55.0,6.5,0.200209819485898,0.799790180514102,349.2822966507176
50,6,7,495.0,55.0,6.5,0.20008627999753145,0.7999137200024685,349.2822966507176
1,7,7,5.0,65.0,6.5,0.7543785004314024,0.24562149956859758,349.2822966507176
2,7,7,15.0,65.0,6.5,0.7401688111852206,0.2598311888147794,349.2822966507176
3,7,7,25.0,65.0,6.5,0.723948406503175,0.27605159349682495,349.2822966507176
4,7,7,35.0,65.0,6.5,0.7073803357563684,0.2926196642436316,349.2822966507176
5,7,7,45.0,65.0,6.5,0.6914803650937204,0.30851963490627965,349.2822966507176
6,7,7,55.0,65.0,6.5,0.6767217670999531,0.32327823290004687,349.2822966507176
7,7,7,65.0,65.0,6.5,0.6632160103676475,0.33678398963235245,349.2822966507176
8,7,7,75.0,65.0,6.5,0.6508626840041712,0.34913731599582876,349.2822966507176
9,7,7,85.0,65.0,6.5,0.6394949356166114,0.3605050643833886,349.2822966507176
10,7,7,95.0,65.0,6.5,0.6289690708102266,0.37103092918977343,349.2822966507176
11,7,7,105.0,65.0,6.5,0.619196435346307,0.380803564653693,349.2822966507176
12,7,7,115.0,65.0,6.5,0.6100916546252991,0.38990834537470087,349.2822966507176
13,7,7,125.0,65.0,6.5,0.6015520823107592,0.3984479176892408,349.2822966507176
14,7,7,135.0,65.0,6.5,0.5934825320693623,0.4065174679306377,349.2822966507176
15,7,7,145.0,65.0,6.5,0.5858263698759526,0.4141736301240474,349.2822966507176
16,7,7,155.0,65.0,6.5,0.5785390055492097,0.4214609944507903,349.2822966507176
17,7,7,165.0,65.0,6.5,0.5715177234256048,0.4284822765743952,349.2822966507176
18,7,7,175.0,65.0,6.5,0.5646489561467749,0.4353510438532251,349.2822966507176
19,7,7,185.0,65.0,6.5,0.5579851497364978,0.4420148502635022,349.2822966507176
20,7,7,195.0,65.0,6.5,0.55157185255685,0.44842814744314996,349.2822966507176
21,7,7,205.0,65.0,6.5,0.5453869180535358,0.4546130819464642,349.2822966507176
22,7,7,215.0,65.0,6.5,0.5393781767918138,0.46062182320818623,349.2822966507176
23,7,7,225.0,65.0,6.5,0.5334610795215365,0.46653892047846346,349.2822966507176
24,7,7,235.0,65.0,6.5,0.5275634502190343,0.4724365497809657,349.2822966507176
25,7,7,245.0,65.0,6.5,0.5216658568524694,0.47833414314753064,349.2822966507176
26,7,7,255.0,65.0,6.5,0.5157684112228893,0.4842315887771107,349.2822966507176
27,7,7,265.0,65.0,6.5,0.509823736942357,0.49017626305764295,349.2822966507176
28,7,7,275.0,65.0,6.5,0.5036931445381191,0.4963068554618809,349.2822966507176
29,7,7,285.0,65.0,6.5,0.49717371314905673,0.5028262868509432,349.2822966507176
30,7,7,295.0,65.0,6.5,0.49010430882773715,0.5098956911722629,349.2822966507176
31,7,7,305.0,65.0,6.5,0.4823959216478456,0.5176040783521544,349.2822966507176
32,7,7,315.0,65.0,6.5,0.47390768326164573,0.5260923167383542,349.2822966507176
33,7,7,325.0,65.0,6.5,0.46426235336240984,0.5357376466375902,349.2822966507176
34,7,7,335.0,65.0,6.5,0.4526618713831879,0.5473381286168121,349.2822966507176
35,7,7,345.0,65.0,6.5,0.43787143381413507,0.5621285661858649,349.2822966507176
36,7,7,355.0,65.0,6.5,0.41851138127455734,0.5814886187254427,349.2822966507176
37,7,7,365.0,65.0,6.5,0.3932395036127325,0.6067604963872675,349.2822966507176
38,7,7,375.0,65.0,6.5,0.36115275289493914,0.6388472471050608,349.2822966507176
39,7,7,385.0,65.0,6.5,0.323346996316788,0.676653003683212,349.2822966507176
40,7,7,395.0,65.0,6.5,0.284995266290211,0.715004733709789,349.2822966507176
41,7,7,405.0,65.0,6.5,0.25311874202312074,0.7468812579768793,349.2822966507176
42,7,7,415.0,65.0,6.5,0.23045132059719822,0.7695486794028018,349.2822966507176
43,7,7,425.0,65.0,6.5,0.2155276532409982,0.7844723467590018,349.2822966507176
44,7,7,435.0,65.0,6.5,0.20652655525518304,0.793473444744817,349.2822966507176
45,7,7,445.0,65.0,6.5,0.20211397437747888,0.7978860256225211,349.2822966507176
46,7,7,455.0,65.0,6.5,0.200562198514171,0.799437801485829,349.2822966507176
47,7,7,465.0,65.0,6.5,0.20015365241127475,0.7998463475887252,349.2822966507176
48,7,7,475.0,65.0,6.5,0.20005732294185263,0.7999426770581474,349.2822966507176
49,7,7,485.0,65.0,6.5,0.2000378644159183,0.7999621355840817,349.2822966507176
50,7,7,495.0,65.0,6.5,0.2000347514313936,0.7999652485686064,349.2822966507176
1,8,7,5.0,75.0,6.5,0.7238153058061986,0.2761846941938014,349.2822966507176
2,8,7,15.0,75.0,6.5,0.7111740309736251,0.2888259690263749,349.2822966507176
3,8,7,25.0,75.0,6.5,0.6967896019791454,0.3032103980208546,349.2822966507176
4,8,7,35.0,75.0,6.5,0.6821578569790772,0.31784214302092284,349.2822966507176
5,8,7,45.0,75.0,6.5,0.6681010692079825,0.3318989307920175,349.2822966507176
6,8,7,55.0,75.0,6.5,0.6549654478541795,0.34503455214582046,349.2822966507176
7,8,7,65.0,75.0,6.5,0.6428116451791555,0.35718835482084454,349.2822966507176
8,8,7,75.0,75.0,6.5,0.6315694545475313,0.36843054545246867,349.2822966507176
9,8,7,85.0,75.0,6.5,0.6211529369395352,0.3788470630604648,349.2822966507176
10,8,7,95.0,75.0,6.5,0.6114808037103195,0.38851919628968046,349.2822966507176
11,8,7,105.0,75.0,6.5,0.6024684956360802,0.3975315043639198,349.2822966507176
12,8,7,115.0,75.0,6.5,0.5940130124675629,0.4059869875324371,349.2822966507176
13,8,7,125.0,75.0,6.5,0.5860244815309833,0.4139755184690167,349.2822966507176
14,8,7,135.0,75.0,6.5,0.5784438141305822,0.4215561858694178,349.2822966507176
15,8,7,145.0,75.0,6.5,0.5711978342158791,0.4288021657841209,349.2822966507176
16,8,7,155.0,75.0,6.5,0.5641533556429948,0.43584664435700515,349.2822966507176
17,8,7,165.0,75.0,6.5,0.5572959171695976,0.4427040828304024,349.2822966507176
18,8,7,175.0,75.0,6.5,0.5506911229030237,0.4493088770969763,349.2822966507176
19,8,7,185.0,75.0,6.5,0.5443278425761069,0.4556721574238931,349.2822966507176
20,8,7,195.0,75.0,6.5,0.5381693855746358,0.4618306144253642,349.2822966507176
21,8,7,205.0,75.0,6.5,0.5321326649009804,0.46786733509901957,349.2822966507176
22,8,7,215.0,75.0,6.5,0.526124112335653,0.47387588766434696,349.2822966507176
23,8,7,225.0,75.0,6.5,0.5201022646169277,0.47989773538307234,349.2822966507176
24,8,7,235.0,75.0,6.5,0.5140635008196114,0.4859364991803886,349.2822966507176
25,8,7,245.0,75.0,6.5,0.5079690966947387,0.49203090330526134,349.2822966507176
26,8,7,255.0,75.0,6.5,0.5016699113157997,0.49833008868420026,349.2822966507176
27,8,7,265.0,75.0,6.5,0.49493948731987664,0.5050605126801233,349.2822966507176
28,8,7,275.0,75.0,6.5,0.4876019992099943,0.5123980007900057,349.2822966507176
29,8,7,285.0,75.0,6.5,0.47954658497292524,0.5204534150270748,349.2822966507176
30,8,7,295.0,75.0,6.5,0.470590600960553,0.5294093990394471,349.2822966507176
31,8,7,305.0,75.0,6.5,0.4602554893412157,0.5397445106587844,349.2822966507176
32,8,7,315.0,75.0,6.5,0.4475596253478897,0.5524403746521103,349.2822966507176
33,8,7,325.0,75.0,6.5,0.43111070492236814,0.5688892950776319,349.2822966507176
34,8,7,335.0,75.0,6.5,0.40942963359359735,0.5905703664064026,349.2822966507176
35,8,7,345.0,75.0,6.5,0.38124001723534895,0.618759982764651,349.2822966507176
36,8,7,355.0,75.0,6.5,0.346279397681106,0.653720602318894,349.2822966507176
37,8,7,365.0,75.0,6.5,0.3072253864412628,0.6927746135587372,349.2822966507176
38,8,7,375.0,75.0,6.5,0.27052782707155604,0.7294721729284439,349.2822966507176
39,8,7,385.0,75.0,6.5,0.24242670325663965,0.7575732967433604,349.2822966507176
40,8,7,395.0,75.0,6.5,0.22366754975449923,0.7763324502455008,349.2822966507176
41,8,7,405.0,75.0,6.5,0.21164809257883324,0.7883519074211668,349.2822966507176
42,8,7,415.0,75.0,6.5,0.20462878386934905,0.795371216130651,349.2822966507176
43,8,7,425.0,75.0,6.5,0.20144129748241485,0.7985587025175851,349.2822966507176
44,8,7,435.0,75.0,6.5,0.2004088369202691,0.7995911630797309,349.2822966507176
45,8,7,445.0,75.0,6.5,0.20013005539563078,0.7998699446043692,349.2822966507176
46,8,7,455.0,75.0,6.5,0.2000539768025792,0.7999460231974208,349.2822966507176
47,8,7,465.0,75.0,6.5,0.20003654317499486,0.7999634568250051,349.2822966507176
48,8,7,475.0,75.0,6.5,0.20003418441069462,0.7999658155893054,349.2822966507176
49,8,7,485.0,75.0,6.5,0.20003401543732724,0.7999659845626728,349.2822966507176
50,8,7,495.0,75.0,6.5,0.20003420029312505,0.799965799706875,349.2822966507176
1,9,7,5.0,85.0,6.5,0.6819398282042141,0.31806017179578594,349.2822966507176
2,9,7,15.0,85.0,6.5,0.6715974894512282,0.3284025105487718,349.2822966507176
3,9,7,25.0,85.0,6.5,0.6596879874933452,0.34031201250665477,349.2822966507176
4,9,7,35.0,85.0,6.5,0.647454045400193,0.352545954599807,349.2822966507176
5,9,7,45.0,85.0,6.5,0.6355431852159148,0.3644568147840852,349.2822966507176
6,9,7,55.0,85.0,6.5,0.6242352820496552,0.37576471795034483,349.2822966507176
7,9,7,65.0,85.0,6.5,0.6136328234012922,0.3863671765987078,349.2822966507176
8,9,7,75.0,85.0,6.5,0.6037532372264299,0.39624676277357007,349.2822966507176
9,9,7,85.0,85.0,6.5,0.5945221873456944,0.4054778126543056,349.2822966507176
10,9,7,95.0,85.0,6.5,0.5858482769835947,0.41415172301640535,349.2822966507176
11,9,7,105.0,85.0,6.5,0.5777051531011531,0.4222948468988469,349.2822966507176
12,9,7,115.0,85.0,6.5,0.5700434122271539,0.42995658777284607,349.2822966507176
13,9,7,125.0,85.0,6.5,0.5626904424808611,0.4373095575191389,349.2822966507176
14,9,7,135.0,85.0,6.5,0.5554755274006039,0.4445244725993961,349.2822966507176
15,9,7,145.0,85.0,6.5,0.5484801959521773,0.45151980404782266,349.2822966507176
16,9,7,155.0,85.0,6.5,0.541802119257003,0.45819788074299705,349.2822966507176
17,9,7,165.0,85.0,6.5,0.5353826684620446,0.46461733153795537,349.2822966507176
18,9,7,175.0,85.0,6.5,0.5290650906071818,0.47093490939281824,349.2822966507176
19,9,7,185.0,85.0,6.5,0.522770581245694,0.477229418754306,349.2822966507176
20,9,7,195.0,85.0,6.5,0.5165353485282363,0.48346465147176365,349.2822966507176
21,9,7,205.0,85.0,6.5,0.510367806575109,0.48963219342489095,349.2822966507176
22,9,7,215.0,85.0,6.5,0.5041120434380231,0.49588795656197693,349.2822966507176
23,9,7,225.0,85.0,6.5,0.4974819986636262,0.5025180013363738,349.2822966507176
24,9,7,235.0,85.0,6.5,0.490253020476056,0.509746979523944,349.2822966507176
25,9,7,245.0,85.0,6.5,0.48237015523720905,0.517629844762791,349.2822966507176
26,9,7,255.0,85.0,6.5,0.47377518025177284,0.5262248197482271,349.2822966507176
27,9,7,265.0,85.0,6.5,0.46408733951968717,0.5359126604803128,349.2822966507176
28,9,7,275.0,85.0,6.5,0.45236907070364873,0.5476309292963513,349.2822966507176
29,9,7,285.0,85.0,6.5,0.43718477344492945,0.5628152265550705,349.2822966507176
30,9,7,295.0,85.0,6.5,0.4169896608745651,0.5830103391254349,349.2822966507176
31,9,7,305.0,85.0,6.5,0.39052766004422707,0.6094723399557729,349.2822966507176
32,9,7,315.0,85.0,6.5,0.3573585579791026,0.6426414420208975,349.2822966507176
33,9,7,325.0,85.0,6.5,0.3192415473697151,0.6807584526302849,349.2822966507176
34,9,7,335.0,85.0,6.5,0.28139754937335537,0.7186024506266446,349.2822966507176
35,9,7,345.0,85.0,6.5,0.25019615557247454,0.7498038444275255,349.2822966507176
36,9,7,355.0,85.0,6.5,0.22828187665794467,0.7717181233420554,349.2822966507176
37,9,7,365.0,85.0,6.5,0.2142823184126112,0.7857176815873887,349.2822966507176
38,9,7,375.0,85.0,6.5,0.20611285168187576,0.7938871483181242,349.2822966507176
39,9,7,385.0,85.0,6.5,0.20207934952797948,0.7979206504720205,349.2822966507176
40,9,7,395.0,85.0,6.5,0.20060891310133955,0.7993910868986605,349.2822966507176
41,9,7,405.0,85.0,6.5,0.20019739574148723,0.7998026042585128,349.2822966507176
42,9,7,415.0,85.0,6.5,0.20007920341449603,0.799920796585504,349.2822966507176
43,9,7,425.0,85.0,6.5,0.20004283756022084,0.7999571624397792,349.2822966507176
44,9,7,435.0,85.0,6.5,0.2000342935411973,0.7999657064588027,349.2822966507176
45,9,7,445.0,85.0,6.5,0.20003309722293042,0.7999669027770696,349.2822966507176
46,9,7,455.0,85.0,6.5,0.2000330471333835,0.7999669528666165,349.2822966507176
47,9,7,465.0,85.0,6.5,0.2000332921730388,0.7999667078269612,349.2822966507176
48,9,7,475.0,85.0,6.5,0.20003359273479654,0.7999664072652035,349.2822966507176
49,9,7,485.0,85.0,6.5,0.20003386294204065,0.7999661370579594,349.2822966507176
50,9,7,495.0,85.0,6.5,0.20003404325102395,0.7999659567489761,349.2822966507176
1,10,7,5.0,95.0,6.5,0.6119885196355773,0.3880114803644227,349.2822966507176
2,10,7,15.0,95.0,6.5,0.6042648476978073,0.3957351523021927,349.2822966507176
3,10,7,25.0,95.0,6.5,0.5950974721595312,0.40490252784046876,349.2822966507176
4,10,7,35.0,95.0,6.5,0.5854069785641046,0.4145930214358954,349.2822966507176
5,10,7,45.0,95.0,6.5,0.5757301743033203,0.4242698256966797,349.2822966507176
6,10,7,55.0,95.0,6.5,0.5663283331161014,0.4336716668838986,349.2822966507176
7,10,7,65.0,95.0,6.5,0.5573372218962165,0.4426627781037835,349.2822966507176
8,10,7,75.0,95.0,6.5,0.5488372159042774,0.45116278409572264,349.2822966507176
9,10,7,85.0,95.0,6.5,0.5407741432683302,0.4592258567316698,349.2822966507176
10,10,7,95.0,95.0,6.5,0.5330230507675441,0.4669769492324559,349.2822966507176
11,10,7,105.0,95.0,6.5,0.5255278423252143,0.4744721576747857,349.2822966507176
12,10,7,115.0,95.0,6.5,0.5181251053342065,0.4818748946657935,349.2822966507176
13,10,7,125.0,95.0,6.5,0.5108164892550665,0.4891835107449335,349.2822966507176
14,10,7,135.0,95.0,6.5,0.5036318277714176,0.4963681722285824,349.2822966507176
15,10,7,145.0,95.0,6.5,0.49658380038417305,0.503416199615827,349.2822966507176
16,10,7,155.0,95.0,6.5,0.4896659014601646,0.5103340985398355,349.2822966507176
17,10,7,165.0,95.0,6.5,0.4826235149395969,0.5173764850604031,349.2822966507176
18,10,7,175.0,95.0,6.5,0.47506648890222364,0.5249335110977764,349.2822966507176
19,10,7,185.0,95.0,6.5,0.46677220702907035,0.5332277929709297,349.2822966507176
20,10,7,195.0,95.0,6.5,0.4576304937379228,0.5423695062620773,349.2822966507176
21,10,7,205.0,95.0,6.5,0.44717995660091997,0.55282004339908,349.2822966507176
22,10,7,215.0,95.0,6.5,0.4341956788008142,0.5658043211991858,349.2822966507176
23,10,7,225.0,95.0,6.5,0.41683625051399564,0.5831637494860044,349.2822966507176
24,10,7,235.0,95.0,6.5,0.393323859189248,0.6066761408107519,349.2822966507176
25,10,7,245.0,95.0,6.5,0.36272881735806856,0.6372711826419315,349.2822966507176
26,10,7,255.0,95.0,6.5,0.32621703670014973,0.6737829632998502,349.2822966507176
27,10,7,265.0,95.0,6.5,0.2884312094449657,0.7115687905550343,349.2822966507176
28,10,7,275.0,95.0,6.5,0.2559594132540921,0.7440405867459079,349.2822966507176
29,10,7,285.0,95.0,6.5,0.23234772273806886,0.7676522772619312,349.2822966507176
30,10,7,295.0,95.0,6.5,0.21688841143598522,0.7831115885640147,349.2822966507176
31,10,7,305.0,95.0,6.5,0.20762538049994447,0.7923746195000555,349.2822966507176
32,10,7,315.0,95.0,6.5,0.2028772231799559,0.7971227768200441,349.2822966507176
33,10,7,325.0,95.0,6.5,0.2009439996279833,0.7990560003720167,349.2822966507176
34,10,7,335.0,95.0,6.5,0.2002991413743281,0.7997008586256719,349.2822966507176
35,10,7,345.0,95.0,6.5,0.20010461813779867,0.7998953818622013,349.2822966507176
36,10,7,355.0,95.0,6.5,0.20004767963553605,0.799952320364464,349.2822966507176
37,10,7,365.0,95.0,6.5,0.2000332871540415,0.7999667128459584,349.2822966507176
38,10,7,375.0,95.0,6.5,0.200030755711512,0.799969244288488,349.2822966507176
39,10,7,385.0,95.0,6.5,0.20003048393962994,0.79996951606037,349.2822966507176
40,10,7,395.0,95.0,6.5,0.20003071190607874,0.7999692880939213,349.2822966507176
41,10,7,405.0,95.0,6.5,0.20003105113678188,0.7999689488632181,349.2822966507176
42,10,7,415.0,95.0,6.5,0.20003141827522114,0.7999685817247788,349.2822966507176
43,10,7,425.0,95.0,6.5,0.20003179238563332,0.7999682076143667,349.2822966507176
44,10,7,435.0,95.0,6.5,0.20003216665102264,0.7999678333489774,349.2822966507176
45,10,7,445.0,95.0,6.5,0.20003253653919442,0.7999674634608056,349.2822966507176
46,10,7,455.0,95.0,6.5,0.2000328964212498,0.7999671035787502,349.2822966507176
47,10,7,465.0,95.0,6.5,0.20003323777448923,0.7999667622255108,349.2822966507176
48,10,7,475.0,95.0,6.5,0.2000335465747412,0.7999664534252588,349.2822966507176
49,10,7,485.0,95.0,6.5,0.20003379898524873,0.7999662010147512,349.2822966507176
50,10,7,495.0,95.0,6.5,0.20003395804988275,0.7999660419501172,349.2822966507176
1,1,8,5.0,5.0,7.5,0.6622798745706856,0.3377201254293144,392.3444976076555
2,1,8,15.0,5.0,7.5,0.6524851069013937,0.3475148930986063,392.3444976076555
3,1,8,25.0,5.0,7.5,0.6413087511820328,0.3586912488179672,392.3444976076555
4,1,8,35.0,5.0,7.5,0.6298852120746428,0.37011478792535724,392.3444976076555
5,1,8,45.0,5.0,7.5,0.6187855217189021,0.3812144782810979,392.3444976076555
6,1,8,55.0,5.0,7.5,0.608267241247318,0.391732758752682,392.3444976076555
7,1,8,65.0,5.0,7.5,0.5984033659920241,0.40159663400797585,392.3444976076555
8,1,8,75.0,5.0,7.5,0.5891732562109271,0.4108267437890729,392.3444976076555
9,1,8,85.0,5.0,7.5,0.580562194330418,0.419437805669582,392.3444976076555
10,1,8,95.0,5.0,7.5,0.572537917057053,0.42746208294294696,392.3444976076555
11,1,8,105.0,5.0,7.5,0.5649936131858926,0.4350063868141074,392.3444976076555
12,1,8,115.0,5.0,7.5,0.5578481617159902,0.44215183828400983,392.3444976076555
13,1,8,125.0,5.0,7.5,0.5510982935928285,0.44890170640717153,392.3444976076555
14,1,8,135.0,5.0,7.5,0.5446975793359192,0.4553024206640808,392.3444976076555
15,1,8,145.0,5.0,7.5,0.5384439107643161,0.4615560892356839,392.3444976076555
16,1,8,155.0,5.0,7.5,0.5322955171426967,0.46770448285730326,392.3444976076555
17,1,8,165.0,5.0,7.5,0.5263431595788555,0.47365684042114453,392.3444976076555
18,1,8,175.0,5.0,7.5,0.5206573611419295,0.4793426388580705,392.3444976076555
19,1,8,185.0,5.0,7.5,0.5151577680798194,0.4848422319201806,392.3444976076555
20,1,8,195.0,5.0,7.5,0.5096987670545785,0.4903012329454215,392.3444976076555
21,1,8,205.0,5.0,7.5,0.5042185349085515,0.4957814650914485,392.3444976076555
22,1,8,215.0,5.0,7.5,0.49877091843286653,0.5012290815671334,392.3444976076555
23,1,8,225.0,5.0,7.5,0.49337662746484157,0.5066233725351584,392.3444976076555
24,1,8,235.0,5.0,7.5,0.48788004621128234,0.5121199537887177,392.3444976076555
25,1,8,245.0,5.0,7.5,0.48198732710046976,0.5180126728995302,392.3444976076555
26,1,8,255.0,5.0,7.5,0.47547239952627346,0.5245276004737265,392.3444976076555
27,1,8,265.0,5.0,7.5,0.46827645026678477,0.5317235497332152,392.3444976076555
28,1,8,275.0,5.0,7.5,0.4603295121705342,0.5396704878294658,392.3444976076555
29,1,8,285.0,5.0,7.5,0.4512333823268411,0.5487666176731589,392.3444976076555
30,1,8,295.0,5.0,7.5,0.4400357911499837,0.5599642088500163,392.3444976076555
31,1,8,305.0,5.0,7.5,0.4253353845075059,0.5746646154924941,392.3444976076555
32,1,8,315.0,5.0,7.5,0.4057059363954574,0.5942940636045426,392.3444976076555
33,1,8,325.0,5.0,7.5,0.3801411723790861,0.6198588276209138,392.3444976076555
34,1,8,335.0,5.0,7.5,0.34867228525936983,0.6513277147406302,392.3444976076555
35,1,8,345.0,5.0,7.5,0.31352158823046716,0.6864784117695328,392.3444976076555
36,1,8,355.0,5.0,7.5,0.27944131346080375,0.7205586865391962,392.3444976076555
37,1,8,365.0,5.0,7.5,0.2512461296377434,0.7487538703622566,392.3444976076555
38,1,8,375.0,5.0,7.5,0.23063179041802184,0.7693682095819782,392.3444976076555
39,1,8,385.0,5.0,7.5,0.21665948628841036,0.7833405137115896,392.3444976076555
40,1,8,395.0,5.0,7.5,0.20791908086755312,0.7920809191324469,392.3444976076555
41,1,8,405.0,5.0,7.5,0.20317520164321098,0.796824798356789,392.3444976076555
42,1,8,415.0,5.0,7.5,0.20108242425555742,0.7989175757444426,392.3444976076555
43,1,8,425.0,5.0,7.5,0.20032693189950437,0.7996730681004957,392.3444976076555
44,1,8,435.0,5.0,7.5,0.2001100598473442,0.7998899401526558,392.3444976076555
45,1,8,445.0,5.0,7.5,0.20005178342214627,0.7999482165778538,392.3444976076555
46,1,8,455.0,5.0,7.5,0.20003654348796515,0.7999634565120348,392.3444976076555
47,1,8,465.0,5.0,7.5,0.20003394342752487,0.7999660565724751,392.3444976076555
48,1,8,475.0,5.0,7.5,0.20003370517835473,0.7999662948216453,392.3444976076555
49,1,8,485.0,5.0,7.5,0.2000339263329198,0.7999660736670802,392.3444976076555
50,1,8,495.0,5.0,7.5,0.20003414646463677,0.7999658535353632,392.3444976076555
1,2,8,5.0,15.0,7.5,0.7217966255450863,0.2782033744549137,392.3444976076555
2,2,8,15.0,15.0,7.5,0.7095003537455385,0.29049964625446145,392.3444976076555
3,2,8,25.0,15.0,7.5,0.6956973445400103,0.3043026554599897,392.3444976076555
4,2,8,35.0,15.0,7.5,0.681823478499758,0.318176521500242,392.3444976076555
5,2,8,45.0,15.0,7.5,0.6685871957721838,0.33141280422781616,392.3444976076555
6,2,8,55.0,15.0,7.5,0.6562567537392786,0.3437432462607214,392.3444976076555
7,2,8,65.0,15.0,7.5,0.6448694471669207,0.35513055283307926,392.3444976076555
8,2,8,75.0,15.0,7.5,0.634364370080173,0.365635629919827,392.3444976076555
9,2,8,85.0,15.0,7.5,0.6246684304066252,0.37533156959337477,392.3444976076555
10,2,8,95.0,15.0,7.5,0.615689655052354,0.38431034494764604,392.3444976076555
11,2,8,105.0,15.0,7.5,0.6073196772594933,0.3926803227405067,392.3444976076555
12,2,8,115.0,15.0,7.5,0.5994821218122729,0.4005178781877271,392.3444976076555
13,2,8,125.0,15.0,7.5,0.5921403028419917,0.4078596971580083,392.3444976076555
14,2,8,135.0,15.0,7.5,0.5852291371018876,0.4147708628981124,392.3444976076555
15,2,8,145.0,15.0,7.5,0.5786429205703416,0.4213570794296584,392.3444976076555
16,2,8,155.0,15.0,7.5,0.5722967030423541,0.42770329695764586,392.3444976076555
17,2,8,165.0,15.0,7.5,0.5661599043557557,0.4338400956442443,392.3444976076555
18,2,8,175.0,15.0,7.5,0.5602273047347818,0.4397726952652182,392.3444976076555
19,2,8,185.0,15.0,7.5,0.5545329757621685,0.44546702423783147,392.3444976076555
20,2,8,195.0,15.0,7.5,0.5490089867300193,0.4509910132699807,392.3444976076555
21,2,8,205.0,15.0,7.5,0.5436265466136662,0.45637345338633384,392.3444976076555
22,2,8,215.0,15.0,7.5,0.5384098438816182,0.46159015611838183,392.3444976076555
23,2,8,225.0,15.0,7.5,0.5333586652081632,0.4666413347918368,392.3444976076555
24,2,8,235.0,15.0,7.5,0.5283984351500539,0.4716015648499461,392.3444976076555
25,2,8,245.0,15.0,7.5,0.5234164129714346,0.4765835870285654,392.3444976076555
26,2,8,255.0,15.0,7.5,0.5183588949314267,0.48164110506857327,392.3444976076555
27,2,8,265.0,15.0,7.5,0.5132600284514396,0.4867399715485604,392.3444976076555
28,2,8,275.0,15.0,7.5,0.5081528871419903,0.49184711285800975,392.3444976076555
29,2,8,285.0,15.0,7.5,0.5029665415948311,0.4970334584051689,392.3444976076555
30,2,8,295.0,15.0,7.5,0.4975011718655826,0.5024988281344174,392.3444976076555
31,2,8,305.0,15.0,7.5,0.49152770342869573,0.5084722965713042,392.3444976076555
32,2,8,315.0,15.0,7.5,0.4849287214644937,0.5150712785355063,392.3444976076555
33,2,8,325.0,15.0,7.5,0.477683923681391,0.522316076318609,392.3444976076555
34,2,8,335.0,15.0,7.5,0.46968830037149584,0.5303116996285042,392.3444976076555
35,2,8,345.0,15.0,7.5,0.46053077498564127,0.5394692250143587,392.3444976076555
36,2,8,355.0,15.0,7.5,0.44934958177499706,0.5506504182250029,392.3444976076555
37,2,8,365.0,15.0,7.5,0.4349267461993123,0.5650732538006877,392.3444976076555
38,2,8,375.0,15.0,7.5,0.4160042835630724,0.5839957164369276,392.3444976076555
39,2,8,385.0,15.0,7.5,0.39156026802051763,0.6084397319794823,392.3444976076555
40,2,8,395.0,15.0,7.5,0.3611550990156544,0.6388449009843455,392.3444976076555
41,2,8,405.0,15.0,7.5,0.3259499454478061,0.6740500545521939,392.3444976076555
42,2,8,415.0,15.0,7.5,0.28977726305120854,0.7102227369487915,392.3444976076555
43,2,8,425.0,15.0,7.5,0.2578942901568695,0.7421057098431305,392.3444976076555
44,2,8,435.0,15.0,7.5,0.2340857529179902,0.7659142470820098,392.3444976076555
45,2,8,445.0,15.0,7.5,0.2185014514582113,0.7814985485417887,392.3444976076555
46,2,8,455.0,15.0,7.5,0.20860933494007175,0.7913906650599283,392.3444976076555
47,2,8,465.0,15.0,7.5,0.2030945436361986,0.7969054563638014,392.3444976076555
48,2,8,475.0,15.0,7.5,0.20079343254435633,0.7992065674556437,392.3444976076555
49,2,8,485.0,15.0,7.5,0.20013176749125455,0.7998682325087454,392.3444976076555
50,2,8,495.0,15.0,7.5,0.20003702527747885,0.7999629747225212,392.3444976076555
1,3,8,5.0,25.0,7.5,0.755770353050118,0.24422964694988203,392.3444976076555
2,3,8,15.0,25.0,7.5,0.7420040811976405,0.2579959188023595,392.3444976076555
3,3,8,25.0,25.0,7.5,0.726420093388816,0.27357990661118403,392.3444976076555
4,3,8,35.0,25.0,7.5,0.7106764178193931,0.28932358218060694,392.3444976076555
5,3,8,45.0,25.0,7.5,0.6956852519873575,0.30431474801264247,392.3444976076555
6,3,8,55.0,25.0,7.5,0.6818224140379143,0.3181775859620857,392.3444976076555
7,3,8,65.0,25.0,7.5,0.6691400371382797,0.33085996286172026,392.3444976076555
8,3,8,75.0,25.0,7.5,0.6575400169009538,0.34245998309904624,392.3444976076555
9,3,8,85.0,25.0,7.5,0.646887071551948,0.353112928448052,392.3444976076555
10,3,8,95.0,25.0,7.5,0.637055100407213,0.362944899592787,392.3444976076555
11,3,8,105.0,25.0,7.5,0.6279364636474059,0.37206353635259415,392.3444976076555
12,3,8,115.0,25.0,7.5,0.6194385175555075,0.3805614824444925,392.3444976076555
13,3,8,125.0,25.0,7.5,0.6114796261181135,0.38852037388188654,392.3444976076555
14,3,8,135.0,25.0,7.5,0.6039898798863796,0.39601012011362036,392.3444976076555
15,3,8,145.0,25.0,7.5,0.5969072941348993,0.4030927058651007,392.3444976076555
16,3,8,155.0,25.0,7.5,0.5901827829375774,0.4098172170624226,392.3444976076555
17,3,8,165.0,25.0,7.5,0.5837575515459199,0.4162424484540801,392.3444976076555
18,3,8,175.0,25.0,7.5,0.5775568734026477,0.4224431265973523,392.3444976076555
19,3,8,185.0,25.0,7.5,0.5715167604619842,0.4284832395380158,392.3444976076555
20,3,8,195.0,25.0,7.5,0.5656638219814001,0.4343361780185999,392.3444976076555
21,3,8,205.0,25.0,7.5,0.560035744006215,0.43996425599378497,392.3444976076555
22,3,8,215.0,25.0,7.5,0.5546005567559505,0.44539944324404945,392.3444976076555
23,3,8,225.0,25.0,7.5,0.5493162520914199,0.4506837479085801,392.3444976076555
24,3,8,235.0,25.0,7.5,0.544152217559949,0.455847782440051,392.3444976076555
25,3,8,245.0,25.0,7.5,0.5390916393507971,0.46090836064920293,392.3444976076555
26,3,8,255.0,25.0,7.5,0.534121734664555,0.46587826533544496,392.3444976076555
27,3,8,265.0,25.0,7.5,0.5292124083616059,0.4707875916383941,392.3444976076555
28,3,8,275.0,25.0,7.5,0.5243077828974634,0.4756922171025366,392.3444976076555
29,3,8,285.0,25.0,7.5,0.5193588245508501,0.48064117544914986,392.3444976076555
30,3,8,295.0,25.0,7.5,0.5143433988125754,0.4856566011874246,392.3444976076555
31,3,8,305.0,25.0,7.5,0.5092461008521287,0.49075389914787126,392.3444976076555
32,3,8,315.0,25.0,7.5,0.5040238097980075,0.49597619020199246,392.3444976076555
33,3,8,325.0,25.0,7.5,0.4985642050535512,0.5014357949464487,392.3444976076555
34,3,8,335.0,25.0,7.5,0.49270177452311625,0.5072982254768837,392.3444976076555
35,3,8,345.0,25.0,7.5,0.48629792044649506,0.513702079553505,392.3444976076555
36,3,8,355.0,25.0,7.5,0.479253828745031,0.520746171254969,392.3444976076555
37,3,8,365.0,25.0,7.5,0.4714271603305232,0.5285728396694769,392.3444976076555
38,3,8,375.0,25.0,7.5,0.46250616134703015,0.5374938386529698,392.3444976076555
39,3,8,385.0,25.0,7.5,0.451856172605242,0.548143827394758,392.3444976076555
40,3,8,395.0,25.0,7.5,0.4384856882667959,0.5615143117332041,392.3444976076555
41,3,8,405.0,25.0,7.5,0.4212376081063407,0.5787623918936593,392.3444976076555
42,3,8,415.0,25.0,7.5,0.3989557129584149,0.6010442870415851,392.3444976076555
43,3,8,425.0,25.0,7.5,0.37060613338372633,0.6293938666162737,392.3444976076555
44,3,8,435.0,25.0,7.5,0.3355636168892494,0.6644363831107506,392.3444976076555
45,3,8,445.0,25.0,7.5,0.29689013775678486,0.7031098622432151,392.3444976076555
46,3,8,455.0,25.0,7.5,0.26164354343726404,0.738356456562736,392.3444976076555
47,3,8,465.0,25.0,7.5,0.23487451067735937,0.7651254893226407,392.3444976076555
48,3,8,475.0,25.0,7.5,0.21681401929539443,0.7831859807046055,392.3444976076555
49,3,8,485.0,25.0,7.5,0.20578831647610643,0.7942116835238936,392.3444976076555
50,3,8,495.0,25.0,7.5,0.20072981754901414,0.7992701824509858,392.3444976076555
1,4,8,5.0,35.0,7.5,0.7783658280769411,0.2216341719230589,392.3444976076555
2,4,8,15.0,35.0,7.5,0.7644749787270566,0.2355250212729434,392.3444976076555
3,4,8,25.0,35.0,7.5,0.7479634464842811,0.25203655351571885,392.3444976076555
4,4,8,35.0,35.0,7.5,0.7308909366715564,0.26910906332844364,392.3444976076555
5,4,8,45.0,35.0,7.5,0.7145385778558445,0.2854614221441555,392.3444976076555
6,4,8,55.0,35.0,7.5,0.6995312796599085,0.30046872034009153,392.3444976076555
7,4,8,65.0,35.0,7.5,0.6859074474718408,0.31409255252815915,392.3444976076555
8,4,8,75.0,35.0,7.5,0.6735290897776808,0.3264709102223192,392.3444976076555
9,4,8,85.0,35.0,7.5,0.6622041610952853,0.33779583890471465,392.3444976076555
10,4,8,95.0,35.0,7.5,0.6517632105608975,0.3482367894391025,392.3444976076555
11,4,8,105.0,35.0,7.5,0.6420759135955332,0.3579240864044668,392.3444976076555
12,4,8,115.0,35.0,7.5,0.6330521778441235,0.3669478221558765,392.3444976076555
13,4,8,125.0,35.0,7.5,0.6246125646822765,0.37538743531772345,392.3444976076555
14,4,8,135.0,35.0,7.5,0.6166781189671066,0.38332188103289344,392.3444976076555
15,4,8,145.0,35.0,7.5,0.6091793511983137,0.3908206488016863,392.3444976076555
16,4,8,155.0,35.0,7.5,0.6020691460770908,0.39793085392290917,392.3444976076555
17,4,8,165.0,35.0,7.5,0.5953155236708658,0.4046844763291342,392.3444976076555
18,4,8,175.0,35.0,7.5,0.5888703209979437,0.4111296790020563,392.3444976076555
19,4,8,185.0,35.0,7.5,0.5826563807877108,0.41734361921228924,392.3444976076555
20,4,8,195.0,35.0,7.5,0.5766043397939976,0.4233956602060024,392.3444976076555
21,4,8,205.0,35.0,7.5,0.5707217348540674,0.4292782651459326,392.3444976076555
22,4,8,215.0,35.0,7.5,0.5650562791125251,0.4349437208874749,392.3444976076555
23,4,8,225.0,35.0,7.5,0.5595997472934623,0.4404002527065377,392.3444976076555
24,4,8,235.0,35.0,7.5,0.5543012286463751,0.4456987713536249,392.3444976076555
25,4,8,245.0,35.0,7.5,0.5491192953587383,0.45088070464126173,392.3444976076555
26,4,8,255.0,35.0,7.5,0.5440410620781272,0.4559589379218728,392.3444976076555
27,4,8,265.0,35.0,7.5,0.5390693275643358,0.4609306724356642,392.3444976076555
28,4,8,275.0,35.0,7.5,0.5341909442827667,0.4658090557172333,392.3444976076555
29,4,8,285.0,35.0,7.5,0.5293585261895527,0.4706414738104473,392.3444976076555
30,4,8,295.0,35.0,7.5,0.524504222741314,0.47549577725868597,392.3444976076555
31,4,8,305.0,35.0,7.5,0.5195845832265131,0.48041541677348687,392.3444976076555
32,4,8,315.0,35.0,7.5,0.5145999875119989,0.48540001248800113,392.3444976076555
33,4,8,325.0,35.0,7.5,0.5095546542682681,0.49044534573173193,392.3444976076555
34,4,8,335.0,35.0,7.5,0.5044025822094184,0.49559741779058164,392.3444976076555
35,4,8,345.0,35.0,7.5,0.49901748650401956,0.5009825134959804,392.3444976076555
36,4,8,355.0,35.0,7.5,0.4932249332176616,0.5067750667823384,392.3444976076555
37,4,8,365.0,35.0,7.5,0.48689002433849904,0.513109975661501,392.3444976076555
38,4,8,375.0,35.0,7.5,0.4799438305100315,0.5200561694899686,392.3444976076555
39,4,8,385.0,35.0,7.5,0.47229033084906547,0.5277096691509345,392.3444976076555
40,4,8,395.0,35.0,7.5,0.46366475543863056,0.5363352445613694,392.3444976076555
41,4,8,405.0,35.0,7.5,0.45349567630601845,0.5465043236939815,392.3444976076555
42,4,8,415.0,35.0,7.5,0.44087730735579417,0.5591226926442059,392.3444976076555
43,4,8,425.0,35.0,7.5,0.424741103857244,0.575258896142756,392.3444976076555
44,4,8,435.0,35.0,7.5,0.404055333070304,0.5959446669296959,392.3444976076555
45,4,8,445.0,35.0,7.5,0.37695954924574393,0.6230404507542561,392.3444976076555
46,4,8,455.0,35.0,7.5,0.3422460673126988,0.6577539326873012,392.3444976076555
47,4,8,465.0,35.0,7.5,0.30321020312010727,0.6967897968798927,392.3444976076555
48,4,8,475.0,35.0,7.5,0.266332373189771,0.733667626810229,392.3444976076555
49,4,8,485.0,35.0,7.5,0.23782469747928459,0.7621753025207154,392.3444976076555
50,4,8,495.0,35.0,7.5,0.21809997214783006,0.7819000278521699,392.3444976076555
1,5,8,5.0,45.0,7.5,0.7936186225516098,0.20638137744839025,392.3444976076555
2,5,8,15.0,45.0,7.5,0.7818568304288821,0.2181431695711179,392.3444976076555
3,5,8,25.0,45.0,7.5,0.7656312226350751,0.2343687773649249,392.3444976076555
4,5,8,35.0,45.0,7.5,0.7480989155420568,0.25190108445794324,392.3444976076555
5,5,8,45.0,45.0,7.5,0.7311961007869002,0.2688038992130998,392.3444976076555
6,5,8,55.0,45.0,7.5,0.715493701531923,0.28450629846807696,392.3444976076555
7,5,8,65.0,45.0,7.5,0.7011786997511642,0.2988213002488358,392.3444976076555
8,5,8,75.0,45.0,7.5,0.6881977914069588,0.3118022085930412,392.3444976076555
9,5,8,85.0,45.0,7.5,0.6763744660053085,0.3236255339946915,392.3444976076555
10,5,8,95.0,45.0,7.5,0.6655250494730507,0.3344749505269493,392.3444976076555
11,5,8,105.0,45.0,7.5,0.6554915291280287,0.34450847087197134,392.3444976076555
12,5,8,115.0,45.0,7.5,0.6461660180277818,0.35383398197221816,392.3444976076555
13,5,8,125.0,45.0,7.5,0.6374664089550968,0.36253359104490324,392.3444976076555
14,5,8,135.0,45.0,7.5,0.6293104908094184,0.37068950919058163,392.3444976076555
15,5,8,145.0,45.0,7.5,0.6216186206951109,0.37838137930488913,392.3444976076555
16,5,8,155.0,45.0,7.5,0.6143273416417404,0.3856726583582596,392.3444976076555
17,5,8,165.0,45.0,7.5,0.6073900215327163,0.39260997846728374,392.3444976076555
18,5,8,175.0,45.0,7.5,0.6007717852735447,0.3992282147264553,392.3444976076555
19,5,8,185.0,45.0,7.5,0.5944257257750265,0.4055742742249735,392.3444976076555
20,5,8,195.0,45.0,7.5,0.5882788220495911,0.41172117795040886,392.3444976076555
21,5,8,205.0,45.0,7.5,0.5822746921590092,0.4177253078409908,392.3444976076555
22,5,8,215.0,45.0,7.5,0.5764450868968444,0.42355491310315563,392.3444976076555
23,5,8,225.0,45.0,7.5,0.5708293472896439,0.42917065271035615,392.3444976076555
24,5,8,235.0,45.0,7.5,0.5654096569811088,0.4345903430188912,392.3444976076555
25,5,8,245.0,45.0,7.5,0.5601396420323844,0.4398603579676156,392.3444976076555
26,5,8,255.0,45.0,7.5,0.5549765765543513,0.4450234234456487,392.3444976076555
27,5,8,265.0,45.0,7.5,0.5499026037474797,0.4500973962525203,392.3444976076555
28,5,8,275.0,45.0,7.5,0.5449243156525615,0.4550756843474385,392.3444976076555
29,5,8,285.0,45.0,7.5,0.5400421333930775,0.4599578666069225,392.3444976076555
30,5,8,295.0,45.0,7.5,0.5352212659911953,0.46477873400880465,392.3444976076555
31,5,8,305.0,45.0,7.5,0.5303966027626096,0.4696033972373904,392.3444976076555
32,5,8,315.0,45.0,7.5,0.5255094265772255,0.47449057342277445,392.3444976076555
33,5,8,325.0,45.0,7.5,0.5205446299577019,0.4794553700422981,392.3444976076555
34,5,8,335.0,45.0,7.5,0.5155205662280913,0.4844794337719087,392.3444976076555
35,5,8,345.0,45.0,7.5,0.5104215253262525,0.4895784746737475,392.3444976076555
36,5,8,355.0,45.0,7.5,0.5051518320893552,0.4948481679106448,392.3444976076555
37,5,8,365.0,45.0,7.5,0.49954407585192756,0.5004559241480724,392.3444976076555
38,5,8,375.0,45.0,7.5,0.4934241660693442,0.5065758339306559,392.3444976076555
39,5,8,385.0,45.0,7.5,0.4866798094129023,0.5133201905870977,392.3444976076555
40,5,8,395.0,45.0,7.5,0.47922625959210274,0.5207737404078973,392.3444976076555
41,5,8,405.0,45.0,7.5,0.4708549115642654,0.5291450884357346,392.3444976076555
42,5,8,415.0,45.0,7.5,0.46105989297761907,0.5389401070223809,392.3444976076555
43,5,8,425.0,45.0,7.5,0.44893045867864967,0.5510695413213503,392.3444976076555
44,5,8,435.0,45.0,7.5,0.43322646561149813,0.5667735343885019,392.3444976076555
45,5,8,445.0,45.0,7.5,0.4126779355022775,0.5873220644977225,392.3444976076555
46,5,8,455.0,45.0,7.5,0.3863993749043299,0.61360062509567,392.3444976076555
47,5,8,465.0,45.0,7.5,0.3530239953161043,0.6469760046838957,392.3444976076555
48,5,8,475.0,45.0,7.5,0.31388742808772263,0.6861125719122774,392.3444976076555
49,5,8,485.0,45.0,7.5,0.2747270057964128,0.7252729942035872,392.3444976076555
50,5,8,495.0,45.0,7.5,0.24294856803542705,0.7570514319645729,392.3444976076555
1,6,8,5.0,55.0,7.5,0.7793079935429715,0.22069200645702847,392.3444976076555
2,6,8,15.0,55.0,7.5,0.7661556264447518,0.23384437355524823,392.3444976076555
3,6,8,25.0,55.0,7.5,0.7504609130324669,0.24953908696753313,392.3444976076555
4,6,8,35.0,55.0,7.5,0.7340929124244554,0.2659070875755446,392.3444976076555
5,6,8,45.0,55.0,7.5,0.7182608674641411,0.2817391325358589,392.3444976076555
6,6,8,55.0,55.0,7.5,0.7035118756581475,0.29648812434185245,392.3444976076555
7,6,8,65.0,55.0,7.5,0.6899893389538047,0.31001066104619535,392.3444976076555
8,6,8,75.0,55.0,7.5,0.6776390225463773,0.3223609774536227,392.3444976076555
9,6,8,85.0,55.0,7.5,0.6663067119562306,0.3336932880437694,392.3444976076555
10,6,8,95.0,55.0,7.5,0.6558374042004812,0.3441625957995188,392.3444976076555
11,6,8,105.0,55.0,7.5,0.6461078474702726,0.3538921525297274,392.3444976076555
12,6,8,115.0,55.0,7.5,0.6370355380451507,0.3629644619548493,392.3444976076555
13,6,8,125.0,55.0,7.5,0.6285478098771988,0.3714521901228012,392.3444976076555
14,6,8,135.0,55.0,7.5,0.6205650295435338,0.37943497045646624,392.3444976076555
15,6,8,145.0,55.0,7.5,0.6130187553364174,0.38698124466358264,392.3444976076555
16,6,8,155.0,55.0,7.5,0.6058545612585556,0.39414543874144436,392.3444976076555
17,6,8,165.0,55.0,7.5,0.5990467863773482,0.4009532136226518,392.3444976076555
18,6,8,175.0,55.0,7.5,0.5925495514646076,0.40745044853539236,392.3444976076555
19,6,8,185.0,55.0,7.5,0.5862986003328882,0.41370139966711184,392.3444976076555
20,6,8,195.0,55.0,7.5,0.5802174945966192,0.4197825054033808,392.3444976076555
21,6,8,205.0,55.0,7.5,0.5742813542073342,0.42571864579266583,392.3444976076555
22,6,8,215.0,55.0,7.5,0.5685367782441109,0.43146322175588914,392.3444976076555
23,6,8,225.0,55.0,7.5,0.5630097670497425,0.4369902329502575,392.3444976076555
24,6,8,235.0,55.0,7.5,0.5576564850124685,0.44234351498753155,392.3444976076555
25,6,8,245.0,55.0,7.5,0.5524266072001929,0.4475733927998071,392.3444976076555
26,6,8,255.0,55.0,7.5,0.5472929956294803,0.4527070043705197,392.3444976076555
27,6,8,265.0,55.0,7.5,0.5422576920474315,0.45774230795256854,392.3444976076555
28,6,8,275.0,55.0,7.5,0.5373238423464574,0.46267615765354264,392.3444976076555
29,6,8,285.0,55.0,7.5,0.5324620438302724,0.4675379561697276,392.3444976076555
30,6,8,295.0,55.0,7.5,0.5276052350900269,0.4723947649099731,392.3444976076555
31,6,8,305.0,55.0,7.5,0.5226869450085638,0.47731305499143617,392.3444976076555
32,6,8,315.0,55.0,7.5,0.517685991016419,0.482314008983581,392.3444976076555
33,6,8,325.0,55.0,7.5,0.512617454177937,0.487382545822063,392.3444976076555
34,6,8,335.0,55.0,7.5,0.5074722383708421,0.4925277616291579,392.3444976076555
35,6,8,345.0,55.0,7.5,0.5021622991404177,0.49783770085958234,392.3444976076555
36,6,8,355.0,55.0,7.5,0.4965027188847974,0.5034972811152025,392.3444976076555
37,6,8,365.0,55.0,7.5,0.4903098305929716,0.5096901694070284,392.3444976076555
38,6,8,375.0,55.0,7.5,0.48345821490271124,0.5165417850972888,392.3444976076555
39,6,8,385.0,55.0,7.5,0.4758222577339383,0.5241777422660616,392.3444976076555
40,6,8,395.0,55.0,7.5,0.46712335417009976,0.5328766458299002,392.3444976076555
41,6,8,405.0,55.0,7.5,0.45673959910600154,0.5432604008939985,392.3444976076555
42,6,8,415.0,55.0,7.5,0.4435782434810982,0.5564217565189018,392.3444976076555
43,6,8,425.0,55.0,7.5,0.4261385810937974,0.5738614189062026,392.3444976076555
44,6,8,435.0,55.0,7.5,0.40274883965211805,0.597251160347882,392.3444976076555
45,6,8,445.0,55.0,7.5,0.3720560807627436,0.6279439192372565,392.3444976076555
46,6,8,455.0,55.0,7.5,0.33423888399926455,0.6657611160007355,392.3444976076555
47,6,8,465.0,55.0,7.5,0.29298920006488044,0.7070107999351196,392.3444976076555
48,6,8,475.0,55.0,7.5,0.25578090259694986,0.7442190974030501,392.3444976076555
49,6,8,485.0,55.0,7.5,0.22929082178511334,0.7707091782148867,392.3444976076555
50,6,8,495.0,55.0,7.5,0.212770780306327,0.787229219693673,392.3444976076555
1,7,8,5.0,65.0,7.5,0.7590481854269947,0.2409518145730053,392.3444976076555
2,7,8,15.0,65.0,7.5,0.7461891484191258,0.25381085158087424,392.3444976076555
3,7,8,25.0,65.0,7.5,0.7314340460175204,0.2685659539824796,392.3444976076555
4,7,8,35.0,65.0,7.5,0.716290609626025,0.283709390373975,392.3444976076555
5,7,8,45.0,65.0,7.5,0.7016743998060957,0.2983256001939043,392.3444976076555
6,7,8,55.0,65.0,7.5,0.6880123776249689,0.3119876223750311,392.3444976076555
7,7,8,65.0,65.0,7.5,0.6754165327187038,0.32458346728129617,392.3444976076555
8,7,8,75.0,65.0,7.5,0.6638371211687177,0.33616287883128226,392.3444976076555
9,7,8,85.0,65.0,7.5,0.6531476459345188,0.3468523540654812,392.3444976076555
10,7,8,95.0,65.0,7.5,0.6432386940867691,0.35676130591323085,392.3444976076555
11,7,8,105.0,65.0,7.5,0.6340209772192829,0.36597902278071714,392.3444976076555
12,7,8,115.0,65.0,7.5,0.6254140772736824,0.37458592272631763,392.3444976076555
13,7,8,125.0,65.0,7.5,0.6173394524277196,0.3826605475722804,392.3444976076555
14,7,8,135.0,65.0,7.5,0.6097226327930944,0.39027736720690565,392.3444976076555
15,7,8,145.0,65.0,7.5,0.6025174278640808,0.3974825721359192,392.3444976076555
16,7,8,155.0,65.0,7.5,0.5956815597288972,0.40431844027110275,392.3444976076555
17,7,8,165.0,65.0,7.5,0.58916392409161,0.41083607590839,392.3444976076555
18,7,8,175.0,65.0,7.5,0.58289094764004,0.41710905235996,392.3444976076555
19,7,8,185.0,65.0,7.5,0.576794894824757,0.423205105175243,392.3444976076555
20,7,8,195.0,65.0,7.5,0.5708557700356549,0.4291442299643451,392.3444976076555
21,7,8,205.0,65.0,7.5,0.5651226142440202,0.4348773857559798,392.3444976076555
22,7,8,215.0,65.0,7.5,0.5596012660078777,0.44039873399212226,392.3444976076555
23,7,8,225.0,65.0,7.5,0.554242469729887,0.445757530270113,392.3444976076555
24,7,8,235.0,65.0,7.5,0.5490082230714445,0.4509917769285555,392.3444976076555
25,7,8,245.0,65.0,7.5,0.5438859292467458,0.45611407075325416,392.3444976076555
26,7,8,255.0,65.0,7.5,0.5388727811093013,0.46112721889069874,392.3444976076555
27,7,8,265.0,65.0,7.5,0.5339490100348444,0.4660509899651556,392.3444976076555
28,7,8,275.0,65.0,7.5,0.52906482346367,0.47093517653633,392.3444976076555
29,7,8,285.0,65.0,7.5,0.5241558532658654,0.47584414673413455,392.3444976076555
30,7,8,295.0,65.0,7.5,0.5191845283073783,0.48081547169262173,392.3444976076555
31,7,8,305.0,65.0,7.5,0.5141490690630123,0.4858509309369877,392.3444976076555
32,7,8,315.0,65.0,7.5,0.5090408349456139,0.4909591650543861,392.3444976076555
33,7,8,325.0,65.0,7.5,0.5037971714947311,0.49620282850526887,392.3444976076555
34,7,8,335.0,65.0,7.5,0.49827666082584116,0.5017233391741589,392.3444976076555
35,7,8,345.0,65.0,7.5,0.492296997543785,0.507703002456215,392.3444976076555
36,7,8,355.0,65.0,7.5,0.4857316850356443,0.5142683149643557,392.3444976076555
37,7,8,365.0,65.0,7.5,0.4784803204156168,0.5215196795843833,392.3444976076555
38,7,8,375.0,65.0,7.5,0.47033221341477816,0.5296677865852218,392.3444976076555
39,7,8,385.0,65.0,7.5,0.46076915567837146,0.5392308443216285,392.3444976076555
40,7,8,395.0,65.0,7.5,0.44890129936568857,0.5510987006343114,392.3444976076555
41,7,8,405.0,65.0,7.5,0.4334276881776865,0.5665723118223135,392.3444976076555
42,7,8,415.0,65.0,7.5,0.4127755570260754,0.5872244429739246,392.3444976076555
43,7,8,425.0,65.0,7.5,0.3853185043607099,0.6146814956392901,392.3444976076555
44,7,8,435.0,65.0,7.5,0.3500971972992149,0.6499028027007852,392.3444976076555
45,7,8,445.0,65.0,7.5,0.3088924529972918,0.6911075470027082,392.3444976076555
46,7,8,455.0,65.0,7.5,0.2680182185852943,0.7319817814147057,392.3444976076555
47,7,8,465.0,65.0,7.5,0.2354605891817028,0.7645394108182972,392.3444976076555
48,7,8,475.0,65.0,7.5,0.21479581941791778,0.7852041805820822,392.3444976076555
49,7,8,485.0,65.0,7.5,0.20423359372753772,0.7957664062724623,392.3444976076555
50,7,8,495.0,65.0,7.5,0.20042245709275391,0.799577542907246,392.3444976076555
1,8,8,5.0,75.0,7.5,0.7311330357057922,0.26886696429420776,392.3444976076555
2,8,8,15.0,75.0,7.5,0.7196131148289531,0.28038688517104693,392.3444976076555
3,8,8,25.0,75.0,7.5,0.7064206125466629,0.2935793874533371,392.3444976076555
4,8,8,35.0,75.0,7.5,0.6929192679778825,0.3070807320221175,392.3444976076555
5,8,8,45.0,75.0,7.5,0.6798556186690892,0.32014438133091083,392.3444976076555
6,8,8,55.0,75.0,7.5,0.6675704492291498,0.33242955077085024,392.3444976076555
7,8,8,65.0,75.0,7.5,0.6561471429385684,0.34385285706143165,392.3444976076555
8,8,8,75.0,75.0,7.5,0.6455569109070125,0.3544430890929875,392.3444976076555
9,8,8,85.0,75.0,7.5,0.6357268641000656,0.3642731358999344,392.3444976076555
10,8,8,95.0,75.0,7.5,0.6265832464061079,0.37341675359389215,392.3444976076555
11,8,8,105.0,75.0,7.5,0.6180527007363181,0.38194729926368187,392.3444976076555
12,8,8,115.0,75.0,7.5,0.6100554584140296,0.38994454158597036,392.3444976076555
13,8,8,125.0,75.0,7.5,0.6025240770438816,0.39747592295611844,392.3444976076555
14,8,8,135.0,75.0,7.5,0.5954030602003966,0.40459693979960343,392.3444976076555
15,8,8,145.0,75.0,7.5,0.5886519521044647,0.41134804789553525,392.3444976076555
16,8,8,155.0,75.0,7.5,0.5822023144626355,0.4177976855373645,392.3444976076555
17,8,8,165.0,75.0,7.5,0.5759708023725848,0.4240291976274152,392.3444976076555
18,8,8,175.0,75.0,7.5,0.5698959505656389,0.4301040494343611,392.3444976076555
19,8,8,185.0,75.0,7.5,0.5640202912814773,0.43597970871852265,392.3444976076555
20,8,8,195.0,75.0,7.5,0.5583800915639228,0.44161990843607724,392.3444976076555
21,8,8,205.0,75.0,7.5,0.552932095990959,0.44706790400904095,392.3444976076555
22,8,8,215.0,75.0,7.5,0.5476234948132468,0.4523765051867532,392.3444976076555
23,8,8,225.0,75.0,7.5,0.5424259263117254,0.45757407368827463,392.3444976076555
24,8,8,235.0,75.0,7.5,0.5373364806483955,0.46266351935160455,392.3444976076555
25,8,8,245.0,75.0,7.5,0.5323478261206247,0.4676521738793753,392.3444976076555
26,8,8,255.0,75.0,7.5,0.5274130254401029,0.47258697455989707,392.3444976076555
27,8,8,265.0,75.0,7.5,0.5224571532430315,0.47754284675696845,392.3444976076555
28,8,8,275.0,75.0,7.5,0.5174304662420658,0.4825695337579342,392.3444976076555
29,8,8,285.0,75.0,7.5,0.5123232581600058,0.4876767418399942,392.3444976076555
30,8,8,295.0,75.0,7.5,0.5071297637783325,0.4928702362216675,392.3444976076555
31,8,8,305.0,75.0,7.5,0.5017852319312518,0.4982147680687482,392.3444976076555
32,8,8,315.0,75.0,7.5,0.49612934026786104,0.503870659732139,392.3444976076555
33,8,8,325.0,75.0,7.5,0.4899688640106414,0.5100311359893586,392.3444976076555
34,8,8,335.0,75.0,7.5,0.4831625479920576,0.5168374520079424,392.3444976076555
35,8,8,345.0,75.0,7.5,0.4755944898687828,0.5244055101312173,392.3444976076555
36,8,8,355.0,75.0,7.5,0.46704475746748525,0.5329552425325148,392.3444976076555
37,8,8,365.0,75.0,7.5,0.45698781559329804,0.543012184406702,392.3444976076555
38,8,8,375.0,75.0,7.5,0.44443141853825685,0.5555685814617431,392.3444976076555
39,8,8,385.0,75.0,7.5,0.42808631534174363,0.5719136846582564,392.3444976076555
40,8,8,395.0,75.0,7.5,0.40640116646069935,0.5935988335393007,392.3444976076555
41,8,8,405.0,75.0,7.5,0.37745898998041943,0.6225410100195805,392.3444976076555
42,8,8,415.0,75.0,7.5,0.3408983212962414,0.6591016787037586,392.3444976076555
43,8,8,425.0,75.0,7.5,0.3002172206702848,0.6997827793297152,392.3444976076555
44,8,8,435.0,75.0,7.5,0.262874177928422,0.737125822071578,392.3444976076555
45,8,8,445.0,75.0,7.5,0.2348724860302962,0.7651275139697038,392.3444976076555
46,8,8,455.0,75.0,7.5,0.21650151899511996,0.7834984810048801,392.3444976076555
47,8,8,465.0,75.0,7.5,0.20578324037626142,0.7942167596237386,392.3444976076555
48,8,8,475.0,75.0,7.5,0.2011550517746199,0.7988449482253801,392.3444976076555
49,8,8,485.0,75.0,7.5,0.20012039407319535,0.7998796059268046,392.3444976076555
50,8,8,495.0,75.0,7.5,0.20003594886578266,0.7999640511342173,392.3444976076555
1,9,8,5.0,85.0,7.5,0.6923635038396379,0.30763649616036215,392.3444976076555
2,9,8,15.0,85.0,7.5,0.6828316014593224,0.3171683985406776,392.3444976076555
3,9,8,25.0,85.0,7.5,0.6717684914547839,0.3282315085452161,392.3444976076555
4,9,8,35.0,85.0,7.5,0.6603261586034733,0.3396738413965267,392.3444976076555
5,9,8,45.0,85.0,7.5,0.6491279757026336,0.3508720242973664,392.3444976076555
6,9,8,55.0,85.0,7.5,0.6384589554530851,0.36154104454691494,392.3444976076555
7,9,8,65.0,85.0,7.5,0.6284321041471905,0.37156789585280947,392.3444976076555
8,9,8,75.0,85.0,7.5,0.6190638000624625,0.38093619993753747,392.3444976076555
9,9,8,85.0,85.0,7.5,0.6103058566213062,0.3896941433786938,392.3444976076555
10,9,8,95.0,85.0,7.5,0.6020982853917366,0.3979017146082634,392.3444976076555
11,9,8,105.0,85.0,7.5,0.5944050926103829,0.4055949073896171,392.3444976076555
12,9,8,115.0,85.0,7.5,0.5871823718869501,0.4128176281130499,392.3444976076555
13,9,8,125.0,85.0,7.5,0.5803374034627707,0.41966259653722926,392.3444976076555
14,9,8,135.0,85.0,7.5,0.5737784219717156,0.4262215780282844,392.3444976076555
15,9,8,145.0,85.0,7.5,0.5674613052371263,0.43253869476287365,392.3444976076555
16,9,8,155.0,85.0,7.5,0.5613474050796197,0.43865259492038033,392.3444976076555
17,9,8,165.0,85.0,7.5,0.5554601089379425,0.4445398910620575,392.3444976076555
18,9,8,175.0,85.0,7.5,0.5497752398296948,0.4502247601703052,392.3444976076555
19,9,8,185.0,85.0,7.5,0.544252635808351,0.45574736419164896,392.3444976076555
20,9,8,195.0,85.0,7.5,0.5389095301807107,0.46109046981928925,392.3444976076555
21,9,8,205.0,85.0,7.5,0.5337458856143571,0.4662541143856429,392.3444976076555
22,9,8,215.0,85.0,7.5,0.5286886721176569,0.4713113278823431,392.3444976076555
23,9,8,225.0,85.0,7.5,0.523627576730003,0.47637242326999696,392.3444976076555
24,9,8,235.0,85.0,7.5,0.5185075552749709,0.48149244472502906,392.3444976076555
25,9,8,245.0,85.0,7.5,0.5133589175552072,0.48664108244479276,392.3444976076555
26,9,8,255.0,85.0,7.5,0.5082099390783679,0.49179006092163213,392.3444976076555
27,9,8,265.0,85.0,7.5,0.502981300771626,0.49701869922837405,392.3444976076555
28,9,8,275.0,85.0,7.5,0.49746950235375226,0.5025304976462477,392.3444976076555
29,9,8,285.0,85.0,7.5,0.4914501981220401,0.50854980187796,392.3444976076555
30,9,8,295.0,85.0,7.5,0.48480905670266244,0.5151909432973376,392.3444976076555
31,9,8,305.0,85.0,7.5,0.47752142974656675,0.5224785702534332,392.3444976076555
32,9,8,315.0,85.0,7.5,0.4694605253293689,0.5305394746706311,392.3444976076555
33,9,8,325.0,85.0,7.5,0.46015956561478427,0.5398404343852157,392.3444976076555
34,9,8,335.0,85.0,7.5,0.4486670721224812,0.5513329278775188,392.3444976076555
35,9,8,345.0,85.0,7.5,0.43364275387238554,0.5663572461276145,392.3444976076555
36,9,8,355.0,85.0,7.5,0.4136564615243345,0.5863435384756654,392.3444976076555
37,9,8,365.0,85.0,7.5,0.3874671763813048,0.6125328236186952,392.3444976076555
38,9,8,375.0,85.0,7.5,0.354548504357412,0.6454514956425881,392.3444976076555
39,9,8,385.0,85.0,7.5,0.31641318710805044,0.6835868128919496,392.3444976076555
40,9,8,395.0,85.0,7.5,0.2782548435255309,0.721745156474469,392.3444976076555
41,9,8,405.0,85.0,7.5,0.24746079669497484,0.7525392033050251,392.3444976076555
42,9,8,415.0,85.0,7.5,0.22650853998037782,0.7734914600196222,392.3444976076555
43,9,8,425.0,85.0,7.5,0.2131562484049635,0.7868437515950365,392.3444976076555
44,9,8,435.0,85.0,7.5,0.20532809101573796,0.794671908984262,392.3444976076555
45,9,8,445.0,85.0,7.5,0.2016665453126027,0.7983334546873972,392.3444976076555
46,9,8,455.0,85.0,7.5,0.200444257120688,0.799555742879312,392.3444976076555
47,9,8,465.0,85.0,7.5,0.2001149243381008,0.7998850756618991,392.3444976076555
48,9,8,475.0,85.0,7.5,0.20004190238637232,0.7999580976136277,392.3444976076555
49,9,8,485.0,85.0,7.5,0.20003415041002126,0.7999658495899787,392.3444976076555
50,9,8,495.0,85.0,7.5,0.20003384481600625,0.7999661551839937,392.3444976076555
1,10,8,5.0,95.0,7.5,0.6268546974461771,0.37314530255382294,392.3444976076555
2,10,8,15.0,95.0,7.5,0.6196533917891157,0.3803466082108843,392.3444976076555
3,10,8,25.0,95.0,7.5,0.6110474702766042,0.3889525297233958,392.3444976076555
4,10,8,35.0,95.0,7.5,0.6019110269783142,0.3980889730216858,392.3444976076555
5,10,8,45.0,95.0,7.5,0.5927592162738357,0.40724078372616435,392.3444976076555
6,10,8,55.0,95.0,7.5,0.5838594763877931,0.4161405236122069,392.3444976076555
7,10,8,65.0,95.0,7.5,0.5753469360839433,0.42465306391605673,392.3444976076555
8,10,8,75.0,95.0,7.5,0.5672876367183112,0.4327123632816888,392.3444976076555
9,10,8,85.0,95.0,7.5,0.5596603959918462,0.44033960400815375,392.3444976076555
10,10,8,95.0,95.0,7.5,0.5524135736754103,0.44758642632458967,392.3444976076555
11,10,8,105.0,95.0,7.5,0.5455436699903781,0.45445633000962193,392.3444976076555
12,10,8,115.0,95.0,7.5,0.5390246276424128,0.46097537235758723,392.3444976076555
13,10,8,125.0,95.0,7.5,0.5326738937307383,0.46732610626926174,392.3444976076555
14,10,8,135.0,95.0,7.5,0.5263925496091426,0.4736074503908574,392.3444976076555
15,10,8,145.0,95.0,7.5,0.5202783980253772,0.47972160197462277,392.3444976076555
16,10,8,155.0,95.0,7.5,0.5144246630571757,0.4855753369428243,392.3444976076555
17,10,8,165.0,95.0,7.5,0.5087417265612731,0.49125827343872686,392.3444976076555
18,10,8,175.0,95.0,7.5,0.5030954491047384,0.49690455089526164,392.3444976076555
19,10,8,185.0,95.0,7.5,0.49745589881214236,0.5025441011878576,392.3444976076555
20,10,8,195.0,95.0,7.5,0.49187128227374455,0.5081287177262555,392.3444976076555
21,10,8,205.0,95.0,7.5,0.48629275374934167,0.5137072462506583,392.3444976076555
22,10,8,215.0,95.0,7.5,0.48047912303339757,0.5195208769666024,392.3444976076555
23,10,8,225.0,95.0,7.5,0.4741329647209711,0.5258670352790289,392.3444976076555
24,10,8,235.0,95.0,7.5,0.4670961150721423,0.5329038849278577,392.3444976076555
25,10,8,245.0,95.0,7.5,0.4592974505247429,0.5407025494752571,392.3444976076555
26,10,8,255.0,95.0,7.5,0.45045146367475847,0.5495485363252415,392.3444976076555
27,10,8,265.0,95.0,7.5,0.43974788438159945,0.5602521156184006,392.3444976076555
28,10,8,275.0,95.0,7.5,0.4258185001039242,0.5741814998960758,392.3444976076555
29,10,8,285.0,95.0,7.5,0.40711460579495845,0.5928853942050416,392.3444976076555
30,10,8,295.0,95.0,7.5,0.38240030594298147,0.6175996940570185,392.3444976076555
31,10,8,305.0,95.0,7.5,0.35139995990363615,0.6486000400963639,392.3444976076555
32,10,8,315.0,95.0,7.5,0.31597570450221263,0.6840242954977873,392.3444976076555
33,10,8,325.0,95.0,7.5,0.280887811256799,0.719112188743201,392.3444976076555
34,10,8,335.0,95.0,7.5,0.2515125979366337,0.7484874020633663,392.3444976076555
35,10,8,345.0,95.0,7.5,0.23011139372963535,0.7698886062703647,392.3444976076555
36,10,8,355.0,95.0,7.5,0.21579229132386907,0.784207708676131,392.3444976076555
37,10,8,365.0,95.0,7.5,0.2070373533830191,0.7929626466169809,392.3444976076555
38,10,8,375.0,95.0,7.5,0.20251314525961703,0.7974868547403829,392.3444976076555
39,10,8,385.0,95.0,7.5,0.20072148677079654,0.7992785132292035,392.3444976076555
40,10,8,395.0,95.0,7.5,0.200212719436579,0.799787280563421,392.3444976076555
41,10,8,405.0,95.0,7.5,0.20007757161146345,0.7999224283885366,392.3444976076555
42,10,8,415.0,95.0,7.5,0.2000416217224286,0.7999583782775714,392.3444976076555
43,10,8,425.0,95.0,7.5,0.2000334791433057,0.7999665208566943,392.3444976076555
44,10,8,435.0,95.0,7.5,0.2000323836181039,0.7999676163818961,392.3444976076555
45,10,8,445.0,95.0,7.5,0.20003240903411065,0.7999675909658893,392.3444976076555
46,10,8,455.0,95.0,7.5,0.20003269716216518,0.7999673028378348,392.3444976076555
47,10,8,465.0,95.0,7.5,0.2000330228272787,0.7999669771727214,392.3444976076555
48,10,8,475.0,95.0,7.5,0.2000333326557902,0.7999666673442098,392.3444976076555
49,10,8,485.0,95.0,7.5,0.20003359105926666,0.7999664089407333,392.3444976076555
50,10,8,495.0,95.0,7.5,0.20003375672920165,0.7999662432707983,392.3444976076555
1,1,9,5.0,5.0,8.5,0.6728658665941846,0.32713413340581543,435.4066985645933
2,1,9,15.0,5.0,8.5,0.6637411804872582,0.33625881951274184,435.4066985645933
3,1,9,25.0,5.0,8.5,0.6532690865902658,0.34673091340973416,435.4066985645933
4,1,9,35.0,5.0,8.5,0.6425155018637352,0.3574844981362648,435.4066985645933
5,1,9,45.0,5.0,8.5,0.6320276357798976,0.3679723642201024,435.4066985645933
6,1,9,55.0,5.0,8.5,0.6220560750107866,0.37794392498921336,435.4066985645933
7,1,9,65.0,5.0,8.5,0.6126807489430166,0.3873192510569834,435.4066985645933
8,1,9,75.0,5.0,8.5,0.6038981603674279,0.39610183963257206,435.4066985645933
9,1,9,85.0,5.0,8.5,0.5956882750051022,0.40431172499489776,435.4066985645933
10,1,9,95.0,5.0,8.5,0.5880146226520339,0.41198537734796614,435.4066985645933
11,1,9,105.0,5.0,8.5,0.5807996243283184,0.41920037567168156,435.4066985645933
12,1,9,115.0,5.0,8.5,0.5739894370143512,0.42601056298564877,435.4066985645933
13,1,9,125.0,5.0,8.5,0.5675667977375165,0.4324332022624835,435.4066985645933
14,1,9,135.0,5.0,8.5,0.5615031027325849,0.43849689726741514,435.4066985645933
15,1,9,145.0,5.0,8.5,0.5557116077805493,0.4442883922194507,435.4066985645933
16,1,9,155.0,5.0,8.5,0.5501091889615194,0.4498908110384806,435.4066985645933
17,1,9,165.0,5.0,8.5,0.5446639079002392,0.4553360920997608,435.4066985645933
18,1,9,175.0,5.0,8.5,0.5393787036530276,0.46062129634697235,435.4066985645933
19,1,9,185.0,5.0,8.5,0.5342956879819015,0.4657043120180985,435.4066985645933
20,1,9,195.0,5.0,8.5,0.529353332057026,0.47064666794297405,435.4066985645933
21,1,9,205.0,5.0,8.5,0.5245224445219264,0.4754775554780736,435.4066985645933
22,1,9,215.0,5.0,8.5,0.5198363641637337,0.4801636358362663,435.4066985645933
23,1,9,225.0,5.0,8.5,0.5153138913679434,0.48468610863205663,435.4066985645933
24,1,9,235.0,5.0,8.5,0.5108923282019288,0.48910767179807124,435.4066985645933
25,1,9,245.0,5.0,8.5,0.5064576534507803,0.4935423465492197,435.4066985645933
26,1,9,255.0,5.0,8.5,0.5019491419425767,0.49805085805742333,435.4066985645933
27,1,9,265.0,5.0,8.5,0.49740102534798547,0.5025989746520145,435.4066985645933
28,1,9,275.0,5.0,8.5,0.49285848944876287,0.5071415105512371,435.4066985645933
29,1,9,285.0,5.0,8.5,0.48826157487013794,0.511738425129862,435.4066985645933
30,1,9,295.0,5.0,8.5,0.4834098810838306,0.5165901189161695,435.4066985645933
31,1,9,305.0,5.0,8.5,0.47806812983557795,0.521931870164422,435.4066985645933
32,1,9,315.0,5.0,8.5,0.47210868166162584,0.5278913183383742,435.4066985645933
33,1,9,325.0,5.0,8.5,0.4655042989897061,0.534495701010294,435.4066985645933
34,1,9,335.0,5.0,8.5,0.45815465964498364,0.5418453403550163,435.4066985645933
35,1,9,345.0,5.0,8.5,0.44965490488420073,0.5503450951157993,435.4066985645933
36,1,9,355.0,5.0,8.5,0.43915746456235083,0.5608425354376492,435.4066985645933
37,1,9,365.0,5.0,8.5,0.42549053430470185,0.5745094656952981,435.4066985645933
38,1,9,375.0,5.0,8.5,0.40747667547770905,0.592523324522291,435.4066985645933
39,1,9,385.0,5.0,8.5,0.38425376091056446,0.6157462390894355,435.4066985645933
40,1,9,395.0,5.0,8.5,0.35566473576995705,0.644335264230043,435.4066985645933
41,1,9,405.0,5.0,8.5,0.3230123202076245,0.6769876797923755,435.4066985645933
42,1,9,415.0,5.0,8.5,0.2894844445394156,0.7105155554605844,435.4066985645933
43,1,9,425.0,5.0,8.5,0.2588092461880164,0.7411907538119836,435.4066985645933
44,1,9,435.0,5.0,8.5,0.23377600333975027,0.7662239966602498,435.4066985645933
45,1,9,445.0,5.0,8.5,0.21724650947983082,0.7827534905201692,435.4066985645933
46,1,9,455.0,5.0,8.5,0.20737067139140383,0.7926293286085961,435.4066985645933
47,1,9,465.0,5.0,8.5,0.20230921912243602,0.797690780877564,435.4066985645933
48,1,9,475.0,5.0,8.5,0.20050942171964548,0.7994905782803545,435.4066985645933
49,1,9,485.0,5.0,8.5,0.2001057608202924,0.7998942391797076,435.4066985645933
50,1,9,495.0,5.0,8.5,0.20003704453837734,0.7999629554616227,435.4066985645933
1,2,9,5.0,15.0,8.5,0.7284726099296619,0.2715273900703381,435.4066985645933
2,2,9,15.0,15.0,8.5,0.7171286929546445,0.28287130704535546,435.4066985645933
3,2,9,25.0,15.0,8.5,0.7043296705681814,0.2956703294318186,435.4066985645933
4,2,9,35.0,15.0,8.5,0.691391792629224,0.308608207370776,435.4066985645933
5,2,9,45.0,15.0,8.5,0.6789865522520699,0.32101344774793006,435.4066985645933
6,2,9,55.0,15.0,8.5,0.6673750798187732,0.3326249201812268,435.4066985645933
7,2,9,65.0,15.0,8.5,0.6566135279296359,0.3433864720703641,435.4066985645933
8,2,9,75.0,15.0,8.5,0.6466620838090017,0.3533379161909983,435.4066985645933
9,2,9,85.0,15.0,8.5,0.6374531072760453,0.3625468927239547,435.4066985645933
10,2,9,95.0,15.0,8.5,0.6289045522846676,0.3710954477153324,435.4066985645933
11,2,9,105.0,15.0,8.5,0.6209282636296805,0.37907173637031955,435.4066985645933
12,2,9,115.0,15.0,8.5,0.6134616053635763,0.3865383946364237,435.4066985645933
13,2,9,125.0,15.0,8.5,0.6064537740772221,0.3935462259227779,435.4066985645933
14,2,9,135.0,15.0,8.5,0.59985442421211,0.40014557578789,435.4066985645933
15,2,9,145.0,15.0,8.5,0.5935893413127743,0.4064106586872257,435.4066985645933
16,2,9,155.0,15.0,8.5,0.5876046971751149,0.4123953028248851,435.4066985645933
17,2,9,165.0,15.0,8.5,0.5818807838900629,0.4181192161099371,435.4066985645933
18,2,9,175.0,15.0,8.5,0.5763809641550908,0.42361903584490923,435.4066985645933
19,2,9,185.0,15.0,8.5,0.5710357502132353,0.42896424978676473,435.4066985645933
20,2,9,195.0,15.0,8.5,0.565862285192232,0.43413771480776797,435.4066985645933
21,2,9,205.0,15.0,8.5,0.5608652047903732,0.43913479520962684,435.4066985645933
22,2,9,215.0,15.0,8.5,0.5560505252390756,0.4439494747609244,435.4066985645933
23,2,9,225.0,15.0,8.5,0.5514121295406275,0.44858787045937254,435.4066985645933
24,2,9,235.0,15.0,8.5,0.5469063454499308,0.4530936545500692,435.4066985645933
25,2,9,245.0,15.0,8.5,0.542474569625711,0.45752543037428905,435.4066985645933
26,2,9,255.0,15.0,8.5,0.538093499058399,0.461906500941601,435.4066985645933
27,2,9,265.0,15.0,8.5,0.5337860410620241,0.4662139589379759,435.4066985645933
28,2,9,275.0,15.0,8.5,0.5295736384370682,0.4704263615629318,435.4066985645933
29,2,9,285.0,15.0,8.5,0.5254278177002137,0.47457218229978626,435.4066985645933
30,2,9,295.0,15.0,8.5,0.5212670705891707,0.47873292941082934,435.4066985645933
31,2,9,305.0,15.0,8.5,0.5170129103020664,0.4829870896979336,435.4066985645933
32,2,9,315.0,15.0,8.5,0.512653697081139,0.48734630291886105,435.4066985645933
33,2,9,325.0,15.0,8.5,0.5082294617288341,0.4917705382711659,435.4066985645933
34,2,9,335.0,15.0,8.5,0.503753624024447,0.496246375975553,435.4066985645933
35,2,9,345.0,15.0,8.5,0.4991468130249625,0.5008531869750374,435.4066985645933
36,2,9,355.0,15.0,8.5,0.4942330579847801,0.5057669420152199,435.4066985645933
37,2,9,365.0,15.0,8.5,0.48882569874208975,0.5111743012579102,435.4066985645933
38,2,9,375.0,15.0,8.5,0.48282869698076136,0.5171713030192386,435.4066985645933
39,2,9,385.0,15.0,8.5,0.4762189315452525,0.5237810684547475,435.4066985645933
40,2,9,395.0,15.0,8.5,0.46890670997295797,0.531093290027042,435.4066985645933
41,2,9,405.0,15.0,8.5,0.4605636367022169,0.5394363632977831,435.4066985645933
42,2,9,415.0,15.0,8.5,0.4504617195086977,0.5495382804913023,435.4066985645933
43,2,9,425.0,15.0,8.5,0.43737831481705913,0.5626216851829409,435.4066985645933
44,2,9,435.0,15.0,8.5,0.4197442028819069,0.580255797118093,435.4066985645933
45,2,9,445.0,15.0,8.5,0.3947015111996401,0.6052984888003599,435.4066985645933
46,2,9,455.0,15.0,8.5,0.360877923351232,0.639122076648768,435.4066985645933
47,2,9,465.0,15.0,8.5,0.31866818520180373,0.6813318147981963,435.4066985645933
48,2,9,475.0,15.0,8.5,0.27219435270250963,0.7278056472974903,435.4066985645933
49,2,9,485.0,15.0,8.5,0.22981062018840553,0.7701893798115944,435.4066985645933
50,2,9,495.0,15.0,8.5,0.2038030366045945,0.7961969633954055,435.4066985645933
1,3,9,5.0,25.0,8.5,0.7598481346139149,0.24015186538608513,435.4066985645933
2,3,9,15.0,25.0,8.5,0.7472428535834345,0.25275714641656555,435.4066985645933
3,3,9,25.0,25.0,8.5,0.732914988215373,0.26708501178462696,435.4066985645933
4,3,9,35.0,25.0,8.5,0.7183698720036847,0.28163012799631526,435.4066985645933
5,3,9,45.0,25.0,8.5,0.7044518634696655,0.2955481365303345,435.4066985645933
6,3,9,55.0,25.0,8.5,0.6915135883946457,0.3084864116053543,435.4066985645933
7,3,9,65.0,25.0,8.5,0.679620080266639,0.320379919733361,435.4066985645933
8,3,9,75.0,25.0,8.5,0.6686997646534504,0.3313002353465496,435.4066985645933
9,3,9,85.0,25.0,8.5,0.6586431125792465,0.34135688742075354,435.4066985645933
10,3,9,95.0,25.0,8.5,0.6493426198931647,0.35065738010683534,435.4066985645933
11,3,9,105.0,25.0,8.5,0.6406971240514049,0.3593028759485951,435.4066985645933
12,3,9,115.0,25.0,8.5,0.6326292791040815,0.3673707208959185,435.4066985645933
13,3,9,125.0,25.0,8.5,0.6250631813386305,0.3749368186613695,435.4066985645933
14,3,9,135.0,25.0,8.5,0.6179414095505381,0.3820585904494619,435.4066985645933
15,3,9,145.0,25.0,8.5,0.6112051821896525,0.3887948178103475,435.4066985645933
16,3,9,155.0,25.0,8.5,0.6048156275366149,0.3951843724633851,435.4066985645933
17,3,9,165.0,25.0,8.5,0.5987288396937305,0.4012711603062695,435.4066985645933
18,3,9,175.0,25.0,8.5,0.5929006414415664,0.4070993585584336,435.4066985645933
19,3,9,185.0,25.0,8.5,0.5872890272404343,0.4127109727595657,435.4066985645933
20,3,9,195.0,25.0,8.5,0.5818496442490632,0.41815035575093684,435.4066985645933
21,3,9,205.0,25.0,8.5,0.576554091556852,0.423445908443148,435.4066985645933
22,3,9,215.0,25.0,8.5,0.5714343454070501,0.42856565459294993,435.4066985645933
23,3,9,225.0,25.0,8.5,0.5664899395551733,0.43351006044482665,435.4066985645933
24,3,9,235.0,25.0,8.5,0.5616943232705127,0.4383056767294873,435.4066985645933
25,3,9,245.0,25.0,8.5,0.5570292558486787,0.4429707441513213,435.4066985645933
26,3,9,255.0,25.0,8.5,0.5524837530944066,0.44751624690559344,435.4066985645933
27,3,9,265.0,25.0,8.5,0.5480446392475538,0.45195536075244624,435.4066985645933
28,3,9,275.0,25.0,8.5,0.543688201035306,0.456311798964694,435.4066985645933
29,3,9,285.0,25.0,8.5,0.5393903889881688,0.4606096110118312,435.4066985645933
30,3,9,295.0,25.0,8.5,0.5351368091587986,0.4648631908412014,435.4066985645933
31,3,9,305.0,25.0,8.5,0.5309207640456097,0.4690792359543903,435.4066985645933
32,3,9,315.0,25.0,8.5,0.5267325919648997,0.47326740803510026,435.4066985645933
33,3,9,325.0,25.0,8.5,0.5225433994554332,0.47745660054456684,435.4066985645933
34,3,9,335.0,25.0,8.5,0.5183074845945141,0.48169251540548585,435.4066985645933
35,3,9,345.0,25.0,8.5,0.513990915096637,0.48600908490336303,435.4066985645933
36,3,9,355.0,25.0,8.5,0.5095792996474059,0.4904207003525941,435.4066985645933
37,3,9,365.0,25.0,8.5,0.5050589656765702,0.49494103432342984,435.4066985645933
38,3,9,375.0,25.0,8.5,0.5003907885977269,0.4996092114022731,435.4066985645933
39,3,9,385.0,25.0,8.5,0.4954799266724997,0.5045200733275004,435.4066985645933
40,3,9,395.0,25.0,8.5,0.4901884687215771,0.5098115312784228,435.4066985645933
41,3,9,405.0,25.0,8.5,0.4843946912780796,0.5156053087219203,435.4066985645933
42,3,9,415.0,25.0,8.5,0.4779992751517918,0.5220007248482081,435.4066985645933
43,3,9,425.0,25.0,8.5,0.4708440287972916,0.5291559712027084,435.4066985645933
44,3,9,435.0,25.0,8.5,0.46210785157562595,0.537892148424374,435.4066985645933
45,3,9,445.0,25.0,8.5,0.4501975614627945,0.5498024385372056,435.4066985645933
46,3,9,455.0,25.0,8.5,0.43231433692055815,0.5676856630794418,435.4066985645933
47,3,9,465.0,25.0,8.5,0.40457564539866414,0.5954243546013358,435.4066985645933
48,3,9,475.0,25.0,8.5,0.3639237521385158,0.6360762478614842,435.4066985645933
49,3,9,485.0,25.0,8.5,0.3112585989824355,0.6887414010175645,435.4066985645933
50,3,9,495.0,25.0,8.5,0.24958667193025894,0.750413328069741,435.4066985645933
1,4,9,5.0,35.0,8.5,0.78047150069795,0.21952849930204998,435.4066985645933
2,4,9,15.0,35.0,8.5,0.7678430547107873,0.2321569452892127,435.4066985645933
3,4,9,25.0,35.0,8.5,0.7527431967541938,0.24725680324580623,435.4066985645933
4,4,9,35.0,35.0,8.5,0.7370675499510974,0.26293245004890264,435.4066985645933
5,4,9,45.0,35.0,8.5,0.7219836563017447,0.27801634369825534,435.4066985645933
6,4,9,55.0,35.0,8.5,0.7080906218487983,0.29190937815120166,435.4066985645933
7,4,9,65.0,35.0,8.5,0.6954081644291875,0.3045918355708125,435.4066985645933
8,4,9,75.0,35.0,8.5,0.6838259463017383,0.3161740536982617,435.4066985645933
9,4,9,85.0,35.0,8.5,0.6731864810532008,0.3268135189467992,435.4066985645933
10,4,9,95.0,35.0,8.5,0.6633517736987949,0.33664822630120506,435.4066985645933
11,4,9,105.0,35.0,8.5,0.6542115856660347,0.34578841433396534,435.4066985645933
12,4,9,115.0,35.0,8.5,0.6456779797584736,0.35432202024152637,435.4066985645933
13,4,9,125.0,35.0,8.5,0.6376819046184539,0.36231809538154613,435.4066985645933
14,4,9,135.0,35.0,8.5,0.6301507731781756,0.3698492268218244,435.4066985645933
15,4,9,145.0,35.0,8.5,0.6230326238857032,0.37696737611429676,435.4066985645933
16,4,9,155.0,35.0,8.5,0.6162791720809478,0.38372082791905215,435.4066985645933
17,4,9,165.0,35.0,8.5,0.6098620139761571,0.39013798602384286,435.4066985645933
18,4,9,175.0,35.0,8.5,0.6037417631018724,0.39625823689812756,435.4066985645933
19,4,9,185.0,35.0,8.5,0.5978732946489989,0.40212670535100115,435.4066985645933
20,4,9,195.0,35.0,8.5,0.5922171803663596,0.4077828196336404,435.4066985645933
21,4,9,205.0,35.0,8.5,0.5867431700576374,0.41325682994236257,435.4066985645933
22,4,9,215.0,35.0,8.5,0.5814198064156387,0.41858019358436127,435.4066985645933
23,4,9,225.0,35.0,8.5,0.5762535726770248,0.4237464273229752,435.4066985645933
24,4,9,235.0,35.0,8.5,0.5712604007951144,0.4287395992048856,435.4066985645933
25,4,9,245.0,35.0,8.5,0.5664125814960739,0.4335874185039261,435.4066985645933
26,4,9,255.0,35.0,8.5,0.5616964874208498,0.43830351257915023,435.4066985645933
27,4,9,265.0,35.0,8.5,0.5571082241262235,0.4428917758737765,435.4066985645933
28,4,9,275.0,35.0,8.5,0.5526374610899909,0.4473625389100091,435.4066985645933
29,4,9,285.0,35.0,8.5,0.5482592688516462,0.4517407311483538,435.4066985645933
30,4,9,295.0,35.0,8.5,0.5439409705827382,0.45605902941726184,435.4066985645933
31,4,9,305.0,35.0,8.5,0.5396629346267093,0.46033706537329067,435.4066985645933
32,4,9,315.0,35.0,8.5,0.5354276848173675,0.46457231518263253,435.4066985645933
33,4,9,325.0,35.0,8.5,0.5312413780646507,0.46875862193534934,435.4066985645933
34,4,9,335.0,35.0,8.5,0.527090260096186,0.472909739903814,435.4066985645933
35,4,9,345.0,35.0,8.5,0.5229313992134823,0.4770686007865177,435.4066985645933
36,4,9,355.0,35.0,8.5,0.5187099092833559,0.4812900907166441,435.4066985645933
37,4,9,365.0,35.0,8.5,0.5143963897714698,0.48560361022853016,435.4066985645933
38,4,9,375.0,35.0,8.5,0.5099966794979741,0.4900033205020259,435.4066985645933
39,4,9,385.0,35.0,8.5,0.5055176377106779,0.4944823622893221,435.4066985645933
40,4,9,395.0,35.0,8.5,0.5009237479440092,0.4990762520559908,435.4066985645933
41,4,9,405.0,35.0,8.5,0.49611489475613535,0.5038851052438647,435.4066985645933
42,4,9,415.0,35.0,8.5,0.4909474703398887,0.5090525296601113,435.4066985645933
43,4,9,425.0,35.0,8.5,0.48530247904091656,0.5146975209590834,435.4066985645933
44,4,9,435.0,35.0,8.5,0.47911214623686477,0.5208878537631352,435.4066985645933
45,4,9,445.0,35.0,8.5,0.47180859672951647,0.5281914032704835,435.4066985645933
46,4,9,455.0,35.0,8.5,0.46196070399422307,0.5380392960057769,435.4066985645933
47,4,9,465.0,35.0,8.5,0.4465427465051292,0.5534572534948707,435.4066985645933
48,4,9,475.0,35.0,8.5,0.41988249447522213,0.5801175055247778,435.4066985645933
49,4,9,485.0,35.0,8.5,0.37655121728317476,0.6234487827168252,435.4066985645933
50,4,9,495.0,35.0,8.5,0.3168077617284874,0.6831922382715125,435.4066985645933
1,5,9,5.0,45.0,8.5,0.7943075132031912,0.20569248679680885,435.4066985645933
2,5,9,15.0,45.0,8.5,0.7836621401343462,0.2163378598656538,435.4066985645933
3,5,9,25.0,45.0,8.5,0.7688652353541134,0.23113476464588656,435.4066985645933
4,5,9,35.0,45.0,8.5,0.7528148477284201,0.2471851522715799,435.4066985645933
5,5,9,45.0,45.0,8.5,0.7372872587869008,0.2627127412130992,435.4066985645933
6,5,9,55.0,45.0,8.5,0.7227804593677942,0.2772195406322058,435.4066985645933
7,5,9,65.0,45.0,8.5,0.7094912138831811,0.29050878611681885,435.4066985645933
8,5,9,75.0,45.0,8.5,0.6973790983666868,0.30262090163331323,435.4066985645933
9,5,9,85.0,45.0,8.5,0.6863023432569022,0.3136976567430978,435.4066985645933
10,5,9,95.0,45.0,8.5,0.6761076846643446,0.32389231533565543,435.4066985645933
11,5,9,105.0,45.0,8.5,0.6666623925889482,0.3333376074110518,435.4066985645933
12,5,9,115.0,45.0,8.5,0.6578674739585813,0.34213252604141875,435.4066985645933
13,5,9,125.0,45.0,8.5,0.6496417688030446,0.3503582311969554,435.4066985645933
14,5,9,135.0,45.0,8.5,0.6419150854186896,0.3580849145813104,435.4066985645933
15,5,9,145.0,45.0,8.5,0.6346204997622212,0.36537950023777876,435.4066985645933
16,5,9,155.0,45.0,8.5,0.6277047403963827,0.3722952596036173,435.4066985645933
17,5,9,165.0,45.0,8.5,0.6211279818101004,0.3788720181898996,435.4066985645933
18,5,9,175.0,45.0,8.5,0.6148584358748412,0.38514156412515876,435.4066985645933
19,5,9,185.0,45.0,8.5,0.6088535659486684,0.39114643405133165,435.4066985645933
20,5,9,195.0,45.0,8.5,0.6030702444338192,0.3969297555661808,435.4066985645933
21,5,9,205.0,45.0,8.5,0.5974730887320766,0.4025269112679234,435.4066985645933
22,5,9,215.0,45.0,8.5,0.592036392602363,0.40796360739763704,435.4066985645933
23,5,9,225.0,45.0,8.5,0.5867405334412698,0.41325946655873025,435.4066985645933
24,5,9,235.0,45.0,8.5,0.581606267591788,0.418393732408212,435.4066985645933
25,5,9,245.0,45.0,8.5,0.5766342925347048,0.4233657074652952,435.4066985645933
26,5,9,255.0,45.0,8.5,0.5717958221089617,0.42820417789103826,435.4066985645933
27,5,9,265.0,45.0,8.5,0.5670773392339213,0.43292266076607866,435.4066985645933
28,5,9,275.0,45.0,8.5,0.5624775678182922,0.43752243218170783,435.4066985645933
29,5,9,285.0,45.0,8.5,0.5579907370106705,0.4420092629893295,435.4066985645933
30,5,9,295.0,45.0,8.5,0.5535944264741269,0.44640557352587307,435.4066985645933
31,5,9,305.0,45.0,8.5,0.5492556544295514,0.4507443455704486,435.4066985645933
32,5,9,315.0,45.0,8.5,0.5449499819463929,0.4550500180536071,435.4066985645933
33,5,9,325.0,45.0,8.5,0.5406754764115157,0.4593245235884843,435.4066985645933
34,5,9,335.0,45.0,8.5,0.5364425131498294,0.4635574868501706,435.4066985645933
35,5,9,345.0,45.0,8.5,0.5322436779005004,0.4677563220994996,435.4066985645933
36,5,9,355.0,45.0,8.5,0.52803839988301,0.47196160011698995,435.4066985645933
37,5,9,365.0,45.0,8.5,0.5237659661175033,0.47623403388249674,435.4066985645933
38,5,9,375.0,45.0,8.5,0.5193792138281689,0.4806207861718311,435.4066985645933
39,5,9,385.0,45.0,8.5,0.514867997633337,0.485132002366663,435.4066985645933
40,5,9,395.0,45.0,8.5,0.5102381915351102,0.4897618084648898,435.4066985645933
41,5,9,405.0,45.0,8.5,0.5054551693968662,0.4945448306031338,435.4066985645933
42,5,9,415.0,45.0,8.5,0.5004044080254988,0.4995955919745012,435.4066985645933
43,5,9,425.0,45.0,8.5,0.4948943469707896,0.5051056530292104,435.4066985645933
44,5,9,435.0,45.0,8.5,0.4886999751454579,0.5113000248545421,435.4066985645933
45,5,9,445.0,45.0,8.5,0.48157129742065174,0.5184287025793483,435.4066985645933
46,5,9,455.0,45.0,8.5,0.4730392423024173,0.5269607576975828,435.4066985645933
47,5,9,465.0,45.0,8.5,0.46115226056281805,0.538847739437182,435.4066985645933
48,5,9,475.0,45.0,8.5,0.44089724625737875,0.5591027537426212,435.4066985645933
49,5,9,485.0,45.0,8.5,0.4035059558233726,0.5964940441766273,435.4066985645933
50,5,9,495.0,45.0,8.5,0.3467157329187047,0.6532842670812953,435.4066985645933
1,6,9,5.0,55.0,8.5,0.7813288977196854,0.2186711022803146,435.4066985645933
2,6,9,15.0,55.0,8.5,0.7693840078587452,0.23061599214125483,435.4066985645933
3,6,9,25.0,55.0,8.5,0.7550397388604794,0.24496026113952063,435.4066985645933
4,6,9,35.0,55.0,8.5,0.7400265734451815,0.2599734265548185,435.4066985645933
5,6,9,45.0,55.0,8.5,0.725446385020111,0.27455361497988895,435.4066985645933
6,6,9,55.0,55.0,8.5,0.7117994384736233,0.28820056152637674,435.4066985645933
7,6,9,65.0,55.0,8.5,0.6992215418214456,0.3007784581785544,435.4066985645933
8,6,9,75.0,55.0,8.5,0.6876690758135354,0.3123309241864646,435.4066985645933
9,6,9,85.0,55.0,8.5,0.6770292544492323,0.32297074555076766,435.4066985645933
10,6,9,95.0,55.0,8.5,0.6671758463200153,0.33282415367998475,435.4066985645933
11,6,9,105.0,55.0,8.5,0.6580036249096468,0.3419963750903532,435.4066985645933
12,6,9,115.0,55.0,8.5,0.6494322684560748,0.3505677315439252,435.4066985645933
13,6,9,125.0,55.0,8.5,0.6413941401424742,0.3586058598575258,435.4066985645933
14,6,9,135.0,55.0,8.5,0.6338250235908948,0.36617497640910524,435.4066985645933
15,6,9,145.0,55.0,8.5,0.6266618238599004,0.37333817614009956,435.4066985645933
16,6,9,155.0,55.0,8.5,0.6198659831424771,0.3801340168575229,435.4066985645933
17,6,9,165.0,55.0,8.5,0.6134031458639503,0.3865968541360497,435.4066985645933
18,6,9,175.0,55.0,8.5,0.6072364606409246,0.3927635393590754,435.4066985645933
19,6,9,185.0,55.0,8.5,0.60132547911478,0.39867452088522004,435.4066985645933
20,6,9,195.0,55.0,8.5,0.5956264376131423,0.40437356238685773,435.4066985645933
21,6,9,205.0,55.0,8.5,0.5901077914831826,0.4098922085168174,435.4066985645933
22,6,9,215.0,55.0,8.5,0.5847438918547382,0.4152561081452618,435.4066985645933
23,6,9,225.0,55.0,8.5,0.579519694903112,0.42048030509688805,435.4066985645933
24,6,9,235.0,55.0,8.5,0.5744637960889439,0.42553620391105607,435.4066985645933
25,6,9,245.0,55.0,8.5,0.5695572627100247,0.4304427372899753,435.4066985645933
26,6,9,255.0,55.0,8.5,0.5647790521575089,0.4352209478424911,435.4066985645933
27,6,9,265.0,55.0,8.5,0.5601241155954134,0.4398758844045866,435.4066985645933
28,6,9,275.0,55.0,8.5,0.5555890076685827,0.44441099233141734,435.4066985645933
29,6,9,285.0,55.0,8.5,0.5511558212697611,0.44884417873023885,435.4066985645933
30,6,9,295.0,55.0,8.5,0.546791024182863,0.45320897581713704,435.4066985645933
31,6,9,305.0,55.0,8.5,0.5424641920523513,0.4575358079476487,435.4066985645933
32,6,9,315.0,55.0,8.5,0.5381674113292416,0.4618325886707584,435.4066985645933
33,6,9,325.0,55.0,8.5,0.5339115066545359,0.4660884933454641,435.4066985645933
34,6,9,335.0,55.0,8.5,0.5296973416193624,0.47030265838063756,435.4066985645933
35,6,9,345.0,55.0,8.5,0.5254935159675291,0.47450648403247087,435.4066985645933
36,6,9,355.0,55.0,8.5,0.5212313692718967,0.4787686307281033,435.4066985645933
37,6,9,365.0,55.0,8.5,0.5168578805696491,0.4831421194303509,435.4066985645933
38,6,9,375.0,55.0,8.5,0.5123535422261205,0.4876464577738795,435.4066985645933
39,6,9,385.0,55.0,8.5,0.507713613981443,0.492286386018557,435.4066985645933
40,6,9,395.0,55.0,8.5,0.5028968062705624,0.49710319372943756,435.4066985645933
41,6,9,405.0,55.0,8.5,0.49777575724950707,0.5022242427504929,435.4066985645933
42,6,9,415.0,55.0,8.5,0.4921257088082584,0.5078742911917415,435.4066985645933
43,6,9,425.0,55.0,8.5,0.48564601830257276,0.5143539816974272,435.4066985645933
44,6,9,435.0,55.0,8.5,0.47792155578601847,0.5220784442139815,435.4066985645933
45,6,9,445.0,55.0,8.5,0.4681745412255049,0.531825458774495,435.4066985645933
46,6,9,455.0,55.0,8.5,0.45472812607548324,0.5452718739245168,435.4066985645933
47,6,9,465.0,55.0,8.5,0.43432124006654577,0.5656787599334543,435.4066985645933
48,6,9,475.0,55.0,8.5,0.40231337071991663,0.5976866292800833,435.4066985645933
49,6,9,485.0,55.0,8.5,0.35602806411837323,0.6439719358816267,435.4066985645933
50,6,9,495.0,55.0,8.5,0.2989288054063697,0.7010711945936303,435.4066985645933
1,7,9,5.0,65.0,8.5,0.7628574971406417,0.23714250285935834,435.4066985645933
2,7,9,15.0,65.0,8.5,0.7511036674907987,0.2488963325092013,435.4066985645933
3,7,9,25.0,65.0,8.5,0.7375658879753207,0.26243411202467926,435.4066985645933
4,7,9,35.0,65.0,8.5,0.7236086617675959,0.27639133823240414,435.4066985645933
5,7,9,45.0,65.0,8.5,0.7100722265520525,0.2899277734479475,435.4066985645933
6,7,9,55.0,65.0,8.5,0.6973567251409456,0.3026432748590544,435.4066985645933
7,7,9,65.0,65.0,8.5,0.6855719660648001,0.3144280339351999,435.4066985645933
8,7,9,75.0,65.0,8.5,0.6746915925476134,0.32530840745238665,435.4066985645933
9,7,9,85.0,65.0,8.5,0.6646206319548292,0.33537936804517077,435.4066985645933
10,7,9,95.0,65.0,8.5,0.6552657143844786,0.34473428561552144,435.4066985645933
11,7,9,105.0,65.0,8.5,0.6465464455841428,0.35345355441585724,435.4066985645933
12,7,9,115.0,65.0,8.5,0.638388491260852,0.36161150873914805,435.4066985645933
13,7,9,125.0,65.0,8.5,0.6307206745145668,0.3692793254854332,435.4066985645933
14,7,9,135.0,65.0,8.5,0.6234894876561631,0.3765105123438369,435.4066985645933
15,7,9,145.0,65.0,8.5,0.6166426683458821,0.3833573316541179,435.4066985645933
16,7,9,155.0,65.0,8.5,0.6101469451784047,0.38985305482159527,435.4066985645933
17,7,9,165.0,65.0,8.5,0.6039589344137739,0.3960410655862261,435.4066985645933
18,7,9,175.0,65.0,8.5,0.5980310312721021,0.4019689687278979,435.4066985645933
19,7,9,185.0,65.0,8.5,0.5923258153158725,0.4076741846841275,435.4066985645933
20,7,9,195.0,65.0,8.5,0.586812656058173,0.413187343941827,435.4066985645933
21,7,9,205.0,65.0,8.5,0.5814548304066707,0.4185451695933293,435.4066985645933
22,7,9,215.0,65.0,8.5,0.5762431366620981,0.42375686333790186,435.4066985645933
23,7,9,225.0,65.0,8.5,0.5712031592211049,0.4287968407788951,435.4066985645933
24,7,9,235.0,65.0,8.5,0.5663150673086419,0.4336849326913581,435.4066985645933
25,7,9,245.0,65.0,8.5,0.5615652377830292,0.43843476221697075,435.4066985645933
26,7,9,255.0,65.0,8.5,0.5569456481735027,0.44305435182649733,435.4066985645933
27,7,9,265.0,65.0,8.5,0.5524414613145118,0.4475585386854882,435.4066985645933
28,7,9,275.0,65.0,8.5,0.548026705115945,0.451973294884055,435.4066985645933
29,7,9,285.0,65.0,8.5,0.5436718789987959,0.4563281210012041,435.4066985645933
30,7,9,295.0,65.0,8.5,0.5393611045216563,0.4606388954783437,435.4066985645933
31,7,9,305.0,65.0,8.5,0.5350947226586978,0.46490527734130216,435.4066985645933
32,7,9,315.0,65.0,8.5,0.5308710985760328,0.46912890142396724,435.4066985645933
33,7,9,325.0,65.0,8.5,0.5266677889271978,0.4733322110728022,435.4066985645933
34,7,9,335.0,65.0,8.5,0.5224372527355329,0.4775627472644671,435.4066985645933
35,7,9,345.0,65.0,8.5,0.5181253721262774,0.4818746278737226,435.4066985645933
36,7,9,355.0,65.0,8.5,0.5137123792368535,0.48628762076314647,435.4066985645933
37,7,9,365.0,65.0,8.5,0.5091895157014567,0.49081048429854335,435.4066985645933
38,7,9,375.0,65.0,8.5,0.5045181223221399,0.4954818776778601,435.4066985645933
39,7,9,385.0,65.0,8.5,0.49960570224940587,0.5003942977505942,435.4066985645933
40,7,9,395.0,65.0,8.5,0.4942837133165763,0.5057162866834237,435.4066985645933
41,7,9,405.0,65.0,8.5,0.4883141144491164,0.5116858855508837,435.4066985645933
42,7,9,415.0,65.0,8.5,0.48139610225357643,0.5186038977464236,435.4066985645933
43,7,9,425.0,65.0,8.5,0.4730502007032504,0.5269497992967496,435.4066985645933
44,7,9,435.0,65.0,8.5,0.4623455881147586,0.5376544118852413,435.4066985645933
45,7,9,445.0,65.0,8.5,0.44752958961025713,0.5524704103897429,435.4066985645933
46,7,9,455.0,65.0,8.5,0.4257272793255586,0.5742727206744414,435.4066985645933
47,7,9,465.0,65.0,8.5,0.39332075747144746,0.6066792425285525,435.4066985645933
48,7,9,475.0,65.0,8.5,0.3481649792949907,0.6518350207050093,435.4066985645933
49,7,9,485.0,65.0,8.5,0.29366389871179616,0.7063361012882039,435.4066985645933
50,7,9,495.0,65.0,8.5,0.2361133549863124,0.7638866450136876,435.4066985645933
1,8,9,5.0,75.0,8.5,0.7371464054014756,0.2628535945985244,435.4066985645933
2,8,9,15.0,75.0,8.5,0.7265523775571335,0.27344762244286647,435.4066985645933
3,8,9,25.0,75.0,8.5,0.7143636717669674,0.28563632823303264,435.4066985645933
4,8,9,35.0,75.0,8.5,0.7018214909467447,0.29817850905325527,435.4066985645933
5,8,9,45.0,75.0,8.5,0.6896279227074111,0.31037207729258887,435.4066985645933
6,8,9,55.0,75.0,8.5,0.678101966005406,0.32189803399459405,435.4066985645933
7,8,9,65.0,75.0,8.5,0.6673438802653444,0.3326561197346556,435.4066985645933
8,8,9,75.0,75.0,8.5,0.6573426135266695,0.34265738647333055,435.4066985645933
9,8,9,85.0,75.0,8.5,0.648040255026885,0.351959744973115,435.4066985645933
10,8,9,95.0,75.0,8.5,0.639369573967501,0.36063042603249895,435.4066985645933
11,8,9,105.0,75.0,8.5,0.6312652551351603,0.3687347448648397,435.4066985645933
12,8,9,115.0,75.0,8.5,0.6236635777804216,0.3763364222195784,435.4066985645933
13,8,9,125.0,75.0,8.5,0.6164994750060183,0.3835005249939817,435.4066985645933
14,8,9,135.0,75.0,8.5,0.6097300221022347,0.3902699778977653,435.4066985645933
15,8,9,145.0,75.0,8.5,0.6033138422671179,0.39668615773288207,435.4066985645933
16,8,9,155.0,75.0,8.5,0.5972057323415463,0.4027942676584537,435.4066985645933
17,8,9,165.0,75.0,8.5,0.5913565514572172,0.4086434485427828,435.4066985645933
18,8,9,175.0,75.0,8.5,0.5857213351884375,0.4142786648115625,435.4066985645933
19,8,9,185.0,75.0,8.5,0.580262945787623,0.41973705421237695,435.4066985645933
20,8,9,195.0,75.0,8.5,0.5749582209865489,0.4250417790134511,435.4066985645933
21,8,9,205.0,75.0,8.5,0.5698377900140928,0.43016220998590715,435.4066985645933
22,8,9,215.0,75.0,8.5,0.5648864656871176,0.43511353431288236,435.4066985645933
23,8,9,225.0,75.0,8.5,0.5600787089111969,0.43992129108880307,435.4066985645933
24,8,9,235.0,75.0,8.5,0.5554062790684504,0.4445937209315496,435.4066985645933
25,8,9,245.0,75.0,8.5,0.5508637808949999,0.4491362191050001,435.4066985645933
26,8,9,255.0,75.0,8.5,0.5464288561568458,0.4535711438431542,435.4066985645933
27,8,9,265.0,75.0,8.5,0.5420643363696909,0.45793566363030913,435.4066985645933
28,8,9,275.0,75.0,8.5,0.5377431556663751,0.4622568443336249,435.4066985645933
29,8,9,285.0,75.0,8.5,0.5334600107597967,0.46653998924020335,435.4066985645933
30,8,9,295.0,75.0,8.5,0.5292194413169301,0.4707805586830699,435.4066985645933
31,8,9,305.0,75.0,8.5,0.525007461168586,0.474992538831414,435.4066985645933
32,8,9,315.0,75.0,8.5,0.520774114710083,0.47922588528991705,435.4066985645933
33,8,9,325.0,75.0,8.5,0.5164579104243123,0.4835420895756877,435.4066985645933
34,8,9,335.0,75.0,8.5,0.5120244965845507,0.48797550341544926,435.4066985645933
35,8,9,345.0,75.0,8.5,0.5074655228464391,0.4925344771535609,435.4066985645933
36,8,9,355.0,75.0,8.5,0.5027643917436185,0.49723560825638147,435.4066985645933
37,8,9,365.0,75.0,8.5,0.4978454016299978,0.5021545983700022,435.4066985645933
38,8,9,375.0,75.0,8.5,0.49255228134565326,0.5074477186543467,435.4066985645933
39,8,9,385.0,75.0,8.5,0.4866966834836698,0.5133033165163302,435.4066985645933
40,8,9,395.0,75.0,8.5,0.4800085828748077,0.5199914171251923,435.4066985645933
41,8,9,405.0,75.0,8.5,0.4720768990194892,0.5279231009805108,435.4066985645933
42,8,9,415.0,75.0,8.5,0.46225296619349426,0.5377470338065058,435.4066985645933
43,8,9,425.0,75.0,8.5,0.44944606802894543,0.5505539319710546,435.4066985645933
44,8,9,435.0,75.0,8.5,0.43186884931437924,0.5681311506856208,435.4066985645933
45,8,9,445.0,75.0,8.5,0.40714425849698593,0.592855741503014,435.4066985645933
46,8,9,455.0,75.0,8.5,0.3729975698112767,0.6270024301887234,435.4066985645933
47,8,9,465.0,75.0,8.5,0.3283365560681749,0.6716634439318251,435.4066985645933
48,8,9,475.0,75.0,8.5,0.27538385583491964,0.7246161441650804,435.4066985645933
49,8,9,485.0,75.0,8.5,0.22623573400102656,0.7737642659989734,435.4066985645933
50,8,9,495.0,75.0,8.5,0.20221726355450062,0.7977827364454994,435.4066985645933
1,9,9,5.0,85.0,8.5,0.7010176996696565,0.29898230033034345,435.4066985645933
2,9,9,15.0,85.0,8.5,0.6921766017887296,0.30782339821127036,435.4066985645933
3,9,9,25.0,85.0,8.5,0.6818504207426492,0.31814957925735077,435.4066985645933
4,9,9,35.0,85.0,8.5,0.6711132336358708,0.32888676636412917,435.4066985645933
5,9,9,45.0,85.0,8.5,0.6605581290517011,0.3394418709482989,435.4066985645933
6,9,9,55.0,85.0,8.5,0.6504703369757715,0.3495296630242285,435.4066985645933
7,9,9,65.0,85.0,8.5,0.6409630828917221,0.3590369171082779,435.4066985645933
8,9,9,75.0,85.0,8.5,0.6320571438476537,0.36794285615234634,435.4066985645933
9,9,9,85.0,85.0,8.5,0.6237189715622791,0.37628102843772093,435.4066985645933
10,9,9,95.0,85.0,8.5,0.6158998969945808,0.3841001030054192,435.4066985645933
11,9,9,105.0,85.0,8.5,0.608566559626835,0.39143344037316496,435.4066985645933
12,9,9,115.0,85.0,8.5,0.6016694215070584,0.3983305784929416,435.4066985645933
13,9,9,125.0,85.0,8.5,0.5951476996500784,0.4048523003499216,435.4066985645933
14,9,9,135.0,85.0,8.5,0.5889420920179447,0.4110579079820553,435.4066985645933
15,9,9,145.0,85.0,8.5,0.5830233253495823,0.41697667465041766,435.4066985645933
16,9,9,155.0,85.0,8.5,0.5773630669825052,0.42263693301749483,435.4066985645933
17,9,9,165.0,85.0,8.5,0.571880998839904,0.42811900116009605,435.4066985645933
18,9,9,175.0,85.0,8.5,0.5665533845409685,0.4334466154590315,435.4066985645933
19,9,9,185.0,85.0,8.5,0.5614173489964212,0.43858265100357885,435.4066985645933
20,9,9,195.0,85.0,8.5,0.5564793414876604,0.44352065851233957,435.4066985645933
21,9,9,205.0,85.0,8.5,0.5517305720641339,0.4482694279358661,435.4066985645933
22,9,9,215.0,85.0,8.5,0.5471260446901263,0.45287395530987373,435.4066985645933
23,9,9,225.0,85.0,8.5,0.5426087863557242,0.4573912136442758,435.4066985645933
24,9,9,235.0,85.0,8.5,0.5381573599988776,0.4618426400011224,435.4066985645933
25,9,9,245.0,85.0,8.5,0.5337931446168555,0.46620685538314455,435.4066985645933
26,9,9,255.0,85.0,8.5,0.5295314533062798,0.4704685466937202,435.4066985645933
27,9,9,265.0,85.0,8.5,0.5253348692142584,0.4746651307857416,435.4066985645933
28,9,9,275.0,85.0,8.5,0.5211197578489746,0.4788802421510254,435.4066985645933
29,9,9,285.0,85.0,8.5,0.5168154030761404,0.4831845969238596,435.4066985645933
30,9,9,295.0,85.0,8.5,0.5124176074462743,0.4875823925537257,435.4066985645933
31,9,9,305.0,85.0,8.5,0.5079638757413311,0.49203612425866894,435.4066985645933
32,9,9,315.0,85.0,8.5,0.5034513740014034,0.4965486259985966,435.4066985645933
33,9,9,325.0,85.0,8.5,0.49877509928563996,0.5012249007143601,435.4066985645933
34,9,9,335.0,85.0,8.5,0.4937410841824125,0.5062589158175874,435.4066985645933
35,9,9,345.0,85.0,8.5,0.48816071242143955,0.5118392875785605,435.4066985645933
36,9,9,355.0,85.0,8.5,0.4819382523854349,0.518061747614565,435.4066985645933
37,9,9,365.0,85.0,8.5,0.4750279897003013,0.5249720102996986,435.4066985645933
38,9,9,375.0,85.0,8.5,0.4672667684369889,0.5327332315630111,435.4066985645933
39,9,9,385.0,85.0,8.5,0.4581403662737817,0.5418596337262183,435.4066985645933
40,9,9,395.0,85.0,8.5,0.4466777636507326,0.5533222363492674,435.4066985645933
41,9,9,405.0,85.0,8.5,0.4314380981912105,0.5685619018087895,435.4066985645933
42,9,9,415.0,85.0,8.5,0.4101404052426887,0.5898595947573113,435.4066985645933
43,9,9,425.0,85.0,8.5,0.3813833196455303,0.6186166803544697,435.4066985645933
44,9,9,435.0,85.0,8.5,0.34463179410868294,0.6553682058913171,435.4066985645933
45,9,9,445.0,85.0,8.5,0.30229133463689817,0.6977086653631018,435.4066985645933
46,9,9,455.0,85.0,8.5,0.26148997403496244,0.7385100259650376,435.4066985645933
47,9,9,465.0,85.0,8.5,0.2297830968492558,0.7702169031507442,435.4066985645933
48,9,9,475.0,85.0,8.5,0.20965632156068714,0.7903436784393129,435.4066985645933
49,9,9,485.0,85.0,8.5,0.20110493452029438,0.7988950654797056,435.4066985645933
50,9,9,495.0,85.0,8.5,0.2000455912521114,0.7999544087478886,435.4066985645933
1,10,9,5.0,95.0,8.5,0.6393963277935122,0.3606036722064878,435.4066985645933
2,10,9,15.0,95.0,8.5,0.6326539985354352,0.36734600146456475,435.4066985645933
3,10,9,25.0,95.0,8.5,0.6245505486275748,0.37544945137242525,435.4066985645933
4,10,9,35.0,95.0,8.5,0.6159126083128877,0.38408739168711226,435.4066985645933
5,10,9,45.0,95.0,8.5,0.6072353752000231,0.39276462479997687,435.4066985645933
6,10,9,55.0,95.0,8.5,0.5987812003117475,0.40121879968825247,435.4066985645933
7,10,9,65.0,95.0,8.5,0.590681928740106,0.40931807125989395,435.4066985645933
8,10,9,75.0,95.0,8.5,0.5829967017266872,0.41700329827331284,435.4066985645933
9,10,9,85.0,95.0,8.5,0.575716561089069,0.424283438910931,435.4066985645933
10,10,9,95.0,95.0,8.5,0.5688161149202944,0.4311838850797056,435.4066985645933
11,10,9,105.0,95.0,8.5,0.5622844225445087,0.4377155774554913,435.4066985645933
12,10,9,115.0,95.0,8.5,0.5561051649284906,0.4438948350715094,435.4066985645933
13,10,9,125.0,95.0,8.5,0.5502069915428462,0.44979300845715375,435.4066985645933
14,10,9,135.0,95.0,8.5,0.544514632349208,0.45548536765079195,435.4066985645933
15,10,9,145.0,95.0,8.5,0.53899022560932,0.46100977439068,435.4066985645933
16,10,9,155.0,95.0,8.5,0.5336028807010302,0.46639711929896976,435.4066985645933
17,10,9,165.0,95.0,8.5,0.5283994741820509,0.4716005258179491,435.4066985645933
18,10,9,175.0,95.0,8.5,0.5233409539680748,0.4766590460319252,435.4066985645933
19,10,9,185.0,95.0,8.5,0.5184149454710235,0.4815850545289765,435.4066985645933
20,10,9,195.0,95.0,8.5,0.5136535568766377,0.4863464431233623,435.4066985645933
21,10,9,205.0,95.0,8.5,0.5090468170056286,0.4909531829943714,435.4066985645933
22,10,9,215.0,95.0,8.5,0.5045028013133442,0.49549719868665576,435.4066985645933
23,10,9,225.0,95.0,8.5,0.4999212293529358,0.5000787706470642,435.4066985645933
24,10,9,235.0,95.0,8.5,0.49528697982586006,0.5047130201741399,435.4066985645933
25,10,9,245.0,95.0,8.5,0.4906454987304605,0.5093545012695395,435.4066985645933
26,10,9,255.0,95.0,8.5,0.48598199698635713,0.5140180030136429,435.4066985645933
27,10,9,265.0,95.0,8.5,0.4811375933111835,0.5188624066888166,435.4066985645933
28,10,9,275.0,95.0,8.5,0.4758640929633745,0.5241359070366255,435.4066985645933
29,10,9,285.0,95.0,8.5,0.46997960185676246,0.5300203981432375,435.4066985645933
30,10,9,295.0,95.0,8.5,0.46341548560636275,0.5365845143936372,435.4066985645933
31,10,9,305.0,95.0,8.5,0.45606993985011857,0.5439300601498814,435.4066985645933
32,10,9,315.0,95.0,8.5,0.44755961326557275,0.5524403867344272,435.4066985645933
33,10,9,325.0,95.0,8.5,0.4370312516927889,0.5629687483072111,435.4066985645933
34,10,9,335.0,95.0,8.5,0.4232157015011352,0.5767842984988648,435.4066985645933
35,10,9,345.0,95.0,8.5,0.40473983195667534,0.5952601680433247,435.4066985645933
36,10,9,355.0,95.0,8.5,0.38047459322213634,0.6195254067778637,435.4066985645933
37,10,9,365.0,95.0,8.5,0.3500732329250062,0.6499267670749937,435.4066985645933
38,10,9,375.0,95.0,8.5,0.3150676975240359,0.6849323024759641,435.4066985645933
39,10,9,385.0,95.0,8.5,0.2797070440260698,0.7202929559739302,435.4066985645933
40,10,9,395.0,95.0,8.5,0.24924274146812042,0.7507572585318796,435.4066985645933
41,10,9,405.0,95.0,8.5,0.22656527437734775,0.7734347256226523,435.4066985645933
42,10,9,415.0,95.0,8.5,0.21256484644617984,0.7874351535538202,435.4066985645933
43,10,9,425.0,95.0,8.5,0.2048463201152526,0.7951536798847474,435.4066985645933
44,10,9,435.0,95.0,8.5,0.20142002839827075,0.7985799716017292,435.4066985645933
45,10,9,445.0,95.0,8.5,0.20037142326992138,0.7996285767300786,435.4066985645933
46,10,9,455.0,95.0,8.5,0.2001161862675694,0.7998838137324306,435.4066985645933
47,10,9,465.0,95.0,8.5,0.20004855498709034,0.7999514450129097,435.4066985645933
48,10,9,475.0,95.0,8.5,0.20003492763511826,0.7999650723648817,435.4066985645933
49,10,9,485.0,95.0,8.5,0.20003355391031516,0.7999664460896848,435.4066985645933
50,10,9,495.0,95.0,8.5,0.20003355944800602,0.799966440551994,435.4066985645933
1,1,10,5.0,5.0,9.5,0.681903379943336,0.31809662005666395,478.46889952153106
2,1,10,15.0,5.0,9.5,0.6733664511662123,0.3266335488337877,478.46889952153106
3,1,10,25.0,5.0,9.5,0.6635238233932942,0.3364761766067058,478.46889952153106
4,1,10,35.0,5.0,9.5,0.653378694180075,0.346621305819925,478.46889952153106
5,1,10,45.0,5.0,9.5,0.6434520727259997,0.3565479272740003,478.46889952153106
6,1,10,55.0,5.0,9.5,0.6339856350887247,0.36601436491127526,478.46889952153106
7,1,10,65.0,5.0,9.5,0.625063234042995,0.374936765957005,478.46889952153106
8,1,10,75.0,5.0,9.5,0.616692819437929,0.383307180562071,478.46889952153106
9,1,10,85.0,5.0,9.5,0.6088520182438328,0.39114798175616716,478.46889952153106
10,1,10,95.0,5.0,9.5,0.6015011493895078,0.3984988506104922,478.46889952153106
11,1,10,105.0,5.0,9.5,0.5945859803104402,0.4054140196895598,478.46889952153106
12,1,10,115.0,5.0,9.5,0.5880574494225083,0.41194255057749174,478.46889952153106
13,1,10,125.0,5.0,9.5,0.5818913586131238,0.4181086413868762,478.46889952153106
14,1,10,135.0,5.0,9.5,0.5760580327933065,0.4239419672066935,478.46889952153106
15,1,10,145.0,5.0,9.5,0.5704998877938473,0.4295001122061527,478.46889952153106
16,1,10,155.0,5.0,9.5,0.5651690117527917,0.43483098824720834,478.46889952153106
17,1,10,165.0,5.0,9.5,0.5600521122849343,0.43994788771506566,478.46889952153106
18,1,10,175.0,5.0,9.5,0.5551268205114263,0.44487317948857374,478.46889952153106
19,1,10,185.0,5.0,9.5,0.550326744171156,0.449673255828844,478.46889952153106
20,1,10,195.0,5.0,9.5,0.5456646209590358,0.4543353790409642,478.46889952153106
21,1,10,205.0,5.0,9.5,0.5411438794010147,0.4588561205989853,478.46889952153106
22,1,10,215.0,5.0,9.5,0.5367794008632558,0.4632205991367442,478.46889952153106
23,1,10,225.0,5.0,9.5,0.5325786974912537,0.46742130250874625,478.46889952153106
24,1,10,235.0,5.0,9.5,0.5285067312179142,0.47149326878208575,478.46889952153106
25,1,10,245.0,5.0,9.5,0.5245046867592008,0.4754953132407992,478.46889952153106
26,1,10,255.0,5.0,9.5,0.5205465160046743,0.4794534839953257,478.46889952153106
27,1,10,265.0,5.0,9.5,0.516658759239152,0.48334124076084795,478.46889952153106
28,1,10,275.0,5.0,9.5,0.5128740217876611,0.48712597821233894,478.46889952153106
29,1,10,285.0,5.0,9.5,0.5091734138968053,0.49082658610319474,478.46889952153106
30,1,10,295.0,5.0,9.5,0.5054758048375653,0.49452419516243473,478.46889952153106
31,1,10,305.0,5.0,9.5,0.5016983604990715,0.49830163950092854,478.46889952153106
32,1,10,315.0,5.0,9.5,0.49782543130655477,0.5021745686934452,478.46889952153106
33,1,10,325.0,5.0,9.5,0.4939011355182062,0.5060988644817939,478.46889952153106
34,1,10,335.0,5.0,9.5,0.4899509711809383,0.5100490288190618,478.46889952153106
35,1,10,345.0,5.0,9.5,0.48590269865263924,0.5140973013473608,478.46889952153106
36,1,10,355.0,5.0,9.5,0.4815791782043429,0.5184208217956572,478.46889952153106
37,1,10,365.0,5.0,9.5,0.4767886237096305,0.5232113762903695,478.46889952153106
38,1,10,375.0,5.0,9.5,0.4714261169811202,0.5285738830188798,478.46889952153106
39,1,10,385.0,5.0,9.5,0.4654645771176792,0.5345354228823208,478.46889952153106
40,1,10,395.0,5.0,9.5,0.4588252761888703,0.5411747238111297,478.46889952153106
41,1,10,405.0,5.0,9.5,0.45119949761730055,0.5488005023826994,478.46889952153106
42,1,10,415.0,5.0,9.5,0.4418909542707125,0.5581090457292874,478.46889952153106
43,1,10,425.0,5.0,9.5,0.42973076515918035,0.5702692348408196,478.46889952153106
44,1,10,435.0,5.0,9.5,0.4133413953907821,0.5866586046092179,478.46889952153106
45,1,10,445.0,5.0,9.5,0.3909502921760843,0.6090497078239157,478.46889952153106
46,1,10,455.0,5.0,9.5,0.3605774929354892,0.6394225070645108,478.46889952153106
47,1,10,465.0,5.0,9.5,0.32112767753796,0.67887232246204,478.46889952153106
48,1,10,475.0,5.0,9.5,0.27574827098095767,0.7242517290190423,478.46889952153106
49,1,10,485.0,5.0,9.5,0.23416209883180716,0.7658379011681928,478.46889952153106
50,1,10,495.0,5.0,9.5,0.20621703194655208,0.793782968053448,478.46889952153106
1,2,10,5.0,15.0,9.5,0.734083752172245,0.265916247827755,478.46889952153106
2,2,10,15.0,15.0,9.5,0.7235560550033546,0.2764439449966454,478.46889952153106
3,2,10,25.0,15.0,9.5,0.7116185302195059,0.28838146978049406,478.46889952153106
4,2,10,35.0,15.0,9.5,0.6995066268915289,0.30049337310847113,478.46889952153106
5,2,10,45.0,15.0,9.5,0.6878394599515363,0.3121605400484637,478.46889952153106
6,2,10,55.0,15.0,9.5,0.6768795958028967,0.3231204041971033,478.46889952153106
7,2,10,65.0,15.0,9.5,0.6666912864088888,0.33330871359111125,478.46889952153106
8,2,10,75.0,15.0,9.5,0.6572453512794897,0.3427546487205103,478.46889952153106
9,2,10,85.0,15.0,9.5,0.6484817893408678,0.35151821065913225,478.46889952153106
10,2,10,95.0,15.0,9.5,0.6403271213800508,0.35967287861994923,478.46889952153106
11,2,10,105.0,15.0,9.5,0.6327117323890833,0.3672882676109167,478.46889952153106
12,2,10,115.0,15.0,9.5,0.6255688857092334,0.3744311142907666,478.46889952153106
13,2,10,125.0,15.0,9.5,0.6188582883995094,0.3811417116004906,478.46889952153106
14,2,10,135.0,15.0,9.5,0.6125247085191965,0.3874752914808035,478.46889952153106
15,2,10,145.0,15.0,9.5,0.606517725340559,0.39348227465944097,478.46889952153106
16,2,10,155.0,15.0,9.5,0.6007975850941402,0.39920241490585984,478.46889952153106
17,2,10,165.0,15.0,9.5,0.5953432255233405,0.4046567744766595,478.46889952153106
18,2,10,175.0,15.0,9.5,0.590130268031906,0.40986973196809395,478.46889952153106
19,2,10,185.0,15.0,9.5,0.5851105312716917,0.41488946872830834,478.46889952153106
20,2,10,195.0,15.0,9.5,0.5802247266373669,0.4197752733626331,478.46889952153106
21,2,10,205.0,15.0,9.5,0.575474904496422,0.424525095503578,478.46889952153106
22,2,10,215.0,15.0,9.5,0.5708950314461171,0.4291049685538829,478.46889952153106
23,2,10,225.0,15.0,9.5,0.5664875905925003,0.4335124094074997,478.46889952153106
24,2,10,235.0,15.0,9.5,0.5622217540678557,0.4377782459321443,478.46889952153106
25,2,10,245.0,15.0,9.5,0.5580611200442834,0.44193887995571657,478.46889952153106
26,2,10,255.0,15.0,9.5,0.5539907398116337,0.4460092601883663,478.46889952153106
27,2,10,265.0,15.0,9.5,0.5500216416418181,0.4499783583581819,478.46889952153106
28,2,10,275.0,15.0,9.5,0.5461645911488177,0.45383540885118234,478.46889952153106
29,2,10,285.0,15.0,9.5,0.5424009696271844,0.4575990303728156,478.46889952153106
30,2,10,295.0,15.0,9.5,0.5386866436367849,0.46131335636321513,478.46889952153106
31,2,10,305.0,15.0,9.5,0.5349840020686628,0.4650159979313372,478.46889952153106
32,2,10,315.0,15.0,9.5,0.5312945410909481,0.4687054589090519,478.46889952153106
33,2,10,325.0,15.0,9.5,0.5276445991664254,0.47235540083357463,478.46889952153106
34,2,10,335.0,15.0,9.5,0.5240471162604162,0.4759528837395838,478.46889952153106
35,2,10,345.0,15.0,9.5,0.520470850429602,0.47952914957039805,478.46889952153106
36,2,10,355.0,15.0,9.5,0.5168466627771946,0.4831533372228054,478.46889952153106
37,2,10,365.0,15.0,9.5,0.5131132274144038,0.4868867725855962,478.46889952153106
38,2,10,375.0,15.0,9.5,0.5092638031310601,0.4907361968689399,478.46889952153106
39,2,10,385.0,15.0,9.5,0.505331239021763,0.494668760978237,478.46889952153106
40,2,10,395.0,15.0,9.5,0.501327050511215,0.49867294948878504,478.46889952153106
41,2,10,405.0,15.0,9.5,0.4971866519124833,0.5028133480875168,478.46889952153106
42,2,10,415.0,15.0,9.5,0.49274941529540967,0.5072505847045903,478.46889952153106
43,2,10,425.0,15.0,9.5,0.48778134311679583,0.5122186568832041,478.46889952153106
44,2,10,435.0,15.0,9.5,0.4817396685869674,0.5182603314130326,478.46889952153106
45,2,10,445.0,15.0,9.5,0.4735144516858781,0.526485548314122,478.46889952153106
46,2,10,455.0,15.0,9.5,0.46106471414414985,0.5389352858558502,478.46889952153106
47,2,10,465.0,15.0,9.5,0.4408862077221695,0.5591137922778304,478.46889952153106
48,2,10,475.0,15.0,9.5,0.4086826411975823,0.5913173588024176,478.46889952153106
49,2,10,485.0,15.0,9.5,0.3611176485823776,0.6388823514176224,478.46889952153106
50,2,10,495.0,15.0,9.5,0.2877607669368245,0.7122392330631755,478.46889952153106
1,3,10,5.0,25.0,9.5,0.7632338379184309,0.2367661620815691,478.46889952153106
2,3,10,15.0,25.0,9.5,0.751612220166002,0.24838777983399796,478.46889952153106
3,3,10,25.0,25.0,9.5,0.7383481495281197,0.26165185047188033,478.46889952153106
4,3,10,35.0,25.0,9.5,0.7248253965413046,0.2751746034586954,478.46889952153106
5,3,10,45.0,25.0,9.5,0.7118378075378834,0.2881621924621166,478.46889952153106
6,3,10,55.0,25.0,9.5,0.6997157880602454,0.30028421193975463,478.46889952153106
7,3,10,65.0,25.0,9.5,0.6885272410389489,0.3114727589610511,478.46889952153106
8,3,10,75.0,25.0,9.5,0.6782205018330318,0.32177949816696816,478.46889952153106
9,3,10,85.0,25.0,9.5,0.6687080087704877,0.33129199122951225,478.46889952153106
10,3,10,95.0,25.0,9.5,0.6598923138570283,0.3401076861429717,478.46889952153106
11,3,10,105.0,25.0,9.5,0.6516803942657187,0.34831960573428133,478.46889952153106
12,3,10,115.0,25.0,9.5,0.6439974810235078,0.35600251897649215,478.46889952153106
13,3,10,125.0,25.0,9.5,0.6367829726663681,0.3632170273336319,478.46889952153106
14,3,10,135.0,25.0,9.5,0.6299842067595035,0.3700157932404965,478.46889952153106
15,3,10,145.0,25.0,9.5,0.6235509362664041,0.3764490637335959,478.46889952153106
16,3,10,155.0,25.0,9.5,0.617440001005623,0.382559998994377,478.46889952153106
17,3,10,165.0,25.0,9.5,0.6116206970062391,0.3883793029937609,478.46889952153106
18,3,10,175.0,25.0,9.5,0.6060587268099296,0.39394127319007044,478.46889952153106
19,3,10,185.0,25.0,9.5,0.6007208738180515,0.3992791261819485,478.46889952153106
20,3,10,195.0,25.0,9.5,0.5955772090590805,0.4044227909409195,478.46889952153106
21,3,10,205.0,25.0,9.5,0.5906012897608895,0.40939871023911045,478.46889952153106
22,3,10,215.0,25.0,9.5,0.5857610367206756,0.4142389632793244,478.46889952153106
23,3,10,225.0,25.0,9.5,0.5810539377978738,0.41894606220212616,478.46889952153106
24,3,10,235.0,25.0,9.5,0.576498261100327,0.423501738899673,478.46889952153106
25,3,10,245.0,25.0,9.5,0.5720788463118802,0.4279211536881198,478.46889952153106
26,3,10,255.0,25.0,9.5,0.5677843586532462,0.43221564134675383,478.46889952153106
27,3,10,265.0,25.0,9.5,0.5636056599647352,0.4363943400352648,478.46889952153106
28,3,10,275.0,25.0,9.5,0.5595289525433221,0.44047104745667787,478.46889952153106
29,3,10,285.0,25.0,9.5,0.555538766378391,0.44446123362160905,478.46889952153106
30,3,10,295.0,25.0,9.5,0.5516228462590161,0.44837715374098386,478.46889952153106
31,3,10,305.0,25.0,9.5,0.5477728953694977,0.4522271046305023,478.46889952153106
32,3,10,315.0,25.0,9.5,0.5439853705965774,0.45601462940342263,478.46889952153106
33,3,10,325.0,25.0,9.5,0.5402510719352414,0.45974892806475864,478.46889952153106
34,3,10,335.0,25.0,9.5,0.5365533868818129,0.46344661311818713,478.46889952153106
35,3,10,345.0,25.0,9.5,0.5328753589146001,0.46712464108539986,478.46889952153106
36,3,10,355.0,25.0,9.5,0.5292085672160468,0.4707914327839532,478.46889952153106
37,3,10,365.0,25.0,9.5,0.525549637148555,0.47445036285144504,478.46889952153106
38,3,10,375.0,25.0,9.5,0.5218926195835252,0.4781073804164748,478.46889952153106
39,3,10,385.0,25.0,9.5,0.5182142214349797,0.48178577856502025,478.46889952153106
40,3,10,395.0,25.0,9.5,0.5144779569416384,0.48552204305836155,478.46889952153106
41,3,10,405.0,25.0,9.5,0.5106540806582293,0.48934591934177074,478.46889952153106
42,3,10,415.0,25.0,9.5,0.5067211344573005,0.4932788655426995,478.46889952153106
43,3,10,425.0,25.0,9.5,0.5026429961454815,0.49735700385451853,478.46889952153106
44,3,10,435.0,25.0,9.5,0.498152757002409,0.501847242997591,478.46889952153106
45,3,10,445.0,25.0,9.5,0.4928483869893945,0.5071516130106055,478.46889952153106
46,3,10,455.0,25.0,9.5,0.4856551773092042,0.5143448226907958,478.46889952153106
47,3,10,465.0,25.0,9.5,0.4739834920305581,0.5260165079694419,478.46889952153106
48,3,10,475.0,25.0,9.5,0.4526362807998746,0.5473637192001254,478.46889952153106
49,3,10,485.0,25.0,9.5,0.4140392989608786,0.5859607010391215,478.46889952153106
50,3,10,495.0,25.0,9.5,0.34576042148416813,0.6542395785158319,478.46889952153106
1,4,10,5.0,35.0,9.5,0.7822318855174683,0.21776811448253175,478.46889952153106
2,4,10,15.0,35.0,9.5,0.7706259933090586,0.22937400669094143,478.46889952153106
3,4,10,25.0,35.0,9.5,0.7567211753400453,0.24327882465995465,478.46889952153106
4,4,10,35.0,35.0,9.5,0.7422226258721012,0.2577773741278988,478.46889952153106
5,4,10,45.0,35.0,9.5,0.7282205036290759,0.27177949637092413,478.46889952153106
6,4,10,55.0,35.0,9.5,0.7152798946274067,0.2847201053725933,478.46889952153106
7,4,10,65.0,35.0,9.5,0.7034269968629185,0.29657300313708146,478.46889952153106
8,4,10,75.0,35.0,9.5,0.6925499057439176,0.3074500942560824,478.46889952153106
9,4,10,85.0,35.0,9.5,0.68252933840844,0.31747066159156,478.46889952153106
10,4,10,95.0,35.0,9.5,0.6732418245444257,0.3267581754555743,478.46889952153106
11,4,10,105.0,35.0,9.5,0.6645949207857547,0.33540507921424534,478.46889952153106
12,4,10,115.0,35.0,9.5,0.6565103271582234,0.34348967284177656,478.46889952153106
13,4,10,125.0,35.0,9.5,0.6489170418406405,0.3510829581593595,478.46889952153106
14,4,10,135.0,35.0,9.5,0.6417523455814403,0.35824765441855966,478.46889952153106
15,4,10,145.0,35.0,9.5,0.6349717118768853,0.3650282881231147,478.46889952153106
16,4,10,155.0,35.0,9.5,0.6285345584353182,0.37146544156468175,478.46889952153106
17,4,10,165.0,35.0,9.5,0.62240514423504,0.37759485576496,478.46889952153106
18,4,10,175.0,35.0,9.5,0.616554984752919,0.38344501524708097,478.46889952153106
19,4,10,185.0,35.0,9.5,0.6109512628929273,0.38904873710707266,478.46889952153106
20,4,10,195.0,35.0,9.5,0.6055644490980141,0.3944355509019859,478.46889952153106
21,4,10,205.0,35.0,9.5,0.6003718257213374,0.3996281742786626,478.46889952153106
22,4,10,215.0,35.0,9.5,0.5953522496546184,0.4046477503453816,478.46889952153106
23,4,10,225.0,35.0,9.5,0.5904745119406289,0.40952548805937106,478.46889952153106
24,4,10,235.0,35.0,9.5,0.5857159774749489,0.41428402252505114,478.46889952153106
25,4,10,245.0,35.0,9.5,0.5810982209536804,0.41890177904631964,478.46889952153106
26,4,10,255.0,35.0,9.5,0.5766182642374704,0.4233817357625296,478.46889952153106
27,4,10,265.0,35.0,9.5,0.5722679802814412,0.4277320197185588,478.46889952153106
28,4,10,275.0,35.0,9.5,0.5680374280348949,0.4319625719651051,478.46889952153106
29,4,10,285.0,35.0,9.5,0.5639100012715433,0.43608999872845666,478.46889952153106
30,4,10,295.0,35.0,9.5,0.5598659926199232,0.4401340073800768,478.46889952153106
31,4,10,305.0,35.0,9.5,0.5558939374830232,0.4441060625169768,478.46889952153106
32,4,10,315.0,35.0,9.5,0.5519926340766386,0.44800736592336143,478.46889952153106
33,4,10,325.0,35.0,9.5,0.5481639168357756,0.4518360831642244,478.46889952153106
34,4,10,335.0,35.0,9.5,0.5444010591543955,0.4555989408456045,478.46889952153106
35,4,10,345.0,35.0,9.5,0.5406846144689944,0.4593153855310056,478.46889952153106
36,4,10,355.0,35.0,9.5,0.536990526897058,0.46300947310294205,478.46889952153106
37,4,10,365.0,35.0,9.5,0.5333065105787145,0.4666934894212855,478.46889952153106
38,4,10,375.0,35.0,9.5,0.5296399127513927,0.47036008724860734,478.46889952153106
39,4,10,385.0,35.0,9.5,0.5260009404587334,0.47399905954126664,478.46889952153106
40,4,10,395.0,35.0,9.5,0.5223821253934519,0.47761787460654814,478.46889952153106
41,4,10,405.0,35.0,9.5,0.5187504097070819,0.48124959029291814,478.46889952153106
42,4,10,415.0,35.0,9.5,0.5150599977890961,0.48494000221090394,478.46889952153106
43,4,10,425.0,35.0,9.5,0.5112813598786572,0.4887186401213428,478.46889952153106
44,4,10,435.0,35.0,9.5,0.5074047555556196,0.4925952444443804,478.46889952153106
45,4,10,445.0,35.0,9.5,0.5032045091048338,0.49679549089516617,478.46889952153106
46,4,10,455.0,35.0,9.5,0.49818082227485466,0.5018191777251453,478.46889952153106
47,4,10,465.0,35.0,9.5,0.49107631491522447,0.5089236850847756,478.46889952153106
48,4,10,475.0,35.0,9.5,0.4780400101909311,0.5219599898090689,478.46889952153106
49,4,10,485.0,35.0,9.5,0.4511744919752323,0.5488255080247677,478.46889952153106
50,4,10,495.0,35.0,9.5,0.39672998362945966,0.6032700163705403,478.46889952153106
1,5,10,5.0,45.0,9.5,0.7948426786362813,0.20515732136371867,478.46889952153106
2,5,10,15.0,45.0,9.5,0.7851349918337452,0.21486500816625476,478.46889952153106
3,5,10,25.0,45.0,9.5,0.7715463864141613,0.2284536135858387,478.46889952153106
4,5,10,35.0,45.0,9.5,0.75674312820106,0.24325687179893996,478.46889952153106
5,5,10,45.0,45.0,9.5,0.7423726970288026,0.2576273029711974,478.46889952153106
6,5,10,55.0,45.0,9.5,0.7288859563032514,0.27111404369674863,478.46889952153106
7,5,10,65.0,45.0,9.5,0.7164828236622764,0.28351717633772355,478.46889952153106
8,5,10,75.0,45.0,9.5,0.7051392861701355,0.29486071382986445,478.46889952153106
9,5,10,85.0,45.0,9.5,0.6947304817702932,0.3052695182297068,478.46889952153106
10,5,10,95.0,45.0,9.5,0.6851232651133691,0.3148767348866309,478.46889952153106
11,5,10,105.0,45.0,9.5,0.6762067223900698,0.32379327760993015,478.46889952153106
12,5,10,115.0,45.0,9.5,0.6678888631868171,0.33211113681318294,478.46889952153106
13,5,10,125.0,45.0,9.5,0.6600907926675088,0.3399092073324912,478.46889952153106
14,5,10,135.0,45.0,9.5,0.6527538728981965,0.34724612710180347,478.46889952153106
15,5,10,145.0,45.0,9.5,0.6458136022065334,0.3541863977934666,478.46889952153106
16,5,10,155.0,45.0,9.5,0.6392318730060566,0.36076812699394345,478.46889952153106
17,5,10,165.0,45.0,9.5,0.63296535463306,0.36703464536693997,478.46889952153106
18,5,10,175.0,45.0,9.5,0.6269852976095374,0.37301470239046264,478.46889952153106
19,5,10,185.0,45.0,9.5,0.6212577998523298,0.37874220014767024,478.46889952153106
20,5,10,195.0,45.0,9.5,0.615749203265532,0.38425079673446805,478.46889952153106
21,5,10,205.0,45.0,9.5,0.6104330465059031,0.38956695349409687,478.46889952153106
22,5,10,215.0,45.0,9.5,0.6052908690239489,0.3947091309760511,478.46889952153106
23,5,10,225.0,45.0,9.5,0.6003042067145693,0.3996957932854307,478.46889952153106
24,5,10,235.0,45.0,9.5,0.5954438715693288,0.40455612843067124,478.46889952153106
25,5,10,245.0,45.0,9.5,0.5907032666612964,0.40929673333870364,478.46889952153106
26,5,10,255.0,45.0,9.5,0.5860986313006519,0.4139013686993481,478.46889952153106
27,5,10,265.0,45.0,9.5,0.5816208223479987,0.4183791776520013,478.46889952153106
28,5,10,275.0,45.0,9.5,0.5772639214098267,0.42273607859017326,478.46889952153106
29,5,10,285.0,45.0,9.5,0.5730194325153827,0.4269805674846173,478.46889952153106
30,5,10,295.0,45.0,9.5,0.568870917596902,0.431129082403098,478.46889952153106
31,5,10,305.0,45.0,9.5,0.5647986764367783,0.4352013235632217,478.46889952153106
32,5,10,315.0,45.0,9.5,0.5607905546934518,0.43920944530654815,478.46889952153106
33,5,10,325.0,45.0,9.5,0.5568438964080228,0.4431561035919772,478.46889952153106
34,5,10,335.0,45.0,9.5,0.5529615306227293,0.44703846937727065,478.46889952153106
35,5,10,345.0,45.0,9.5,0.5491363078760606,0.4508636921239394,478.46889952153106
36,5,10,355.0,45.0,9.5,0.5453454877901719,0.4546545122098281,478.46889952153106
37,5,10,365.0,45.0,9.5,0.5415607630545992,0.4584392369454008,478.46889952153106
38,5,10,375.0,45.0,9.5,0.5377622830876873,0.46223771691231275,478.46889952153106
39,5,10,385.0,45.0,9.5,0.5339505982642586,0.4660494017357414,478.46889952153106
40,5,10,395.0,45.0,9.5,0.5301317759471972,0.4698682240528028,478.46889952153106
41,5,10,405.0,45.0,9.5,0.5262919722912905,0.47370802770870946,478.46889952153106
42,5,10,415.0,45.0,9.5,0.5223830244208331,0.47761697557916694,478.46889952153106
43,5,10,425.0,45.0,9.5,0.5183356601220132,0.48166433987798685,478.46889952153106
44,5,10,435.0,45.0,9.5,0.5140831371681772,0.4859168628318228,478.46889952153106
45,5,10,445.0,45.0,9.5,0.5095578608736244,0.4904421391263756,478.46889952153106
46,5,10,455.0,45.0,9.5,0.5045799136764865,0.49542008632351353,478.46889952153106
47,5,10,465.0,45.0,9.5,0.4981762383843606,0.5018237616156394,478.46889952153106
48,5,10,475.0,45.0,9.5,0.4873142710949069,0.5126857289050931,478.46889952153106
49,5,10,485.0,45.0,9.5,0.46399720184995563,0.5360027981500444,478.46889952153106
50,5,10,495.0,45.0,9.5,0.41467064424393835,0.5853293557560617,478.46889952153106
1,6,10,5.0,55.0,9.5,0.7830248594206176,0.2169751405793824,478.46889952153106
2,6,10,15.0,55.0,9.5,0.7720452533905733,0.22795474660942672,478.46889952153106
3,6,10,25.0,55.0,9.5,0.7588496206863767,0.24115037931362326,478.46889952153106
4,6,10,35.0,55.0,9.5,0.7449717580975319,0.2550282419024681,478.46889952153106
5,6,10,45.0,55.0,9.5,0.7314539326361238,0.2685460673638762,478.46889952153106
6,6,10,55.0,55.0,9.5,0.7187533694039375,0.2812466305960625,478.46889952153106
7,6,10,65.0,55.0,9.5,0.7069950927161363,0.29300490728386375,478.46889952153106
8,6,10,75.0,55.0,9.5,0.6961569817010489,0.3038430182989511,478.46889952153106
9,6,10,85.0,55.0,9.5,0.6861427260504469,0.3138572739495531,478.46889952153106
10,6,10,95.0,55.0,9.5,0.6768464385191916,0.3231535614808084,478.46889952153106
11,6,10,105.0,55.0,9.5,0.668177031111055,0.331822968888945,478.46889952153106
12,6,10,115.0,55.0,9.5,0.6600578884397227,0.3399421115602773,478.46889952153106
13,6,10,125.0,55.0,9.5,0.6524308024512198,0.34756919754878024,478.46889952153106
14,6,10,135.0,55.0,9.5,0.6452318174462299,0.3547681825537701,478.46889952153106
15,6,10,145.0,55.0,9.5,0.6384169701060846,0.36158302989391544,478.46889952153106
16,6,10,155.0,55.0,9.5,0.6319397544005293,0.3680602455994707,478.46889952153106
17,6,10,165.0,55.0,9.5,0.6257737219799652,0.37422627802003483,478.46889952153106
18,6,10,175.0,55.0,9.5,0.6198867563431394,0.3801132436568606,478.46889952153106
19,6,10,185.0,55.0,9.5,0.614244114558804,0.385755885441196,478.46889952153106
20,6,10,195.0,55.0,9.5,0.608815019569321,0.39118498043067895,478.46889952153106
21,6,10,205.0,55.0,9.5,0.6035775038305402,0.3964224961694598,478.46889952153106
22,6,10,215.0,55.0,9.5,0.5985129795808906,0.40148702041910944,478.46889952153106
23,6,10,225.0,55.0,9.5,0.593596794764868,0.40640320523513196,478.46889952153106
24,6,10,235.0,55.0,9.5,0.5887960356714796,0.41120396432852035,478.46889952153106
25,6,10,245.0,55.0,9.5,0.5841224049774854,0.41587759502251465,478.46889952153106
26,6,10,255.0,55.0,9.5,0.5795841112231765,0.42041588877682345,478.46889952153106
27,6,10,265.0,55.0,9.5,0.5751726513708649,0.42482734862913507,478.46889952153106
28,6,10,275.0,55.0,9.5,0.5708812478694252,0.4291187521305748,478.46889952153106
29,6,10,285.0,55.0,9.5,0.5666958521226292,0.4333041478773708,478.46889952153106
30,6,10,295.0,55.0,9.5,0.5625963035181599,0.4374036964818401,478.46889952153106
31,6,10,305.0,55.0,9.5,0.5585648003750905,0.4414351996249095,478.46889952153106
32,6,10,315.0,55.0,9.5,0.5545954557500957,0.4454045442499043,478.46889952153106
33,6,10,325.0,55.0,9.5,0.5506933829946773,0.4493066170053227,478.46889952153106
34,6,10,335.0,55.0,9.5,0.5468579218780586,0.4531420781219414,478.46889952153106
35,6,10,345.0,55.0,9.5,0.5430708489866108,0.45692915101338916,478.46889952153106
36,6,10,355.0,55.0,9.5,0.5392977081955359,0.4607022918044641,478.46889952153106
37,6,10,365.0,55.0,9.5,0.5355159441300122,0.46448405586998776,478.46889952153106
38,6,10,375.0,55.0,9.5,0.5317192693221197,0.46828073067788034,478.46889952153106
39,6,10,385.0,55.0,9.5,0.5279080039615534,0.47209199603844665,478.46889952153106
40,6,10,395.0,55.0,9.5,0.5240684390855693,0.4759315609144307,478.46889952153106
41,6,10,405.0,55.0,9.5,0.5201522327081085,0.4798477672918915,478.46889952153106
42,6,10,415.0,55.0,9.5,0.5160787320480861,0.4839212679519139,478.46889952153106
43,6,10,425.0,55.0,9.5,0.5117481364643678,0.4882518635356322,478.46889952153106
44,6,10,435.0,55.0,9.5,0.5070297863273102,0.4929702136726898,478.46889952153106
45,6,10,445.0,55.0,9.5,0.5016465705111904,0.49835342948880956,478.46889952153106
46,6,10,455.0,55.0,9.5,0.49485518551179636,0.5051448144882036,478.46889952153106
47,6,10,465.0,55.0,9.5,0.48470447312999326,0.5152955268700068,478.46889952153106
48,6,10,475.0,55.0,9.5,0.4666839991428345,0.5333160008571656,478.46889952153106
49,6,10,485.0,55.0,9.5,0.4330078963000798,0.5669921036999201,478.46889952153106
50,6,10,495.0,55.0,9.5,0.37335375532873477,0.6266462446712653,478.46889952153106
1,7,10,5.0,65.0,9.5,0.7660086108496958,0.23399138915030415,478.46889952153106
2,7,10,15.0,65.0,9.5,0.7551969058575684,0.24480309414243162,478.46889952153106
3,7,10,25.0,65.0,9.5,0.7426806850409498,0.25731931495905025,478.46889952153106
4,7,10,35.0,65.0,9.5,0.729731185264344,0.270268814735656,478.46889952153106
5,7,10,45.0,65.0,9.5,0.7171272108309674,0.2828727891690326,478.46889952153106
6,7,10,55.0,65.0,9.5,0.7052359870446488,0.29476401295535115,478.46889952153106
7,7,10,65.0,65.0,9.5,0.6941765661266255,0.3058234338733745,478.46889952153106
8,7,10,75.0,65.0,9.5,0.6839255177470959,0.31607448225290413,478.46889952153106
9,7,10,85.0,65.0,9.5,0.6744151228479363,0.32558487715206375,478.46889952153106
10,7,10,95.0,65.0,9.5,0.6655626149409555,0.3344373850590445,478.46889952153106
11,7,10,105.0,65.0,9.5,0.6572959674189941,0.3427040325810059,478.46889952153106
12,7,10,115.0,65.0,9.5,0.64954387389907,0.35045612610093,478.46889952153106
13,7,10,125.0,65.0,9.5,0.6422484831963797,0.3577515168036203,478.46889952153106
14,7,10,135.0,65.0,9.5,0.6353565626013615,0.36464343739863847,478.46889952153106
15,7,10,145.0,65.0,9.5,0.6288290650790261,0.37117093492097386,478.46889952153106
16,7,10,155.0,65.0,9.5,0.6226239649423743,0.37737603505762574,478.46889952153106
17,7,10,165.0,65.0,9.5,0.6167096853361825,0.38329031466381747,478.46889952153106
18,7,10,175.0,65.0,9.5,0.6110513933998827,0.3889486066001173,478.46889952153106
19,7,10,185.0,65.0,9.5,0.6056191090773175,0.39438089092268247,478.46889952153106
20,7,10,195.0,65.0,9.5,0.6003895426292091,0.39961045737079093,478.46889952153106
21,7,10,205.0,65.0,9.5,0.5953391319075951,0.40466086809240487,478.46889952153106
22,7,10,215.0,65.0,9.5,0.5904355536259429,0.4095644463740571,478.46889952153106
23,7,10,225.0,65.0,9.5,0.5856482040168793,0.41435179598312066,478.46889952153106
24,7,10,235.0,65.0,9.5,0.5809968967739655,0.4190031032260345,478.46889952153106
25,7,10,245.0,65.0,9.5,0.576488900994655,0.423511099005345,478.46889952153106
26,7,10,255.0,65.0,9.5,0.5721130758902631,0.42788692410973694,478.46889952153106
27,7,10,265.0,65.0,9.5,0.5678560468472789,0.43214395315272114,478.46889952153106
28,7,10,275.0,65.0,9.5,0.5637004086259283,0.4362995913740717,478.46889952153106
29,7,10,285.0,65.0,9.5,0.5596286260919746,0.4403713739080254,478.46889952153106
30,7,10,295.0,65.0,9.5,0.5556312728629101,0.44436872713708986,478.46889952153106
31,7,10,305.0,65.0,9.5,0.5517061309829611,0.44829386901703894,478.46889952153106
32,7,10,315.0,65.0,9.5,0.5478485214141787,0.4521514785858213,478.46889952153106
33,7,10,325.0,65.0,9.5,0.5440458882841495,0.45595411171585054,478.46889952153106
34,7,10,335.0,65.0,9.5,0.5402760170528679,0.4597239829471321,478.46889952153106
35,7,10,345.0,65.0,9.5,0.5365172921479174,0.46348270785208256,478.46889952153106
36,7,10,355.0,65.0,9.5,0.5327637276527585,0.4672362723472415,478.46889952153106
37,7,10,365.0,65.0,9.5,0.52900764098968,0.47099235901032,478.46889952153106
38,7,10,375.0,65.0,9.5,0.5252359993749449,0.4747640006250551,478.46889952153106
39,7,10,385.0,65.0,9.5,0.5214149651946935,0.47858503480530645,478.46889952153106
40,7,10,395.0,65.0,9.5,0.5174840609159694,0.48251593908403057,478.46889952153106
41,7,10,405.0,65.0,9.5,0.5133657153540327,0.48663428464596725,478.46889952153106
42,7,10,415.0,65.0,9.5,0.5089723865661268,0.49102761343387324,478.46889952153106
43,7,10,425.0,65.0,9.5,0.504164697740818,0.49583530225918204,478.46889952153106
44,7,10,435.0,65.0,9.5,0.49863596971916735,0.5013640302808327,478.46889952153106
45,7,10,445.0,65.0,9.5,0.49168731462471454,0.5083126853752855,478.46889952153106
46,7,10,455.0,65.0,9.5,0.48178711828712767,0.5182128817128724,478.46889952153106
47,7,10,465.0,65.0,9.5,0.4658603715283039,0.5341396284716962,478.46889952153106
48,7,10,475.0,65.0,9.5,0.43853675981487494,0.5614632401851251,478.46889952153106
49,7,10,485.0,65.0,9.5,0.39233664158416054,0.6076633584158395,478.46889952153106
50,7,10,495.0,65.0,9.5,0.3198413252810608,0.6801586747189392,478.46889952153106
1,8,10,5.0,75.0,9.5,0.7421801848401433,0.25781981515985675,478.46889952153106
2,8,10,15.0,75.0,9.5,0.7323716313724683,0.2676283686275317,478.46889952153106
3,8,10,25.0,75.0,9.5,0.7210361073663499,0.27896389263365007,478.46889952153106
4,8,10,35.0,75.0,9.5,0.7093316311988621,0.2906683688011379,478.46889952153106
5,8,10,45.0,75.0,9.5,0.6978997952915446,0.30210020470845544,478.46889952153106
6,8,10,55.0,75.0,9.5,0.6870540017457074,0.3129459982542926,478.46889952153106
7,8,10,65.0,75.0,9.5,0.6768993490762236,0.3231006509237764,478.46889952153106
8,8,10,75.0,75.0,9.5,0.6674337488479406,0.3325662511520594,478.46889952153106
9,8,10,85.0,75.0,9.5,0.6586103234638079,0.3413896765361921,478.46889952153106
10,8,10,95.0,75.0,9.5,0.6503686142838797,0.3496313857161203,478.46889952153106
11,8,10,105.0,75.0,9.5,0.6426542116161971,0.35734578838380293,478.46889952153106
12,8,10,115.0,75.0,9.5,0.635402467939486,0.36459753206051404,478.46889952153106
13,8,10,125.0,75.0,9.5,0.6285670782259931,0.3714329217740069,478.46889952153106
14,8,10,135.0,75.0,9.5,0.6220970559959808,0.37790294400401925,478.46889952153106
15,8,10,145.0,75.0,9.5,0.6159612009291012,0.3840387990708988,478.46889952153106
16,8,10,155.0,75.0,9.5,0.6101227718952466,0.38987722810475345,478.46889952153106
17,8,10,165.0,75.0,9.5,0.6045420619098241,0.39545793809017593,478.46889952153106
18,8,10,175.0,75.0,9.5,0.5991854621451803,0.4008145378548197,478.46889952153106
19,8,10,185.0,75.0,9.5,0.5940288709992965,0.40597112900070353,478.46889952153106
20,8,10,195.0,75.0,9.5,0.5890465647743153,0.4109534352256847,478.46889952153106
21,8,10,205.0,75.0,9.5,0.5842001239060406,0.4157998760939594,478.46889952153106
22,8,10,215.0,75.0,9.5,0.5794930156955187,0.4205069843044813,478.46889952153106
23,8,10,225.0,75.0,9.5,0.5749360846825925,0.4250639153174075,478.46889952153106
24,8,10,235.0,75.0,9.5,0.5705191828976292,0.42948081710237085,478.46889952153106
25,8,10,245.0,75.0,9.5,0.5662352795618393,0.4337647204381607,478.46889952153106
26,8,10,255.0,75.0,9.5,0.5620694431231276,0.43793055687687243,478.46889952153106
27,8,10,265.0,75.0,9.5,0.5579984902453742,0.4420015097546258,478.46889952153106
28,8,10,275.0,75.0,9.5,0.5540033518379294,0.44599664816207063,478.46889952153106
29,8,10,285.0,75.0,9.5,0.5500775619715537,0.44992243802844634,478.46889952153106
30,8,10,295.0,75.0,9.5,0.5462243381915752,0.45377566180842477,478.46889952153106
31,8,10,305.0,75.0,9.5,0.5424379730331009,0.45756202696689907,478.46889952153106
32,8,10,315.0,75.0,9.5,0.5386956555313016,0.4613043444686984,478.46889952153106
33,8,10,325.0,75.0,9.5,0.534967514841104,0.46503248515889595,478.46889952153106
34,8,10,335.0,75.0,9.5,0.5312364630741695,0.4687635369258305,478.46889952153106
35,8,10,345.0,75.0,9.5,0.5274993845857398,0.47250061541426025,478.46889952153106
36,8,10,355.0,75.0,9.5,0.5237572687061651,0.4762427312938349,478.46889952153106
37,8,10,365.0,75.0,9.5,0.5199972351866863,0.4800027648133137,478.46889952153106
38,8,10,375.0,75.0,9.5,0.5161644159945508,0.48383558400544924,478.46889952153106
39,8,10,385.0,75.0,9.5,0.5121904279072432,0.48780957209275677,478.46889952153106
40,8,10,395.0,75.0,9.5,0.5079955533070448,0.4920044466929552,478.46889952153106
41,8,10,405.0,75.0,9.5,0.5034853979859055,0.4965146020140945,478.46889952153106
42,8,10,415.0,75.0,9.5,0.4985150307307137,0.5014849692692863,478.46889952153106
43,8,10,425.0,75.0,9.5,0.492772989399101,0.5072270106008989,478.46889952153106
44,8,10,435.0,75.0,9.5,0.4855741597723892,0.5144258402276107,478.46889952153106
45,8,10,445.0,75.0,9.5,0.4755975576747207,0.5244024423252793,478.46889952153106
46,8,10,455.0,75.0,9.5,0.4605576258662169,0.539442374133783,478.46889952153106
47,8,10,465.0,75.0,9.5,0.4369299913471019,0.5630700086528981,478.46889952153106
48,8,10,475.0,75.0,9.5,0.39976643016860725,0.6002335698313928,478.46889952153106
49,8,10,485.0,75.0,9.5,0.34304321069480853,0.6569567893051915,478.46889952153106
50,8,10,495.0,75.0,9.5,0.26390263226751276,0.7360973677324872,478.46889952153106
1,9,10,5.0,85.0,9.5,0.7083429257760433,0.2916570742239567,478.46889952153106
2,9,10,15.0,85.0,9.5,0.7000965330016274,0.29990346699837256,478.46889952153106
3,9,10,25.0,85.0,9.5,0.6904193642759308,0.30958063572406924,478.46889952153106
4,9,10,35.0,85.0,9.5,0.6803129022537324,0.3196870977462676,478.46889952153106
5,9,10,45.0,85.0,9.5,0.6703412526740589,0.32965874732594114,478.46889952153106
6,9,10,55.0,85.0,9.5,0.6607825818799328,0.3392174181200672,478.46889952153106
7,9,10,65.0,85.0,9.5,0.6517503479806931,0.3482496520193069,478.46889952153106
8,9,10,75.0,85.0,9.5,0.643268197066869,0.356731802933131,478.46889952153106
9,9,10,85.0,85.0,9.5,0.6353106255737302,0.3646893744262698,478.46889952153106
10,9,10,95.0,85.0,9.5,0.6278432391404303,0.3721567608595697,478.46889952153106
11,9,10,105.0,85.0,9.5,0.6208223568183845,0.3791776431816155,478.46889952153106
12,9,10,115.0,85.0,9.5,0.6142125655163556,0.3857874344836444,478.46889952153106
13,9,10,125.0,85.0,9.5,0.6079579568229729,0.39204204317702707,478.46889952153106
14,9,10,135.0,85.0,9.5,0.6020176238248122,0.39798237617518784,478.46889952153106
15,9,10,145.0,85.0,9.5,0.5963678972410271,0.4036321027589729,478.46889952153106
16,9,10,155.0,85.0,9.5,0.5909849711847345,0.4090150288152655,478.46889952153106
17,9,10,165.0,85.0,9.5,0.5858246898636639,0.41417531013633613,478.46889952153106
18,9,10,175.0,85.0,9.5,0.5808295887037024,0.4191704112962976,478.46889952153106
19,9,10,185.0,85.0,9.5,0.5759679310477979,0.42403206895220213,478.46889952153106
20,9,10,195.0,85.0,9.5,0.571269139917224,0.42873086008277606,478.46889952153106
21,9,10,205.0,85.0,9.5,0.5667548242463967,0.43324517575360333,478.46889952153106
22,9,10,215.0,85.0,9.5,0.5623937811736628,0.4376062188263372,478.46889952153106
23,9,10,225.0,85.0,9.5,0.5581501793991613,0.44184982060083866,478.46889952153106
24,9,10,235.0,85.0,9.5,0.5540107379793138,0.44598926202068623,478.46889952153106
25,9,10,245.0,85.0,9.5,0.5499851007838064,0.45001489921619364,478.46889952153106
26,9,10,255.0,85.0,9.5,0.5460783668459267,0.4539216331540733,478.46889952153106
27,9,10,265.0,85.0,9.5,0.5422649169761762,0.4577350830238238,478.46889952153106
28,9,10,275.0,85.0,9.5,0.5384994304580228,0.46150056954197716,478.46889952153106
29,9,10,285.0,85.0,9.5,0.534750629782459,0.465249370217541,478.46889952153106
30,9,10,295.0,85.0,9.5,0.5310255146946362,0.4689744853053638,478.46889952153106
31,9,10,305.0,85.0,9.5,0.5273481951806651,0.4726518048193349,478.46889952153106
32,9,10,315.0,85.0,9.5,0.5237185161781416,0.4762814838218584,478.46889952153106
33,9,10,325.0,85.0,9.5,0.5200891774301458,0.4799108225698542,478.46889952153106
34,9,10,335.0,85.0,9.5,0.5163850709875423,0.48361492901245773,478.46889952153106
35,9,10,345.0,85.0,9.5,0.5125523206950118,0.4874476793049882,478.46889952153106
36,9,10,355.0,85.0,9.5,0.5085923766658657,0.49140762333413435,478.46889952153106
37,9,10,365.0,85.0,9.5,0.5045313480499668,0.4954686519500332,478.46889952153106
38,9,10,375.0,85.0,9.5,0.500359427721094,0.499640572278906,478.46889952153106
39,9,10,385.0,85.0,9.5,0.4959672866218619,0.5040327133781382,478.46889952153106
40,9,10,395.0,85.0,9.5,0.49111225444895323,0.5088877455510468,478.46889952153106
41,9,10,405.0,85.0,9.5,0.48538797476684337,0.5146120252331566,478.46889952153106
42,9,10,415.0,85.0,9.5,0.4784615003352339,0.5215384996647661,478.46889952153106
43,9,10,425.0,85.0,9.5,0.4697998981810642,0.5302001018189357,478.46889952153106
44,9,10,435.0,85.0,9.5,0.45824471671781325,0.5417552832821868,478.46889952153106
45,9,10,445.0,85.0,9.5,0.44184232166727827,0.5581576783327218,478.46889952153106
46,9,10,455.0,85.0,9.5,0.41825936867106517,0.5817406313289348,478.46889952153106
47,9,10,465.0,85.0,9.5,0.3851044029041781,0.6148955970958219,478.46889952153106
48,9,10,475.0,85.0,9.5,0.33851350219118176,0.6614864978088182,478.46889952153106
49,9,10,485.0,85.0,9.5,0.2716626615197782,0.7283373384802219,478.46889952153106
50,9,10,495.0,85.0,9.5,0.20941368719569667,0.7905863128043034,478.46889952153106
1,10,10,5.0,95.0,9.5,0.6501642661227763,0.34983573387722366,478.46889952153106
2,10,10,15.0,95.0,9.5,0.6438300976103013,0.3561699023896987,478.46889952153106
3,10,10,25.0,95.0,9.5,0.6361789382329069,0.36382106176709306,478.46889952153106
4,10,10,35.0,95.0,9.5,0.6279969145291436,0.37200308547085637,478.46889952153106
5,10,10,45.0,95.0,9.5,0.6197526260967791,0.38024737390322094,478.46889952153106
6,10,10,55.0,95.0,9.5,0.6117053131048246,0.38829468689517543,478.46889952153106
7,10,10,65.0,95.0,9.5,0.6039824009157178,0.39601759908428225,478.46889952153106
8,10,10,75.0,95.0,9.5,0.5966352491861194,0.40336475081388057,478.46889952153106
9,10,10,85.0,95.0,9.5,0.5896683483641904,0.41033165163580965,478.46889952153106
10,10,10,95.0,95.0,9.5,0.5830613239622683,0.4169386760377317,478.46889952153106
11,10,10,105.0,95.0,9.5,0.5768008676951264,0.4231991323048736,478.46889952153106
12,10,10,115.0,95.0,9.5,0.5708682906527586,0.42913170934724143,478.46889952153106
13,10,10,125.0,95.0,9.5,0.5652172689077811,0.4347827310922189,478.46889952153106
14,10,10,135.0,95.0,9.5,0.5598056340026217,0.44019436599737827,478.46889952153106
15,10,10,145.0,95.0,9.5,0.5546197498592114,0.44538025014078864,478.46889952153106
16,10,10,155.0,95.0,9.5,0.5496338185521807,0.45036618144781926,478.46889952153106
17,10,10,165.0,95.0,9.5,0.5447658388021767,0.45523416119782334,478.46889952153106
18,10,10,175.0,95.0,9.5,0.540019591998855,0.45998040800114504,478.46889952153106
19,10,10,185.0,95.0,9.5,0.5354271196816122,0.46457288031838784,478.46889952153106
20,10,10,195.0,95.0,9.5,0.5310031974315794,0.4689968025684206,478.46889952153106
21,10,10,205.0,95.0,9.5,0.5267413697404214,0.4732586302595786,478.46889952153106
22,10,10,215.0,95.0,9.5,0.522593887870384,0.47740611212961603,478.46889952153106
23,10,10,225.0,95.0,9.5,0.5185117607449662,0.4814882392550338,478.46889952153106
24,10,10,235.0,95.0,9.5,0.5144934879365124,0.4855065120634876,478.46889952153106
25,10,10,245.0,95.0,9.5,0.5105723610297052,0.48942763897029484,478.46889952153106
26,10,10,255.0,95.0,9.5,0.5067544842318442,0.4932455157681558,478.46889952153106
27,10,10,265.0,95.0,9.5,0.5029795682670575,0.4970204317329425,478.46889952153106
28,10,10,275.0,95.0,9.5,0.49915645779582846,0.5008435422041715,478.46889952153106
29,10,10,285.0,95.0,9.5,0.4952416241881656,0.5047583758118344,478.46889952153106
30,10,10,295.0,95.0,9.5,0.49126103023555195,0.508738969764448,478.46889952153106
31,10,10,305.0,95.0,9.5,0.4872433122341826,0.5127566877658174,478.46889952153106
32,10,10,315.0,95.0,9.5,0.48313239805468944,0.5168676019453106,478.46889952153106
33,10,10,325.0,95.0,9.5,0.47875579761273346,0.5212442023872665,478.46889952153106
34,10,10,335.0,95.0,9.5,0.4738993949945426,0.5261006050054574,478.46889952153106
35,10,10,345.0,95.0,9.5,0.46842176826331966,0.5315782317366804,478.46889952153106
36,10,10,355.0,95.0,9.5,0.4622593591272195,0.5377406408727805,478.46889952153106
37,10,10,365.0,95.0,9.5,0.4552883899056448,0.5447116100943552,478.46889952153106
38,10,10,375.0,95.0,9.5,0.4471103727468796,0.5528896272531204,478.46889952153106
39,10,10,385.0,95.0,9.5,0.4368492884625523,0.5631507115374477,478.46889952153106
40,10,10,395.0,95.0,9.5,0.42315764615485657,0.5768423538451435,478.46889952153106
41,10,10,405.0,95.0,9.5,0.40440815828048415,0.5955918417195158,478.46889952153106
42,10,10,415.0,95.0,9.5,0.3786576346016865,0.6213423653983134,478.46889952153106
43,10,10,425.0,95.0,9.5,0.34477796083209195,0.655222039167908,478.46889952153106
44,10,10,435.0,95.0,9.5,0.30470201590190904,0.695297984098091,478.46889952153106
45,10,10,445.0,95.0,9.5,0.2655162873962312,0.7344837126037689,478.46889952153106
46,10,10,455.0,95.0,9.5,0.23509083394170274,0.7649091660582973,478.46889952153106
47,10,10,465.0,95.0,9.5,0.21525779279137627,0.7847422072086238,478.46889952153106
48,10,10,475.0,95.0,9.5,0.20431615732653424,0.7956838426734658,478.46889952153106
49,10,10,485.0,95.0,9.5,0.20054623965968696,0.799453760340313,478.46889952153106
50,10,10,495.0,95.0,9.5,0.20004553196651684,0.7999544680334831,478.46889952153106
1,1,11,5.0,5.0,10.5,0.6897278882895976,0.31027211171040237,521.5311004784688
2,1,11,15.0,5.0,10.5,0.6817100790774867,0.3182899209225133,521.5311004784688
3,1,11,25.0,5.0,10.5,0.672433206029164,0.327566793970836,521.5311004784688
4,1,11,35.0,5.0,10.5,0.6628409936416215,0.3371590063583785,521.5311004784688
5,1,11,45.0,5.0,10.5,0.6534291111268005,0.34657088887319953,521.5311004784688
6,1,11,55.0,5.0,10.5,0.6444300545743737,0.35556994542562625,521.5311004784688
7,1,11,65.0,5.0,10.5,0.6359300536475196,0.36406994635248036,521.5311004784688
8,1,11,75.0,5.0,10.5,0.6279423866766646,0.3720576133233354,521.5311004784688
9,1,11,85.0,5.0,10.5,0.6204423556867095,0.37955764431329053,521.5311004784688
10,1,11,95.0,5.0,10.5,0.6133999794290447,0.3866000205709553,521.5311004784688
11,1,11,105.0,5.0,10.5,0.6067615177379019,0.3932384822620981,521.5311004784688
12,1,11,115.0,5.0,10.5,0.6004907043893624,0.39950929561063764,521.5311004784688
13,1,11,125.0,5.0,10.5,0.5945587717265881,0.4054412282734119,521.5311004784688
14,1,11,135.0,5.0,10.5,0.5889327241276748,0.41106727587232517,521.5311004784688
15,1,11,145.0,5.0,10.5,0.5835716691643691,0.4164283308356309,521.5311004784688
16,1,11,155.0,5.0,10.5,0.5784426835106726,0.42155731648932737,521.5311004784688
17,1,11,165.0,5.0,10.5,0.5735340972545824,0.4264659027454176,521.5311004784688
18,1,11,175.0,5.0,10.5,0.5688342064194138,0.43116579358058615,521.5311004784688
19,1,11,185.0,5.0,10.5,0.5643034156538609,0.4356965843461391,521.5311004784688
20,1,11,195.0,5.0,10.5,0.5598811009183802,0.44011889908161983,521.5311004784688
21,1,11,205.0,5.0,10.5,0.555566291452668,0.444433708547332,521.5311004784688
22,1,11,215.0,5.0,10.5,0.5513925689830461,0.4486074310169539,521.5311004784688
23,1,11,225.0,5.0,10.5,0.5473711140286737,0.45262888597132633,521.5311004784688
24,1,11,235.0,5.0,10.5,0.5434782645995019,0.4565217354004981,521.5311004784688
25,1,11,245.0,5.0,10.5,0.53967869537041,0.46032130462959,521.5311004784688
26,1,11,255.0,5.0,10.5,0.5359578436386631,0.46404215636133694,521.5311004784688
27,1,11,265.0,5.0,10.5,0.5323302421594464,0.46766975784055365,521.5311004784688
28,1,11,275.0,5.0,10.5,0.5288132710828092,0.4711867289171908,521.5311004784688
29,1,11,285.0,5.0,10.5,0.5253965768560914,0.4746034231439086,521.5311004784688
30,1,11,295.0,5.0,10.5,0.5220382048434971,0.47796179515650294,521.5311004784688
31,1,11,305.0,5.0,10.5,0.5186958866133691,0.4813041133866309,521.5311004784688
32,1,11,315.0,5.0,10.5,0.5153687308725508,0.48463126912744925,521.5311004784688
33,1,11,325.0,5.0,10.5,0.512090276734882,0.48790972326511794,521.5311004784688
34,1,11,335.0,5.0,10.5,0.5088828376098595,0.49111716239014047,521.5311004784688
35,1,11,345.0,5.0,10.5,0.5057212849630094,0.4942787150369906,521.5311004784688
36,1,11,355.0,5.0,10.5,0.5025346275211113,0.49746537247888867,521.5311004784688
37,1,11,365.0,5.0,10.5,0.4992562588417949,0.5007437411582051,521.5311004784688
38,1,11,375.0,5.0,10.5,0.4958751016781631,0.5041248983218369,521.5311004784688
39,1,11,385.0,5.0,10.5,0.49242607246489545,0.5075739275351046,521.5311004784688
40,1,11,395.0,5.0,10.5,0.4889281940339227,0.5110718059660773,521.5311004784688
41,1,11,405.0,5.0,10.5,0.48532106674480946,0.5146789332551905,521.5311004784688
42,1,11,415.0,5.0,10.5,0.4814358700705054,0.5185641299294945,521.5311004784688
43,1,11,425.0,5.0,10.5,0.4770174099511479,0.5229825900488521,521.5311004784688
44,1,11,435.0,5.0,10.5,0.4719979308394064,0.5280020691605936,521.5311004784688
45,1,11,445.0,5.0,10.5,0.4662230704684944,0.5337769295315056,521.5311004784688
46,1,11,455.0,5.0,10.5,0.45944629269397436,0.5405537073060256,521.5311004784688
47,1,11,465.0,5.0,10.5,0.45087728141095534,0.5491227185890446,521.5311004784688
48,1,11,475.0,5.0,10.5,0.43795991460629974,0.5620400853937002,521.5311004784688
49,1,11,485.0,5.0,10.5,0.4122622981313037,0.5877377018686962,521.5311004784688
50,1,11,495.0,5.0,10.5,0.34079907784462043,0.6592009221553796,521.5311004784688
1,2,11,5.0,15.0,10.5,0.738875169418363,0.26112483058163705,521.5311004784688
2,2,11,15.0,15.0,10.5,0.7290502817407752,0.27094971825922476,521.5311004784688
3,2,11,25.0,15.0,10.5,0.7178704022207981,0.2821295977792019,521.5311004784688
4,2,11,35.0,15.0,10.5,0.706483544230125,0.29351645576987495,521.5311004784688
5,2,11,45.0,15.0,10.5,0.6954817354079985,0.3045182645920015,521.5311004784688
6,2,11,55.0,15.0,10.5,0.6851149866691663,0.31488501333083374,521.5311004784688
7,2,11,65.0,15.0,10.5,0.6754492263432661,0.3245507736567339,521.5311004784688
8,2,11,75.0,15.0,10.5,0.6664671494896046,0.3335328505103954,521.5311004784688
9,2,11,85.0,15.0,10.5,0.6581155578721516,0.3418844421278484,521.5311004784688
10,2,11,95.0,15.0,10.5,0.6503267020018877,0.3496732979981123,521.5311004784688
11,2,11,105.0,15.0,10.5,0.6430421730361839,0.35695782696381606,521.5311004784688
12,2,11,115.0,15.0,10.5,0.6361983010652227,0.3638016989347773,521.5311004784688
13,2,11,125.0,15.0,10.5,0.6297567523298044,0.37024324767019556,521.5311004784688
14,2,11,135.0,15.0,10.5,0.6236687835122973,0.37633121648770274,521.5311004784688
15,2,11,145.0,15.0,10.5,0.6178900421821288,0.38210995781787116,521.5311004784688
16,2,11,155.0,15.0,10.5,0.6123886397138516,0.3876113602861484,521.5311004784688
17,2,11,165.0,15.0,10.5,0.6071428406489539,0.39285715935104615,521.5311004784688
18,2,11,175.0,15.0,10.5,0.6021302018257039,0.39786979817429613,521.5311004784688
19,2,11,185.0,15.0,10.5,0.597318383470411,0.402681616529589,521.5311004784688
20,2,11,195.0,15.0,10.5,0.5926722139776913,0.4073277860223087,521.5311004784688
21,2,11,205.0,15.0,10.5,0.5881681621911564,0.4118318378088436,521.5311004784688
22,2,11,215.0,15.0,10.5,0.583791881889119,0.416208118110881,521.5311004784688
23,2,11,225.0,15.0,10.5,0.5795520542431584,0.42044794575684163,521.5311004784688
24,2,11,235.0,15.0,10.5,0.5754528714046983,0.42454712859530175,521.5311004784688
25,2,11,245.0,15.0,10.5,0.5714702913586838,0.42852970864131623,521.5311004784688
26,2,11,255.0,15.0,10.5,0.5675912997260524,0.4324087002739476,521.5311004784688
27,2,11,265.0,15.0,10.5,0.5638189632502517,0.4361810367497483,521.5311004784688
28,2,11,275.0,15.0,10.5,0.5601557589721938,0.43984424102780617,521.5311004784688
29,2,11,285.0,15.0,10.5,0.5565905707679082,0.4434094292320918,521.5311004784688
30,2,11,295.0,15.0,10.5,0.5530946515619394,0.4469053484380606,521.5311004784688
31,2,11,305.0,15.0,10.5,0.5496457406889012,0.45035425931109885,521.5311004784688
32,2,11,315.0,15.0,10.5,0.546246487590914,0.453753512409086,521.5311004784688
33,2,11,325.0,15.0,10.5,0.5429122916773572,0.4570877083226428,521.5311004784688
34,2,11,335.0,15.0,10.5,0.5396487306646387,0.4603512693353613,521.5311004784688
35,2,11,345.0,15.0,10.5,0.536440159923873,0.46355984007612705,521.5311004784688
36,2,11,355.0,15.0,10.5,0.5332497592230202,0.4667502407769798,521.5311004784688
37,2,11,365.0,15.0,10.5,0.5300484177659518,0.4699515822340482,521.5311004784688
38,2,11,375.0,15.0,10.5,0.5268410322574393,0.4731589677425607,521.5311004784688
39,2,11,385.0,15.0,10.5,0.5236496671173051,0.4763503328826949,521.5311004784688
40,2,11,395.0,15.0,10.5,0.520485732703812,0.47951426729618796,521.5311004784688
41,2,11,405.0,15.0,10.5,0.5173229316036095,0.48267706839639046,521.5311004784688
42,2,11,415.0,15.0,10.5,0.5140875695514934,0.4859124304485066,521.5311004784688
43,2,11,425.0,15.0,10.5,0.5106778536061223,0.4893221463938777,521.5311004784688
44,2,11,435.0,15.0,10.5,0.5068317421064921,0.49316825789350793,521.5311004784688
45,2,11,445.0,15.0,10.5,0.5022143893811761,0.49778561061882387,521.5311004784688
46,2,11,455.0,15.0,10.5,0.4961446098283283,0.5038553901716717,521.5311004784688
47,2,11,465.0,15.0,10.5,0.4872071155470708,0.5127928844529293,521.5311004784688
48,2,11,475.0,15.0,10.5,0.4725062053471453,0.5274937946528546,521.5311004784688
49,2,11,485.0,15.0,10.5,0.44519724607258027,0.5548027539274197,521.5311004784688
50,2,11,495.0,15.0,10.5,0.3817634009531219,0.6182365990468781,521.5311004784688
1,3,11,5.0,25.0,10.5,0.7660886337274324,0.2339113662725676,521.5311004784688
2,3,11,15.0,25.0,10.5,0.7553120268216305,0.24468797317836954,521.5311004784688
3,3,11,25.0,25.0,10.5,0.7429628568463289,0.2570371431536711,521.5311004784688
4,3,11,35.0,25.0,10.5,0.7303282742089823,0.2696717257910177,521.5311004784688
5,3,11,45.0,25.0,10.5,0.7181580288030972,0.2818419711969028,521.5311004784688
6,3,11,55.0,25.0,10.5,0.7067550715291145,0.29324492847088546,521.5311004784688
7,3,11,65.0,25.0,10.5,0.6962008743912328,0.3037991256087672,521.5311004784688
8,3,11,75.0,25.0,10.5,0.6864526611064748,0.31354733889352515,521.5311004784688
9,3,11,85.0,25.0,10.5,0.6774389159402111,0.3225610840597889,521.5311004784688
10,3,11,95.0,25.0,10.5,0.6690666195591344,0.3309333804408656,521.5311004784688
11,3,11,105.0,25.0,10.5,0.6612490490609497,0.3387509509390503,521.5311004784688
12,3,11,115.0,25.0,10.5,0.6539232189664258,0.3460767810335742,521.5311004784688
13,3,11,125.0,25.0,10.5,0.6470273403452417,0.3529726596547583,521.5311004784688
14,3,11,135.0,25.0,10.5,0.6405210982445806,0.3594789017554194,521.5311004784688
15,3,11,145.0,25.0,10.5,0.6343592806861278,0.3656407193138722,521.5311004784688
16,3,11,155.0,25.0,10.5,0.6285005476465308,0.37149945235346915,521.5311004784688
17,3,11,165.0,25.0,10.5,0.6229164846557977,0.37708351534420226,521.5311004784688
18,3,11,175.0,25.0,10.5,0.617578676845764,0.38242132315423605,521.5311004784688
19,3,11,185.0,25.0,10.5,0.6124592217025382,0.3875407782974618,521.5311004784688
20,3,11,195.0,25.0,10.5,0.6075338245091161,0.3924661754908839,521.5311004784688
21,3,11,205.0,25.0,10.5,0.6027827396767713,0.3972172603232287,521.5311004784688
22,3,11,215.0,25.0,10.5,0.5981861067149628,0.40181389328503725,521.5311004784688
23,3,11,225.0,25.0,10.5,0.5937183845687335,0.4062816154312665,521.5311004784688
24,3,11,235.0,25.0,10.5,0.5893589456478665,0.4106410543521335,521.5311004784688
25,3,11,245.0,25.0,10.5,0.5851235310654022,0.41487646893459784,521.5311004784688
26,3,11,255.0,25.0,10.5,0.581013109362568,0.418986890637432,521.5311004784688
27,3,11,265.0,25.0,10.5,0.5770183763820745,0.42298162361792546,521.5311004784688
28,3,11,275.0,25.0,10.5,0.5731287257184758,0.42687127428152416,521.5311004784688
29,3,11,285.0,25.0,10.5,0.5693316322432946,0.43066836775670536,521.5311004784688
30,3,11,295.0,25.0,10.5,0.565616378713585,0.43438362128641494,521.5311004784688
31,3,11,305.0,25.0,10.5,0.561977106750733,0.438022893249267,521.5311004784688
32,3,11,315.0,25.0,10.5,0.5584087249241848,0.4415912750758152,521.5311004784688
33,3,11,325.0,25.0,10.5,0.5549073310348064,0.4450926689651936,521.5311004784688
34,3,11,335.0,25.0,10.5,0.551466543203719,0.448533456796281,521.5311004784688
35,3,11,345.0,25.0,10.5,0.5480745250087941,0.45192547499120594,521.5311004784688
36,3,11,355.0,25.0,10.5,0.5447229997191738,0.4552770002808262,521.5311004784688
37,3,11,365.0,25.0,10.5,0.5414106518940802,0.4585893481059198,521.5311004784688
38,3,11,375.0,25.0,10.5,0.5381361491392356,0.4618638508607644,521.5311004784688
39,3,11,385.0,25.0,10.5,0.5348927806502969,0.4651072193497031,521.5311004784688
40,3,11,395.0,25.0,10.5,0.5316695620577154,0.46833043794228457,521.5311004784688
41,3,11,405.0,25.0,10.5,0.5284511653225131,0.47154883467748687,521.5311004784688
42,3,11,415.0,25.0,10.5,0.5252231206152651,0.4747768793847349,521.5311004784688
43,3,11,425.0,25.0,10.5,0.52196394105711,0.47803605894289003,521.5311004784688
44,3,11,435.0,25.0,10.5,0.5185031413094392,0.4814968586905608,521.5311004784688
45,3,11,445.0,25.0,10.5,0.5146750890509111,0.4853249109490889,521.5311004784688
46,3,11,455.0,25.0,10.5,0.5100093367593245,0.48999066324067553,521.5311004784688
47,3,11,465.0,25.0,10.5,0.5033590278185455,0.49664097218145453,521.5311004784688
48,3,11,475.0,25.0,10.5,0.4920123887407166,0.5079876112592834,521.5311004784688
49,3,11,485.0,25.0,10.5,0.4697258094738902,0.5302741905261098,521.5311004784688
50,3,11,495.0,25.0,10.5,0.4169533406464356,0.5830466593535644,521.5311004784688
1,4,11,5.0,35.0,10.5,0.7837144189028664,0.21628558109713358,521.5311004784688
2,4,11,15.0,35.0,10.5,0.7729781429361523,0.2270218570638477,521.5311004784688
3,4,11,25.0,35.0,10.5,0.7600757350963577,0.23992426490364227,521.5311004784688
4,4,11,35.0,35.0,10.5,0.7465907390141402,0.2534092609858598,521.5311004784688
5,4,11,45.0,35.0,10.5,0.7335253254237575,0.2664746745762425,521.5311004784688
6,4,11,55.0,35.0,10.5,0.7214167201900209,0.2785832798099791,521.5311004784688
7,4,11,65.0,35.0,10.5,0.7102895584574009,0.28971044154259906,521.5311004784688
8,4,11,75.0,35.0,10.5,0.700050195847163,0.299949804152837,521.5311004784688
9,4,11,85.0,35.0,10.5,0.6905823934171971,0.30941760658280293,521.5311004784688
10,4,11,95.0,35.0,10.5,0.6817909763463904,0.3182090236536096,521.5311004784688
11,4,11,105.0,35.0,10.5,0.673593123405654,0.326406876594346,521.5311004784688
12,4,11,115.0,35.0,10.5,0.6659127350464413,0.33408726495355867,521.5311004784688
13,4,11,125.0,35.0,10.5,0.6586925653352628,0.34130743466473723,521.5311004784688
14,4,11,135.0,35.0,10.5,0.6518647465465862,0.3481352534534138,521.5311004784688
15,4,11,145.0,35.0,10.5,0.6453932632685851,0.35460673673141485,521.5311004784688
16,4,11,155.0,35.0,10.5,0.639241706628929,0.360758293371071,521.5311004784688
17,4,11,165.0,35.0,10.5,0.6333754360012015,0.3666245639987985,521.5311004784688
18,4,11,175.0,35.0,10.5,0.627769076497464,0.37223092350253595,521.5311004784688
19,4,11,185.0,35.0,10.5,0.6223955226089177,0.37760447739108227,521.5311004784688
20,4,11,195.0,35.0,10.5,0.617231661699666,0.38276833830033397,521.5311004784688
21,4,11,205.0,35.0,10.5,0.6122590135966292,0.38774098640337085,521.5311004784688
22,4,11,215.0,35.0,10.5,0.6074607190425187,0.39253928095748125,521.5311004784688
23,4,11,225.0,35.0,10.5,0.6028168762410168,0.39718312375898324,521.5311004784688
24,4,11,235.0,35.0,10.5,0.5983019122203526,0.40169808777964744,521.5311004784688
25,4,11,245.0,35.0,10.5,0.5938909887432743,0.4061090112567257,521.5311004784688
26,4,11,255.0,35.0,10.5,0.5895924767928477,0.41040752320715235,521.5311004784688
27,4,11,265.0,35.0,10.5,0.5854200209621833,0.41457997903781674,521.5311004784688
28,4,11,275.0,35.0,10.5,0.5813658905168642,0.41863410948313584,521.5311004784688
29,4,11,285.0,35.0,10.5,0.5774158968012327,0.42258410319876727,521.5311004784688
30,4,11,295.0,35.0,10.5,0.5735557550401726,0.42644424495982736,521.5311004784688
31,4,11,305.0,35.0,10.5,0.5697757547901473,0.4302242452098527,521.5311004784688
32,4,11,315.0,35.0,10.5,0.5660749053778851,0.4339250946221149,521.5311004784688
33,4,11,325.0,35.0,10.5,0.5624524086622148,0.4375475913377852,521.5311004784688
34,4,11,335.0,35.0,10.5,0.5589019564454198,0.44109804355458015,521.5311004784688
35,4,11,345.0,35.0,10.5,0.5554126135598502,0.44458738644014983,521.5311004784688
36,4,11,355.0,35.0,10.5,0.5519731124339029,0.4480268875660971,521.5311004784688
37,4,11,365.0,35.0,10.5,0.5485748522318752,0.4514251477681248,521.5311004784688
38,4,11,375.0,35.0,10.5,0.5452222154830536,0.4547777845169464,521.5311004784688
39,4,11,385.0,35.0,10.5,0.5419237840014925,0.45807621599850745,521.5311004784688
40,4,11,395.0,35.0,10.5,0.5386758373650921,0.46132416263490794,521.5311004784688
41,4,11,405.0,35.0,10.5,0.5354643010730722,0.4645356989269278,521.5311004784688
42,4,11,415.0,35.0,10.5,0.532270725358165,0.467729274641835,521.5311004784688
43,4,11,425.0,35.0,10.5,0.5290797716441984,0.4709202283558016,521.5311004784688
44,4,11,435.0,35.0,10.5,0.5258838252194641,0.4741161747805359,521.5311004784688
45,4,11,445.0,35.0,10.5,0.5225242063826566,0.4774757936173434,521.5311004784688
46,4,11,455.0,35.0,10.5,0.5187112140312945,0.4812887859687055,521.5311004784688
47,4,11,465.0,35.0,10.5,0.5138503879151378,0.4861496120848622,521.5311004784688
48,4,11,475.0,35.0,10.5,0.5059976289784991,0.4940023710215009,521.5311004784688
49,4,11,485.0,35.0,10.5,0.48968010831828396,0.510319891681716,521.5311004784688
50,4,11,495.0,35.0,10.5,0.44903099622049836,0.5509690037795016,521.5311004784688
1,5,11,5.0,45.0,10.5,0.795273426144843,0.20472657385515702,521.5311004784688
2,5,11,15.0,45.0,10.5,0.786381732584601,0.21361826741539902,521.5311004784688
3,5,11,25.0,45.0,10.5,0.7738124489913387,0.22618755100866128,521.5311004784688
4,5,11,35.0,45.0,10.5,0.7600603046501826,0.2399396953498174,521.5311004784688
5,5,11,45.0,45.0,10.5,0.7466838261206697,0.25331617387933025,521.5311004784688
6,5,11,55.0,45.0,10.5,0.7340842019236243,0.26591579807637566,521.5311004784688
7,5,11,65.0,45.0,10.5,0.7224597832594091,0.27754021674059093,521.5311004784688
8,5,11,75.0,45.0,10.5,0.7117942576725023,0.28820574232749774,521.5311004784688
9,5,11,85.0,45.0,10.5,0.7019831134810666,0.29801688651893343,521.5311004784688
10,5,11,95.0,45.0,10.5,0.6929092115254958,0.3070907884745042,521.5311004784688
11,5,11,105.0,45.0,10.5,0.6844688391135636,0.3155311608864364,521.5311004784688
12,5,11,115.0,45.0,10.5,0.6765797134472917,0.32342028655270827,521.5311004784688
13,5,11,125.0,45.0,10.5,0.6691746103334092,0.3308253896665908,521.5311004784688
14,5,11,135.0,45.0,10.5,0.6621884961182753,0.33781150388172465,521.5311004784688
15,5,11,145.0,45.0,10.5,0.6555746200037078,0.3444253799962922,521.5311004784688
16,5,11,155.0,45.0,10.5,0.6492934599903321,0.35070654000966794,521.5311004784688
17,5,11,165.0,45.0,10.5,0.6433054391437915,0.35669456085620854,521.5311004784688
18,5,11,175.0,45.0,10.5,0.6375843991873815,0.3624156008126185,521.5311004784688
19,5,11,185.0,45.0,10.5,0.6321019565526997,0.36789804344730026,521.5311004784688
20,5,11,195.0,45.0,10.5,0.6268295281901932,0.3731704718098068,521.5311004784688
21,5,11,205.0,45.0,10.5,0.6217454117093967,0.3782545882906033,521.5311004784688
22,5,11,215.0,45.0,10.5,0.6168337884059736,0.3831662115940264,521.5311004784688
23,5,11,225.0,45.0,10.5,0.6120798962469791,0.3879201037530209,521.5311004784688
24,5,11,235.0,45.0,10.5,0.6074642721823325,0.39253572781766755,521.5311004784688
25,5,11,245.0,45.0,10.5,0.6029626461181427,0.39703735388185735,521.5311004784688
26,5,11,255.0,45.0,10.5,0.5985585263221234,0.40144147367787664,521.5311004784688
27,5,11,265.0,45.0,10.5,0.5942667254887002,0.4057332745112998,521.5311004784688
28,5,11,275.0,45.0,10.5,0.590093642319713,0.40990635768028705,521.5311004784688
29,5,11,285.0,45.0,10.5,0.5860306697753547,0.4139693302246453,521.5311004784688
30,5,11,295.0,45.0,10.5,0.5820635564283647,0.4179364435716353,521.5311004784688
31,5,11,305.0,45.0,10.5,0.5781781669443957,0.4218218330556043,521.5311004784688
32,5,11,315.0,45.0,10.5,0.5743655222250672,0.4256344777749328,521.5311004784688
33,5,11,325.0,45.0,10.5,0.570622645805221,0.42937735419477896,521.5311004784688
34,5,11,335.0,45.0,10.5,0.56695008798422,0.43304991201578,521.5311004784688
35,5,11,345.0,45.0,10.5,0.5633385227826763,0.43666147721732373,521.5311004784688
36,5,11,355.0,45.0,10.5,0.5597729306025158,0.44022706939748424,521.5311004784688
37,5,11,365.0,45.0,10.5,0.5562386396420195,0.4437613603579805,521.5311004784688
38,5,11,375.0,45.0,10.5,0.5527250672965123,0.4472749327034877,521.5311004784688
39,5,11,385.0,45.0,10.5,0.5492307921502255,0.4507692078497745,521.5311004784688
40,5,11,395.0,45.0,10.5,0.5457581042140334,0.45424189578596663,521.5311004784688
41,5,11,405.0,45.0,10.5,0.542297270070227,0.457702729929773,521.5311004784688
42,5,11,415.0,45.0,10.5,0.5388194083852449,0.4611805916147551,521.5311004784688
43,5,11,425.0,45.0,10.5,0.5352903592346174,0.46470964076538257,521.5311004784688
44,5,11,435.0,45.0,10.5,0.5316815306343046,0.46831846936569543,521.5311004784688
45,5,11,445.0,45.0,10.5,0.5279608989806605,0.47203910101933955,521.5311004784688
46,5,11,455.0,45.0,10.5,0.5240335222808564,0.4759664777191436,521.5311004784688
47,5,11,465.0,45.0,10.5,0.5193115716827763,0.4806884283172237,521.5311004784688
48,5,11,475.0,45.0,10.5,0.5120975730444952,0.4879024269555048,521.5311004784688
49,5,11,485.0,45.0,10.5,0.4965931457313545,0.5034068542686455,521.5311004784688
50,5,11,495.0,45.0,10.5,0.45848858379519125,0.5415114162048087,521.5311004784688
1,6,11,5.0,55.0,10.5,0.7844386336954257,0.21556136630457434,521.5311004784688
2,6,11,15.0,55.0,10.5,0.774295327106968,0.22570467289303198,521.5311004784688
3,6,11,25.0,55.0,10.5,0.7620542781465839,0.23794572185341611,521.5311004784688
4,6,11,35.0,55.0,10.5,0.7491628743600476,0.2508371256399524,521.5311004784688
5,6,11,45.0,55.0,10.5,0.7365547657043396,0.26344523429566036,521.5311004784688
6,6,11,55.0,55.0,10.5,0.7246769349968668,0.2753230650031332,521.5311004784688
7,6,11,65.0,55.0,10.5,0.7136470128315494,0.2863529871684506,521.5311004784688
8,6,11,75.0,55.0,10.5,0.7034446557686279,0.2965553442313721,521.5311004784688
9,6,11,85.0,55.0,10.5,0.6939931846265847,0.30600681537341534,521.5311004784688
10,6,11,95.0,55.0,10.5,0.6851997755249688,0.3148002244750312,521.5311004784688
11,6,11,105.0,55.0,10.5,0.6769871581280305,0.32301284187196955,521.5311004784688
12,6,11,115.0,55.0,10.5,0.6692821497288675,0.33071785027113254,521.5311004784688
13,6,11,125.0,55.0,10.5,0.6620261749849522,0.3379738250150478,521.5311004784688
14,6,11,135.0,55.0,10.5,0.6551696868218285,0.3448303131781715,521.5311004784688
15,6,11,145.0,55.0,10.5,0.6486692265874361,0.3513307734125639,521.5311004784688
16,6,11,155.0,55.0,10.5,0.6424827331286007,0.3575172668713993,521.5311004784688
17,6,11,165.0,55.0,10.5,0.6365850008352406,0.3634149991647594,521.5311004784688
18,6,11,175.0,55.0,10.5,0.6309470527755873,0.36905294722441273,521.5311004784688
19,6,11,185.0,55.0,10.5,0.6255407383007683,0.3744592616992317,521.5311004784688
20,6,11,195.0,55.0,10.5,0.6203413321596005,0.3796586678403995,521.5311004784688
21,6,11,205.0,55.0,10.5,0.615329633296429,0.384670366703571,521.5311004784688
22,6,11,215.0,55.0,10.5,0.61049005709201,0.38950994290799,521.5311004784688
23,6,11,225.0,55.0,10.5,0.6058056035540285,0.39419439644597154,521.5311004784688
24,6,11,235.0,55.0,10.5,0.6012535494693003,0.3987464505306997,521.5311004784688
25,6,11,245.0,55.0,10.5,0.5968076157174846,0.40319238428251536,521.5311004784688
26,6,11,255.0,55.0,10.5,0.5924622649596148,0.40753773504038515,521.5311004784688
27,6,11,265.0,55.0,10.5,0.5882347658816357,0.4117652341183643,521.5311004784688
28,6,11,275.0,55.0,10.5,0.5841239015053935,0.4158760984946065,521.5311004784688
29,6,11,285.0,55.0,10.5,0.5801173507001198,0.4198826492998802,521.5311004784688
30,6,11,295.0,55.0,10.5,0.5762022818953199,0.42379771810468014,521.5311004784688
31,6,11,305.0,55.0,10.5,0.5723651512217641,0.4276348487782359,521.5311004784688
32,6,11,315.0,55.0,10.5,0.5685996150843174,0.43140038491568256,521.5311004784688
33,6,11,325.0,55.0,10.5,0.5649062475031983,0.4350937524968017,521.5311004784688
34,6,11,335.0,55.0,10.5,0.5612844887675971,0.43871551123240293,521.5311004784688
35,6,11,345.0,55.0,10.5,0.5577206505569559,0.44227934944304415,521.5311004784688
36,6,11,355.0,55.0,10.5,0.5541934610452112,0.44580653895478883,521.5311004784688
37,6,11,365.0,55.0,10.5,0.5506906476274741,0.4493093523725259,521.5311004784688
38,6,11,375.0,55.0,10.5,0.5472082190132033,0.45279178098679673,521.5311004784688
39,6,11,385.0,55.0,10.5,0.5437422765733314,0.4562577234266686,521.5311004784688
40,6,11,395.0,55.0,10.5,0.5402836537400799,0.4597163462599201,521.5311004784688
41,6,11,405.0,55.0,10.5,0.5368068366632252,0.46319316333677485,521.5311004784688
42,6,11,415.0,55.0,10.5,0.5332671305980504,0.4667328694019496,521.5311004784688
43,6,11,425.0,55.0,10.5,0.5296124233696575,0.4703875766303425,521.5311004784688
44,6,11,435.0,55.0,10.5,0.5257750150375499,0.47422498496245014,521.5311004784688
45,6,11,445.0,55.0,10.5,0.5216139823023624,0.47838601769763756,521.5311004784688
46,6,11,455.0,55.0,10.5,0.5167534331529654,0.4832465668470346,521.5311004784688
47,6,11,465.0,55.0,10.5,0.5101324708317373,0.4898675291682627,521.5311004784688
48,6,11,475.0,55.0,10.5,0.49893416756231523,0.5010658324376848,521.5311004784688
49,6,11,485.0,55.0,10.5,0.4761421372907617,0.5238578627092383,521.5311004784688
50,6,11,495.0,55.0,10.5,0.42538906512630387,0.5746109348736961,521.5311004784688
1,7,11,5.0,65.0,10.5,0.7686822218932817,0.23131777810671827,521.5311004784688
2,7,11,15.0,65.0,10.5,0.7586546832757088,0.24134531672429116,521.5311004784688
3,7,11,25.0,65.0,10.5,0.7470135358262414,0.2529864641737586,521.5311004784688
4,7,11,35.0,65.0,10.5,0.7349375561413554,0.26506244385864464,521.5311004784688
5,7,11,45.0,65.0,10.5,0.7231456564953884,0.2768543435046116,521.5311004784688
6,7,11,55.0,65.0,10.5,0.7119815977385999,0.2880184022614001,521.5311004784688
7,7,11,65.0,65.0,10.5,0.701565781647006,0.298434218352994,521.5311004784688
8,7,11,75.0,65.0,10.5,0.6918873897385859,0.3081126102614141,521.5311004784688
9,7,11,85.0,65.0,10.5,0.6828867953575007,0.31711320464249926,521.5311004784688
10,7,11,95.0,65.0,10.5,0.6744912566954483,0.3255087433045517,521.5311004784688
11,7,11,105.0,65.0,10.5,0.6666344289562658,0.3333655710437342,521.5311004784688
12,7,11,115.0,65.0,10.5,0.6592569689851798,0.3407430310148202,521.5311004784688
13,7,11,125.0,65.0,10.5,0.6523001952335733,0.3476998047664267,521.5311004784688
14,7,11,135.0,65.0,10.5,0.6457198395187552,0.3542801604812448,521.5311004784688
15,7,11,145.0,65.0,10.5,0.6394791470562946,0.3605208529437054,521.5311004784688
16,7,11,155.0,65.0,10.5,0.6335392508538596,0.36646074914614035,521.5311004784688
17,7,11,165.0,65.0,10.5,0.6278709407866753,0.37212905921332473,521.5311004784688
18,7,11,175.0,65.0,10.5,0.6224461327019729,0.3775538672980271,521.5311004784688
19,7,11,185.0,65.0,10.5,0.6172399344676047,0.3827600655323953,521.5311004784688
20,7,11,195.0,65.0,10.5,0.6122322777321612,0.38776772226783884,521.5311004784688
21,7,11,205.0,65.0,10.5,0.6074040597115116,0.39259594028848843,521.5311004784688
22,7,11,215.0,65.0,10.5,0.6027341662218877,0.3972658337781123,521.5311004784688
23,7,11,225.0,65.0,10.5,0.5981983044387217,0.4018016955612783,521.5311004784688
24,7,11,235.0,65.0,10.5,0.5937716394648556,0.40622836053514444,521.5311004784688
25,7,11,245.0,65.0,10.5,0.5894530752671121,0.4105469247328879,521.5311004784688
26,7,11,255.0,65.0,10.5,0.5852591074526784,0.4147408925473216,521.5311004784688
27,7,11,265.0,65.0,10.5,0.5811835460030759,0.41881645399692413,521.5311004784688
28,7,11,275.0,65.0,10.5,0.5772113421990014,0.4227886578009986,521.5311004784688
29,7,11,285.0,65.0,10.5,0.573329560204069,0.426670439795931,521.5311004784688
30,7,11,295.0,65.0,10.5,0.5695297761435498,0.4304702238564502,521.5311004784688
31,7,11,305.0,65.0,10.5,0.5658087633037496,0.43419123669625037,521.5311004784688
32,7,11,315.0,65.0,10.5,0.5621619254812495,0.43783807451875045,521.5311004784688
33,7,11,325.0,65.0,10.5,0.5585781787794104,0.4414218212205896,521.5311004784688
34,7,11,335.0,65.0,10.5,0.555044289696833,0.44495571030316705,521.5311004784688
35,7,11,345.0,65.0,10.5,0.5515513766426784,0.4484486233573216,521.5311004784688
36,7,11,355.0,65.0,10.5,0.5480941928542364,0.45190580714576356,521.5311004784688
37,7,11,365.0,65.0,10.5,0.5446626563939357,0.45533734360606426,521.5311004784688
38,7,11,375.0,65.0,10.5,0.5412496400995506,0.45875035990044943,521.5311004784688
39,7,11,385.0,65.0,10.5,0.5378349482844845,0.4621650517155155,521.5311004784688
40,7,11,395.0,65.0,10.5,0.5343854114483709,0.46561458855162907,521.5311004784688
41,7,11,405.0,65.0,10.5,0.5308618798672596,0.46913812013274037,521.5311004784688
42,7,11,415.0,65.0,10.5,0.5272189387695692,0.47278106123043084,521.5311004784688
43,7,11,425.0,65.0,10.5,0.5233846314187681,0.4766153685812319,521.5311004784688
44,7,11,435.0,65.0,10.5,0.5192122486160917,0.4807877513839083,521.5311004784688
45,7,11,445.0,65.0,10.5,0.5143746965622686,0.48562530343773136,521.5311004784688
46,7,11,455.0,65.0,10.5,0.5081079752356646,0.49189202476433536,521.5311004784688
47,7,11,465.0,65.0,10.5,0.49859175253380456,0.5014082474661954,521.5311004784688
48,7,11,475.0,65.0,10.5,0.4818073981578775,0.5181926018421226,521.5311004784688
49,7,11,485.0,65.0,10.5,0.4500393389458489,0.5499606610541511,521.5311004784688
50,7,11,495.0,65.0,10.5,0.385103101236615,0.6148968987633849,521.5311004784688
1,8,11,5.0,75.0,10.5,0.7464541770091819,0.25354582299081807,521.5311004784688
2,8,11,15.0,75.0,10.5,0.7373242545271544,0.26267574547284556,521.5311004784688
3,8,11,25.0,75.0,10.5,0.7267341511512203,0.2732658488487797,521.5311004784688
4,8,11,35.0,75.0,10.5,0.7157576843362621,0.2842423156637379,521.5311004784688
5,8,11,45.0,75.0,10.5,0.7050061025086387,0.2949938974913613,521.5311004784688
6,8,11,55.0,75.0,10.5,0.6947731656313532,0.30522683436864684,521.5311004784688
7,8,11,65.0,75.0,10.5,0.6851634706197235,0.3148365293802765,521.5311004784688
8,8,11,75.0,75.0,10.5,0.6761854364198414,0.3238145635801586,521.5311004784688
9,8,11,85.0,75.0,10.5,0.6678005346408068,0.3321994653591932,521.5311004784688
10,8,11,95.0,75.0,10.5,0.6599524575054069,0.3400475424945931,521.5311004784688
11,8,11,105.0,75.0,10.5,0.6525929793479451,0.34740702065205487,521.5311004784688
12,8,11,115.0,75.0,10.5,0.6456640052894725,0.35433599471052746,521.5311004784688
13,8,11,125.0,75.0,10.5,0.6391247463177357,0.36087525368226425,521.5311004784688
14,8,11,135.0,75.0,10.5,0.632927751397718,0.36707224860228205,521.5311004784688
15,8,11,145.0,75.0,10.5,0.6270429431252718,0.37295705687472824,521.5311004784688
16,8,11,155.0,75.0,10.5,0.6214389920081639,0.3785610079918361,521.5311004784688
17,8,11,165.0,75.0,10.5,0.6160835888300937,0.38391641116990627,521.5311004784688
18,8,11,175.0,75.0,10.5,0.6109489209991293,0.38905107900087066,521.5311004784688
19,8,11,185.0,75.0,10.5,0.6060146223510328,0.39398537764896724,521.5311004784688
20,8,11,195.0,75.0,10.5,0.6012620275102528,0.3987379724897472,521.5311004784688
21,8,11,205.0,75.0,10.5,0.5966661367692286,0.40333386323077136,521.5311004784688
22,8,11,215.0,75.0,10.5,0.5921944086293078,0.40780559137069217,521.5311004784688
23,8,11,225.0,75.0,10.5,0.5878342205445762,0.41216577945542376,521.5311004784688
24,8,11,235.0,75.0,10.5,0.5836048197833764,0.4163951802166236,521.5311004784688
25,8,11,245.0,75.0,10.5,0.5795052782363058,0.4204947217636942,521.5311004784688
26,8,11,255.0,75.0,10.5,0.5755237818753562,0.42447621812464376,521.5311004784688
27,8,11,265.0,75.0,10.5,0.5716445567683268,0.4283554432316732,521.5311004784688
28,8,11,275.0,75.0,10.5,0.5678511767185298,0.4321488232814702,521.5311004784688
29,8,11,285.0,75.0,10.5,0.5641362777500262,0.43586372224997383,521.5311004784688
30,8,11,295.0,75.0,10.5,0.5604997015474517,0.43950029845254834,521.5311004784688
31,8,11,305.0,75.0,10.5,0.556939994161767,0.443060005838233,521.5311004784688
32,8,11,315.0,75.0,10.5,0.5534415737443158,0.4465584262556842,521.5311004784688
33,8,11,325.0,75.0,10.5,0.5499861001921234,0.45001389980787665,521.5311004784688
34,8,11,335.0,75.0,10.5,0.5465629450424712,0.45343705495752884,521.5311004784688
35,8,11,345.0,75.0,10.5,0.5431667367070939,0.4568332632929061,521.5311004784688
36,8,11,355.0,75.0,10.5,0.5397989200777112,0.46020107992228876,521.5311004784688
37,8,11,365.0,75.0,10.5,0.5364609701535556,0.46353902984644435,521.5311004784688
38,8,11,375.0,75.0,10.5,0.5331183608882164,0.4668816391117836,521.5311004784688
39,8,11,385.0,75.0,10.5,0.5297339757778827,0.4702660242221173,521.5311004784688
40,8,11,395.0,75.0,10.5,0.526265595060419,0.47373440493958097,521.5311004784688
41,8,11,405.0,75.0,10.5,0.5226675939441271,0.4773324060558729,521.5311004784688
42,8,11,415.0,75.0,10.5,0.5188788400934685,0.4811211599065315,521.5311004784688
43,8,11,425.0,75.0,10.5,0.5147702462785225,0.4852297537214775,521.5311004784688
44,8,11,435.0,75.0,10.5,0.5100468359947249,0.4899531640052751,521.5311004784688
45,8,11,445.0,75.0,10.5,0.504088438288005,0.495911561711995,521.5311004784688
46,8,11,455.0,75.0,10.5,0.4955983448664731,0.5044016551335269,521.5311004784688
47,8,11,465.0,75.0,10.5,0.48193682365096974,0.5180631763490302,521.5311004784688
48,8,11,475.0,75.0,10.5,0.45834429586088077,0.5416557041391192,521.5311004784688
49,8,11,485.0,75.0,10.5,0.41752983592927456,0.5824701640707255,521.5311004784688
50,8,11,495.0,75.0,10.5,0.3421814795572571,0.6578185204427429,521.5311004784688
1,9,11,5.0,85.0,10.5,0.7146358615320706,0.2853641384679294,521.5311004784688
2,9,11,15.0,85.0,10.5,0.7069118521788674,0.29308814782113257,521.5311004784688
3,9,11,25.0,85.0,10.5,0.6978100381754402,0.3021899618245598,521.5311004784688
4,9,11,35.0,85.0,10.5,0.6882702887170699,0.31172971128293014,521.5311004784688
5,9,11,45.0,85.0,10.5,0.6788285097645415,0.32117149023545855,521.5311004784688
6,9,11,55.0,85.0,10.5,0.669752802396803,0.330247197603197,521.5311004784688
7,9,11,65.0,85.0,10.5,0.661156367378722,0.33884363262127803,521.5311004784688
8,9,11,75.0,85.0,10.5,0.653066694497249,0.34693330550275103,521.5311004784688
9,9,11,85.0,85.0,10.5,0.6454617036949171,0.35453829630508293,521.5311004784688
10,9,11,95.0,85.0,10.5,0.6383150393333483,0.3616849606666517,521.5311004784688
11,9,11,105.0,85.0,10.5,0.6315826024409767,0.36841739755902325,521.5311004784688
12,9,11,115.0,85.0,10.5,0.6252322833793111,0.37476771662068886,521.5311004784688
13,9,11,125.0,85.0,10.5,0.6192201675775335,0.3807798324224665,521.5311004784688
14,9,11,135.0,85.0,10.5,0.6135079911055382,0.3864920088944618,521.5311004784688
15,9,11,145.0,85.0,10.5,0.608073453633669,0.39192654636633095,521.5311004784688
16,9,11,155.0,85.0,10.5,0.6028936414386266,0.39710635856137344,521.5311004784688
17,9,11,165.0,85.0,10.5,0.5979359214536649,0.4020640785463351,521.5311004784688
18,9,11,175.0,85.0,10.5,0.593164744170911,0.40683525582908897,521.5311004784688
19,9,11,185.0,85.0,10.5,0.5885557336277933,0.41144426637220666,521.5311004784688
20,9,11,195.0,85.0,10.5,0.5840920912534314,0.4159079087465686,521.5311004784688
21,9,11,205.0,85.0,10.5,0.579760184190766,0.420239815809234,521.5311004784688
22,9,11,215.0,85.0,10.5,0.5755739441827636,0.42442605581723636,521.5311004784688
23,9,11,225.0,85.0,10.5,0.571514566648789,0.42848543335121103,521.5311004784688
24,9,11,235.0,85.0,10.5,0.5675704459515029,0.43242955404849714,521.5311004784688
25,9,11,245.0,85.0,10.5,0.5637435939459002,0.43625640605409977,521.5311004784688
26,9,11,255.0,85.0,10.5,0.5600320099629593,0.4399679900370407,521.5311004784688
27,9,11,265.0,85.0,10.5,0.5564194938760323,0.4435805061239677,521.5311004784688
28,9,11,275.0,85.0,10.5,0.5528766539623183,0.44712334603768167,521.5311004784688
29,9,11,285.0,85.0,10.5,0.549385766357506,0.450614233642494,521.5311004784688
30,9,11,295.0,85.0,10.5,0.5459524713883416,0.4540475286116584,521.5311004784688
31,9,11,305.0,85.0,10.5,0.5425903024005625,0.4574096975994375,521.5311004784688
32,9,11,315.0,85.0,10.5,0.5392945482203441,0.46070545177965594,521.5311004784688
33,9,11,325.0,85.0,10.5,0.5360381661612087,0.4639618338387913,521.5311004784688
34,9,11,335.0,85.0,10.5,0.5327824953704057,0.4672175046295943,521.5311004784688
35,9,11,345.0,85.0,10.5,0.5295038385522902,0.4704961614477098,521.5311004784688
36,9,11,355.0,85.0,10.5,0.5262118410190618,0.4737881589809382,521.5311004784688
37,9,11,365.0,85.0,10.5,0.522925125465741,0.477074874534259,521.5311004784688
38,9,11,375.0,85.0,10.5,0.5196464115391338,0.4803535884608662,521.5311004784688
39,9,11,385.0,85.0,10.5,0.516319268251582,0.48368073174841797,521.5311004784688
40,9,11,395.0,85.0,10.5,0.5127973311981959,0.4872026688018041,521.5311004784688
41,9,11,405.0,85.0,10.5,0.508974151638926,0.491025848361074,521.5311004784688
42,9,11,415.0,85.0,10.5,0.50475416409987,0.49524583590013005,521.5311004784688
43,9,11,425.0,85.0,10.5,0.4999455906212561,0.5000544093787439,521.5311004784688
44,9,11,435.0,85.0,10.5,0.49402674260520296,0.505973257394797,521.5311004784688
45,9,11,445.0,85.0,10.5,0.4858638140008437,0.5141361859991562,521.5311004784688
46,9,11,455.0,85.0,10.5,0.473396206909686,0.526603793090314,521.5311004784688
47,9,11,465.0,85.0,10.5,0.4532683819451378,0.5467316180548623,521.5311004784688
48,9,11,475.0,85.0,10.5,0.4208268500795853,0.5791731499204147,521.5311004784688
49,9,11,485.0,85.0,10.5,0.3718502950565564,0.6281497049434436,521.5311004784688
50,9,11,495.0,85.0,10.5,0.2925316195864557,0.7074683804135443,521.5311004784688
1,10,11,5.0,95.0,10.5,0.6595414392635928,0.34045856073640723,521.5311004784688
2,10,11,15.0,95.0,10.5,0.653570801674395,0.34642919832560504,521.5311004784688
3,10,11,25.0,95.0,10.5,0.6463301944445151,0.3536698055554849,521.5311004784688
4,10,11,35.0,95.0,10.5,0.6385644367484777,0.36143556325152226,521.5311004784688
5,10,11,45.0,95.0,10.5,0.6307195588145686,0.36928044118543135,521.5311004784688
6,10,11,55.0,95.0,10.5,0.6230488194669971,0.3769511805330029,521.5311004784688
7,10,11,65.0,95.0,10.5,0.6156705123397188,0.3843294876602812,521.5311004784688
8,10,11,75.0,95.0,10.5,0.6086412890658606,0.39135871093413943,521.5311004784688
9,10,11,85.0,95.0,10.5,0.6019619263840118,0.3980380736159882,521.5311004784688
10,10,11,95.0,95.0,10.5,0.5956224939570683,0.40437750604293166,521.5311004784688
11,10,11,105.0,95.0,10.5,0.5896080573144191,0.4103919426855809,521.5311004784688
12,10,11,115.0,95.0,10.5,0.5838955797336658,0.4161044202663342,521.5311004784688
13,10,11,125.0,95.0,10.5,0.5784520041345735,0.42154799586542646,521.5311004784688
14,10,11,135.0,95.0,10.5,0.5732482174260181,0.42675178257398194,521.5311004784688
15,10,11,145.0,95.0,10.5,0.5682721435449605,0.4317278564550395,521.5311004784688
16,10,11,155.0,95.0,10.5,0.563510947768903,0.436489052231097,521.5311004784688
17,10,11,165.0,95.0,10.5,0.5589267244712344,0.44107327552876563,521.5311004784688
18,10,11,175.0,95.0,10.5,0.554462582318252,0.44553741768174804,521.5311004784688
19,10,11,185.0,95.0,10.5,0.5501006703293511,0.44989932967064894,521.5311004784688
20,10,11,195.0,95.0,10.5,0.545876549409281,0.454123450590719,521.5311004784688
21,10,11,205.0,95.0,10.5,0.5418058721626599,0.45819412783734015,521.5311004784688
22,10,11,215.0,95.0,10.5,0.5378589390887084,0.4621410609112916,521.5311004784688
23,10,11,225.0,95.0,10.5,0.5340060656860877,0.46599393431391234,521.5311004784688
24,10,11,235.0,95.0,10.5,0.5302450290245968,0.4697549709754032,521.5311004784688
25,10,11,245.0,95.0,10.5,0.5265944410339838,0.4734055589660162,521.5311004784688
26,10,11,255.0,95.0,10.5,0.5230569634893535,0.4769430365106465,521.5311004784688
27,10,11,265.0,95.0,10.5,0.5196011301412259,0.4803988698587741,521.5311004784688
28,10,11,275.0,95.0,10.5,0.5161816290511433,0.4838183709488567,521.5311004784688
29,10,11,285.0,95.0,10.5,0.5127799603686093,0.4872200396313907,521.5311004784688
30,10,11,295.0,95.0,10.5,0.509417322776662,0.49058267722333804,521.5311004784688
31,10,11,305.0,95.0,10.5,0.5061199533894878,0.4938800466105122,521.5311004784688
32,10,11,315.0,95.0,10.5,0.5028725288749116,0.49712747112508837,521.5311004784688
33,10,11,325.0,95.0,10.5,0.4996071170570199,0.5003928829429801,521.5311004784688
34,10,11,335.0,95.0,10.5,0.4962474672596919,0.5037525327403081,521.5311004784688
35,10,11,345.0,95.0,10.5,0.4927663319937958,0.5072336680062042,521.5311004784688
36,10,11,355.0,95.0,10.5,0.4891870232508736,0.5108129767491264,521.5311004784688
37,10,11,365.0,95.0,10.5,0.4855235897494796,0.5144764102505204,521.5311004784688
38,10,11,375.0,95.0,10.5,0.4817075346095388,0.5182924653904613,521.5311004784688
39,10,11,385.0,95.0,10.5,0.4775647309023613,0.5224352690976387,521.5311004784688
40,10,11,395.0,95.0,10.5,0.4729229532256354,0.5270770467743646,521.5311004784688
41,10,11,405.0,95.0,10.5,0.4676047942030949,0.532395205796905,521.5311004784688
42,10,11,415.0,95.0,10.5,0.4614695659520169,0.5385304340479831,521.5311004784688
43,10,11,425.0,95.0,10.5,0.45429817356252333,0.5457018264374767,521.5311004784688
44,10,11,435.0,95.0,10.5,0.4454183157054046,0.5545816842945954,521.5311004784688
45,10,11,445.0,95.0,10.5,0.4332122046985543,0.5667877953014457,521.5311004784688
46,10,11,455.0,95.0,10.5,0.4146990945279613,0.5853009054720387,521.5311004784688
47,10,11,465.0,95.0,10.5,0.38503981089543515,0.6149601891045648,521.5311004784688
48,10,11,475.0,95.0,10.5,0.3375092150234976,0.6624907849765024,521.5311004784688
49,10,11,485.0,95.0,10.5,0.27129127490276916,0.7287087250972308,521.5311004784688
50,10,11,495.0,95.0,10.5,0.21269534595598774,0.7873046540440123,521.5311004784688
1,1,12,5.0,5.0,11.5,0.6965788795796937,0.30342112042030633,564.5933014354067
2,1,12,15.0,5.0,11.5,0.6890262903946744,0.31097370960532555,564.5933014354067
3,1,12,25.0,5.0,11.5,0.6802571885675752,0.3197428114324248,564.5933014354067
4,1,12,35.0,5.0,11.5,0.6711690863775306,0.3288309136224694,564.5933014354067
5,1,12,45.0,5.0,11.5,0.6622307407972785,0.3377692592027215,564.5933014354067
6,1,12,55.0,5.0,11.5,0.6536653392269678,0.3463346607730322,564.5933014354067
7,1,12,65.0,5.0,11.5,0.6455573435132285,0.35444265648677153,564.5933014354067
8,1,12,75.0,5.0,11.5,0.6379261939716345,0.3620738060283655,564.5933014354067
9,1,12,85.0,5.0,11.5,0.6307468878367412,0.36925311216325885,564.5933014354067
10,1,12,95.0,5.0,11.5,0.6239934927875967,0.37600650721240325,564.5933014354067
11,1,12,105.0,5.0,11.5,0.6176185597726409,0.3823814402273591,564.5933014354067
12,1,12,115.0,5.0,11.5,0.6115885098123758,0.3884114901876242,564.5933014354067
13,1,12,125.0,5.0,11.5,0.6058744254648438,0.3941255745351562,564.5933014354067
14,1,12,135.0,5.0,11.5,0.6004456241035177,0.39955437589648235,564.5933014354067
15,1,12,145.0,5.0,11.5,0.5952683535648063,0.40473164643519366,564.5933014354067
16,1,12,155.0,5.0,11.5,0.5903157072295505,0.4096842927704495,564.5933014354067
17,1,12,165.0,5.0,11.5,0.5855742240840379,0.4144257759159621,564.5933014354067
18,1,12,175.0,5.0,11.5,0.5810316797528801,0.41896832024711994,564.5933014354067
19,1,12,185.0,5.0,11.5,0.5766631699790647,0.42333683002093525,564.5933014354067
20,1,12,195.0,5.0,11.5,0.5724369842364544,0.4275630157635456,564.5933014354067
21,1,12,205.0,5.0,11.5,0.5683304271330213,0.4316695728669787,564.5933014354067
22,1,12,215.0,5.0,11.5,0.5643302516373547,0.43566974836264527,564.5933014354067
23,1,12,225.0,5.0,11.5,0.560445962580393,0.43955403741960697,564.5933014354067
24,1,12,235.0,5.0,11.5,0.5566854963039376,0.4433145036960624,564.5933014354067
25,1,12,245.0,5.0,11.5,0.553024716307019,0.446975283692981,564.5933014354067
26,1,12,255.0,5.0,11.5,0.5494524188135562,0.4505475811864438,564.5933014354067
27,1,12,265.0,5.0,11.5,0.5459761994673454,0.45402380053265456,564.5933014354067
28,1,12,275.0,5.0,11.5,0.5426050487028452,0.4573949512971548,564.5933014354067
29,1,12,285.0,5.0,11.5,0.5393289739304596,0.46067102606954036,564.5933014354067
30,1,12,295.0,5.0,11.5,0.5361234821981359,0.4638765178018641,564.5933014354067
31,1,12,305.0,5.0,11.5,0.5329656724556814,0.4670343275443186,564.5933014354067
32,1,12,315.0,5.0,11.5,0.5298539475173455,0.4701460524826545,564.5933014354067
33,1,12,325.0,5.0,11.5,0.5268107611889726,0.47318923881102737,564.5933014354067
34,1,12,335.0,5.0,11.5,0.5238490583018905,0.47615094169810945,564.5933014354067
35,1,12,345.0,5.0,11.5,0.5209558917764407,0.47904410822355925,564.5933014354067
36,1,12,355.0,5.0,11.5,0.5180952472044401,0.4819047527955599,564.5933014354067
37,1,12,365.0,5.0,11.5,0.5152334294208254,0.4847665705791746,564.5933014354067
38,1,12,375.0,5.0,11.5,0.5123729829058619,0.48762701709413814,564.5933014354067
39,1,12,385.0,5.0,11.5,0.5095391910573479,0.4904608089426521,564.5933014354067
40,1,12,395.0,5.0,11.5,0.5067498706618686,0.4932501293381314,564.5933014354067
41,1,12,405.0,5.0,11.5,0.5039776038343391,0.4960223961656609,564.5933014354067
42,1,12,415.0,5.0,11.5,0.5011382786055242,0.4988617213944758,564.5933014354067
43,1,12,425.0,5.0,11.5,0.49812120057945447,0.5018787994205456,564.5933014354067
44,1,12,435.0,5.0,11.5,0.49495158032240827,0.5050484196775917,564.5933014354067
45,1,12,445.0,5.0,11.5,0.4916011900014426,0.5083988099985575,564.5933014354067
46,1,12,455.0,5.0,11.5,0.4880237146950367,0.5119762853049633,564.5933014354067
47,1,12,465.0,5.0,11.5,0.48401316419928486,0.5159868358007151,564.5933014354067
48,1,12,475.0,5.0,11.5,0.4789193804853648,0.5210806195146351,564.5933014354067
49,1,12,485.0,5.0,11.5,0.47073030754434475,0.5292696924556552,564.5933014354067
50,1,12,495.0,5.0,11.5,0.447257723722552,0.552742276277448,564.5933014354067
1,2,12,5.0,15.0,11.5,0.7430116837511808,0.25698831624881924,564.5933014354067
2,2,12,15.0,15.0,11.5,0.7338052813038847,0.26619471869611533,564.5933014354067
3,2,12,25.0,15.0,11.5,0.7232955473419572,0.2767044526580428,564.5933014354067
4,2,12,35.0,15.0,11.5,0.7125588704353212,0.2874411295646788,564.5933014354067
5,2,12,45.0,15.0,11.5,0.7021552396025641,0.2978447603974359,564.5933014354067
6,2,12,55.0,15.0,11.5,0.6923268856215373,0.3076731143784627,564.5933014354067
7,2,12,65.0,15.0,11.5,0.6831422015233787,0.3168577984766213,564.5933014354067
8,2,12,75.0,15.0,11.5,0.6745864587096215,0.32541354129037847,564.5933014354067
9,2,12,85.0,15.0,11.5,0.6666148286759268,0.3333851713240732,564.5933014354067
10,2,12,95.0,15.0,11.5,0.6591702245420012,0.34082977545799875,564.5933014354067
11,2,12,105.0,15.0,11.5,0.6521899852607907,0.34781001473920925,564.5933014354067
12,2,12,115.0,15.0,11.5,0.6456260542072891,0.35437394579271086,564.5933014354067
13,2,12,125.0,15.0,11.5,0.6394365266552313,0.3605634733447687,564.5933014354067
14,2,12,135.0,15.0,11.5,0.6335759358601254,0.3664240641398746,564.5933014354067
15,2,12,145.0,15.0,11.5,0.6280087126974805,0.3719912873025195,564.5933014354067
16,2,12,155.0,15.0,11.5,0.6227052725824981,0.3772947274175019,564.5933014354067
17,2,12,165.0,15.0,11.5,0.6176433877754415,0.3823566122245585,564.5933014354067
18,2,12,175.0,15.0,11.5,0.6128016350539083,0.3871983649460917,564.5933014354067
19,2,12,185.0,15.0,11.5,0.6081544468283057,0.39184555317169434,564.5933014354067
20,2,12,195.0,15.0,11.5,0.6036762130574509,0.3963237869425491,564.5933014354067
21,2,12,205.0,15.0,11.5,0.5993496205696603,0.40065037943033965,564.5933014354067
22,2,12,215.0,15.0,11.5,0.5951630787865407,0.40483692121345927,564.5933014354067
23,2,12,225.0,15.0,11.5,0.5910987310484176,0.4089012689515824,564.5933014354067
24,2,12,235.0,15.0,11.5,0.5871429742041614,0.4128570257958386,564.5933014354067
25,2,12,245.0,15.0,11.5,0.5833018237304151,0.41669817626958494,564.5933014354067
26,2,12,255.0,15.0,11.5,0.5795659863522625,0.42043401364773747,564.5933014354067
27,2,12,265.0,15.0,11.5,0.5759358688072026,0.4240641311927974,564.5933014354067
28,2,12,275.0,15.0,11.5,0.5724108330324215,0.42758916696757854,564.5933014354067
29,2,12,285.0,15.0,11.5,0.5689781077910375,0.4310218922089625,564.5933014354067
30,2,12,295.0,15.0,11.5,0.5656203122404351,0.4343796877595649,564.5933014354067
31,2,12,305.0,15.0,11.5,0.5623263945162502,0.4376736054837498,564.5933014354067
32,2,12,315.0,15.0,11.5,0.559092675754136,0.440907324245864,564.5933014354067
33,2,12,325.0,15.0,11.5,0.5559284748691478,0.44407152513085224,564.5933014354067
34,2,12,335.0,15.0,11.5,0.5528390264328022,0.44716097356719775,564.5933014354067
35,2,12,345.0,15.0,11.5,0.5498093538483503,0.4501906461516497,564.5933014354067
36,2,12,355.0,15.0,11.5,0.5468213164882924,0.45317868351170765,564.5933014354067
37,2,12,365.0,15.0,11.5,0.5438579731743871,0.4561420268256129,564.5933014354067
38,2,12,375.0,15.0,11.5,0.5409217701279968,0.4590782298720032,564.5933014354067
39,2,12,385.0,15.0,11.5,0.5380296985570816,0.4619703014429184,564.5933014354067
40,2,12,395.0,15.0,11.5,0.5351843313699521,0.46481566863004786,564.5933014354067
41,2,12,405.0,15.0,11.5,0.5323718798229897,0.4676281201770103,564.5933014354067
42,2,12,415.0,15.0,11.5,0.52954420486255,0.47045579513744995,564.5933014354067
43,2,12,425.0,15.0,11.5,0.5266210927600924,0.4733789072399076,564.5933014354067
44,2,12,435.0,15.0,11.5,0.5234328587088146,0.4765671412911854,564.5933014354067
45,2,12,445.0,15.0,11.5,0.5197684495028864,0.48023155049711364,564.5933014354067
46,2,12,455.0,15.0,11.5,0.5152462152060743,0.4847537847939257,564.5933014354067
47,2,12,465.0,15.0,11.5,0.5092096480240564,0.49079035197594356,564.5933014354067
48,2,12,475.0,15.0,11.5,0.5006334058013138,0.49936659419868623,564.5933014354067
49,2,12,485.0,15.0,11.5,0.48772111669353974,0.5122788833064602,564.5933014354067
50,2,12,495.0,15.0,11.5,0.460096360130492,0.5399036398695081,564.5933014354067
1,3,12,5.0,25.0,11.5,0.7685503807540511,0.23144961924594887,564.5933014354067
2,3,12,15.0,25.0,11.5,0.7584903456633382,0.24150965433666183,564.5933014354067
3,3,12,25.0,25.0,11.5,0.7469289148787841,0.2530710851212159,564.5933014354067
4,3,12,35.0,25.0,11.5,0.7350812122804368,0.26491878771956323,564.5933014354067
5,3,12,45.0,25.0,11.5,0.723630065011868,0.276369934988132,564.5933014354067
6,3,12,55.0,25.0,11.5,0.7128737668053603,0.2871262331946397,564.5933014354067
7,3,12,65.0,25.0,11.5,0.7028911346875216,0.2971088653124784,564.5933014354067
8,3,12,75.0,25.0,11.5,0.6936489495026107,0.3063510504973893,564.5933014354067
9,3,12,85.0,25.0,11.5,0.6850884288414273,0.3149115711585727,564.5933014354067
10,3,12,95.0,25.0,11.5,0.6771246533914955,0.3228753466085045,564.5933014354067
11,3,12,105.0,25.0,11.5,0.669673582813688,0.33032641718631195,564.5933014354067
12,3,12,115.0,25.0,11.5,0.6626754081941287,0.33732459180587127,564.5933014354067
13,3,12,125.0,25.0,11.5,0.6560760306036807,0.3439239693963193,564.5933014354067
14,3,12,135.0,25.0,11.5,0.6498403069698094,0.35015969303019057,564.5933014354067
15,3,12,145.0,25.0,11.5,0.6439256090300179,0.35607439096998206,564.5933014354067
16,3,12,155.0,25.0,11.5,0.6382970329623573,0.3617029670376427,564.5933014354067
17,3,12,165.0,25.0,11.5,0.6329278969986633,0.36707210300133675,564.5933014354067
18,3,12,175.0,25.0,11.5,0.6277917323943435,0.3722082676056565,564.5933014354067
19,3,12,185.0,25.0,11.5,0.6228640793045547,0.3771359206954453,564.5933014354067
20,3,12,195.0,25.0,11.5,0.6181237887703572,0.38187621122964277,564.5933014354067
21,3,12,205.0,25.0,11.5,0.6135540509262953,0.38644594907370466,564.5933014354067
22,3,12,215.0,25.0,11.5,0.6091395654510374,0.3908604345489626,564.5933014354067
23,3,12,225.0,25.0,11.5,0.6048629506692008,0.3951370493307992,564.5933014354067
24,3,12,235.0,25.0,11.5,0.6007051956516875,0.39929480434831255,564.5933014354067
25,3,12,245.0,25.0,11.5,0.596645647238775,0.403354352761225,564.5933014354067
26,3,12,255.0,25.0,11.5,0.59268693095495,0.40731306904505005,564.5933014354067
27,3,12,265.0,25.0,11.5,0.5888389678233534,0.41116103217664657,564.5933014354067
28,3,12,275.0,25.0,11.5,0.585093931965801,0.41490606803419905,564.5933014354067
29,3,12,285.0,25.0,11.5,0.5814439873184546,0.4185560126815454,564.5933014354067
30,3,12,295.0,25.0,11.5,0.5778770285799655,0.4221229714200345,564.5933014354067
31,3,12,305.0,25.0,11.5,0.5743853622335157,0.42561463776648434,564.5933014354067
32,3,12,315.0,25.0,11.5,0.5709672622725555,0.42903273772744455,564.5933014354067
33,3,12,325.0,25.0,11.5,0.5676215182843855,0.43237848171561455,564.5933014354067
34,3,12,335.0,25.0,11.5,0.5643396993516292,0.4356603006483708,564.5933014354067
35,3,12,345.0,25.0,11.5,0.5611158828625549,0.43888411713744513,564.5933014354067
36,3,12,355.0,25.0,11.5,0.5579449097372355,0.44205509026276446,564.5933014354067
37,3,12,365.0,25.0,11.5,0.5548201660604295,0.4451798339395705,564.5933014354067
38,3,12,375.0,25.0,11.5,0.5517454396408559,0.4482545603591441,564.5933014354067
39,3,12,385.0,25.0,11.5,0.5487182157991294,0.4512817842008706,564.5933014354067
40,3,12,395.0,25.0,11.5,0.5457319770379171,0.4542680229620829,564.5933014354067
41,3,12,405.0,25.0,11.5,0.5427809427308509,0.45721905726914913,564.5933014354067
42,3,12,415.0,25.0,11.5,0.5398483787390023,0.46015162126099773,564.5933014354067
43,3,12,425.0,25.0,11.5,0.5369174154257662,0.4630825845742338,564.5933014354067
44,3,12,435.0,25.0,11.5,0.5338419919479326,0.4661580080520674,564.5933014354067
45,3,12,445.0,25.0,11.5,0.5305148695906302,0.4694851304093698,564.5933014354067
46,3,12,455.0,25.0,11.5,0.5266233182597295,0.4733766817402705,564.5933014354067
47,3,12,465.0,25.0,11.5,0.5214983158756215,0.47850168412437855,564.5933014354067
48,3,12,475.0,25.0,11.5,0.5138694820199567,0.48613051798004325,564.5933014354067
49,3,12,485.0,25.0,11.5,0.5011421522376358,0.4988578477623642,564.5933014354067
50,3,12,495.0,25.0,11.5,0.47371978415499555,0.5262802158450044,564.5933014354067
1,4,12,5.0,35.0,11.5,0.7849483151867599,0.2150516848132401,564.5933014354067
2,4,12,15.0,35.0,11.5,0.7749793424998561,0.22502065750014388,564.5933014354067
3,4,12,25.0,35.0,11.5,0.7629577702554401,0.2370422297445599,564.5933014354067
4,4,12,35.0,35.0,11.5,0.7503404702707773,0.24965952972922267,564.5933014354067
5,4,12,45.0,35.0,11.5,0.7380963487797861,0.26190365122021386,564.5933014354067
6,4,12,55.0,35.0,11.5,0.7267209013456516,0.2732790986543484,564.5933014354067
7,4,12,65.0,35.0,11.5,0.7162402124540854,0.2837597875459146,564.5933014354067
8,4,12,75.0,35.0,11.5,0.7065711812700091,0.29342881872999094,564.5933014354067
9,4,12,85.0,35.0,11.5,0.6976053081718868,0.3023946918281132,564.5933014354067
10,4,12,95.0,35.0,11.5,0.689262615381296,0.31073738461870404,564.5933014354067
11,4,12,105.0,35.0,11.5,0.6814697367286392,0.3185302632713608,564.5933014354067
12,4,12,115.0,35.0,11.5,0.6741643667863507,0.3258356332136493,564.5933014354067
13,4,12,125.0,35.0,11.5,0.6672796560607781,0.3327203439392219,564.5933014354067
14,4,12,135.0,35.0,11.5,0.6607660280702005,0.33923397192979954,564.5933014354067
15,4,12,145.0,35.0,11.5,0.6545829930215978,0.34541700697840216,564.5933014354067
16,4,12,155.0,35.0,11.5,0.6486925207104005,0.3513074792895995,564.5933014354067
17,4,12,165.0,35.0,11.5,0.6430689225864911,0.35693107741350893,564.5933014354067
18,4,12,175.0,35.0,11.5,0.6376880909018958,0.3623119090981042,564.5933014354067
19,4,12,185.0,35.0,11.5,0.6325257475360829,0.3674742524639171,564.5933014354067
20,4,12,195.0,35.0,11.5,0.6275611921050633,0.37243880789493666,564.5933014354067
21,4,12,205.0,35.0,11.5,0.6227789115191538,0.37722108848084623,564.5933014354067
22,4,12,215.0,35.0,11.5,0.618164391821229,0.38183560817877105,564.5933014354067
23,4,12,225.0,35.0,11.5,0.613701789104186,0.38629821089581395,564.5933014354067
24,4,12,235.0,35.0,11.5,0.6093734552184797,0.39062654478152026,564.5933014354067
25,4,12,245.0,35.0,11.5,0.6051621085468939,0.3948378914531061,564.5933014354067
26,4,12,255.0,35.0,11.5,0.6010535794149577,0.39894642058504226,564.5933014354067
27,4,12,265.0,35.0,11.5,0.5970389223569381,0.4029610776430619,564.5933014354067
28,4,12,275.0,35.0,11.5,0.5931292710524856,0.4068707289475144,564.5933014354067
29,4,12,285.0,35.0,11.5,0.589321756048128,0.410678243951872,564.5933014354067
30,4,12,295.0,35.0,11.5,0.5856053472480375,0.4143946527519625,564.5933014354067
31,4,12,305.0,35.0,11.5,0.5819735779654805,0.41802642203451945,564.5933014354067
32,4,12,315.0,35.0,11.5,0.5784199420474708,0.4215800579525292,564.5933014354067
33,4,12,325.0,35.0,11.5,0.5749423445130494,0.4250576554869506,564.5933014354067
34,4,12,335.0,35.0,11.5,0.5715397490592302,0.4284602509407698,564.5933014354067
35,4,12,345.0,35.0,11.5,0.568202462874504,0.43179753712549596,564.5933014354067
36,4,12,355.0,35.0,11.5,0.5649207165425258,0.43507928345747415,564.5933014354067
37,4,12,365.0,35.0,11.5,0.5616937949396553,0.4383062050603447,564.5933014354067
38,4,12,375.0,35.0,11.5,0.5585218007099783,0.44147819929002174,564.5933014354067
39,4,12,385.0,35.0,11.5,0.5554076084511191,0.44459239154888086,564.5933014354067
40,4,12,395.0,35.0,11.5,0.5523547389165104,0.44764526108348957,564.5933014354067
41,4,12,405.0,35.0,11.5,0.5493523912003406,0.45064760879965937,564.5933014354067
42,4,12,415.0,35.0,11.5,0.5463917334084695,0.45360826659153053,564.5933014354067
43,4,12,425.0,35.0,11.5,0.5434655885675802,0.4565344114324198,564.5933014354067
44,4,12,435.0,35.0,11.5,0.5405610857012664,0.4594389142987336,564.5933014354067
45,4,12,445.0,35.0,11.5,0.5375417317482218,0.46245826825177816,564.5933014354067
46,4,12,455.0,35.0,11.5,0.5341759113652241,0.46582408863477587,564.5933014354067
47,4,12,465.0,35.0,11.5,0.5300801104147617,0.46991988958523834,564.5933014354067
48,4,12,475.0,35.0,11.5,0.5241414810698793,0.47585851893012066,564.5933014354067
49,4,12,485.0,35.0,11.5,0.5136136847425865,0.4863863152574135,564.5933014354067
50,4,12,495.0,35.0,11.5,0.490137995010921,0.509862004989079,564.5933014354067
1,5,12,5.0,45.0,11.5,0.7956664988112938,0.2043335011887062,564.5933014354067
2,5,12,15.0,45.0,11.5,0.787446318269819,0.21255368173018097,564.5933014354067
3,5,12,25.0,45.0,11.5,0.7757229687366393,0.22427703126336074,564.5933014354067
4,5,12,35.0,45.0,11.5,0.7629140453417844,0.23708595465821558,564.5933014354067
5,5,12,45.0,45.0,11.5,0.750388844464232,0.24961115553576796,564.5933014354067
6,5,12,55.0,45.0,11.5,0.7385690511223674,0.26143094887763263,564.5933014354067
7,5,12,65.0,45.0,11.5,0.7276314619732885,0.27236853802671146,564.5933014354067
8,5,12,75.0,45.0,11.5,0.717573876805739,0.28242612319426097,564.5933014354067
9,5,12,85.0,45.0,11.5,0.7083000026453318,0.29169999735466823,564.5933014354067
10,5,12,95.0,45.0,11.5,0.6997043913157491,0.30029560868425087,564.5933014354067
11,5,12,105.0,45.0,11.5,0.6916977875903321,0.30830221240966793,564.5933014354067
12,5,12,115.0,45.0,11.5,0.6842026003510033,0.31579739964899667,564.5933014354067
13,5,12,125.0,45.0,11.5,0.6771497034813562,0.32285029651864383,564.5933014354067
14,5,12,135.0,45.0,11.5,0.6704889820755036,0.32951101792449644,564.5933014354067
15,5,12,145.0,45.0,11.5,0.6641765586120575,0.3358234413879425,564.5933014354067
16,5,12,155.0,45.0,11.5,0.658167232003083,0.341832767996917,564.5933014354067
17,5,12,165.0,45.0,11.5,0.6524344630288204,0.34756553697117964,564.5933014354067
18,5,12,175.0,45.0,11.5,0.6469512929405372,0.3530487070594628,564.5933014354067
19,5,12,185.0,45.0,11.5,0.641691475259293,0.35830852474070696,564.5933014354067
20,5,12,195.0,45.0,11.5,0.6366317673058796,0.36336823269412044,564.5933014354067
21,5,12,205.0,45.0,11.5,0.6317522389019654,0.3682477610980346,564.5933014354067
22,5,12,215.0,45.0,11.5,0.6270383401721965,0.3729616598278035,564.5933014354067
23,5,12,225.0,45.0,11.5,0.6224764393201448,0.37752356067985515,564.5933014354067
24,5,12,235.0,45.0,11.5,0.6180514972626486,0.38194850273735137,564.5933014354067
25,5,12,245.0,45.0,11.5,0.613746978169261,0.38625302183073895,564.5933014354067
26,5,12,255.0,45.0,11.5,0.6095475038503406,0.3904524961496594,564.5933014354067
27,5,12,265.0,45.0,11.5,0.6054406865490546,0.3945593134509454,564.5933014354067
28,5,12,275.0,45.0,11.5,0.6014263612169856,0.39857363878301444,564.5933014354067
29,5,12,285.0,45.0,11.5,0.5975132985793714,0.4024867014206286,564.5933014354067
30,5,12,295.0,45.0,11.5,0.5936937235720555,0.4063062764279445,564.5933014354067
31,5,12,305.0,45.0,11.5,0.5899564132513448,0.41004358674865515,564.5933014354067
32,5,12,315.0,45.0,11.5,0.5862966833264304,0.41370331667356963,564.5933014354067
33,5,12,325.0,45.0,11.5,0.5827077152798154,0.41729228472018465,564.5933014354067
34,5,12,335.0,45.0,11.5,0.5791856343792592,0.4208143656207408,564.5933014354067
35,5,12,345.0,45.0,11.5,0.5757244675714194,0.4242755324285806,564.5933014354067
36,5,12,355.0,45.0,11.5,0.5723157679525955,0.42768423204740447,564.5933014354067
37,5,12,365.0,45.0,11.5,0.5689454354451232,0.4310545645548768,564.5933014354067
38,5,12,375.0,45.0,11.5,0.5656073930460684,0.43439260695393156,564.5933014354067
39,5,12,385.0,45.0,11.5,0.5623029973965609,0.43769700260343913,564.5933014354067
40,5,12,395.0,45.0,11.5,0.5590267487555309,0.44097325124446907,564.5933014354067
41,5,12,405.0,45.0,11.5,0.555770264024902,0.44422973597509796,564.5933014354067
42,5,12,415.0,45.0,11.5,0.5525180880333088,0.4474819119666912,564.5933014354067
43,5,12,425.0,45.0,11.5,0.5492457791947077,0.45075422080529226,564.5933014354067
44,5,12,435.0,45.0,11.5,0.5459364850363297,0.45406351496367026,564.5933014354067
45,5,12,445.0,45.0,11.5,0.542569268223149,0.457430731776851,564.5933014354067
46,5,12,455.0,45.0,11.5,0.5390718401119297,0.46092815988807034,564.5933014354067
47,5,12,465.0,45.0,11.5,0.535006097603474,0.46499390239652605,564.5933014354067
48,5,12,475.0,45.0,11.5,0.5292491642696566,0.4707508357303434,564.5933014354067
49,5,12,485.0,45.0,11.5,0.5182363102718478,0.4817636897281522,564.5933014354067
50,5,12,495.0,45.0,11.5,0.4917193877511212,0.5082806122488788,564.5933014354067
1,6,12,5.0,55.0,11.5,0.7856149309059248,0.21438506909407518,564.5933014354067
2,6,12,15.0,55.0,11.5,0.7762025753956854,0.22379742460431462,564.5933014354067
3,6,12,25.0,55.0,11.5,0.7648079285087159,0.23519207149128407,564.5933014354067
4,6,12,35.0,55.0,11.5,0.7527550714682119,0.24724492853178814,564.5933014354067
5,6,12,45.0,55.0,11.5,0.7409448637576813,0.2590551362423187,564.5933014354067
6,6,12,55.0,55.0,11.5,0.7297917102097642,0.2702082897902358,564.5933014354067
7,6,12,65.0,55.0,11.5,0.7194052971799648,0.2805947028200352,564.5933014354067
8,6,12,75.0,55.0,11.5,0.7097739980137713,0.2902260019862287,564.5933014354067
9,6,12,85.0,55.0,11.5,0.7008314234723384,0.2991685765276616,564.5933014354067
10,6,12,95.0,55.0,11.5,0.692499745250305,0.307500254749695,564.5933014354067
11,6,12,105.0,55.0,11.5,0.6846985883461177,0.31530141165388226,564.5933014354067
12,6,12,115.0,55.0,11.5,0.6773701941739796,0.3226298058260204,564.5933014354067
13,6,12,125.0,55.0,11.5,0.6704564841673363,0.3295435158326637,564.5933014354067
14,6,12,135.0,55.0,11.5,0.663916734910042,0.336083265089958,564.5933014354067
15,6,12,145.0,55.0,11.5,0.6577015253456623,0.3422984746543377,564.5933014354067
16,6,12,155.0,55.0,11.5,0.6517832252361737,0.3482167747638263,564.5933014354067
17,6,12,165.0,55.0,11.5,0.6461333112514369,0.3538666887485631,564.5933014354067
18,6,12,175.0,55.0,11.5,0.6407249920885298,0.35927500791147016,564.5933014354067
19,6,12,185.0,55.0,11.5,0.6355341599705501,0.36446584002944993,564.5933014354067
20,6,12,195.0,55.0,11.5,0.6305399345514203,0.3694600654485797,564.5933014354067
21,6,12,205.0,55.0,11.5,0.6257253503115419,0.37427464968845814,564.5933014354067
22,6,12,215.0,55.0,11.5,0.6210759373022703,0.3789240626977297,564.5933014354067
23,6,12,225.0,55.0,11.5,0.6165773012055606,0.38342269879443935,564.5933014354067
24,6,12,235.0,55.0,11.5,0.6122131806285734,0.38778681937142656,564.5933014354067
25,6,12,245.0,55.0,11.5,0.6079666378061629,0.3920333621938371,564.5933014354067
26,6,12,255.0,55.0,11.5,0.6038223782711993,0.39617762172880067,564.5933014354067
27,6,12,265.0,55.0,11.5,0.5997674193600668,0.40023258063993317,564.5933014354067
28,6,12,275.0,55.0,11.5,0.5958083178244111,0.4041916821755889,564.5933014354067
29,6,12,285.0,55.0,11.5,0.5919511163969295,0.40804888360307046,564.5933014354067
30,6,12,295.0,55.0,11.5,0.5881833459177085,0.4118166540822915,564.5933014354067
31,6,12,305.0,55.0,11.5,0.5844950737429578,0.41550492625704216,564.5933014354067
32,6,12,315.0,55.0,11.5,0.5808815786179239,0.4191184213820761,564.5933014354067
33,6,12,325.0,55.0,11.5,0.5773422411310211,0.42265775886897894,564.5933014354067
34,6,12,335.0,55.0,11.5,0.5738709379273006,0.4261290620726994,564.5933014354067
35,6,12,345.0,55.0,11.5,0.5704577406543008,0.42954225934569923,564.5933014354067
36,6,12,355.0,55.0,11.5,0.5670923093036302,0.4329076906963698,564.5933014354067
37,6,12,365.0,55.0,11.5,0.5637620660914661,0.43623793390853394,564.5933014354067
38,6,12,375.0,55.0,11.5,0.5604618063266491,0.4395381936733509,564.5933014354067
39,6,12,385.0,55.0,11.5,0.55719071445937,0.44280928554063004,564.5933014354067
40,6,12,395.0,55.0,11.5,0.5539363183455809,0.4460636816544191,564.5933014354067
41,6,12,405.0,55.0,11.5,0.5506801589606803,0.44931984103931966,564.5933014354067
42,6,12,415.0,55.0,11.5,0.5473959580829857,0.4526040419170143,564.5933014354067
43,6,12,425.0,55.0,11.5,0.5440435618016896,0.45595643819831044,564.5933014354067
44,6,12,435.0,55.0,11.5,0.5405722877947318,0.45942771220526823,564.5933014354067
45,6,12,445.0,55.0,11.5,0.5368815774271362,0.46311842257286384,564.5933014354067
46,6,12,455.0,55.0,11.5,0.5327231633548318,0.46727683664516817,564.5933014354067
47,6,12,465.0,55.0,11.5,0.5274613183841218,0.4725386816158782,564.5933014354067
48,6,12,475.0,55.0,11.5,0.5194661995827966,0.4805338004172034,564.5933014354067
49,6,12,485.0,55.0,11.5,0.5040126340039724,0.49598736599602755,564.5933014354067
50,6,12,495.0,55.0,11.5,0.4650498962542161,0.5349501037457839,564.5933014354067
1,7,12,5.0,65.0,11.5,0.7709624328325377,0.22903756716746226,564.5933014354067
2,7,12,15.0,65.0,11.5,0.7616178321735786,0.2383821678264214,564.5933014354067
3,7,12,25.0,65.0,11.5,0.7507384552892797,0.24926154471072026,564.5933014354067
4,7,12,35.0,65.0,11.5,0.7394245864505682,0.2605754135494318,564.5933014354067
5,7,12,45.0,65.0,11.5,0.7283433054488544,0.2716566945511456,564.5933014354067
6,7,12,55.0,65.0,11.5,0.7178286659536568,0.2821713340463432,564.5933014354067
7,7,12,65.0,65.0,11.5,0.7079923645539761,0.2920076354460239,564.5933014354067
8,7,12,75.0,65.0,11.5,0.6988301231723573,0.30116987682764274,564.5933014354067
9,7,12,85.0,65.0,11.5,0.6902899195597557,0.3097100804402443,564.5933014354067
10,7,12,95.0,65.0,11.5,0.6823146259851833,0.31768537401481667,564.5933014354067
11,7,12,105.0,65.0,11.5,0.6748344996625197,0.32516550033748026,564.5933014354067
12,7,12,115.0,65.0,11.5,0.6677994014311553,0.33220059856884465,564.5933014354067
13,7,12,125.0,65.0,11.5,0.6611541166446573,0.3388458833553427,564.5933014354067
14,7,12,135.0,65.0,11.5,0.6548633113514567,0.3451366886485433,564.5933014354067
15,7,12,145.0,65.0,11.5,0.6488855081530788,0.35111449184692123,564.5933014354067
16,7,12,155.0,65.0,11.5,0.6431886601701516,0.35681133982984836,564.5933014354067
17,7,12,165.0,65.0,11.5,0.6377471429336738,0.36225285706632615,564.5933014354067
18,7,12,175.0,65.0,11.5,0.6325351739355283,0.36746482606447173,564.5933014354067
19,7,12,185.0,65.0,11.5,0.6275307791338617,0.3724692208661383,564.5933014354067
20,7,12,195.0,65.0,11.5,0.6227156298209067,0.37728437017909333,564.5933014354067
21,7,12,205.0,65.0,11.5,0.6180730153299877,0.3819269846700123,564.5933014354067
22,7,12,215.0,65.0,11.5,0.6135857124261092,0.38641428757389085,564.5933014354067
23,7,12,225.0,65.0,11.5,0.6092364087925103,0.3907635912074897,564.5933014354067
24,7,12,235.0,65.0,11.5,0.6050088054513303,0.3949911945486697,564.5933014354067
25,7,12,245.0,65.0,11.5,0.6008892555433293,0.3991107444566707,564.5933014354067
26,7,12,255.0,65.0,11.5,0.5968630742343934,0.40313692576560656,564.5933014354067
27,7,12,265.0,65.0,11.5,0.5929376891805133,0.40706231081948674,564.5933014354067
28,7,12,275.0,65.0,11.5,0.5891134781052115,0.41088652189478847,564.5933014354067
29,7,12,285.0,65.0,11.5,0.5853801809357131,0.4146198190642869,564.5933014354067
30,7,12,295.0,65.0,11.5,0.5817325114282927,0.41826748857170726,564.5933014354067
31,7,12,305.0,65.0,11.5,0.5781626106159102,0.42183738938408977,564.5933014354067
32,7,12,315.0,65.0,11.5,0.574664416172268,0.42533558382773196,564.5933014354067
33,7,12,325.0,65.0,11.5,0.5712322248030528,0.4287677751969472,564.5933014354067
34,7,12,335.0,65.0,11.5,0.5678565866248952,0.43214341337510476,564.5933014354067
35,7,12,345.0,65.0,11.5,0.564529050181767,0.435470949818233,564.5933014354067
36,7,12,355.0,65.0,11.5,0.5612473305879384,0.4387526694120616,564.5933014354067
37,7,12,365.0,65.0,11.5,0.5580020624226033,0.4419979375773967,564.5933014354067
38,7,12,375.0,65.0,11.5,0.5547824654646841,0.4452175345353159,564.5933014354067
39,7,12,385.0,65.0,11.5,0.5515768625377393,0.4484231374622607,564.5933014354067
40,7,12,395.0,65.0,11.5,0.548362003668988,0.451637996331012,564.5933014354067
41,7,12,405.0,65.0,11.5,0.5451087429448767,0.45489125705512334,564.5933014354067
42,7,12,415.0,65.0,11.5,0.5417860162494269,0.4582139837505731,564.5933014354067
43,7,12,425.0,65.0,11.5,0.53833740389514,0.46166259610486005,564.5933014354067
44,7,12,435.0,65.0,11.5,0.5346601963386001,0.46533980366139993,564.5933014354067
45,7,12,445.0,65.0,11.5,0.5305491439563078,0.4694508560436922,564.5933014354067
46,7,12,455.0,65.0,11.5,0.5255721058252025,0.47442789417479747,564.5933014354067
47,7,12,465.0,65.0,11.5,0.5187826350121914,0.48121736498780865,564.5933014354067
48,7,12,475.0,65.0,11.5,0.5080771239937204,0.4919228760062796,564.5933014354067
49,7,12,485.0,65.0,11.5,0.4877550557445673,0.5122449442554327,564.5933014354067
50,7,12,495.0,65.0,11.5,0.43723304614231706,0.5627669538576829,564.5933014354067
1,8,12,5.0,75.0,11.5,0.7501428885145264,0.24985711148547363,564.5933014354067
2,8,12,15.0,75.0,11.5,0.7415980858504929,0.2584019141495071,564.5933014354067
3,8,12,25.0,75.0,11.5,0.7316604126115833,0.2683395873884167,564.5933014354067
4,8,12,35.0,75.0,11.5,0.7213301382555299,0.27866986174447006,564.5933014354067
5,8,12,45.0,75.0,11.5,0.7111843214560117,0.28881567854398826,564.5933014354067
6,8,12,55.0,75.0,11.5,0.7015036421742615,0.29849635782573847,564.5933014354067
7,8,12,65.0,75.0,11.5,0.6923922287971235,0.3076077712028765,564.5933014354067
8,8,12,75.0,75.0,11.5,0.6838598933255887,0.3161401066744113,564.5933014354067
9,8,12,85.0,75.0,11.5,0.6758729386712119,0.3241270613287881,564.5933014354067
10,8,12,95.0,75.0,11.5,0.6683915803058613,0.3316084196941387,564.5933014354067
11,8,12,105.0,75.0,11.5,0.6613558293042804,0.3386441706957196,564.5933014354067
12,8,12,115.0,75.0,11.5,0.6547283941443361,0.34527160585566385,564.5933014354067
13,8,12,125.0,75.0,11.5,0.648460439944728,0.351539560055272,564.5933014354067
14,8,12,135.0,75.0,11.5,0.6425141504792312,0.3574858495207688,564.5933014354067
15,8,12,145.0,75.0,11.5,0.6368611878639276,0.36313881213607235,564.5933014354067
16,8,12,155.0,75.0,11.5,0.631471851252082,0.36852814874791795,564.5933014354067
17,8,12,165.0,75.0,11.5,0.6263181730844862,0.37368182691551377,564.5933014354067
18,8,12,175.0,75.0,11.5,0.6213763516808376,0.3786236483191624,564.5933014354067
19,8,12,185.0,75.0,11.5,0.6166278208155701,0.3833721791844299,564.5933014354067
20,8,12,195.0,75.0,11.5,0.6120563762255067,0.3879436237744933,564.5933014354067
21,8,12,205.0,75.0,11.5,0.6076437076385537,0.3923562923614463,564.5933014354067
22,8,12,215.0,75.0,11.5,0.603368511678487,0.39663148832151296,564.5933014354067
23,8,12,225.0,75.0,11.5,0.599210319050616,0.40078968094938405,564.5933014354067
24,8,12,235.0,75.0,11.5,0.595153042168481,0.404846957831519,564.5933014354067
25,8,12,245.0,75.0,11.5,0.5912053082744171,0.4087946917255829,564.5933014354067
26,8,12,255.0,75.0,11.5,0.5873718643821093,0.4126281356178907,564.5933014354067
27,8,12,265.0,75.0,11.5,0.5836389386586194,0.4163610613413806,564.5933014354067
28,8,12,275.0,75.0,11.5,0.5799939925243133,0.4200060074756867,564.5933014354067
29,8,12,285.0,75.0,11.5,0.5764324645894364,0.4235675354105636,564.5933014354067
30,8,12,295.0,75.0,11.5,0.5729495947579587,0.4270504052420413,564.5933014354067
31,8,12,305.0,75.0,11.5,0.5695410082362821,0.43045899176371794,564.5933014354067
32,8,12,315.0,75.0,11.5,0.566199229525534,0.43380077047446597,564.5933014354067
33,8,12,325.0,75.0,11.5,0.5629118784487503,0.43708812155124965,564.5933014354067
34,8,12,335.0,75.0,11.5,0.5596659538998533,0.4403340461001467,564.5933014354067
35,8,12,345.0,75.0,11.5,0.5564597880530037,0.44354021194699633,564.5933014354067
36,8,12,355.0,75.0,11.5,0.5532940488955086,0.4467059511044914,564.5933014354067
37,8,12,365.0,75.0,11.5,0.550166222543871,0.44983377745612896,564.5933014354067
38,8,12,375.0,75.0,11.5,0.5470560169709181,0.4529439830290819,564.5933014354067
39,8,12,385.0,75.0,11.5,0.5439346724815582,0.45606532751844175,564.5933014354067
40,8,12,395.0,75.0,11.5,0.5407712336780864,0.45922876632191356,564.5933014354067
41,8,12,405.0,75.0,11.5,0.537534584410271,0.462465415589729,564.5933014354067
42,8,12,415.0,75.0,11.5,0.5341786784178522,0.46582132158214784,564.5933014354067
43,8,12,425.0,75.0,11.5,0.5306209621386313,0.4693790378613687,564.5933014354067
44,8,12,435.0,75.0,11.5,0.5266887112000498,0.4733112887999502,564.5933014354067
45,8,12,445.0,75.0,11.5,0.52205398465863,0.47794601534137005,564.5933014354067
46,8,12,455.0,75.0,11.5,0.5161151481866993,0.48388485181330065,564.5933014354067
47,8,12,465.0,75.0,11.5,0.5077250778685768,0.4922749221314232,564.5933014354067
48,8,12,475.0,75.0,11.5,0.49453792953105574,0.5054620704689443,564.5933014354067
49,8,12,485.0,75.0,11.5,0.4703429149245296,0.5296570850754704,564.5933014354067
50,8,12,495.0,75.0,11.5,0.41039377622666634,0.5896062237733337,564.5933014354067
1,9,12,5.0,85.0,11.5,0.7201104695628483,0.2798895304371517,564.5933014354067
2,9,12,15.0,85.0,11.5,0.7128493903650734,0.28715060963492656,564.5933014354067
3,9,12,25.0,85.0,11.5,0.7042597883340797,0.29574021166592035,564.5933014354067
4,9,12,35.0,85.0,11.5,0.6952307082368444,0.3047692917631556,564.5933014354067
5,9,12,45.0,85.0,11.5,0.6862728950872506,0.31372710491274935,564.5933014354067
6,9,12,55.0,85.0,11.5,0.6776427182440962,0.32235728175590384,564.5933014354067
7,9,12,65.0,85.0,11.5,0.6694480891049893,0.3305519108950107,564.5933014354067
8,9,12,75.0,85.0,11.5,0.6617194410607431,0.3382805589392569,564.5933014354067
9,9,12,85.0,85.0,11.5,0.6544455499676679,0.3455544500323321,564.5933014354067
10,9,12,95.0,85.0,11.5,0.6475936527157573,0.3524063472842427,564.5933014354067
11,9,12,105.0,85.0,11.5,0.6411309352510054,0.3588690647489946,564.5933014354067
12,9,12,115.0,85.0,11.5,0.6350245470395036,0.3649754529604964,564.5933014354067
13,9,12,125.0,85.0,11.5,0.629235636136432,0.37076436386356804,564.5933014354067
14,9,12,135.0,85.0,11.5,0.6237312879661675,0.3762687120338325,564.5933014354067
15,9,12,145.0,85.0,11.5,0.6184895666549037,0.38151043334509627,564.5933014354067
16,9,12,155.0,85.0,11.5,0.6134877557889838,0.38651224421101615,564.5933014354067
17,9,12,165.0,85.0,11.5,0.6086992778503015,0.39130072214969847,564.5933014354067
18,9,12,175.0,85.0,11.5,0.6040978470259036,0.39590215297409637,564.5933014354067
19,9,12,185.0,85.0,11.5,0.5996652016991235,0.4003347983008765,564.5933014354067
20,9,12,195.0,85.0,11.5,0.5953887789308311,0.4046112210691689,564.5933014354067
21,9,12,205.0,85.0,11.5,0.5912486864525662,0.40875131354743377,564.5933014354067
22,9,12,215.0,85.0,11.5,0.5872177409815265,0.41278225901847354,564.5933014354067
23,9,12,225.0,85.0,11.5,0.5833039741078107,0.41669602589218935,564.5933014354067
24,9,12,235.0,85.0,11.5,0.5795061209335461,0.42049387906645386,564.5933014354067
25,9,12,245.0,85.0,11.5,0.5758229583050288,0.42417704169497117,564.5933014354067
26,9,12,255.0,85.0,11.5,0.5722507233577334,0.4277492766422666,564.5933014354067
27,9,12,265.0,85.0,11.5,0.5687731678149065,0.4312268321850935,564.5933014354067
28,9,12,275.0,85.0,11.5,0.5653719139815782,0.43462808601842184,564.5933014354067
29,9,12,285.0,85.0,11.5,0.5620387198046194,0.4379612801953806,564.5933014354067
30,9,12,295.0,85.0,11.5,0.5587724303541979,0.4412275696458021,564.5933014354067
31,9,12,305.0,85.0,11.5,0.5555786929804787,0.4444213070195213,564.5933014354067
32,9,12,315.0,85.0,11.5,0.5524561861689794,0.4475438138310206,564.5933014354067
33,9,12,325.0,85.0,11.5,0.5493821309553987,0.4506178690446013,564.5933014354067
34,9,12,335.0,85.0,11.5,0.5463348679300037,0.45366513206999626,564.5933014354067
35,9,12,345.0,85.0,11.5,0.5433033999550118,0.45669660004498824,564.5933014354067
36,9,12,355.0,85.0,11.5,0.5402905532376916,0.4597094467623084,564.5933014354067
37,9,12,365.0,85.0,11.5,0.537311103607367,0.462688896392633,564.5933014354067
38,9,12,375.0,85.0,11.5,0.5343647143526566,0.46563528564734336,564.5933014354067
39,9,12,385.0,85.0,11.5,0.5313913128670897,0.46860868713291026,564.5933014354067
40,9,12,395.0,85.0,11.5,0.5283204540271895,0.4716795459728105,564.5933014354067
41,9,12,405.0,85.0,11.5,0.5250904986180422,0.47490950138195775,564.5933014354067
42,9,12,415.0,85.0,11.5,0.5216502316695454,0.4783497683304546,564.5933014354067
43,9,12,425.0,85.0,11.5,0.517900683596665,0.48209931640333503,564.5933014354067
44,9,12,435.0,85.0,11.5,0.5136092506317024,0.4863907493682976,564.5933014354067
45,9,12,445.0,85.0,11.5,0.5083343812439434,0.49166561875605663,564.5933014354067
46,9,12,455.0,85.0,11.5,0.5013840614747136,0.4986159385252864,564.5933014354067
47,9,12,465.0,85.0,11.5,0.49168096355317875,0.5083190364468213,564.5933014354067
48,9,12,475.0,85.0,11.5,0.47704664745354525,0.5229533525464547,564.5933014354067
49,9,12,485.0,85.0,11.5,0.45064343455322886,0.5493565654467711,564.5933014354067
50,9,12,495.0,85.0,11.5,0.3829480827648068,0.6170519172351931,564.5933014354067
1,10,12,5.0,95.0,11.5,0.667800818874518,0.33219918112548197,564.5933014354067
2,10,12,15.0,95.0,11.5,0.6621570602330723,0.3378429397669277,564.5933014354067
3,10,12,25.0,95.0,11.5,0.6552909152911256,0.3447090847088744,564.5933014354067
4,10,12,35.0,95.0,11.5,0.647906952396793,0.35209304760320703,564.5933014354067
5,10,12,45.0,95.0,11.5,0.6404315578417221,0.3595684421582779,564.5933014354067
6,10,12,55.0,95.0,11.5,0.6331089941540052,0.36689100584599477,564.5933014354067
7,10,12,65.0,95.0,11.5,0.6260527068544294,0.3739472931455706,564.5933014354067
8,10,12,75.0,95.0,11.5,0.6193189721038025,0.3806810278961975,564.5933014354067
9,10,12,85.0,95.0,11.5,0.6129112344335481,0.3870887655664519,564.5933014354067
10,10,12,95.0,95.0,11.5,0.606821027596114,0.393178972403886,564.5933014354067
11,10,12,105.0,95.0,11.5,0.6010339638428837,0.39896603615711634,564.5933014354067
12,10,12,115.0,95.0,11.5,0.5955288288659969,0.4044711711340031,564.5933014354067
13,10,12,125.0,95.0,11.5,0.5902780025729074,0.4097219974270926,564.5933014354067
14,10,12,135.0,95.0,11.5,0.5852572729093597,0.4147427270906403,564.5933014354067
15,10,12,145.0,95.0,11.5,0.5804532204654927,0.41954677953450725,564.5933014354067
16,10,12,155.0,95.0,11.5,0.5758526848281265,0.42414731517187354,564.5933014354067
17,10,12,165.0,95.0,11.5,0.5714307806547277,0.42856921934527226,564.5933014354067
18,10,12,175.0,95.0,11.5,0.5671583056798852,0.43284169432011477,564.5933014354067
19,10,12,185.0,95.0,11.5,0.5630161062446941,0.4369838937553059,564.5933014354067
20,10,12,195.0,95.0,11.5,0.5589873500589483,0.4410126499410517,564.5933014354067
21,10,12,205.0,95.0,11.5,0.5550678034710729,0.4449321965289271,564.5933014354067
22,10,12,215.0,95.0,11.5,0.5512694011814225,0.44873059881857746,564.5933014354067
23,10,12,225.0,95.0,11.5,0.5475723140884974,0.4524276859115026,564.5933014354067
24,10,12,235.0,95.0,11.5,0.5439722852968922,0.45602771470310777,564.5933014354067
25,10,12,245.0,95.0,11.5,0.5404775551975596,0.4595224448024404,564.5933014354067
26,10,12,255.0,95.0,11.5,0.5370897821581369,0.46291021784186315,564.5933014354067
27,10,12,265.0,95.0,11.5,0.5337876050327729,0.4662123949672271,564.5933014354067
28,10,12,275.0,95.0,11.5,0.5305444433452303,0.4694555566547697,564.5933014354067
29,10,12,285.0,95.0,11.5,0.5273511826899956,0.4726488173100044,564.5933014354067
30,10,12,295.0,95.0,11.5,0.5242182851808195,0.4757817148191805,564.5933014354067
31,10,12,305.0,95.0,11.5,0.5211623469056775,0.47883765309432247,564.5933014354067
32,10,12,315.0,95.0,11.5,0.5181767123478743,0.4818232876521257,564.5933014354067
33,10,12,325.0,95.0,11.5,0.5152244104347817,0.48477558956521827,564.5933014354067
34,10,12,335.0,95.0,11.5,0.5122682322504583,0.48773176774954174,564.5933014354067
35,10,12,345.0,95.0,11.5,0.5092967922370562,0.49070320776294385,564.5933014354067
36,10,12,355.0,95.0,11.5,0.5063301259854911,0.4936698740145089,564.5933014354067
37,10,12,365.0,95.0,11.5,0.5033844892784195,0.4966155107215805,564.5933014354067
38,10,12,375.0,95.0,11.5,0.5004338785625261,0.4995661214374739,564.5933014354067
39,10,12,385.0,95.0,11.5,0.4974333442678629,0.5025666557321371,564.5933014354067
40,10,12,395.0,95.0,11.5,0.4943152829600946,0.5056847170399055,564.5933014354067
41,10,12,405.0,95.0,11.5,0.4910398788242154,0.5089601211757846,564.5933014354067
42,10,12,415.0,95.0,11.5,0.4876055232387722,0.5123944767612278,564.5933014354067
43,10,12,425.0,95.0,11.5,0.4840058095243813,0.5159941904756187,564.5933014354067
44,10,12,435.0,95.0,11.5,0.48011855359450145,0.5198814464054986,564.5933014354067
45,10,12,445.0,95.0,11.5,0.475627401463792,0.524372598536208,564.5933014354067
46,10,12,455.0,95.0,11.5,0.4700280237336425,0.5299719762663575,564.5933014354067
47,10,12,465.0,95.0,11.5,0.46252847921273255,0.5374715207872675,564.5933014354067
48,10,12,475.0,95.0,11.5,0.45106412423533576,0.5489358757646643,564.5933014354067
49,10,12,485.0,95.0,11.5,0.42731874256022334,0.5726812574397766,564.5933014354067
50,10,12,495.0,95.0,11.5,0.35092465022936675,0.6490753497706332,564.5933014354067
1,1,13,5.0,5.0,12.5,0.7026367214770565,0.29736327852294353,607.6555023923444
2,1,13,15.0,5.0,12.5,0.6954985354569114,0.3045014645430886,607.6555023923444
3,1,13,25.0,5.0,12.5,0.6871943751370115,0.31280562486298846,607.6555023923444
4,1,13,35.0,5.0,12.5,0.6785660866287111,0.3214339133712889,607.6555023923444
5,1,13,45.0,5.0,12.5,0.6700607886771774,0.32993921132282256,607.6555023923444
6,1,13,55.0,5.0,12.5,0.6618978439812923,0.33810215601870774,607.6555023923444
7,1,13,65.0,5.0,12.5,0.6541578564647396,0.34584214353526044,607.6555023923444
8,1,13,75.0,5.0,12.5,0.6468562275318069,0.35314377246819306,607.6555023923444
9,1,13,85.0,5.0,12.5,0.6399802876824774,0.3600197123175226,607.6555023923444
10,1,13,95.0,5.0,12.5,0.6334992783597121,0.3665007216402879,607.6555023923444
11,1,13,105.0,5.0,12.5,0.6273727457346319,0.37262725426536814,607.6555023923444
12,1,13,115.0,5.0,12.5,0.6215711158862229,0.37842888411377706,607.6555023923444
13,1,13,125.0,5.0,12.5,0.6160646367508555,0.38393536324914446,607.6555023923444
14,1,13,135.0,5.0,12.5,0.6108245934102048,0.3891754065897952,607.6555023923444
15,1,13,145.0,5.0,12.5,0.6058222059754158,0.3941777940245842,607.6555023923444
16,1,13,155.0,5.0,12.5,0.6010343736304689,0.39896562636953115,607.6555023923444
17,1,13,165.0,5.0,12.5,0.5964463589439538,0.4035536410560462,607.6555023923444
18,1,13,175.0,5.0,12.5,0.5920441766686391,0.40795582333136093,607.6555023923444
19,1,13,185.0,5.0,12.5,0.5878082608295591,0.41219173917044094,607.6555023923444
20,1,13,195.0,5.0,12.5,0.583716594870661,0.41628340512933903,607.6555023923444
21,1,13,205.0,5.0,12.5,0.5797544028084015,0.4202455971915985,607.6555023923444
22,1,13,215.0,5.0,12.5,0.575914860741289,0.42408513925871105,607.6555023923444
23,1,13,225.0,5.0,12.5,0.5721815903750715,0.42781840962492845,607.6555023923444
24,1,13,235.0,5.0,12.5,0.5685408657889984,0.43145913421100157,607.6555023923444
25,1,13,245.0,5.0,12.5,0.5649975071979434,0.4350024928020566,607.6555023923444
26,1,13,255.0,5.0,12.5,0.5615462333451188,0.4384537666548812,607.6555023923444
27,1,13,265.0,5.0,12.5,0.5581869813485225,0.4418130186514775,607.6555023923444
28,1,13,275.0,5.0,12.5,0.5549218722550813,0.44507812774491873,607.6555023923444
29,1,13,285.0,5.0,12.5,0.5517469747140165,0.44825302528598354,607.6555023923444
30,1,13,295.0,5.0,12.5,0.5486437695238336,0.45135623047616635,607.6555023923444
31,1,13,305.0,5.0,12.5,0.5455968857336657,0.4544031142663343,607.6555023923444
32,1,13,315.0,5.0,12.5,0.5426094927427121,0.4573905072572879,607.6555023923444
33,1,13,325.0,5.0,12.5,0.5396895059683535,0.4603104940316465,607.6555023923444
34,1,13,335.0,5.0,12.5,0.5368475710653444,0.4631524289346556,607.6555023923444
35,1,13,345.0,5.0,12.5,0.5340746124814376,0.4659253875185624,607.6555023923444
36,1,13,355.0,5.0,12.5,0.5313485668807832,0.46865143311921675,607.6555023923444
37,1,13,365.0,5.0,12.5,0.5286533149361393,0.4713466850638607,607.6555023923444
38,1,13,375.0,5.0,12.5,0.5259886784357957,0.47401132156420434,607.6555023923444
39,1,13,385.0,5.0,12.5,0.5233739997032888,0.4766260002967112,607.6555023923444
40,1,13,395.0,5.0,12.5,0.5208160473951786,0.4791839526048214,607.6555023923444
41,1,13,405.0,5.0,12.5,0.5182987165650204,0.48170128343497964,607.6555023923444
42,1,13,415.0,5.0,12.5,0.5157625268699891,0.48423747313001086,607.6555023923444
43,1,13,425.0,5.0,12.5,0.5131468628190138,0.4868531371809862,607.6555023923444
44,1,13,435.0,5.0,12.5,0.5104825897977775,0.4895174102022225,607.6555023923444
45,1,13,445.0,5.0,12.5,0.5077572163164812,0.4922427836835188,607.6555023923444
46,1,13,455.0,5.0,12.5,0.5049394765875436,0.49506052341245643,607.6555023923444
47,1,13,465.0,5.0,12.5,0.5019117122931859,0.4980882877068141,607.6555023923444
48,1,13,475.0,5.0,12.5,0.4983358180651042,0.5016641819348958,607.6555023923444
49,1,13,485.0,5.0,12.5,0.49329057296898876,0.5067094270310113,607.6555023923444
50,1,13,495.0,5.0,12.5,0.48172053543297094,0.518279464567029,607.6555023923444
1,2,13,5.0,15.0,12.5,0.7466285639343845,0.2533714360656155,607.6555023923444
2,2,13,15.0,15.0,12.5,0.737967646693142,0.26203235330685803,607.6555023923444
3,2,13,25.0,15.0,12.5,0.7280523760048584,0.2719476239951416,607.6555023923444
4,2,13,35.0,15.0,12.5,0.7178994815869025,0.28210051841309747,607.6555023923444
5,2,13,45.0,15.0,12.5,0.7080391768908013,0.2919608231091987,607.6555023923444
6,2,13,55.0,15.0,12.5,0.6987025188290715,0.30129748117092847,607.6555023923444
7,2,13,65.0,15.0,12.5,0.6899573792735995,0.31004262072640054,607.6555023923444
8,2,13,75.0,15.0,12.5,0.6817990403695409,0.31820095963045913,607.6555023923444
9,2,13,85.0,15.0,12.5,0.6741825311211428,0.3258174688788572,607.6555023923444
10,2,13,95.0,15.0,12.5,0.6670531606934569,0.3329468393065431,607.6555023923444
11,2,13,105.0,15.0,12.5,0.6603613682472755,0.33963863175272446,607.6555023923444
12,2,13,115.0,15.0,12.5,0.6540612464494815,0.3459387535505185,607.6555023923444
13,2,13,125.0,15.0,12.5,0.6481050250984116,0.3518949749015884,607.6555023923444
14,2,13,135.0,15.0,12.5,0.6424599749213381,0.3575400250786619,607.6555023923444
15,2,13,145.0,15.0,12.5,0.6370922835442387,0.36290771645576125,607.6555023923444
16,2,13,155.0,15.0,12.5,0.6319736917916606,0.36802630820833937,607.6555023923444
17,2,13,165.0,15.0,12.5,0.6270824429276285,0.3729175570723715,607.6555023923444
18,2,13,175.0,15.0,12.5,0.6223984775125233,0.3776015224874767,607.6555023923444
19,2,13,185.0,15.0,12.5,0.6179002919986866,0.38209970800131343,607.6555023923444
20,2,13,195.0,15.0,12.5,0.6135676077512362,0.3864323922487638,607.6555023923444
21,2,13,205.0,15.0,12.5,0.6093858645653754,0.39061413543462464,607.6555023923444
22,2,13,215.0,15.0,12.5,0.6053451960578057,0.3946548039421943,607.6555023923444
23,2,13,225.0,15.0,12.5,0.6014337295085256,0.3985662704914744,607.6555023923444
24,2,13,235.0,15.0,12.5,0.5976282380069882,0.40237176199301183,607.6555023923444
25,2,13,245.0,15.0,12.5,0.5939123324511454,0.4060876675488546,607.6555023923444
26,2,13,255.0,15.0,12.5,0.5902957558005721,0.40970424419942786,607.6555023923444
27,2,13,265.0,15.0,12.5,0.5867829973811015,0.4132170026188985,607.6555023923444
28,2,13,275.0,15.0,12.5,0.5833672322942028,0.41663276770579716,607.6555023923444
29,2,13,285.0,15.0,12.5,0.580039009252634,0.41996099074736604,607.6555023923444
30,2,13,295.0,15.0,12.5,0.5767898189567081,0.4232101810432919,607.6555023923444
31,2,13,305.0,15.0,12.5,0.573606630218265,0.42639336978173503,607.6555023923444
32,2,13,315.0,15.0,12.5,0.5704875206788581,0.4295124793211419,607.6555023923444
33,2,13,325.0,15.0,12.5,0.5674408169578795,0.4325591830421205,607.6555023923444
34,2,13,335.0,15.0,12.5,0.56446220080229,0.43553779919770996,607.6555023923444
35,2,13,345.0,15.0,12.5,0.5615462843450714,0.43845371565492863,607.6555023923444
36,2,13,355.0,15.0,12.5,0.5586799006710728,0.44132009932892724,607.6555023923444
37,2,13,365.0,15.0,12.5,0.5558512782430114,0.4441487217569886,607.6555023923444
38,2,13,375.0,15.0,12.5,0.5530663091963012,0.4469336908036988,607.6555023923444
39,2,13,385.0,15.0,12.5,0.5503289208138146,0.44967107918618543,607.6555023923444
40,2,13,395.0,15.0,12.5,0.5476458348730321,0.4523541651269679,607.6555023923444
41,2,13,405.0,15.0,12.5,0.5449994593911182,0.45500054060888184,607.6555023923444
42,2,13,415.0,15.0,12.5,0.5423609646668173,0.45763903533318273,607.6555023923444
43,2,13,425.0,15.0,12.5,0.5396497139917061,0.46035028600829386,607.6555023923444
44,2,13,435.0,15.0,12.5,0.536736325858719,0.463263674141281,607.6555023923444
45,2,13,445.0,15.0,12.5,0.5334340362503043,0.4665659637496957,607.6555023923444
46,2,13,455.0,15.0,12.5,0.5294238100516259,0.47057618994837414,607.6555023923444
47,2,13,465.0,15.0,12.5,0.5242140608851599,0.47578593911484013,607.6555023923444
48,2,13,475.0,15.0,12.5,0.5171665957591672,0.48283340424083276,607.6555023923444
49,2,13,485.0,15.0,12.5,0.5073782486558824,0.49262175134411756,607.6555023923444
50,2,13,495.0,15.0,12.5,0.49053408639628193,0.5094659136037181,607.6555023923444
1,3,13,5.0,25.0,12.5,0.7706682733575428,0.22933172664245716,607.6555023923444
2,3,13,15.0,25.0,12.5,0.7612436664165131,0.2387563335834869,607.6555023923444
3,3,13,25.0,25.0,12.5,0.7503871906367641,0.24961280936323593,607.6555023923444
4,3,13,35.0,25.0,12.5,0.7392299639168577,0.2607700360831423,607.6555023923444
5,3,13,45.0,25.0,12.5,0.7284176270199375,0.2715823729800625,607.6555023923444
6,3,13,55.0,25.0,12.5,0.7182439386754401,0.2817560613245599,607.6555023923444
7,3,13,65.0,25.0,12.5,0.7087795562739038,0.29122044372609623,607.6555023923444
8,3,13,75.0,25.0,12.5,0.6999969950861478,0.30000300491385223,607.6555023923444
9,3,13,85.0,25.0,12.5,0.6918570501397,0.3081429498603,607.6555023923444
10,3,13,95.0,25.0,12.5,0.6842664159512465,0.3157335840487535,607.6555023923444
11,3,13,105.0,25.0,12.5,0.6771520909887472,0.3228479090112528,607.6555023923444
12,3,13,115.0,25.0,12.5,0.6704586573085829,0.3295413426914171,607.6555023923444
13,3,13,125.0,25.0,12.5,0.6641411733756899,0.3358588266243101,607.6555023923444
14,3,13,135.0,25.0,12.5,0.6581528488774641,0.34184715112253594,607.6555023923444
15,3,13,145.0,25.0,12.5,0.6524671071868772,0.34753289281312283,607.6555023923444
16,3,13,155.0,25.0,12.5,0.6470532364181252,0.3529467635818748,607.6555023923444
17,3,13,165.0,25.0,12.5,0.6418833596584034,0.3581166403415966,607.6555023923444
18,3,13,175.0,25.0,12.5,0.6369330899880761,0.3630669100119239,607.6555023923444
19,3,13,185.0,25.0,12.5,0.6321805634652784,0.3678194365347216,607.6555023923444
20,3,13,195.0,25.0,12.5,0.6276070003993961,0.3723929996006039,607.6555023923444
21,3,13,205.0,25.0,12.5,0.6231968887627473,0.37680311123725274,607.6555023923444
22,3,13,215.0,25.0,12.5,0.6189368457439987,0.38106315425600135,607.6555023923444
23,3,13,225.0,25.0,12.5,0.6148126917621886,0.38518730823781144,607.6555023923444
24,3,13,235.0,25.0,12.5,0.6108111202461552,0.38918887975384475,607.6555023923444
25,3,13,245.0,25.0,12.5,0.6069172872109535,0.3930827127890465,607.6555023923444
26,3,13,255.0,25.0,12.5,0.6031167817305314,0.3968832182694686,607.6555023923444
27,3,13,265.0,25.0,12.5,0.5994017522891993,0.40059824771080066,607.6555023923444
28,3,13,275.0,25.0,12.5,0.5957818004763622,0.4042181995236378,607.6555023923444
29,3,13,285.0,25.0,12.5,0.5922550785172408,0.4077449214827592,607.6555023923444
30,3,13,295.0,25.0,12.5,0.5888089802938499,0.41119101970615013,607.6555023923444
31,3,13,305.0,25.0,12.5,0.5854374471839049,0.4145625528160951,607.6555023923444
32,3,13,315.0,25.0,12.5,0.5821410657867662,0.41785893421323383,607.6555023923444
33,3,13,325.0,25.0,12.5,0.5789130538237659,0.4210869461762341,607.6555023923444
34,3,13,335.0,25.0,12.5,0.5757499986041335,0.42425000139586655,607.6555023923444
35,3,13,345.0,25.0,12.5,0.5726495403341556,0.4273504596658444,607.6555023923444
36,3,13,355.0,25.0,12.5,0.5696012313576273,0.4303987686423727,607.6555023923444
37,3,13,365.0,25.0,12.5,0.566605441508062,0.433394558491938,607.6555023923444
38,3,13,375.0,25.0,12.5,0.563662003576713,0.43633799642328697,607.6555023923444
39,3,13,385.0,25.0,12.5,0.5607690093612746,0.4392309906387254,607.6555023923444
40,3,13,395.0,25.0,12.5,0.5579277584380249,0.4420722415619751,607.6555023923444
41,3,13,405.0,25.0,12.5,0.5551267233289846,0.4448732766710154,607.6555023923444
42,3,13,415.0,25.0,12.5,0.5523590389571594,0.44764096104284057,607.6555023923444
43,3,13,425.0,25.0,12.5,0.5496019589850816,0.4503980410149184,607.6555023923444
44,3,13,435.0,25.0,12.5,0.5467220315617989,0.4532779684382011,607.6555023923444
45,3,13,445.0,25.0,12.5,0.5436301741497122,0.45636982585028785,607.6555023923444
46,3,13,455.0,25.0,12.5,0.5400552069328108,0.45994479306718916,607.6555023923444
47,3,13,465.0,25.0,12.5,0.5354543586349154,0.4645456413650846,607.6555023923444
48,3,13,475.0,25.0,12.5,0.5288612518892781,0.47113874811072187,607.6555023923444
49,3,13,485.0,25.0,12.5,0.5187167159829347,0.4812832840170653,607.6555023923444
50,3,13,495.0,25.0,12.5,0.5004824289996647,0.49951757100033534,607.6555023923444
1,4,13,5.0,35.0,12.5,0.7860041821508745,0.21399581784912547,607.6555023923444
2,4,13,15.0,35.0,12.5,0.7767071699854381,0.2232928300145619,607.6555023923444
3,4,13,25.0,35.0,12.5,0.7654426514055772,0.2345573485944228,607.6555023923444
4,4,13,35.0,35.0,12.5,0.7536085069417361,0.2463914930582639,607.6555023923444
5,4,13,45.0,35.0,12.5,0.7420740006034869,0.25792599939651306,607.6555023923444
6,4,13,55.0,35.0,12.5,0.7313554321249428,0.2686445678750572,607.6555023923444
7,4,13,65.0,35.0,12.5,0.7214537976509481,0.2785462023490519,607.6555023923444
8,4,13,75.0,35.0,12.5,0.7122992421428288,0.2877007578571712,607.6555023923444
9,4,13,85.0,35.0,12.5,0.7037870672228921,0.2962129327771079,607.6555023923444
10,4,13,95.0,35.0,12.5,0.695852089677233,0.304147910322767,607.6555023923444
11,4,13,105.0,35.0,12.5,0.6884366256449096,0.3115633743550904,607.6555023923444
12,4,13,115.0,35.0,12.5,0.6814645310940711,0.3185354689059289,607.6555023923444
13,4,13,125.0,35.0,12.5,0.6748940463967694,0.3251059536032306,607.6555023923444
14,4,13,135.0,35.0,12.5,0.6686711409014534,0.3313288590985466,607.6555023923444
15,4,13,145.0,35.0,12.5,0.6627501182624136,0.3372498817375864,607.6555023923444
16,4,13,155.0,35.0,12.5,0.6571048564198825,0.3428951435801175,607.6555023923444
17,4,13,165.0,35.0,12.5,0.6517089096075536,0.34829109039244643,607.6555023923444
18,4,13,175.0,35.0,12.5,0.6465386312996108,0.35346136870038924,607.6555023923444
19,4,13,185.0,35.0,12.5,0.6415727285475378,0.3584272714524622,607.6555023923444
20,4,13,195.0,35.0,12.5,0.6367929037257051,0.3632070962742949,607.6555023923444
21,4,13,205.0,35.0,12.5,0.6321844736486377,0.3678155263513623,607.6555023923444
22,4,13,215.0,35.0,12.5,0.6277349588829569,0.37226504111704306,607.6555023923444
23,4,13,225.0,35.0,12.5,0.6234307398569952,0.37656926014300485,607.6555023923444
24,4,13,235.0,35.0,12.5,0.6192574912184705,0.3807425087815295,607.6555023923444
25,4,13,245.0,35.0,12.5,0.6152021829264511,0.3847978170735489,607.6555023923444
26,4,13,255.0,35.0,12.5,0.611255497373645,0.38874450262635496,607.6555023923444
27,4,13,265.0,35.0,12.5,0.6074051765913695,0.3925948234086305,607.6555023923444
28,4,13,275.0,35.0,12.5,0.6036389654990664,0.39636103450093363,607.6555023923444
29,4,13,285.0,35.0,12.5,0.5999580492481911,0.40004195075180893,607.6555023923444
30,4,13,295.0,35.0,12.5,0.5963681682571635,0.40363183174283646,607.6555023923444
31,4,13,305.0,35.0,12.5,0.5928598079056432,0.4071401920943568,607.6555023923444
32,4,13,315.0,35.0,12.5,0.5894273163662566,0.41057268363374344,607.6555023923444
33,4,13,325.0,35.0,12.5,0.5860699823760134,0.4139300176239866,607.6555023923444
34,4,13,335.0,35.0,12.5,0.5827854660075322,0.4172145339924678,607.6555023923444
35,4,13,345.0,35.0,12.5,0.579564054247481,0.42043594575251897,607.6555023923444
36,4,13,355.0,35.0,12.5,0.576403132671765,0.423596867328235,607.6555023923444
37,4,13,365.0,35.0,12.5,0.5732996241303479,0.42670037586965215,607.6555023923444
38,4,13,375.0,35.0,12.5,0.5702514543224669,0.42974854567753307,607.6555023923444
39,4,13,385.0,35.0,12.5,0.5672659733347013,0.4327340266652987,607.6555023923444
40,4,13,395.0,35.0,12.5,0.5643392682988629,0.43566073170113706,607.6555023923444
41,4,13,405.0,35.0,12.5,0.5614693015704305,0.4385306984295695,607.6555023923444
42,4,13,415.0,35.0,12.5,0.5586509749500687,0.44134902504993134,607.6555023923444
43,4,13,425.0,35.0,12.5,0.5558763237280603,0.4441236762719397,607.6555023923444
44,4,13,435.0,35.0,12.5,0.5531376932520091,0.4468623067479909,607.6555023923444
45,4,13,445.0,35.0,12.5,0.550299020687382,0.449700979312618,607.6555023923444
46,4,13,455.0,35.0,12.5,0.5471591853405379,0.45284081465946213,607.6555023923444
47,4,13,465.0,35.0,12.5,0.5433941093338803,0.4566058906661197,607.6555023923444
48,4,13,475.0,35.0,12.5,0.538081111255791,0.46191888874420906,607.6555023923444
49,4,13,485.0,35.0,12.5,0.52934141271909,0.47065858728091003,607.6555023923444
50,4,13,495.0,35.0,12.5,0.5126938746295717,0.4873061253704283,607.6555023923444
1,5,13,5.0,45.0,12.5,0.7960274768100877,0.20397252318991232,607.6555023923444
2,5,13,15.0,45.0,12.5,0.788353376451558,0.211646623548442,607.6555023923444
3,5,13,25.0,45.0,12.5,0.777388429785513,0.22261157021448696,607.6555023923444
4,5,13,35.0,45.0,12.5,0.7653705932264548,0.23462940677354516,607.6555023923444
5,5,13,45.0,45.0,12.5,0.7536205247101102,0.2463794752898898,607.6555023923444
6,5,13,55.0,45.0,12.5,0.7424754998331989,0.25752450016680106,607.6555023923444
7,5,13,65.0,45.0,12.5,0.7321562469143446,0.26784375308565544,607.6555023923444
8,5,13,75.0,45.0,12.5,0.7226444934958812,0.2773555065041188,607.6555023923444
9,5,13,85.0,45.0,12.5,0.7138555910997134,0.2861444089002866,607.6555023923444
10,5,13,95.0,45.0,12.5,0.7056942378288696,0.29430576217113036,607.6555023923444
11,5,13,105.0,45.0,12.5,0.6980855996572465,0.3019144003427535,607.6555023923444
12,5,13,115.0,45.0,12.5,0.6909425191244112,0.3090574808755888,607.6555023923444
13,5,13,125.0,45.0,12.5,0.6842210499573197,0.3157789500426803,607.6555023923444
14,5,13,135.0,45.0,12.5,0.6778577429987397,0.3221422570012603,607.6555023923444
15,5,13,145.0,45.0,12.5,0.6718162501438208,0.32818374985617915,607.6555023923444
16,5,13,155.0,45.0,12.5,0.666063305562262,0.333936694437738,607.6555023923444
17,5,13,165.0,45.0,12.5,0.6605679513029165,0.33943204869708354,607.6555023923444
18,5,13,175.0,45.0,12.5,0.6553041963891169,0.34469580361088314,607.6555023923444
19,5,13,185.0,45.0,12.5,0.6502495630935772,0.3497504369064228,607.6555023923444
20,5,13,195.0,45.0,12.5,0.6453839767777626,0.3546160232222374,607.6555023923444
21,5,13,205.0,45.0,12.5,0.6406906098583671,0.3593093901416329,607.6555023923444
22,5,13,215.0,45.0,12.5,0.6361542903348526,0.3638457096651474,607.6555023923444
23,5,13,225.0,45.0,12.5,0.6317624854546071,0.3682375145453929,607.6555023923444
24,5,13,235.0,45.0,12.5,0.6275022673259019,0.37249773267409814,607.6555023923444
25,5,13,245.0,45.0,12.5,0.6233602977480426,0.3766397022519574,607.6555023923444
26,5,13,255.0,45.0,12.5,0.6193248631755972,0.3806751368244028,607.6555023923444
27,5,13,265.0,45.0,12.5,0.6153867546452564,0.3846132453547436,607.6555023923444
28,5,13,275.0,45.0,12.5,0.6115386484509943,0.38846135154900574,607.6555023923444
29,5,13,285.0,45.0,12.5,0.6077680539144236,0.39223194608557643,607.6555023923444
30,5,13,295.0,45.0,12.5,0.6040798367681565,0.39592016323184354,607.6555023923444
31,5,13,305.0,45.0,12.5,0.6004725126351187,0.3995274873648813,607.6555023923444
32,5,13,315.0,45.0,12.5,0.5969426872802923,0.4030573127197077,607.6555023923444
33,5,13,325.0,45.0,12.5,0.5934806892602941,0.40651931073970593,607.6555023923444
34,5,13,335.0,45.0,12.5,0.5900822868214735,0.40991771317852654,607.6555023923444
35,5,13,345.0,45.0,12.5,0.5867457187958667,0.4132542812041333,607.6555023923444
36,5,13,355.0,45.0,12.5,0.5834591564611911,0.41654084353880894,607.6555023923444
37,5,13,365.0,45.0,12.5,0.5802138758942743,0.4197861241057257,607.6555023923444
38,5,13,375.0,45.0,12.5,0.577009051802389,0.42299094819761096,607.6555023923444
39,5,13,385.0,45.0,12.5,0.5738378789535005,0.42616212104649953,607.6555023923444
40,5,13,395.0,45.0,12.5,0.5706970778227617,0.4293029221772383,607.6555023923444
41,5,13,405.0,45.0,12.5,0.5675821172817627,0.43241788271823733,607.6555023923444
42,5,13,415.0,45.0,12.5,0.5644754594796776,0.4355245405203224,607.6555023923444
43,5,13,425.0,45.0,12.5,0.5613650597622429,0.43863494023775706,607.6555023923444
44,5,13,435.0,45.0,12.5,0.5582376809298639,0.4417623190701361,607.6555023923444
45,5,13,445.0,45.0,12.5,0.5550710647624635,0.4449289352375365,607.6555023923444
46,5,13,455.0,45.0,12.5,0.5518084524819751,0.4481915475180249,607.6555023923444
47,5,13,465.0,45.0,12.5,0.5480809714345602,0.45191902856543975,607.6555023923444
48,5,13,475.0,45.0,12.5,0.5429595909715245,0.45704040902847554,607.6555023923444
49,5,13,485.0,45.0,12.5,0.534038735770647,0.465961264229353,607.6555023923444
50,5,13,495.0,45.0,12.5,0.5150479002179258,0.4849520997820742,607.6555023923444
1,6,13,5.0,55.0,12.5,0.7866386395213688,0.2133613604786312,607.6555023923444
2,6,13,15.0,55.0,12.5,0.7778564817760251,0.22214351822397493,607.6555023923444
3,6,13,25.0,55.0,12.5,0.7671769725227703,0.23282302747722972,607.6555023923444
4,6,13,35.0,55.0,12.5,0.7558697753467394,0.24413022465326062,607.6555023923444
5,6,13,45.0,55.0,12.5,0.7447711203313276,0.25522887966867236,607.6555023923444
6,6,13,55.0,55.0,12.5,0.7342548185614837,0.26574518143851633,607.6555023923444
7,6,13,65.0,55.0,12.5,0.724443825667248,0.27555617433275204,607.6555023923444
8,6,13,75.0,55.0,12.5,0.7153276761048432,0.28467232389515684,607.6555023923444
9,6,13,85.0,55.0,12.5,0.7068498511634664,0.29315014883653356,607.6555023923444
10,6,13,95.0,55.0,12.5,0.6989337353150026,0.3010662646849974,607.6555023923444
11,6,13,105.0,55.0,12.5,0.6915097549346276,0.30849024506537237,607.6555023923444
12,6,13,115.0,55.0,12.5,0.6845281571793266,0.3154718428206734,607.6555023923444
13,6,13,125.0,55.0,12.5,0.6779308699548382,0.3220691300451618,607.6555023923444
14,6,13,135.0,55.0,12.5,0.6716758174436575,0.32832418255634255,607.6555023923444
15,6,13,145.0,55.0,12.5,0.6657302995574224,0.33426970044257764,607.6555023923444
16,6,13,155.0,55.0,12.5,0.6600611859582015,0.3399388140417985,607.6555023923444
17,6,13,165.0,55.0,12.5,0.6546405431717839,0.3453594568282161,607.6555023923444
18,6,13,175.0,55.0,12.5,0.6494446971933174,0.35055530280668257,607.6555023923444
19,6,13,185.0,55.0,12.5,0.6444534383987733,0.35554656160122666,607.6555023923444
20,6,13,195.0,55.0,12.5,0.6396480189431879,0.3603519810568121,607.6555023923444
21,6,13,205.0,55.0,12.5,0.635012520219763,0.36498747978023705,607.6555023923444
22,6,13,215.0,55.0,12.5,0.630534114916565,0.36946588508343503,607.6555023923444
23,6,13,225.0,55.0,12.5,0.6261993355277562,0.3738006644722438,607.6555023923444
24,6,13,235.0,55.0,12.5,0.6219948785396593,0.3780051214603407,607.6555023923444
25,6,13,245.0,55.0,12.5,0.6179076240860294,0.3820923759139706,607.6555023923444
26,6,13,255.0,55.0,12.5,0.6139258800245745,0.3860741199754255,607.6555023923444
27,6,13,265.0,55.0,12.5,0.6100392081786395,0.38996079182136045,607.6555023923444
28,6,13,275.0,55.0,12.5,0.6062389850954042,0.3937610149045958,607.6555023923444
29,6,13,285.0,55.0,12.5,0.6025163844108613,0.3974836155891387,607.6555023923444
30,6,13,295.0,55.0,12.5,0.5988777622876469,0.4011222377123531,607.6555023923444
31,6,13,305.0,55.0,12.5,0.5953172911420176,0.4046827088579824,607.6555023923444
32,6,13,315.0,55.0,12.5,0.5918328531010149,0.40816714689898514,607.6555023923444
33,6,13,325.0,55.0,12.5,0.5884179418110624,0.41158205818893756,607.6555023923444
34,6,13,335.0,55.0,12.5,0.5850679066063952,0.4149320933936048,607.6555023923444
35,6,13,345.0,55.0,12.5,0.581777744319213,0.41822225568078697,607.6555023923444
36,6,13,355.0,55.0,12.5,0.5785344333099034,0.4214655666900966,607.6555023923444
37,6,13,365.0,55.0,12.5,0.5753299918563105,0.4246700081436895,607.6555023923444
38,6,13,375.0,55.0,12.5,0.572163137453768,0.427836862546232,607.6555023923444
39,6,13,385.0,55.0,12.5,0.5690244565454277,0.43097554345457234,607.6555023923444
40,6,13,395.0,55.0,12.5,0.5659060046909424,0.43409399530905757,607.6555023923444
41,6,13,405.0,55.0,12.5,0.5627951537538799,0.4372048462461201,607.6555023923444
42,6,13,415.0,55.0,12.5,0.5596655353577716,0.44033446464222836,607.6555023923444
43,6,13,425.0,55.0,12.5,0.5564897383320789,0.44351026166792107,607.6555023923444
44,6,13,435.0,55.0,12.5,0.5532210770602171,0.44677892293978294,607.6555023923444
45,6,13,445.0,55.0,12.5,0.5497687551990357,0.4502312448009643,607.6555023923444
46,6,13,455.0,55.0,12.5,0.5459335583260657,0.4540664416739343,607.6555023923444
47,6,13,465.0,55.0,12.5,0.5412518398784358,0.45874816012156416,607.6555023923444
48,6,13,475.0,55.0,12.5,0.5345791414809559,0.46542085851904413,607.6555023923444
49,6,13,485.0,55.0,12.5,0.5232622937679682,0.4767377062320318,607.6555023923444
50,6,13,495.0,55.0,12.5,0.49721265891516386,0.5027873410848361,607.6555023923444
1,7,13,5.0,65.0,12.5,0.7729369716282791,0.22706302837172088,607.6555023923444
2,7,13,15.0,65.0,12.5,0.7641837362540125,0.23581626374598752,607.6555023923444
3,7,13,25.0,65.0,12.5,0.7539752655270007,0.24602473447299933,607.6555023923444
4,7,13,35.0,65.0,12.5,0.7433287683548017,0.25667123164519834,607.6555023923444
5,7,13,45.0,65.0,12.5,0.7328822030757763,0.26711779692422366,607.6555023923444
6,7,13,55.0,65.0,12.5,0.7229492816285664,0.2770507183714336,607.6555023923444
7,7,13,65.0,65.0,12.5,0.7136357137224558,0.2863642862775442,607.6555023923444
8,7,13,75.0,65.0,12.5,0.7049409299195136,0.2950590700804864,607.6555023923444
9,7,13,85.0,65.0,12.5,0.6968265142316877,0.30317348576831227,607.6555023923444
10,7,13,95.0,65.0,12.5,0.6892317030346076,0.31076829696539243,607.6555023923444
11,7,13,105.0,65.0,12.5,0.6820980091691966,0.3179019908308034,607.6555023923444
12,7,13,115.0,65.0,12.5,0.6753772322037235,0.3246227677962765,607.6555023923444
13,7,13,125.0,65.0,12.5,0.6690262389762114,0.3309737610237886,607.6555023923444
14,7,13,135.0,65.0,12.5,0.6629976763727063,0.33700232362729365,607.6555023923444
15,7,13,145.0,65.0,12.5,0.6572635236501655,0.3427364763498345,607.6555023923444
16,7,13,155.0,65.0,12.5,0.6517946122525733,0.3482053877474267,607.6555023923444
17,7,13,165.0,65.0,12.5,0.6465643449438421,0.3534356550561579,607.6555023923444
18,7,13,175.0,65.0,12.5,0.6415496369643571,0.3584503630356429,607.6555023923444
19,7,13,185.0,65.0,12.5,0.6367307746275702,0.3632692253724298,607.6555023923444
20,7,13,195.0,65.0,12.5,0.6320912345299534,0.3679087654700466,607.6555023923444
21,7,13,205.0,65.0,12.5,0.6276154135015932,0.3723845864984068,607.6555023923444
22,7,13,215.0,65.0,12.5,0.6232885390120516,0.3767114609879484,607.6555023923444
23,7,13,225.0,65.0,12.5,0.6190964084747678,0.38090359152523223,607.6555023923444
24,7,13,235.0,65.0,12.5,0.6150261598924088,0.38497384010759117,607.6555023923444
25,7,13,245.0,65.0,12.5,0.6110685965088554,0.38893140349114463,607.6555023923444
26,7,13,255.0,65.0,12.5,0.6072100424656646,0.39278995753433543,607.6555023923444
27,7,13,265.0,65.0,12.5,0.6034355493789924,0.39656445062100765,607.6555023923444
28,7,13,275.0,65.0,12.5,0.5997426533717574,0.40025734662824264,607.6555023923444
29,7,13,285.0,65.0,12.5,0.5961392308913602,0.40386076910863977,607.6555023923444
30,7,13,295.0,65.0,12.5,0.5926184779682052,0.4073815220317948,607.6555023923444
31,7,13,305.0,65.0,12.5,0.5891724029269622,0.41082759707303784,607.6555023923444
32,7,13,315.0,65.0,12.5,0.5857966323445236,0.4142033676554764,607.6555023923444
33,7,13,325.0,65.0,12.5,0.582486975441519,0.41751302455848105,607.6555023923444
34,7,13,335.0,65.0,12.5,0.5792317653617949,0.4207682346382051,607.6555023923444
35,7,13,345.0,65.0,12.5,0.5760292535610932,0.42397074643890675,607.6555023923444
36,7,13,355.0,65.0,12.5,0.5728755758760858,0.42712442412391416,607.6555023923444
37,7,13,365.0,65.0,12.5,0.5697575833888169,0.4302424166111831,607.6555023923444
38,7,13,375.0,65.0,12.5,0.5666710165659385,0.43332898343406145,607.6555023923444
39,7,13,385.0,65.0,12.5,0.5636020292194457,0.4363979707805543,607.6555023923444
40,7,13,395.0,65.0,12.5,0.5605314434841736,0.4394685565158264,607.6555023923444
41,7,13,405.0,65.0,12.5,0.5574406085337826,0.44255939146621737,607.6555023923444
42,7,13,415.0,65.0,12.5,0.5542955226016353,0.4457044773983647,607.6555023923444
43,7,13,425.0,65.0,12.5,0.5510493447851267,0.4489506552148733,607.6555023923444
44,7,13,435.0,65.0,12.5,0.5476150817845864,0.4523849182154136,607.6555023923444
45,7,13,445.0,65.0,12.5,0.543822675364118,0.456177324635882,607.6555023923444
46,7,13,455.0,65.0,12.5,0.5393460376069461,0.4606539623930539,607.6555023923444
47,7,13,465.0,65.0,12.5,0.533552490349182,0.46644750965081805,607.6555023923444
48,7,13,475.0,65.0,12.5,0.5251787253075961,0.47482127469240387,607.6555023923444
49,7,13,485.0,65.0,12.5,0.5114219852438713,0.4885780147561287,607.6555023923444
50,7,13,495.0,65.0,12.5,0.4796934488401855,0.5203065511598145,607.6555023923444
1,8,13,5.0,75.0,12.5,0.7533513192217903,0.24664868077820967,607.6555023923444
2,8,13,15.0,75.0,12.5,0.7453223865402617,0.2546776134597383,607.6555023923444
3,8,13,25.0,75.0,12.5,0.7359633697921772,0.26403663020782275,607.6555023923444
4,8,13,35.0,75.0,12.5,0.7262124287092744,0.2737875712907256,607.6555023923444
5,8,13,45.0,75.0,12.5,0.7166126508521832,0.2833873491478168,607.6555023923444
6,8,13,55.0,75.0,12.5,0.7074327027753117,0.2925672972246883,607.6555023923444
7,8,13,65.0,75.0,12.5,0.698773834744694,0.301226165255306,607.6555023923444
8,8,13,75.0,75.0,12.5,0.6906478658770409,0.30935213412295914,607.6555023923444
9,8,13,85.0,75.0,12.5,0.6830358144664754,0.31696418553352457,607.6555023923444
10,8,13,95.0,75.0,12.5,0.6758828161611213,0.32411718383887866,607.6555023923444
11,8,13,105.0,75.0,12.5,0.6691566573919112,0.3308433426080888,607.6555023923444
12,8,13,115.0,75.0,12.5,0.6628030473242252,0.33719695267577476,607.6555023923444
13,8,13,125.0,75.0,12.5,0.6567874826149036,0.3432125173850964,607.6555023923444
14,8,13,135.0,75.0,12.5,0.651076606194318,0.34892339380568205,607.6555023923444
15,8,13,145.0,75.0,12.5,0.6456396295919857,0.35436037040801427,607.6555023923444
16,8,13,155.0,75.0,12.5,0.6404495234430827,0.3595504765569173,607.6555023923444
17,8,13,165.0,75.0,12.5,0.6354820540362346,0.3645179459637654,607.6555023923444
18,8,13,175.0,75.0,12.5,0.6307159659078613,0.3692840340921387,607.6555023923444
19,8,13,185.0,75.0,12.5,0.6261340232634925,0.37386597673650745,607.6555023923444
20,8,13,195.0,75.0,12.5,0.6217213220431341,0.37827867795686587,607.6555023923444
21,8,13,205.0,75.0,12.5,0.6174622337108476,0.38253776628915237,607.6555023923444
22,8,13,215.0,75.0,12.5,0.6133399422176127,0.3866600577823873,607.6555023923444
23,8,13,225.0,75.0,12.5,0.6093391444440541,0.3906608555559459,607.6555023923444
24,8,13,235.0,75.0,12.5,0.6054478011735733,0.39455219882642667,607.6555023923444
25,8,13,245.0,75.0,12.5,0.6016557412813127,0.3983442587186873,607.6555023923444
26,8,13,255.0,75.0,12.5,0.5979531788713738,0.4020468211286262,607.6555023923444
27,8,13,265.0,75.0,12.5,0.5943459161066663,0.4056540838933337,607.6555023923444
28,8,13,275.0,75.0,12.5,0.5908266699871234,0.4091733300128766,607.6555023923444
29,8,13,285.0,75.0,12.5,0.5873902021508528,0.4126097978491472,607.6555023923444
30,8,13,295.0,75.0,12.5,0.5840289548760796,0.41597104512392036,607.6555023923444
31,8,13,305.0,75.0,12.5,0.5807401454458164,0.4192598545541836,607.6555023923444
32,8,13,315.0,75.0,12.5,0.57751952140018,0.42248047859981996,607.6555023923444
33,8,13,325.0,75.0,12.5,0.5743526894599668,0.42564731054003324,607.6555023923444
34,8,13,335.0,75.0,12.5,0.5712335652278547,0.42876643477214527,607.6555023923444
35,8,13,345.0,75.0,12.5,0.5681587347967622,0.43184126520323785,607.6555023923444
36,8,13,355.0,75.0,12.5,0.565125374257526,0.43487462574247404,607.6555023923444
37,8,13,365.0,75.0,12.5,0.5621341303928219,0.4378658696071781,607.6555023923444
38,8,13,375.0,75.0,12.5,0.559163491343844,0.440836508656156,607.6555023923444
39,8,13,385.0,75.0,12.5,0.5561934823272152,0.4438065176727848,607.6555023923444
40,8,13,395.0,75.0,12.5,0.5532001517394672,0.44679984826053276,607.6555023923444
41,8,13,405.0,75.0,12.5,0.5501507557435728,0.44984924425642725,607.6555023923444
42,8,13,415.0,75.0,12.5,0.5470094808185165,0.4529905191814835,607.6555023923444
43,8,13,425.0,75.0,12.5,0.5437021494400506,0.4562978505599494,607.6555023923444
44,8,13,435.0,75.0,12.5,0.5400909265543972,0.45990907344560283,607.6555023923444
45,8,13,445.0,75.0,12.5,0.5359326538058165,0.46406734619418355,607.6555023923444
46,8,13,455.0,75.0,12.5,0.5308125012230759,0.4691874987769241,607.6555023923444
47,8,13,465.0,75.0,12.5,0.524052885946512,0.475947114053488,607.6555023923444
48,8,13,475.0,75.0,12.5,0.5145456676271422,0.48545433237285784,607.6555023923444
49,8,13,485.0,75.0,12.5,0.49966338205015237,0.5003366179498476,607.6555023923444
50,8,13,495.0,75.0,12.5,0.465223238004321,0.5347767619956789,607.6555023923444
1,9,13,5.0,85.0,12.5,0.7249232900606726,0.2750767099393274,607.6555023923444
2,9,13,15.0,85.0,12.5,0.7180742841983921,0.28192571580160786,607.6555023923444
3,9,13,25.0,85.0,12.5,0.7099458510170408,0.2900541489829592,607.6555023923444
4,9,13,35.0,85.0,12.5,0.7013828737430919,0.29861712625690806,607.6555023923444
5,9,13,45.0,85.0,12.5,0.6928674501038843,0.3071325498961157,607.6555023923444
6,9,13,55.0,85.0,12.5,0.6846434311344834,0.31535656886551655,607.6555023923444
7,9,13,65.0,85.0,12.5,0.6768218701839853,0.3231781298160147,607.6555023923444
8,9,13,75.0,85.0,12.5,0.6694324707410637,0.3305675292589363,607.6555023923444
9,9,13,85.0,85.0,12.5,0.6624631320877606,0.33753686791223936,607.6555023923444
10,9,13,95.0,85.0,12.5,0.6558886045970301,0.34411139540296987,607.6555023923444
11,9,13,105.0,85.0,12.5,0.6496812301605359,0.3503187698394641,607.6555023923444
12,9,13,115.0,85.0,12.5,0.6438031853224273,0.3561968146775727,607.6555023923444
13,9,13,125.0,85.0,12.5,0.6382229845172075,0.3617770154827925,607.6555023923444
14,9,13,135.0,85.0,12.5,0.6329136731489768,0.36708632685102316,607.6555023923444
15,9,13,145.0,85.0,12.5,0.6278515792740518,0.3721484207259482,607.6555023923444
16,9,13,155.0,85.0,12.5,0.6230150082530214,0.37698499174697864,607.6555023923444
17,9,13,165.0,85.0,12.5,0.6183811745334975,0.3816188254665025,607.6555023923444
18,9,13,175.0,85.0,12.5,0.6139289177520106,0.38607108224798936,607.6555023923444
19,9,13,185.0,85.0,12.5,0.6096427270260915,0.39035727297390854,607.6555023923444
20,9,13,195.0,85.0,12.5,0.6055116927952989,0.39448830720470107,607.6555023923444
21,9,13,205.0,85.0,12.5,0.6015221631113798,0.39847783688862015,607.6555023923444
22,9,13,215.0,85.0,12.5,0.5976512433427574,0.40234875665724257,607.6555023923444
23,9,13,225.0,85.0,12.5,0.5938762475512063,0.40612375244879373,607.6555023923444
24,9,13,235.0,85.0,12.5,0.590200041398646,0.409799958601354,607.6555023923444
25,9,13,245.0,85.0,12.5,0.5866350107706805,0.4133649892293195,607.6555023923444
26,9,13,255.0,85.0,12.5,0.5831731254524132,0.4168268745475868,607.6555023923444
27,9,13,265.0,85.0,12.5,0.5798019736239184,0.4201980263760816,607.6555023923444
28,9,13,275.0,85.0,12.5,0.576511393559345,0.423488606440655,607.6555023923444
29,9,13,285.0,85.0,12.5,0.5732917267874609,0.4267082732125391,607.6555023923444
30,9,13,295.0,85.0,12.5,0.5701404003069178,0.4298595996930822,607.6555023923444
31,9,13,305.0,85.0,12.5,0.5670631671502095,0.43293683284979045,607.6555023923444
32,9,13,315.0,85.0,12.5,0.5640512360385331,0.43594876396146687,607.6555023923444
33,9,13,325.0,85.0,12.5,0.561091486651534,0.43890851334846603,607.6555023923444
34,9,13,335.0,85.0,12.5,0.5581711098482494,0.44182889015175064,607.6555023923444
35,9,13,345.0,85.0,12.5,0.5552780418808839,0.4447219581191161,607.6555023923444
36,9,13,355.0,85.0,12.5,0.5524188861663926,0.44758111383360744,607.6555023923444
37,9,13,365.0,85.0,12.5,0.5495975572772441,0.45040244272275587,607.6555023923444
38,9,13,375.0,85.0,12.5,0.5468076857258777,0.4531923142741223,607.6555023923444
39,9,13,385.0,85.0,12.5,0.5440030445432095,0.45599695545679053,607.6555023923444
40,9,13,395.0,85.0,12.5,0.5411344570577632,0.4588655429422368,607.6555023923444
41,9,13,405.0,85.0,12.5,0.5381586888406015,0.4618413111593985,607.6555023923444
42,9,13,415.0,85.0,12.5,0.5350249594317731,0.4649750405682269,607.6555023923444
43,9,13,425.0,85.0,12.5,0.5316527366323808,0.4683472633676192,607.6555023923444
44,9,13,435.0,85.0,12.5,0.5278712981833418,0.4721287018166582,607.6555023923444
45,9,13,445.0,85.0,12.5,0.5233961132597806,0.47660388674021936,607.6555023923444
46,9,13,455.0,85.0,12.5,0.5178377727491066,0.4821622272508934,607.6555023923444
47,9,13,465.0,85.0,12.5,0.5107074821813703,0.4892925178186297,607.6555023923444
48,9,13,475.0,85.0,12.5,0.5012535572164356,0.4987464427835644,607.6555023923444
49,9,13,485.0,85.0,12.5,0.4872664101596426,0.5127335898403573,607.6555023923444
50,9,13,495.0,85.0,12.5,0.4529646927138842,0.5470353072861158,607.6555023923444
1,10,13,5.0,95.0,12.5,0.6751462336611942,0.3248537663388058,607.6555023923444
2,10,13,15.0,95.0,12.5,0.6697995126229055,0.3302004873770945,607.6555023923444
3,10,13,25.0,95.0,12.5,0.6632756753194756,0.3367243246805244,607.6555023923444
4,10,13,35.0,95.0,12.5,0.6562410147111186,0.3437589852888814,607.6555023923444
5,10,13,45.0,95.0,12.5,0.6491111278411827,0.35088887215881726,607.6555023923444
6,10,13,55.0,95.0,12.5,0.6421095768605447,0.3578904231394553,607.6555023923444
7,10,13,65.0,95.0,12.5,0.6353556869988548,0.3646443130011452,607.6555023923444
8,10,13,75.0,95.0,12.5,0.6288993293547113,0.37110067064528873,607.6555023923444
9,10,13,85.0,95.0,12.5,0.6227460015523463,0.3772539984476537,607.6555023923444
10,10,13,95.0,95.0,12.5,0.6168911192132734,0.38310888078672656,607.6555023923444
11,10,13,105.0,95.0,12.5,0.6113195725454231,0.38868042745457687,607.6555023923444
12,10,13,115.0,95.0,12.5,0.6060111989691185,0.3939888010308815,607.6555023923444
13,10,13,125.0,95.0,12.5,0.6009427163666022,0.39905728363339776,607.6555023923444
14,10,13,135.0,95.0,12.5,0.5960931192392848,0.40390688076071524,607.6555023923444
15,10,13,145.0,95.0,12.5,0.5914480302642305,0.40855196973576946,607.6555023923444
16,10,13,155.0,95.0,12.5,0.586993330850956,0.41300666914904405,607.6555023923444
17,10,13,165.0,95.0,12.5,0.5827096113162746,0.41729038868372537,607.6555023923444
18,10,13,175.0,95.0,12.5,0.5785765426114438,0.42142345738855624,607.6555023923444
19,10,13,185.0,95.0,12.5,0.574581184611533,0.42541881538846704,607.6555023923444
20,10,13,195.0,95.0,12.5,0.5707156513952841,0.42928434860471587,607.6555023923444
21,10,13,205.0,95.0,12.5,0.5669602868278871,0.4330397131721129,607.6555023923444
22,10,13,215.0,95.0,12.5,0.5632923784991669,0.4367076215008331,607.6555023923444
23,10,13,225.0,95.0,12.5,0.5597222869171204,0.44027771308287955,607.6555023923444
24,10,13,235.0,95.0,12.5,0.5562491482561029,0.44375085174389706,607.6555023923444
25,10,13,245.0,95.0,12.5,0.5528749164976403,0.4471250835023597,607.6555023923444
26,10,13,255.0,95.0,12.5,0.5495959412746654,0.4504040587253346,607.6555023923444
27,10,13,265.0,95.0,12.5,0.5464008648535811,0.4535991351464189,607.6555023923444
28,10,13,275.0,95.0,12.5,0.5432723477469312,0.45672765225306877,607.6555023923444
29,10,13,285.0,95.0,12.5,0.5402009863303814,0.4597990136696186,607.6555023923444
30,10,13,295.0,95.0,12.5,0.5371960348462579,0.4628039651537421,607.6555023923444
31,10,13,305.0,95.0,12.5,0.5342629629569234,0.46573703704307656,607.6555023923444
32,10,13,315.0,95.0,12.5,0.5313977397725365,0.46860226022746354,607.6555023923444
33,10,13,325.0,95.0,12.5,0.5285794804403783,0.4714205195596217,607.6555023923444
34,10,13,335.0,95.0,12.5,0.5257831039837152,0.4742168960162848,607.6555023923444
35,10,13,345.0,95.0,12.5,0.5230048410649263,0.4769951589350737,607.6555023923444
36,10,13,355.0,95.0,12.5,0.5202526125702772,0.4797473874297228,607.6555023923444
37,10,13,365.0,95.0,12.5,0.517538164663827,0.48246183533617304,607.6555023923444
38,10,13,375.0,95.0,12.5,0.5148515513754147,0.4851484486245853,607.6555023923444
39,10,13,385.0,95.0,12.5,0.5121745552988985,0.48782544470110145,607.6555023923444
40,10,13,395.0,95.0,12.5,0.509470546979469,0.49052945302053097,607.6555023923444
41,10,13,405.0,95.0,12.5,0.5067233232792694,0.4932766767207306,607.6555023923444
42,10,13,415.0,95.0,12.5,0.5039385304148148,0.49606146958518516,607.6555023923444
43,10,13,425.0,95.0,12.5,0.5011205679838803,0.49887943201611973,607.6555023923444
44,10,13,435.0,95.0,12.5,0.4982191381083093,0.5017808618916907,607.6555023923444
45,10,13,445.0,95.0,12.5,0.4951026854084733,0.5048973145915268,607.6555023923444
46,10,13,455.0,95.0,12.5,0.4915840483416973,0.5084159516583027,607.6555023923444
47,10,13,465.0,95.0,12.5,0.48741682671557296,0.512583173284427,607.6555023923444
48,10,13,475.0,95.0,12.5,0.4820029910273753,0.5179970089726247,607.6555023923444
49,10,13,485.0,95.0,12.5,0.4728529331396121,0.5271470668603879,607.6555023923444
50,10,13,495.0,95.0,12.5,0.4424346048099632,0.5575653951900368,607.6555023923444
1,1,14,5.0,5.0,13.5,0.7080351402620837,0.2919648597379163,650.7177033492823
2,1,14,15.0,5.0,13.5,0.7012741439412294,0.29872585605877056,650.7177033492823
3,1,14,25.0,5.0,13.5,0.693391553160073,0.30660844683992705,650.7177033492823
4,1,14,35.0,5.0,13.5,0.685182798915626,0.31481720108437405,650.7177033492823
5,1,14,45.0,5.0,13.5,0.6770825789703021,0.3229174210296979,650.7177033492823
6,1,14,55.0,5.0,13.5,0.6692910756389234,0.3307089243610766,650.7177033492823
7,1,14,65.0,5.0,13.5,0.6618910822517449,0.33810891774825513,650.7177033492823
8,1,14,75.0,5.0,13.5,0.6549021791887719,0.3450978208112281,650.7177033492823
9,1,14,85.0,5.0,13.5,0.6483106036101568,0.3516893963898432,650.7177033492823
10,1,14,95.0,5.0,13.5,0.6420840719055191,0.3579159280944809,650.7177033492823
11,1,14,105.0,5.0,13.5,0.6361947917742657,0.36380520822573426,650.7177033492823
12,1,14,115.0,5.0,13.5,0.6306101939417148,0.3693898060582852,650.7177033492823
13,1,14,125.0,5.0,13.5,0.6253015279237116,0.37469847207628837,650.7177033492823
14,1,14,135.0,5.0,13.5,0.6202424070439793,0.37975759295602074,650.7177033492823
15,1,14,145.0,5.0,13.5,0.6154078576177998,0.3845921423822002,650.7177033492823
16,1,14,155.0,5.0,13.5,0.6107771904834944,0.38922280951650556,650.7177033492823
17,1,14,165.0,5.0,13.5,0.60633483041054,0.39366516958945996,650.7177033492823
18,1,14,175.0,5.0,13.5,0.6020666753987108,0.39793332460128916,650.7177033492823
19,1,14,185.0,5.0,13.5,0.5979560795380259,0.4020439204619741,650.7177033492823
20,1,14,195.0,5.0,13.5,0.5939858019718934,0.40601419802810657,650.7177033492823
21,1,14,205.0,5.0,13.5,0.5901443585335673,0.4098556414664327,650.7177033492823
22,1,14,215.0,5.0,13.5,0.5864274671677735,0.4135725328322265,650.7177033492823
23,1,14,225.0,5.0,13.5,0.5828234842969785,0.4171765157030215,650.7177033492823
24,1,14,235.0,5.0,13.5,0.5793118309654121,0.42068816903458794,650.7177033492823
25,1,14,245.0,5.0,13.5,0.5758779086251828,0.42412209137481716,650.7177033492823
26,1,14,255.0,5.0,13.5,0.5725316469692567,0.42746835303074326,650.7177033492823
27,1,14,265.0,5.0,13.5,0.5692715769602632,0.4307284230397368,650.7177033492823
28,1,14,275.0,5.0,13.5,0.5660992037073437,0.4339007962926563,650.7177033492823
29,1,14,285.0,5.0,13.5,0.5630104845378593,0.4369895154621407,650.7177033492823
30,1,14,295.0,5.0,13.5,0.559989909471995,0.440010090528005,650.7177033492823
31,1,14,305.0,5.0,13.5,0.5570324312146291,0.4429675687853709,650.7177033492823
32,1,14,315.0,5.0,13.5,0.5541340278605954,0.4458659721394046,650.7177033492823
33,1,14,325.0,5.0,13.5,0.551301716288248,0.448698283711752,650.7177033492823
34,1,14,335.0,5.0,13.5,0.5485414126186141,0.4514585873813859,650.7177033492823
35,1,14,345.0,5.0,13.5,0.5458442672374041,0.4541557327625959,650.7177033492823
36,1,14,355.0,5.0,13.5,0.5432008224009566,0.4567991775990434,650.7177033492823
37,1,14,365.0,5.0,13.5,0.5405965867592298,0.45940341324077016,650.7177033492823
38,1,14,375.0,5.0,13.5,0.5380372128207034,0.4619627871792966,650.7177033492823
39,1,14,385.0,5.0,13.5,0.5355284962225656,0.4644715037774344,650.7177033492823
40,1,14,395.0,5.0,13.5,0.5330781577316318,0.4669218422683682,650.7177033492823
41,1,14,405.0,5.0,13.5,0.5306668235711689,0.4693331764288311,650.7177033492823
42,1,14,415.0,5.0,13.5,0.5282542082029541,0.4717457917970459,650.7177033492823
43,1,14,425.0,5.0,13.5,0.5257970616522402,0.47420293834775984,650.7177033492823
44,1,14,435.0,5.0,13.5,0.5233289226843818,0.4766710773156182,650.7177033492823
45,1,14,445.0,5.0,13.5,0.5208329712039688,0.47916702879603124,650.7177033492823
46,1,14,455.0,5.0,13.5,0.5182809229207175,0.4817190770792825,650.7177033492823
47,1,14,465.0,5.0,13.5,0.5155743233647307,0.48442567663526925,650.7177033492823
48,1,14,475.0,5.0,13.5,0.5124677669868649,0.4875322330131351,650.7177033492823
49,1,14,485.0,5.0,13.5,0.5083151547643606,0.4916848452356394,650.7177033492823
50,1,14,495.0,5.0,13.5,0.5000873669288933,0.49991263307110667,650.7177033492823
1,2,14,5.0,15.0,13.5,0.7498135406669003,0.2501864593330997,650.7177033492823
2,2,14,15.0,15.0,13.5,0.7416362228750923,0.25836377712490766,650.7177033492823
3,2,14,25.0,15.0,13.5,0.7322590818340318,0.26774091816596823,650.7177033492823
4,2,14,35.0,15.0,13.5,0.7226355332359894,0.2773644667640106,650.7177033492823
5,2,14,45.0,15.0,13.5,0.7132698651341333,0.28673013486586674,650.7177033492823
6,2,14,55.0,15.0,13.5,0.7043834776626566,0.29561652233734337,650.7177033492823
7,2,14,65.0,15.0,13.5,0.6960458006881024,0.3039541993118976,650.7177033492823
8,2,14,75.0,15.0,13.5,0.6882557647735261,0.3117442352264739,650.7177033492823
9,2,14,85.0,15.0,13.5,0.6809646727407727,0.31903532725922734,650.7177033492823
10,2,14,95.0,15.0,13.5,0.6741375664707444,0.3258624335292556,650.7177033492823
11,2,14,105.0,15.0,13.5,0.667714277875653,0.33228572212434704,650.7177033492823
12,2,14,115.0,15.0,13.5,0.66165602256441,0.33834397743558997,650.7177033492823
13,2,14,125.0,15.0,13.5,0.6559254021351432,0.34407459786485683,650.7177033492823
14,2,14,135.0,15.0,13.5,0.6504860734159769,0.34951392658402314,650.7177033492823
15,2,14,145.0,15.0,13.5,0.6453069098602477,0.35469309013975225,650.7177033492823
16,2,14,155.0,15.0,13.5,0.6403624752441173,0.35963752475588273,650.7177033492823
17,2,14,165.0,15.0,13.5,0.6356324322650119,0.36436756773498813,650.7177033492823
18,2,14,175.0,15.0,13.5,0.6310977269147551,0.3689022730852449,650.7177033492823
19,2,14,185.0,15.0,13.5,0.6267395750467352,0.37326042495326484,650.7177033492823
20,2,14,195.0,15.0,13.5,0.6225407813868533,0.3774592186131467,650.7177033492823
21,2,14,205.0,15.0,13.5,0.6184880892752197,0.3815119107247803,650.7177033492823
22,2,14,215.0,15.0,13.5,0.6145714134747444,0.3854285865252556,650.7177033492823
23,2,14,225.0,15.0,13.5,0.6107811868242323,0.3892188131757677,650.7177033492823
24,2,14,235.0,15.0,13.5,0.6071041220142441,0.39289587798575587,650.7177033492823
25,2,14,245.0,15.0,13.5,0.6035214933095973,0.39647850669040274,650.7177033492823
26,2,14,255.0,15.0,13.5,0.600020888924846,0.39997911107515405,650.7177033492823
27,2,14,265.0,15.0,13.5,0.5966099068469038,0.40339009315309615,650.7177033492823
28,2,14,275.0,15.0,13.5,0.593290515964991,0.40670948403500895,650.7177033492823
29,2,14,285.0,15.0,13.5,0.5900539172391411,0.40994608276085887,650.7177033492823
30,2,14,295.0,15.0,13.5,0.5868959492629272,0.4131040507370728,650.7177033492823
31,2,14,305.0,15.0,13.5,0.5838047437321049,0.4161952562678951,650.7177033492823
32,2,14,315.0,15.0,13.5,0.5807781584658592,0.41922184153414077,650.7177033492823
33,2,14,325.0,15.0,13.5,0.5778221151778141,0.4221778848221859,650.7177033492823
34,2,14,335.0,15.0,13.5,0.5749293029507615,0.4250706970492385,650.7177033492823
35,2,14,345.0,15.0,13.5,0.5720998469907643,0.4279001530092357,650.7177033492823
36,2,14,355.0,15.0,13.5,0.5693205099149025,0.43067949008509754,650.7177033492823
37,2,14,365.0,15.0,13.5,0.5665869809809755,0.4334130190190245,650.7177033492823
38,2,14,375.0,15.0,13.5,0.5639011478899837,0.4360988521100163,650.7177033492823
39,2,14,385.0,15.0,13.5,0.5612650597554447,0.4387349402445553,650.7177033492823
40,2,14,395.0,15.0,13.5,0.5586822018936378,0.4413177981063622,650.7177033492823
41,2,14,405.0,15.0,13.5,0.5561371536683364,0.4438628463316636,650.7177033492823
42,2,14,415.0,15.0,13.5,0.553608407017819,0.446391592982181,650.7177033492823
43,2,14,425.0,15.0,13.5,0.5510153432605981,0.4489846567394019,650.7177033492823
44,2,14,435.0,15.0,13.5,0.5482517621076932,0.4517482378923068,650.7177033492823
45,2,14,445.0,15.0,13.5,0.5451347632345427,0.4548652367654573,650.7177033492823
46,2,14,455.0,15.0,13.5,0.5413718031070335,0.4586281968929665,650.7177033492823
47,2,14,465.0,15.0,13.5,0.5365230185044632,0.46347698149553684,650.7177033492823
48,2,14,475.0,15.0,13.5,0.5300725685870153,0.46992743141298465,650.7177033492823
49,2,14,485.0,15.0,13.5,0.5213783251313416,0.47862167486865836,650.7177033492823
50,2,14,495.0,15.0,13.5,0.5079530216399606,0.4920469783600394,650.7177033492823
1,3,14,5.0,25.0,13.5,0.7725219880309994,0.22747801196900064,650.7177033492823
2,3,14,15.0,25.0,13.5,0.7636579661563376,0.23634203384366237,650.7177033492823
3,3,14,25.0,25.0,13.5,0.7534214124658062,0.24657858753419382,650.7177033492823
4,3,14,35.0,25.0,13.5,0.7428786463744255,0.25712135362557453,650.7177033492823
5,3,14,45.0,25.0,13.5,0.7326467571315562,0.26735324286844375,650.7177033492823
6,3,14,55.0,25.0,13.5,0.7229996879481844,0.27700031205181563,650.7177033492823
7,3,14,65.0,25.0,13.5,0.7140067953879145,0.28599320461208555,650.7177033492823
8,3,14,75.0,25.0,13.5,0.7056472138290784,0.29435278617092164,650.7177033492823
9,3,14,85.0,25.0,13.5,0.697891708288292,0.30210829171170805,650.7177033492823
10,3,14,95.0,25.0,13.5,0.6906417169106589,0.3093582830893411,650.7177033492823
11,3,14,105.0,25.0,13.5,0.683845374415094,0.31615462558490603,650.7177033492823
12,3,14,115.0,25.0,13.5,0.677434474738451,0.322565525261549,650.7177033492823
13,3,14,125.0,25.0,13.5,0.6713729321389825,0.3286270678610175,650.7177033492823
14,3,14,135.0,25.0,13.5,0.6656235172718185,0.33437648272818155,650.7177033492823
15,3,14,145.0,25.0,13.5,0.6601547948433699,0.3398452051566301,650.7177033492823
16,3,14,155.0,25.0,13.5,0.6549404278455098,0.34505957215449024,650.7177033492823
17,3,14,165.0,25.0,13.5,0.6499556759510191,0.3500443240489809,650.7177033492823
18,3,14,175.0,25.0,13.5,0.6451785475173814,0.35482145248261865,650.7177033492823
19,3,14,185.0,25.0,13.5,0.6405891074913869,0.35941089250861313,650.7177033492823
20,3,14,195.0,25.0,13.5,0.6361700988185712,0.36382990118142877,650.7177033492823
21,3,14,205.0,25.0,13.5,0.6319070298560339,0.36809297014396614,650.7177033492823
22,3,14,215.0,25.0,13.5,0.6277872312564338,0.37221276874356624,650.7177033492823
23,3,14,225.0,25.0,13.5,0.6237982135842617,0.3762017864157383,650.7177033492823
24,3,14,235.0,25.0,13.5,0.6199272501261912,0.3800727498738088,650.7177033492823
25,3,14,245.0,25.0,13.5,0.6161657344909163,0.3838342655090837,650.7177033492823
26,3,14,255.0,25.0,13.5,0.6125020584956565,0.38749794150434347,650.7177033492823
27,3,14,265.0,25.0,13.5,0.6089254619872784,0.39107453801272163,650.7177033492823
28,3,14,275.0,25.0,13.5,0.6054263800913773,0.3945736199086227,650.7177033492823
29,3,14,285.0,25.0,13.5,0.6020105137317513,0.3979894862682487,650.7177033492823
30,3,14,295.0,25.0,13.5,0.5986724775730129,0.4013275224269871,650.7177033492823
31,3,14,305.0,25.0,13.5,0.5954062942279579,0.4045937057720421,650.7177033492823
32,3,14,315.0,25.0,13.5,0.5922138717035585,0.40778612829644145,650.7177033492823
33,3,14,325.0,25.0,13.5,0.5890867374471633,0.41091326255283667,650.7177033492823
34,3,14,335.0,25.0,13.5,0.5860230284650131,0.4139769715349869,650.7177033492823
35,3,14,345.0,25.0,13.5,0.5830216480383652,0.4169783519616348,650.7177033492823
36,3,14,355.0,25.0,13.5,0.5800715435682252,0.4199284564317748,650.7177033492823
37,3,14,365.0,25.0,13.5,0.5771769459113532,0.42282305408864684,650.7177033492823
38,3,14,375.0,25.0,13.5,0.574332665652045,0.425667334347955,650.7177033492823
39,3,14,385.0,25.0,13.5,0.5715413254871085,0.42845867451289155,650.7177033492823
40,3,14,395.0,25.0,13.5,0.5688020396906553,0.43119796030934465,650.7177033492823
41,3,14,405.0,25.0,13.5,0.5661063705992094,0.43389362940079057,650.7177033492823
42,3,14,415.0,25.0,13.5,0.563448619382335,0.43655138061766496,650.7177033492823
43,3,14,425.0,25.0,13.5,0.5608057581708447,0.43919424182915534,650.7177033492823
44,3,14,435.0,25.0,13.5,0.5580509381980978,0.4419490618019022,650.7177033492823
45,3,14,445.0,25.0,13.5,0.5550979132293531,0.4449020867706469,650.7177033492823
46,3,14,455.0,25.0,13.5,0.551698949999826,0.44830105000017395,650.7177033492823
47,3,14,465.0,25.0,13.5,0.5473515639328471,0.4526484360671529,650.7177033492823
48,3,14,475.0,25.0,13.5,0.5411957439171509,0.45880425608284914,650.7177033492823
49,3,14,485.0,25.0,13.5,0.5319948984149889,0.4680051015850111,650.7177033492823
50,3,14,495.0,25.0,13.5,0.5168687511356833,0.4831312488643167,650.7177033492823
1,4,14,5.0,35.0,13.5,0.7869337602671143,0.21306623973288574,650.7177033492823
2,4,14,15.0,35.0,13.5,0.7782169896081412,0.22178301039185877,650.7177033492823
3,4,14,25.0,35.0,13.5,0.7676185014879443,0.2323814985120557,650.7177033492823
4,4,14,35.0,35.0,13.5,0.7564591903630851,0.24354080963691493,650.7177033492823
5,4,14,45.0,35.0,13.5,0.7455787784113692,0.2544212215886308,650.7177033492823
6,4,14,55.0,35.0,13.5,0.7354431609909408,0.26455683900905924,650.7177033492823
7,4,14,65.0,35.0,13.5,0.7260612093348099,0.2739387906651901,650.7177033492823
8,4,14,75.0,35.0,13.5,0.7173724541100837,0.28262754588991634,650.7177033492823
9,4,14,85.0,35.0,13.5,0.7092751204469055,0.29072487955309445,650.7177033492823
10,4,14,95.0,35.0,13.5,0.701716701182141,0.298283298817859,650.7177033492823
11,4,14,105.0,35.0,13.5,0.6946403005303391,0.3053596994696609,650.7177033492823
12,4,14,115.0,35.0,13.5,0.6879837745291046,0.31201622547089536,650.7177033492823
13,4,14,125.0,35.0,13.5,0.6816954541418261,0.3183045458581739,650.7177033492823
14,4,14,135.0,35.0,13.5,0.6757371618777891,0.3242628381222109,650.7177033492823
15,4,14,145.0,35.0,13.5,0.6700670648227772,0.3299329351772228,650.7177033492823
16,4,14,155.0,35.0,13.5,0.6646515762097178,0.3353484237902822,650.7177033492823
17,4,14,165.0,35.0,13.5,0.6594668487526718,0.3405331512473282,650.7177033492823
18,4,14,175.0,35.0,13.5,0.6544930165289451,0.3455069834710549,650.7177033492823
19,4,14,185.0,35.0,13.5,0.6497109276660712,0.3502890723339288,650.7177033492823
20,4,14,195.0,35.0,13.5,0.6451038597915121,0.3548961402084879,650.7177033492823
21,4,14,205.0,35.0,13.5,0.6406584094068476,0.3593415905931524,650.7177033492823
22,4,14,215.0,35.0,13.5,0.636362314122099,0.363637685877901,650.7177033492823
23,4,14,225.0,35.0,13.5,0.6322041559860153,0.3677958440139847,650.7177033492823
24,4,14,235.0,35.0,13.5,0.6281715808000163,0.37182841919998366,650.7177033492823
25,4,14,245.0,35.0,13.5,0.6242532180281433,0.37574678197185674,650.7177033492823
26,4,14,255.0,35.0,13.5,0.6204401923663265,0.3795598076336735,650.7177033492823
27,4,14,265.0,35.0,13.5,0.6167273025836406,0.3832726974163594,650.7177033492823
28,4,14,275.0,35.0,13.5,0.6131016753831164,0.38689832461688356,650.7177033492823
29,4,14,285.0,35.0,13.5,0.6095516367158634,0.39044836328413657,650.7177033492823
30,4,14,295.0,35.0,13.5,0.6060754286428512,0.39392457135714876,650.7177033492823
31,4,14,305.0,35.0,13.5,0.6026790403130274,0.39732095968697256,650.7177033492823
32,4,14,315.0,35.0,13.5,0.5993547508390061,0.40064524916099387,650.7177033492823
33,4,14,325.0,35.0,13.5,0.5961022288140311,0.4038977711859689,650.7177033492823
34,4,14,335.0,35.0,13.5,0.5929200489078399,0.4070799510921601,650.7177033492823
35,4,14,345.0,35.0,13.5,0.5897982564688681,0.4102017435311319,650.7177033492823
36,4,14,355.0,35.0,13.5,0.5867380781566989,0.4132619218433011,650.7177033492823
37,4,14,365.0,35.0,13.5,0.5837345162659118,0.4162654837340882,650.7177033492823
38,4,14,375.0,35.0,13.5,0.5807863674091261,0.41921363259087385,650.7177033492823
39,4,14,385.0,35.0,13.5,0.5779004228130671,0.4220995771869329,650.7177033492823
40,4,14,395.0,35.0,13.5,0.5750704008931842,0.4249295991068158,650.7177033492823
41,4,14,405.0,35.0,13.5,0.5723009901540715,0.42769900984592846,650.7177033492823
42,4,14,415.0,35.0,13.5,0.5695831787914196,0.4304168212085804,650.7177033492823
43,4,14,425.0,35.0,13.5,0.5669169456511284,0.4330830543488716,650.7177033492823
44,4,14,435.0,35.0,13.5,0.5642886088102821,0.4357113911897179,650.7177033492823
45,4,14,445.0,35.0,13.5,0.561572128810597,0.43842787118940296,650.7177033492823
46,4,14,455.0,35.0,13.5,0.5585746411966376,0.4414253588033624,650.7177033492823
47,4,14,465.0,35.0,13.5,0.5550060248246513,0.44499397517534867,650.7177033492823
48,4,14,475.0,35.0,13.5,0.5499957258430616,0.45000427415693844,650.7177033492823
49,4,14,485.0,35.0,13.5,0.541959341581793,0.45804065841820696,650.7177033492823
50,4,14,495.0,35.0,13.5,0.5277262262138658,0.4722737737861342,650.7177033492823
1,5,14,5.0,45.0,13.5,0.7963587087147601,0.2036412912852399,650.7177033492823
2,5,14,15.0,45.0,13.5,0.7891270692311384,0.2108729307688616,650.7177033492823
3,5,14,25.0,45.0,13.5,0.7788451550348701,0.22115484496512994,650.7177033492823
4,5,14,35.0,45.0,13.5,0.7675292733263239,0.23247072667367608,650.7177033492823
5,5,14,45.0,45.0,13.5,0.7564428775810189,0.2435571224189811,650.7177033492823
6,5,14,55.0,45.0,13.5,0.7459209867282166,0.2540790132717834,650.7177033492823
7,5,14,65.0,45.0,13.5,0.7361528040911179,0.26384719590888206,650.7177033492823
8,5,14,75.0,45.0,13.5,0.7271327378708413,0.2728672621291587,650.7177033492823
9,5,14,85.0,45.0,13.5,0.7187847698395833,0.2812152301604167,650.7177033492823
10,5,14,95.0,45.0,13.5,0.711019719638086,0.28898028036191403,650.7177033492823
11,5,14,105.0,45.0,13.5,0.7037717895239897,0.29622821047601033,650.7177033492823
12,5,14,115.0,45.0,13.5,0.6969571013578774,0.30304289864212264,650.7177033492823
13,5,14,125.0,45.0,13.5,0.6905321140874703,0.3094678859125297,650.7177033492823
14,5,14,135.0,45.0,13.5,0.6844492661541852,0.3155507338458148,650.7177033492823
15,5,14,145.0,45.0,13.5,0.678662709433497,0.32133729056650295,650.7177033492823
16,5,14,155.0,45.0,13.5,0.6731442235016076,0.32685577649839237,650.7177033492823
17,5,14,165.0,45.0,13.5,0.6678673802891254,0.3321326197108746,650.7177033492823
18,5,14,175.0,45.0,13.5,0.6628081056633193,0.33719189433668073,650.7177033492823
19,5,14,185.0,45.0,13.5,0.6579453413235379,0.3420546586764621,650.7177033492823
20,5,14,195.0,45.0,13.5,0.6532607865197858,0.3467392134802142,650.7177033492823
21,5,14,205.0,45.0,13.5,0.6487389351692208,0.35126106483077923,650.7177033492823
22,5,14,215.0,45.0,13.5,0.6443658202578588,0.3556341797421412,650.7177033492823
23,5,14,225.0,45.0,13.5,0.6401288603798574,0.3598711396201426,650.7177033492823
24,5,14,235.0,45.0,13.5,0.6360186145453314,0.3639813854546686,650.7177033492823
25,5,14,245.0,45.0,13.5,0.6320226484252348,0.3679773515747652,650.7177033492823
26,5,14,255.0,45.0,13.5,0.6281306523760299,0.37186934762397006,650.7177033492823
27,5,14,265.0,45.0,13.5,0.6243343083429578,0.3756656916570422,650.7177033492823
28,5,14,275.0,45.0,13.5,0.6206269415781858,0.37937305842181424,650.7177033492823
29,5,14,285.0,45.0,13.5,0.6170020780755004,0.38299792192449955,650.7177033492823
30,5,14,295.0,45.0,13.5,0.6134448576750458,0.38655514232495425,650.7177033492823
31,5,14,305.0,45.0,13.5,0.6099553405810267,0.39004465941897326,650.7177033492823
32,5,14,315.0,45.0,13.5,0.606540773705222,0.39345922629477803,650.7177033492823
33,5,14,325.0,45.0,13.5,0.6031923475539326,0.3968076524460674,650.7177033492823
34,5,14,335.0,45.0,13.5,0.5999034145681461,0.4000965854318539,650.7177033492823
35,5,14,345.0,45.0,13.5,0.5966738634456323,0.40332613655436766,650.7177033492823
36,5,14,355.0,45.0,13.5,0.593493601714848,0.406506398285152,650.7177033492823
37,5,14,365.0,45.0,13.5,0.5903545392474824,0.4096454607525176,650.7177033492823
38,5,14,375.0,45.0,13.5,0.5872580436373643,0.41274195636263566,650.7177033492823
39,5,14,385.0,45.0,13.5,0.5841946842169317,0.41580531578306834,650.7177033492823
40,5,14,395.0,45.0,13.5,0.5811622816929336,0.4188377183070664,650.7177033492823
41,5,14,405.0,45.0,13.5,0.5781562567691687,0.4218437432308313,650.7177033492823
42,5,14,415.0,45.0,13.5,0.5751611800133954,0.42483881998660455,650.7177033492823
43,5,14,425.0,45.0,13.5,0.5721723012856547,0.42782769871434534,650.7177033492823
44,5,14,435.0,45.0,13.5,0.5691733873512304,0.43082661264876965,650.7177033492823
45,5,14,445.0,45.0,13.5,0.5661481567106,0.43385184328939996,650.7177033492823
46,5,14,455.0,45.0,13.5,0.563042939165433,0.436957060834567,650.7177033492823
47,5,14,465.0,45.0,13.5,0.5595182117259071,0.4404817882740929,650.7177033492823
48,5,14,475.0,45.0,13.5,0.554730557138174,0.445269442861826,650.7177033492823
49,5,14,485.0,45.0,13.5,0.5466690320196419,0.4533309679803581,650.7177033492823
50,5,14,495.0,45.0,13.5,0.5310683244876346,0.46893167551236536,650.7177033492823
1,6,14,5.0,55.0,13.5,0.7875321648035059,0.21246783519649415,650.7177033492823
2,6,14,15.0,55.0,13.5,0.7792884704623009,0.22071152953769912,650.7177033492823
3,6,14,25.0,55.0,13.5,0.7692549147019127,0.23074508529808735,650.7177033492823
4,6,14,35.0,55.0,13.5,0.7586046308026515,0.2413953691973485,650.7177033492823
5,6,14,45.0,55.0,13.5,0.7481260177182413,0.2518739822817587,650.7177033492823
6,6,14,55.0,55.0,13.5,0.7381856882177263,0.26181431178227366,650.7177033492823
7,6,14,65.0,55.0,13.5,0.72889536417362,0.27110463582638,650.7177033492823
8,6,14,75.0,55.0,13.5,0.7202448507633158,0.2797551492366842,650.7177033492823
9,6,14,85.0,55.0,13.5,0.7121885720588543,0.28781142794114567,650.7177033492823
10,6,14,95.0,55.0,13.5,0.704651864086495,0.29534813591350495,650.7177033492823
11,6,14,105.0,55.0,13.5,0.6975779315655417,0.3024220684344583,650.7177033492823
12,6,14,115.0,55.0,13.5,0.6909088725499855,0.30909112745001455,650.7177033492823
13,6,14,125.0,55.0,13.5,0.6846061234410283,0.31539387655897166,650.7177033492823
14,6,14,135.0,55.0,13.5,0.6786206579404557,0.3213793420595443,650.7177033492823
15,6,14,145.0,55.0,13.5,0.6729209883637521,0.32707901163624786,650.7177033492823
16,6,14,155.0,55.0,13.5,0.6674804701324805,0.33251952986751954,650.7177033492823
17,6,14,165.0,55.0,13.5,0.662273432550259,0.33772656744974106,650.7177033492823
18,6,14,175.0,55.0,13.5,0.6572778270444094,0.3427221729555906,650.7177033492823
19,6,14,185.0,55.0,13.5,0.6524740759554233,0.3475259240445767,650.7177033492823
20,6,14,195.0,55.0,13.5,0.6478452980621338,0.35215470193786624,650.7177033492823
21,6,14,205.0,55.0,13.5,0.6433767762099822,0.35662322379001776,650.7177033492823
22,6,14,215.0,55.0,13.5,0.6390556763823633,0.36094432361763673,650.7177033492823
23,6,14,225.0,55.0,13.5,0.6348698786918482,0.3651301213081518,650.7177033492823
24,6,14,235.0,55.0,13.5,0.6308098174152349,0.3691901825847651,650.7177033492823
25,6,14,245.0,55.0,13.5,0.6268642705114782,0.3731357294885218,650.7177033492823
26,6,14,255.0,55.0,13.5,0.623022226621984,0.37697777337801597,650.7177033492823
27,6,14,265.0,55.0,13.5,0.619274783278772,0.38072521672122805,650.7177033492823
28,6,14,275.0,55.0,13.5,0.6156145145122097,0.3843854854877903,650.7177033492823
29,6,14,285.0,55.0,13.5,0.6120338686907109,0.38796613130928914,650.7177033492823
30,6,14,295.0,55.0,13.5,0.6085189513014753,0.39148104869852474,650.7177033492823
31,6,14,305.0,55.0,13.5,0.6050734990996148,0.39492650090038517,650.7177033492823
32,6,14,315.0,55.0,13.5,0.6017024640927712,0.39829753590722883,650.7177033492823
33,6,14,325.0,55.0,13.5,0.5983981028403818,0.40160189715961825,650.7177033492823
34,6,14,335.0,55.0,13.5,0.5951548834028403,0.4048451165971597,650.7177033492823
35,6,14,345.0,55.0,13.5,0.591969677774748,0.40803032222525204,650.7177033492823
36,6,14,355.0,55.0,13.5,0.588830296842991,0.41116970315700896,650.7177033492823
37,6,14,365.0,55.0,13.5,0.5857307455074401,0.4142692544925599,650.7177033492823
38,6,14,375.0,55.0,13.5,0.5826701550980288,0.4173298449019712,650.7177033492823
39,6,14,385.0,55.0,13.5,0.579636370626515,0.42036362937348504,650.7177033492823
40,6,14,395.0,55.0,13.5,0.576625274659872,0.423374725340128,650.7177033492823
41,6,14,405.0,55.0,13.5,0.57362253748167,0.42637746251833,650.7177033492823
42,6,14,415.0,55.0,13.5,0.5706068455203791,0.4293931544796209,650.7177033492823
43,6,14,425.0,55.0,13.5,0.5675562844814376,0.4324437155185624,650.7177033492823
44,6,14,435.0,55.0,13.5,0.5644222359932697,0.4355777640067303,650.7177033492823
45,6,14,445.0,55.0,13.5,0.5611242095737986,0.4388757904262014,650.7177033492823
46,6,14,455.0,55.0,13.5,0.557479071662684,0.44252092833731604,650.7177033492823
47,6,14,465.0,55.0,13.5,0.5530763395987545,0.44692366040124554,650.7177033492823
48,6,14,475.0,55.0,13.5,0.5469442059435056,0.45305579405649443,650.7177033492823
49,6,14,485.0,55.0,13.5,0.5371470860652372,0.4628529139347628,650.7177033492823
50,6,14,495.0,55.0,13.5,0.517568641142512,0.482431358857488,650.7177033492823
1,7,14,5.0,65.0,13.5,0.7746497910232694,0.22535020897673064,650.7177033492823
2,7,14,15.0,65.0,13.5,0.7664228505673103,0.2335771494326897,650.7177033492823
3,7,14,25.0,65.0,13.5,0.7568092346657392,0.24319076533426076,650.7177033492823
4,7,14,35.0,65.0,13.5,0.746761298932381,0.25323870106761903,650.7177033492823
5,7,14,45.0,65.0,13.5,0.7368848038780751,0.2631151961219249,650.7177033492823
6,7,14,55.0,65.0,13.5,0.7274754020698039,0.2725245979301961,650.7177033492823
7,7,14,65.0,65.0,13.5,0.7186356986509077,0.2813643013490923,650.7177033492823
8,7,14,75.0,65.0,13.5,0.7103675267687776,0.28963247323122243,650.7177033492823
9,7,14,85.0,65.0,13.5,0.7026422451785057,0.2973577548214943,650.7177033492823
10,7,14,95.0,65.0,13.5,0.6953944717414328,0.30460552825856724,650.7177033492823
11,7,14,105.0,65.0,13.5,0.6885858067068595,0.31141419329314046,650.7177033492823
12,7,14,115.0,65.0,13.5,0.6821546594138125,0.3178453405861875,650.7177033492823
13,7,14,125.0,65.0,13.5,0.6760687960997874,0.32393120390021257,650.7177033492823
14,7,14,135.0,65.0,13.5,0.6702905625041893,0.3297094374958107,650.7177033492823
15,7,14,145.0,65.0,13.5,0.6647864751973145,0.3352135248026855,650.7177033492823
16,7,14,155.0,65.0,13.5,0.6595288889931286,0.34047111100687144,650.7177033492823
17,7,14,165.0,65.0,13.5,0.6544949953373189,0.3455050046626811,650.7177033492823
18,7,14,175.0,65.0,13.5,0.6496641568326397,0.35033584316736033,650.7177033492823
19,7,14,185.0,65.0,13.5,0.6450180850809222,0.3549819149190778,650.7177033492823
20,7,14,195.0,65.0,13.5,0.6405418621616462,0.3594581378383538,650.7177033492823
21,7,14,205.0,65.0,13.5,0.6362207327201568,0.3637792672798432,650.7177033492823
22,7,14,215.0,65.0,13.5,0.6320415368581664,0.36795846314183356,650.7177033492823
23,7,14,225.0,65.0,13.5,0.6279916050379019,0.37200839496209814,650.7177033492823
24,7,14,235.0,65.0,13.5,0.6240597957569278,0.3759402042430722,650.7177033492823
25,7,14,245.0,65.0,13.5,0.620236580857212,0.379763419142788,650.7177033492823
26,7,14,255.0,65.0,13.5,0.6165156384245329,0.38348436157546706,650.7177033492823
27,7,14,265.0,65.0,13.5,0.6128834490572586,0.38711655094274144,650.7177033492823
28,7,14,275.0,65.0,13.5,0.6093275116606409,0.3906724883393591,650.7177033492823
29,7,14,285.0,65.0,13.5,0.6058421126402899,0.39415788735971014,650.7177033492823
30,7,14,295.0,65.0,13.5,0.6024351812004639,0.3975648187995361,650.7177033492823
31,7,14,305.0,65.0,13.5,0.5990992878198019,0.40090071218019807,650.7177033492823
32,7,14,315.0,65.0,13.5,0.5958304827121336,0.40416951728786643,650.7177033492823
33,7,14,325.0,65.0,13.5,0.5926262208809658,0.40737377911903416,650.7177033492823
34,7,14,335.0,65.0,13.5,0.5894744615288715,0.4105255384711285,650.7177033492823
35,7,14,345.0,65.0,13.5,0.586376772803538,0.41362322719646205,650.7177033492823
36,7,14,355.0,65.0,13.5,0.5833259163720299,0.4166740836279701,650.7177033492823
37,7,14,365.0,65.0,13.5,0.5803101132216255,0.4196898867783745,650.7177033492823
38,7,14,375.0,65.0,13.5,0.5773277081450168,0.42267229185498323,650.7177033492823
39,7,14,385.0,65.0,13.5,0.5743619006685213,0.42563809933147867,650.7177033492823
40,7,14,395.0,65.0,13.5,0.5714001459383805,0.4285998540616195,650.7177033492823
41,7,14,405.0,65.0,13.5,0.5684230914354859,0.43157690856451414,650.7177033492823
42,7,14,415.0,65.0,13.5,0.5653990834009676,0.43460091659903244,650.7177033492823
43,7,14,425.0,65.0,13.5,0.5622871713268647,0.4377128286731353,650.7177033492823
44,7,14,435.0,65.0,13.5,0.5590009464400615,0.4409990535599385,650.7177033492823
45,7,14,445.0,65.0,13.5,0.5553888901588534,0.4446111098411466,650.7177033492823
46,7,14,455.0,65.0,13.5,0.5511618029860985,0.4488381970139015,650.7177033492823
47,7,14,465.0,65.0,13.5,0.5457792112431029,0.4542207887568971,650.7177033492823
48,7,14,475.0,65.0,13.5,0.5382168826137981,0.4617831173862019,650.7177033492823
49,7,14,485.0,65.0,13.5,0.5266567878501215,0.4733432121498785,650.7177033492823
50,7,14,495.0,65.0,13.5,0.5040627035023403,0.4959372964976597,650.7177033492823
1,8,14,5.0,75.0,13.5,0.7561697941436447,0.2438302058563553,650.7177033492823
2,8,14,15.0,75.0,13.5,0.7486087813914978,0.2513912186085022,650.7177033492823
3,8,14,25.0,75.0,13.5,0.7397614964843168,0.26023850351568323,650.7177033492823
4,8,14,35.0,75.0,13.5,0.7305283841806296,0.2694716158193704,650.7177033492823
5,8,14,45.0,75.0,13.5,0.721423168125643,0.278576831874357,650.7177033492823
6,8,14,55.0,75.0,13.5,0.712699642097885,0.28730035790211494,650.7177033492823
7,8,14,65.0,75.0,13.5,0.7044547551417704,0.29554524485822964,650.7177033492823
8,8,14,75.0,75.0,13.5,0.6967067212920823,0.30329327870791767,650.7177033492823
9,8,14,85.0,75.0,13.5,0.6894341639423522,0.31056583605764776,650.7177033492823
10,8,14,95.0,75.0,13.5,0.6825937682400705,0.31740623175992955,650.7177033492823
11,8,14,105.0,75.0,13.5,0.6761451964948884,0.32385480350511164,650.7177033492823
12,8,14,115.0,75.0,13.5,0.6700531351804062,0.3299468648195938,650.7177033492823
13,8,14,125.0,75.0,13.5,0.6642770320877355,0.3357229679122645,650.7177033492823
14,8,14,135.0,75.0,13.5,0.6587833676552042,0.3412166323447958,650.7177033492823
15,8,14,145.0,75.0,13.5,0.6535473974459182,0.34645260255408183,650.7177033492823
16,8,14,155.0,75.0,13.5,0.6485443407132216,0.35145565928677835,650.7177033492823
17,8,14,165.0,75.0,13.5,0.6437515609852837,0.35624843901471626,650.7177033492823
18,8,14,175.0,75.0,13.5,0.6391494118649464,0.36085058813505355,650.7177033492823
19,8,14,185.0,75.0,13.5,0.6347214792676222,0.36527852073237776,650.7177033492823
20,8,14,195.0,75.0,13.5,0.6304542601123142,0.3695457398876858,650.7177033492823
21,8,14,205.0,75.0,13.5,0.6263348758340652,0.3736651241659348,650.7177033492823
22,8,14,215.0,75.0,13.5,0.6223480442916617,0.3776519557083383,650.7177033492823
23,8,14,225.0,75.0,13.5,0.6184808267014348,0.3815191732985652,650.7177033492823
24,8,14,235.0,75.0,13.5,0.6147226272892665,0.3852773727107335,650.7177033492823
25,8,14,245.0,75.0,13.5,0.6110666106500464,0.3889333893499536,650.7177033492823
26,8,14,255.0,75.0,13.5,0.6075008268761788,0.3924991731238212,650.7177033492823
27,8,14,265.0,75.0,13.5,0.6040113270400871,0.3959886729599129,650.7177033492823
28,8,14,275.0,75.0,13.5,0.6006026505822321,0.39939734941776794,650.7177033492823
29,8,14,285.0,75.0,13.5,0.5972757667291761,0.40272423327082385,650.7177033492823
30,8,14,295.0,75.0,13.5,0.5940205742417055,0.4059794257582945,650.7177033492823
31,8,14,305.0,75.0,13.5,0.5908343781357582,0.40916562186424177,650.7177033492823
32,8,14,315.0,75.0,13.5,0.5877148045347067,0.4122851954652933,650.7177033492823
33,8,14,325.0,75.0,13.5,0.5846477969123169,0.41535220308768306,650.7177033492823
34,8,14,335.0,75.0,13.5,0.5816308138713124,0.41836918612868756,650.7177033492823
35,8,14,345.0,75.0,13.5,0.5786579970825848,0.4213420029174152,650.7177033492823
36,8,14,355.0,75.0,13.5,0.575728031030482,0.424271968969518,650.7177033492823
37,8,14,365.0,75.0,13.5,0.5728378335444061,0.4271621664555939,650.7177033492823
38,8,14,375.0,75.0,13.5,0.56996742793006,0.43003257206993994,650.7177033492823
39,8,14,385.0,75.0,13.5,0.567105048319441,0.432894951680559,650.7177033492823
40,8,14,395.0,75.0,13.5,0.5642237475928947,0.43577625240710527,650.7177033492823
41,8,14,405.0,75.0,13.5,0.561297510169744,0.43870248983025595,650.7177033492823
42,8,14,415.0,75.0,13.5,0.558288865649429,0.44171113435057097,650.7177033492823
43,8,14,425.0,75.0,13.5,0.5551265832804939,0.4448734167195061,650.7177033492823
44,8,14,435.0,75.0,13.5,0.5516903851535934,0.44830961484640663,650.7177033492823
45,8,14,445.0,75.0,13.5,0.5477617528249843,0.4522382471750157,650.7177033492823
46,8,14,455.0,75.0,13.5,0.5429856286029222,0.4570143713970778,650.7177033492823
47,8,14,465.0,75.0,13.5,0.5368134985838572,0.4631865014161428,650.7177033492823
48,8,14,475.0,75.0,13.5,0.5284123439512176,0.4715876560487824,650.7177033492823
49,8,14,485.0,75.0,13.5,0.5163336264745993,0.48366637352540065,650.7177033492823
50,8,14,495.0,75.0,13.5,0.49329972397099225,0.5067002760290078,650.7177033492823
1,9,14,5.0,85.0,13.5,0.7291954955394422,0.2708045044605578,650.7177033492823
2,9,14,15.0,85.0,13.5,0.7227122648316484,0.2772877351683516,650.7177033492823
3,9,14,25.0,85.0,13.5,0.7150037020293241,0.28499629797067594,650.7177033492823
4,9,14,35.0,85.0,13.5,0.7068652351508862,0.2931347648491138,650.7177033492823
5,9,14,45.0,85.0,13.5,0.6987550298932848,0.30124497010671525,650.7177033492823
6,9,14,55.0,85.0,13.5,0.6909067203151645,0.30909327968483546,650.7177033492823
7,9,14,65.0,85.0,13.5,0.6834343625668746,0.3165656374331254,650.7177033492823
8,9,14,75.0,85.0,13.5,0.6763559156839009,0.32364408431609915,650.7177033492823
9,9,14,85.0,85.0,13.5,0.669675759742903,0.33032424025709695,650.7177033492823
10,9,14,95.0,85.0,13.5,0.6633637560436273,0.3366362439563727,650.7177033492823
11,9,14,105.0,85.0,13.5,0.6573906843418804,0.3426093156581196,650.7177033492823
12,9,14,115.0,85.0,13.5,0.6517295832856213,0.34827041671437875,650.7177033492823
13,9,14,125.0,85.0,13.5,0.6463500312503434,0.3536499687496566,650.7177033492823
14,9,14,135.0,85.0,13.5,0.6412251523593124,0.35877484764068757,650.7177033492823
15,9,14,145.0,85.0,13.5,0.6363326891320076,0.3636673108679924,650.7177033492823
16,9,14,155.0,85.0,13.5,0.6316526057123002,0.3683473942876998,650.7177033492823
17,9,14,165.0,85.0,13.5,0.6271646551894003,0.37283534481059966,650.7177033492823
18,9,14,175.0,85.0,13.5,0.6228506641793833,0.3771493358206167,650.7177033492823
19,9,14,185.0,85.0,13.5,0.6186963918038725,0.3813036081961275,650.7177033492823
20,9,14,195.0,85.0,13.5,0.6146903934195408,0.3853096065804592,650.7177033492823
21,9,14,205.0,85.0,13.5,0.6108217359364512,0.38917826406354883,650.7177033492823
22,9,14,215.0,85.0,13.5,0.6070756986880939,0.39292430131190614,650.7177033492823
23,9,14,225.0,85.0,13.5,0.603434650383852,0.396565349616148,650.7177033492823
24,9,14,235.0,85.0,13.5,0.5998862157864776,0.4001137842135224,650.7177033492823
25,9,14,245.0,85.0,13.5,0.5964278802676237,0.4035721197323763,650.7177033492823
26,9,14,255.0,85.0,13.5,0.593064179049174,0.40693582095082603,650.7177033492823
27,9,14,265.0,85.0,13.5,0.589786960658861,0.41021303934113895,650.7177033492823
28,9,14,275.0,85.0,13.5,0.5865899531347484,0.4134100468652516,650.7177033492823
29,9,14,285.0,85.0,13.5,0.583464467004494,0.41653553299550605,650.7177033492823
30,9,14,295.0,85.0,13.5,0.5804059683671261,0.4195940316328739,650.7177033492823
31,9,14,305.0,85.0,13.5,0.5774192768776769,0.4225807231223231,650.7177033492823
32,9,14,315.0,85.0,13.5,0.5744930593670701,0.42550694063292993,650.7177033492823
33,9,14,325.0,85.0,13.5,0.5716204229966011,0.4283795770033989,650.7177033492823
34,9,14,335.0,85.0,13.5,0.568790291244619,0.431209708755381,650.7177033492823
35,9,14,345.0,85.0,13.5,0.5659940323994812,0.4340059676005188,650.7177033492823
36,9,14,355.0,85.0,13.5,0.5632355892897053,0.4367644107102947,650.7177033492823
37,9,14,365.0,85.0,13.5,0.560516153525203,0.439483846474797,650.7177033492823
38,9,14,375.0,85.0,13.5,0.5578208468417973,0.44217915315820266,650.7177033492823
39,9,14,385.0,85.0,13.5,0.5551142272833876,0.44488577271661245,650.7177033492823
40,9,14,395.0,85.0,13.5,0.5523640179093219,0.4476359820906781,650.7177033492823
41,9,14,405.0,85.0,13.5,0.5495259652444798,0.45047403475552017,650.7177033492823
42,9,14,415.0,85.0,13.5,0.5465537992802518,0.45344620071974817,650.7177033492823
43,9,14,425.0,85.0,13.5,0.5433656794992751,0.45663432050072494,650.7177033492823
44,9,14,435.0,85.0,13.5,0.539812649359856,0.46018735064014404,650.7177033492823
45,9,14,445.0,85.0,13.5,0.5356636123047825,0.46433638769521746,650.7177033492823
46,9,14,455.0,85.0,13.5,0.5306112742864448,0.46938872571355517,650.7177033492823
47,9,14,465.0,85.0,13.5,0.5242993161632087,0.4757006838367913,650.7177033492823
48,9,14,475.0,85.0,13.5,0.5162883058962713,0.4837116941037287,650.7177033492823
49,9,14,485.0,85.0,13.5,0.5055594760131225,0.49444052398687754,650.7177033492823
50,9,14,495.0,85.0,13.5,0.48466384748003727,0.5153361525199627,650.7177033492823
1,10,14,5.0,95.0,13.5,0.6817342797392241,0.31826572026077593,650.7177033492823
2,10,14,15.0,95.0,13.5,0.6766573093427202,0.32334269065727983,650.7177033492823
3,10,14,25.0,95.0,13.5,0.6704464925825291,0.3295535074174709,650.7177033492823
4,10,14,35.0,95.0,13.5,0.6637398292113975,0.3362601707886025,650.7177033492823
5,10,14,45.0,95.0,13.5,0.6569245604735331,0.3430754395264669,650.7177033492823
6,10,14,55.0,95.0,13.5,0.6502263650243483,0.3497736349756517,650.7177033492823
7,10,14,65.0,95.0,13.5,0.6437561490185827,0.3562438509814173,650.7177033492823
8,10,14,75.0,95.0,13.5,0.6375574352543566,0.3624425647456434,650.7177033492823
9,10,14,85.0,95.0,13.5,0.6316454207026106,0.36835457929738935,650.7177033492823
10,10,14,95.0,95.0,13.5,0.6260132824417733,0.37398671755822666,650.7177033492823
11,10,14,105.0,95.0,13.5,0.6206462720892819,0.3793537279107181,650.7177033492823
12,10,14,115.0,95.0,13.5,0.6155256135387819,0.3844743864612181,650.7177033492823
13,10,14,125.0,95.0,13.5,0.6106311704677525,0.3893688295322475,650.7177033492823
14,10,14,135.0,95.0,13.5,0.6059440937749287,0.39405590622507125,650.7177033492823
15,10,14,145.0,95.0,13.5,0.6014497676219454,0.39855023237805465,650.7177033492823
16,10,14,155.0,95.0,13.5,0.5971340375945436,0.40286596240545636,650.7177033492823
17,10,14,165.0,95.0,13.5,0.5929804773085989,0.40701952269140107,650.7177033492823
18,10,14,175.0,95.0,13.5,0.5889727639569419,0.41102723604305813,650.7177033492823
19,10,14,185.0,95.0,13.5,0.5851002701939481,0.41489972980605194,650.7177033492823
20,10,14,195.0,95.0,13.5,0.581358151495556,0.41864184850444397,650.7177033492823
21,10,14,205.0,95.0,13.5,0.5777334820391035,0.42226651796089654,650.7177033492823
22,10,14,215.0,95.0,13.5,0.574205278809608,0.42579472119039197,650.7177033492823
23,10,14,225.0,95.0,13.5,0.570754197802713,0.42924580219728703,650.7177033492823
24,10,14,235.0,95.0,13.5,0.5673903812010301,0.43260961879896986,650.7177033492823
25,10,14,245.0,95.0,13.5,0.5641172607306547,0.4358827392693453,650.7177033492823
26,10,14,255.0,95.0,13.5,0.5609325919833507,0.43906740801664934,650.7177033492823
27,10,14,265.0,95.0,13.5,0.5578287633483157,0.44217123665168434,650.7177033492823
28,10,14,275.0,95.0,13.5,0.5547901670943166,0.4452098329056834,650.7177033492823
29,10,14,285.0,95.0,13.5,0.5518141396721912,0.4481858603278088,650.7177033492823
30,10,14,295.0,95.0,13.5,0.5489015123851488,0.45109848761485116,650.7177033492823
31,10,14,305.0,95.0,13.5,0.5460548198816652,0.45394518011833485,650.7177033492823
32,10,14,315.0,95.0,13.5,0.5432722840689429,0.4567277159310571,650.7177033492823
33,10,14,325.0,95.0,13.5,0.5405360134980353,0.45946398650196474,650.7177033492823
34,10,14,335.0,95.0,13.5,0.5378346280405699,0.4621653719594301,650.7177033492823
35,10,14,345.0,95.0,13.5,0.5351591213323925,0.4648408786676075,650.7177033492823
36,10,14,355.0,95.0,13.5,0.5325173096662779,0.46748269033372214,650.7177033492823
37,10,14,365.0,95.0,13.5,0.5299094642212853,0.47009053577871474,650.7177033492823
38,10,14,375.0,95.0,13.5,0.527342678954083,0.47265732104591696,650.7177033492823
39,10,14,385.0,95.0,13.5,0.524798213779844,0.47520178622015596,650.7177033492823
40,10,14,395.0,95.0,13.5,0.5222561678528832,0.4777438321471168,650.7177033492823
41,10,14,405.0,95.0,13.5,0.5197045699888676,0.4802954300111324,650.7177033492823
42,10,14,415.0,95.0,13.5,0.5171469846454693,0.48285301535453073,650.7177033492823
43,10,14,425.0,95.0,13.5,0.514582277813348,0.485417722186652,650.7177033492823
44,10,14,435.0,95.0,13.5,0.5119778203393408,0.4880221796606592,650.7177033492823
45,10,14,445.0,95.0,13.5,0.5092529046041697,0.4907470953958303,650.7177033492823
46,10,14,455.0,95.0,13.5,0.5062944101002766,0.49370558989972335,650.7177033492823
47,10,14,465.0,95.0,13.5,0.5029523195298267,0.49704768047017334,650.7177033492823
48,10,14,475.0,95.0,13.5,0.49889256421334605,0.501107435786654,650.7177033492823
49,10,14,485.0,95.0,13.5,0.49292256484411323,0.5070774351558868,650.7177033492823
50,10,14,495.0,95.0,13.5,0.4767423139089481,0.5232576860910518,650.7177033492823
1,1,15,5.0,5.0,14.5,0.7128810148855543,0.28711898511444567,693.77990430622
2,1,15,15.0,5.0,14.5,0.7064630979079544,0.29353690209204564,693.77990430622
3,1,15,25.0,5.0,14.5,0.6989661346684632,0.30103386533153675,693.77990430622
4,1,15,35.0,5.0,14.5,0.6911458964930608,0.3088541035069392,693.77990430622
5,1,15,45.0,5.0,14.5,0.6834188957861269,0.3165811042138731,693.77990430622
6,1,15,55.0,5.0,14.5,0.675971028627471,0.32402897137252895,693.77990430622
7,1,15,65.0,5.0,14.5,0.6688939562770632,0.33110604372293684,693.77990430622
8,1,15,75.0,5.0,14.5,0.6621946340993019,0.3378053659006981,693.77990430622
9,1,15,85.0,5.0,14.5,0.655867623481631,0.34413237651836903,693.77990430622
10,1,15,95.0,5.0,14.5,0.6498881851904259,0.3501118148095741,693.77990430622
11,1,15,105.0,5.0,14.5,0.6442227732341407,0.3557772267658593,693.77990430622
12,1,15,115.0,5.0,14.5,0.6388423351993068,0.3611576648006932,693.77990430622
13,1,15,125.0,5.0,14.5,0.6337220220024756,0.3662779779975244,693.77990430622
14,1,15,135.0,5.0,14.5,0.6288369030325707,0.37116309696742933,693.77990430622
15,1,15,145.0,5.0,14.5,0.6241639528384787,0.3758360471615213,693.77990430622
16,1,15,155.0,5.0,14.5,0.6196836328994583,0.38031636710054173,693.77990430622
17,1,15,165.0,5.0,14.5,0.6153810340475702,0.38461896595242984,693.77990430622
18,1,15,175.0,5.0,14.5,0.6112429755286928,0.3887570244713072,693.77990430622
19,1,15,185.0,5.0,14.5,0.6072538167632988,0.3927461832367012,693.77990430622
20,1,15,195.0,5.0,14.5,0.6033992677814427,0.3966007322185573,693.77990430622
21,1,15,205.0,5.0,14.5,0.5996687599814068,0.4003312400185932,693.77990430622
22,1,15,215.0,5.0,14.5,0.5960576890257696,0.4039423109742304,693.77990430622
23,1,15,225.0,5.0,14.5,0.59255861197572,0.40744138802428,693.77990430622
24,1,15,235.0,5.0,14.5,0.5891567662024023,0.4108432337975977,693.77990430622
25,1,15,245.0,5.0,14.5,0.5858389009162589,0.4141610990837411,693.77990430622
26,1,15,255.0,5.0,14.5,0.5825957658881395,0.41740423411186045,693.77990430622
27,1,15,265.0,5.0,14.5,0.5794263276919975,0.42057367230800247,693.77990430622
28,1,15,275.0,5.0,14.5,0.576338930055485,0.423661069944515,693.77990430622
29,1,15,285.0,5.0,14.5,0.5733292893618652,0.4266707106381348,693.77990430622
30,1,15,295.0,5.0,14.5,0.570385164310388,0.429614835689612,693.77990430622
31,1,15,305.0,5.0,14.5,0.5675054685369825,0.43249453146301753,693.77990430622
32,1,15,315.0,5.0,14.5,0.564683144462758,0.435316855537242,693.77990430622
33,1,15,325.0,5.0,14.5,0.5619253535667431,0.4380746464332569,693.77990430622
34,1,15,335.0,5.0,14.5,0.5592317020371071,0.44076829796289285,693.77990430622
35,1,15,345.0,5.0,14.5,0.556598257288782,0.443401742711218,693.77990430622
36,1,15,355.0,5.0,14.5,0.5540177515776438,0.44598224842235623,693.77990430622
37,1,15,365.0,5.0,14.5,0.551481835032129,0.448518164967871,693.77990430622
38,1,15,375.0,5.0,14.5,0.5489935695206631,0.45100643047933686,693.77990430622
39,1,15,385.0,5.0,14.5,0.5465559889052515,0.4534440110947485,693.77990430622
40,1,15,395.0,5.0,14.5,0.5441715838164816,0.45582841618351844,693.77990430622
41,1,15,405.0,5.0,14.5,0.5418245592824334,0.45817544071756655,693.77990430622
42,1,15,415.0,5.0,14.5,0.539479860908603,0.460520139091397,693.77990430622
43,1,15,425.0,5.0,14.5,0.5371107824793094,0.46288921752069057,693.77990430622
44,1,15,435.0,5.0,14.5,0.5347434255723809,0.46525657442761914,693.77990430622
45,1,15,445.0,5.0,14.5,0.5323637305478285,0.4676362694521715,693.77990430622
46,1,15,455.0,5.0,14.5,0.529936909219115,0.47006309078088504,693.77990430622
47,1,15,465.0,5.0,14.5,0.5273782078401379,0.4726217921598621,693.77990430622
48,1,15,475.0,5.0,14.5,0.5244757731922672,0.47552422680773276,693.77990430622
49,1,15,485.0,5.0,14.5,0.5206880928596163,0.47931190714038374,693.77990430622
50,1,15,495.0,5.0,14.5,0.5136754204239785,0.4863245795760215,693.77990430622
1,2,15,5.0,15.0,14.5,0.7526417191935053,0.2473582808064947,693.77990430622
2,2,15,15.0,15.0,14.5,0.7449044014225517,0.25509559857744835,693.77990430622
3,2,15,25.0,15.0,14.5,0.7360083775969835,0.26399162240301655,693.77990430622
4,2,15,35.0,15.0,14.5,0.7268667259138187,0.27313327408618127,693.77990430622
5,2,15,45.0,15.0,14.5,0.717954060764925,0.28204593923507504,693.77990430622
6,2,15,55.0,15.0,14.5,0.7094824844622294,0.2905175155377706,693.77990430622
7,2,15,65.0,15.0,14.5,0.7015219458617846,0.2984780541382154,693.77990430622
8,2,15,75.0,15.0,14.5,0.6940718363886953,0.3059281636113047,693.77990430622
9,2,15,85.0,15.0,14.5,0.6870897546501512,0.3129102453498488,693.77990430622
10,2,15,95.0,15.0,14.5,0.6805379203410066,0.3194620796589934,693.77990430622
11,2,15,105.0,15.0,14.5,0.6743727396400361,0.3256272603599639,693.77990430622
12,2,15,115.0,15.0,14.5,0.6685461584813029,0.33145384151869706,693.77990430622
13,2,15,125.0,15.0,14.5,0.6630259228562722,0.33697407714372785,693.77990430622
14,2,15,135.0,15.0,14.5,0.6577804432613639,0.34221955673863613,693.77990430622
15,2,15,145.0,15.0,14.5,0.6527809346040111,0.3472190653959889,693.77990430622
16,2,15,155.0,15.0,14.5,0.648003208199214,0.351996791800786,693.77990430622
17,2,15,165.0,15.0,14.5,0.6434273378628239,0.3565726621371761,693.77990430622
18,2,15,175.0,15.0,14.5,0.6390351919770847,0.3609648080229153,693.77990430622
19,2,15,185.0,15.0,14.5,0.6348096144071919,0.36519038559280814,693.77990430622
20,2,15,195.0,15.0,14.5,0.63073700940436,0.36926299059564005,693.77990430622
21,2,15,205.0,15.0,14.5,0.6268054058640408,0.37319459413595923,693.77990430622
22,2,15,215.0,15.0,14.5,0.6230036461976031,0.37699635380239693,693.77990430622
23,2,15,225.0,15.0,14.5,0.6193210910860367,0.3806789089139633,693.77990430622
24,2,15,235.0,15.0,14.5,0.615747757558868,0.384252242441132,693.77990430622
25,2,15,245.0,15.0,14.5,0.6122749116105448,0.3877250883894552,693.77990430622
26,2,15,255.0,15.0,14.5,0.608888518957921,0.39111148104207905,693.77990430622
27,2,15,265.0,15.0,14.5,0.6055821671617972,0.39441783283820275,693.77990430622
28,2,15,275.0,15.0,14.5,0.6023559748099256,0.39764402519007436,693.77990430622
29,2,15,285.0,15.0,14.5,0.5992064036106612,0.40079359638933876,693.77990430622
30,2,15,295.0,15.0,14.5,0.5961296208141846,0.40387037918581536,693.77990430622
31,2,15,305.0,15.0,14.5,0.593122736569163,0.40687726343083697,693.77990430622
32,2,15,315.0,15.0,14.5,0.5901766761748084,0.4098233238251916,693.77990430622
33,2,15,325.0,15.0,14.5,0.5872990046197007,0.41270099538029925,693.77990430622
34,2,15,335.0,15.0,14.5,0.5844813145691498,0.41551868543085024,693.77990430622
35,2,15,345.0,15.0,14.5,0.5817229174382502,0.4182770825617498,693.77990430622
36,2,15,355.0,15.0,14.5,0.5790171211139549,0.42098287888604513,693.77990430622
37,2,15,365.0,15.0,14.5,0.5763579468906351,0.42364205310936487,693.77990430622
38,2,15,375.0,15.0,14.5,0.5737493595868035,0.4262506404131965,693.77990430622
39,2,15,385.0,15.0,14.5,0.5711887779715902,0.4288112220284098,693.77990430622
40,2,15,395.0,15.0,14.5,0.5686802645912766,0.43131973540872337,693.77990430622
41,2,15,405.0,15.0,14.5,0.5662082220491126,0.4337917779508874,693.77990430622
42,2,15,415.0,15.0,14.5,0.5637563178219848,0.43624368217801524,693.77990430622
43,2,15,425.0,15.0,14.5,0.5612452671025845,0.4387547328974155,693.77990430622
44,2,15,435.0,15.0,14.5,0.558580440795024,0.441419559204976,693.77990430622
45,2,15,445.0,15.0,14.5,0.5555848409712173,0.4444151590287827,693.77990430622
46,2,15,455.0,15.0,14.5,0.5519803853325866,0.44801961466741336,693.77990430622
47,2,15,465.0,15.0,14.5,0.5473545364861707,0.4526454635138293,693.77990430622
48,2,15,475.0,15.0,14.5,0.541238002887475,0.45876199711252497,693.77990430622
49,2,15,485.0,15.0,14.5,0.5331075685103396,0.4668924314896604,693.77990430622
50,2,15,495.0,15.0,14.5,0.5211006905825729,0.4788993094174271,693.77990430622
1,3,15,5.0,25.0,14.5,0.7741513018805836,0.22584869811941644,693.77990430622
2,3,15,15.0,25.0,14.5,0.7657811415249199,0.23421885847508006,693.77990430622
3,3,15,25.0,25.0,14.5,0.7561061842743295,0.24389381572567048,693.77990430622
4,3,15,35.0,25.0,14.5,0.7461201786723665,0.25387982132763354,693.77990430622
5,3,15,45.0,25.0,14.5,0.7364119649417497,0.26358803505825035,693.77990430622
6,3,15,55.0,25.0,14.5,0.7272434032714729,0.27275659672852715,693.77990430622
7,3,15,65.0,25.0,14.5,0.7186824485681813,0.2813175514318187,693.77990430622
8,3,15,75.0,25.0,14.5,0.7107124079356246,0.2892875920643754,693.77990430622
9,3,15,85.0,25.0,14.5,0.7033092823199426,0.2966907176800574,693.77990430622
10,3,15,95.0,25.0,14.5,0.6963773976071193,0.30362260239288075,693.77990430622
11,3,15,105.0,25.0,14.5,0.6898696966870218,0.3101303033129782,693.77990430622
12,3,15,115.0,25.0,14.5,0.6837277052358999,0.3162722947641001,693.77990430622
13,3,15,125.0,25.0,14.5,0.677907879067736,0.322092120932264,693.77990430622
14,3,15,135.0,25.0,14.5,0.6723801658267591,0.3276198341732409,693.77990430622
15,3,15,145.0,25.0,14.5,0.6671148661325272,0.33288513386747276,693.77990430622
16,3,15,155.0,25.0,14.5,0.6620889826481491,0.3379110173518509,693.77990430622
17,3,15,165.0,25.0,14.5,0.6572799148665792,0.3427200851334208,693.77990430622
18,3,15,175.0,25.0,14.5,0.6526668207947177,0.3473331792052823,693.77990430622
19,3,15,185.0,25.0,14.5,0.6482311342007278,0.35176886579927225,693.77990430622
20,3,15,195.0,25.0,14.5,0.6439566305713621,0.3560433694286379,693.77990430622
21,3,15,205.0,25.0,14.5,0.6398295492978611,0.36017045070213893,693.77990430622
22,3,15,215.0,25.0,14.5,0.6358401558602153,0.36415984413978475,693.77990430622
23,3,15,225.0,25.0,14.5,0.6319772915059061,0.3680227084940939,693.77990430622
24,3,15,235.0,25.0,14.5,0.628227781766154,0.371772218233846,693.77990430622
25,3,15,245.0,25.0,14.5,0.6245814838975139,0.3754185161024861,693.77990430622
26,3,15,255.0,25.0,14.5,0.6210326682760298,0.37896733172397024,693.77990430622
27,3,15,265.0,25.0,14.5,0.6175749563029396,0.38242504369706043,693.77990430622
28,3,15,275.0,25.0,14.5,0.6141956742791466,0.38580432572085344,693.77990430622
29,3,15,285.0,25.0,14.5,0.6108872519433632,0.38911274805663676,693.77990430622
30,3,15,295.0,25.0,14.5,0.6076510336962373,0.3923489663037627,693.77990430622
31,3,15,305.0,25.0,14.5,0.6044819103913103,0.3955180896086897,693.77990430622
32,3,15,315.0,25.0,14.5,0.6013810738279547,0.3986189261720453,693.77990430622
33,3,15,325.0,25.0,14.5,0.5983465900340279,0.4016534099659721,693.77990430622
34,3,15,335.0,25.0,14.5,0.5953699694345109,0.4046300305654891,693.77990430622
35,3,15,345.0,25.0,14.5,0.5924554100380452,0.40754458996195475,693.77990430622
36,3,15,355.0,25.0,14.5,0.5895912236866648,0.41040877631333517,693.77990430622
37,3,15,365.0,25.0,14.5,0.5867804285018194,0.41321957149818056,693.77990430622
38,3,15,375.0,25.0,14.5,0.5840211627383453,0.41597883726165474,693.77990430622
39,3,15,385.0,25.0,14.5,0.5813122268860362,0.41868777311396377,693.77990430622
40,3,15,395.0,25.0,14.5,0.5786561501693777,0.42134384983062234,693.77990430622
41,3,15,405.0,25.0,14.5,0.5760429600636598,0.42395703993634015,693.77990430622
42,3,15,415.0,25.0,14.5,0.5734701265110534,0.42652987348894655,693.77990430622
43,3,15,425.0,25.0,14.5,0.5709125923333807,0.42908740766661935,693.77990430622
44,3,15,435.0,25.0,14.5,0.5682504288338893,0.4317495711661107,693.77990430622
45,3,15,445.0,25.0,14.5,0.5653981875254479,0.4346018124745521,693.77990430622
46,3,15,455.0,25.0,14.5,0.5621192775519095,0.4378807224480905,693.77990430622
47,3,15,465.0,25.0,14.5,0.5579388885888276,0.44206111141117244,693.77990430622
48,3,15,475.0,25.0,14.5,0.5520388512830441,0.4479611487169559,693.77990430622
49,3,15,485.0,25.0,14.5,0.5433308593174186,0.45666914068258135,693.77990430622
50,3,15,495.0,25.0,14.5,0.5295356746482246,0.4704643253517754,693.77990430622
1,4,15,5.0,35.0,14.5,0.7877502421011379,0.21224975789886213,693.77990430622
2,4,15,15.0,35.0,14.5,0.7795339913604185,0.22046600863958155,693.77990430622
3,4,15,25.0,35.0,14.5,0.7695401178924239,0.23045988210757606,693.77990430622
4,4,15,35.0,35.0,14.5,0.7589919219887726,0.24100807801122737,693.77990430622
5,4,15,45.0,35.0,14.5,0.7486851204753027,0.25131487952469733,693.77990430622
6,4,15,55.0,35.0,14.5,0.7390744707934134,0.2609255292065866,693.77990430622
7,4,15,65.0,35.0,14.5,0.7301635287521456,0.26983647124785437,693.77990430622
8,4,15,75.0,35.0,14.5,0.72189821194008,0.27810178805992003,693.77990430622
9,4,15,85.0,35.0,14.5,0.7141841469220945,0.28581585307790547,693.77990430622
10,4,15,95.0,35.0,14.5,0.7069705690527239,0.29302943094727607,693.77990430622
11,4,15,105.0,35.0,14.5,0.7002072711494528,0.2997927288505472,693.77990430622
12,4,15,115.0,35.0,14.5,0.6938417078166415,0.30615829218335855,693.77990430622
13,4,15,125.0,35.0,14.5,0.6878180989903031,0.3121819010096969,693.77990430622
14,4,15,135.0,35.0,14.5,0.6821037326185562,0.31789626738144383,693.77990430622
15,4,15,145.0,35.0,14.5,0.676662344357594,0.323337655642406,693.77990430622
16,4,15,155.0,35.0,14.5,0.6714608604364921,0.3285391395635079,693.77990430622
17,4,15,165.0,35.0,14.5,0.6664759892996598,0.3335240107003402,693.77990430622
18,4,15,175.0,35.0,14.5,0.6616882881318518,0.33831171186814823,693.77990430622
19,4,15,185.0,35.0,14.5,0.6570803383293373,0.3429196616706627,693.77990430622
20,4,15,195.0,35.0,14.5,0.6526369754992289,0.34736302450077106,693.77990430622
21,4,15,205.0,35.0,14.5,0.6483447851524692,0.3516552148475308,693.77990430622
22,4,15,215.0,35.0,14.5,0.6441922069324835,0.35580779306751653,693.77990430622
23,4,15,225.0,35.0,14.5,0.640169000785639,0.359830999214361,693.77990430622
24,4,15,235.0,35.0,14.5,0.6362678964693962,0.3637321035306038,693.77990430622
25,4,15,245.0,35.0,14.5,0.6324769300196069,0.3675230699803931,693.77990430622
26,4,15,255.0,35.0,14.5,0.6287866161635437,0.3712133838364563,693.77990430622
27,4,15,265.0,35.0,14.5,0.625189835335311,0.37481016466468897,693.77990430622
28,4,15,275.0,35.0,14.5,0.6216843038572636,0.3783156961427364,693.77990430622
29,4,15,285.0,35.0,14.5,0.618257355098566,0.38174264490143395,693.77990430622
30,4,15,295.0,35.0,14.5,0.6148985982624332,0.3851014017375668,693.77990430622
31,4,15,305.0,35.0,14.5,0.6116072474593376,0.3883927525406624,693.77990430622
32,4,15,315.0,35.0,14.5,0.6083838682753571,0.39161613172464294,693.77990430622
33,4,15,325.0,35.0,14.5,0.60522573382393,0.39477426617607003,693.77990430622
34,4,15,335.0,35.0,14.5,0.6021366710163362,0.39786332898366383,693.77990430622
35,4,15,345.0,35.0,14.5,0.5991063372281122,0.40089366277188776,693.77990430622
36,4,15,355.0,35.0,14.5,0.5961330361687353,0.40386696383126475,693.77990430622
37,4,15,365.0,35.0,14.5,0.5932187123603513,0.4067812876396487,693.77990430622
38,4,15,375.0,35.0,14.5,0.590356268230091,0.409643731769909,693.77990430622
39,4,15,385.0,35.0,14.5,0.5875552632851211,0.4124447367148789,693.77990430622
40,4,15,395.0,35.0,14.5,0.5848079629458068,0.41519203705419316,693.77990430622
41,4,15,405.0,35.0,14.5,0.5821201385042851,0.4178798614957149,693.77990430622
42,4,15,415.0,35.0,14.5,0.5794852095062014,0.4205147904937986,693.77990430622
43,4,15,425.0,35.0,14.5,0.5769035637298398,0.42309643627016025,693.77990430622
44,4,15,435.0,35.0,14.5,0.5743618989299387,0.4256381010700613,693.77990430622
45,4,15,445.0,35.0,14.5,0.5717383955038212,0.4282616044961788,693.77990430622
46,4,15,455.0,35.0,14.5,0.5688474482126865,0.4311525517873135,693.77990430622
47,4,15,465.0,35.0,14.5,0.565407913547665,0.43459208645233505,693.77990430622
48,4,15,475.0,35.0,14.5,0.5605971557251748,0.43940284427482523,693.77990430622
49,4,15,485.0,35.0,14.5,0.5529491759666298,0.44705082403337015,693.77990430622
50,4,15,495.0,35.0,14.5,0.5397787028348239,0.4602212971651761,693.77990430622
1,5,15,5.0,45.0,14.5,0.7966620764649829,0.20333792353501712,693.77990430622
2,5,15,15.0,45.0,14.5,0.789787519883648,0.21021248011635196,693.77990430622
3,5,15,25.0,45.0,14.5,0.7801186123483494,0.21988138765165055,693.77990430622
4,5,15,35.0,45.0,14.5,0.7694434029436056,0.23055659705639442,693.77990430622
5,5,15,45.0,45.0,14.5,0.7589536617948671,0.24104633820513288,693.77990430622
6,5,15,55.0,45.0,14.5,0.7489793939931506,0.2510206060068494,693.77990430622
7,5,15,65.0,45.0,14.5,0.7397075213261182,0.26029247867388183,693.77990430622
8,5,15,75.0,45.0,14.5,0.7311330104433607,0.26886698955663935,693.77990430622
9,5,15,85.0,45.0,14.5,0.7231914595669858,0.27680854043301417,693.77990430622
10,5,15,95.0,45.0,14.5,0.7157885502215888,0.2842114497784112,693.77990430622
11,5,15,105.0,45.0,14.5,0.7088720435732611,0.29112795642673894,693.77990430622
12,5,15,115.0,45.0,14.5,0.7023594169019299,0.29764058309807007,693.77990430622
13,5,15,125.0,45.0,14.5,0.6962107046026753,0.3037892953973247,693.77990430622
14,5,15,135.0,45.0,14.5,0.6903820904894743,0.3096179095105257,693.77990430622
15,5,15,145.0,45.0,14.5,0.6848343803440392,0.3151656196559608,693.77990430622
16,5,15,155.0,45.0,14.5,0.6795363130102418,0.32046368698975825,693.77990430622
17,5,15,165.0,45.0,14.5,0.6744636728796659,0.3255363271203341,693.77990430622
18,5,15,175.0,45.0,14.5,0.6695951224720762,0.3304048775279238,693.77990430622
19,5,15,185.0,45.0,14.5,0.6649111954019125,0.33508880459808754,693.77990430622
20,5,15,195.0,45.0,14.5,0.6603957755863218,0.3396042244136782,693.77990430622
21,5,15,205.0,45.0,14.5,0.6560348253628914,0.34396517463710863,693.77990430622
22,5,15,215.0,45.0,14.5,0.6518150813383269,0.3481849186616731,693.77990430622
23,5,15,225.0,45.0,14.5,0.6477244037082559,0.3522755962917441,693.77990430622
24,5,15,235.0,45.0,14.5,0.6437516636853691,0.35624833631463093,693.77990430622
25,5,15,245.0,45.0,14.5,0.639886895168987,0.360113104831013,693.77990430622
26,5,15,255.0,45.0,14.5,0.6361251760641019,0.3638748239358981,693.77990430622
27,5,15,265.0,45.0,14.5,0.6324576293393369,0.3675423706606631,693.77990430622
28,5,15,275.0,45.0,14.5,0.6288750879989216,0.37112491200107844,693.77990430622
29,5,15,285.0,45.0,14.5,0.6253707528225912,0.37462924717740875,693.77990430622
30,5,15,295.0,45.0,14.5,0.6219420930744795,0.37805790692552055,693.77990430622
31,5,15,305.0,45.0,14.5,0.6185749847282007,0.3814250152717993,693.77990430622
32,5,15,315.0,45.0,14.5,0.6152648299053552,0.38473517009464475,693.77990430622
33,5,15,325.0,45.0,14.5,0.6120205193624355,0.3879794806375645,693.77990430622
34,5,15,335.0,45.0,14.5,0.6088332536056619,0.3911667463943381,693.77990430622
35,5,15,345.0,45.0,14.5,0.6056980486837308,0.3943019513162692,693.77990430622
36,5,15,355.0,45.0,14.5,0.6026152293519924,0.3973847706480076,693.77990430622
37,5,15,365.0,45.0,14.5,0.5995715700056561,0.4004284299943439,693.77990430622
38,5,15,375.0,45.0,14.5,0.5965679261709906,0.40343207382900936,693.77990430622
39,5,15,385.0,45.0,14.5,0.5935999481499383,0.40640005185006167,693.77990430622
40,5,15,395.0,45.0,14.5,0.5906592077437918,0.40934079225620823,693.77990430622
41,5,15,405.0,45.0,14.5,0.5877465951124263,0.41225340488757367,693.77990430622
42,5,15,415.0,45.0,14.5,0.5848458709103392,0.41515412908966076,693.77990430622
43,5,15,425.0,45.0,14.5,0.5819552618933783,0.4180447381066217,693.77990430622
44,5,15,435.0,45.0,14.5,0.5790607945238168,0.42093920547618324,693.77990430622
45,5,15,445.0,45.0,14.5,0.5761463751715749,0.42385362482842515,693.77990430622
46,5,15,455.0,45.0,14.5,0.5731634122695243,0.4268365877304757,693.77990430622
47,5,15,465.0,45.0,14.5,0.569781073643166,0.430218926356834,693.77990430622
48,5,15,475.0,45.0,14.5,0.5652129597676312,0.4347870402323688,693.77990430622
49,5,15,485.0,45.0,14.5,0.5575969107668869,0.4424030892331131,693.77990430622
50,5,15,495.0,45.0,14.5,0.5434686091999656,0.45653139080003435,693.77990430622
1,6,15,5.0,55.0,14.5,0.788311658347035,0.21168834165296502,693.77990430622
2,6,15,15.0,55.0,14.5,0.7805352030996129,0.21946479690038712,693.77990430622
3,6,15,25.0,55.0,14.5,0.7710836816336676,0.22891631836633242,693.77990430622
4,6,15,35.0,55.0,14.5,0.7610176249958808,0.23898237500411923,693.77990430622
5,6,15,45.0,55.0,14.5,0.751101192379161,0.24889880762083905,693.77990430622
6,6,15,55.0,55.0,14.5,0.7416786898528335,0.2583213101471665,693.77990430622
7,6,15,65.0,55.0,14.5,0.7328593010690204,0.2671406989309796,693.77990430622
8,6,15,75.0,55.0,14.5,0.7246337960544785,0.27536620394552147,693.77990430622
9,6,15,85.0,55.0,14.5,0.716958465928675,0.28304153407132504,693.77990430622
10,6,15,95.0,55.0,14.5,0.7097729041437638,0.2902270958562362,693.77990430622
11,6,15,105.0,55.0,14.5,0.7030190599105607,0.2969809400894393,693.77990430622
12,6,15,115.0,55.0,14.5,0.6966418458412266,0.30335815415877343,693.77990430622
13,6,15,125.0,55.0,14.5,0.6906063201615473,0.3093936798384527,693.77990430622
14,6,15,135.0,55.0,14.5,0.6848718670634005,0.31512813293659947,693.77990430622
15,6,15,145.0,55.0,14.5,0.6794042567972775,0.32059574320272255,693.77990430622
16,6,15,155.0,55.0,14.5,0.6741776421217657,0.3258223578782343,693.77990430622
17,6,15,165.0,55.0,14.5,0.66917006763374,0.33082993236626,693.77990430622
18,6,15,175.0,55.0,14.5,0.6643609546537049,0.3356390453462951,693.77990430622
19,6,15,185.0,55.0,14.5,0.6597321825622318,0.34026781743776824,693.77990430622
20,6,15,195.0,55.0,14.5,0.6552684061674049,0.3447315938325951,693.77990430622
21,6,15,205.0,55.0,14.5,0.6509568731279723,0.34904312687202765,693.77990430622
22,6,15,215.0,55.0,14.5,0.6467847868036948,0.3532152131963052,693.77990430622
23,6,15,225.0,55.0,14.5,0.6427408132047113,0.3572591867952887,693.77990430622
24,6,15,235.0,55.0,14.5,0.6388142714039624,0.3611857285960376,693.77990430622
25,6,15,245.0,55.0,14.5,0.6349953419884347,0.36500465801156534,693.77990430622
26,6,15,255.0,55.0,14.5,0.6312798088079472,0.3687201911920528,693.77990430622
27,6,15,265.0,55.0,14.5,0.6276572184352924,0.37234278156470757,693.77990430622
28,6,15,275.0,55.0,14.5,0.6241185464772631,0.37588145352273694,693.77990430622
29,6,15,285.0,55.0,14.5,0.6206573238251504,0.3793426761748496,693.77990430622
30,6,15,295.0,55.0,14.5,0.6172693123345446,0.38273068766545537,693.77990430622
31,6,15,305.0,55.0,14.5,0.6139398269622133,0.3860601730377867,693.77990430622
32,6,15,315.0,55.0,14.5,0.6106698175673663,0.38933018243263373,693.77990430622
33,6,15,325.0,55.0,14.5,0.6074679858484748,0.39253201415152517,693.77990430622
34,6,15,335.0,55.0,14.5,0.6043232619617687,0.39567673803823133,693.77990430622
35,6,15,345.0,55.0,14.5,0.6012304972897614,0.3987695027102386,693.77990430622
36,6,15,355.0,55.0,14.5,0.5981861462254414,0.4018138537745586,693.77990430622
37,6,15,365.0,55.0,14.5,0.5951784702367647,0.40482152976323527,693.77990430622
38,6,15,375.0,55.0,14.5,0.592209888664997,0.407790111335003,693.77990430622
39,6,15,385.0,55.0,14.5,0.5892676048789449,0.4107323951210551,693.77990430622
40,6,15,395.0,55.0,14.5,0.586345973335768,0.413654026664232,693.77990430622
41,6,15,405.0,55.0,14.5,0.5834349956883961,0.4165650043116039,693.77990430622
42,6,15,415.0,55.0,14.5,0.5805126036817267,0.41948739631827325,693.77990430622
43,6,15,425.0,55.0,14.5,0.5775611047029793,0.4224388952970207,693.77990430622
44,6,15,435.0,55.0,14.5,0.5745319738563256,0.4254680261436744,693.77990430622
45,6,15,445.0,55.0,14.5,0.5713496960726664,0.4286503039273336,693.77990430622
46,6,15,455.0,55.0,14.5,0.5678396460872832,0.4321603539127168,693.77990430622
47,6,15,465.0,55.0,14.5,0.5636076053531284,0.43639239464687163,693.77990430622
48,6,15,475.0,55.0,14.5,0.5577683061247238,0.44223169387527617,693.77990430622
49,6,15,485.0,55.0,14.5,0.5486330210356255,0.4513669789643745,693.77990430622
50,6,15,495.0,55.0,14.5,0.5317542270961216,0.46824577290387837,693.77990430622
1,7,15,5.0,65.0,14.5,0.7761530288363303,0.2238469711636697,693.77990430622
2,7,15,15.0,65.0,14.5,0.7684154477711614,0.23158455222883856,693.77990430622
3,7,15,25.0,65.0,14.5,0.7593199233501551,0.24068007664984492,693.77990430622
4,7,15,35.0,65.0,14.5,0.7498062512240936,0.2501937487759064,693.77990430622
5,7,15,45.0,65.0,14.5,0.7404404636312929,0.2595595363687071,693.77990430622
6,7,15,55.0,65.0,14.5,0.7315058053585677,0.2684941946414323,693.77990430622
7,7,15,65.0,65.0,14.5,0.7230998068215583,0.2769001931784417,693.77990430622
8,7,15,75.0,65.0,14.5,0.7152226662127692,0.2847773337872308,693.77990430622
9,7,15,85.0,65.0,14.5,0.7078532603182218,0.2921467396817782,693.77990430622
10,7,15,95.0,65.0,14.5,0.7009284451188582,0.2990715548811418,693.77990430622
11,7,15,105.0,65.0,14.5,0.6944158471493291,0.30558415285067086,693.77990430622
12,7,15,115.0,65.0,14.5,0.6882580737288964,0.31174192627110364,693.77990430622
13,7,15,125.0,65.0,14.5,0.6824206078949954,0.31757939210500463,693.77990430622
14,7,15,135.0,65.0,14.5,0.6768717361939556,0.3231282638060444,693.77990430622
15,7,15,145.0,65.0,14.5,0.671581059890331,0.328418940109669,693.77990430622
16,7,15,155.0,65.0,14.5,0.6665227235039064,0.3334772764960936,693.77990430622
17,7,15,165.0,65.0,14.5,0.6616748526480457,0.3383251473519543,693.77990430622
18,7,15,175.0,65.0,14.5,0.6570179168875092,0.3429820831124908,693.77990430622
19,7,15,185.0,65.0,14.5,0.6525353837731351,0.34746461622686486,693.77990430622
20,7,15,195.0,65.0,14.5,0.6482123140864994,0.3517876859135006,693.77990430622
21,7,15,205.0,65.0,14.5,0.6440352872263682,0.35596471277363184,693.77990430622
22,7,15,215.0,65.0,14.5,0.6399918970763602,0.36000810292363983,693.77990430622
23,7,15,225.0,65.0,14.5,0.6360743355052466,0.3639256644947534,693.77990430622
24,7,15,235.0,65.0,14.5,0.6322706939398368,0.3677293060601632,693.77990430622
25,7,15,245.0,65.0,14.5,0.6285711373477761,0.37142886265222386,693.77990430622
26,7,15,255.0,65.0,14.5,0.6249668568876007,0.3750331431123993,693.77990430622
27,7,15,265.0,65.0,14.5,0.6214542780042671,0.3785457219957329,693.77990430622
28,7,15,275.0,65.0,14.5,0.6180215268176841,0.3819784731823159,693.77990430622
29,7,15,285.0,65.0,14.5,0.6146576877366484,0.3853423122633516,693.77990430622
30,7,15,295.0,65.0,14.5,0.6113590573565768,0.3886409426434232,693.77990430622
31,7,15,305.0,65.0,14.5,0.6081263298210605,0.3918736701789395,693.77990430622
32,7,15,315.0,65.0,14.5,0.6049545718947361,0.3950454281052639,693.77990430622
33,7,15,325.0,65.0,14.5,0.6018453917967808,0.39815460820321924,693.77990430622
34,7,15,335.0,65.0,14.5,0.598788271909649,0.401211728090351,693.77990430622
35,7,15,345.0,65.0,14.5,0.5957814816243032,0.4042185183756968,693.77990430622
36,7,15,355.0,65.0,14.5,0.5928219132148288,0.4071780867851712,693.77990430622
37,7,15,365.0,65.0,14.5,0.5898947593630183,0.4101052406369817,693.77990430622
38,7,15,375.0,65.0,14.5,0.586999959386145,0.413000040613855,693.77990430622
39,7,15,385.0,65.0,14.5,0.5841223347772333,0.4158776652227667,693.77990430622
40,7,15,395.0,65.0,14.5,0.5812489230311992,0.41875107696880076,693.77990430622
41,7,15,405.0,65.0,14.5,0.5783639602263564,0.4216360397736436,693.77990430622
42,7,15,415.0,65.0,14.5,0.5754347847493493,0.4245652152506507,693.77990430622
43,7,15,425.0,65.0,14.5,0.5724237695647179,0.42757623043528215,693.77990430622
44,7,15,435.0,65.0,14.5,0.569246140609858,0.430753859390142,693.77990430622
45,7,15,445.0,65.0,14.5,0.5657596635952002,0.43424033640479975,693.77990430622
46,7,15,455.0,65.0,14.5,0.5616916558693947,0.43830834413060527,693.77990430622
47,7,15,465.0,65.0,14.5,0.5565314654668877,0.4434685345331123,693.77990430622
48,7,15,475.0,65.0,14.5,0.5493636834748924,0.4506363165251076,693.77990430622
49,7,15,485.0,65.0,14.5,0.5386882398508394,0.46131176014916064,693.77990430622
50,7,15,495.0,65.0,14.5,0.5197729228419459,0.4802270771580541,693.77990430622
1,8,15,5.0,75.0,14.5,0.7586762848328069,0.2413237151671931,693.77990430622
2,8,15,15.0,75.0,14.5,0.7515135981901145,0.24848640180988546,693.77990430622
3,8,15,25.0,75.0,14.5,0.7431398501442485,0.25686014985575145,693.77990430622
4,8,15,35.0,75.0,14.5,0.7343764835416247,0.26562351645837534,693.77990430622
5,8,15,45.0,75.0,14.5,0.7257176648278616,0.2742823351721384,693.77990430622
6,8,15,55.0,75.0,14.5,0.7174136345551265,0.2825863654448735,693.77990430622
7,8,15,65.0,75.0,14.5,0.7095505856353442,0.29044941436465577,693.77990430622
8,8,15,75.0,75.0,14.5,0.702150627924546,0.29784937207545403,693.77990430622
9,8,15,85.0,75.0,14.5,0.6951918850608391,0.30480811493916093,693.77990430622
10,8,15,95.0,75.0,14.5,0.6886436401624362,0.3113563598375638,693.77990430622
11,8,15,105.0,75.0,14.5,0.6824575933645048,0.31754240663549516,693.77990430622
12,8,15,115.0,75.0,14.5,0.6766050125378399,0.3233949874621601,693.77990430622
13,8,15,125.0,75.0,14.5,0.671050837127922,0.328949162872078,693.77990430622
14,8,15,135.0,75.0,14.5,0.6657641178310356,0.3342358821689644,693.77990430622
15,8,15,145.0,75.0,14.5,0.6607189710408558,0.33928102895914425,693.77990430622
16,8,15,155.0,75.0,14.5,0.6558926311348817,0.3441073688651183,693.77990430622
17,8,15,165.0,75.0,14.5,0.6512648746857881,0.3487351253142119,693.77990430622
18,8,15,175.0,75.0,14.5,0.6468178862134262,0.3531821137865738,693.77990430622
19,8,15,185.0,75.0,14.5,0.6425360503658055,0.3574639496341945,693.77990430622
20,8,15,195.0,75.0,14.5,0.6384059960695635,0.3615940039304365,693.77990430622
21,8,15,205.0,75.0,14.5,0.6344145969879225,0.36558540301207754,693.77990430622
22,8,15,215.0,75.0,14.5,0.6305505119017571,0.36944948809824285,693.77990430622
23,8,15,225.0,75.0,14.5,0.6268052807685027,0.3731947192314973,693.77990430622
24,8,15,235.0,75.0,14.5,0.623166317327456,0.376833682672544,693.77990430622
25,8,15,245.0,75.0,14.5,0.6196249702957567,0.3803750297042433,693.77990430622
26,8,15,255.0,75.0,14.5,0.6161754892211139,0.38382451077888613,693.77990430622
27,8,15,265.0,75.0,14.5,0.6128073454559039,0.3871926545440961,693.77990430622
28,8,15,275.0,75.0,14.5,0.6095059691084426,0.39049403089155743,693.77990430622
29,8,15,285.0,75.0,14.5,0.606276111078531,0.39372388892146903,693.77990430622
30,8,15,295.0,75.0,14.5,0.6031188401049853,0.3968811598950147,693.77990430622
31,8,15,305.0,75.0,14.5,0.6000242400670249,0.3999757599329751,693.77990430622
32,8,15,315.0,75.0,14.5,0.5969943043702597,0.4030056956297403,693.77990430622
33,8,15,325.0,75.0,14.5,0.5940166360502823,0.4059833639497177,693.77990430622
34,8,15,335.0,75.0,14.5,0.5910857627040407,0.4089142372959593,693.77990430622
35,8,15,345.0,75.0,14.5,0.5882013943142286,0.4117986056857714,693.77990430622
36,8,15,355.0,75.0,14.5,0.5853579129336217,0.4146420870663783,693.77990430622
37,8,15,365.0,75.0,14.5,0.5825514501434585,0.41744854985654145,693.77990430622
38,8,15,375.0,75.0,14.5,0.5797636959870911,0.4202363040129089,693.77990430622
39,8,15,385.0,75.0,14.5,0.5769850149346714,0.42301498506532864,693.77990430622
40,8,15,395.0,75.0,14.5,0.5741914569024531,0.4258085430975469,693.77990430622
41,8,15,405.0,75.0,14.5,0.5713572043351908,0.42864279566480923,693.77990430622
42,8,15,415.0,75.0,14.5,0.5684454146726601,0.4315545853273399,693.77990430622
43,8,15,425.0,75.0,14.5,0.5653858735313675,0.4346141264686325,693.77990430622
44,8,15,435.0,75.0,14.5,0.5620665595485022,0.43793344045149785,693.77990430622
45,8,15,445.0,75.0,14.5,0.5582819157744077,0.44171808422559233,693.77990430622
46,8,15,455.0,75.0,14.5,0.5537036768537794,0.4462963231462206,693.77990430622
47,8,15,465.0,75.0,14.5,0.5478314539938463,0.45216854600615375,693.77990430622
48,8,15,475.0,75.0,14.5,0.5399311715204453,0.46006882847955466,693.77990430622
49,8,15,485.0,75.0,14.5,0.5289069063846357,0.47109309361536433,693.77990430622
50,8,15,495.0,75.0,14.5,0.5101957522558082,0.48980424774419185,693.77990430622
1,9,15,5.0,85.0,14.5,0.7330114905521493,0.2669885094478507,693.77990430622
2,9,15,15.0,85.0,14.5,0.7268640692278977,0.2731359307721023,693.77990430622
3,9,15,25.0,85.0,14.5,0.7195380399915134,0.28046196000848655,693.77990430622
4,9,15,35.0,85.0,14.5,0.7117857969191915,0.2882142030808085,693.77990430622
5,9,15,45.0,85.0,14.5,0.7040508259406185,0.2959491740593815,693.77990430622
6,9,15,55.0,85.0,14.5,0.6965524098885171,0.3034475901114829,693.77990430622
7,9,15,65.0,85.0,14.5,0.6894009007499705,0.3105990992500295,693.77990430622
8,9,15,75.0,85.0,14.5,0.6826191680831178,0.31738083191688216,693.77990430622
9,9,15,85.0,85.0,14.5,0.6762044936923829,0.3237955063076171,693.77990430622
10,9,15,95.0,85.0,14.5,0.6701394551082522,0.32986054489174776,693.77990430622
11,9,15,105.0,85.0,14.5,0.664393953076318,0.335606046923682,693.77990430622
12,9,15,115.0,85.0,14.5,0.6589381766632701,0.34106182333672985,693.77990430622
13,9,15,125.0,85.0,14.5,0.6537474344967834,0.3462525655032166,693.77990430622
14,9,15,135.0,85.0,14.5,0.648797435940687,0.35120256405931305,693.77990430622
15,9,15,145.0,85.0,14.5,0.6440666933487472,0.3559333066512528,693.77990430622
16,9,15,155.0,85.0,14.5,0.6395357708475198,0.3604642291524802,693.77990430622
17,9,15,165.0,85.0,14.5,0.6351866491547787,0.36481335084522126,693.77990430622
18,9,15,175.0,85.0,14.5,0.6310043209653661,0.3689956790346339,693.77990430622
19,9,15,185.0,85.0,14.5,0.6269747133051726,0.3730252866948274,693.77990430622
20,9,15,195.0,85.0,14.5,0.6230862034926417,0.37691379650735835,693.77990430622
21,9,15,205.0,85.0,14.5,0.6193270879245489,0.38067291207545106,693.77990430622
22,9,15,215.0,85.0,14.5,0.615686046759045,0.38431395324095496,693.77990430622
23,9,15,225.0,85.0,14.5,0.6121539645089302,0.3878460354910698,693.77990430622
24,9,15,235.0,85.0,14.5,0.6087172149152285,0.39128278508477154,693.77990430622
25,9,15,245.0,85.0,14.5,0.6053680946324032,0.39463190536759685,693.77990430622
26,9,15,255.0,85.0,14.5,0.6021023741852648,0.3978976258147352,693.77990430622
27,9,15,265.0,85.0,14.5,0.5989148033430961,0.4010851966569039,693.77990430622
28,9,15,275.0,85.0,14.5,0.5958016308444329,0.40419836915556706,693.77990430622
29,9,15,285.0,85.0,14.5,0.592761902487799,0.40723809751220097,693.77990430622
30,9,15,295.0,85.0,14.5,0.589785350017372,0.410214649982628,693.77990430622
31,9,15,305.0,85.0,14.5,0.586875938078026,0.41312406192197404,693.77990430622
32,9,15,315.0,85.0,14.5,0.5840252739008811,0.4159747260991189,693.77990430622
33,9,15,325.0,85.0,14.5,0.5812248002078498,0.41877519979215017,693.77990430622
34,9,15,335.0,85.0,14.5,0.5784700255904729,0.4215299744095271,693.77990430622
35,9,15,345.0,85.0,14.5,0.5757496655762541,0.42425033442374593,693.77990430622
36,9,15,355.0,85.0,14.5,0.5730686713481009,0.4269313286518991,693.77990430622
37,9,15,365.0,85.0,14.5,0.5704242445473211,0.4295757554526789,693.77990430622
38,9,15,375.0,85.0,14.5,0.567800032359808,0.432199967640192,693.77990430622
39,9,15,385.0,85.0,14.5,0.5651656569542959,0.4348343430457041,693.77990430622
40,9,15,395.0,85.0,14.5,0.5624971731675729,0.43750282683242714,693.77990430622
41,9,15,405.0,85.0,14.5,0.5597514648867147,0.4402485351132853,693.77990430622
42,9,15,415.0,85.0,14.5,0.5568839406519476,0.4431160593480524,693.77990430622
43,9,15,425.0,85.0,14.5,0.5538114359383719,0.4461885640616281,693.77990430622
44,9,15,435.0,85.0,14.5,0.550397289668776,0.449602710331224,693.77990430622
45,9,15,445.0,85.0,14.5,0.5464363026391226,0.4535636973608774,693.77990430622
46,9,15,455.0,85.0,14.5,0.5416539577519967,0.45834604224800335,693.77990430622
47,9,15,465.0,85.0,14.5,0.5357365664347842,0.4642634335652158,693.77990430622
48,9,15,475.0,85.0,14.5,0.5283269995321848,0.47167300046781524,693.77990430622
49,9,15,485.0,85.0,14.5,0.5187177432277532,0.4812822567722468,693.77990430622
50,9,15,495.0,85.0,14.5,0.5024169395840715,0.4975830604159285,693.77990430622
1,10,15,5.0,95.0,14.5,0.6876872379855689,0.31231276201443114,693.77990430622
2,10,15,15.0,95.0,14.5,0.6828577722468608,0.31714222775313916,693.77990430622
3,10,15,25.0,95.0,14.5,0.6769354801291579,0.32306451987084206,693.77990430622
4,10,15,35.0,95.0,14.5,0.6705286748915177,0.3294713251084823,693.77990430622
5,10,15,45.0,95.0,14.5,0.6640134296787512,0.3359865703212488,693.77990430622
6,10,15,55.0,95.0,14.5,0.657596026623691,0.342403973376309,693.77990430622
7,10,15,65.0,95.0,14.5,0.6513879752558362,0.34861202474416375,693.77990430622
8,10,15,75.0,95.0,14.5,0.6454369289226328,0.3545630710773672,693.77990430622
9,10,15,85.0,95.0,14.5,0.639753713133139,0.360246286866861,693.77990430622
10,10,15,95.0,95.0,14.5,0.6343314767853893,0.36566852321461074,693.77990430622
11,10,15,105.0,95.0,14.5,0.629157927778086,0.370842072221914,693.77990430622
12,10,15,115.0,95.0,14.5,0.6242164723516505,0.37578352764834955,693.77990430622
13,10,15,125.0,95.0,14.5,0.6194884325978303,0.38051156740216974,693.77990430622
14,10,15,135.0,95.0,14.5,0.6149564725656868,0.38504352743431325,693.77990430622
15,10,15,145.0,95.0,14.5,0.6106068203286923,0.3893931796713077,693.77990430622
16,10,15,155.0,95.0,14.5,0.6064253405252181,0.3935746594747819,693.77990430622
17,10,15,165.0,95.0,14.5,0.6023973207512486,0.39760267924875137,693.77990430622
18,10,15,175.0,95.0,14.5,0.5985088336935912,0.4014911663064088,693.77990430622
19,10,15,185.0,95.0,14.5,0.5947496914682315,0.40525030853176847,693.77990430622
20,10,15,195.0,95.0,14.5,0.5911148314124869,0.4088851685875131,693.77990430622
21,10,15,205.0,95.0,14.5,0.5875950004865306,0.41240499951346943,693.77990430622
22,10,15,215.0,95.0,14.5,0.5841754114995047,0.4158245885004953,693.77990430622
23,10,15,225.0,95.0,14.5,0.5808439449402776,0.4191560550597224,693.77990430622
24,10,15,235.0,95.0,14.5,0.5775914294972121,0.4224085705027879,693.77990430622
25,10,15,245.0,95.0,14.5,0.574412362295603,0.425587637704397,693.77990430622
26,10,15,255.0,95.0,14.5,0.571315455305291,0.42868454469470896,693.77990430622
27,10,15,265.0,95.0,14.5,0.5682947826442692,0.43170521735573075,693.77990430622
28,10,15,275.0,95.0,14.5,0.5653377933891814,0.43466220661081856,693.77990430622
29,10,15,285.0,95.0,14.5,0.56244466482799,0.43755533517200995,693.77990430622
30,10,15,295.0,95.0,14.5,0.5596102908962709,0.4403897091037291,693.77990430622
31,10,15,305.0,95.0,14.5,0.5568385324102203,0.4431614675897797,693.77990430622
32,10,15,315.0,95.0,14.5,0.5541239142595825,0.4458760857404175,693.77990430622
33,10,15,325.0,95.0,14.5,0.5514558241519855,0.44854417584801454,693.77990430622
34,10,15,335.0,95.0,14.5,0.5488252486876791,0.4511747513123209,693.77990430622
35,10,15,345.0,95.0,14.5,0.5462247215121363,0.4537752784878637,693.77990430622
36,10,15,355.0,95.0,14.5,0.5436579978619747,0.45634200213802534,693.77990430622
37,10,15,365.0,95.0,14.5,0.5411227489120727,0.4588772510879273,693.77990430622
38,10,15,375.0,95.0,14.5,0.5386293525219934,0.4613706474780066,693.77990430622
39,10,15,385.0,95.0,14.5,0.5361619289137799,0.4638380710862201,693.77990430622
40,10,15,395.0,95.0,14.5,0.5337087291342406,0.4662912708657594,693.77990430622
41,10,15,405.0,95.0,14.5,0.5312584471981142,0.4687415528018858,693.77990430622
42,10,15,415.0,95.0,14.5,0.5288122648264608,0.4711877351735392,693.77990430622
43,10,15,425.0,95.0,14.5,0.5263628799398362,0.4736371200601638,693.77990430622
44,10,15,435.0,95.0,14.5,0.5238850433044601,0.47611495669553994,693.77990430622
45,10,15,445.0,95.0,14.5,0.5213179267225019,0.4786820732774981,693.77990430622
46,10,15,455.0,95.0,14.5,0.5185766708028593,0.4814233291971407,693.77990430622
47,10,15,465.0,95.0,14.5,0.5155337652161329,0.4844662347838671,693.77990430622
48,10,15,475.0,95.0,14.5,0.5119201310472672,0.4880798689527328,693.77990430622
49,10,15,485.0,95.0,14.5,0.5068922331493119,0.49310776685068813,693.77990430622
50,10,15,495.0,95.0,14.5,0.49543314556552986,0.5045668544344701,693.77990430622
1,1,16,5.0,5.0,15.5,0.7172601150069302,0.2827398849930698,736.8421052631578
2,1,16,15.0,5.0,15.5,0.711154908976178,0.28884509102382205,736.8421052631578
3,1,16,25.0,5.0,15.5,0.7040130992268872,0.29598690077311285,736.8421052631578
4,1,16,35.0,5.0,15.5,0.6965525053743102,0.30344749462568976,736.8421052631578
5,1,16,45.0,5.0,15.5,0.689170460208026,0.31082953979197403,736.8421052631578
6,1,16,55.0,5.0,15.5,0.6820472418252352,0.31795275817476476,736.8421052631578
7,1,16,65.0,5.0,15.5,0.6752655773134209,0.32473442268657915,736.8421052631578
8,1,16,75.0,5.0,15.5,0.6688451178758644,0.3311548821241356,736.8421052631578
9,1,16,85.0,5.0,15.5,0.6627681292898996,0.3372318707101004,736.8421052631578
10,1,16,95.0,5.0,15.5,0.6570168771925032,0.34298312280749677,736.8421052631578
11,1,16,105.0,5.0,15.5,0.6515633194185819,0.3484366805814181,736.8421052631578
12,1,16,115.0,5.0,15.5,0.646379364009658,0.353620635990342,736.8421052631578
13,1,16,125.0,5.0,15.5,0.6414399468817636,0.35856005311823635,736.8421052631578
14,1,16,135.0,5.0,15.5,0.6367219761739304,0.36327802382606955,736.8421052631578
15,1,16,145.0,5.0,15.5,0.6322045827282254,0.36779541727177456,736.8421052631578
16,1,16,155.0,5.0,15.5,0.6278696741650678,0.3721303258349322,736.8421052631578
17,1,16,165.0,5.0,15.5,0.6237022253424317,0.3762977746575683,736.8421052631578
18,1,16,175.0,5.0,15.5,0.6196883538179286,0.38031164618207136,736.8421052631578
19,1,16,185.0,5.0,15.5,0.615816424568477,0.38418357543152304,736.8421052631578
20,1,16,195.0,5.0,15.5,0.612074680827182,0.38792531917281803,736.8421052631578
21,1,16,205.0,5.0,15.5,0.6084513126760864,0.39154868732391357,736.8421052631578
22,1,16,215.0,5.0,15.5,0.6049388773368882,0.3950611226631118,736.8421052631578
23,1,16,225.0,5.0,15.5,0.6015344058563901,0.39846559414360994,736.8421052631578
24,1,16,235.0,5.0,15.5,0.5982258760737702,0.4017741239262298,736.8421052631578
25,1,16,245.0,5.0,15.5,0.5950011633154415,0.4049988366845585,736.8421052631578
26,1,16,255.0,5.0,15.5,0.5918580884976853,0.4081419115023147,736.8421052631578
27,1,16,265.0,5.0,15.5,0.5887852577629648,0.41121474223703525,736.8421052631578
28,1,16,275.0,5.0,15.5,0.5857790880125152,0.4142209119874848,736.8421052631578
29,1,16,285.0,5.0,15.5,0.5828474692123347,0.41715253078766534,736.8421052631578
30,1,16,295.0,5.0,15.5,0.5799770918514657,0.42002290814853427,736.8421052631578
31,1,16,305.0,5.0,15.5,0.5771701366101615,0.4228298633898385,736.8421052631578
32,1,16,315.0,5.0,15.5,0.5744192410519205,0.42558075894807945,736.8421052631578
33,1,16,325.0,5.0,15.5,0.5717283444632888,0.4282716555367112,736.8421052631578
34,1,16,335.0,5.0,15.5,0.5690975066443138,0.4309024933556862,736.8421052631578
35,1,16,345.0,5.0,15.5,0.5665220557942948,0.4334779442057052,736.8421052631578
36,1,16,355.0,5.0,15.5,0.5639989002104618,0.43600109978953816,736.8421052631578
37,1,16,365.0,5.0,15.5,0.561521118476661,0.438478881523339,736.8421052631578
38,1,16,375.0,5.0,15.5,0.5590918409920594,0.44090815900794056,736.8421052631578
39,1,16,385.0,5.0,15.5,0.5567110249605238,0.4432889750394762,736.8421052631578
40,1,16,395.0,5.0,15.5,0.5543788830142051,0.4456211169857949,736.8421052631578
41,1,16,405.0,5.0,15.5,0.5520815468436103,0.4479184531563897,736.8421052631578
42,1,16,415.0,5.0,15.5,0.5497872684302696,0.4502127315697304,736.8421052631578
43,1,16,425.0,5.0,15.5,0.5474804591382624,0.4525195408617376,736.8421052631578
44,1,16,435.0,5.0,15.5,0.5451808549206182,0.4548191450793818,736.8421052631578
45,1,16,445.0,5.0,15.5,0.5428766896923,0.45712331030770004,736.8421052631578
46,1,16,455.0,5.0,15.5,0.5405288447047334,0.4594711552952666,736.8421052631578
47,1,16,465.0,5.0,15.5,0.5380609378410196,0.4619390621589804,736.8421052631578
48,1,16,475.0,5.0,15.5,0.5352791244533703,0.46472087554662966,736.8421052631578
49,1,16,485.0,5.0,15.5,0.5317069366458778,0.46829306335412224,736.8421052631578
50,1,16,495.0,5.0,15.5,0.5252348189170188,0.47476518108298116,736.8421052631578
1,2,16,5.0,15.0,15.5,0.755173157152414,0.24482684284758605,736.8421052631578
2,2,16,15.0,15.0,15.5,0.7478297661085258,0.2521702338914742,736.8421052631578
3,2,16,25.0,15.0,15.5,0.7393743997343676,0.2606256002656324,736.8421052631578
4,2,16,35.0,15.0,15.5,0.7306685992866018,0.26933140071339823,736.8421052631578
5,2,16,45.0,15.0,15.5,0.7221751615163625,0.2778248384836375,736.8421052631578
6,2,16,55.0,15.0,15.5,0.7140890540059861,0.2859109459940139,736.8421052631578
7,2,16,65.0,15.0,15.5,0.7064765447874182,0.29352345521258183,736.8421052631578
8,2,16,75.0,15.0,15.5,0.6993445257131511,0.3006554742868489,736.8421052631578
9,2,16,85.0,15.0,15.5,0.6926515304325181,0.30734846956748185,736.8421052631578
10,2,16,95.0,15.0,15.5,0.6863604221307699,0.31363957786923014,736.8421052631578
11,2,16,105.0,15.0,15.5,0.6804330708043407,0.3195669291956593,736.8421052631578
12,2,16,115.0,15.0,15.5,0.6748278686535177,0.32517213134648226,736.8421052631578
13,2,16,125.0,15.0,15.5,0.6695092420975358,0.3304907579024642,736.8421052631578
14,2,16,135.0,15.0,15.5,0.6644483825954952,0.3355516174045048,736.8421052631578
15,2,16,145.0,15.0,15.5,0.6596197352371861,0.3403802647628139,736.8421052631578
16,2,16,155.0,15.0,15.5,0.6550004653098921,0.3449995346901079,736.8421052631578
17,2,16,165.0,15.0,15.5,0.6505726789778686,0.34942732102213137,736.8421052631578
18,2,16,175.0,15.0,15.5,0.6463188024886669,0.3536811975113331,736.8421052631578
19,2,16,185.0,15.0,15.5,0.6422232755735452,0.3577767244264548,736.8421052631578
20,2,16,195.0,15.0,15.5,0.6382717719424255,0.36172822805757454,736.8421052631578
21,2,16,205.0,15.0,15.5,0.6344524591202163,0.3655475408797837,736.8421052631578
22,2,16,215.0,15.0,15.5,0.6307574504826873,0.3692425495173127,736.8421052631578
23,2,16,225.0,15.0,15.5,0.6271798822406487,0.3728201177593513,736.8421052631578
24,2,16,235.0,15.0,15.5,0.6237052850951219,0.3762947149048781,736.8421052631578
25,2,16,245.0,15.0,15.5,0.6203245287089023,0.3796754712910977,736.8421052631578
26,2,16,255.0,15.0,15.5,0.6170362188202287,0.38296378117977126,736.8421052631578
27,2,16,265.0,15.0,15.5,0.6138279381587399,0.3861720618412601,736.8421052631578
28,2,16,275.0,15.0,15.5,0.6106932494462787,0.3893067505537213,736.8421052631578
29,2,16,285.0,15.0,15.5,0.6076309459021754,0.39236905409782463,736.8421052631578
30,2,16,295.0,15.0,15.5,0.604633257606325,0.395366742393675,736.8421052631578
31,2,16,305.0,15.0,15.5,0.6017024325233249,0.3982975674766751,736.8421052631578
32,2,16,315.0,15.0,15.5,0.5988341593524171,0.40116584064758287,736.8421052631578
33,2,16,325.0,15.0,15.5,0.5960245253799513,0.4039754746200487,736.8421052631578
34,2,16,335.0,15.0,15.5,0.593278209351195,0.406721790648805,736.8421052631578
35,2,16,345.0,15.0,15.5,0.5905828483463272,0.40941715165367276,736.8421052631578
36,2,16,355.0,15.0,15.5,0.5879437780338601,0.4120562219661399,736.8421052631578
37,2,16,365.0,15.0,15.5,0.5853481693358118,0.4146518306641882,736.8421052631578
38,2,16,375.0,15.0,15.5,0.5828056744990677,0.4171943255009323,736.8421052631578
39,2,16,385.0,15.0,15.5,0.5803075897654472,0.41969241023455284,736.8421052631578
40,2,16,395.0,15.0,15.5,0.577860997950049,0.42213900204995103,736.8421052631578
41,2,16,405.0,15.0,15.5,0.575447799921558,0.42455220007844197,736.8421052631578
42,2,16,415.0,15.0,15.5,0.5730580425685555,0.4269419574314445,736.8421052631578
43,2,16,425.0,15.0,15.5,0.5706104690506657,0.4293895309493343,736.8421052631578
44,2,16,435.0,15.0,15.5,0.5680226844552665,0.4319773155447335,736.8421052631578
45,2,16,445.0,15.0,15.5,0.5651202213005141,0.4348797786994859,736.8421052631578
46,2,16,455.0,15.0,15.5,0.5616383361725908,0.43836166382740915,736.8421052631578
47,2,16,465.0,15.0,15.5,0.5571851889133113,0.44281481108668874,736.8421052631578
48,2,16,475.0,15.0,15.5,0.5513202820268919,0.4486797179731081,736.8421052631578
49,2,16,485.0,15.0,15.5,0.5435821127728004,0.45641788722719956,736.8421052631578
50,2,16,495.0,15.0,15.5,0.5323535810421445,0.4676464189578555,736.8421052631578
1,3,16,5.0,25.0,15.5,0.7755880712249613,0.22441192877503868,736.8421052631578
2,3,16,15.0,25.0,15.5,0.7676871446575028,0.23231285534249724,736.8421052631578
3,3,16,25.0,25.0,15.5,0.758505274365848,0.24149472563415197,736.8421052631578
4,3,16,35.0,25.0,15.5,0.7490198859295262,0.2509801140704738,736.8421052631578
5,3,16,45.0,25.0,15.5,0.739785216222066,0.26021478377793394,736.8421052631578
6,3,16,55.0,25.0,15.5,0.7310525179531038,0.2689474820468962,736.8421052631578
7,3,16,65.0,25.0,15.5,0.7228918605725485,0.2771081394274515,736.8421052631578
8,3,16,75.0,25.0,15.5,0.715282109712643,0.28471789028735695,736.8421052631578
9,3,16,85.0,25.0,15.5,0.7082042285077269,0.2917957714922731,736.8421052631578
10,3,16,95.0,25.0,15.5,0.701567796613989,0.29843220338601095,736.8421052631578
11,3,16,105.0,25.0,15.5,0.6953293597854623,0.3046706402145377,736.8421052631578
12,3,16,115.0,25.0,15.5,0.6894363888000076,0.31056361119999243,736.8421052631578
13,3,16,125.0,25.0,15.5,0.6838450235177032,0.31615497648229685,736.8421052631578
14,3,16,135.0,25.0,15.5,0.6785269069632063,0.3214730930367937,736.8421052631578
15,3,16,145.0,25.0,15.5,0.6734549136428759,0.3265450863571241,736.8421052631578
16,3,16,155.0,25.0,15.5,0.6686070073560957,0.3313929926439043,736.8421052631578
17,3,16,165.0,25.0,15.5,0.663963519245457,0.33603648075454295,736.8421052631578
18,3,16,175.0,25.0,15.5,0.6595050016209557,0.3404949983790443,736.8421052631578
19,3,16,185.0,25.0,15.5,0.6552144660554944,0.3447855339445056,736.8421052631578
20,3,16,195.0,25.0,15.5,0.6510788506801412,0.34892114931985885,736.8421052631578
21,3,16,205.0,25.0,15.5,0.6470838177548741,0.3529161822451259,736.8421052631578
22,3,16,215.0,25.0,15.5,0.6432177025024371,0.35678229749756285,736.8421052631578
23,3,16,225.0,25.0,15.5,0.6394693857481736,0.3605306142518264,736.8421052631578
24,3,16,235.0,25.0,15.5,0.635831083453272,0.364168916546728,736.8421052631578
25,3,16,245.0,25.0,15.5,0.6322966762289561,0.36770332377104387,736.8421052631578
26,3,16,255.0,25.0,15.5,0.628853202557958,0.37114679744204204,736.8421052631578
27,3,16,265.0,25.0,15.5,0.6254949076315581,0.37450509236844187,736.8421052631578
28,3,16,275.0,25.0,15.5,0.62222169234753,0.37777830765247,736.8421052631578
29,3,16,285.0,25.0,15.5,0.6190185488684973,0.3809814511315027,736.8421052631578
30,3,16,295.0,25.0,15.5,0.6158790145692323,0.38412098543076767,736.8421052631578
31,3,16,305.0,25.0,15.5,0.6128047249044277,0.3871952750955723,736.8421052631578
32,3,16,315.0,25.0,15.5,0.6097892387061467,0.39021076129385335,736.8421052631578
33,3,16,325.0,25.0,15.5,0.6068383062428588,0.39316169375714116,736.8421052631578
34,3,16,335.0,25.0,15.5,0.6039452592377156,0.3960547407622844,736.8421052631578
35,3,16,345.0,25.0,15.5,0.6011056633104029,0.39889433668959706,736.8421052631578
36,3,16,355.0,25.0,15.5,0.5983222433354793,0.40167775666452066,736.8421052631578
37,3,16,365.0,25.0,15.5,0.5955846059942045,0.4044153940057955,736.8421052631578
38,3,16,375.0,25.0,15.5,0.5929022734021223,0.4070977265978777,736.8421052631578
39,3,16,385.0,25.0,15.5,0.5902649192126793,0.4097350807873207,736.8421052631578
40,3,16,395.0,25.0,15.5,0.5876813870365087,0.41231861296349126,736.8421052631578
41,3,16,405.0,25.0,15.5,0.5851384461721891,0.41486155382781087,736.8421052631578
42,3,16,415.0,25.0,15.5,0.5826372808788197,0.4173627191211803,736.8421052631578
43,3,16,425.0,25.0,15.5,0.5801503907164252,0.41984960928357484,736.8421052631578
44,3,16,435.0,25.0,15.5,0.5775645271326573,0.42243547286734273,736.8421052631578
45,3,16,445.0,25.0,15.5,0.5747943219330323,0.42520567806696774,736.8421052631578
46,3,16,455.0,25.0,15.5,0.5716099745912376,0.42839002540876236,736.8421052631578
47,3,16,465.0,25.0,15.5,0.5675542442230554,0.43244575577694455,736.8421052631578
48,3,16,475.0,25.0,15.5,0.5618516595618993,0.4381483404381007,736.8421052631578
49,3,16,485.0,25.0,15.5,0.5534939706324569,0.44650602936754313,736.8421052631578
50,3,16,495.0,25.0,15.5,0.5404655300419327,0.45953446995806735,736.8421052631578
1,4,16,5.0,35.0,15.5,0.7884677445272492,0.21153225547275079,736.8421052631578
2,4,16,15.0,35.0,15.5,0.780692169774487,0.21930783022551303,736.8421052631578
3,4,16,25.0,35.0,15.5,0.7712444434160172,0.22875555658398283,736.8421052631578
4,4,16,35.0,35.0,15.5,0.7612430939996676,0.2387569060003324,736.8421052631578
5,4,16,45.0,35.0,15.5,0.7514600104381287,0.2485399895618713,736.8421052631578
6,4,16,55.0,35.0,15.5,0.7423276993729394,0.2576723006270606,736.8421052631578
7,4,16,65.0,35.0,15.5,0.7338495716103306,0.2661504283896694,736.8421052631578
8,4,16,75.0,35.0,15.5,0.725962991878674,0.27403700812132603,736.8421052631578
9,4,16,85.0,35.0,15.5,0.718604604441231,0.281395395558769,736.8421052631578
10,4,16,95.0,35.0,15.5,0.7117074095770193,0.2882925904229807,736.8421052631578
11,4,16,105.0,35.0,15.5,0.7052367365593322,0.29476326344066783,736.8421052631578
12,4,16,115.0,35.0,15.5,0.6991382112899793,0.3008617887100207,736.8421052631578
13,4,16,125.0,35.0,15.5,0.6933613238771672,0.3066386761228328,736.8421052631578
14,4,16,135.0,35.0,15.5,0.6878751384565254,0.31212486154347463,736.8421052631578
15,4,16,145.0,35.0,15.5,0.6826465127715193,0.31735348722848067,736.8421052631578
16,4,16,155.0,35.0,15.5,0.6776453027715886,0.32235469722841137,736.8421052631578
17,4,16,165.0,35.0,15.5,0.6728473854020169,0.32715261459798306,736.8421052631578
18,4,16,175.0,35.0,15.5,0.668234410185446,0.33176558981455395,736.8421052631578
19,4,16,185.0,35.0,15.5,0.6637901176937032,0.3362098823062968,736.8421052631578
20,4,16,195.0,35.0,15.5,0.6595001406867947,0.34049985931320526,736.8421052631578
21,4,16,205.0,35.0,15.5,0.6553526940033663,0.34464730599663373,736.8421052631578
22,4,16,215.0,35.0,15.5,0.6513394484792132,0.3486605515207868,736.8421052631578
23,4,16,225.0,35.0,15.5,0.6474478014944969,0.3525521985055031,736.8421052631578
24,4,16,235.0,35.0,15.5,0.6436685152420565,0.3563314847579435,736.8421052631578
25,4,16,245.0,35.0,15.5,0.6399923587240652,0.36000764127593476,736.8421052631578
26,4,16,255.0,35.0,15.5,0.6364173101409621,0.36358268985903786,736.8421052631578
27,4,16,265.0,35.0,15.5,0.6329330461722699,0.36706695382773014,736.8421052631578
28,4,16,275.0,35.0,15.5,0.6295308944573151,0.37046910554268486,736.8421052631578
29,4,16,285.0,35.0,15.5,0.6262081842131116,0.37379181578688836,736.8421052631578
30,4,16,295.0,35.0,15.5,0.6229593540060507,0.37704064599394926,736.8421052631578
31,4,16,305.0,35.0,15.5,0.6197719533315417,0.38022804666845833,736.8421052631578
32,4,16,315.0,35.0,15.5,0.6166470976103395,0.38335290238966047,736.8421052631578
33,4,16,325.0,35.0,15.5,0.6135822443174257,0.3864177556825743,736.8421052631578
34,4,16,335.0,35.0,15.5,0.6105754639532378,0.3894245360467622,736.8421052631578
35,4,16,345.0,35.0,15.5,0.6076323530722051,0.3923676469277949,736.8421052631578
36,4,16,355.0,35.0,15.5,0.6047403075954564,0.3952596924045436,736.8421052631578
37,4,16,365.0,35.0,15.5,0.6019052725968922,0.3980947274031078,736.8421052631578
38,4,16,375.0,35.0,15.5,0.5991233647154284,0.4008766352845716,736.8421052631578
39,4,16,385.0,35.0,15.5,0.5963951965603592,0.4036048034396408,736.8421052631578
40,4,16,395.0,35.0,15.5,0.5937248894381422,0.40627511056185783,736.8421052631578
41,4,16,405.0,35.0,15.5,0.5911064036269923,0.4088935963730077,736.8421052631578
42,4,16,415.0,35.0,15.5,0.5885461919161791,0.4114538080838209,736.8421052631578
43,4,16,425.0,35.0,15.5,0.5860347446443257,0.4139652553556743,736.8421052631578
44,4,16,435.0,35.0,15.5,0.5835685455998414,0.4164314544001586,736.8421052631578
45,4,16,445.0,35.0,15.5,0.5810210188669137,0.4189789811330863,736.8421052631578
46,4,16,455.0,35.0,15.5,0.5782199929658347,0.4217800070341653,736.8421052631578
47,4,16,465.0,35.0,15.5,0.5748821952511824,0.42511780474881755,736.8421052631578
48,4,16,475.0,35.0,15.5,0.5702252768144105,0.4297747231855895,736.8421052631578
49,4,16,485.0,35.0,15.5,0.5628552061697291,0.43714479383027094,736.8421052631578
50,4,16,495.0,35.0,15.5,0.5503164717112055,0.44968352828879454,736.8421052631578
1,5,16,5.0,45.0,15.5,0.7969397963164084,0.20306020368359157,736.8421052631578
2,5,16,15.0,45.0,15.5,0.7903606052417174,0.20963939475828264,736.8421052631578
3,5,16,25.0,45.0,15.5,0.7812552929221155,0.21874470707788451,736.8421052631578
4,5,16,35.0,45.0,15.5,0.7711342834565674,0.22886571654343257,736.8421052631578
5,5,16,45.0,45.0,15.5,0.7611892198412489,0.23881078015875112,736.8421052631578
6,5,16,55.0,45.0,15.5,0.7517159227189683,0.24828407728103175,736.8421052631578
7,5,16,65.0,45.0,15.5,0.7428994064275514,0.25710059357244863,736.8421052631578
8,5,16,75.0,45.0,15.5,0.7347304771638785,0.2652695228361215,736.8421052631578
9,5,16,85.0,45.0,15.5,0.7271534114742202,0.2728465885257798,736.8421052631578
10,5,16,95.0,45.0,15.5,0.720089065759346,0.27991093424065405,736.8421052631578
11,5,16,105.0,45.0,15.5,0.7134755511740388,0.2865244488259612,736.8421052631578
12,5,16,115.0,45.0,15.5,0.7072416305558931,0.29275836944410694,736.8421052631578
13,5,16,125.0,45.0,15.5,0.7013507772333565,0.2986492227666435,736.8421052631578
14,5,16,135.0,45.0,15.5,0.6957593700630597,0.30424062993694034,736.8421052631578
15,5,16,145.0,45.0,15.5,0.690431529018568,0.30956847098143203,736.8421052631578
16,5,16,155.0,45.0,15.5,0.6853389658274055,0.3146610341725945,736.8421052631578
17,5,16,165.0,45.0,15.5,0.6804585692551683,0.31954143074483166,736.8421052631578
18,5,16,175.0,45.0,15.5,0.6757698880714541,0.3242301119285459,736.8421052631578
19,5,16,185.0,45.0,15.5,0.6712555372428365,0.3287444627571635,736.8421052631578
20,5,16,195.0,45.0,15.5,0.6668997362550605,0.3331002637449395,736.8421052631578
21,5,16,205.0,45.0,15.5,0.6626890821484192,0.33731091785158085,736.8421052631578
22,5,16,215.0,45.0,15.5,0.6586114234140916,0.3413885765859084,736.8421052631578
23,5,16,225.0,45.0,15.5,0.6546554666728527,0.3453445333271473,736.8421052631578
24,5,16,235.0,45.0,15.5,0.6508129777309228,0.34918702226907716,736.8421052631578
25,5,16,245.0,45.0,15.5,0.6470767370182818,0.35292326298171817,736.8421052631578
26,5,16,255.0,45.0,15.5,0.6434348022234493,0.3565651977765507,736.8421052631578
27,5,16,265.0,45.0,15.5,0.6398801245207635,0.3601198754792365,736.8421052631578
28,5,16,275.0,45.0,15.5,0.6364120622853017,0.36358793771469833,736.8421052631578
29,5,16,285.0,45.0,15.5,0.63302154443267,0.36697845556733,736.8421052631578
30,5,16,295.0,45.0,15.5,0.6296985129147549,0.37030148708524513,736.8421052631578
31,5,16,305.0,45.0,15.5,0.6264423172622203,0.3735576827377797,736.8421052631578
32,5,16,315.0,45.0,15.5,0.6232455215319008,0.3767544784680992,736.8421052631578
33,5,16,325.0,45.0,15.5,0.6200970550742765,0.3799029449257235,736.8421052631578
34,5,16,335.0,45.0,15.5,0.6170054765436118,0.3829945234563882,736.8421052631578
35,5,16,345.0,45.0,15.5,0.6139627929161877,0.3860372070838123,736.8421052631578
36,5,16,355.0,45.0,15.5,0.6109645882212077,0.3890354117787923,736.8421052631578
37,5,16,365.0,45.0,15.5,0.6080122516182904,0.3919877483817096,736.8421052631578
38,5,16,375.0,45.0,15.5,0.6050921493957128,0.39490785060428724,736.8421052631578
39,5,16,385.0,45.0,15.5,0.6022101681609456,0.39778983183905436,736.8421052631578
40,5,16,395.0,45.0,15.5,0.5993540552482866,0.40064594475171345,736.8421052631578
41,5,16,405.0,45.0,15.5,0.5965218122610634,0.4034781877389366,736.8421052631578
42,5,16,415.0,45.0,15.5,0.5937078376323788,0.4062921623676212,736.8421052631578
43,5,16,425.0,45.0,15.5,0.5909002987467549,0.40909970125324513,736.8421052631578
44,5,16,435.0,45.0,15.5,0.5880979810597836,0.4119020189402164,736.8421052631578
45,5,16,445.0,45.0,15.5,0.5852769562777704,0.41472304372222957,736.8421052631578
46,5,16,455.0,45.0,15.5,0.5823985006336909,0.4176014993663091,736.8421052631578
47,5,16,465.0,45.0,15.5,0.5791350624074826,0.4208649375925174,736.8421052631578
48,5,16,475.0,45.0,15.5,0.5747364485462804,0.42526355145371963,736.8421052631578
49,5,16,485.0,45.0,15.5,0.5674189283248164,0.43258107167518356,736.8421052631578
50,5,16,495.0,45.0,15.5,0.5540629555856839,0.44593704441431614,736.8421052631578
1,6,16,5.0,55.0,15.5,0.7889921864274148,0.21100781357258525,736.8421052631578
2,6,16,15.0,55.0,15.5,0.7816567975110081,0.21834320248899186,736.8421052631578
3,6,16,25.0,55.0,15.5,0.7727118813344801,0.2272881186655199,736.8421052631578
4,6,16,35.0,55.0,15.5,0.7631695738979174,0.2368304261020826,736.8421052631578
5,6,16,45.0,55.0,15.5,0.7537577608772035,0.24624223912279652,736.8421052631578
6,6,16,55.0,55.0,15.5,0.7448008044715738,0.2551991955284262,736.8421052631578
7,6,16,65.0,55.0,15.5,0.7364080649822743,0.2635919350177257,736.8421052631578
8,6,16,75.0,55.0,15.5,0.7285773723102762,0.2714226276897238,736.8421052631578
9,6,16,85.0,55.0,15.5,0.7212496921298334,0.27875030787016664,736.8421052631578
10,6,16,95.0,55.0,15.5,0.7143901288193052,0.2856098711806948,736.8421052631578
11,6,16,105.0,55.0,15.5,0.7079282702596075,0.2920717297403925,736.8421052631578
12,6,16,115.0,55.0,15.5,0.7018229628590698,0.29817703714093025,736.8421052631578
13,6,16,125.0,55.0,15.5,0.6960373664075501,0.3039626335924499,736.8421052631578
14,6,16,135.0,55.0,15.5,0.6905338154349333,0.3094661845650667,736.8421052631578
15,6,16,145.0,55.0,15.5,0.6852818068454032,0.3147181931545968,736.8421052631578
16,6,16,155.0,55.0,15.5,0.6802565329519064,0.31974346704809364,736.8421052631578
17,6,16,165.0,55.0,15.5,0.6754366144248125,0.3245633855751875,736.8421052631578
18,6,16,175.0,55.0,15.5,0.6708035295937429,0.3291964704062571,736.8421052631578
19,6,16,185.0,55.0,15.5,0.666340809202066,0.33365919079793405,736.8421052631578
20,6,16,195.0,55.0,15.5,0.6620336643908643,0.3379663356091357,736.8421052631578
21,6,16,205.0,55.0,15.5,0.6578691297882593,0.3421308702117407,736.8421052631578
22,6,16,215.0,55.0,15.5,0.6538354837472363,0.3461645162527637,736.8421052631578
23,6,16,225.0,55.0,15.5,0.649922026338374,0.35007797366162596,736.8421052631578
24,6,16,235.0,55.0,15.5,0.6461232671385087,0.35387673286149135,736.8421052631578
25,6,16,245.0,55.0,15.5,0.6424287423402743,0.35757125765972575,736.8421052631578
26,6,16,255.0,55.0,15.5,0.6388283228770048,0.36117167712299525,736.8421052631578
27,6,16,265.0,55.0,15.5,0.6353152967282961,0.3646847032717039,736.8421052631578
28,6,16,275.0,55.0,15.5,0.6318893976686851,0.3681106023313149,736.8421052631578
29,6,16,285.0,55.0,15.5,0.6285378174532721,0.3714621825467279,736.8421052631578
30,6,16,295.0,55.0,15.5,0.6252531197508678,0.37474688024913216,736.8421052631578
31,6,16,305.0,55.0,15.5,0.6220361242453669,0.3779638757546331,736.8421052631578
32,6,16,315.0,55.0,15.5,0.618874048742136,0.38112595125786397,736.8421052631578
33,6,16,325.0,55.0,15.5,0.6157638400245578,0.38423615997544225,736.8421052631578
34,6,16,335.0,55.0,15.5,0.6127135803298306,0.3872864196701694,736.8421052631578
35,6,16,345.0,55.0,15.5,0.6097080316693059,0.39029196833069413,736.8421052631578
36,6,16,355.0,55.0,15.5,0.6067491612779515,0.39325083872204847,736.8421052631578
37,6,16,365.0,55.0,15.5,0.6038290774369325,0.3961709225630675,736.8421052631578
38,6,16,375.0,55.0,15.5,0.6009401802413208,0.3990598197586792,736.8421052631578
39,6,16,385.0,55.0,15.5,0.5980830516126545,0.4019169483873455,736.8421052631578
40,6,16,395.0,55.0,15.5,0.5952406768048785,0.40475932319512153,736.8421052631578
41,6,16,405.0,55.0,15.5,0.5924115829777278,0.4075884170222722,736.8421052631578
42,6,16,415.0,55.0,15.5,0.5895718615852527,0.41042813841474735,736.8421052631578
43,6,16,425.0,55.0,15.5,0.5867034592177777,0.41329654078222233,736.8421052631578
44,6,16,435.0,55.0,15.5,0.5837651916173825,0.4162348083826175,736.8421052631578
45,6,16,445.0,55.0,15.5,0.5806772031012943,0.41932279689870566,736.8421052631578
46,6,16,455.0,55.0,15.5,0.57727890051476,0.42272109948523995,736.8421052631578
47,6,16,465.0,55.0,15.5,0.5731783341535316,0.4268216658464684,736.8421052631578
48,6,16,475.0,55.0,15.5,0.5675421305563556,0.4324578694436444,736.8421052631578
49,6,16,485.0,55.0,15.5,0.5587974115506587,0.44120258844934135,736.8421052631578
50,6,16,495.0,55.0,15.5,0.54318742535766,0.45681257464234004,736.8421052631578
1,7,16,5.0,65.0,15.5,0.777501163863631,0.222498836136369,736.8421052631578
2,7,16,15.0,65.0,15.5,0.7701636373172949,0.22983636268270513,736.8421052631578
3,7,16,25.0,65.0,15.5,0.7615516331367264,0.23844836686327364,736.8421052631578
4,7,16,35.0,65.0,15.5,0.7525267461179047,0.2474732538820953,736.8421052631578
5,7,16,45.0,65.0,15.5,0.7436269524614975,0.25637304753850254,736.8421052631578
6,7,16,55.0,65.0,15.5,0.7351191520400058,0.2648808479599942,736.8421052631578
7,7,16,65.0,65.0,15.5,0.7271102717135207,0.2728897282864793,736.8421052631578
8,7,16,75.0,65.0,15.5,0.7195971469555474,0.28040285304445256,736.8421052631578
9,7,16,85.0,65.0,15.5,0.7125520451347748,0.28744795486522523,736.8421052631578
10,7,16,95.0,65.0,15.5,0.7059284492559172,0.29407155074408275,736.8421052631578
11,7,16,105.0,65.0,15.5,0.6996902874845463,0.3003097125154537,736.8421052631578
12,7,16,115.0,65.0,15.5,0.6937859660292249,0.30621403397077507,736.8421052631578
13,7,16,125.0,65.0,15.5,0.68818164694878,0.31181835305121997,736.8421052631578
14,7,16,135.0,65.0,15.5,0.6828483674547509,0.31715163254524914,736.8421052631578
15,7,16,145.0,65.0,15.5,0.6777581033996832,0.32224189660031677,736.8421052631578
16,7,16,155.0,65.0,15.5,0.6728866049942904,0.3271133950057096,736.8421052631578
17,7,16,165.0,65.0,15.5,0.6682132218829997,0.3317867781170003,736.8421052631578
18,7,16,175.0,65.0,15.5,0.6637197828423003,0.33628021715769973,736.8421052631578
19,7,16,185.0,65.0,15.5,0.6593903647349152,0.3406096352650848,736.8421052631578
20,7,16,195.0,65.0,15.5,0.6552114512066957,0.34478854879330434,736.8421052631578
21,7,16,205.0,65.0,15.5,0.6511731616234658,0.34882683837653417,736.8421052631578
22,7,16,215.0,65.0,15.5,0.6472622675572777,0.35273773244272233,736.8421052631578
23,7,16,225.0,65.0,15.5,0.6434675333283536,0.3565324666716464,736.8421052631578
24,7,16,235.0,65.0,15.5,0.6397796229274939,0.3602203770725061,736.8421052631578
25,7,16,245.0,65.0,15.5,0.6361944539030085,0.36380554609699145,736.8421052631578
26,7,16,255.0,65.0,15.5,0.6327035915745806,0.36729640842541944,736.8421052631578
27,7,16,265.0,65.0,15.5,0.6292958001606238,0.3707041998393762,736.8421052631578
28,7,16,275.0,65.0,15.5,0.625966509332888,0.374033490667112,736.8421052631578
29,7,16,285.0,65.0,15.5,0.6227126039628876,0.37728739603711237,736.8421052631578
30,7,16,295.0,65.0,15.5,0.6195201884770198,0.38047981152298016,736.8421052631578
31,7,16,305.0,65.0,15.5,0.6163872784607332,0.38361272153926684,736.8421052631578
32,7,16,315.0,65.0,15.5,0.6133117268020208,0.38668827319797916,736.8421052631578
33,7,16,325.0,65.0,15.5,0.6102876527016975,0.3897123472983025,736.8421052631578
34,7,16,335.0,65.0,15.5,0.6073197928288815,0.3926802071711185,736.8421052631578
35,7,16,345.0,65.0,15.5,0.6043986138413341,0.3956013861586659,736.8421052631578
36,7,16,355.0,65.0,15.5,0.601518650200395,0.39848134979960503,736.8421052631578
37,7,16,365.0,65.0,15.5,0.5986751846753285,0.40132481532467146,736.8421052631578
38,7,16,375.0,65.0,15.5,0.5958560585200533,0.4041439414799467,736.8421052631578
39,7,16,385.0,65.0,15.5,0.5930592237434145,0.40694077625658553,736.8421052631578
40,7,16,395.0,65.0,15.5,0.5902626535593082,0.4097373464406918,736.8421052631578
41,7,16,405.0,65.0,15.5,0.5874578080681202,0.4125421919318798,736.8421052631578
42,7,16,415.0,65.0,15.5,0.5846100290869854,0.41538997091301455,736.8421052631578
43,7,16,425.0,65.0,15.5,0.5816815063766677,0.4183184936233323,736.8421052631578
44,7,16,435.0,65.0,15.5,0.578594548316313,0.42140545168368704,736.8421052631578
45,7,16,445.0,65.0,15.5,0.5752069331279771,0.4247930668720229,736.8421052631578
46,7,16,455.0,65.0,15.5,0.5712599998190201,0.4287400001809799,736.8421052631578
47,7,16,465.0,65.0,15.5,0.566259366158369,0.433740633841631,736.8421052631578
48,7,16,475.0,65.0,15.5,0.5593504554979042,0.4406495445020958,736.8421052631578
49,7,16,485.0,65.0,15.5,0.5491721314687564,0.45082786853124357,736.8421052631578
50,7,16,495.0,65.0,15.5,0.5319362327255681,0.4680637672744319,736.8421052631578
1,8,16,5.0,75.0,15.5,0.7608997969686255,0.23910020303137447,736.8421052631578
2,8,16,15.0,75.0,15.5,0.7541239868940233,0.24587601310597673,736.8421052631578
3,8,16,25.0,75.0,15.5,0.746159606173688,0.25384039382631196,736.8421052631578
4,8,16,35.0,75.0,15.5,0.7378306567213189,0.26216934327868113,736.8421052631578
5,8,16,45.0,75.0,15.5,0.7295832578697588,0.27041674213024125,736.8421052631578
6,8,16,55.0,75.0,15.5,0.7216588827378861,0.27834111726211386,736.8421052631578
7,8,16,65.0,75.0,15.5,0.7141525554693121,0.2858474445306879,736.8421052631578
8,8,16,75.0,75.0,15.5,0.7070726211110575,0.2929273788889425,736.8421052631578
9,8,16,85.0,75.0,15.5,0.7004086310471193,0.29959136895288074,736.8421052631578
10,8,16,95.0,75.0,15.5,0.6941298714727654,0.3058701285272346,736.8421052631578
11,8,16,105.0,75.0,15.5,0.6881911648553252,0.31180883514467483,736.8421052631578
12,8,16,115.0,75.0,15.5,0.6825649121790067,0.3174350878209933,736.8421052631578
13,8,16,125.0,75.0,15.5,0.6772196860435346,0.32278031395646545,736.8421052631578
14,8,16,135.0,75.0,15.5,0.6721268552477883,0.32787314475221174,736.8421052631578
15,8,16,145.0,75.0,15.5,0.6672617429965145,0.33273825700348547,736.8421052631578
16,8,16,155.0,75.0,15.5,0.6626031619925393,0.3373968380074607,736.8421052631578
17,8,16,165.0,75.0,15.5,0.6581318744133168,0.3418681255866832,736.8421052631578
18,8,16,175.0,75.0,15.5,0.6538310895103312,0.3461689104896688,736.8421052631578
19,8,16,185.0,75.0,15.5,0.6496860991249529,0.3503139008750471,736.8421052631578
20,8,16,195.0,75.0,15.5,0.645685858691714,0.354314141308286,736.8421052631578
21,8,16,205.0,75.0,15.5,0.6418197388520233,0.35818026114797674,736.8421052631578
22,8,16,215.0,75.0,15.5,0.6380738329190433,0.3619261670809567,736.8421052631578
23,8,16,225.0,75.0,15.5,0.6344378513885183,0.36556214861148173,736.8421052631578
24,8,16,235.0,75.0,15.5,0.6309056156801532,0.36909438431984676,736.8421052631578
25,8,16,245.0,75.0,15.5,0.6274725100194486,0.3725274899805514,736.8421052631578
26,8,16,255.0,75.0,15.5,0.6241248526844689,0.37587514731553107,736.8421052631578
27,8,16,265.0,75.0,15.5,0.620856656820414,0.379143343179586,736.8421052631578
28,8,16,275.0,75.0,15.5,0.6176642955633953,0.3823357044366047,736.8421052631578
29,8,16,285.0,75.0,15.5,0.6145320229645085,0.3854679770354915,736.8421052631578
30,8,16,295.0,75.0,15.5,0.6114626459133101,0.3885373540866899,736.8421052631578
31,8,16,305.0,75.0,15.5,0.6084575391536059,0.3915424608463941,736.8421052631578
32,8,16,315.0,75.0,15.5,0.605506329701187,0.394493670298813,736.8421052631578
33,8,16,325.0,75.0,15.5,0.6026124122772998,0.3973875877227002,736.8421052631578
34,8,16,335.0,75.0,15.5,0.5997604903829523,0.4002395096170477,736.8421052631578
35,8,16,345.0,75.0,15.5,0.5969535045834048,0.4030464954165952,736.8421052631578
36,8,16,355.0,75.0,15.5,0.5941890438518207,0.4058109561481793,736.8421052631578
37,8,16,365.0,75.0,15.5,0.5914537337595043,0.4085462662404957,736.8421052631578
38,8,16,375.0,75.0,15.5,0.588741212276706,0.41125878772329405,736.8421052631578
39,8,16,385.0,75.0,15.5,0.5860324073265717,0.4139675926734283,736.8421052631578
40,8,16,395.0,75.0,15.5,0.5833151923177082,0.41668480768229177,736.8421052631578
41,8,16,405.0,75.0,15.5,0.5805558252513917,0.4194441747486083,736.8421052631578
42,8,16,415.0,75.0,15.5,0.5777242457344114,0.4222757542655886,736.8421052631578
43,8,16,425.0,75.0,15.5,0.5747473405406636,0.42525265945933644,736.8421052631578
44,8,16,435.0,75.0,15.5,0.571518479367186,0.428481520632814,736.8421052631578
45,8,16,445.0,75.0,15.5,0.5678437111176872,0.43215628888231283,736.8421052631578
46,8,16,455.0,75.0,15.5,0.5634092736561567,0.4365907263438433,736.8421052631578
47,8,16,465.0,75.0,15.5,0.5577397602291458,0.44226023977085416,736.8421052631578
48,8,16,475.0,75.0,15.5,0.5501596706794635,0.4498403293205365,736.8421052631578
49,8,16,485.0,75.0,15.5,0.539711082412953,0.46028891758704704,736.8421052631578
50,8,16,495.0,75.0,15.5,0.5229236781990627,0.4770763218009373,736.8421052631578
1,9,16,5.0,85.0,15.5,0.7364491668278675,0.26355083317213246,736.8421052631578
2,9,16,15.0,85.0,15.5,0.7306043020461934,0.2693956979538066,736.8421052631578
3,9,16,25.0,85.0,15.5,0.7236303434001,0.2763696565999,736.8421052631578
4,9,16,35.0,85.0,15.5,0.7162330825249792,0.2837669174750208,736.8421052631578
5,9,16,45.0,85.0,15.5,0.7088461957172071,0.2911538042827929,736.8421052631578
6,9,16,55.0,85.0,15.5,0.7016722169313389,0.29832778306866115,736.8421052631578
7,9,16,65.0,85.0,15.5,0.6948208895599653,0.30517911044003465,736.8421052631578
8,9,16,75.0,85.0,15.5,0.6883172163900315,0.3116827836099685,736.8421052631578
9,9,16,85.0,85.0,15.5,0.6821548517087526,0.31784514829124744,736.8421052631578
10,9,16,95.0,85.0,15.5,0.6763204514151695,0.3236795485848305,736.8421052631578
11,9,16,105.0,85.0,15.5,0.670787373181312,0.329212626818688,736.8421052631578
12,9,16,115.0,85.0,15.5,0.6655287179355925,0.33447128206440746,736.8421052631578
13,9,16,125.0,85.0,15.5,0.6605191315616221,0.3394808684383779,736.8421052631578
14,9,16,135.0,85.0,15.5,0.655736466407677,0.344263533592323,736.8421052631578
15,9,16,145.0,85.0,15.5,0.651160976286985,0.348839023713015,736.8421052631578
16,9,16,155.0,85.0,15.5,0.646774578465583,0.35322542153441705,736.8421052631578
17,9,16,165.0,85.0,15.5,0.6425603519157242,0.35743964808427575,736.8421052631578
18,9,16,175.0,85.0,15.5,0.6385031424754968,0.3614968575245032,736.8421052631578
19,9,16,185.0,85.0,15.5,0.6345900650206625,0.3654099349793375,736.8421052631578
20,9,16,195.0,85.0,15.5,0.6308120775546209,0.3691879224453791,736.8421052631578
21,9,16,205.0,85.0,15.5,0.6271602484411607,0.3728397515588393,736.8421052631578
22,9,16,215.0,85.0,15.5,0.623620022471043,0.376379977528957,736.8421052631578
23,9,16,225.0,85.0,15.5,0.6201815520389107,0.3798184479610893,736.8421052631578
24,9,16,235.0,85.0,15.5,0.6168427199648652,0.38315728003513483,736.8421052631578
25,9,16,245.0,85.0,15.5,0.6135916864490478,0.3864083135509522,736.8421052631578
26,9,16,255.0,85.0,15.5,0.6104191420862218,0.38958085791377817,736.8421052631578
27,9,16,265.0,85.0,15.5,0.6073217782987836,0.39267822170121636,736.8421052631578
28,9,16,275.0,85.0,15.5,0.6042906118298434,0.39570938817015655,736.8421052631578
29,9,16,285.0,85.0,15.5,0.6013267215377498,0.3986732784622502,736.8421052631578
30,9,16,295.0,85.0,15.5,0.598429066859649,0.40157093314035097,736.8421052631578
31,9,16,305.0,85.0,15.5,0.595588306588553,0.404411693411447,736.8421052631578
32,9,16,315.0,85.0,15.5,0.5928084580591712,0.40719154194082885,736.8421052631578
33,9,16,325.0,85.0,15.5,0.5900732145440255,0.4099267854559745,736.8421052631578
34,9,16,335.0,85.0,15.5,0.5873851240517404,0.41261487594825963,736.8421052631578
35,9,16,345.0,85.0,15.5,0.5847313362452137,0.4152686637547863,736.8421052631578
36,9,16,355.0,85.0,15.5,0.5821151141230061,0.4178848858769939,736.8421052631578
37,9,16,365.0,85.0,15.5,0.5795328691638263,0.4204671308361737,736.8421052631578
38,9,16,375.0,85.0,15.5,0.5769669100279367,0.42303308997206335,736.8421052631578
39,9,16,385.0,85.0,15.5,0.5743948867429575,0.42560511325704253,736.8421052631578
40,9,16,395.0,85.0,15.5,0.5717906571438528,0.4282093428561472,736.8421052631578
41,9,16,405.0,85.0,15.5,0.5691190100265845,0.4308809899734155,736.8421052631578
42,9,16,415.0,85.0,15.5,0.5663297692267201,0.43367023077327993,736.8421052631578
43,9,16,425.0,85.0,15.5,0.5633463478328956,0.4366536521671044,736.8421052631578
44,9,16,435.0,85.0,15.5,0.5600363050018623,0.4399636949981377,736.8421052631578
45,9,16,445.0,85.0,15.5,0.5562127171825232,0.4437872828174768,736.8421052631578
46,9,16,455.0,85.0,15.5,0.5516204506018346,0.4483795493981654,736.8421052631578
47,9,16,465.0,85.0,15.5,0.5459660999432565,0.4540339000567435,736.8421052631578
48,9,16,475.0,85.0,15.5,0.538922454986864,0.461077545013136,736.8421052631578
49,9,16,485.0,85.0,15.5,0.5298959809655707,0.47010401903442933,736.8421052631578
50,9,16,495.0,85.0,15.5,0.5155684180246024,0.4844315819753976,736.8421052631578
1,10,16,5.0,95.0,15.5,0.693102792518595,0.30689720748140503,736.8421052631578
2,10,16,15.0,95.0,15.5,0.6885003831983906,0.3114996168016094,736.8421052631578
3,10,16,25.0,95.0,15.5,0.6828461529223424,0.3171538470776576,736.8421052631578
4,10,16,35.0,95.0,15.5,0.676719815136848,0.323280184863152,736.8421052631578
5,10,16,45.0,95.0,15.5,0.6704799128302009,0.3295200871697991,736.8421052631578
6,10,16,55.0,95.0,15.5,0.6643306225508812,0.33566937744911884,736.8421052631578
7,10,16,65.0,95.0,15.5,0.6583716305729842,0.3416283694270158,736.8421052631578
8,10,16,75.0,95.0,15.5,0.6526509081674742,0.3473490918325258,736.8421052631578
9,10,16,85.0,95.0,15.5,0.6471818948113733,0.35281810518862666,736.8421052631578
10,10,16,95.0,95.0,15.5,0.6419596103291657,0.3580403896708343,736.8421052631578
11,10,16,105.0,95.0,15.5,0.6369715517046355,0.3630284482953645,736.8421052631578
12,10,16,115.0,95.0,15.5,0.6322019688488683,0.36779803115113174,736.8421052631578
13,10,16,125.0,95.0,15.5,0.6276339331818935,0.37236606681810647,736.8421052631578
14,10,16,135.0,95.0,15.5,0.6232514202093518,0.37674857979064824,736.8421052631578
15,10,16,145.0,95.0,15.5,0.619040136891239,0.38095986310876095,736.8421052631578
16,10,16,155.0,95.0,15.5,0.6149867061141621,0.38501329388583794,736.8421052631578
17,10,16,165.0,95.0,15.5,0.611080425002809,0.388919574997191,736.8421052631578
18,10,16,175.0,95.0,15.5,0.6073076563236464,0.39269234367635364,736.8421052631578
19,10,16,185.0,95.0,15.5,0.6036578702968042,0.3963421297031958,736.8421052631578
20,10,16,195.0,95.0,15.5,0.6001235407603421,0.39987645923965787,736.8421052631578
21,10,16,205.0,95.0,15.5,0.5967004857256283,0.4032995142743717,736.8421052631578
22,10,16,215.0,95.0,15.5,0.5933753687330493,0.4066246312669507,736.8421052631578
23,10,16,225.0,95.0,15.5,0.590137569925073,0.40986243007492695,736.8421052631578
24,10,16,235.0,95.0,15.5,0.5869850014279222,0.4130149985720778,736.8421052631578
25,10,16,245.0,95.0,15.5,0.5839058150930658,0.4160941849069342,736.8421052631578
26,10,16,255.0,95.0,15.5,0.5808934884158491,0.4191065115841509,736.8421052631578
27,10,16,265.0,95.0,15.5,0.5779540309700351,0.42204596902996494,736.8421052631578
28,10,16,275.0,95.0,15.5,0.5750746694636217,0.42492533053637827,736.8421052631578
29,10,16,285.0,95.0,15.5,0.5722579604002006,0.4277420395997994,736.8421052631578
30,10,16,295.0,95.0,15.5,0.569496743218555,0.43050325678144497,736.8421052631578
31,10,16,305.0,95.0,15.5,0.5667932659797106,0.4332067340202894,736.8421052631578
32,10,16,315.0,95.0,15.5,0.5641426114279139,0.4358573885720861,736.8421052631578
33,10,16,325.0,95.0,15.5,0.5615363168646373,0.43846368313536266,736.8421052631578
34,10,16,335.0,95.0,15.5,0.558968343018232,0.44103165698176805,736.8421052631578
35,10,16,345.0,95.0,15.5,0.5564313758003148,0.44356862419968524,736.8421052631578
36,10,16,355.0,95.0,15.5,0.553926670386007,0.44607332961399304,736.8421052631578
37,10,16,365.0,95.0,15.5,0.5514533258725649,0.4485466741274351,736.8421052631578
38,10,16,375.0,95.0,15.5,0.5490178778146618,0.4509821221853382,736.8421052631578
39,10,16,385.0,95.0,15.5,0.5466090967809787,0.4533909032190213,736.8421052631578
40,10,16,395.0,95.0,15.5,0.5442184854786491,0.45578151452135085,736.8421052631578
41,10,16,405.0,95.0,15.5,0.5418374255057483,0.4581625744942517,736.8421052631578
42,10,16,415.0,95.0,15.5,0.5394625793474914,0.4605374206525086,736.8421052631578
43,10,16,425.0,95.0,15.5,0.5370857642910088,0.46291423570899115,736.8421052631578
44,10,16,435.0,95.0,15.5,0.5346818808915138,0.4653181191084862,736.8421052631578
45,10,16,445.0,95.0,15.5,0.5322042101625019,0.46779578983749814,736.8421052631578
46,10,16,455.0,95.0,15.5,0.5295775245024396,0.47042247549756044,736.8421052631578
47,10,16,465.0,95.0,15.5,0.5266857210333094,0.47331427896669065,736.8421052631578
48,10,16,475.0,95.0,15.5,0.5232784364444497,0.4767215635555503,736.8421052631578
49,10,16,485.0,95.0,15.5,0.5186350769850087,0.48136492301499134,736.8421052631578
50,10,16,495.0,95.0,15.5,0.5090158736683545,0.49098412633164545,736.8421052631578
1,1,17,5.0,5.0,16.5,0.7212398655498578,0.27876013445014225,779.9043062200956
2,1,17,15.0,5.0,16.5,0.7154248027045723,0.2845751972954277,779.9043062200956
3,1,17,25.0,5.0,16.5,0.7086100734318272,0.29138992656817275,779.9043062200956
4,1,17,35.0,5.0,16.5,0.7014825571469117,0.29851744285308834,779.9043062200956
5,1,17,45.0,5.0,16.5,0.694423317176852,0.305576682823148,779.9043062200956
6,1,17,55.0,5.0,16.5,0.6876034167707449,0.3123965832292551,779.9043062200956
7,1,17,65.0,5.0,16.5,0.6811007897621996,0.31889921023780043,779.9043062200956
8,1,17,75.0,5.0,16.5,0.6749380275353113,0.3250619724646887,779.9043062200956
9,1,17,85.0,5.0,16.5,0.6691013330840982,0.33089866691590175,779.9043062200956
10,1,17,95.0,5.0,16.5,0.6635679797829123,0.33643202021708773,779.9043062200956
11,1,17,105.0,5.0,16.5,0.6583153241927154,0.34168467580728457,779.9043062200956
12,1,17,115.0,5.0,16.5,0.6533174407575801,0.34668255924241986,779.9043062200956
13,1,17,125.0,5.0,16.5,0.6485503096434021,0.3514496903565979,779.9043062200956
14,1,17,135.0,5.0,16.5,0.6439922369602454,0.35600776303975457,779.9043062200956
15,1,17,145.0,5.0,16.5,0.6396234875838012,0.36037651241619884,779.9043062200956
16,1,17,155.0,5.0,16.5,0.6354278105245186,0.3645721894754814,779.9043062200956
17,1,17,165.0,5.0,16.5,0.6313922280468703,0.36860777195312966,779.9043062200956
18,1,17,175.0,5.0,16.5,0.6275020180172477,0.3724979819827523,779.9043062200956
19,1,17,185.0,5.0,16.5,0.6237444357212024,0.3762555642787976,779.9043062200956
20,1,17,195.0,5.0,16.5,0.6201082121081544,0.37989178789184563,779.9043062200956
21,1,17,205.0,5.0,16.5,0.6165889357552016,0.3834110642447984,779.9043062200956
22,1,17,215.0,5.0,16.5,0.6131756980398584,0.3868243019601416,779.9043062200956
23,1,17,225.0,5.0,16.5,0.6098597985859965,0.3901402014140035,779.9043062200956
24,1,17,235.0,5.0,16.5,0.6066386982556936,0.3933613017443064,779.9043062200956
25,1,17,245.0,5.0,16.5,0.60350148082659,0.39649851917340995,779.9043062200956
26,1,17,255.0,5.0,16.5,0.6004396403848838,0.39956035961511616,779.9043062200956
27,1,17,265.0,5.0,16.5,0.5974553378166041,0.4025446621833959,779.9043062200956
28,1,17,275.0,5.0,16.5,0.5945350494793816,0.4054649505206184,779.9043062200956
29,1,17,285.0,5.0,16.5,0.5916776710549312,0.4083223289450688,779.9043062200956
30,1,17,295.0,5.0,16.5,0.5888824068509257,0.41111759314907426,779.9043062200956
31,1,17,305.0,5.0,16.5,0.5861427760130093,0.41385722398699065,779.9043062200956
32,1,17,315.0,5.0,16.5,0.5834623093835687,0.4165376906164313,779.9043062200956
33,1,17,325.0,5.0,16.5,0.5808337954353641,0.41916620456463594,779.9043062200956
34,1,17,335.0,5.0,16.5,0.5782646126996491,0.4217353873003509,779.9043062200956
35,1,17,345.0,5.0,16.5,0.5757439745933608,0.4242560254066392,779.9043062200956
36,1,17,355.0,5.0,16.5,0.5732767221824071,0.4267232778175929,779.9043062200956
37,1,17,365.0,5.0,16.5,0.570851733368105,0.429148266631895,779.9043062200956
38,1,17,375.0,5.0,16.5,0.5684770193534371,0.4315229806465629,779.9043062200956
39,1,17,385.0,5.0,16.5,0.566145691267285,0.433854308732715,779.9043062200956
40,1,17,395.0,5.0,16.5,0.5638617933551715,0.4361382066448285,779.9043062200956
41,1,17,405.0,5.0,16.5,0.5616074040029869,0.4383925959970131,779.9043062200956
42,1,17,415.0,5.0,16.5,0.5593588853848498,0.4406411146151502,779.9043062200956
43,1,17,425.0,5.0,16.5,0.5571024571414647,0.44289754285853533,779.9043062200956
44,1,17,435.0,5.0,16.5,0.5548579238980039,0.4451420761019961,779.9043062200956
45,1,17,445.0,5.0,16.5,0.552611941844058,0.44738805815594196,779.9043062200956
46,1,17,455.0,5.0,16.5,0.5503251190910764,0.4496748809089236,779.9043062200956
47,1,17,465.0,5.0,16.5,0.5479262837082698,0.4520737162917302,779.9043062200956
48,1,17,475.0,5.0,16.5,0.5452337135793701,0.4547662864206299,779.9043062200956
49,1,17,485.0,5.0,16.5,0.5417970322895752,0.4582029677104248,779.9043062200956
50,1,17,495.0,5.0,16.5,0.5356549793199384,0.46434502068006156,779.9043062200956
1,2,17,5.0,15.0,16.5,0.7574488747426278,0.2425511252573722,779.9043062200956
2,2,17,15.0,15.0,16.5,0.7504623440776361,0.24953765592236388,779.9043062200956
3,2,17,25.0,15.0,16.5,0.74241511725385,0.25758488274615,779.9043062200956
4,2,17,35.0,15.0,16.5,0.7341154147850416,0.2658845852149584,779.9043062200956
5,2,17,45.0,15.0,16.5,0.7259993918259305,0.27400060817406946,779.9043062200956
6,2,17,55.0,15.0,16.5,0.7182746129538177,0.28172538704618233,779.9043062200956
7,2,17,65.0,15.0,16.5,0.7109860843765599,0.28901391562344014,779.9043062200956
8,2,17,75.0,15.0,16.5,0.7041528297358169,0.29584717026418306,779.9043062200956
9,2,17,85.0,15.0,16.5,0.6977291641380962,0.30227083586190384,779.9043062200956
10,2,17,95.0,15.0,16.5,0.6916852620852141,0.3083147379147859,779.9043062200956
11,2,17,105.0,15.0,16.5,0.6859840168278891,0.3140159831721109,779.9043062200956
12,2,17,115.0,15.0,16.5,0.68058553790049,0.31941446209950997,779.9043062200956
13,2,17,125.0,15.0,16.5,0.6754582822009972,0.32454171779900276,779.9043062200956
14,2,17,135.0,15.0,16.5,0.6705746376569675,0.32942536234303255,779.9043062200956
15,2,17,145.0,15.0,16.5,0.6659103016241545,0.33408969837584546,779.9043062200956
16,2,17,155.0,15.0,16.5,0.6614444295735067,0.3385555704264933,779.9043062200956
17,2,17,165.0,15.0,16.5,0.6571587645368381,0.3428412354631619,779.9043062200956
18,2,17,175.0,15.0,16.5,0.6530370854535414,0.34696291454645856,779.9043062200956
19,2,17,185.0,15.0,16.5,0.649064522338854,0.35093547766114597,779.9043062200956
20,2,17,195.0,15.0,16.5,0.6452283115382217,0.3547716884617783,779.9043062200956
21,2,17,205.0,15.0,16.5,0.6415222472337389,0.35847775276626115,779.9043062200956
22,2,17,215.0,15.0,16.5,0.6379330368349725,0.3620669631650275,779.9043062200956
23,2,17,225.0,15.0,16.5,0.6344504332529208,0.36554956674707917,779.9043062200956
24,2,17,235.0,15.0,16.5,0.631068906904972,0.36893109309502803,779.9043062200956
25,2,17,245.0,15.0,16.5,0.6277827673672715,0.37221723263272855,779.9043062200956
26,2,17,255.0,15.0,16.5,0.6245787087812491,0.3754212912187509,779.9043062200956
27,2,17,265.0,15.0,16.5,0.6214567162117566,0.3785432837882434,779.9043062200956
28,2,17,275.0,15.0,16.5,0.6184112298900107,0.38158877010998926,779.9043062200956
29,2,17,285.0,15.0,16.5,0.6154293180894159,0.3845706819105841,779.9043062200956
30,2,17,295.0,15.0,16.5,0.6125138454543235,0.3874861545456765,779.9043062200956
31,2,17,305.0,15.0,16.5,0.6096548712993303,0.39034512870066973,779.9043062200956
32,2,17,315.0,15.0,16.5,0.6068576532464598,0.3931423467535402,779.9043062200956
33,2,17,325.0,15.0,16.5,0.6041179546424301,0.3958820453575699,779.9043062200956
34,2,17,335.0,15.0,16.5,0.6014326320045625,0.39856736799543746,779.9043062200956
35,2,17,345.0,15.0,16.5,0.5988030772655997,0.40119692273440033,779.9043062200956
36,2,17,355.0,15.0,16.5,0.5962199057196022,0.40378009428039785,779.9043062200956
37,2,17,365.0,15.0,16.5,0.59368820392382,0.40631179607617995,779.9043062200956
38,2,17,375.0,15.0,16.5,0.5911999266046548,0.4088000733953452,779.9043062200956
39,2,17,385.0,15.0,16.5,0.5887626282477182,0.4112373717522818,779.9043062200956
40,2,17,395.0,15.0,16.5,0.5863663786483919,0.4136336213516081,779.9043062200956
41,2,17,405.0,15.0,16.5,0.5840096103613485,0.41599038963865154,779.9043062200956
42,2,17,415.0,15.0,16.5,0.5816696128656499,0.4183303871343501,779.9043062200956
43,2,17,425.0,15.0,16.5,0.5792803779036669,0.42071962209633307,779.9043062200956
44,2,17,435.0,15.0,16.5,0.5767548577330636,0.42324514226693644,779.9043062200956
45,2,17,445.0,15.0,16.5,0.5739345424204294,0.4260654575795706,779.9043062200956
46,2,17,455.0,15.0,16.5,0.5705559182588569,0.4294440817411431,779.9043062200956
47,2,17,465.0,15.0,16.5,0.5662536984098135,0.43374630159018646,779.9043062200956
48,2,17,475.0,15.0,16.5,0.5606052198078268,0.43939478019217315,779.9043062200956
49,2,17,485.0,15.0,16.5,0.5531859372987977,0.4468140627012023,779.9043062200956
50,2,17,495.0,15.0,16.5,0.542501506041865,0.457498493958135,779.9043062200956
1,3,17,5.0,25.0,16.5,0.7768845315460797,0.22311546845392027,779.9043062200956
2,3,17,15.0,25.0,16.5,0.769380116156354,0.23061988384364596,779.9043062200956
3,3,17,25.0,25.0,16.5,0.760647914569026,0.23935208543097397,779.9043062200956
4,3,17,35.0,25.0,16.5,0.7516276506776696,0.24837234932233043,779.9043062200956
5,3,17,45.0,25.0,16.5,0.7428325608156969,0.25716743918430307,779.9043062200956
6,3,17,55.0,25.0,16.5,0.7345001873511072,0.2654998126488928,779.9043062200956
7,3,17,65.0,25.0,16.5,0.7267002760258247,0.27329972397417535,779.9043062200956
8,3,17,75.0,25.0,16.5,0.7194318415220915,0.2805681584779085,779.9043062200956
9,3,17,85.0,25.0,16.5,0.7126505537645131,0.28734944623548686,779.9043062200956
10,3,17,95.0,25.0,16.5,0.7062916367227033,0.29370836327729666,779.9043062200956
11,3,17,105.0,25.0,16.5,0.7003054690047417,0.29969453099525833,779.9043062200956
12,3,17,115.0,25.0,16.5,0.6946442313860516,0.3053557686139484,779.9043062200956
13,3,17,125.0,25.0,16.5,0.6892674508210997,0.31073254917890025,779.9043062200956
14,3,17,135.0,25.0,16.5,0.684147574412629,0.31585242558737103,779.9043062200956
15,3,17,145.0,25.0,16.5,0.6792590191539277,0.3207409808460723,779.9043062200956
16,3,17,155.0,25.0,16.5,0.674580226209186,0.325419773790814,779.9043062200956
17,3,17,165.0,25.0,16.5,0.6700941922508775,0.3299058077491225,779.9043062200956
18,3,17,175.0,25.0,16.5,0.665784613513361,0.33421538648663895,779.9043062200956
19,3,17,185.0,25.0,16.5,0.6616348306473373,0.3383651693526627,779.9043062200956
20,3,17,195.0,25.0,16.5,0.6576300586201854,0.3423699413798146,779.9043062200956
21,3,17,205.0,25.0,16.5,0.6537576903712352,0.3462423096287648,779.9043062200956
22,3,17,215.0,25.0,16.5,0.650006657007028,0.349993342992972,779.9043062200956
23,3,17,225.0,25.0,16.5,0.6463727730208138,0.35362722697918625,779.9043062200956
24,3,17,235.0,25.0,16.5,0.6428431918208232,0.35715680817917683,779.9043062200956
25,3,17,245.0,25.0,16.5,0.6394073670969801,0.3605926329030199,779.9043062200956
26,3,17,255.0,25.0,16.5,0.6360617883988156,0.36393821160118445,779.9043062200956
27,3,17,265.0,25.0,16.5,0.63280336712322,0.36719663287677995,779.9043062200956
28,3,17,275.0,25.0,16.5,0.6296186395032046,0.3703813604967954,779.9043062200956
29,3,17,285.0,25.0,16.5,0.6265078844829984,0.37349211551700157,779.9043062200956
30,3,17,295.0,25.0,16.5,0.6234643235247264,0.37653567647527364,779.9043062200956
31,3,17,305.0,25.0,16.5,0.6204764978594068,0.37952350214059316,779.9043062200956
32,3,17,315.0,25.0,16.5,0.6175503525226697,0.38244964747733035,779.9043062200956
33,3,17,325.0,25.0,16.5,0.6146757791319681,0.38532422086803186,779.9043062200956
34,3,17,335.0,25.0,16.5,0.6118594974260714,0.3881405025739286,779.9043062200956
35,3,17,345.0,25.0,16.5,0.6090957894684209,0.3909042105315791,779.9043062200956
36,3,17,355.0,25.0,16.5,0.6063808461858402,0.3936191538141598,779.9043062200956
37,3,17,365.0,25.0,16.5,0.6037179068321432,0.3962820931678568,779.9043062200956
38,3,17,375.0,25.0,16.5,0.6010993771784203,0.3989006228215797,779.9043062200956
39,3,17,385.0,25.0,16.5,0.5985336217127477,0.4014663782872523,779.9043062200956
40,3,17,395.0,25.0,16.5,0.5960102131631655,0.4039897868368345,779.9043062200956
41,3,17,405.0,25.0,16.5,0.593535677169464,0.406464322830536,779.9043062200956
42,3,17,415.0,25.0,16.5,0.5910931912228666,0.40890680877713337,779.9043062200956
43,3,17,425.0,25.0,16.5,0.5886735465435076,0.41132645345649244,779.9043062200956
44,3,17,435.0,25.0,16.5,0.5861500698724769,0.41384993012752314,779.9043062200956
45,3,17,445.0,25.0,16.5,0.5834552063143035,0.4165447936856965,779.9043062200956
46,3,17,455.0,25.0,16.5,0.5803511163879391,0.4196488836120609,779.9043062200956
47,3,17,465.0,25.0,16.5,0.5764042720709117,0.4235957279290883,779.9043062200956
48,3,17,475.0,25.0,16.5,0.570872848704446,0.429127151295554,779.9043062200956
49,3,17,485.0,25.0,16.5,0.5628081656294541,0.4371918343705459,779.9043062200956
50,3,17,495.0,25.0,16.5,0.5503398612806099,0.44966013871939015,779.9043062200956
1,4,17,5.0,35.0,16.5,0.7890984337827402,0.21090156621725975,779.9043062200956
2,4,17,15.0,35.0,16.5,0.7817383875017209,0.21826161249827913,779.9043062200956
3,4,17,25.0,35.0,16.5,0.772770580045639,0.22722941995436097,779.9043062200956
4,4,17,35.0,35.0,16.5,0.7632640416635756,0.23673595833642436,779.9043062200956
5,4,17,45.0,35.0,16.5,0.7539546438020044,0.2460453561979956,779.9043062200956
6,4,17,55.0,35.0,16.5,0.745252232437714,0.254747767562286,779.9043062200956
7,4,17,65.0,35.0,16.5,0.7371731818331039,0.2628268181668961,779.9043062200956
8,4,17,75.0,35.0,16.5,0.7296455879287513,0.27035441207124866,779.9043062200956
9,4,17,85.0,35.0,16.5,0.7226052390518213,0.2773947609481787,779.9043062200956
10,4,17,95.0,35.0,16.5,0.7160054034476322,0.2839945965523678,779.9043062200956
11,4,17,105.0,35.0,16.5,0.7098079690390644,0.2901920309609356,779.9043062200956
12,4,17,115.0,35.0,16.5,0.7039555201351245,0.2960444798648755,779.9043062200956
13,4,17,125.0,35.0,16.5,0.698408843438565,0.301591156561435,779.9043062200956
14,4,17,135.0,35.0,16.5,0.6931364067741086,0.3068635932258914,779.9043062200956
15,4,17,145.0,35.0,16.5,0.6881068457105486,0.3118931542894514,779.9043062200956
16,4,17,155.0,35.0,16.5,0.6832929564223025,0.3167070435776975,779.9043062200956
17,4,17,165.0,35.0,16.5,0.6786704885405788,0.32132951145942124,779.9043062200956
18,4,17,175.0,35.0,16.5,0.6742218572973167,0.32577814270268335,779.9043062200956
19,4,17,185.0,35.0,16.5,0.6699316622378172,0.3300683377621828,779.9043062200956
20,4,17,195.0,35.0,16.5,0.6657890910276438,0.33421090897235617,779.9043062200956
21,4,17,205.0,35.0,16.5,0.6617819857710093,0.33821801422899067,779.9043062200956
22,4,17,215.0,35.0,16.5,0.6578982786869275,0.3421017213130725,779.9043062200956
23,4,17,225.0,35.0,16.5,0.6541282568501801,0.34587174314981994,779.9043062200956
24,4,17,235.0,35.0,16.5,0.6504644289085378,0.34953557109146216,779.9043062200956
25,4,17,245.0,35.0,16.5,0.6469048791388841,0.35309512086111594,779.9043062200956
26,4,17,255.0,35.0,16.5,0.6434359176226397,0.35656408237736026,779.9043062200956
27,4,17,265.0,35.0,16.5,0.6400507671867035,0.3599492328132965,779.9043062200956
28,4,17,275.0,35.0,16.5,0.6367514181820105,0.36324858181798947,779.9043062200956
29,4,17,285.0,35.0,16.5,0.6335262078034204,0.3664737921965796,779.9043062200956
30,4,17,295.0,35.0,16.5,0.6303673453775079,0.36963265462249206,779.9043062200956
31,4,17,305.0,35.0,16.5,0.6272790261088977,0.37272097389110226,779.9043062200956
32,4,17,315.0,35.0,16.5,0.6242474127357658,0.3757525872642342,779.9043062200956
33,4,17,325.0,35.0,16.5,0.6212717474907098,0.3787282525092902,779.9043062200956
34,4,17,335.0,35.0,16.5,0.6183531347713522,0.38164686522864777,779.9043062200956
35,4,17,345.0,35.0,16.5,0.6154842742100104,0.3845157257899896,779.9043062200956
36,4,17,355.0,35.0,16.5,0.6126748332565642,0.38732516674343576,779.9043062200956
37,4,17,365.0,35.0,16.5,0.6099116006384393,0.3900883993615607,779.9043062200956
38,4,17,375.0,35.0,16.5,0.6072046325272747,0.39279536747272525,779.9043062200956
39,4,17,385.0,35.0,16.5,0.6045469880088203,0.39545301199117966,779.9043062200956
40,4,17,395.0,35.0,16.5,0.6019439304366881,0.39805606956331185,779.9043062200956
41,4,17,405.0,35.0,16.5,0.5993936578492389,0.4006063421507611,779.9043062200956
42,4,17,415.0,35.0,16.5,0.5968968051914215,0.4031031948085785,779.9043062200956
43,4,17,425.0,35.0,16.5,0.5944525296185278,0.4055474703814722,779.9043062200956
44,4,17,435.0,35.0,16.5,0.5920499876347567,0.4079500123652433,779.9043062200956
45,4,17,445.0,35.0,16.5,0.5895729060216442,0.41042709397835575,779.9043062200956
46,4,17,455.0,35.0,16.5,0.5868494437415798,0.41315055625842023,779.9043062200956
47,4,17,465.0,35.0,16.5,0.583604080379679,0.41639591962032096,779.9043062200956
48,4,17,475.0,35.0,16.5,0.5790791025842262,0.42092089741577376,779.9043062200956
49,4,17,485.0,35.0,16.5,0.5719378188857916,0.42806218111420835,779.9043062200956
50,4,17,495.0,35.0,16.5,0.559872792050284,0.44012720794971605,779.9043062200956
1,5,17,5.0,45.0,16.5,0.7971938730352479,0.2028061269647521,779.9043062200956
2,5,17,15.0,45.0,16.5,0.7908836285462489,0.20911637145375106,779.9043062200956
3,5,17,25.0,45.0,16.5,0.7822706528635891,0.2177293471364109,779.9043062200956
4,5,17,35.0,45.0,16.5,0.7726540717661161,0.2273459282338839,779.9043062200956
5,5,17,45.0,45.0,16.5,0.763198191418026,0.23680180858197397,779.9043062200956
6,5,17,55.0,45.0,16.5,0.7541777967304816,0.24582220326951842,779.9043062200956
7,5,17,65.0,45.0,16.5,0.7457693008206396,0.25423069917936036,779.9043062200956
8,5,17,75.0,45.0,16.5,0.7379855569012759,0.2620144430987241,779.9043062200956
9,5,17,85.0,45.0,16.5,0.7307400352713961,0.2692599647286039,779.9043062200956
10,5,17,95.0,45.0,16.5,0.7239922178516096,0.2760077821483904,779.9043062200956
11,5,17,105.0,45.0,16.5,0.7176525729439281,0.28234742705607185,779.9043062200956
12,5,17,115.0,45.0,16.5,0.7116805075031458,0.2883194924968542,779.9043062200956
13,5,17,125.0,45.0,16.5,0.7060301730054679,0.2939698269945321,779.9043062200956
14,5,17,135.0,45.0,16.5,0.7006600245565491,0.2993399754434509,779.9043062200956
15,5,17,145.0,45.0,16.5,0.6955379501198266,0.30446204988017345,779.9043062200956
16,5,17,155.0,45.0,16.5,0.6906377524251731,0.3093622475748269,779.9043062200956
17,5,17,165.0,45.0,16.5,0.6859376845699844,0.3140623154300156,779.9043062200956
18,5,17,175.0,45.0,16.5,0.6814184347942854,0.31858156520571457,779.9043062200956
19,5,17,185.0,45.0,16.5,0.6770634259892537,0.32293657401074627,779.9043062200956
20,5,17,195.0,45.0,16.5,0.6728578495798646,0.3271421504201354,779.9043062200956
21,5,17,205.0,45.0,16.5,0.6687887451245478,0.3312112548754522,779.9043062200956
22,5,17,215.0,45.0,16.5,0.6648446688461275,0.3351553311538725,779.9043062200956
23,5,17,225.0,45.0,16.5,0.6610192200309142,0.3389807799690858,779.9043062200956
24,5,17,235.0,45.0,16.5,0.6573021206790124,0.3426978793209876,779.9043062200956
25,5,17,245.0,45.0,16.5,0.6536814752066512,0.3463185247933488,779.9043062200956
26,5,17,255.0,45.0,16.5,0.6501500097586903,0.3498499902413097,779.9043062200956
27,5,17,265.0,45.0,16.5,0.6467086490453556,0.35329135095464437,779.9043062200956
28,5,17,275.0,45.0,16.5,0.6433456286375527,0.35665437136244726,779.9043062200956
29,5,17,285.0,45.0,16.5,0.6400528295374993,0.3599471704625007,779.9043062200956
30,5,17,295.0,45.0,16.5,0.6368335504951511,0.3631664495048489,779.9043062200956
31,5,17,305.0,45.0,16.5,0.6336758358875011,0.3663241641124989,779.9043062200956
32,5,17,315.0,45.0,16.5,0.630572835889089,0.36942716411091103,779.9043062200956
33,5,17,325.0,45.0,16.5,0.6275283012047511,0.3724716987952489,779.9043062200956
34,5,17,335.0,45.0,16.5,0.6245262270516568,0.37547377294834317,779.9043062200956
35,5,17,345.0,45.0,16.5,0.6215702395702154,0.3784297604297846,779.9043062200956
36,5,17,355.0,45.0,16.5,0.6186593610027334,0.38134063899726656,779.9043062200956
37,5,17,365.0,45.0,16.5,0.6157840196577167,0.3842159803422833,779.9043062200956
38,5,17,375.0,45.0,16.5,0.6129498778764343,0.3870501221235657,779.9043062200956
39,5,17,385.0,45.0,16.5,0.610141759769581,0.38985824023041904,779.9043062200956
40,5,17,395.0,45.0,16.5,0.6073665797093635,0.3926334202906365,779.9043062200956
41,5,17,405.0,45.0,16.5,0.6046098619233391,0.3953901380766609,779.9043062200956
42,5,17,415.0,45.0,16.5,0.6018721463639649,0.3981278536360351,779.9043062200956
43,5,17,425.0,45.0,16.5,0.599144853247075,0.400855146752925,779.9043062200956
44,5,17,435.0,45.0,16.5,0.596419934058254,0.403580065941746,779.9043062200956
45,5,17,445.0,45.0,16.5,0.5936871842104499,0.40631281578955014,779.9043062200956
46,5,17,455.0,45.0,16.5,0.5908969509613339,0.4091030490386661,779.9043062200956
47,5,17,465.0,45.0,16.5,0.5877424459791897,0.4122575540208103,779.9043062200956
48,5,17,475.0,45.0,16.5,0.5834900039072144,0.4165099960927856,779.9043062200956
49,5,17,485.0,45.0,16.5,0.5764080085030048,0.4235919914969952,779.9043062200956
50,5,17,495.0,45.0,16.5,0.5635754104771343,0.43642458952286567,779.9043062200956
1,6,17,5.0,55.0,16.5,0.7895864963217336,0.2104135036782664,779.9043062200956
2,6,17,15.0,55.0,16.5,0.7826626146978979,0.21733738530210212,779.9043062200956
3,6,17,25.0,55.0,16.5,0.7741581144958414,0.22584188550415862,779.9043062200956
4,6,17,35.0,55.0,16.5,0.7650892203014314,0.23491077969856855,779.9043062200956
5,6,17,45.0,55.0,16.5,0.75614089449909,0.24385910550090995,779.9043062200956
6,6,17,55.0,55.0,16.5,0.7476186486196575,0.25238135138034246,779.9043062200956
7,6,17,65.0,55.0,16.5,0.7396147212625865,0.26038527873741346,779.9043062200956
8,6,17,75.0,55.0,16.5,0.7321358551703359,0.26786414482966414,779.9043062200956
9,6,17,85.0,55.0,16.5,0.7251382975091775,0.27486170249082253,779.9043062200956
10,6,17,95.0,55.0,16.5,0.7185755191462053,0.2814244808537947,779.9043062200956
11,6,17,105.0,55.0,16.5,0.7123840877965125,0.2876159122034875,779.9043062200956
12,6,17,115.0,55.0,16.5,0.7065326341823609,0.2934673658176391,779.9043062200956
13,6,17,125.0,55.0,16.5,0.7009803781212158,0.29901962187878417,779.9043062200956
14,6,17,135.0,55.0,16.5,0.6956927699836165,0.3043072300163835,779.9043062200956
15,6,17,145.0,55.0,16.5,0.6906421304889343,0.3093578695110657,779.9043062200956
16,6,17,155.0,55.0,16.5,0.6858053972396719,0.31419460276032807,779.9043062200956
17,6,17,165.0,55.0,16.5,0.6811622534373709,0.3188377465626291,779.9043062200956
18,6,17,175.0,55.0,16.5,0.6766952529326384,0.32330474706736156,779.9043062200956
19,6,17,185.0,55.0,16.5,0.6723886631123218,0.3276113368876782,779.9043062200956
20,6,17,195.0,55.0,16.5,0.6682285088792241,0.33177149112077586,779.9043062200956
21,6,17,205.0,55.0,16.5,0.664202373331842,0.33579762666815804,779.9043062200956
22,6,17,215.0,55.0,16.5,0.660299791733744,0.339700208266256,779.9043062200956
23,6,17,225.0,55.0,16.5,0.656515791334304,0.34348420866569596,779.9043062200956
24,6,17,235.0,55.0,16.5,0.652837097707404,0.34716290229259605,779.9043062200956
25,6,17,245.0,55.0,16.5,0.6492545824265461,0.3507454175734539,779.9043062200956
26,6,17,255.0,55.0,16.5,0.6457629947089386,0.3542370052910614,779.9043062200956
27,6,17,265.0,55.0,16.5,0.6423609356212325,0.35763906437876747,779.9043062200956
28,6,17,275.0,55.0,16.5,0.6390343957356877,0.36096560426431235,779.9043062200956
29,6,17,285.0,55.0,16.5,0.6357796991496765,0.36422030085032353,779.9043062200956
30,6,17,295.0,55.0,16.5,0.6325977880390411,0.3674022119609589,779.9043062200956
31,6,17,305.0,55.0,16.5,0.629473530166766,0.370526469833234,779.9043062200956
32,6,17,315.0,55.0,16.5,0.6264080186152726,0.3735919813847274,779.9043062200956
33,6,17,325.0,55.0,16.5,0.6233981951967231,0.3766018048032769,779.9043062200956
34,6,17,335.0,55.0,16.5,0.6204314177582017,0.37956858224179835,779.9043062200956
35,6,17,345.0,55.0,16.5,0.617514916783212,0.382485083216788,779.9043062200956
36,6,17,355.0,55.0,16.5,0.6146352405999757,0.38536475940002435,779.9043062200956
37,6,17,365.0,55.0,16.5,0.6117948873073515,0.38820511269264846,779.9043062200956
38,6,17,375.0,55.0,16.5,0.6089863644509694,0.39101363554903057,779.9043062200956
39,6,17,385.0,55.0,16.5,0.6062015953011098,0.39379840469889016,779.9043062200956
40,6,17,395.0,55.0,16.5,0.6034389154964283,0.39656108450357175,779.9043062200956
41,6,17,405.0,55.0,16.5,0.6006795561341935,0.39932044386580645,779.9043062200956
42,6,17,415.0,55.0,16.5,0.5979189213700771,0.40208107862992293,779.9043062200956
43,6,17,425.0,55.0,16.5,0.5951241825921135,0.4048758174078865,779.9043062200956
44,6,17,435.0,55.0,16.5,0.592267045102329,0.40773295489767103,779.9043062200956
45,6,17,445.0,55.0,16.5,0.5892646781265151,0.41073532187348494,779.9043062200956
46,6,17,455.0,55.0,16.5,0.585960009709464,0.41403999029053595,779.9043062200956
47,6,17,465.0,55.0,16.5,0.5819753977215399,0.41802460227846006,779.9043062200956
48,6,17,475.0,55.0,16.5,0.5765050210001584,0.42349497899984156,779.9043062200956
49,6,17,485.0,55.0,16.5,0.5680541953530053,0.4319458046469947,779.9043062200956
50,6,17,495.0,55.0,16.5,0.5532036141628137,0.4467963858371863,779.9043062200956
1,7,17,5.0,65.0,16.5,0.7787078899917916,0.22129211000820836,779.9043062200956
2,7,17,15.0,65.0,16.5,0.7717321752899776,0.22826782471002238,779.9043062200956
3,7,17,25.0,65.0,16.5,0.7635593919510664,0.23644060804893363,779.9043062200956
4,7,17,35.0,65.0,16.5,0.7549664972936142,0.2450335027063858,779.9043062200956
5,7,17,45.0,65.0,16.5,0.746493019885393,0.25350698011460704,779.9043062200956
6,7,17,55.0,65.0,16.5,0.7383890553701501,0.2616109446298499,779.9043062200956
7,7,17,65.0,65.0,16.5,0.7307348899798215,0.2692651100201785,779.9043062200956
8,7,17,75.0,65.0,16.5,0.7235615284738038,0.27643847152619616,779.9043062200956
9,7,17,85.0,65.0,16.5,0.7168151875386307,0.2831848124613693,779.9043062200956
10,7,17,95.0,65.0,16.5,0.7104735364646775,0.2895264635353225,779.9043062200956
11,7,17,105.0,65.0,16.5,0.7044909577431945,0.2955090422568055,779.9043062200956
12,7,17,115.0,65.0,16.5,0.6988214066670322,0.3011785933329678,779.9043062200956
13,7,17,125.0,65.0,16.5,0.693435894606245,0.306564105393755,779.9043062200956
14,7,17,135.0,65.0,16.5,0.6883054716741193,0.31169452832588074,779.9043062200956
15,7,17,145.0,65.0,16.5,0.6834037931280843,0.3165962068719157,779.9043062200956
16,7,17,155.0,65.0,16.5,0.6787082968740314,0.32129170312596855,779.9043062200956
17,7,17,165.0,65.0,16.5,0.6741995095600131,0.32580049043998693,779.9043062200956
18,7,17,175.0,65.0,16.5,0.6698602802639803,0.33013971973601974,779.9043062200956
19,7,17,185.0,65.0,16.5,0.6656776648794123,0.33432233512058773,779.9043062200956
20,7,17,195.0,65.0,16.5,0.6616388606444186,0.33836113935558143,779.9043062200956
21,7,17,205.0,65.0,16.5,0.6577304561268875,0.3422695438731125,779.9043062200956
22,7,17,215.0,65.0,16.5,0.6539414010168754,0.34605859898312463,779.9043062200956
23,7,17,225.0,65.0,16.5,0.6502622571832484,0.34973774281675163,779.9043062200956
24,7,17,235.0,65.0,16.5,0.6466905827154663,0.3533094172845337,779.9043062200956
25,7,17,245.0,65.0,16.5,0.6432134237380401,0.35678657626195986,779.9043062200956
26,7,17,255.0,65.0,16.5,0.639821832604053,0.360178167395947,779.9043062200956
27,7,17,265.0,65.0,16.5,0.6365157751921653,0.3634842248078347,779.9043062200956
28,7,17,275.0,65.0,16.5,0.6332861287135273,0.3667138712864727,779.9043062200956
29,7,17,285.0,65.0,16.5,0.6301224347535186,0.3698775652464814,779.9043062200956
30,7,17,295.0,65.0,16.5,0.6270284666403638,0.3729715333596362,779.9043062200956
31,7,17,305.0,65.0,16.5,0.6239909830283803,0.3760090169716197,779.9043062200956
32,7,17,315.0,65.0,16.5,0.6210047392093363,0.3789952607906637,779.9043062200956
33,7,17,325.0,65.0,16.5,0.6180713594920023,0.3819286405079977,779.9043062200956
34,7,17,335.0,65.0,16.5,0.6151805809570919,0.38481941904290806,779.9043062200956
35,7,17,345.0,65.0,16.5,0.6123427323996701,0.3876572676003299,779.9043062200956
36,7,17,355.0,65.0,16.5,0.6095389161692766,0.3904610838307234,779.9043062200956
37,7,17,365.0,65.0,16.5,0.6067694682659176,0.3932305317340824,779.9043062200956
38,7,17,375.0,65.0,16.5,0.6040262782789125,0.39597372172108747,779.9043062200956
39,7,17,385.0,65.0,16.5,0.6012978733288885,0.3987021266711115,779.9043062200956
40,7,17,395.0,65.0,16.5,0.5985772100791574,0.40142278992084257,779.9043062200956
41,7,17,405.0,65.0,16.5,0.595839803293706,0.404160196706294,779.9043062200956
42,7,17,415.0,65.0,16.5,0.5930687057094521,0.40693129429054786,779.9043062200956
43,7,17,425.0,65.0,16.5,0.5902119349512934,0.4097880650487066,779.9043062200956
44,7,17,435.0,65.0,16.5,0.5872050434725986,0.4127949565274014,779.9043062200956
45,7,17,445.0,65.0,16.5,0.5839052930756322,0.4160947069243678,779.9043062200956
46,7,17,455.0,65.0,16.5,0.5800608694092191,0.4199391305907809,779.9043062200956
47,7,17,465.0,65.0,16.5,0.5751938366553221,0.4248061633446779,779.9043062200956
48,7,17,475.0,65.0,16.5,0.5684924764250502,0.4315075235749498,779.9043062200956
49,7,17,485.0,65.0,16.5,0.5586790761921416,0.44132092380785837,779.9043062200956
50,7,17,495.0,65.0,16.5,0.5424163693361153,0.45758363066388474,779.9043062200956
1,8,17,5.0,75.0,16.5,0.7629064802572306,0.23709351974276938,779.9043062200956
2,8,17,15.0,75.0,16.5,0.7564592150112704,0.24354078498872955,779.9043062200956
3,8,17,25.0,75.0,16.5,0.7488904746227806,0.2511095253772194,779.9043062200956
4,8,17,35.0,75.0,16.5,0.7409439760559395,0.25905602394406047,779.9043062200956
5,8,17,45.0,75.0,16.5,0.7330835415817859,0.2669164584182141,779.9043062200956
6,8,17,55.0,75.0,16.5,0.7255090249381403,0.2744909750618597,779.9043062200956
7,8,17,65.0,75.0,16.5,0.7183327231560384,0.28166727684396164,779.9043062200956
8,8,17,75.0,75.0,16.5,0.7115500817569295,0.28844991824307054,779.9043062200956
9,8,17,85.0,75.0,16.5,0.7051631583674505,0.29483684163254953,779.9043062200956
10,8,17,95.0,75.0,16.5,0.6991353616712414,0.30086463832875865,779.9043062200956
11,8,17,105.0,75.0,16.5,0.6934283013753211,0.3065716986246789,779.9043062200956
12,8,17,115.0,75.0,16.5,0.6880159331574843,0.3119840668425157,779.9043062200956
13,8,17,125.0,75.0,16.5,0.682868266417016,0.31713173358298397,779.9043062200956
14,8,17,135.0,75.0,16.5,0.6779587440579106,0.32204125594208943,779.9043062200956
15,8,17,145.0,75.0,16.5,0.6732642444158989,0.32673575558410106,779.9043062200956
16,8,17,155.0,75.0,16.5,0.6687644799373297,0.3312355200626703,779.9043062200956
17,8,17,165.0,75.0,16.5,0.6644414999795969,0.3355585000204031,779.9043062200956
18,8,17,175.0,75.0,16.5,0.6602799648482878,0.33972003515171223,779.9043062200956
19,8,17,185.0,75.0,16.5,0.6562690411468046,0.3437309588531954,779.9043062200956
20,8,17,195.0,75.0,16.5,0.6523942312608487,0.3476057687391513,779.9043062200956
21,8,17,205.0,75.0,16.5,0.6486436246537709,0.3513563753462291,779.9043062200956
22,8,17,215.0,75.0,16.5,0.6450063992136834,0.3549936007863166,779.9043062200956
23,8,17,225.0,75.0,16.5,0.6414796545072567,0.35852034549274325,779.9043062200956
24,8,17,235.0,75.0,16.5,0.6380511794779131,0.3619488205220869,779.9043062200956
25,8,17,245.0,75.0,16.5,0.6347115419307907,0.3652884580692093,779.9043062200956
26,8,17,255.0,75.0,16.5,0.6314594103050595,0.3685405896949405,779.9043062200956
27,8,17,265.0,75.0,16.5,0.6282865352207815,0.3717134647792185,779.9043062200956
28,8,17,275.0,75.0,16.5,0.6251806948825427,0.3748193051174573,779.9043062200956
29,8,17,285.0,75.0,16.5,0.6221451164848453,0.3778548835151547,779.9043062200956
30,8,17,295.0,75.0,16.5,0.6191658376027209,0.3808341623972791,779.9043062200956
31,8,17,305.0,75.0,16.5,0.6162403484475963,0.38375965155240366,779.9043062200956
32,8,17,315.0,75.0,16.5,0.6133724365934664,0.3866275634065336,779.9043062200956
33,8,17,325.0,75.0,16.5,0.6105491487651341,0.3894508512348659,779.9043062200956
34,8,17,335.0,75.0,16.5,0.6077764638020207,0.39222353619797934,779.9043062200956
35,8,17,345.0,75.0,16.5,0.6050385283357954,0.3949614716642046,779.9043062200956
36,8,17,355.0,75.0,16.5,0.6023466287603498,0.39765337123965017,779.9043062200956
37,8,17,365.0,75.0,16.5,0.5996787988794883,0.4003212011205117,779.9043062200956
38,8,17,375.0,75.0,16.5,0.5970324560380437,0.40296754396195633,779.9043062200956
39,8,17,385.0,75.0,16.5,0.5943910043476461,0.40560899565235387,779.9043062200956
40,8,17,395.0,75.0,16.5,0.5917381386791971,0.4082618613208029,779.9043062200956
41,8,17,405.0,75.0,16.5,0.589049247866526,0.410950752133474,779.9043062200956
42,8,17,415.0,75.0,16.5,0.5862837365650225,0.41371626343497747,779.9043062200956
43,8,17,425.0,75.0,16.5,0.5833822472354552,0.4166177527645448,779.9043062200956
44,8,17,435.0,75.0,16.5,0.5802298198775856,0.4197701801224144,779.9043062200956
45,8,17,445.0,75.0,16.5,0.5766494681932193,0.4233505318067807,779.9043062200956
46,8,17,455.0,75.0,16.5,0.5723362652902718,0.4276637347097282,779.9043062200956
47,8,17,465.0,75.0,16.5,0.5668334648770708,0.43316653512292924,779.9043062200956
48,8,17,475.0,75.0,16.5,0.5595084221848478,0.44049157781515225,779.9043062200956
49,8,17,485.0,75.0,16.5,0.5494770791012631,0.4505229208987369,779.9043062200956
50,8,17,495.0,75.0,16.5,0.5337711788384278,0.46622882116157216,779.9043062200956
1,9,17,5.0,85.0,16.5,0.7395627262170218,0.2604372737829782,779.9043062200956
2,9,17,15.0,85.0,16.5,0.7340000305965367,0.26599996940346327,779.9043062200956
3,9,17,25.0,85.0,16.5,0.7273416455498986,0.27265835445010145,779.9043062200956
4,9,17,35.0,85.0,16.5,0.720280216191773,0.27971978380822704,779.9043062200956
5,9,17,45.0,85.0,16.5,0.7132143824932847,0.2867856175067153,779.9043062200956
6,9,17,55.0,85.0,16.5,0.7063433928830701,0.29365660711692987,779.9043062200956
7,9,17,65.0,85.0,16.5,0.699774872543276,0.30022512745672403,779.9043062200956
8,9,17,75.0,85.0,16.5,0.6935305802679737,0.30646941973202635,779.9043062200956
9,9,17,85.0,85.0,16.5,0.6876073379723615,0.3123926620276385,779.9043062200956
10,9,17,95.0,85.0,16.5,0.6819923481153891,0.3180076518846109,779.9043062200956
11,9,17,105.0,85.0,16.5,0.6766613231993358,0.3233386768006642,779.9043062200956
12,9,17,115.0,85.0,16.5,0.6715892356416883,0.32841076435831174,779.9043062200956
13,9,17,125.0,85.0,16.5,0.6667527973440233,0.33324720265597674,779.9043062200956
14,9,17,135.0,85.0,16.5,0.6621307020473999,0.3378692979526001,779.9043062200956
15,9,17,145.0,85.0,16.5,0.6577041694469306,0.34229583055306945,779.9043062200956
16,9,17,155.0,85.0,16.5,0.6534559627760836,0.34654403722391636,779.9043062200956
17,9,17,165.0,85.0,16.5,0.6493701945326107,0.3506298054673893,779.9043062200956
18,9,17,175.0,85.0,16.5,0.6454335508725217,0.35456644912747826,779.9043062200956
19,9,17,185.0,85.0,16.5,0.6416376009615447,0.35836239903845535,779.9043062200956
20,9,17,195.0,85.0,16.5,0.6379680143566846,0.3620319856433154,779.9043062200956
21,9,17,205.0,85.0,16.5,0.6344142568199373,0.36558574318006265,779.9043062200956
22,9,17,215.0,85.0,16.5,0.630969197760429,0.36903080223957097,779.9043062200956
23,9,17,225.0,85.0,16.5,0.6276271404945997,0.37237285950540033,779.9043062200956
24,9,17,235.0,85.0,16.5,0.6243744334775488,0.37562556652245116,779.9043062200956
25,9,17,245.0,85.0,16.5,0.6212087307353513,0.3787912692646487,779.9043062200956
26,9,17,255.0,85.0,16.5,0.6181259379728059,0.3818740620271941,779.9043062200956
27,9,17,265.0,85.0,16.5,0.6151105999110175,0.38488940008898254,779.9043062200956
28,9,17,275.0,85.0,16.5,0.6121633497001039,0.3878366502998961,779.9043062200956
29,9,17,285.0,85.0,16.5,0.6092746011419957,0.3907253988580043,779.9043062200956
30,9,17,295.0,85.0,16.5,0.6064461648369547,0.3935538351630453,779.9043062200956
31,9,17,305.0,85.0,16.5,0.6036775518867251,0.3963224481132749,779.9043062200956
32,9,17,315.0,85.0,16.5,0.6009577983851737,0.3990422016148263,779.9043062200956
33,9,17,325.0,85.0,16.5,0.5982901171558779,0.4017098828441221,779.9043062200956
34,9,17,335.0,85.0,16.5,0.5956588218917824,0.40434117810821757,779.9043062200956
35,9,17,345.0,85.0,16.5,0.5930698191115705,0.40693018088842947,779.9043062200956
36,9,17,355.0,85.0,16.5,0.5905100433416804,0.40948995665831955,779.9043062200956
37,9,17,365.0,85.0,16.5,0.5879858237127839,0.41201417628721615,779.9043062200956
38,9,17,375.0,85.0,16.5,0.5854699929241858,0.4145300070758142,779.9043062200956
39,9,17,385.0,85.0,16.5,0.5829549617601347,0.4170450382398653,779.9043062200956
40,9,17,395.0,85.0,16.5,0.5804058707748752,0.41959412922512485,779.9043062200956
41,9,17,405.0,85.0,16.5,0.5777988750395809,0.42220112496041906,779.9043062200956
42,9,17,415.0,85.0,16.5,0.5750762039129117,0.4249237960870883,779.9043062200956
43,9,17,425.0,85.0,16.5,0.5721689851458315,0.4278310148541685,779.9043062200956
44,9,17,435.0,85.0,16.5,0.5689493193163642,0.43105068068363583,779.9043062200956
45,9,17,445.0,85.0,16.5,0.565239336564552,0.43476066343544795,779.9043062200956
46,9,17,455.0,85.0,16.5,0.5608037440217547,0.4391962559782453,779.9043062200956
47,9,17,465.0,85.0,16.5,0.5553607196334105,0.4446392803665895,779.9043062200956
48,9,17,475.0,85.0,16.5,0.5485988771751285,0.45140112282487155,779.9043062200956
49,9,17,485.0,85.0,16.5,0.5399792618056884,0.46002073819431155,779.9043062200956
50,9,17,495.0,85.0,16.5,0.5267124840784463,0.4732875159215537,779.9043062200956
1,10,17,5.0,95.0,16.5,0.6980600129387076,0.30193998706129244,779.9043062200956
2,10,17,15.0,95.0,16.5,0.6936680049947884,0.3063319950052116,779.9043062200956
3,10,17,25.0,95.0,16.5,0.6882638945752898,0.3117361054247102,779.9043062200956
4,10,17,35.0,95.0,16.5,0.6824001102230803,0.31759988977691966,779.9043062200956
5,10,17,45.0,95.0,16.5,0.6764196301531081,0.32358036984689187,779.9043062200956
6,10,17,55.0,95.0,16.5,0.6705184697325051,0.32948153026749494,779.9043062200956
7,10,17,65.0,95.0,16.5,0.6647962661390968,0.3352037338609032,779.9043062200956
8,10,17,75.0,95.0,16.5,0.6592958758124078,0.3407041241875922,779.9043062200956
9,10,17,85.0,95.0,16.5,0.6540306399325199,0.34596936006748014,779.9043062200956
10,10,17,95.0,95.0,16.5,0.648997797163535,0.351002202836465,779.9043062200956
11,10,17,105.0,95.0,16.5,0.6441858200885505,0.3558141799114495,779.9043062200956
12,10,17,115.0,95.0,16.5,0.6395798870893887,0.36042011291061127,779.9043062200956
13,10,17,125.0,95.0,16.5,0.6351644398342152,0.3648355601657848,779.9043062200956
14,10,17,135.0,95.0,16.5,0.6309256120947677,0.3690743879052323,779.9043062200956
15,10,17,145.0,95.0,16.5,0.6268493494465043,0.3731506505534957,779.9043062200956
16,10,17,155.0,95.0,16.5,0.622922357380191,0.37707764261980903,779.9043062200956
17,10,17,165.0,95.0,16.5,0.6191323338145547,0.3808676661854453,779.9043062200956
18,10,17,175.0,95.0,16.5,0.6154685704889701,0.3845314295110299,779.9043062200956
19,10,17,185.0,95.0,16.5,0.6119258268087853,0.38807417319121473,779.9043062200956
20,10,17,195.0,95.0,16.5,0.6084919602349321,0.3915080397650679,779.9043062200956
21,10,17,205.0,95.0,16.5,0.6051590081519005,0.3948409918480995,779.9043062200956
22,10,17,215.0,95.0,16.5,0.6019241624014546,0.39807583759854537,779.9043062200956
23,10,17,225.0,95.0,16.5,0.5987747304918054,0.4012252695081946,779.9043062200956
24,10,17,235.0,95.0,16.5,0.5957048381873109,0.4042951618126891,779.9043062200956
25,10,17,245.0,95.0,16.5,0.5927145413778562,0.4072854586221438,779.9043062200956
26,10,17,255.0,95.0,16.5,0.5897893253142722,0.4102106746857278,779.9043062200956
27,10,17,265.0,95.0,16.5,0.5869274118029562,0.41307258819704384,779.9043062200956
28,10,17,275.0,95.0,16.5,0.5841249221415765,0.4158750778584235,779.9043062200956
29,10,17,285.0,95.0,16.5,0.5813785309143941,0.41862146908560594,779.9043062200956
30,10,17,295.0,95.0,16.5,0.5786887974168035,0.42131120258319654,779.9043062200956
31,10,17,305.0,95.0,16.5,0.5760488974610085,0.4239511025389915,779.9043062200956
32,10,17,315.0,95.0,16.5,0.5734612697892468,0.42653873021075317,779.9043062200956
33,10,17,325.0,95.0,16.5,0.570912880216015,0.42908711978398495,779.9043062200956
34,10,17,335.0,95.0,16.5,0.5684046612911501,0.4315953387088499,779.9043062200956
35,10,17,345.0,95.0,16.5,0.5659248810285433,0.4340751189714567,779.9043062200956
36,10,17,355.0,95.0,16.5,0.5634774721187868,0.43652252788121315,779.9043062200956
37,10,17,365.0,95.0,16.5,0.5610592263499445,0.43894077365005546,779.9043062200956
38,10,17,375.0,95.0,16.5,0.5586773935306772,0.44132260646932275,779.9043062200956
39,10,17,385.0,95.0,16.5,0.5563196864117887,0.44368031358821125,779.9043062200956
40,10,17,395.0,95.0,16.5,0.5539828967933383,0.44601710320666166,779.9043062200956
41,10,17,405.0,95.0,16.5,0.5516569099073304,0.4483430900926696,779.9043062200956
42,10,17,415.0,95.0,16.5,0.5493384915797059,0.45066150842029407,779.9043062200956
43,10,17,425.0,95.0,16.5,0.5470167286691593,0.4529832713308407,779.9043062200956
44,10,17,435.0,95.0,16.5,0.5446688805374734,0.4553311194625266,779.9043062200956
45,10,17,445.0,95.0,16.5,0.5422551500864562,0.4577448499135438,779.9043062200956
46,10,17,455.0,95.0,16.5,0.5397069993344171,0.4602930006655829,779.9043062200956
47,10,17,465.0,95.0,16.5,0.5369140819348704,0.46308591806512955,779.9043062200956
48,10,17,475.0,95.0,16.5,0.5336350057878994,0.46636499421210065,779.9043062200956
49,10,17,485.0,95.0,16.5,0.5292061694470495,0.47079383055295054,779.9043062200956
50,10,17,495.0,95.0,16.5,0.520467538064805,0.47953246193519505,779.9043062200956
1,1,18,5.0,5.0,17.5,0.7248800869606717,0.27511991303932826,822.9665071770335
2,1,18,15.0,5.0,17.5,0.7193318334912107,0.28066816650878934,822.9665071770335
3,1,18,25.0,5.0,17.5,0.7128203045692005,0.28717969543079946,822.9665071770335
4,1,18,35.0,5.0,17.5,0.7060053741499426,0.2939946258500574,822.9665071770335
5,1,18,45.0,5.0,17.5,0.6992487349169565,0.3007512650830435,822.9665071770335
6,1,18,55.0,5.0,17.5,0.6927122830201957,0.3072877169798043,822.9665071770335
7,1,18,65.0,5.0,17.5,0.6864739633886937,0.3135260366113063,822.9665071770335
8,1,18,75.0,5.0,17.5,0.6805545105855273,0.3194454894144727,822.9665071770335
9,1,18,85.0,5.0,17.5,0.6749429676084069,0.3250570323915931,822.9665071770335
10,1,18,95.0,5.0,17.5,0.6696184609542093,0.3303815390457907,822.9665071770335
11,1,18,105.0,5.0,17.5,0.6645574298817598,0.3354425701182402,822.9665071770335
12,1,18,115.0,5.0,17.5,0.6597368982475994,0.3402631017524006,822.9665071770335
13,1,18,125.0,5.0,17.5,0.6551345957436442,0.3448654042563558,822.9665071770335
14,1,18,135.0,5.0,17.5,0.6507308361023435,0.3492691638976565,822.9665071770335
15,1,18,145.0,5.0,17.5,0.6465070699734765,0.3534929300265235,822.9665071770335
16,1,18,155.0,5.0,17.5,0.642447054595323,0.35755294540467697,822.9665071770335
17,1,18,165.0,5.0,17.5,0.6385365252472528,0.3614634747527472,822.9665071770335
18,1,18,175.0,5.0,17.5,0.6347625797758578,0.3652374202241422,822.9665071770335
19,1,18,185.0,5.0,17.5,0.6311172554606981,0.3688827445393019,822.9665071770335
20,1,18,195.0,5.0,17.5,0.6275899002480904,0.37241009975190964,822.9665071770335
21,1,18,205.0,5.0,17.5,0.6241684504716555,0.3758315495283445,822.9665071770335
22,1,18,215.0,5.0,17.5,0.620847620635024,0.37915237936497603,822.9665071770335
23,1,18,225.0,5.0,17.5,0.6176250731421506,0.38237492685784935,822.9665071770335
24,1,18,235.0,5.0,17.5,0.6144864887995763,0.38551351120042365,822.9665071770335
25,1,18,245.0,5.0,17.5,0.6114300650787966,0.3885699349212034,822.9665071770335
26,1,18,255.0,5.0,17.5,0.6084511810176905,0.39154881898230953,822.9665071770335
27,1,18,265.0,5.0,17.5,0.6055399791234697,0.3944600208765303,822.9665071770335
28,1,18,275.0,5.0,17.5,0.6027009997779431,0.3972990002220569,822.9665071770335
29,1,18,285.0,5.0,17.5,0.5999182212388593,0.4000817787611407,822.9665071770335
30,1,18,295.0,5.0,17.5,0.5971949542709832,0.40280504572901676,822.9665071770335
31,1,18,305.0,5.0,17.5,0.5945239967838856,0.40547600321611443,822.9665071770335
32,1,18,315.0,5.0,17.5,0.5919076059470948,0.4080923940529052,822.9665071770335
33,1,18,325.0,5.0,17.5,0.5893431792942591,0.41065682070574094,822.9665071770335
34,1,18,335.0,5.0,17.5,0.5868301677971958,0.41316983220280423,822.9665071770335
35,1,18,345.0,5.0,17.5,0.584366860780679,0.415633139219321,822.9665071770335
36,1,18,355.0,5.0,17.5,0.5819505396545647,0.41804946034543533,822.9665071770335
37,1,18,365.0,5.0,17.5,0.5795789876539101,0.42042101234608986,822.9665071770335
38,1,18,375.0,5.0,17.5,0.5772534504071626,0.4227465495928374,822.9665071770335
39,1,18,385.0,5.0,17.5,0.5749701500129258,0.42502984998707416,822.9665071770335
40,1,18,395.0,5.0,17.5,0.5727313218597289,0.42726867814027114,822.9665071770335
41,1,18,405.0,5.0,17.5,0.57051753582248,0.42948246417752,822.9665071770335
42,1,18,415.0,5.0,17.5,0.5683131692047292,0.4316868307952708,822.9665071770335
43,1,18,425.0,5.0,17.5,0.5661006571723722,0.43389934282762777,822.9665071770335
44,1,18,435.0,5.0,17.5,0.563906594613623,0.436093405386377,822.9665071770335
45,1,18,445.0,5.0,17.5,0.5617085437289964,0.43829145627100363,822.9665071770335
46,1,18,455.0,5.0,17.5,0.5594759287779624,0.4405240712220376,822.9665071770335
47,1,18,465.0,5.0,17.5,0.557134751482999,0.44286524851700104,822.9665071770335
48,1,18,475.0,5.0,17.5,0.5545179159512041,0.44548208404879586,822.9665071770335
49,1,18,485.0,5.0,17.5,0.5511870697378531,0.44881293026214686,822.9665071770335
50,1,18,495.0,5.0,17.5,0.5452861562459126,0.4547138437540874,822.9665071770335
1,2,18,5.0,15.0,17.5,0.7595063687087549,0.24049363129124512,822.9665071770335
2,2,18,15.0,15.0,17.5,0.7528557732120216,0.24714422678797843,822.9665071770335
3,2,18,25.0,15.0,17.5,0.7451706051836409,0.25482939481635913,822.9665071770335
4,2,18,35.0,15.0,17.5,0.7372487414379327,0.26275125856206727,822.9665071770335
5,2,18,45.0,15.0,17.5,0.7294936235791165,0.2705063764208835,822.9665071770335
6,2,18,55.0,15.0,17.5,0.7220944092813866,0.2779055907186134,822.9665071770335
7,2,18,65.0,15.0,17.5,0.7151155010864385,0.2848844989135615,822.9665071770335
8,2,18,75.0,15.0,17.5,0.7085598428452142,0.2914401571547858,822.9665071770335
9,2,18,85.0,15.0,17.5,0.7023897319736099,0.2976102680263901,822.9665071770335
10,2,18,95.0,15.0,17.5,0.696580281317974,0.303419718682026,822.9665071770335
11,2,18,105.0,15.0,17.5,0.6910942826258851,0.3089057173741149,822.9665071770335
12,2,18,115.0,15.0,17.5,0.6858928744871711,0.31410712551282893,822.9665071770335
13,2,18,125.0,15.0,17.5,0.6809472508123178,0.3190527491876822,822.9665071770335
14,2,18,135.0,15.0,17.5,0.6762325969248538,0.3237674030751462,822.9665071770335
15,2,18,145.0,15.0,17.5,0.6717256807117643,0.3282743192882357,822.9665071770335
16,2,18,155.0,15.0,17.5,0.6674063629276854,0.3325936370723146,822.9665071770335
17,2,18,165.0,15.0,17.5,0.6632572051605446,0.33674279483945535,822.9665071770335
18,2,18,175.0,15.0,17.5,0.6592625993040725,0.3407374006959275,822.9665071770335
19,2,18,185.0,15.0,17.5,0.6554094031946632,0.34459059680533677,822.9665071770335
20,2,18,195.0,15.0,17.5,0.6516905106091565,0.3483094893908435,822.9665071770335
21,2,18,205.0,15.0,17.5,0.6480905534190396,0.35190944658096035,822.9665071770335
22,2,18,215.0,15.0,17.5,0.6445995145672233,0.3554004854327767,822.9665071770335
23,2,18,225.0,15.0,17.5,0.6412134893699662,0.35878651063003375,822.9665071770335
24,2,18,235.0,15.0,17.5,0.6379257314458117,0.36207426855418834,822.9665071770335
25,2,18,245.0,15.0,17.5,0.6347221574160716,0.36527784258392837,822.9665071770335
26,2,18,255.0,15.0,17.5,0.6316039897903845,0.36839601020961554,822.9665071770335
27,2,18,265.0,15.0,17.5,0.6285640466927156,0.3714359533072844,822.9665071770335
28,2,18,275.0,15.0,17.5,0.6255925811149567,0.37440741888504325,822.9665071770335
29,2,18,285.0,15.0,17.5,0.6226943117458862,0.3773056882541138,822.9665071770335
30,2,18,295.0,15.0,17.5,0.6198514908409345,0.3801485091590655,822.9665071770335
31,2,18,305.0,15.0,17.5,0.6170686474703533,0.3829313525296467,822.9665071770335
32,2,18,315.0,15.0,17.5,0.614338902753771,0.385661097246229,822.9665071770335
33,2,18,325.0,15.0,17.5,0.6116637399990745,0.38833626000092547,822.9665071770335
34,2,18,335.0,15.0,17.5,0.6090427305771204,0.39095726942287956,822.9665071770335
35,2,18,345.0,15.0,17.5,0.6064695063296922,0.3935304936703078,822.9665071770335
36,2,18,355.0,15.0,17.5,0.6039473756611725,0.3960526243388275,822.9665071770335
37,2,18,365.0,15.0,17.5,0.6014683190997633,0.3985316809002367,822.9665071770335
38,2,18,375.0,15.0,17.5,0.5990381485544838,0.4009618514455162,822.9665071770335
39,2,18,385.0,15.0,17.5,0.596650376867312,0.40334962313268796,822.9665071770335
40,2,18,395.0,15.0,17.5,0.5943068349859374,0.4056931650140626,822.9665071770335
41,2,18,405.0,15.0,17.5,0.5919972475619228,0.40800275243807715,822.9665071770335
42,2,18,415.0,15.0,17.5,0.5897061195080338,0.41029388049196625,822.9665071770335
43,2,18,425.0,15.0,17.5,0.5873683319635796,0.4126316680364204,822.9665071770335
44,2,18,435.0,15.0,17.5,0.5848994555643048,0.4151005444356952,822.9665071770335
45,2,18,445.0,15.0,17.5,0.5821525066445404,0.41784749335545956,822.9665071770335
46,2,18,455.0,15.0,17.5,0.5788711038851969,0.4211288961148031,822.9665071770335
47,2,18,465.0,15.0,17.5,0.5747050039941031,0.42529499600589693,822.9665071770335
48,2,18,475.0,15.0,17.5,0.569254372806689,0.430745627193311,822.9665071770335
49,2,18,485.0,15.0,17.5,0.5621148403588773,0.43788515964112273,822.9665071770335
50,2,18,495.0,15.0,17.5,0.5518732517846767,0.4481267482153233,822.9665071770335
1,3,18,5.0,25.0,17.5,0.7780559377176598,0.2219440622823402,822.9665071770335
2,3,18,15.0,25.0,17.5,0.7708930451063251,0.22910695489367494,822.9665071770335
3,3,18,25.0,25.0,17.5,0.7625961828839085,0.2374038171160915,822.9665071770335
4,3,18,35.0,25.0,17.5,0.7539896161305806,0.24601038386941942,822.9665071770335
5,3,18,45.0,25.0,17.5,0.7455880973216011,0.25441190267839886,822.9665071770335
6,3,18,55.0,25.0,17.5,0.7376357855444464,0.2623642144555536,822.9665071770335
7,3,18,65.0,25.0,17.5,0.7301722945389068,0.26982770546109325,822.9665071770335
8,3,18,75.0,25.0,17.5,0.7232162566614908,0.2767837433385092,822.9665071770335
9,3,18,85.0,25.0,17.5,0.7167128577965222,0.28328714220347784,822.9665071770335
10,3,18,95.0,25.0,17.5,0.7106152234303714,0.2893847765696286,822.9665071770335
11,3,18,105.0,25.0,17.5,0.7048650131112378,0.29513498688876216,822.9665071770335
12,3,18,115.0,25.0,17.5,0.6994198132814943,0.3005801867185057,822.9665071770335
13,3,18,125.0,25.0,17.5,0.6942454445504027,0.3057545554495973,822.9665071770335
14,3,18,135.0,25.0,17.5,0.6893133311346136,0.31068666886538643,822.9665071770335
15,3,18,145.0,25.0,17.5,0.6845989585248277,0.31540104147517234,822.9665071770335
16,3,18,155.0,25.0,17.5,0.6800819414553204,0.3199180585446796,822.9665071770335
17,3,18,165.0,25.0,17.5,0.6757478587775195,0.32425214122248047,822.9665071770335
18,3,18,175.0,25.0,17.5,0.67158029593549,0.32841970406451004,822.9665071770335
19,3,18,185.0,25.0,17.5,0.6675633265008688,0.3324366734991312,822.9665071770335
20,3,18,195.0,25.0,17.5,0.6636832711507757,0.33631672884922426,822.9665071770335
21,3,18,205.0,25.0,17.5,0.6599280617904997,0.3400719382095003,822.9665071770335
22,3,18,215.0,25.0,17.5,0.6562931374567519,0.3437068625432481,822.9665071770335
23,3,18,225.0,25.0,17.5,0.6527665448273992,0.34723345517260085,822.9665071770335
24,3,18,235.0,25.0,17.5,0.6493362884802736,0.3506637115197264,822.9665071770335
25,3,18,245.0,25.0,17.5,0.6459982221413856,0.3540017778586144,822.9665071770335
26,3,18,255.0,25.0,17.5,0.6427502159827982,0.35724978401720175,822.9665071770335
27,3,18,265.0,25.0,17.5,0.6395774756355266,0.3604225243644734,822.9665071770335
28,3,18,275.0,25.0,17.5,0.6364814268927981,0.3635185731072019,822.9665071770335
29,3,18,285.0,25.0,17.5,0.6334568329153238,0.36654316708467616,822.9665071770335
30,3,18,295.0,25.0,17.5,0.6304916009341398,0.3695083990658602,822.9665071770335
31,3,18,305.0,25.0,17.5,0.6275928666186774,0.3724071333813226,822.9665071770335
32,3,18,315.0,25.0,17.5,0.6247441966932963,0.3752558033067037,822.9665071770335
33,3,18,325.0,25.0,17.5,0.6219510177365574,0.37804898226344263,822.9665071770335
34,3,18,335.0,25.0,17.5,0.6192075674774264,0.38079243252257355,822.9665071770335
35,3,18,345.0,25.0,17.5,0.6165130776666091,0.3834869223333909,822.9665071770335
36,3,18,355.0,25.0,17.5,0.6138695707166008,0.38613042928339925,822.9665071770335
37,3,18,365.0,25.0,17.5,0.6112692485929944,0.38873075140700564,822.9665071770335
38,3,18,375.0,25.0,17.5,0.6087196941036251,0.39128030589637486,822.9665071770335
39,3,18,385.0,25.0,17.5,0.606211672287858,0.393788327712142,822.9665071770335
40,3,18,395.0,25.0,17.5,0.603753485443009,0.396246514556991,822.9665071770335
41,3,18,405.0,25.0,17.5,0.6013333322728331,0.39866666772716686,822.9665071770335
42,3,18,415.0,25.0,17.5,0.5989532307765095,0.4010467692234905,822.9665071770335
43,3,18,425.0,25.0,17.5,0.5965875059705151,0.40341249402948487,822.9665071770335
44,3,18,435.0,25.0,17.5,0.5941279319187412,0.40587206808125875,822.9665071770335
45,3,18,445.0,25.0,17.5,0.5914958269269389,0.4085041730730611,822.9665071770335
46,3,18,455.0,25.0,17.5,0.5884719474560498,0.4115280525439502,822.9665071770335
47,3,18,465.0,25.0,17.5,0.584623637552435,0.41537636244756504,822.9665071770335
48,3,18,475.0,25.0,17.5,0.5792527600527209,0.42074723994727914,822.9665071770335
49,3,18,485.0,25.0,17.5,0.571450532961497,0.42854946703850305,822.9665071770335
50,3,18,495.0,25.0,17.5,0.5594558631817523,0.44054413681824767,822.9665071770335
1,4,18,5.0,35.0,17.5,0.7896524261897958,0.2103475738102042,822.9665071770335
2,4,18,15.0,35.0,17.5,0.782682395717531,0.21731760428246905,822.9665071770335
3,4,18,25.0,35.0,17.5,0.7741356497685591,0.2258643502314409,822.9665071770335
4,4,18,35.0,35.0,17.5,0.7650792885096299,0.23492071149037008,822.9665071770335
5,4,18,45.0,35.0,17.5,0.7562088297400966,0.24379117025990338,822.9665071770335
6,4,18,55.0,35.0,17.5,0.7479143527866514,0.2520856472133486,822.9665071770335
7,4,18,65.0,35.0,17.5,0.7401871640654059,0.25981283593459414,822.9665071770335
8,4,18,75.0,35.0,17.5,0.7329947306107927,0.2670052693892073,822.9665071770335
9,4,18,85.0,35.0,17.5,0.7262480761813085,0.2737519238186915,822.9665071770335
10,4,18,95.0,35.0,17.5,0.7199305738395515,0.2800694261604485,822.9665071770335
11,4,18,105.0,35.0,17.5,0.7139828449891139,0.2860171550108861,822.9665071770335
12,4,18,115.0,35.0,17.5,0.7083600431518617,0.29163995684813826,822.9665071770335
13,4,18,125.0,35.0,17.5,0.7030300030157272,0.29696999698427284,822.9665071770335
14,4,18,135.0,35.0,17.5,0.6979583159885224,0.3020416840114776,822.9665071770335
15,4,18,145.0,35.0,17.5,0.6931157727423501,0.30688422725764986,822.9665071770335
16,4,18,155.0,35.0,17.5,0.6884773019691318,0.3115226980308682,822.9665071770335
17,4,18,165.0,35.0,17.5,0.6840201564621619,0.31597984353783815,822.9665071770335
18,4,18,175.0,35.0,17.5,0.6797265430788298,0.32027345692117015,822.9665071770335
19,4,18,185.0,35.0,17.5,0.6755839256316597,0.3244160743683403,822.9665071770335
20,4,18,195.0,35.0,17.5,0.6715812528695646,0.3284187471304354,822.9665071770335
21,4,18,205.0,35.0,17.5,0.6677047566577463,0.3322952433422537,822.9665071770335
22,4,18,215.0,35.0,17.5,0.6639441175718807,0.33605588242811935,822.9665071770335
23,4,18,225.0,35.0,17.5,0.6602905967441539,0.3397094032558461,822.9665071770335
24,4,18,235.0,35.0,17.5,0.6567433317378337,0.3432566682621663,822.9665071770335
25,4,18,245.0,35.0,17.5,0.653288851639945,0.346711148360055,822.9665071770335
26,4,18,255.0,35.0,17.5,0.6499190002573504,0.3500809997426496,822.9665071770335
27,4,18,265.0,35.0,17.5,0.6466361084944869,0.35336389150551306,822.9665071770335
28,4,18,275.0,35.0,17.5,0.6434300921353853,0.35656990786461473,822.9665071770335
29,4,18,285.0,35.0,17.5,0.6402918003499525,0.3597081996500475,822.9665071770335
30,4,18,295.0,35.0,17.5,0.6372271110600539,0.3627728889399461,822.9665071770335
31,4,18,305.0,35.0,17.5,0.6342216407537098,0.3657783592462902,822.9665071770335
32,4,18,315.0,35.0,17.5,0.6312747690911718,0.36872523090882825,822.9665071770335
33,4,18,325.0,35.0,17.5,0.6283877195849853,0.3716122804150147,822.9665071770335
34,4,18,335.0,35.0,17.5,0.625547141718116,0.374452858281884,822.9665071770335
35,4,18,345.0,35.0,17.5,0.6227625359010197,0.3772374640989803,822.9665071770335
36,4,18,355.0,35.0,17.5,0.6200211955787008,0.37997880442129917,822.9665071770335
37,4,18,365.0,35.0,17.5,0.6173351736975593,0.3826648263024407,822.9665071770335
38,4,18,375.0,35.0,17.5,0.6146938696014462,0.38530613039855377,822.9665071770335
39,4,18,385.0,35.0,17.5,0.6121054524713243,0.3878945475286757,822.9665071770335
40,4,18,395.0,35.0,17.5,0.60956563989101,0.39043436010899,822.9665071770335
41,4,18,405.0,35.0,17.5,0.6070786771610918,0.39292132283890824,822.9665071770335
42,4,18,415.0,35.0,17.5,0.6046420824877778,0.39535791751222216,822.9665071770335
43,4,18,425.0,35.0,17.5,0.6022594696241647,0.39774053037583534,822.9665071770335
44,4,18,435.0,35.0,17.5,0.5999148939297351,0.40008510607026493,822.9665071770335
45,4,18,445.0,35.0,17.5,0.5975043720138132,0.40249562798618677,822.9665071770335
46,4,18,455.0,35.0,17.5,0.5948499616963379,0.40515003830366214,822.9665071770335
47,4,18,465.0,35.0,17.5,0.5916903193943658,0.4083096806056342,822.9665071770335
48,4,18,475.0,35.0,17.5,0.5872880333574801,0.41271196664251986,822.9665071770335
49,4,18,485.0,35.0,17.5,0.5803540388349887,0.4196459611650113,822.9665071770335
50,4,18,495.0,35.0,17.5,0.5686989796359726,0.4313010203640274,822.9665071770335
1,5,18,5.0,45.0,17.5,0.7974258517876174,0.20257414821238262,822.9665071770335
2,5,18,15.0,45.0,17.5,0.7913612752041498,0.20863872479585022,822.9665071770335
3,5,18,25.0,45.0,17.5,0.783176560229254,0.21682343977074603,822.9665071770335
4,5,18,35.0,45.0,17.5,0.7740196165852128,0.2259803834147872,822.9665071770335
5,5,18,45.0,45.0,17.5,0.7650057448023965,0.23499425519760353,822.9665071770335
6,5,18,55.0,45.0,17.5,0.7564065656676681,0.24359343433233194,822.9665071770335
7,5,18,65.0,45.0,17.5,0.7483883138339646,0.25161168616603535,822.9665071770335
8,5,18,75.0,45.0,17.5,0.7409334474862462,0.25906655251375377,822.9665071770335
9,5,18,85.0,45.0,17.5,0.734016684918287,0.265983315081713,822.9665071770335
10,5,18,95.0,45.0,17.5,0.7275426209058704,0.2724573790941296,822.9665071770335
11,5,18,105.0,45.0,17.5,0.7214676195620094,0.27853238043799056,822.9665071770335
12,5,18,115.0,45.0,17.5,0.7157403280287234,0.28425967197127655,822.9665071770335
13,5,18,125.0,45.0,17.5,0.7103131391779272,0.28968686082207284,822.9665071770335
14,5,18,135.0,45.0,17.5,0.7051494736797874,0.2948505263202126,822.9665071770335
15,5,18,145.0,45.0,17.5,0.7002200327183598,0.29977996728164025,822.9665071770335
16,5,18,155.0,45.0,17.5,0.6955007150276024,0.30449928497239764,822.9665071770335
17,5,18,165.0,45.0,17.5,0.6909704454091542,0.3090295545908458,822.9665071770335
18,5,18,175.0,45.0,17.5,0.6866112850199289,0.31338871498007115,822.9665071770335
19,5,18,185.0,45.0,17.5,0.6824068941009813,0.3175931058990187,822.9665071770335
20,5,18,195.0,45.0,17.5,0.6783434337279106,0.3216565662720894,822.9665071770335
21,5,18,205.0,45.0,17.5,0.6744083644567018,0.3255916355432982,822.9665071770335
22,5,18,215.0,45.0,17.5,0.6705927782911184,0.3294072217088816,822.9665071770335
23,5,18,225.0,45.0,17.5,0.6668915471360802,0.33310845286391977,822.9665071770335
24,5,18,235.0,45.0,17.5,0.6632899377104196,0.33671006228958045,822.9665071770335
25,5,18,245.0,45.0,17.5,0.6597787806908053,0.3402212193091947,822.9665071770335
26,5,18,255.0,45.0,17.5,0.6563578706977528,0.34364212930224725,822.9665071770335
27,5,18,265.0,45.0,17.5,0.6530196139527077,0.3469803860472923,822.9665071770335
28,5,18,275.0,45.0,17.5,0.6497524446921303,0.35024755530786966,822.9665071770335
29,5,18,285.0,45.0,17.5,0.6465591670365446,0.3534408329634554,822.9665071770335
30,5,18,295.0,45.0,17.5,0.6434324922247935,0.3565675077752065,822.9665071770335
31,5,18,305.0,45.0,17.5,0.640361958815392,0.35963804118460796,822.9665071770335
32,5,18,315.0,45.0,17.5,0.6373545344841808,0.3626454655158192,822.9665071770335
33,5,18,325.0,45.0,17.5,0.6343939502709544,0.36560604972904565,822.9665071770335
34,5,18,335.0,45.0,17.5,0.6314812056223239,0.3685187943776761,822.9665071770335
35,5,18,345.0,45.0,17.5,0.6286134146001199,0.3713865853998801,822.9665071770335
36,5,18,355.0,45.0,17.5,0.6257790106704091,0.3742209893295909,822.9665071770335
37,5,18,365.0,45.0,17.5,0.6229879571040684,0.3770120428959316,822.9665071770335
38,5,18,375.0,45.0,17.5,0.6202238703701357,0.3797761296298643,822.9665071770335
39,5,18,385.0,45.0,17.5,0.6174961823306336,0.38250381766936636,822.9665071770335
40,5,18,395.0,45.0,17.5,0.6147892099828796,0.38521079001712044,822.9665071770335
41,5,18,405.0,45.0,17.5,0.6121076327721089,0.3878923672278911,822.9665071770335
42,5,18,415.0,45.0,17.5,0.6094403985394351,0.3905596014605649,822.9665071770335
43,5,18,425.0,45.0,17.5,0.6067855216314708,0.3932144783685292,822.9665071770335
44,5,18,435.0,45.0,17.5,0.6041363912722316,0.3958636087277684,822.9665071770335
45,5,18,445.0,45.0,17.5,0.6014784553500704,0.3985215446499296,822.9665071770335
46,5,18,455.0,45.0,17.5,0.5987729517142149,0.40122704828578515,822.9665071770335
47,5,18,465.0,45.0,17.5,0.5957124144103437,0.4042875855896563,822.9665071770335
48,5,18,475.0,45.0,17.5,0.5915953117296292,0.4084046882703708,822.9665071770335
49,5,18,485.0,45.0,17.5,0.5847252072465206,0.41527479275347945,822.9665071770335
50,5,18,495.0,45.0,17.5,0.5723164768247939,0.4276835231752061,822.9665071770335
1,6,18,5.0,55.0,17.5,0.7901063288228244,0.2098936711771756,822.9665071770335
2,6,18,15.0,55.0,17.5,0.7835627312067868,0.21643726879321323,822.9665071770335
3,6,18,25.0,55.0,17.5,0.7754479111225873,0.22455208887741274,822.9665071770335
4,6,18,35.0,55.0,17.5,0.766831462507307,0.23316853749269295,822.9665071770335
5,6,18,45.0,55.0,17.5,0.7583026169160385,0.2416973830839615,822.9665071770335
6,6,18,55.0,55.0,17.5,0.7501608843216053,0.24983911567839467,822.9665071770335
7,6,18,65.0,55.0,17.5,0.74252564375103,0.25747435624896997,822.9665071770335
8,6,18,75.0,55.0,17.5,0.7353716980596087,0.26462830194039133,822.9665071770335
9,6,18,85.0,55.0,17.5,0.7286824346786385,0.27131756532136153,822.9665071770335
10,6,18,95.0,55.0,17.5,0.7223859198678977,0.2776140801321023,822.9665071770335
11,6,18,105.0,55.0,17.5,0.7164525252140117,0.2835474747859883,822.9665071770335
12,6,18,115.0,55.0,17.5,0.7108377262538539,0.2891622737461461,822.9665071770335
13,6,18,125.0,55.0,17.5,0.7055030475905538,0.2944969524094462,822.9665071770335
14,6,18,135.0,55.0,17.5,0.7004174905176072,0.29958250948239284,822.9665071770335
15,6,18,145.0,55.0,17.5,0.6955558200676414,0.3044441799323586,822.9665071770335
16,6,18,155.0,55.0,17.5,0.6908963168983954,0.30910368310160463,822.9665071770335
17,6,18,165.0,55.0,17.5,0.6864198946370821,0.3135801053629179,822.9665071770335
18,6,18,175.0,55.0,17.5,0.682109708950027,0.317890291049973,822.9665071770335
19,6,18,185.0,55.0,17.5,0.6779507809000285,0.32204921909997153,822.9665071770335
20,6,18,195.0,55.0,17.5,0.6739297097008955,0.3260702902991045,822.9665071770335
21,6,18,205.0,55.0,17.5,0.6700347081229258,0.32996529187707424,822.9665071770335
22,6,18,215.0,55.0,17.5,0.6662612485071393,0.3337387514928607,822.9665071770335
23,6,18,225.0,55.0,17.5,0.6625966000360338,0.3374033999639662,822.9665071770335
24,6,18,235.0,55.0,17.5,0.6590300858459304,0.34096991415406963,822.9665071770335
25,6,18,245.0,55.0,17.5,0.6555554681244998,0.34444453187550017,822.9665071770335
26,6,18,255.0,55.0,17.5,0.6521733199413846,0.3478266800586154,822.9665071770335
27,6,18,265.0,55.0,17.5,0.6488685442591847,0.3511314557408153,822.9665071770335
28,6,18,275.0,55.0,17.5,0.6456365951870932,0.35436340481290685,822.9665071770335
29,6,18,285.0,55.0,17.5,0.6424809133288714,0.35751908667112864,822.9665071770335
30,6,18,295.0,55.0,17.5,0.6393854085586332,0.36061459144136676,822.9665071770335
31,6,18,305.0,55.0,17.5,0.6363506188979712,0.3636493811020288,822.9665071770335
32,6,18,315.0,55.0,17.5,0.633375607445162,0.36662439255483803,822.9665071770335
33,6,18,325.0,55.0,17.5,0.6304475527012868,0.36955244729871317,822.9665071770335
34,6,18,335.0,55.0,17.5,0.6275740161868882,0.37242598381311176,822.9665071770335
35,6,18,345.0,55.0,17.5,0.6247350084506436,0.37526499154935644,822.9665071770335
36,6,18,355.0,55.0,17.5,0.621936690523513,0.37806330947648703,822.9665071770335
37,6,18,365.0,55.0,17.5,0.6191721234896953,0.3808278765103047,822.9665071770335
38,6,18,375.0,55.0,17.5,0.6164359932739664,0.38356400672603363,822.9665071770335
39,6,18,385.0,55.0,17.5,0.6137272277090395,0.38627277229096046,822.9665071770335
40,6,18,395.0,55.0,17.5,0.6110308543409758,0.3889691456590242,822.9665071770335
41,6,18,405.0,55.0,17.5,0.6083471055202292,0.3916528944797708,822.9665071770335
42,6,18,415.0,55.0,17.5,0.605650932105191,0.39434906789480895,822.9665071770335
43,6,18,425.0,55.0,17.5,0.6029330112569997,0.3970669887430003,822.9665071770335
44,6,18,435.0,55.0,17.5,0.6001443343386013,0.39985566566139874,822.9665071770335
45,6,18,445.0,55.0,17.5,0.5972234360702559,0.40277656392974415,822.9665071770335
46,6,18,455.0,55.0,17.5,0.5940041898057988,0.40599581019420117,822.9665071770335
47,6,18,465.0,55.0,17.5,0.5901225259672065,0.4098774740327935,822.9665071770335
48,6,18,475.0,55.0,17.5,0.5848050082585553,0.4151949917414447,822.9665071770335
49,6,18,485.0,55.0,17.5,0.5766060236997947,0.42339397630020525,822.9665071770335
50,6,18,495.0,55.0,17.5,0.5623191352376995,0.4376808647623005,822.9665071770335
1,7,18,5.0,65.0,17.5,0.779786838425386,0.220213161574614,822.9665071770335
2,7,18,15.0,65.0,17.5,0.7731551151532617,0.22684488484673826,822.9665071770335
3,7,18,25.0,65.0,17.5,0.7653575735538235,0.2346424264461765,822.9665071770335
4,7,18,35.0,65.0,17.5,0.7571808437028247,0.24281915629717532,822.9665071770335
5,7,18,45.0,65.0,17.5,0.749095293270688,0.250904706729312,822.9665071770335
6,7,18,55.0,65.0,17.5,0.741347593828484,0.25865240617151597,822.9665071770335
7,7,18,65.0,65.0,17.5,0.7340426859101764,0.2659573140898236,822.9665071770335
8,7,18,75.0,65.0,17.5,0.727166770844159,0.27283322915584096,822.9665071770335
9,7,18,85.0,65.0,17.5,0.7207078045946784,0.2792921954053216,822.9665071770335
10,7,18,95.0,65.0,17.5,0.7146294780506351,0.28537052194936485,822.9665071770335
11,7,18,105.0,65.0,17.5,0.7088817048708166,0.2911182951291834,822.9665071770335
12,7,18,115.0,65.0,17.5,0.7034330462973244,0.2965669537026756,822.9665071770335
13,7,18,125.0,65.0,17.5,0.6982535094590416,0.30174649054095837,822.9665071770335
14,7,18,135.0,65.0,17.5,0.6933142137831882,0.30668578621681175,822.9665071770335
15,7,18,145.0,65.0,17.5,0.6885906158082032,0.31140938419179676,822.9665071770335
16,7,18,155.0,65.0,17.5,0.6840615167520219,0.31593848324797813,822.9665071770335
17,7,18,165.0,65.0,17.5,0.6797084882853951,0.3202915117146049,822.9665071770335
18,7,18,175.0,65.0,17.5,0.6755169644697566,0.3244830355302434,822.9665071770335
19,7,18,185.0,65.0,17.5,0.6714745262347719,0.3285254737652281,822.9665071770335
20,7,18,195.0,65.0,17.5,0.6675665474152324,0.33243345258476764,822.9665071770335
21,7,18,205.0,65.0,17.5,0.6637811708414568,0.3362188291585432,822.9665071770335
22,7,18,215.0,65.0,17.5,0.6601081864682111,0.3398918135317889,822.9665071770335
23,7,18,225.0,65.0,17.5,0.6565455059225432,0.34345449407745676,822.9665071770335
24,7,18,235.0,65.0,17.5,0.6530802035146968,0.34691979648530324,822.9665071770335
25,7,18,245.0,65.0,17.5,0.6497022796516208,0.35029772034837925,822.9665071770335
26,7,18,255.0,65.0,17.5,0.6464115525916287,0.35358844740837125,822.9665071770335
27,7,18,265.0,65.0,17.5,0.6432010135870706,0.3567989864129294,822.9665071770335
28,7,18,275.0,65.0,17.5,0.6400581841133124,0.3599418158866876,822.9665071770335
29,7,18,285.0,65.0,17.5,0.6369885265719921,0.3630114734280079,822.9665071770335
30,7,18,295.0,65.0,17.5,0.6339789489869239,0.36602105101307614,822.9665071770335
31,7,18,305.0,65.0,17.5,0.6310250380974903,0.36897496190250967,822.9665071770335
32,7,18,315.0,65.0,17.5,0.6281293225162664,0.3718706774837336,822.9665071770335
33,7,18,325.0,65.0,17.5,0.6252748102320608,0.3747251897679392,822.9665071770335
34,7,18,335.0,65.0,17.5,0.6224698222250589,0.37753017777494113,822.9665071770335
35,7,18,345.0,65.0,17.5,0.6197032800499856,0.38029671995001435,822.9665071770335
36,7,18,355.0,65.0,17.5,0.6169754594651965,0.3830245405348035,822.9665071770335
37,7,18,365.0,65.0,17.5,0.6142770573671107,0.3857229426328893,822.9665071770335
38,7,18,375.0,65.0,17.5,0.611602043706053,0.388397956293947,822.9665071770335
39,7,18,385.0,65.0,17.5,0.6089444093473809,0.3910555906526191,822.9665071770335
40,7,18,395.0,65.0,17.5,0.6062874821058508,0.3937125178941492,822.9665071770335
41,7,18,405.0,65.0,17.5,0.6036215123814123,0.39637848761858774,822.9665071770335
42,7,18,415.0,65.0,17.5,0.6009130766484262,0.3990869233515738,822.9665071770335
43,7,18,425.0,65.0,17.5,0.5981304800254788,0.40186951997452125,822.9665071770335
44,7,18,435.0,65.0,17.5,0.5951912276721055,0.4048087723278945,822.9665071770335
45,7,18,445.0,65.0,17.5,0.5919737234326911,0.40802627656730894,822.9665071770335
46,7,18,455.0,65.0,17.5,0.5882239643196434,0.4117760356803566,822.9665071770335
47,7,18,465.0,65.0,17.5,0.583479037413487,0.41652096258651305,822.9665071770335
48,7,18,475.0,65.0,17.5,0.5769605652568409,0.4230394347431591,822.9665071770335
49,7,18,485.0,65.0,17.5,0.5674614869002377,0.4325385130997623,822.9665071770335
50,7,18,495.0,65.0,17.5,0.5518973032530797,0.44810269674692027,822.9665071770335
1,8,18,5.0,75.0,17.5,0.7647210557195806,0.2352789442804194,822.9665071770335
2,8,18,15.0,75.0,17.5,0.7585805236240604,0.24141947637593963,822.9665071770335
3,8,18,25.0,75.0,17.5,0.751356964975644,0.24864303502435603,822.9665071770335
4,8,18,35.0,75.0,17.5,0.74378389259773,0.25621610740226997,822.9665071770335
5,8,18,45.0,75.0,17.5,0.7362612367623944,0.2637387632376056,822.9665071770335
6,8,18,55.0,75.0,17.5,0.7290278020141352,0.2709721979858648,822.9665071770335
7,8,18,65.0,75.0,17.5,0.7221460926839647,0.2778539073160353,822.9665071770335
8,8,18,75.0,75.0,17.5,0.7156484560318271,0.28435154396817286,822.9665071770335
9,8,18,85.0,75.0,17.5,0.7095211571949781,0.2904788428050219,822.9665071770335
10,8,18,95.0,75.0,17.5,0.7037261362516206,0.2962738637483794,822.9665071770335
11,8,18,105.0,75.0,17.5,0.6982379542478552,0.3017620457521448,822.9665071770335
12,8,18,115.0,75.0,17.5,0.6930279667647674,0.3069720332352326,822.9665071770335
13,8,18,125.0,75.0,17.5,0.6880676599264648,0.3119323400735352,822.9665071770335
14,8,18,135.0,75.0,17.5,0.683332091185353,0.316667908814647,822.9665071770335
15,8,18,145.0,75.0,17.5,0.6787995701678283,0.3212004298321717,822.9665071770335
16,8,18,155.0,75.0,17.5,0.6744509681707302,0.32554903182926975,822.9665071770335
17,8,18,165.0,75.0,17.5,0.6702699226090518,0.3297300773909482,822.9665071770335
18,8,18,175.0,75.0,17.5,0.6662446839259748,0.3337553160740252,822.9665071770335
19,8,18,185.0,75.0,17.5,0.6623596410226533,0.3376403589773467,822.9665071770335
20,8,18,195.0,75.0,17.5,0.6586025333381083,0.34139746666189175,822.9665071770335
21,8,18,205.0,75.0,17.5,0.6549622628140541,0.3450377371859459,822.9665071770335
22,8,18,215.0,75.0,17.5,0.6514357961257041,0.3485642038742959,822.9665071770335
23,8,18,225.0,75.0,17.5,0.6480107000395671,0.35198929996043293,822.9665071770335
24,8,18,235.0,75.0,17.5,0.64467618843659,0.35532381156341,822.9665071770335
25,8,18,245.0,75.0,17.5,0.6414317899458208,0.35856821005417916,822.9665071770335
26,8,18,255.0,75.0,17.5,0.638270390407218,0.361729609592782,822.9665071770335
27,8,18,265.0,75.0,17.5,0.6351791925984267,0.3648208074015733,822.9665071770335
28,8,18,275.0,75.0,17.5,0.6321630376421925,0.3678369623578075,822.9665071770335
29,8,18,285.0,75.0,17.5,0.6292074604951473,0.3707925395048527,822.9665071770335
30,8,18,295.0,75.0,17.5,0.6263101012849175,0.3736898987150825,822.9665071770335
31,8,18,305.0,75.0,17.5,0.6234703162465947,0.37652968375340534,822.9665071770335
32,8,18,315.0,75.0,17.5,0.6206735371666233,0.3793264628333767,822.9665071770335
33,8,18,325.0,75.0,17.5,0.6179293908489235,0.3820706091510765,822.9665071770335
34,8,18,335.0,75.0,17.5,0.6152212286242039,0.3847787713757961,822.9665071770335
35,8,18,345.0,75.0,17.5,0.6125580938239841,0.3874419061760159,822.9665071770335
36,8,18,355.0,75.0,17.5,0.609927208527271,0.390072791472729,822.9665071770335
37,8,18,365.0,75.0,17.5,0.607327379120949,0.39267262087905097,822.9665071770335
38,8,18,375.0,75.0,17.5,0.6047409785777295,0.39525902142227054,822.9665071770335
39,8,18,385.0,75.0,17.5,0.602163010871676,0.397836989128324,822.9665071770335
40,8,18,395.0,75.0,17.5,0.5995710660252649,0.4004289339747351,822.9665071770335
41,8,18,405.0,75.0,17.5,0.5969447754936503,0.4030552245063497,822.9665071770335
42,8,18,415.0,75.0,17.5,0.5942440938626534,0.4057559061373466,822.9665071770335
43,8,18,425.0,75.0,17.5,0.5914069833416179,0.4085930166583821,822.9665071770335
44,8,18,435.0,75.0,17.5,0.5883306223081971,0.4116693776918029,822.9665071770335
45,8,18,445.0,75.0,17.5,0.5848327876567952,0.41516721234320475,822.9665071770335
46,8,18,455.0,75.0,17.5,0.5806300244258431,0.4193699755741569,822.9665071770335
47,8,18,465.0,75.0,17.5,0.5752795746132239,0.4247204253867761,822.9665071770335
48,8,18,475.0,75.0,17.5,0.5681819702881984,0.4318180297118016,822.9665071770335
49,8,18,485.0,75.0,17.5,0.5585031120140166,0.4414968879859834,822.9665071770335
50,8,18,495.0,75.0,17.5,0.5435478757998486,0.45645212420015135,822.9665071770335
1,9,18,5.0,85.0,17.5,0.7424013359524892,0.25759866404751075,822.9665071770335
2,9,18,15.0,85.0,17.5,0.7370922453366408,0.26290775466335925,822.9665071770335
3,9,18,25.0,85.0,17.5,0.7307353369702907,0.2692646630297093,822.9665071770335
4,9,18,35.0,85.0,17.5,0.7239853489621666,0.2760146510378334,822.9665071770335
5,9,18,45.0,85.0,17.5,0.7172140938040674,0.2827859061959326,822.9665071770335
6,9,18,55.0,85.0,17.5,0.7106309113433543,0.2893690886566457,822.9665071770335
7,9,18,65.0,85.0,17.5,0.7043287492412418,0.2956712507587582,822.9665071770335
8,9,18,75.0,85.0,17.5,0.6983271994478957,0.3016728005521043,822.9665071770335
9,9,18,85.0,85.0,17.5,0.6926307033201062,0.30736929667989377,822.9665071770335
10,9,18,95.0,85.0,17.5,0.6872245515892934,0.3127754484107066,822.9665071770335
11,9,18,105.0,85.0,17.5,0.6820861420524721,0.3179138579475279,822.9665071770335
12,9,18,115.0,85.0,17.5,0.6771922835845318,0.32280771641546824,822.9665071770335
13,9,18,125.0,85.0,17.5,0.6725212371567331,0.32747876284326694,822.9665071770335
14,9,18,135.0,85.0,17.5,0.6680529009010235,0.33194709909897646,822.9665071770335
15,9,18,145.0,85.0,17.5,0.66376929458367,0.33623070541633004,822.9665071770335
16,9,18,155.0,85.0,17.5,0.6596539226537883,0.3403460773462117,822.9665071770335
17,9,18,165.0,85.0,17.5,0.655693915520138,0.344306084479862,822.9665071770335
18,9,18,175.0,85.0,17.5,0.6518780024227717,0.3481219975772283,822.9665071770335
19,9,18,185.0,85.0,17.5,0.6481914271239031,0.3518085728760969,822.9665071770335
20,9,18,195.0,85.0,17.5,0.6446235807273926,0.35537641927260744,822.9665071770335
21,9,18,205.0,85.0,17.5,0.641169160740774,0.358830839259226,822.9665071770335
22,9,18,215.0,85.0,17.5,0.6378203266448865,0.3621796733551135,822.9665071770335
23,9,18,225.0,85.0,17.5,0.6345630841308743,0.36543691586912574,822.9665071770335
24,9,18,235.0,85.0,17.5,0.6313963276450447,0.3686036723549553,822.9665071770335
25,9,18,245.0,85.0,17.5,0.6283148576982469,0.3716851423017531,822.9665071770335
26,9,18,255.0,85.0,17.5,0.6253058089697701,0.37469419103022994,822.9665071770335
27,9,18,265.0,85.0,17.5,0.6223733696467869,0.3776266303532131,822.9665071770335
28,9,18,275.0,85.0,17.5,0.6195009555620242,0.3804990444379758,822.9665071770335
29,9,18,285.0,85.0,17.5,0.6166880227967725,0.3833119772032275,822.9665071770335
30,9,18,295.0,85.0,17.5,0.6139310615366642,0.3860689384633358,822.9665071770335
31,9,18,305.0,85.0,17.5,0.6112248234656884,0.3887751765343116,822.9665071770335
32,9,18,315.0,85.0,17.5,0.608572494796366,0.391427505203634,822.9665071770335
33,9,18,325.0,85.0,17.5,0.6059599564314749,0.39404004356852507,822.9665071770335
34,9,18,335.0,85.0,17.5,0.6033930308044096,0.39660696919559035,822.9665071770335
35,9,18,345.0,85.0,17.5,0.6008559518721681,0.3991440481278319,822.9665071770335
36,9,18,355.0,85.0,17.5,0.5983581724150724,0.4016418275849276,822.9665071770335
37,9,18,365.0,85.0,17.5,0.5958804931658508,0.4041195068341492,822.9665071770335
38,9,18,375.0,85.0,17.5,0.5934204493455141,0.4065795506544859,822.9665071770335
39,9,18,385.0,85.0,17.5,0.5909511068596511,0.40904889314034887,822.9665071770335
40,9,18,395.0,85.0,17.5,0.5884600089592712,0.4115399910407288,822.9665071770335
41,9,18,405.0,85.0,17.5,0.5859052193715398,0.41409478062846017,822.9665071770335
42,9,18,415.0,85.0,17.5,0.5832484681475582,0.41675153185244185,822.9665071770335
43,9,18,425.0,85.0,17.5,0.5804058545984897,0.4195941454015103,822.9665071770335
44,9,18,435.0,85.0,17.5,0.5772701029552484,0.4227298970447516,822.9665071770335
45,9,18,445.0,85.0,17.5,0.5736648212211619,0.4263351787788381,822.9665071770335
46,9,18,455.0,85.0,17.5,0.5693668106281965,0.4306331893718035,822.9665071770335
47,9,18,465.0,85.0,17.5,0.5641096901855286,0.4358903098144714,822.9665071770335
48,9,18,475.0,85.0,17.5,0.5575901275604299,0.4424098724395701,822.9665071770335
49,9,18,485.0,85.0,17.5,0.5493060027300418,0.4506939972699582,822.9665071770335
50,9,18,495.0,85.0,17.5,0.536736909886265,0.463263090113735,822.9665071770335
1,10,18,5.0,95.0,17.5,0.7026274305665061,0.2973725694334939,822.9665071770335
2,10,18,15.0,95.0,17.5,0.6984318374312073,0.3015681625687927,822.9665071770335
3,10,18,25.0,95.0,17.5,0.6932610030829248,0.3067389969170752,822.9665071770335
4,10,18,35.0,95.0,17.5,0.6876431923680442,0.31235680763195584,822.9665071770335
5,10,18,45.0,95.0,17.5,0.6819078943875642,0.31809210561243584,822.9665071770335
6,10,18,55.0,95.0,17.5,0.6762420504454935,0.32375794955450654,822.9665071770335
7,10,18,65.0,95.0,17.5,0.67074176467947,0.32925823532053,822.9665071770335
8,10,18,75.0,95.0,17.5,0.6654500528463255,0.3345499471536745,822.9665071770335
9,10,18,85.0,95.0,17.5,0.6603796988035335,0.33962030119646647,822.9665071770335
10,10,18,95.0,95.0,17.5,0.655528047123339,0.344471952876661,822.9665071770335
11,10,18,105.0,95.0,17.5,0.6508848250976537,0.34911517490234634,822.9665071770335
12,10,18,115.0,95.0,17.5,0.6464368811555401,0.3535631188444599,822.9665071770335
13,10,18,125.0,95.0,17.5,0.6421693205665691,0.35783067943343094,822.9665071770335
14,10,18,135.0,95.0,17.5,0.6380679723919794,0.36193202760802057,822.9665071770335
15,10,18,145.0,95.0,17.5,0.634119522570772,0.365880477429228,822.9665071770335
16,10,18,155.0,95.0,17.5,0.6303121792054039,0.36968782079459606,822.9665071770335
17,10,18,165.0,95.0,17.5,0.6266385524445061,0.37336144755549394,822.9665071770335
18,10,18,175.0,95.0,17.5,0.6230845830483174,0.3769154169516826,822.9665071770335
19,10,18,185.0,95.0,17.5,0.6196406337870797,0.3803593662129203,822.9665071770335
20,10,18,195.0,95.0,17.5,0.6163029961500609,0.3836970038499391,822.9665071770335
21,10,18,205.0,95.0,17.5,0.6130642409038074,0.3869357590961926,822.9665071770335
22,10,18,215.0,95.0,17.5,0.609912281718874,0.390087718281126,822.9665071770335
23,10,18,225.0,95.0,17.5,0.6068473574980288,0.39315264250197124,822.9665071770335
24,10,18,235.0,95.0,17.5,0.6038596073919357,0.39614039260806433,822.9665071770335
25,10,18,245.0,95.0,17.5,0.6009437439663656,0.39905625603363437,822.9665071770335
26,10,18,255.0,95.0,17.5,0.5981003353043594,0.40189966469564065,822.9665071770335
27,10,18,265.0,95.0,17.5,0.5953137304001146,0.4046862695998854,822.9665071770335
28,10,18,275.0,95.0,17.5,0.5925863317565098,0.40741366824349023,822.9665071770335
29,10,18,285.0,95.0,17.5,0.589908584774839,0.410091415225161,822.9665071770335
30,10,18,295.0,95.0,17.5,0.5872861048591513,0.41271389514084866,822.9665071770335
31,10,18,305.0,95.0,17.5,0.5847096754256235,0.41529032457437653,822.9665071770335
32,10,18,315.0,95.0,17.5,0.5821810040500313,0.41781899594996874,822.9665071770335
33,10,18,325.0,95.0,17.5,0.5796908915487098,0.4203091084512902,822.9665071770335
34,10,18,335.0,95.0,17.5,0.5772381247208225,0.4227618752791775,822.9665071770335
35,10,18,345.0,95.0,17.5,0.5748141267858917,0.4251858732141083,822.9665071770335
36,10,18,355.0,95.0,17.5,0.5724198070853018,0.4275801929146982,822.9665071770335
37,10,18,365.0,95.0,17.5,0.5700537331635179,0.42994626683648207,822.9665071770335
38,10,18,375.0,95.0,17.5,0.5677221293146517,0.4322778706853483,822.9665071770335
39,10,18,385.0,95.0,17.5,0.5654117418840291,0.4345882581159709,822.9665071770335
40,10,18,395.0,95.0,17.5,0.5631246726517319,0.43687532734826806,822.9665071770335
41,10,18,405.0,95.0,17.5,0.5608466705407876,0.43915332945921237,822.9665071770335
42,10,18,415.0,95.0,17.5,0.5585788027703986,0.4414211972296014,822.9665071770335
43,10,18,425.0,95.0,17.5,0.556303574371958,0.443696425628042,822.9665071770335
44,10,18,435.0,95.0,17.5,0.5540054229320671,0.4459945770679329,822.9665071770335
45,10,18,445.0,95.0,17.5,0.5516437202208296,0.44835627977917036,822.9665071770335
46,10,18,455.0,95.0,17.5,0.549159643779419,0.45084035622058105,822.9665071770335
47,10,18,465.0,95.0,17.5,0.5464425318066279,0.45355746819337206,822.9665071770335
48,10,18,475.0,95.0,17.5,0.5432609333162001,0.45673906668379993,822.9665071770335
49,10,18,485.0,95.0,17.5,0.5389833361019262,0.46101666389807383,822.9665071770335
50,10,18,495.0,95.0,17.5,0.530741493551451,0.46925850644854905,822.9665071770335
1,1,19,5.0,5.0,18.5,0.7282305366378417,0.27176946336215835,866.0287081339711
2,1,19,15.0,5.0,18.5,0.7229291627911182,0.2770708372088818,866.0287081339711
3,1,19,25.0,5.0,18.5,0.7167008515929432,0.28329914840705683,866.0287081339711
4,1,19,35.0,5.0,18.5,0.710181362201696,0.28981863779830397,866.0287081339711
5,1,19,45.0,5.0,18.5,0.7037071247869432,0.2962928752130568,866.0287081339711
6,1,19,55.0,5.0,18.5,0.6974377746760573,0.3025622253239427,866.0287081339711
7,1,19,65.0,5.0,18.5,0.6914504623529758,0.3085495376470242,866.0287081339711
8,1,19,75.0,5.0,18.5,0.6857624478670381,0.3142375521329619,866.0287081339711
9,1,19,85.0,5.0,18.5,0.6803645171834719,0.3196354828165281,866.0287081339711
10,1,19,95.0,5.0,18.5,0.6752378776200775,0.3247621223799225,866.0287081339711
11,1,19,105.0,5.0,18.5,0.6703604935401739,0.3296395064598261,866.0287081339711
12,1,19,115.0,5.0,18.5,0.6657109369564198,0.3342890630435802,866.0287081339711
13,1,19,125.0,5.0,18.5,0.6612679319809504,0.33873206801904965,866.0287081339711
14,1,19,135.0,5.0,18.5,0.6570125533531909,0.34298744664680914,866.0287081339711
15,1,19,145.0,5.0,18.5,0.6529271030886244,0.34707289691137555,866.0287081339711
16,1,19,155.0,5.0,18.5,0.6489961124875824,0.3510038875124176,866.0287081339711
17,1,19,165.0,5.0,18.5,0.6452064107473598,0.35479358925264015,866.0287081339711
18,1,19,175.0,5.0,18.5,0.6415509405478539,0.3584490594521461,866.0287081339711
19,1,19,185.0,5.0,18.5,0.6380148853314339,0.3619851146685661,866.0287081339711
20,1,19,195.0,5.0,18.5,0.6345871497843909,0.3654128502156091,866.0287081339711
21,1,19,205.0,5.0,18.5,0.6312639391390255,0.36873606086097455,866.0287081339711
22,1,19,215.0,5.0,18.5,0.6280388904061338,0.3719611095938662,866.0287081339711
23,1,19,225.0,5.0,18.5,0.6248990602158325,0.3751009397841675,866.0287081339711
24,1,19,235.0,5.0,18.5,0.6218465867802326,0.37815341321976736,866.0287081339711
25,1,19,245.0,5.0,18.5,0.6188704240830435,0.3811295759169565,866.0287081339711
26,1,19,255.0,5.0,18.5,0.6159644920840476,0.3840355079159524,866.0287081339711
27,1,19,265.0,5.0,18.5,0.6131323126700547,0.38686768732994525,866.0287081339711
28,1,19,275.0,5.0,18.5,0.610359328753091,0.38964067124690904,866.0287081339711
29,1,19,285.0,5.0,18.5,0.6076525132448108,0.39234748675518916,866.0287081339711
30,1,19,295.0,5.0,18.5,0.604995307468231,0.39500469253176895,866.0287081339711
31,1,19,305.0,5.0,18.5,0.6023942818826443,0.3976057181173557,866.0287081339711
32,1,19,315.0,5.0,18.5,0.5998391567895645,0.40016084321043555,866.0287081339711
33,1,19,325.0,5.0,18.5,0.5973371167482813,0.40266288325171873,866.0287081339711
34,1,19,335.0,5.0,18.5,0.5948794077389437,0.40512059226105634,866.0287081339711
35,1,19,345.0,5.0,18.5,0.5924720817826983,0.4075279182173017,866.0287081339711
36,1,19,355.0,5.0,18.5,0.5901051870189392,0.4098948129810608,866.0287081339711
37,1,19,365.0,5.0,18.5,0.587786848663124,0.41221315133687597,866.0287081339711
38,1,19,375.0,5.0,18.5,0.5855061092716323,0.41449389072836773,866.0287081339711
39,1,19,385.0,5.0,18.5,0.5832730337496772,0.4167269662503228,866.0287081339711
40,1,19,395.0,5.0,18.5,0.581072470704173,0.418927529295827,866.0287081339711
41,1,19,405.0,5.0,18.5,0.5789038342680745,0.42109616573192554,866.0287081339711
42,1,19,415.0,5.0,18.5,0.5767366350629576,0.4232633649370424,866.0287081339711
43,1,19,425.0,5.0,18.5,0.5745693432133147,0.42543065678668535,866.0287081339711
44,1,19,435.0,5.0,18.5,0.5724189421744267,0.4275810578255733,866.0287081339711
45,1,19,445.0,5.0,18.5,0.5702654047986131,0.4297345952013869,866.0287081339711
46,1,19,455.0,5.0,18.5,0.5680825876782934,0.43191741232170655,866.0287081339711
47,1,19,465.0,5.0,18.5,0.5657916450642689,0.43420835493573107,866.0287081339711
48,1,19,475.0,5.0,18.5,0.563243509397824,0.43675649060217603,866.0287081339711
49,1,19,485.0,5.0,18.5,0.5600039852272072,0.4399960147727928,866.0287081339711
50,1,19,495.0,5.0,18.5,0.5542991849632752,0.44570081503672476,866.0287081339711
1,2,19,5.0,15.0,18.5,0.7613777871301987,0.23862221286980134,866.0287081339711
2,2,19,15.0,15.0,18.5,0.7550303171393532,0.2449696828606468,866.0287081339711
3,2,19,25.0,15.0,18.5,0.7476950480481311,0.25230495195186886,866.0287081339711
4,2,19,35.0,15.0,18.5,0.7401141177828015,0.25988588221719855,866.0287081339711
5,2,19,45.0,15.0,18.5,0.7326961624148889,0.2673038375851111,866.0287081339711
6,2,19,55.0,15.0,18.5,0.7256048000125204,0.27439519998747963,866.0287081339711
7,2,19,65.0,15.0,18.5,0.7189186649559514,0.28108133504404864,866.0287081339711
8,2,19,75.0,15.0,18.5,0.7126181046719289,0.2873818953280711,866.0287081339711
9,2,19,85.0,15.0,18.5,0.706691331412983,0.293308668587017,866.0287081339711
10,2,19,95.0,15.0,18.5,0.7011045588156591,0.29889544118434086,866.0287081339711
11,2,19,105.0,15.0,18.5,0.6958225717541119,0.3041774282458881,866.0287081339711
12,2,19,115.0,15.0,18.5,0.6908090366223187,0.30919096337768126,866.0287081339711
13,2,19,125.0,15.0,18.5,0.6860368995613814,0.31396310043861864,866.0287081339711
14,2,19,135.0,15.0,18.5,0.6814841119019656,0.31851588809803444,866.0287081339711
15,2,19,145.0,15.0,18.5,0.6771282155835382,0.3228717844164618,866.0287081339711
16,2,19,155.0,15.0,18.5,0.6729498420891006,0.3270501579108994,866.0287081339711
17,2,19,165.0,15.0,18.5,0.6689321444194174,0.3310678555805826,866.0287081339711
18,2,19,175.0,15.0,18.5,0.6650603836601581,0.33493961633984193,866.0287081339711
19,2,19,185.0,15.0,18.5,0.661327221390158,0.338672778609842,866.0287081339711
20,2,19,195.0,15.0,18.5,0.657717751710459,0.342282248289541,866.0287081339711
21,2,19,205.0,15.0,18.5,0.6542197970119928,0.34578020298800716,866.0287081339711
22,2,19,215.0,15.0,18.5,0.6508269730845332,0.3491730269154668,866.0287081339711
23,2,19,225.0,15.0,18.5,0.647537612179724,0.35246238782027595,866.0287081339711
24,2,19,235.0,15.0,18.5,0.6443346793974425,0.3556653206025575,866.0287081339711
25,2,19,245.0,15.0,18.5,0.6412163916872095,0.35878360831279055,866.0287081339711
26,2,19,255.0,15.0,18.5,0.6381812147584329,0.3618187852415671,866.0287081339711
27,2,19,265.0,15.0,18.5,0.6352141344768121,0.3647858655231879,866.0287081339711
28,2,19,275.0,15.0,18.5,0.6323229585370769,0.3676770414629231,866.0287081339711
29,2,19,285.0,15.0,18.5,0.6294922004273438,0.3705077995726562,866.0287081339711
30,2,19,295.0,15.0,18.5,0.6267229182209413,0.3732770817790587,866.0287081339711
31,2,19,305.0,15.0,18.5,0.6240106166632865,0.3759893833367135,866.0287081339711
32,2,19,315.0,15.0,18.5,0.6213475656464835,0.3786524343535165,866.0287081339711
33,2,19,325.0,15.0,18.5,0.618739207378049,0.381260792621951,866.0287081339711
34,2,19,335.0,15.0,18.5,0.61617529209896,0.38382470790103995,866.0287081339711
35,2,19,345.0,15.0,18.5,0.6136642382887301,0.38633576171126993,866.0287081339711
36,2,19,355.0,15.0,18.5,0.6111935933031841,0.3888064066968159,866.0287081339711
37,2,19,365.0,15.0,18.5,0.608772798307083,0.391227201692917,866.0287081339711
38,2,19,375.0,15.0,18.5,0.6063911110390984,0.3936088889609016,866.0287081339711
39,2,19,385.0,15.0,18.5,0.6040564595346226,0.3959435404653774,866.0287081339711
40,2,19,395.0,15.0,18.5,0.6017588980046897,0.39824110199531026,866.0287081339711
41,2,19,405.0,15.0,18.5,0.5994960043630991,0.40050399563690087,866.0287081339711
42,2,19,415.0,15.0,18.5,0.5972518884634093,0.40274811153659074,866.0287081339711
43,2,19,425.0,15.0,18.5,0.5949585418098423,0.4050414581901577,866.0287081339711
44,2,19,435.0,15.0,18.5,0.5925483666261201,0.4074516333738799,866.0287081339711
45,2,19,445.0,15.0,18.5,0.589864452756593,0.41013554724340695,866.0287081339711
46,2,19,455.0,15.0,18.5,0.58667504484881,0.41332495515119005,866.0287081339711
47,2,19,465.0,15.0,18.5,0.5826382964533012,0.41736170354669877,866.0287081339711
48,2,19,475.0,15.0,18.5,0.5773709172239325,0.4226290827760675,866.0287081339711
49,2,19,485.0,15.0,18.5,0.5704895530920387,0.42951044690796125,866.0287081339711
50,2,19,495.0,15.0,18.5,0.56063593704873,0.43936406295126995,866.0287081339711
1,3,19,5.0,25.0,18.5,0.7791130218504525,0.2208869781495475,866.0287081339711
2,3,19,15.0,25.0,18.5,0.7722771898725762,0.2277228101274238,866.0287081339711
3,3,19,25.0,25.0,18.5,0.7643562597416563,0.23564374025834367,866.0287081339711
4,3,19,35.0,25.0,18.5,0.7561320824260802,0.2438679175739198,866.0287081339711
5,3,19,45.0,25.0,18.5,0.7481151777980913,0.25188482220190866,866.0287081339711
6,3,19,55.0,25.0,18.5,0.7404939125615863,0.25950608743841375,866.0287081339711
7,3,19,65.0,25.0,18.5,0.7333588785777954,0.26664112142220464,866.0287081339711
8,3,19,75.0,25.0,18.5,0.7266806570251289,0.27331934297487115,866.0287081339711
9,3,19,85.0,25.0,18.5,0.7204482071368814,0.2795517928631186,866.0287081339711
10,3,19,95.0,25.0,18.5,0.7145941080143072,0.2854058919856928,866.0287081339711
11,3,19,105.0,25.0,18.5,0.709061702999892,0.290938297000108,866.0287081339711
12,3,19,115.0,25.0,18.5,0.703821001784068,0.29617899821593197,866.0287081339711
13,3,19,125.0,25.0,18.5,0.6988390019156009,0.3011609980843991,866.0287081339711
14,3,19,135.0,25.0,18.5,0.6940850765100529,0.3059149234899471,866.0287081339711
15,3,19,145.0,25.0,18.5,0.6895363739009872,0.3104636260990128,866.0287081339711
16,3,19,155.0,25.0,18.5,0.6851739392831512,0.3148260607168488,866.0287081339711
17,3,19,165.0,25.0,18.5,0.6809848611280459,0.3190151388719541,866.0287081339711
18,3,19,175.0,25.0,18.5,0.6769532990154975,0.3230467009845025,866.0287081339711
19,3,19,185.0,25.0,18.5,0.6730639569247533,0.3269360430752467,866.0287081339711
20,3,19,195.0,25.0,18.5,0.6693037650607946,0.3306962349392054,866.0287081339711
21,3,19,205.0,25.0,18.5,0.6656635005244113,0.33433649947558874,866.0287081339711
22,3,19,215.0,25.0,18.5,0.662139151256887,0.33786084874311295,866.0287081339711
23,3,19,225.0,25.0,18.5,0.658713920875586,0.341286079124414,866.0287081339711
24,3,19,235.0,25.0,18.5,0.6553801287489429,0.3446198712510571,866.0287081339711
25,3,19,245.0,25.0,18.5,0.6521410077094179,0.34785899229058215,866.0287081339711
26,3,19,255.0,25.0,18.5,0.6489797856506611,0.35102021434933894,866.0287081339711
27,3,19,265.0,25.0,18.5,0.6458926862831208,0.3541073137168792,866.0287081339711
28,3,19,275.0,25.0,18.5,0.6428834452888605,0.35711655471113946,866.0287081339711
29,3,19,285.0,25.0,18.5,0.6399339527788284,0.36006604722117164,866.0287081339711
30,3,19,295.0,25.0,18.5,0.6370521984327363,0.3629478015672637,866.0287081339711
31,3,19,305.0,25.0,18.5,0.6342259232915455,0.3657740767084545,866.0287081339711
32,3,19,315.0,25.0,18.5,0.6314535055375066,0.36854649446249343,866.0287081339711
33,3,19,325.0,25.0,18.5,0.6287361584795277,0.3712638415204723,866.0287081339711
34,3,19,335.0,25.0,18.5,0.6260621604479683,0.37393783955203175,866.0287081339711
35,3,19,345.0,25.0,18.5,0.6234405603224565,0.37655943967754346,866.0287081339711
36,3,19,355.0,25.0,18.5,0.6208578871981245,0.3791421128018755,866.0287081339711
37,3,19,365.0,25.0,18.5,0.6183269742726614,0.38167302572733863,866.0287081339711
38,3,19,375.0,25.0,18.5,0.6158332719332038,0.3841667280667962,866.0287081339711
39,3,19,385.0,25.0,18.5,0.6133905024664884,0.3866094975335116,866.0287081339711
40,3,19,395.0,25.0,18.5,0.610983992947966,0.389016007052034,866.0287081339711
41,3,19,405.0,25.0,18.5,0.6086248083830665,0.39137519161693346,866.0287081339711
42,3,19,415.0,25.0,18.5,0.6062948471162773,0.39370515288372265,866.0287081339711
43,3,19,425.0,25.0,18.5,0.603986759723446,0.39601324027655405,866.0287081339711
44,3,19,435.0,25.0,18.5,0.6015814045800474,0.3984185954199526,866.0287081339711
45,3,19,445.0,25.0,18.5,0.5990133247040371,0.4009866752959629,866.0287081339711
46,3,19,455.0,25.0,18.5,0.5960598116954642,0.4039401883045358,866.0287081339711
47,3,19,465.0,25.0,18.5,0.5923120335547056,0.40768796644529437,866.0287081339711
48,3,19,475.0,25.0,18.5,0.5870923123046399,0.4129076876953601,866.0287081339711
49,3,19,485.0,25.0,18.5,0.579540658180894,0.42045934181910605,866.0287081339711
50,3,19,495.0,25.0,18.5,0.5679718520183816,0.43202814798161837,866.0287081339711
1,4,19,5.0,35.0,18.5,0.7901407388684175,0.2098592611315825,866.0287081339711
2,4,19,15.0,35.0,18.5,0.7835329512196588,0.21646704878034118,866.0287081339711
3,4,19,25.0,35.0,18.5,0.775360833576926,0.22463916642307402,866.0287081339711
4,4,19,35.0,35.0,18.5,0.7667370838661316,0.2332629161338684,866.0287081339711
5,4,19,45.0,35.0,18.5,0.7582655404516295,0.24173445954837047,866.0287081339711
6,4,19,55.0,35.0,18.5,0.7503260366165917,0.2496739633834083,866.0287081339711
7,4,19,65.0,35.0,18.5,0.74294887497219,0.25705112502781,866.0287081339711
8,4,19,75.0,35.0,18.5,0.7360481936664683,0.26395180633353166,866.0287081339711
9,4,19,85.0,35.0,18.5,0.7295941478728303,0.2704058521271697,866.0287081339711
10,4,19,95.0,35.0,18.5,0.7235278682181234,0.2764721317818766,866.0287081339711
11,4,19,105.0,35.0,18.5,0.7178119644450892,0.2821880355549108,866.0287081339711
12,4,19,115.0,35.0,18.5,0.7124099337899901,0.28759006621000993,866.0287081339711
13,4,19,125.0,35.0,18.5,0.7072833904645861,0.2927166095354139,866.0287081339711
14,4,19,135.0,35.0,18.5,0.7024003650939141,0.2975996349060859,866.0287081339711
15,4,19,145.0,35.0,18.5,0.697734047397939,0.302265952602061,866.0287081339711
16,4,19,155.0,35.0,18.5,0.6932610738758876,0.30673892612411235,866.0287081339711
17,4,19,165.0,35.0,18.5,0.6889600360435018,0.31103996395649824,866.0287081339711
18,4,19,175.0,35.0,18.5,0.6848132603722944,0.3151867396277056,866.0287081339711
19,4,19,185.0,35.0,18.5,0.6808102600598537,0.3191897399401463,866.0287081339711
20,4,19,195.0,35.0,18.5,0.6769397437810327,0.3230602562189673,866.0287081339711
21,4,19,205.0,35.0,18.5,0.6731877166694081,0.32681228333059187,866.0287081339711
22,4,19,215.0,35.0,18.5,0.6695443127519556,0.3304556872480444,866.0287081339711
23,4,19,225.0,35.0,18.5,0.666005194758606,0.333994805241394,866.0287081339711
24,4,19,235.0,35.0,18.5,0.6625657458465603,0.33743425415343975,866.0287081339711
25,4,19,245.0,35.0,18.5,0.6592116181640346,0.3407883818359654,866.0287081339711
26,4,19,255.0,35.0,18.5,0.6559404134702487,0.3440595865297513,866.0287081339711
27,4,19,265.0,35.0,18.5,0.6527532781722806,0.34724672182771943,866.0287081339711
28,4,19,275.0,35.0,18.5,0.6496337097919752,0.3503662902080248,866.0287081339711
29,4,19,285.0,35.0,18.5,0.6465855851020843,0.3534144148979157,866.0287081339711
30,4,19,295.0,35.0,18.5,0.6436034943990661,0.35639650560093394,866.0287081339711
31,4,19,305.0,35.0,18.5,0.6406768873057747,0.35932311269422534,866.0287081339711
32,4,19,315.0,35.0,18.5,0.6378148204513276,0.36218517954867235,866.0287081339711
33,4,19,325.0,35.0,18.5,0.6349997499850504,0.3650002500149496,866.0287081339711
34,4,19,335.0,35.0,18.5,0.632242423615511,0.367757576384489,866.0287081339711
35,4,19,345.0,35.0,18.5,0.6295293913875627,0.3704706086124373,866.0287081339711
36,4,19,355.0,35.0,18.5,0.6268641251332301,0.3731358748667699,866.0287081339711
37,4,19,365.0,35.0,18.5,0.6242452347547517,0.3757547652452483,866.0287081339711
38,4,19,375.0,35.0,18.5,0.6216716914893502,0.3783283085106498,866.0287081339711
39,4,19,385.0,35.0,18.5,0.6191474966503681,0.38085250334963194,866.0287081339711
40,4,19,395.0,35.0,18.5,0.6166691257441577,0.38333087425584234,866.0287081339711
41,4,19,405.0,35.0,18.5,0.6142421566388628,0.38575784336113716,866.0287081339711
42,4,19,415.0,35.0,18.5,0.6118637419179662,0.3881362580820338,866.0287081339711
43,4,19,425.0,35.0,18.5,0.6095368834453506,0.3904631165546494,866.0287081339711
44,4,19,435.0,35.0,18.5,0.6072515616700687,0.39274843832993134,866.0287081339711
45,4,19,445.0,35.0,18.5,0.6048962462584603,0.3951037537415397,866.0287081339711
46,4,19,455.0,35.0,18.5,0.6023129802737999,0.39768701972620013,866.0287081339711
47,4,19,465.0,35.0,18.5,0.599232271953653,0.40076772804634697,866.0287081339711
48,4,19,475.0,35.0,18.5,0.5949470255112022,0.40505297448879785,866.0287081339711
49,4,19,485.0,35.0,18.5,0.5882188255591825,0.4117811744408175,866.0287081339711
50,4,19,495.0,35.0,18.5,0.5769308540319219,0.4230691459680781,866.0287081339711
1,5,19,5.0,45.0,18.5,0.7976375660767537,0.20236243392324627,866.0287081339711
2,5,19,15.0,45.0,18.5,0.7917973268984009,0.20820267310159912,866.0287081339711
3,5,19,25.0,45.0,18.5,0.7839856789328525,0.21601432106714746,866.0287081339711
4,5,19,35.0,45.0,18.5,0.7752481994368259,0.22475180056317412,866.0287081339711
5,5,19,45.0,45.0,18.5,0.7666584158102351,0.23334158418976492,866.0287081339711
6,5,19,55.0,45.0,18.5,0.7584433696120648,0.24155663038793518,866.0287081339711
7,5,19,65.0,45.0,18.5,0.7507610175217815,0.24923898247821852,866.0287081339711
8,5,19,75.0,45.0,18.5,0.7436445588210855,0.2563554411789145,866.0287081339711
9,5,19,85.0,45.0,18.5,0.7370024366786,0.2629975633214,866.0287081339711
10,5,19,95.0,45.0,18.5,0.7307998541944907,0.2692001458055093,866.0287081339711
11,5,19,105.0,45.0,18.5,0.7249749243693365,0.2750250756306635,866.0287081339711
12,5,19,115.0,45.0,18.5,0.7194718957866895,0.28052810421331054,866.0287081339711
13,5,19,125.0,45.0,18.5,0.7142509709909968,0.28574902900900323,866.0287081339711
14,5,19,135.0,45.0,18.5,0.7092815000067376,0.2907184999932624,866.0287081339711
15,5,19,145.0,45.0,18.5,0.7045342355873611,0.29546576441263894,866.0287081339711
16,5,19,155.0,45.0,18.5,0.6999848764530555,0.3000151235469445,866.0287081339711
17,5,19,165.0,45.0,18.5,0.6956152444184373,0.30438475558156275,866.0287081339711
18,5,19,175.0,45.0,18.5,0.6914078760202048,0.3085921239797952,866.0287081339711
19,5,19,185.0,45.0,18.5,0.6873466908218405,0.3126533091781595,866.0287081339711
20,5,19,195.0,45.0,18.5,0.6834184582628837,0.3165815417371163,866.0287081339711
21,5,19,205.0,45.0,18.5,0.6796111139246857,0.32038888607531435,866.0287081339711
22,5,19,215.0,45.0,18.5,0.6759183743794258,0.3240816256205742,866.0287081339711
23,5,19,225.0,45.0,18.5,0.6723338381951918,0.32766616180480823,866.0287081339711
24,5,19,235.0,45.0,18.5,0.6688423147370076,0.3311576852629924,866.0287081339711
25,5,19,245.0,45.0,18.5,0.665436981256584,0.334563018743416,866.0287081339711
26,5,19,255.0,45.0,18.5,0.6621214446445224,0.3378785553554776,866.0287081339711
27,5,19,265.0,45.0,18.5,0.6588790037909001,0.34112099620909986,866.0287081339711
28,5,19,275.0,45.0,18.5,0.6557056270208909,0.34429437297910914,866.0287081339711
29,5,19,285.0,45.0,18.5,0.652606744870789,0.34739325512921104,866.0287081339711
30,5,19,295.0,45.0,18.5,0.6495643676927757,0.3504356323072243,866.0287081339711
31,5,19,305.0,45.0,18.5,0.646582753216861,0.353417246783139,866.0287081339711
32,5,19,315.0,45.0,18.5,0.643657195798281,0.35634280420171904,866.0287081339711
33,5,19,325.0,45.0,18.5,0.6407763077697035,0.3592236922302965,866.0287081339711
34,5,19,335.0,45.0,18.5,0.6379487403036324,0.36205125969636764,866.0287081339711
35,5,19,345.0,45.0,18.5,0.6351554513640845,0.36484454863591553,866.0287081339711
36,5,19,355.0,45.0,18.5,0.6324066804281603,0.3675933195718397,866.0287081339711
37,5,19,365.0,45.0,18.5,0.6296860236384588,0.3703139763615412,866.0287081339711
38,5,19,375.0,45.0,18.5,0.6269997173281501,0.3730002826718499,866.0287081339711
39,5,19,385.0,45.0,18.5,0.6243401675391916,0.37565983246080836,866.0287081339711
40,5,19,395.0,45.0,18.5,0.6217046556980922,0.3782953443019078,866.0287081339711
41,5,19,405.0,45.0,18.5,0.619091095839501,0.38090890416049905,866.0287081339711
42,5,19,415.0,45.0,18.5,0.6164911581619625,0.38350884183803746,866.0287081339711
43,5,19,425.0,45.0,18.5,0.6139065902791978,0.3860934097208022,866.0287081339711
44,5,19,435.0,45.0,18.5,0.6113245544421354,0.3886754455578646,866.0287081339711
45,5,19,445.0,45.0,18.5,0.6087420885391529,0.3912579114608471,866.0287081339711
46,5,19,455.0,45.0,18.5,0.6061081206330695,0.3938918793669305,866.0287081339711
47,5,19,465.0,45.0,18.5,0.6031435695972556,0.39685643040274443,866.0287081339711
48,5,19,475.0,45.0,18.5,0.5991480469340846,0.40085195306591537,866.0287081339711
49,5,19,485.0,45.0,18.5,0.5924801277466684,0.40751987225333164,866.0287081339711
50,5,19,495.0,45.0,18.5,0.5804434464051201,0.41955655359487987,866.0287081339711
1,6,19,5.0,55.0,18.5,0.7905794289018611,0.20942057109813894,866.0287081339711
2,6,19,15.0,55.0,18.5,0.7843600581338952,0.2156399418661048,866.0287081339711
3,6,19,25.0,55.0,18.5,0.7766297367830577,0.2233702632169423,866.0287081339711
4,6,19,35.0,55.0,18.5,0.7684096363681135,0.23159036363188645,866.0287081339711
5,6,19,45.0,55.0,18.5,0.7602532663075068,0.23974673369249322,866.0287081339711
6,6,19,55.0,55.0,18.5,0.7524883242076115,0.24751167579238853,866.0287081339711
7,6,19,65.0,55.0,18.5,0.7451749567193484,0.2548250432806516,866.0287081339711
8,6,19,75.0,55.0,18.5,0.7383375795503476,0.2616624204496524,866.0287081339711
9,6,19,85.0,55.0,18.5,0.7319145486181716,0.2680854513818284,866.0287081339711
10,6,19,95.0,55.0,18.5,0.72588179018162,0.27411820981838,866.0287081339711
11,6,19,105.0,55.0,18.5,0.7201888875725081,0.2798111124274919,866.0287081339711
12,6,19,115.0,55.0,18.5,0.7147930329339777,0.28520696706602233,866.0287081339711
13,6,19,125.0,55.0,18.5,0.709660652444819,0.290339347555181,866.0287081339711
14,6,19,135.0,55.0,18.5,0.7047648710851382,0.2952351289148618,866.0287081339711
15,6,19,145.0,55.0,18.5,0.7000811187763719,0.2999188812236281,866.0287081339711
16,6,19,155.0,55.0,18.5,0.6955891545747934,0.3044108454252066,866.0287081339711
17,6,19,165.0,55.0,18.5,0.6912706094447351,0.30872939055526494,866.0287081339711
18,6,19,175.0,55.0,18.5,0.6871091972569697,0.31289080274303027,866.0287081339711
19,6,19,185.0,55.0,18.5,0.683090476046024,0.316909523953976,866.0287081339711
20,6,19,195.0,55.0,18.5,0.6792017131791599,0.3207982868208401,866.0287081339711
21,6,19,205.0,55.0,18.5,0.6754328091942914,0.3245671908057086,866.0287081339711
22,6,19,215.0,55.0,18.5,0.671780626839173,0.32821937316082705,866.0287081339711
23,6,19,225.0,55.0,18.5,0.6682293628119621,0.3317706371880379,866.0287081339711
24,6,19,235.0,55.0,18.5,0.664769987982635,0.335230012017365,866.0287081339711
25,6,19,245.0,55.0,18.5,0.6614027988339614,0.33859720116603864,866.0287081339711
26,6,19,255.0,55.0,18.5,0.6581196339536275,0.3418803660463725,866.0287081339711
27,6,19,265.0,55.0,18.5,0.6549078884708832,0.3450921115291168,866.0287081339711
28,6,19,275.0,55.0,18.5,0.6517729660056917,0.3482270339943083,866.0287081339711
29,6,19,285.0,55.0,18.5,0.6487037659408484,0.35129623405915156,866.0287081339711
30,6,19,295.0,55.0,18.5,0.6456925005075133,0.35430749949248674,866.0287081339711
31,6,19,305.0,55.0,18.5,0.6427463042624679,0.3572536957375321,866.0287081339711
32,6,19,315.0,55.0,18.5,0.6398476017435258,0.36015239825647416,866.0287081339711
33,6,19,325.0,55.0,18.5,0.6370049003494033,0.36299509965059673,866.0287081339711
34,6,19,335.0,55.0,18.5,0.6342066571335139,0.3657933428664861,866.0287081339711
35,6,19,345.0,55.0,18.5,0.6314477091096923,0.3685522908903077,866.0287081339711
36,6,19,355.0,55.0,18.5,0.62872781051163,0.37127218948837004,866.0287081339711
37,6,19,365.0,55.0,18.5,0.6260339315687666,0.37396606843123337,866.0287081339711
38,6,19,375.0,55.0,18.5,0.6233736455792499,0.3766263544207501,866.0287081339711
39,6,19,385.0,55.0,18.5,0.620728891641378,0.379271108358622,866.0287081339711
40,6,19,395.0,55.0,18.5,0.6181065440366915,0.3818934559633085,866.0287081339711
41,6,19,405.0,55.0,18.5,0.6154832758357175,0.3845167241642825,866.0287081339711
42,6,19,415.0,55.0,18.5,0.6128605620466144,0.38713943795338557,866.0287081339711
43,6,19,425.0,55.0,18.5,0.6102037450511999,0.3897962549488001,866.0287081339711
44,6,19,435.0,55.0,18.5,0.6074903728970162,0.39250962710298376,866.0287081339711
45,6,19,445.0,55.0,18.5,0.6046389053042368,0.3953610946957632,866.0287081339711
46,6,19,455.0,55.0,18.5,0.6015016115817139,0.3984983884182861,866.0287081339711
47,6,19,465.0,55.0,18.5,0.597722799703711,0.402277200296289,866.0287081339711
48,6,19,475.0,55.0,18.5,0.592546711205546,0.40745328879445397,866.0287081339711
49,6,19,485.0,55.0,18.5,0.5845798738115816,0.4154201261884184,866.0287081339711
50,6,19,495.0,55.0,18.5,0.5707700940047843,0.4292299059952157,866.0287081339711
1,7,19,5.0,65.0,18.5,0.7807528683546092,0.21924713164539078,866.0287081339711
2,7,19,15.0,65.0,18.5,0.7744396681609901,0.22556033183900992,866.0287081339711
3,7,19,25.0,65.0,18.5,0.7669980894990569,0.2330019105009431,866.0287081339711
4,7,19,35.0,65.0,18.5,0.7591898497629231,0.24081015023707686,866.0287081339711
5,7,19,45.0,65.0,18.5,0.751458857889488,0.24854114211051204,866.0287081339711
6,7,19,55.0,65.0,18.5,0.7440612467383675,0.2559387532616325,866.0287081339711
7,7,19,65.0,65.0,18.5,0.7370575021861908,0.2629424978138092,866.0287081339711
8,7,19,75.0,65.0,18.5,0.7304732019971865,0.26952679800281354,866.0287081339711
9,7,19,85.0,65.0,18.5,0.7242848230168902,0.27571517698310977,866.0287081339711
10,7,19,95.0,65.0,18.5,0.71844222029549,0.28155777970451,866.0287081339711
11,7,19,105.0,65.0,18.5,0.7129182764632129,0.28708172353678707,866.0287081339711
12,7,19,115.0,65.0,18.5,0.7076793184343458,0.29232068156565416,866.0287081339711
13,7,19,125.0,65.0,18.5,0.7026938480463701,0.29730615195362986,866.0287081339711
14,7,19,135.0,65.0,18.5,0.6979349658606618,0.30206503413933816,866.0287081339711
15,7,19,145.0,65.0,18.5,0.6933798929308895,0.30662010706911047,866.0287081339711
16,7,19,155.0,65.0,18.5,0.6890086980268771,0.31099130197312286,866.0287081339711
17,7,19,165.0,65.0,18.5,0.6848038367076223,0.31519616329237765,866.0287081339711
18,7,19,175.0,65.0,18.5,0.6807528056170564,0.3192471943829436,866.0287081339711
19,7,19,185.0,65.0,18.5,0.6768432450007289,0.3231567549992711,866.0287081339711
20,7,19,195.0,65.0,18.5,0.6730601517003206,0.32693984829967937,866.0287081339711
21,7,19,205.0,65.0,18.5,0.6693924297438401,0.33060757025615994,866.0287081339711
22,7,19,215.0,65.0,18.5,0.6658333884162254,0.3341666115837746,866.0287081339711
23,7,19,225.0,65.0,18.5,0.6623795922735538,0.3376204077264462,866.0287081339711
24,7,19,235.0,65.0,18.5,0.6590148911496999,0.3409851088503001,866.0287081339711
25,7,19,245.0,65.0,18.5,0.655734686801332,0.34426531319866804,866.0287081339711
26,7,19,255.0,65.0,18.5,0.6525414573125677,0.34745854268743226,866.0287081339711
27,7,19,265.0,65.0,18.5,0.6494175553430078,0.3505824446569922,866.0287081339711
28,7,19,275.0,65.0,18.5,0.6463639329272234,0.3536360670727766,866.0287081339711
29,7,19,285.0,65.0,18.5,0.6433785226867905,0.3566214773132095,866.0287081339711
30,7,19,295.0,65.0,18.5,0.6404470022070118,0.3595529977929882,866.0287081339711
31,7,19,305.0,65.0,18.5,0.6375788942452861,0.36242110575471387,866.0287081339711
32,7,19,315.0,65.0,18.5,0.6347557519206162,0.3652442480793838,866.0287081339711
33,7,19,325.0,65.0,18.5,0.6319834644090917,0.3680165355909083,866.0287081339711
34,7,19,335.0,65.0,18.5,0.6292529397897683,0.37074706021023174,866.0287081339711
35,7,19,345.0,65.0,18.5,0.6265615994941761,0.3734384005058239,866.0287081339711
36,7,19,355.0,65.0,18.5,0.6239054513605088,0.3760945486394912,866.0287081339711
37,7,19,365.0,65.0,18.5,0.6212736265970542,0.3787263734029458,866.0287081339711
38,7,19,375.0,65.0,18.5,0.618668719508303,0.38133128049169696,866.0287081339711
39,7,19,385.0,65.0,18.5,0.6160722322478867,0.38392776775211335,866.0287081339711
40,7,19,395.0,65.0,18.5,0.6134842934312678,0.38651570656873224,866.0287081339711
41,7,19,405.0,65.0,18.5,0.610877068371686,0.389122931628314,866.0287081339711
42,7,19,415.0,65.0,18.5,0.6082383707074906,0.39176162929250935,866.0287081339711
43,7,19,425.0,65.0,18.5,0.605515183064783,0.394484816935217,866.0287081339711
44,7,19,435.0,65.0,18.5,0.602650480092938,0.397349519907062,866.0287081339711
45,7,19,445.0,65.0,18.5,0.5995044878631686,0.40049551213683143,866.0287081339711
46,7,19,455.0,65.0,18.5,0.5958423160810188,0.4041576839189812,866.0287081339711
47,7,19,465.0,65.0,18.5,0.5912156454977318,0.40878435450226824,866.0287081339711
48,7,19,475.0,65.0,18.5,0.5848746584623081,0.41512534153769187,866.0287081339711
49,7,19,485.0,65.0,18.5,0.5756641590157094,0.42433584098429056,866.0287081339711
50,7,19,495.0,65.0,18.5,0.560673958706438,0.439326041293562,866.0287081339711
1,8,19,5.0,75.0,18.5,0.7663696223931594,0.23363037760684058,866.0287081339711
2,8,19,15.0,75.0,18.5,0.7605058780684931,0.23949412193150688,866.0287081339711
3,8,19,25.0,75.0,18.5,0.753617519388559,0.24638248061144097,866.0287081339711
4,8,19,35.0,75.0,18.5,0.7463655018018944,0.2536344981981056,866.0287081339711
5,8,19,45.0,75.0,18.5,0.7391824297348935,0.26081757026510655,866.0287081339711
6,8,19,55.0,75.0,18.5,0.7322453390597738,0.26775466094022615,866.0287081339711
7,8,19,65.0,75.0,18.5,0.7256520008231441,0.27434799917685593,866.0287081339711
8,8,19,75.0,75.0,18.5,0.7194229911015096,0.28057700889849035,866.0287081339711
9,8,19,85.0,75.0,18.5,0.7135314219777901,0.28646857802220993,866.0287081339711
10,8,19,95.0,75.0,18.5,0.707959367519211,0.29204063248078904,866.0287081339711
11,8,19,105.0,75.0,18.5,0.7026789901184696,0.29732100988153043,866.0287081339711
12,8,19,115.0,75.0,18.5,0.697660712566723,0.302339287433277,866.0287081339711
13,8,19,125.0,75.0,18.5,0.6928782251310384,0.30712177486896164,866.0287081339711
14,8,19,135.0,75.0,18.5,0.6883082330986104,0.31169176690138956,866.0287081339711
15,8,19,145.0,75.0,18.5,0.6839302549797022,0.31606974502029783,866.0287081339711
16,8,19,155.0,75.0,18.5,0.6797261936409473,0.32027380635905267,866.0287081339711
17,8,19,165.0,75.0,18.5,0.6756821556830604,0.32431784431693955,866.0287081339711
18,8,19,175.0,75.0,18.5,0.6717859448110549,0.3282140551889451,866.0287081339711
19,8,19,185.0,75.0,18.5,0.668021539375684,0.331978460624316,866.0287081339711
20,8,19,195.0,75.0,18.5,0.6643775269946511,0.33562247300534886,866.0287081339711
21,8,19,205.0,75.0,18.5,0.6608466783061882,0.33915332169381185,866.0287081339711
22,8,19,215.0,75.0,18.5,0.6574248556535592,0.34257514434644076,866.0287081339711
23,8,19,225.0,75.0,18.5,0.6540955191999633,0.34590448080003666,866.0287081339711
24,8,19,235.0,75.0,18.5,0.6508543842581223,0.34914561574187775,866.0287081339711
25,8,19,245.0,75.0,18.5,0.6477027716989747,0.3522972283010253,866.0287081339711
26,8,19,255.0,75.0,18.5,0.6446228294673291,0.3553771705326709,866.0287081339711
27,8,19,265.0,75.0,18.5,0.6416173224909115,0.3583826775090885,866.0287081339711
28,8,19,275.0,75.0,18.5,0.6386798589550959,0.36132014104490406,866.0287081339711
29,8,19,285.0,75.0,18.5,0.6357994464956661,0.3642005535043339,866.0287081339711
30,8,19,295.0,75.0,18.5,0.6329833460976766,0.3670166539023234,866.0287081339711
31,8,19,305.0,75.0,18.5,0.6302127881191115,0.3697872118808885,866.0287081339711
32,8,19,315.0,75.0,18.5,0.6274969388404947,0.37250306115950527,866.0287081339711
33,8,19,325.0,75.0,18.5,0.624818022676722,0.37518197732327796,866.0287081339711
34,8,19,335.0,75.0,18.5,0.6221831633643945,0.3778168366356055,866.0287081339711
35,8,19,345.0,75.0,18.5,0.6195821834637184,0.3804178165362816,866.0287081339711
36,8,19,355.0,75.0,18.5,0.6170178821197176,0.38298211788028236,866.0287081339711
37,8,19,365.0,75.0,18.5,0.6144767720933072,0.3855232279066928,866.0287081339711
38,8,19,375.0,75.0,18.5,0.6119521756380613,0.38804782436193874,866.0287081339711
39,8,19,385.0,75.0,18.5,0.6094316852367647,0.3905683147632353,866.0287081339711
40,8,19,395.0,75.0,18.5,0.606899567496025,0.393100432503975,866.0287081339711
41,8,19,405.0,75.0,18.5,0.6043319749740459,0.3956680250259541,866.0287081339711
42,8,19,415.0,75.0,18.5,0.6016914690330064,0.3983085309669936,866.0287081339711
43,8,19,425.0,75.0,18.5,0.5989190536189039,0.40108094638109615,866.0287081339711
44,8,19,435.0,75.0,18.5,0.5959088049252467,0.40409119507475333,866.0287081339711
45,8,19,445.0,75.0,18.5,0.5924964959218242,0.4075035040781758,866.0287081339711
46,8,19,455.0,75.0,18.5,0.5883979621852992,0.41160203781470084,866.0287081339711
47,8,19,465.0,75.0,18.5,0.5831910918123695,0.4168089081876305,866.0287081339711
48,8,19,475.0,75.0,18.5,0.5763029516965704,0.4236970483034296,866.0287081339711
49,8,19,485.0,75.0,18.5,0.5669469204012285,0.4330530795987715,866.0287081339711
50,8,19,495.0,75.0,18.5,0.5525900489046857,0.44740995109531434,866.0287081339711
1,9,19,5.0,85.0,18.5,0.7450052440338368,0.25499475596616317,866.0287081339711
2,9,19,15.0,85.0,18.5,0.7399348591415043,0.26006514085849575,866.0287081339711
3,9,19,25.0,85.0,18.5,0.7338554681611795,0.2661445318388205,866.0287081339711
4,9,19,35.0,85.0,18.5,0.7273885342068295,0.2726114657931705,866.0287081339711
5,9,19,45.0,85.0,18.5,0.7209016557621236,0.2790983442378764,866.0287081339711
6,9,19,55.0,85.0,18.5,0.7145911083727381,0.2854088916272619,866.0287081339711
7,9,19,65.0,85.0,18.5,0.7085347569004078,0.2914652430995922,866.0287081339711
8,9,19,75.0,85.0,18.5,0.7027649546678119,0.29723504533218814,866.0287081339711
9,9,19,85.0,85.0,18.5,0.6972843350061543,0.3027156649938457,866.0287081339711
10,9,19,95.0,85.0,18.5,0.6920771357089343,0.30792286429106575,866.0287081339711
11,9,19,105.0,85.0,18.5,0.6871226009287279,0.3128773990712721,866.0287081339711
12,9,19,115.0,85.0,18.5,0.6823994405288886,0.31760055947111143,866.0287081339711
13,9,19,125.0,85.0,18.5,0.6778870009831343,0.32211299901686574,866.0287081339711
14,9,19,135.0,85.0,18.5,0.6735664349501279,0.3264335650498721,866.0287081339711
15,9,19,145.0,85.0,18.5,0.6694203874029138,0.33057961259708624,866.0287081339711
16,9,19,155.0,85.0,18.5,0.6654342898149737,0.33456571018502634,866.0287081339711
17,9,19,165.0,85.0,18.5,0.6615981749499974,0.3384018250500026,866.0287081339711
18,9,19,175.0,85.0,18.5,0.6578956491251042,0.34210435087489577,866.0287081339711
19,9,19,185.0,85.0,18.5,0.6543149660537078,0.34568503394629224,866.0287081339711
20,9,19,195.0,85.0,18.5,0.6508488215233404,0.34915117847665955,866.0287081339711
21,9,19,205.0,85.0,18.5,0.6474934982804718,0.35250650171952824,866.0287081339711
22,9,19,215.0,85.0,18.5,0.6442322719748445,0.35576772802515555,866.0287081339711
23,9,19,225.0,85.0,18.5,0.6410616268081801,0.35893837319181987,866.0287081339711
24,9,19,235.0,85.0,18.5,0.6379805088552506,0.3620194911447494,866.0287081339711
25,9,19,245.0,85.0,18.5,0.6349727040643954,0.36502729593560457,866.0287081339711
26,9,19,255.0,85.0,18.5,0.6320442106973014,0.36795578930269857,866.0287081339711
27,9,19,265.0,85.0,18.5,0.6291812860003093,0.3708187139996907,866.0287081339711
28,9,19,275.0,85.0,18.5,0.6263801654209351,0.3736198345790649,866.0287081339711
29,9,19,285.0,85.0,18.5,0.62364071364163,0.37635928635837,866.0287081339711
30,9,19,295.0,85.0,18.5,0.6209492628633808,0.3790507371366192,866.0287081339711
31,9,19,305.0,85.0,18.5,0.6183131769716235,0.38168682302837653,866.0287081339711
32,9,19,315.0,85.0,18.5,0.6157168119232054,0.3842831880767946,866.0287081339711
33,9,19,325.0,85.0,18.5,0.6131696217967137,0.38683037820328625,866.0287081339711
34,9,19,335.0,85.0,18.5,0.6106535372358498,0.3893464627641502,866.0287081339711
35,9,19,345.0,85.0,18.5,0.6081781158474832,0.39182188415251684,866.0287081339711
36,9,19,355.0,85.0,18.5,0.6057282013504081,0.39427179864959194,866.0287081339711
37,9,19,365.0,85.0,18.5,0.6033071728439597,0.39669282715604026,866.0287081339711
38,9,19,375.0,85.0,18.5,0.6008904983817459,0.3991095016182541,866.0287081339711
39,9,19,385.0,85.0,18.5,0.5984757913213633,0.4015242086786367,866.0287081339711
40,9,19,395.0,85.0,18.5,0.5960300480284955,0.40396995197150454,866.0287081339711
41,9,19,405.0,85.0,18.5,0.5935337854395061,0.4064662145604939,866.0287081339711
42,9,19,415.0,85.0,18.5,0.5909299986731725,0.40907000132682747,866.0287081339711
43,9,19,425.0,85.0,18.5,0.5881566497484265,0.4118433502515735,866.0287081339711
44,9,19,435.0,85.0,18.5,0.5850930254040093,0.4149069745959907,866.0287081339711
45,9,19,445.0,85.0,18.5,0.5815867290239588,0.4184132709760412,866.0287081339711
46,9,19,455.0,85.0,18.5,0.5774174765680898,0.42258252343191016,866.0287081339711
47,9,19,465.0,85.0,18.5,0.572329893278104,0.427670106721896,866.0287081339711
48,9,19,475.0,85.0,18.5,0.5660307917960506,0.43396920820394935,866.0287081339711
49,9,19,485.0,85.0,18.5,0.558044229350142,0.441955770649858,866.0287081339711
50,9,19,495.0,85.0,18.5,0.546003643145611,0.453996356854389,866.0287081339711
1,10,19,5.0,95.0,18.5,0.7068627230337742,0.2931372769662258,866.0287081339711
2,10,19,15.0,95.0,18.5,0.7028504573860195,0.2971495426139805,866.0287081339711
3,10,19,25.0,95.0,18.5,0.697898455713605,0.302101544286395,866.0287081339711
4,10,19,35.0,95.0,18.5,0.6925137057178695,0.3074862942821305,866.0287081339711
5,10,19,45.0,95.0,18.5,0.6870105791986917,0.3129894208013083,866.0287081339711
6,10,19,55.0,95.0,18.5,0.6815679810015631,0.31843201899843687,866.0287081339711
7,10,19,65.0,95.0,18.5,0.676279420416905,0.32372057958309497,866.0287081339711
8,10,19,75.0,95.0,18.5,0.6711863280974149,0.32881367190258515,866.0287081339711
9,10,19,85.0,95.0,18.5,0.6663019106188774,0.33369808938112255,866.0287081339711
10,10,19,95.0,95.0,18.5,0.6616238378880471,0.33837616211195287,866.0287081339711
11,10,19,105.0,95.0,18.5,0.657142741121342,0.34285725887865803,866.0287081339711
12,10,19,115.0,95.0,18.5,0.652845938561914,0.347154061438086,866.0287081339711
13,10,19,125.0,95.0,18.5,0.6487193827109653,0.3512806172890347,866.0287081339711
14,10,19,135.0,95.0,18.5,0.6447496027925209,0.3552503972074791,866.0287081339711
15,10,19,145.0,95.0,18.5,0.6409268062307887,0.3590731937692113,866.0287081339711
16,10,19,155.0,95.0,18.5,0.637240102932254,0.36275989706774603,866.0287081339711
17,10,19,165.0,95.0,18.5,0.6336755538834101,0.3663244461165899,866.0287081339711
18,10,19,175.0,95.0,18.5,0.6302236267454445,0.3697763732545555,866.0287081339711
19,10,19,185.0,95.0,18.5,0.6268824972951449,0.3731175027048551,866.0287081339711
20,10,19,195.0,95.0,18.5,0.623639084734489,0.37636091526551096,866.0287081339711
21,10,19,205.0,95.0,18.5,0.620485252211424,0.37951474778857597,866.0287081339711
22,10,19,215.0,95.0,18.5,0.6174226308882403,0.38257736911175966,866.0287081339711
23,10,19,225.0,95.0,18.5,0.6144359718699864,0.38556402813001356,866.0287081339711
24,10,19,235.0,95.0,18.5,0.6115251005477751,0.3884748994522249,866.0287081339711
25,10,19,245.0,95.0,18.5,0.6086866804644272,0.3913133195355728,866.0287081339711
26,10,19,255.0,95.0,18.5,0.6059106843907215,0.3940893156092785,866.0287081339711
27,10,19,265.0,95.0,18.5,0.603200351752388,0.39679964824761205,866.0287081339711
28,10,19,275.0,95.0,18.5,0.6005396228510299,0.3994603771489701,866.0287081339711
29,10,19,285.0,95.0,18.5,0.5979345620179155,0.4020654379820845,866.0287081339711
30,10,19,295.0,95.0,18.5,0.5953721954360809,0.4046278045639191,866.0287081339711
31,10,19,305.0,95.0,18.5,0.5928612262854205,0.4071387737145795,866.0287081339711
32,10,19,315.0,95.0,18.5,0.590387154897593,0.40961284510240703,866.0287081339711
33,10,19,325.0,95.0,18.5,0.5879567743066825,0.4120432256933175,866.0287081339711
34,10,19,335.0,95.0,18.5,0.5855547230312939,0.41444527696870614,866.0287081339711
35,10,19,345.0,95.0,18.5,0.5831878375045645,0.4168121624954355,866.0287081339711
36,10,19,355.0,95.0,18.5,0.5808408205986961,0.41915917940130387,866.0287081339711
37,10,19,365.0,95.0,18.5,0.5785286180157941,0.42147138198420586,866.0287081339711
38,10,19,375.0,95.0,18.5,0.5762403862685204,0.42375961373147963,866.0287081339711
39,10,19,385.0,95.0,18.5,0.5739793543008289,0.4260206456991711,866.0287081339711
40,10,19,395.0,95.0,18.5,0.5717348493166376,0.42826515068336235,866.0287081339711
41,10,19,405.0,95.0,18.5,0.569504406021607,0.430495593978393,866.0287081339711
42,10,19,415.0,95.0,18.5,0.567280510835757,0.43271948916424297,866.0287081339711
43,10,19,425.0,95.0,18.5,0.5650490691048996,0.4349509308951004,866.0287081339711
44,10,19,435.0,95.0,18.5,0.5627961120795492,0.43720388792045084,866.0287081339711
45,10,19,445.0,95.0,18.5,0.5604804684491269,0.4395195315508731,866.0287081339711
46,10,19,455.0,95.0,18.5,0.5580526645290721,0.4419473354709279,866.0287081339711
47,10,19,465.0,95.0,18.5,0.5553992862067155,0.4446007137932845,866.0287081339711
48,10,19,475.0,95.0,18.5,0.5522995101463632,0.44770048985363675,866.0287081339711
49,10,19,485.0,95.0,18.5,0.5481438785915352,0.45185612140846476,866.0287081339711
50,10,19,495.0,95.0,18.5,0.5402333977151387,0.4597666022848613,866.0287081339711
1,1,20,5.0,5.0,19.5,0.7313301524825018,0.26866984751749823,909.090909090909
2,1,20,15.0,5.0,19.5,0.7262626129418309,0.2737373870581691,909.090909090909
3,1,20,25.0,5.0,19.5,0.7203045641755036,0.2796954358244964,909.090909090909
4,1,20,35.0,5.0,19.5,0.7140613531234941,0.28593864687650594,909.090909090909
5,1,20,45.0,5.0,19.5,0.7078511740023669,0.29214882599763314,909.090909090909
6,1,20,55.0,5.0,19.5,0.7018380211870178,0.29816197881298223,909.090909090909
7,1,20,65.0,5.0,19.5,0.6960897313225026,0.3039102686774974,909.090909090909
8,1,20,75.0,5.0,19.5,0.6906223176534468,0.30937768234655316,909.090909090909
9,1,20,85.0,5.0,19.5,0.6854283424191165,0.31457165758088346,909.090909090909
10,1,20,95.0,5.0,19.5,0.6804910408189189,0.31950895918108113,909.090909090909
11,1,20,105.0,5.0,19.5,0.675789998206639,0.324210001793361,909.090909090909
12,1,20,115.0,5.0,19.5,0.671304659871186,0.32869534012881396,909.090909090909
13,1,20,125.0,5.0,19.5,0.6670147388264165,0.3329852611735835,909.090909090909
14,1,20,135.0,5.0,19.5,0.6629021351219054,0.33709786487809457,909.090909090909
15,1,20,145.0,5.0,19.5,0.6589500976329157,0.3410499023670843,909.090909090909
16,1,20,155.0,5.0,19.5,0.6551440187695231,0.3448559812304769,909.090909090909
17,1,20,165.0,5.0,19.5,0.6514767202049467,0.34852327979505326,909.090909090909
18,1,20,175.0,5.0,19.5,0.6479328031792645,0.3520671968207355,909.090909090909
19,1,20,185.0,5.0,19.5,0.6445000628433304,0.3554999371566696,909.090909090909
20,1,20,195.0,5.0,19.5,0.6411739177191427,0.35882608228085733,909.090909090909
21,1,20,205.0,5.0,19.5,0.6379486742373547,0.3620513257626453,909.090909090909
22,1,20,215.0,5.0,19.5,0.6348096386140563,0.36519036138594374,909.090909090909
23,1,20,225.0,5.0,19.5,0.6317592153758572,0.3682407846241428,909.090909090909
24,1,20,235.0,5.0,19.5,0.6287876255013383,0.37121237449866173,909.090909090909
25,1,20,245.0,5.0,19.5,0.6258866261811009,0.3741133738188991,909.090909090909
26,1,20,255.0,5.0,19.5,0.6230609185245005,0.3769390814754995,909.090909090909
27,1,20,265.0,5.0,19.5,0.6202943833857506,0.3797056166142494,909.090909090909
28,1,20,275.0,5.0,19.5,0.6175959411389479,0.3824040588610521,909.090909090909
29,1,20,285.0,5.0,19.5,0.6149499428597033,0.3850500571402967,909.090909090909
30,1,20,295.0,5.0,19.5,0.6123632924682924,0.38763670753170765,909.090909090909
31,1,20,305.0,5.0,19.5,0.6098228232062115,0.3901771767937885,909.090909090909
32,1,20,315.0,5.0,19.5,0.60733387805023,0.39266612194977,909.090909090909
33,1,20,325.0,5.0,19.5,0.6048871349057623,0.3951128650942377,909.090909090909
34,1,20,335.0,5.0,19.5,0.6024894588697177,0.3975105411302823,909.090909090909
35,1,20,345.0,5.0,19.5,0.6001305310753869,0.39986946892461306,909.090909090909
36,1,20,355.0,5.0,19.5,0.5978195932451059,0.4021804067548941,909.090909090909
37,1,20,365.0,5.0,19.5,0.5955443385789744,0.4044556614210256,909.090909090909
38,1,20,375.0,5.0,19.5,0.5933164502938338,0.40668354970616616,909.090909090909
39,1,20,385.0,5.0,19.5,0.5911220664632988,0.4088779335367012,909.090909090909
40,1,20,395.0,5.0,19.5,0.5889678218293566,0.4110321781706434,909.090909090909
41,1,20,405.0,5.0,19.5,0.5868357916665907,0.4131642083334093,909.090909090909
42,1,20,415.0,5.0,19.5,0.5847088238924592,0.41529117610754085,909.090909090909
43,1,20,425.0,5.0,19.5,0.5825838676041909,0.4174161323958091,909.090909090909
44,1,20,435.0,5.0,19.5,0.5804713799061221,0.4195286200938779,909.090909090909
45,1,20,445.0,5.0,19.5,0.5783645356237171,0.42163546437628285,909.090909090909
46,1,20,455.0,5.0,19.5,0.576220906831167,0.423779093168833,909.090909090909
47,1,20,465.0,5.0,19.5,0.5739818357009244,0.4260181642990756,909.090909090909
48,1,20,475.0,5.0,19.5,0.5714897381883041,0.42851026181169594,909.090909090909
49,1,20,485.0,5.0,19.5,0.568336157113807,0.43166384288619297,909.090909090909
50,1,20,495.0,5.0,19.5,0.5627970180039411,0.4372029819960589,909.090909090909
1,2,20,5.0,15.0,19.5,0.7630998864910962,0.23690011350890383,909.090909090909
2,2,20,15.0,15.0,19.5,0.7570223306230036,0.24297766937699639,909.090909090909
3,2,20,25.0,15.0,19.5,0.7500083441014951,0.24999165589850492,909.090909090909
4,2,20,35.0,15.0,19.5,0.7427572870892647,0.2572427129107353,909.090909090909
5,2,20,45.0,15.0,19.5,0.7356430730358278,0.26435692696417223,909.090909090909
6,2,20,55.0,15.0,19.5,0.7288557036073368,0.27114429639266324,909.090909090909
7,2,20,65.0,15.0,19.5,0.7224290274293971,0.2775709725706029,909.090909090909
8,2,20,75.0,15.0,19.5,0.7163800732461335,0.2836199267538665,909.090909090909
9,2,20,85.0,15.0,19.5,0.7106846776639835,0.28931532233601653,909.090909090909
10,2,20,95.0,15.0,19.5,0.7053083553577062,0.2946916446422938,909.090909090909
11,2,20,105.0,15.0,19.5,0.7002198894942144,0.29978011050578557,909.090909090909
12,2,20,115.0,15.0,19.5,0.6953856613126727,0.30461433868732735,909.090909090909
13,2,20,125.0,15.0,19.5,0.6907804081186224,0.3092195918813776,909.090909090909
14,2,20,135.0,15.0,19.5,0.686383191581047,0.313616808418953,909.090909090909
15,2,20,145.0,15.0,19.5,0.6821729261709779,0.3178270738290221,909.090909090909
16,2,20,155.0,15.0,19.5,0.6781308032098545,0.3218691967901455,909.090909090909
17,2,20,165.0,15.0,19.5,0.6742403971692033,0.32575960283079675,909.090909090909
18,2,20,175.0,15.0,19.5,0.6704889592176039,0.3295110407823961,909.090909090909
19,2,20,185.0,15.0,19.5,0.6668704379880571,0.3331295620119429,909.090909090909
20,2,20,195.0,15.0,19.5,0.663367249382913,0.336632750617087,909.090909090909
21,2,20,205.0,15.0,19.5,0.6599687036285176,0.34003129637148244,909.090909090909
22,2,20,215.0,15.0,19.5,0.6566759529277938,0.3433240470722062,909.090909090909
23,2,20,225.0,15.0,19.5,0.6534755953673814,0.3465244046326186,909.090909090909
24,2,20,235.0,15.0,19.5,0.6503569376678007,0.34964306233219933,909.090909090909
25,2,20,245.0,15.0,19.5,0.6473262751512968,0.3526737248487032,909.090909090909
26,2,20,255.0,15.0,19.5,0.6443657865854063,0.35563421341459367,909.090909090909
27,2,20,265.0,15.0,19.5,0.6414764876817144,0.3585235123182856,909.090909090909
28,2,20,275.0,15.0,19.5,0.6386566772748314,0.36134332272516856,909.090909090909
29,2,20,285.0,15.0,19.5,0.6358933834728483,0.3641066165271517,909.090909090909
30,2,20,295.0,15.0,19.5,0.6331953585595194,0.36680464144048064,909.090909090909
31,2,20,305.0,15.0,19.5,0.6305440438741429,0.36945595612585713,909.090909090909
32,2,20,315.0,15.0,19.5,0.6279519821535475,0.3720480178464525,909.090909090909
33,2,20,325.0,15.0,19.5,0.6254004905490296,0.3745995094509704,909.090909090909
34,2,20,335.0,15.0,19.5,0.622903106474608,0.377096893525392,909.090909090909
35,2,20,345.0,15.0,19.5,0.6204423771820782,0.3795576228179218,909.090909090909
36,2,20,355.0,15.0,19.5,0.6180331307723366,0.38196686922766343,909.090909090909
37,2,20,365.0,15.0,19.5,0.6156585773372455,0.3843414226627545,909.090909090909
38,2,20,375.0,15.0,19.5,0.6133335254808658,0.38666647451913416,909.090909090909
39,2,20,385.0,15.0,19.5,0.6110419599606974,0.38895804003930257,909.090909090909
40,2,20,395.0,15.0,19.5,0.6087947544625093,0.3912052455374907,909.090909090909
41,2,20,405.0,15.0,19.5,0.6065738794358437,0.39342612056415627,909.090909090909
42,2,20,415.0,15.0,19.5,0.6043738560198971,0.3956261439801029,909.090909090909
43,2,20,425.0,15.0,19.5,0.602128140097951,0.397871859902049,909.090909090909
44,2,20,435.0,15.0,19.5,0.5997657610468079,0.4002342389531921,909.090909090909
45,2,20,445.0,15.0,19.5,0.5971496849856536,0.4028503150143464,909.090909090909
46,2,20,455.0,15.0,19.5,0.5940443516207639,0.40595564837923614,909.090909090909
47,2,20,465.0,15.0,19.5,0.5901274154905499,0.4098725845094501,909.090909090909
48,2,20,475.0,15.0,19.5,0.5850363913582396,0.4149636086417604,909.090909090909
49,2,20,485.0,15.0,19.5,0.5783995142296176,0.42160048577038245,909.090909090909
50,2,20,495.0,15.0,19.5,0.5688946552238044,0.43110534477619555,909.090909090909
1,3,20,5.0,25.0,19.5,0.7800584322416474,0.2199415677583526,909.090909090909
2,3,20,15.0,25.0,19.5,0.7735427534750574,0.2264572465249426,909.090909090909
3,3,20,25.0,25.0,19.5,0.7659522336053527,0.2340477663946473,909.090909090909
4,3,20,35.0,25.0,19.5,0.7581058096045873,0.2418941903954127,909.090909090909
5,3,20,45.0,25.0,19.5,0.7504173074480743,0.24958269255192567,909.090909090909
6,3,20,55.0,25.0,19.5,0.7431336909827816,0.2568663090172184,909.090909090909
7,3,20,65.0,25.0,19.5,0.7362792592284912,0.26372074077150875,909.090909090909
8,3,20,75.0,25.0,19.5,0.7298841045855649,0.27011589541443515,909.090909090909
9,3,20,85.0,25.0,19.5,0.7238991196256976,0.27610088037430236,909.090909090909
10,3,20,95.0,25.0,19.5,0.718265814419965,0.28173418558003505,909.090909090909
11,3,20,105.0,25.0,19.5,0.7129441257525406,0.2870558742474594,909.090909090909
12,3,20,115.0,25.0,19.5,0.7078995641670738,0.2921004358329262,909.090909090909
13,3,20,125.0,25.0,19.5,0.7030993661289163,0.2969006338710837,909.090909090909
14,3,20,135.0,25.0,19.5,0.6985147059661119,0.30148529403388813,909.090909090909
15,3,20,145.0,25.0,19.5,0.6941240417160737,0.30587595828392633,909.090909090909
16,3,20,155.0,25.0,19.5,0.689908909432416,0.310091090567584,909.090909090909
17,3,20,165.0,25.0,19.5,0.6858581779507031,0.31414182204929686,909.090909090909
18,3,20,175.0,25.0,19.5,0.6819579102681709,0.3180420897318291,909.090909090909
19,3,20,185.0,25.0,19.5,0.6781919581367226,0.3218080418632774,909.090909090909
20,3,20,195.0,25.0,19.5,0.6745477218470758,0.3254522781529242,909.090909090909
21,3,20,205.0,25.0,19.5,0.6710190609321289,0.32898093906787107,909.090909090909
22,3,20,215.0,25.0,19.5,0.6675998700757629,0.33240012992423706,909.090909090909
23,3,20,225.0,25.0,19.5,0.664273123122951,0.33572687687704905,909.090909090909
24,3,20,235.0,25.0,19.5,0.6610359546382049,0.33896404536179514,909.090909090909
25,3,20,245.0,25.0,19.5,0.6578880753174875,0.3421119246825125,909.090909090909
26,3,20,255.0,25.0,19.5,0.6548112733827186,0.3451887266172814,909.090909090909
27,3,20,265.0,25.0,19.5,0.6518118744775464,0.3481881255224536,909.090909090909
28,3,20,275.0,25.0,19.5,0.6488798704595964,0.3511201295404036,909.090909090909
29,3,20,285.0,25.0,19.5,0.6460077209711584,0.35399227902884156,909.090909090909
30,3,20,295.0,25.0,19.5,0.6432021199519414,0.35679788004805857,909.090909090909
31,3,20,305.0,25.0,19.5,0.6404445064428504,0.35955549355714955,909.090909090909
32,3,20,315.0,25.0,19.5,0.6377483722134935,0.36225162778650655,909.090909090909
33,3,20,325.0,25.0,19.5,0.6350942971970023,0.3649057028029977,909.090909090909
34,3,20,335.0,25.0,19.5,0.6324949059812855,0.36750509401871445,909.090909090909
35,3,20,345.0,25.0,19.5,0.6299337331212876,0.37006626687871236,909.090909090909
36,3,20,355.0,25.0,19.5,0.6274216151607801,0.3725783848392199,909.090909090909
37,3,20,365.0,25.0,19.5,0.6249458943978069,0.3750541056021931,909.090909090909
38,3,20,375.0,25.0,19.5,0.6225181652761816,0.37748183472381835,909.090909090909
39,3,20,385.0,25.0,19.5,0.6201257346998068,0.3798742653001932,909.090909090909
40,3,20,395.0,25.0,19.5,0.6177811944254644,0.3822188055745356,909.090909090909
41,3,20,405.0,25.0,19.5,0.6154681173574948,0.38453188264250515,909.090909090909
42,3,20,415.0,25.0,19.5,0.6131969165027275,0.38680308349727255,909.090909090909
43,3,20,425.0,25.0,19.5,0.610934446709432,0.389065553290568,909.090909090909
44,3,20,435.0,25.0,19.5,0.6085882271198386,0.3914117728801614,909.090909090909
45,3,20,445.0,25.0,19.5,0.6060750614695739,0.3939249385304261,909.090909090909
46,3,20,455.0,25.0,19.5,0.6031963828223947,0.39680361717760526,909.090909090909
47,3,20,465.0,25.0,19.5,0.5995416431873052,0.4004583568126948,909.090909090909
48,3,20,475.0,25.0,19.5,0.5944733610280515,0.4055266389719485,909.090909090909
49,3,20,485.0,25.0,19.5,0.587161714998264,0.412838285001736,909.090909090909
50,3,20,495.0,25.0,19.5,0.5759842215534936,0.4240157784465064,909.090909090909
1,4,20,5.0,35.0,19.5,0.790587737628445,0.20941226237155497,909.090909090909
2,4,20,15.0,35.0,19.5,0.7842903955656988,0.2157096044343012,909.090909090909
3,4,20,25.0,35.0,19.5,0.776487201002004,0.22351279899799603,909.090909090909
4,4,20,35.0,35.0,19.5,0.7682461716550741,0.23175382834492586,909.090909090909
5,4,20,45.0,35.0,19.5,0.7601315724126543,0.23986842758734572,909.090909090909
6,4,20,55.0,35.0,19.5,0.7525487486300607,0.24745125136993928,909.090909090909
7,4,20,65.0,35.0,19.5,0.7454691525212499,0.2545308474787501,909.090909090909
8,4,20,75.0,35.0,19.5,0.7388694975745563,0.26113050242544367,909.090909090909
9,4,20,85.0,35.0,19.5,0.7326646132053591,0.26733538679464086,909.090909090909
10,4,20,95.0,35.0,19.5,0.7268386937901545,0.27316130620984547,909.090909090909
11,4,20,105.0,35.0,19.5,0.7213487429499678,0.27865125705003224,909.090909090909
12,4,20,115.0,35.0,19.5,0.7161530619279306,0.2838469380720694,909.090909090909
13,4,20,125.0,35.0,19.5,0.7112171380193693,0.28878286198063075,909.090909090909
14,4,20,135.0,35.0,19.5,0.7065119472247836,0.2934880527752164,909.090909090909
15,4,20,145.0,35.0,19.5,0.7020125548255403,0.29798744517445974,909.090909090909
16,4,20,155.0,35.0,19.5,0.6976966314011305,0.3023033685988695,909.090909090909
17,4,20,165.0,35.0,19.5,0.6935437500379326,0.30645624996206744,909.090909090909
18,4,20,175.0,35.0,19.5,0.6895366275764262,0.3104633724235738,909.090909090909
19,4,20,185.0,35.0,19.5,0.6856644740170911,0.3143355259829089,909.090909090909
20,4,20,195.0,35.0,19.5,0.6819204149753099,0.31807958502469014,909.090909090909
21,4,20,205.0,35.0,19.5,0.6782875625402452,0.32171243745975475,909.090909090909
22,4,20,215.0,35.0,19.5,0.6747566833891719,0.32524331661082806,909.090909090909
23,4,20,225.0,35.0,19.5,0.6713268980411005,0.32867310195889954,909.090909090909
24,4,20,235.0,35.0,19.5,0.6679900010831763,0.3320099989168237,909.090909090909
25,4,20,245.0,35.0,19.5,0.6647325612753421,0.3352674387246579,909.090909090909
26,4,20,255.0,35.0,19.5,0.6615583508979831,0.3384416491020169,909.090909090909
27,4,20,265.0,35.0,19.5,0.6584601510008823,0.3415398489991177,909.090909090909
28,4,20,275.0,35.0,19.5,0.655425484539656,0.344574515460344,909.090909090909
29,4,20,285.0,35.0,19.5,0.6524647739245166,0.34753522607548337,909.090909090909
30,4,20,295.0,35.0,19.5,0.6495591503904584,0.3504408496095416,909.090909090909
31,4,20,305.0,35.0,19.5,0.6467138316064879,0.3532861683935121,909.090909090909
32,4,20,315.0,35.0,19.5,0.6439247687712505,0.3560752312287495,909.090909090909
33,4,20,325.0,35.0,19.5,0.6411838763249716,0.35881612367502835,909.090909090909
34,4,20,335.0,35.0,19.5,0.6384987556659961,0.3615012443340039,909.090909090909
35,4,20,345.0,35.0,19.5,0.635853912810051,0.364146087189949,909.090909090909
36,4,20,355.0,35.0,19.5,0.6332624432981012,0.3667375567018988,909.090909090909
37,4,20,365.0,35.0,19.5,0.6307070405481306,0.36929295945186935,909.090909090909
38,4,20,375.0,35.0,19.5,0.6282037173033784,0.37179628269662157,909.090909090909
39,4,20,385.0,35.0,19.5,0.625736809816162,0.374263190183838,909.090909090909
40,4,20,395.0,35.0,19.5,0.6233234517865404,0.37667654821345964,909.090909090909
41,4,20,405.0,35.0,19.5,0.6209492127048571,0.37905078729514285,909.090909090909
42,4,20,415.0,35.0,19.5,0.6186307308389427,0.3813692691610573,909.090909090909
43,4,20,425.0,35.0,19.5,0.6163553990350887,0.38364460096491126,909.090909090909
44,4,20,435.0,35.0,19.5,0.6141250118905164,0.3858749881094836,909.090909090909
45,4,20,445.0,35.0,19.5,0.6118272915529559,0.3881727084470441,909.090909090909
46,4,20,455.0,35.0,19.5,0.6093050368881117,0.39069496311188834,909.090909090909
47,4,20,465.0,35.0,19.5,0.6063041421099483,0.3936958578900517,909.090909090909
48,4,20,475.0,35.0,19.5,0.6021375296550907,0.3978624703449093,909.090909090909
49,4,20,485.0,35.0,19.5,0.595597802881693,0.40440219711830705,909.090909090909
50,4,20,495.0,35.0,19.5,0.5846686790931079,0.41533132090689207,909.090909090909
1,5,20,5.0,45.0,19.5,0.7978305296214036,0.20216947037859645,909.090909090909
2,5,20,15.0,45.0,19.5,0.792194726325701,0.20780527367429902,909.090909090909
3,5,20,25.0,45.0,19.5,0.7847086007829162,0.21529139921708385,909.090909090909
4,5,20,35.0,45.0,19.5,0.7763778083690913,0.22362219163090868,909.090909090909
5,5,20,45.0,45.0,19.5,0.7681673993763117,0.23183260062368827,909.090909090909
6,5,20,55.0,45.0,19.5,0.7602917196408905,0.23970828035910952,909.090909090909
7,5,20,65.0,45.0,19.5,0.7529553941924386,0.24704460580756138,909.090909090909
8,5,20,75.0,45.0,19.5,0.7461159891409355,0.25388401085906454,909.090909090909
9,5,20,85.0,45.0,19.5,0.7397606555720578,0.26023934442794217,909.090909090909
10,5,20,95.0,45.0,19.5,0.7338063416590598,0.2661936583409402,909.090909090909
11,5,20,105.0,45.0,19.5,0.7282030640361843,0.2717969359638157,909.090909090909
12,5,20,115.0,45.0,19.5,0.7229109892394594,0.2770890107605406,909.090909090909
13,5,20,125.0,45.0,19.5,0.7178891420550818,0.2821108579449182,909.090909090909
14,5,20,135.0,45.0,19.5,0.7131043039433445,0.28689569605665555,909.090909090909
15,5,20,145.0,45.0,19.5,0.7085294778707955,0.29147052212920455,909.090909090909
16,5,20,155.0,45.0,19.5,0.7041419104120109,0.2958580895879891,909.090909090909
17,5,20,165.0,45.0,19.5,0.6999220708992133,0.3000779291007867,909.090909090909
18,5,20,175.0,45.0,19.5,0.695857509813175,0.30414249018682504,909.090909090909
19,5,20,185.0,45.0,19.5,0.6919334364508377,0.3080665635491623,909.090909090909
20,5,20,195.0,45.0,19.5,0.6881347406544641,0.3118652593455359,909.090909090909
21,5,20,205.0,45.0,19.5,0.6844497821111725,0.31555021788882753,909.090909090909
22,5,20,215.0,45.0,19.5,0.6808726844667276,0.31912731553327245,909.090909090909
23,5,20,225.0,45.0,19.5,0.6774000867641339,0.3225999132358661,909.090909090909
24,5,20,235.0,45.0,19.5,0.6740144511965888,0.32598554880341124,909.090909090909
25,5,20,245.0,45.0,19.5,0.6707109725141499,0.3292890274858501,909.090909090909
26,5,20,255.0,45.0,19.5,0.6674939609753374,0.3325060390246626,909.090909090909
27,5,20,265.0,45.0,19.5,0.6643438446542151,0.33565615534578486,909.090909090909
28,5,20,275.0,45.0,19.5,0.6612624227366412,0.33873757726335885,909.090909090909
29,5,20,285.0,45.0,19.5,0.6582499756667977,0.34175002433320234,909.090909090909
30,5,20,295.0,45.0,19.5,0.6552896231018781,0.3447103768981219,909.090909090909
31,5,20,305.0,45.0,19.5,0.6523936457366876,0.34760635426331243,909.090909090909
32,5,20,315.0,45.0,19.5,0.6495432192429997,0.35045678075700026,909.090909090909
33,5,20,325.0,45.0,19.5,0.6467428385251691,0.3532571614748309,909.090909090909
34,5,20,335.0,45.0,19.5,0.64398783641425,0.35601216358575005,909.090909090909
35,5,20,345.0,45.0,19.5,0.6412698007949071,0.35873019920509286,909.090909090909
36,5,20,355.0,45.0,19.5,0.6385943656045951,0.36140563439540485,909.090909090909
37,5,20,365.0,45.0,19.5,0.6359453636613154,0.3640546363386846,909.090909090909
38,5,20,375.0,45.0,19.5,0.6333332759456428,0.3666667240543572,909.090909090909
39,5,20,385.0,45.0,19.5,0.6307390192982913,0.36926098070170865,909.090909090909
40,5,20,395.0,45.0,19.5,0.628175368805834,0.371824631194166,909.090909090909
41,5,20,405.0,45.0,19.5,0.6256226157177943,0.3743773842822057,909.090909090909
42,5,20,415.0,45.0,19.5,0.6230935118575814,0.37690648814241856,909.090909090909
43,5,20,425.0,45.0,19.5,0.6205681854127933,0.37943181458720665,909.090909090909
44,5,20,435.0,45.0,19.5,0.6180582825792682,0.3819417174207318,909.090909090909
45,5,20,445.0,45.0,19.5,0.6155376512480045,0.3844623487519955,909.090909090909
46,5,20,455.0,45.0,19.5,0.6129815869939959,0.38701841300600415,909.090909090909
47,5,20,465.0,45.0,19.5,0.6100968712706851,0.3899031287293149,909.090909090909
48,5,20,475.0,45.0,19.5,0.6062235249764173,0.3937764750235827,909.090909090909
49,5,20,485.0,45.0,19.5,0.5997450795495328,0.4002549204504672,909.090909090909
50,5,20,495.0,45.0,19.5,0.5880763861165148,0.4119236138834852,909.090909090909
1,6,20,5.0,55.0,19.5,0.7910159149134977,0.20898408508650235,909.090909090909
2,6,20,15.0,55.0,19.5,0.7850642190567565,0.2149357809432435,909.090909090909
3,6,20,25.0,55.0,19.5,0.7777149884515621,0.22228501154843794,909.090909090909
4,6,20,35.0,55.0,19.5,0.769834031990595,0.23016596800940503,909.090909090909
5,6,20,45.0,55.0,19.5,0.762047512406147,0.237952487593853,909.090909090909
6,6,20,55.0,55.0,19.5,0.7546110907386897,0.2453889092613103,909.090909090909
7,6,20,65.0,55.0,19.5,0.7476117493702156,0.2523882506297844,909.090909090909
8,6,20,75.0,55.0,19.5,0.7410474190803907,0.25895258091960927,909.090909090909
9,6,20,85.0,55.0,19.5,0.7348983169619718,0.26510168303802817,909.090909090909
10,6,20,95.0,55.0,19.5,0.7291057987824705,0.2708942012175295,909.090909090909
11,6,20,105.0,55.0,19.5,0.723629909554454,0.27637009044554595,909.090909090909
12,6,20,115.0,55.0,19.5,0.7184392484396046,0.2815607515603954,909.090909090909
13,6,20,125.0,55.0,19.5,0.7135004172176055,0.2864995827823945,909.090909090909
14,6,20,135.0,55.0,19.5,0.7087853532882236,0.29121464671177644,909.090909090909
15,6,20,145.0,55.0,19.5,0.7042703827735884,0.29572961722641156,909.090909090909
16,6,20,155.0,55.0,19.5,0.699935215516982,0.300064784483018,909.090909090909
17,6,20,165.0,55.0,19.5,0.6957656995875166,0.30423430041248345,909.090909090909
18,6,20,175.0,55.0,19.5,0.6917462809074038,0.30825371909259625,909.090909090909
19,6,20,185.0,55.0,19.5,0.6878616466004709,0.3121383533995291,909.090909090909
20,6,20,195.0,55.0,19.5,0.6840994594812334,0.3159005405187666,909.090909090909
21,6,20,205.0,55.0,19.5,0.680450266403274,0.319549733596726,909.090909090909
22,6,20,215.0,55.0,19.5,0.6769133214355462,0.32308667856445383,909.090909090909
23,6,20,225.0,55.0,19.5,0.6734711111996948,0.3265288888003052,909.090909090909
24,6,20,235.0,55.0,19.5,0.6701151375513241,0.3298848624486759,909.090909090909
25,6,20,245.0,55.0,19.5,0.6668502617777501,0.3331497382222499,909.090909090909
26,6,20,255.0,55.0,19.5,0.6636614531054287,0.3363385468945713,909.090909090909
27,6,20,265.0,55.0,19.5,0.6605410684571057,0.3394589315428943,909.090909090909
28,6,20,275.0,55.0,19.5,0.6574970622428894,0.3425029377571106,909.090909090909
29,6,20,285.0,55.0,19.5,0.6545100819941785,0.3454899180058215,909.090909090909
30,6,20,295.0,55.0,19.5,0.6515842109710814,0.34841578902891857,909.090909090909
31,6,20,305.0,55.0,19.5,0.6487159360978293,0.3512840639021707,909.090909090909
32,6,20,315.0,55.0,19.5,0.6458941701982418,0.3541058298017582,909.090909090909
33,6,20,325.0,55.0,19.5,0.6431292533114158,0.3568707466885842,909.090909090909
34,6,20,335.0,55.0,19.5,0.6404006289142339,0.3595993710857661,909.090909090909
35,6,20,345.0,55.0,19.5,0.6377199014486814,0.3622800985513186,909.090909090909
36,6,20,355.0,55.0,19.5,0.6350662524993222,0.36493374750067775,909.090909090909
37,6,20,365.0,55.0,19.5,0.6324502952251829,0.3675497047748171,909.090909090909
38,6,20,375.0,55.0,19.5,0.6298534784684326,0.37014652153156735,909.090909090909
39,6,20,385.0,55.0,19.5,0.6272821295128359,0.3727178704871641,909.090909090909
40,6,20,395.0,55.0,19.5,0.6247201163225755,0.3752798836774245,909.090909090909
41,6,20,405.0,55.0,19.5,0.6221668692179372,0.3778331307820628,909.090909090909
42,6,20,415.0,55.0,19.5,0.6196034747314015,0.38039652526859846,909.090909090909
43,6,20,425.0,55.0,19.5,0.6170157059389576,0.3829842940610424,909.090909090909
44,6,20,435.0,55.0,19.5,0.61436565920547,0.38563434079452996,909.090909090909
45,6,20,445.0,55.0,19.5,0.6115863802868582,0.3884136197131418,909.090909090909
46,6,20,455.0,55.0,19.5,0.608527984826883,0.391472015173117,909.090909090909
47,6,20,465.0,55.0,19.5,0.6048431143558233,0.3951568856441767,909.090909090909
48,6,20,475.0,55.0,19.5,0.5998065693434275,0.40019343065657254,909.090909090909
49,6,20,485.0,55.0,19.5,0.592068612385994,0.40793138761400605,909.090909090909
50,6,20,495.0,55.0,19.5,0.5786920944276002,0.42130790557239983,909.090909090909
1,7,20,5.0,65.0,19.5,0.7816324280016524,0.21836757199834755,909.090909090909
2,7,20,15.0,65.0,19.5,0.7755975985593992,0.22440240144060075,909.090909090909
3,7,20,25.0,65.0,19.5,0.7685002124444219,0.2314997875555781,909.090909090909
4,7,20,35.0,65.0,19.5,0.7610167452280545,0.23898325477194549,909.090909090909
5,7,20,45.0,65.0,19.5,0.7536371819184553,0.2463628180815447,909.090909090909
6,7,20,55.0,65.0,19.5,0.7465381313109016,0.25346186868909837,909.090909090909
7,7,20,65.0,65.0,19.5,0.7398363716597384,0.26016362834026163,909.090909090909
8,7,20,75.0,65.0,19.5,0.733523196659391,0.26647680334060897,909.090909090909
9,7,20,85.0,65.0,19.5,0.7275723284683522,0.2724276715316478,909.090909090909
10,7,20,95.0,65.0,19.5,0.721960802510961,0.27803919748903905,909.090909090909
11,7,20,105.0,65.0,19.5,0.7166507680582638,0.2833492319417362,909.090909090909
12,7,20,115.0,65.0,19.5,0.7116087316913409,0.28839126830865913,909.090909090909
13,7,20,125.0,65.0,19.5,0.706805905218394,0.29319409478160596,909.090909090909
14,7,20,135.0,65.0,19.5,0.7022179306987071,0.2977820693012929,909.090909090909
15,7,20,145.0,65.0,19.5,0.6978231138881492,0.3021768861118508,909.090909090909
16,7,20,155.0,65.0,19.5,0.6936024544547758,0.30639754554522425,909.090909090909
17,7,20,165.0,65.0,19.5,0.6895391398336305,0.31046086016636953,909.090909090909
18,7,20,175.0,65.0,19.5,0.6856206322542737,0.3143793677457263,909.090909090909
19,7,20,185.0,65.0,19.5,0.6818384934262255,0.3181615065737745,909.090909090909
20,7,20,195.0,65.0,19.5,0.6781754577213542,0.32182454227864576,909.090909090909
21,7,20,205.0,65.0,19.5,0.6746208679130629,0.32537913208693714,909.090909090909
22,7,20,215.0,65.0,19.5,0.6711713721619069,0.3288286278380931,909.090909090909
23,7,20,225.0,65.0,19.5,0.6678208927350916,0.3321791072649084,909.090909090909
24,7,20,235.0,65.0,19.5,0.6645533101809245,0.33544668981907555,909.090909090909
25,7,20,245.0,65.0,19.5,0.6613698466311901,0.33863015336880986,909.090909090909
26,7,20,255.0,65.0,19.5,0.6582660944565331,0.34173390554346694,909.090909090909
27,7,20,265.0,65.0,19.5,0.655226746776641,0.34477325322335906,909.090909090909
28,7,20,275.0,65.0,19.5,0.6522613586565319,0.3477386413434681,909.090909090909
29,7,20,285.0,65.0,19.5,0.6493526647704461,0.35064733522955394,909.090909090909
30,7,20,295.0,65.0,19.5,0.646501822815476,0.35349817718452403,909.090909090909
31,7,20,305.0,65.0,19.5,0.6437077667570262,0.35629223324297377,909.090909090909
32,7,20,315.0,65.0,19.5,0.6409574712974999,0.3590425287025001,909.090909090909
33,7,20,325.0,65.0,19.5,0.6382599375994342,0.3617400624005658,909.090909090909
34,7,20,335.0,65.0,19.5,0.6355967544657859,0.3644032455342141,909.090909090909
35,7,20,345.0,65.0,19.5,0.6329813404915652,0.3670186595084348,909.090909090909
36,7,20,355.0,65.0,19.5,0.6303887375381724,0.3696112624618276,909.090909090909
37,7,20,365.0,65.0,19.5,0.6278302227837437,0.3721697772162563,909.090909090909
38,7,20,375.0,65.0,19.5,0.6252837104012259,0.3747162895987741,909.090909090909
39,7,20,385.0,65.0,19.5,0.6227571179701735,0.3772428820298265,909.090909090909
40,7,20,395.0,65.0,19.5,0.6202246789732541,0.37977532102674594,909.090909090909
41,7,20,405.0,65.0,19.5,0.6176856452292493,0.3823143547707507,909.090909090909
42,7,20,415.0,65.0,19.5,0.6151020566781095,0.38489794332189053,909.090909090909
43,7,20,425.0,65.0,19.5,0.6124483723416208,0.38755162765837925,909.090909090909
44,7,20,435.0,65.0,19.5,0.6096445387938605,0.3903554612061395,909.090909090909
45,7,20,445.0,65.0,19.5,0.6065743259633601,0.39342567403663986,909.090909090909
46,7,20,455.0,65.0,19.5,0.6030000037284059,0.3969999962715941,909.090909090909
47,7,20,465.0,65.0,19.5,0.5984882846511953,0.4015117153488047,909.090909090909
48,7,20,475.0,65.0,19.5,0.5923187224683389,0.40768127753166106,909.090909090909
49,7,20,485.0,65.0,19.5,0.5833850226225902,0.4166149773774098,909.090909090909
50,7,20,495.0,65.0,19.5,0.5689035352419007,0.43109646475809926,909.090909090909
1,8,20,5.0,75.0,19.5,0.7678762123962943,0.23212378760370567,909.090909090909
2,8,20,15.0,75.0,19.5,0.7622749344744051,0.23772506552559491,909.090909090909
3,8,20,25.0,75.0,19.5,0.7556752334576621,0.24432476654233792,909.090909090909
4,8,20,35.0,75.0,19.5,0.7487525498363561,0.2512474501636439,909.090909090909
5,8,20,45.0,75.0,19.5,0.7418585254910911,0.2581414745089089,909.090909090909
6,8,20,55.0,75.0,19.5,0.7352155688706179,0.2647844311293821,909.090909090909
7,8,20,65.0,75.0,19.5,0.7288957904187429,0.27110420958125714,909.090909090909
8,8,20,75.0,75.0,19.5,0.7229049079836448,0.2770950920163552,909.090909090909
9,8,20,85.0,75.0,19.5,0.7172431017854457,0.2827568982145543,909.090909090909
10,8,20,95.0,75.0,19.5,0.7118848050861889,0.2881151949138111,909.090909090909
11,8,20,105.0,75.0,19.5,0.7068007509605047,0.29319924903949535,909.090909090909
12,8,20,115.0,75.0,19.5,0.7019643707266277,0.29803562927337235,909.090909090909
13,8,20,125.0,75.0,19.5,0.6973512162816644,0.3026487837183356,909.090909090909
14,8,20,135.0,75.0,19.5,0.6929395088505206,0.3070604911494794,909.090909090909
15,8,20,145.0,75.0,19.5,0.6887097140506393,0.3112902859493607,909.090909090909
16,8,20,155.0,75.0,19.5,0.6846443644465692,0.3153556355534308,909.090909090909
17,8,20,165.0,75.0,19.5,0.6807308776704746,0.3192691223295254,909.090909090909
18,8,20,175.0,75.0,19.5,0.6769588067324596,0.32304119326754044,909.090909090909
19,8,20,185.0,75.0,19.5,0.6733108448245377,0.32668915517546226,909.090909090909
20,8,20,195.0,75.0,19.5,0.6697761438448324,0.3302238561551676,909.090909090909
21,8,20,205.0,75.0,19.5,0.6663522037978783,0.3336477962021217,909.090909090909
22,8,20,215.0,75.0,19.5,0.6630292269923121,0.33697077300768785,909.090909090909
23,8,20,225.0,75.0,19.5,0.6597926763803437,0.34020732361965633,909.090909090909
24,8,20,235.0,75.0,19.5,0.6566456205215666,0.3433543794784334,909.090909090909
25,8,20,245.0,75.0,19.5,0.6535784907147868,0.3464215092852132,909.090909090909
26,8,20,255.0,75.0,19.5,0.6505798148807314,0.34942018511926864,909.090909090909
27,8,20,265.0,75.0,19.5,0.647657805923774,0.352342194076226,909.090909090909
28,8,20,275.0,75.0,19.5,0.6447923847810129,0.35520761521898714,909.090909090909
29,8,20,285.0,75.0,19.5,0.641990981888535,0.358009018111465,909.090909090909
30,8,20,295.0,75.0,19.5,0.6392429959851699,0.36075700401483013,909.090909090909
31,8,20,305.0,75.0,19.5,0.6365450191146034,0.36345498088539663,909.090909090909
32,8,20,315.0,75.0,19.5,0.633897008307807,0.36610299169219296,909.090909090909
33,8,20,325.0,75.0,19.5,0.6312867111326689,0.3687132888673311,909.090909090909
34,8,20,335.0,75.0,19.5,0.6287194058335542,0.37128059416644577,909.090909090909
35,8,20,345.0,75.0,19.5,0.6261808961267726,0.37381910387322737,909.090909090909
36,8,20,355.0,75.0,19.5,0.6236804636445741,0.3763195363554259,909.090909090909
37,8,20,365.0,75.0,19.5,0.621196375129687,0.37880362487031305,909.090909090909
38,8,20,375.0,75.0,19.5,0.6187322903915848,0.38126770960841516,909.090909090909
39,8,20,385.0,75.0,19.5,0.6162661572660978,0.3837338427339022,909.090909090909
40,8,20,395.0,75.0,19.5,0.6137929898755898,0.38620701012441017,909.090909090909
41,8,20,405.0,75.0,19.5,0.6112799648536407,0.38872003514635933,909.090909090909
42,8,20,415.0,75.0,19.5,0.6087002836035965,0.3912997163964035,909.090909090909
43,8,20,425.0,75.0,19.5,0.6059855336942139,0.39401446630578607,909.090909090909
44,8,20,435.0,75.0,19.5,0.6030471246990182,0.3969528753009818,909.090909090909
45,8,20,445.0,75.0,19.5,0.5997101330117321,0.40028986698826785,909.090909090909
46,8,20,455.0,75.0,19.5,0.5957138646412564,0.4042861353587436,909.090909090909
47,8,20,465.0,75.0,19.5,0.5906479446113958,0.4093520553886042,909.090909090909
48,8,20,475.0,75.0,19.5,0.583966239263021,0.41603376073697895,909.090909090909
49,8,20,485.0,75.0,19.5,0.5749092629402746,0.42509073705972544,909.090909090909
50,8,20,495.0,75.0,19.5,0.5610673583796754,0.43893264162032464,909.090909090909
1,9,20,5.0,85.0,19.5,0.7474038246143256,0.25259617538567436,909.090909090909
2,9,20,15.0,85.0,19.5,0.7425555975989544,0.2574444024010456,909.090909090909
3,9,20,25.0,85.0,19.5,0.7367351071526013,0.26326489284739873,909.090909090909
4,9,20,35.0,85.0,19.5,0.7305403208177382,0.26945967918226177,909.090909090909
5,9,20,45.0,85.0,19.5,0.7243247355561804,0.2756752644438196,909.090909090909
6,9,20,55.0,85.0,19.5,0.718261669343836,0.28173833065616405,909.090909090909
7,9,20,65.0,85.0,19.5,0.7124413177353569,0.2875586822646431,909.090909090909
8,9,20,75.0,85.0,19.5,0.7068944317503684,0.29310556824963163,909.090909090909
9,9,20,85.0,85.0,19.5,0.7016194112207372,0.29838058877926277,909.090909090909
10,9,20,95.0,85.0,19.5,0.6966020019509115,0.3033979980490885,909.090909090909
11,9,20,105.0,85.0,19.5,0.6918235195313971,0.3081764804686029,909.090909090909
12,9,20,115.0,85.0,19.5,0.6872641420060147,0.3127358579939853,909.090909090909
13,9,20,125.0,85.0,19.5,0.6829044572841979,0.3170955427158021,909.090909090909
14,9,20,135.0,85.0,19.5,0.6787264685423547,0.32127353145764526,909.090909090909
15,9,20,145.0,85.0,19.5,0.6747135164584994,0.3252864835415006,909.090909090909
16,9,20,155.0,85.0,19.5,0.6708538872582912,0.3291461127417088,909.090909090909
17,9,20,165.0,85.0,19.5,0.6671361104498916,0.33286388955010837,909.090909090909
18,9,20,175.0,85.0,19.5,0.6635437778795641,0.3364562221204359,909.090909090909
19,9,20,185.0,85.0,19.5,0.6600662731905383,0.33993372680946166,909.090909090909
20,9,20,195.0,85.0,19.5,0.6567031360872,0.3432968639128,909.090909090909
21,9,20,205.0,85.0,19.5,0.6534395803344875,0.34656041966551254,909.090909090909
22,9,20,215.0,85.0,19.5,0.65026491566627,0.34973508433373,909.090909090909
23,9,20,225.0,85.0,19.5,0.6471838333495419,0.3528161666504581,909.090909090909
24,9,20,235.0,85.0,19.5,0.6441796298995348,0.3558203701004652,909.090909090909
25,9,20,245.0,85.0,19.5,0.6412497969779325,0.3587502030220675,909.090909090909
26,9,20,255.0,85.0,19.5,0.6383953253953015,0.3616046746046985,909.090909090909
27,9,20,265.0,85.0,19.5,0.6355995075442182,0.36440049245578177,909.090909090909
28,9,20,275.0,85.0,19.5,0.6328719057625147,0.36712809423748527,909.090909090909
29,9,20,285.0,85.0,19.5,0.6301929533130562,0.36980704668694375,909.090909090909
30,9,20,295.0,85.0,19.5,0.6275731797497538,0.3724268202502462,909.090909090909
31,9,20,305.0,85.0,19.5,0.6249945746562445,0.37500542534375547,909.090909090909
32,9,20,315.0,85.0,19.5,0.6224656014462036,0.37753439855379645,909.090909090909
33,9,20,325.0,85.0,19.5,0.6199701107853811,0.3800298892146189,909.090909090909
34,9,20,335.0,85.0,19.5,0.6175164722998111,0.3824835277001889,909.090909090909
35,9,20,345.0,85.0,19.5,0.6150885474175553,0.38491145258244475,909.090909090909
36,9,20,355.0,85.0,19.5,0.61269756803938,0.38730243196062,909.090909090909
37,9,20,365.0,85.0,19.5,0.6103195787724774,0.38968042122752256,909.090909090909
38,9,20,375.0,85.0,19.5,0.6079578848855614,0.39204211511443865,909.090909090909
39,9,20,385.0,85.0,19.5,0.6055847925814853,0.39441520741851466,909.090909090909
40,9,20,395.0,85.0,19.5,0.6031944600237548,0.39680553997624524,909.090909090909
41,9,20,405.0,85.0,19.5,0.6007438760947029,0.3992561239052971,909.090909090909
42,9,20,415.0,85.0,19.5,0.5982009641915724,0.4017990358084276,909.090909090909
43,9,20,425.0,85.0,19.5,0.5954840306230629,0.4045159693769371,909.090909090909
44,9,20,435.0,85.0,19.5,0.592498804795812,0.40750119520418804,909.090909090909
45,9,20,445.0,85.0,19.5,0.5890822211377852,0.4109177788622148,909.090909090909
46,9,20,455.0,85.0,19.5,0.5850323075399749,0.4149676924600251,909.090909090909
47,9,20,465.0,85.0,19.5,0.5801039571332558,0.4198960428667442,909.090909090909
48,9,20,475.0,85.0,19.5,0.5740133647575983,0.42598663524240166,909.090909090909
49,9,20,485.0,85.0,19.5,0.5662944457724881,0.4337055542275119,909.090909090909
50,9,20,495.0,85.0,19.5,0.5546936827768321,0.44530631722316794,909.090909090909
1,10,20,5.0,95.0,19.5,0.710816160004012,0.28918383999598796,909.090909090909
2,10,20,15.0,95.0,19.5,0.7069763090578431,0.29302369094215686,909.090909090909
3,10,20,25.0,95.0,19.5,0.7022326246396068,0.2977673753603932,909.090909090909
4,10,20,35.0,95.0,19.5,0.6970685191183813,0.3029314808816187,909.090909090909
5,10,20,45.0,95.0,19.5,0.6917856077251876,0.3082143922748124,909.090909090909
6,10,20,55.0,95.0,19.5,0.6865564701982935,0.31344352980170653,909.090909090909
7,10,20,65.0,95.0,19.5,0.6814703313523711,0.3185296686476289,909.090909090909
8,10,20,75.0,95.0,19.5,0.6765676501334402,0.3234323498665598,909.090909090909
9,10,20,85.0,95.0,19.5,0.6718614677725866,0.3281385322274134,909.090909090909
10,10,20,95.0,95.0,19.5,0.6673500249874534,0.33264997501254656,909.090909090909
11,10,20,105.0,95.0,19.5,0.6630246050361943,0.3369753949638057,909.090909090909
12,10,20,115.0,95.0,19.5,0.6588730194741927,0.34112698052580726,909.090909090909
13,10,20,125.0,95.0,19.5,0.6548822040665744,0.3451177959334256,909.090909090909
14,10,20,135.0,95.0,19.5,0.6510431412753546,0.34895685872464544,909.090909090909
15,10,20,145.0,95.0,19.5,0.6473430453249717,0.35265695467502833,909.090909090909
16,10,20,155.0,95.0,19.5,0.643768489055812,0.35623151094418803,909.090909090909
17,10,20,165.0,95.0,19.5,0.6403095420822416,0.35969045791775844,909.090909090909
18,10,20,175.0,95.0,19.5,0.6369644347257705,0.36303556527422953,909.090909090909
19,10,20,185.0,95.0,19.5,0.6337182472630455,0.3662817527369545,909.090909090909
20,10,20,195.0,95.0,19.5,0.6305635344526269,0.3694364655473731,909.090909090909
21,10,20,205.0,95.0,19.5,0.6275022514361474,0.37249774856385265,909.090909090909
22,10,20,215.0,95.0,19.5,0.6245180986347512,0.37548190136524884,909.090909090909
23,10,20,225.0,95.0,19.5,0.6216116074022151,0.3783883925977849,909.090909090909
24,10,20,235.0,95.0,19.5,0.6187779089319106,0.38122209106808935,909.090909090909
25,10,20,245.0,95.0,19.5,0.6160078584889471,0.3839921415110529,909.090909090909
26,10,20,255.0,95.0,19.5,0.6133059084564733,0.38669409154352674,909.090909090909
27,10,20,265.0,95.0,19.5,0.61065677433109,0.38934322566891,909.090909090909
28,10,20,275.0,95.0,19.5,0.6080676867188591,0.39193231328114086,909.090909090909
29,10,20,285.0,95.0,19.5,0.605522361715888,0.394477638284112,909.090909090909
30,10,20,295.0,95.0,19.5,0.6030291123859509,0.3969708876140491,909.090909090909
31,10,20,305.0,95.0,19.5,0.6005721443954986,0.39942785560450145,909.090909090909
32,10,20,315.0,95.0,19.5,0.5981608997782998,0.4018391002217002,909.090909090909
33,10,20,325.0,95.0,19.5,0.5957795231815423,0.40422047681845774,909.090909090909
34,10,20,335.0,95.0,19.5,0.5934359953062144,0.4065640046937856,909.090909090909
35,10,20,345.0,95.0,19.5,0.5911152220555288,0.4088847779444712,909.090909090909
36,10,20,355.0,95.0,19.5,0.5888223819248689,0.4111776180751311,909.090909090909
37,10,20,365.0,95.0,19.5,0.5865540175711496,0.41344598242885044,909.090909090909
38,10,20,375.0,95.0,19.5,0.5843138024939262,0.41568619750607383,909.090909090909
39,10,20,385.0,95.0,19.5,0.5820950742942095,0.4179049257057905,909.090909090909
40,10,20,395.0,95.0,19.5,0.5798933133639586,0.42010668663604145,909.090909090909
41,10,20,405.0,95.0,19.5,0.5777074712068997,0.4222925287931003,909.090909090909
42,10,20,415.0,95.0,19.5,0.575522396611489,0.42447760338851104,909.090909090909
43,10,20,425.0,95.0,19.5,0.5733357655847878,0.4266642344152122,909.090909090909
44,10,20,435.0,95.0,19.5,0.5711195097658542,0.42888049023414576,909.090909090909
45,10,20,445.0,95.0,19.5,0.568850898887622,0.43114910111237803,909.090909090909
46,10,20,455.0,95.0,19.5,0.5664692271780792,0.43353077282192076,909.090909090909
47,10,20,465.0,95.0,19.5,0.5638755214582225,0.4361244785417775,909.090909090909
48,10,20,475.0,95.0,19.5,0.5608441438328265,0.43915585616717345,909.090909090909
49,10,20,485.0,95.0,19.5,0.5567912712232751,0.4432087287767249,909.090909090909
50,10,20,495.0,95.0,19.5,0.549133400356011,0.450866599643989,909.090909090909
